target,prediction
0,0.13686734999427486
0,0.10341705006816469
0,0.1311776213350986
0,0.20747513350064867
1,0.16758678680498296
0,0.14711701967279184
1,0.5653521095423117
0,0.13310351545858823
0,0.15581169778487924
0,0.17961157870270483
0,0.11131549449050294
0,0.12116477368746804
1,0.1767938148925281
0,0.25775525506899927
1,0.7789198997937082
0,0.12846543810601363
0,0.16430381219717402
1,0.19992949748371816
0,0.09725426817076978
0,0.13154219391901026
0,0.19542510044341382
0,0.48433502966085323
0,0.291328440159556
1,0.6827706737162537
0,0.09644300459381829
0,0.4793808470629968
0,0.08556771916990219
0,0.13710308900915827
0,0.1017717152138014
1,0.7437077086072253
1,0.15071071057939028
1,0.5836194744923034
0,0.14156468530761177
0,0.11780910030189992
0,0.14088090808398354
1,0.8658437112633771
0,0.0974020416615077
0,0.12084347483846329
0,0.1288191653233063
1,0.9140397214573418
1,0.6531955140559136
1,0.7481916652043892
1,0.1543751348028344
0,0.11671357725022546
0,0.11463206990467639
0,0.10125087131055036
0,0.1138912562219066
0,0.12385781235224873
0,0.15713603326326064
0,0.5858177526587016
0,0.14828173267221678
0,0.15506266864462834
0,0.16410226417901017
0,0.12530671892064602
1,0.8245534491947096
0,0.0920047618642679
0,0.12316174995970386
0,0.4488292845791278
0,0.3217488463285069
0,0.06003096653922263
0,0.1826829080458036
0,0.10292114931133865
1,0.9460658200657903
0,0.14654401280171966
1,0.7722317447300573
0,0.14789236529144964
1,0.9464134665885175
0,0.16756766423632335
0,0.08901241077854188
0,0.31720428286994823
1,0.1481885986121193
0,0.177411076255164
0,0.14654695623796501
1,0.23987476800689647
0,0.07445633528293201
0,0.17595282768286916
0,0.08368646510159751
0,0.14176270087070222
0,0.11185925389506902
0,0.1068880542779967
0,0.19603938341049498
0,0.27115523770298783
0,0.16124565314375144
0,0.11164038909943816
0,0.14831310360048383
1,0.848977566093766
0,0.0727892750650964
0,0.6746415552946069
0,0.18768037327817938
1,0.6036577865281583
1,0.9674844147481422
0,0.2834159468798122
0,0.13002055969712226
0,0.13162409457172153
1,0.2971086605679726
1,0.44313690797994454
1,0.21370543940363448
1,0.7188069879136202
0,0.43071644547787674
0,0.12807557638201975
0,0.07560223444094248
1,0.36051914308512323
0,0.14089513423888986
0,0.10408968516894113
0,0.1253629638588816
0,0.23785123756946228
0,0.10633370437291034
0,0.6710127167143358
1,0.2024644185907654
1,0.15464016747921425
0,0.08776719481530469
0,0.1305397863207235
1,0.7464597822398283
1,0.09475104605856356
1,0.390289444699977
0,0.11457283246954846
0,0.13713691183015753
1,0.09018228554854746
0,0.11557899272021122
1,0.5864954178331059
0,0.13366686328081742
0,0.12666307674295793
0,0.11058806197117528
0,0.10752697539764107
0,0.605556583869848
0,0.121470792851395
0,0.25768633034162575
0,0.06965253047481787
0,0.08479572649751772
0,0.24228125268598014
0,0.11849884788365699
1,0.110174442580415
0,0.11178494649575031
1,0.950978846641885
1,0.6666697210901518
0,0.27875179229262886
0,0.09290647936480373
0,0.09652558360910583
0,0.07437100270431976
0,0.15910658989506044
0,0.08659670483732823
0,0.09972201310367436
0,0.15755228647909733
0,0.1441442908655419
0,0.09379749580865492
0,0.0906511078069197
1,0.5556514128187583
0,0.7306633094095273
1,0.19717057134209734
1,0.6626888714603459
0,0.15398054869029149
0,0.18319581651410144
0,0.2536095280401879
0,0.14422433564489665
0,0.11975282171776146
0,0.10561480250973271
0,0.06532211704371803
0,0.06619311027229652
0,0.10397254146937338
0,0.29728798036220777
1,0.5636229294515844
0,0.23177933445470952
1,0.23598425429347625
0,0.3939148694240215
0,0.07640143457785009
1,0.28939428582143983
0,0.1471751524996625
0,0.09931114112954739
0,0.09817653436852156
0,0.07952277580481104
0,0.09941925356988515
0,0.27930617817584236
0,0.091203817263732
1,0.5192843602408461
0,0.28852842834370046
0,0.10982449820978435
1,0.7585774161763374
0,0.0958382369362123
1,0.12067864926428284
0,0.08649102065233374
0,0.08550527368174733
0,0.2804983516304892
0,0.11477544322103288
1,0.49446711467034565
1,0.9249981889186151
0,0.11699991442945011
0,0.09289101186977677
0,0.12531187749390002
0,0.12401235076630715
0,0.22986020292153958
0,0.07270416227540608
0,0.0925917871899046
0,0.18823605422682413
0,0.0993096608383065
1,0.765669323062338
0,0.12543696086697834
1,0.5825191844779756
0,0.10902945073207164
0,0.1466867991068381
1,0.33163857542519404
0,0.11488453127059192
1,0.7980674429811715
0,0.11290107971353176
1,0.7831987043281589
0,0.09911115726026241
0,0.12038741256450539
0,0.11475057235413658
1,0.8113681341194561
1,0.3856860182454472
0,0.09485050904483537
0,0.15146238537638015
1,0.3223228847707114
0,0.4546823748973933
0,0.17445323418754158
0,0.09267161151458465
0,0.0998547860749498
0,0.22981566289546795
1,0.2060403936934383
0,0.10841442569302814
1,0.46048230842791155
0,0.16075050640524263
1,0.18447833217096699
0,0.09668908820587621
0,0.20104406299417812
0,0.5161851881151623
0,0.513627232226197
0,0.13182743353980983
0,0.10279641066849954
0,0.10009480057647323
0,0.63041101651846
0,0.31864459308973825
0,0.19203013474316336
0,0.14592011126958052
0,0.1438971909593958
1,0.8453086829855254
0,0.15544939878519531
1,0.9764594220490891
0,0.2996265831971047
0,0.10191387871371367
0,0.12815369407802651
0,0.091422390191694
1,0.19416724939626065
1,0.23348829835118573
1,0.6604043811285577
0,0.0958382369362123
0,0.6299954043571849
0,0.07104558001888019
0,0.1448332048750635
0,0.09647261654052947
0,0.10236994644525728
0,0.11775728932124292
0,0.09829644450956902
1,0.19756712096451182
0,0.09191686157001216
0,0.08874391193951778
0,0.1162675822569618
0,0.12778181913532238
0,0.16919313968328242
0,0.09519700499486304
0,0.1572210545490289
0,0.12644194395475392
1,0.7616752600711717
0,0.1128398899699479
0,0.15643742266471664
0,0.5523903635053715
0,0.35414065221760554
0,0.18156001143824382
0,0.11651909172724681
0,0.21080623704570434
0,0.14563369281838323
1,0.695475385684625
0,0.09131432813017468
1,0.9217216890009851
1,0.7482860683381717
1,0.13558499158941342
1,0.1535253709671294
0,0.16184671767495976
0,0.11070229917366177
0,0.10847017750101084
0,0.10543414313800945
0,0.13498741631850517
0,0.0881153356659735
1,0.9385769381861179
1,0.9201008175342741
0,0.07274422600935068
0,0.32016101752456605
0,0.10476212111703471
1,0.36031280543620253
0,0.17992386829831705
1,0.469196775003066
0,0.08084604671346556
1,0.8117853966167509
0,0.12275633012835328
1,0.9908594250657927
0,0.10144947427856191
1,0.2052280650247458
0,0.1298907239886228
0,0.12787969957149264
0,0.11725859185999535
1,0.9684556702355992
0,0.12842814138722064
1,0.14807702697342956
0,0.109900977771681
0,0.17762084915812906
0,0.20174149434254302
0,0.10941165731765501
0,0.10992224109626882
1,0.6750764011913222
1,0.641330539911453
0,0.23760895918195474
0,0.1423771683415673
0,0.1164560402950255
1,0.9076357951301017
0,0.11224877430604731
0,0.13407591811331987
1,0.18365508194791505
0,0.09698559110900977
0,0.09260178535021915
1,0.9341829849519792
0,0.11881833745381536
0,0.0762241383348257
1,0.9361969968402122
1,0.8521246582119361
0,0.10501089464252472
1,0.8581188420419188
0,0.13326581208823812
0,0.10209509309997235
0,0.6734777351791604
1,0.6416473514733201
0,0.22964288348496856
0,0.2141874404985392
0,0.1249701391838944
0,0.17251293339186116
0,0.08642649723449167
1,0.7249132355421323
1,0.9108254073327259
0,0.1858571388813427
1,0.6769989010551932
0,0.07992028906367571
1,0.6735384773886031
0,0.1558272965463878
0,0.08870529247729061
1,0.4126692876823971
1,0.6092101633641409
0,0.09718847085981708
0,0.6237802877320021
0,0.3853690157501335
0,0.09138682962827797
0,0.19595627294989623
1,0.7777587183220599
0,0.16233404406026786
1,0.6747444851660204
0,0.24547320164547262
0,0.11050907255574649
0,0.1695291422054187
0,0.12354623448139211
1,0.45714954651361067
1,0.7275225100117347
0,0.08664983608819934
1,0.633803735238816
0,0.18495995851546995
1,0.729824529694629
1,0.5785831879879686
0,0.13656645086615857
0,0.08971326143417026
0,0.1196101952727883
0,0.1278758977457838
0,0.09856680886118335
0,0.08848287643485324
0,0.1291714322737578
0,0.46630559494081053
1,0.9029938590700743
0,0.09609714252638787
0,0.10759798208411156
0,0.18260903039477117
0,0.09489191880088742
0,0.11267964603062819
0,0.1129401184324585
0,0.5843801466240431
0,0.2333010096440701
1,0.7929211721700905
1,0.9526514418660859
0,0.11365749264946096
0,0.1583933143287999
0,0.19601906055605756
0,0.1301836264518222
0,0.18893377071762435
0,0.09704241495788743
1,0.2554752809881802
1,0.6528855210590111
0,0.2720764081762468
1,0.1866702897847124
1,0.9168200910862814
0,0.20159389910317746
0,0.19388686093570603
0,0.10798117044298496
0,0.1371199568792567
0,0.10605995675806798
0,0.09945370708344134
1,0.2054094334535791
1,0.3265105297430864
0,0.15569452017900481
0,0.11604421078641206
0,0.11270999515131297
1,0.6512027104899483
1,0.9573619521135439
0,0.19610235058539
0,0.11647255733117594
1,0.36473750229994795
0,0.09443579437377592
0,0.1126051699915109
0,0.09133483932158926
0,0.17960551666619862
0,0.10334576083693725
0,0.09019303834669505
1,0.7918117817536747
0,0.3517271193477108
0,0.18833746078275462
1,0.7650276109559727
0,0.11860076741031586
0,0.1973626712528414
0,0.131900859867971
0,0.26347182120394147
0,0.09553388427243813
1,0.71843059012108
0,0.13838725865707394
1,0.751517128634819
0,0.10914579747843169
0,0.11277165190472617
0,0.25042847925878003
0,0.09474853967081788
0,0.14421746164325727
0,0.10721516744673641
1,0.9234169148100034
0,0.16815499471442732
0,0.13115127838586965
0,0.09160168338458538
0,0.20501582321190767
1,0.3515560302810401
1,0.5549872314261405
0,0.12716750789332826
1,0.7263195707749899
1,0.5612848407171317
0,0.08355835979544568
1,0.7402241554999913
0,0.4975575074053832
0,0.1609842571085183
0,0.856891330347752
0,0.1437022411580083
0,0.09997700924713701
0,0.09744275559052912
0,0.110791153955862
0,0.09992750031855097
1,0.913247740747462
0,0.11025172462121335
0,0.12010232123395706
1,0.1441175853363048
1,0.5035657775065651
1,0.23655917677613889
0,0.17488695616893865
1,0.21276807227491293
0,0.1473004893643748
1,0.957570523194047
0,0.1494338197790222
1,0.5993175097943781
0,0.49159197772831636
0,0.13733155085236046
0,0.30963088703029895
0,0.09985188099254491
0,0.18851085461922013
0,0.1092154593622384
0,0.14588796528318657
0,0.22249189052877869
0,0.12753320413114502
0,0.17201861322010528
1,0.9764594220490891
0,0.10653150472267739
1,0.7604894365144248
1,0.5243614467616139
0,0.1434879708937562
0,0.1184488594079501
0,0.09941641733028421
0,0.1308756353509359
0,0.11382670165957631
0,0.12601776157206523
0,0.1279838092168798
0,0.20048402998087214
0,0.1000110602631083
0,0.23908452850871337
0,0.12140696672428351
1,0.891634689052594
1,0.13589243302881468
0,0.11142242812504904
0,0.1071071256661788
0,0.16359592072999948
1,0.5874145987454306
0,0.1552057106327975
0,0.07020061261177052
0,0.1414866566728233
0,0.11139621538128558
0,0.0827915991246368
0,0.0977277481802287
1,0.14028349331461215
0,0.13807489538778908
1,0.7623782482771567
0,0.09319822901565336
0,0.10664118863615102
1,0.6568067070471597
1,0.18213238514238492
1,0.7980232997649827
0,0.6961799032956919
0,0.14909504595496664
1,0.12257996210343318
1,0.6655288213448198
0,0.14326596960709984
0,0.07972293977791699
1,0.9449987864039988
0,0.08550527368174733
1,0.7680634336925445
1,0.22185245059076705
0,0.22664372809889868
0,0.3599586982633086
0,0.13029019380299842
0,0.16704410735659905
1,0.1397765640482552
0,0.10524276381077359
0,0.09455363238592068
0,0.09502351251964601
0,0.1728932618287532
1,0.1228952340252275
1,0.10795338743133694
0,0.141475793671489
1,0.17158941568075523
0,0.11708786221179376
0,0.11750075910702915
0,0.12306645351504827
0,0.12947222472654138
0,0.49143343784808524
1,0.7076508463999286
0,0.10584425630597999
0,0.13765099546592824
0,0.10970841750750729
1,0.3730752481978195
0,0.11057286777248809
0,0.19966610288470815
0,0.13314464176993915
1,0.7629333272804223
0,0.47634984567105987
0,0.1398371569796228
0,0.08546979231960765
0,0.1616220269329977
0,0.5685819101749853
0,0.12748832852981354
1,0.30624996187808917
1,0.19550951337073277
0,0.09711192076791982
0,0.32649226173638035
0,0.19223586514204558
0,0.5834429302524283
0,0.2082465208995655
0,0.11094780969388206
0,0.10591873888478845
0,0.6127967528284923
1,0.12064740249704915
0,0.09798388029199707
0,0.13060080101286997
0,0.09917754362166101
0,0.09528115345057322
0,0.11806312137416945
0,0.6550137572509795
0,0.12601776157206523
0,0.08756564005404541
0,0.31168602405527607
0,0.07281699493557685
0,0.11107591497817466
1,0.6727963635736782
0,0.09764866012863634
0,0.49184477489676415
0,0.5374835563247621
0,0.09502542185200874
0,0.15530996650734002
0,0.07995930000084217
1,0.7186940222252686
1,0.6294362948950725
0,0.10795079316855435
1,0.8610511468581586
0,0.0826204345045947
0,0.5348743468837436
0,0.11202435933699742
0,0.11375146379299327
0,0.13724501359770683
0,0.10487438139116764
0,0.08673945079498203
0,0.5437882921328597
1,0.8113025876044486
1,0.5564890501759714
0,0.1397341326454495
0,0.17785421016934214
1,0.936839680760107
0,0.12491050769864491
0,0.1423822672382338
0,0.12552704411193838
1,0.6801241058670525
0,0.39519948506690117
0,0.1054435138129162
0,0.6787421924089028
0,0.11328455711262315
0,0.10084186630369524
0,0.18294115611542003
0,0.12313049877177831
1,0.28476534726332725
0,0.21107907829467282
1,0.957570523194047
0,0.7591577675907704
0,0.12379943339503297
0,0.4482589541788947
1,0.7202746740493161
0,0.10385441444893652
1,0.6133367312646367
0,0.14192906340209233
0,0.09621395065920763
0,0.137963217152443
0,0.1839283671550031
1,0.7098906002213973
0,0.7339818915219162
0,0.10919631938617898
0,0.31250789454294914
0,0.10444277220643275
1,0.542358089185629
0,0.15265285504202433
0,0.14210269400380318
1,0.4155467143162575
0,0.12319774193790549
0,0.14429211217120771
1,0.15482580617908268
0,0.21684232585426919
0,0.11177708772288315
0,0.12849562071493648
0,0.09654003513729026
1,0.5796245718585465
0,0.5268916137917758
0,0.15746835482378993
0,0.45508150451227636
0,0.07984204963862049
0,0.3248937931828739
1,0.3357804491670826
1,0.5646718994582928
0,0.14823505782317364
1,0.21682717425285025
1,0.9006644318311285
0,0.12088388246332836
0,0.14398874750394267
0,0.06886307931983046
0,0.1297931208141722
0,0.12647327141827347
0,0.10924928661328714
1,0.6625680993589126
0,0.11937762811260516
1,0.17605182676213485
0,0.6756695993685314
0,0.41263139421747697
0,0.08869395794494271
1,0.5490909521221169
0,0.09921707943105862
0,0.49821232642881996
0,0.08792726087352185
1,0.8014039952610053
0,0.08156131027505512
0,0.19299778335262813
1,0.5135789845549278
0,0.10054508832473308
1,0.9333734309648076
0,0.0910115039945135
0,0.10417493211219765
0,0.09760142237921275
0,0.10739987612045758
0,0.07296222652038355
1,0.33939955619869905
0,0.5746991468944359
1,0.7648112773437816
0,0.07079727119018997
0,0.17817927878572945
0,0.08737589445416578
1,0.3730752481978195
0,0.17975649441022953
0,0.1310246420241788
0,0.5033008507845772
0,0.08196189357935767
0,0.1222453510001411
0,0.07369573434986723
1,0.16855400515394053
0,0.20739215929148197
1,0.31148814278342346
0,0.11074314330409643
1,0.4651216048736343
1,0.6593840411532087
0,0.1614681904046728
0,0.1229537749167735
0,0.27171171955263484
0,0.13159107667465733
1,0.9498346300129356
1,0.45744385948134836
0,0.1094623434103465
0,0.12278379709701086
0,0.11524183789142245
0,0.2700936305301748
0,0.09508996075900364
0,0.20337252553794347
0,0.08239028097829974
0,0.11403701376789827
0,0.12411923507315735
0,0.36528036160793154
1,0.724937307807338
1,0.09382279375287178
0,0.16234936260242902
0,0.0952081394041651
1,0.7376089568957238
1,0.6789772181429341
0,0.11789710922566853
0,0.11082252251481253
1,0.20097495897690712
0,0.31585672050768027
0,0.1325581259245855
0,0.29497454327432593
1,0.714681969754656
0,0.15877386402388444
1,0.6488003904225901
1,0.8093502637868212
0,0.1112090095952849
0,0.12878552135920635
1,0.7008474360062217
1,0.7898589542365619
1,0.9607789298259202
0,0.11826100499922304
0,0.13611328175470763
1,0.8458103456524787
0,0.08501748382474202
1,0.43471725230411545
0,0.13354214709736714
1,0.3716961039225934
0,0.13726858658182708
1,0.15509369385360947
0,0.09990975781696891
0,0.49430963588766463
0,0.08005176842542802
0,0.10492842403051166
0,0.09706524817278506
1,0.2643985677971447
0,0.13726267134265127
0,0.08049604298160683
0,0.14087292323289968
0,0.13232878240726675
0,0.09330024109309637
0,0.0886483545513275
0,0.15807083666608684
0,0.39494685242501903
1,0.5413592665103182
1,0.4860061139070422
0,0.15923091804194764
1,0.7439809434872361
0,0.27201981910657747
0,0.1629142217115646
0,0.21252868028171484
0,0.46147912141345404
0,0.08089183761918237
0,0.08491170627589831
0,0.082166394810194
0,0.07560223444094248
0,0.12059902106918749
0,0.6301223530992215
1,0.5679972694276324
1,0.3095035096905523
0,0.1265625899970691
1,0.6462015969055747
0,0.12040624180556231
0,0.08954958182415602
0,0.16346887728589587
0,0.24561492305093346
1,0.8876519851175658
0,0.20442999780451024
0,0.10497104000808041
0,0.40939185454433635
1,0.8909370272299338
0,0.2264384888975748
0,0.07025568451582534
0,0.9290409658415337
1,0.9217216890009851
0,0.5022912627508223
0,0.28625720492100026
0,0.1885724268114067
0,0.15349336438903824
1,0.5886740852406889
0,0.1246059800897773
0,0.0788318709726271
1,0.11112279092117416
1,0.20626755999847027
1,0.1940569707241899
0,0.23804771973749497
0,0.538125211385869
1,0.7284653536341522
0,0.09120275511118485
1,0.2224818312019887
0,0.14084365130180745
0,0.09013320107046108
1,0.8474777411257154
0,0.3745086870601776
1,0.6666490348982247
0,0.1548723116612879
0,0.3732656747622331
1,0.7636229699458975
0,0.10263001426531981
1,0.5837331138918855
0,0.09283961248209771
0,0.34547205750206383
0,0.1015295519848238
0,0.14274176989086293
0,0.17334698521637182
1,0.6275986122311649
0,0.14390070447230197
0,0.09400420914112768
0,0.056673987303891914
1,0.7882166859560567
1,0.7218950280096805
0,0.10258129139291929
0,0.08559994390655541
1,0.8122480770538005
0,0.20351220255611296
1,0.2824824884911318
0,0.09905548042448707
0,0.10330399362441846
0,0.10858223813756883
0,0.1253929514340932
0,0.1629478363584245
0,0.24775703910453253
0,0.13156152487705997
1,0.7809939045027217
1,0.9684556702355992
0,0.1382607799591949
0,0.1296309251710896
0,0.12145816790228367
0,0.16137672389900062
0,0.09079988151078375
0,0.1751936580953312
0,0.3518886131653646
0,0.09766773517676403
0,0.11609059875540298
0,0.1268674217359904
1,0.3717043007171344
1,0.2898961306301696
0,0.13251111045979372
1,0.6859537673314886
1,0.5510008424935605
0,0.24935660401095958
0,0.6480787971091592
1,0.9766693133270148
0,0.130598258553931
0,0.10285362797919922
1,0.7639631553582263
0,0.09505757345658573
0,0.11267879030133618
0,0.21595195945924262
0,0.12360183820367056
1,0.09593668137635006
0,0.06455366263511557
0,0.19120938481180896
1,0.8989411010807733
0,0.11387262291862574
1,0.6146563947236746
0,0.09363828818924731
0,0.0976392048542962
0,0.08415055026618694
1,0.15878427986513452
0,0.13811086236538778
0,0.10151774381298571
0,0.12935008764717576
0,0.19019484439916085
0,0.09876936149532271
1,0.9161526318703986
1,0.7444383441263849
0,0.1075088289177151
0,0.10965491516484192
0,0.10906040309341465
0,0.09721858317778144
0,0.09763251171735746
0,0.15248255570527922
1,0.8844605994989916
0,0.09739997764823159
0,0.48129112624872367
1,0.8070470824748988
0,0.11129103747833995
1,0.6517833208543077
0,0.19686409091445614
0,0.07265658214500793
0,0.2640142814417066
1,0.34241405095513744
0,0.168168577549027
0,0.09659634671186383
1,0.6694527439165884
0,0.14901546560225362
1,0.9006644318311285
0,0.10449589250078138
0,0.08790979897865947
0,0.7356969036344587
0,0.10942848045580672
1,0.6881534574051453
0,0.1982505148887114
0,0.09834040929304733
0,0.08758156605100434
1,0.675868935068613
0,0.10254650638992718
0,0.17486312950259156
1,0.662844107329155
0,0.08318657944646764
0,0.2670746192576708
0,0.1224763805179984
0,0.5354300888987344
0,0.3500834584237745
1,0.8243191710824574
1,0.14472125106382594
0,0.09351025637426313
0,0.18715876511521995
0,0.1270136435667511
0,0.10228042124347843
0,0.10483363642655183
0,0.11613976607894315
0,0.49959701007713975
0,0.1100653403737078
0,0.11609872866539511
0,0.12282879046811825
1,0.5178716820594991
0,0.10686295557648852
0,0.14613889433280908
1,0.2695167203923868
1,0.4727119594557501
0,0.0902522485313631
1,0.7628395936140814
0,0.20481933318667564
0,0.10841451718885117
1,0.5930520724459935
0,0.6312934881658709
1,0.6481817597343653
0,0.17899741888441734
0,0.16690004591958443
0,0.23768587012516504
0,0.08609037688768333
0,0.0997562459170156
0,0.11576738211525825
0,0.21587128000721367
0,0.13594636866491053
0,0.18094640829915995
0,0.1363794220615214
0,0.09278467157678252
0,0.6694849344498313
0,0.12645711079683397
1,0.7344838955995898
1,0.7919359931808226
0,0.7143191265665664
1,0.16185977572082905
1,0.5015571612672135
1,0.11636428890459562
0,0.15332514172555775
0,0.09793678118717684
0,0.11501004717366216
0,0.7360867343961224
0,0.1135769013115528
0,0.7118230147203979
0,0.2868347627660923
0,0.14268534320192877
0,0.09905853911474376
0,0.09076548953352753
1,0.6188768072955882
0,0.16530435443055047
0,0.4297757287067174
0,0.1265139422858881
0,0.09601405797788222
0,0.1299176497888947
1,0.6071373696037885
0,0.07702520977391185
1,0.9858252529905422
1,0.811123058298895
0,0.1421165579063175
1,0.3079742127405308
0,0.12220257366862812
0,0.22563231275231685
1,0.2337841634856327
1,0.42983452615553686
1,0.27189728744549524
1,0.8412030701591332
0,0.8110337565144222
1,0.34348539458996785
0,0.10042661839361303
1,0.924069741729256
0,0.12325879102351099
1,0.6938187387373
0,0.12461565151487233
0,0.11752727200856884
0,0.19289108487372764
1,0.41677517838669126
0,0.13042097265050392
1,0.1677912315764109
0,0.09319822901565336
0,0.09847935621777494
1,0.8531237332777706
0,0.08368646510159751
0,0.634873734311308
1,0.6568276010927679
0,0.6107850221052897
1,0.4145291196257286
0,0.1336202621309738
0,0.24551187944307656
0,0.15011559283994452
0,0.11386112885578052
0,0.10374542500923968
1,0.15330669483451004
1,0.10435851995135526
1,0.6595700585697332
0,0.32015747387678933
0,0.7499600290034311
0,0.150852232341062
0,0.09275999337094076
1,0.2109995924322985
0,0.14063426490046135
1,0.7472954499229676
0,0.10197203125089385
0,0.14679907149102342
1,0.10227969350543943
1,0.40095967725263604
1,0.7091753921637803
0,0.1017083844227087
0,0.10140285823762595
1,0.7248520357943687
1,0.3370611184623809
0,0.10838079754223001
0,0.11905449396415599
0,0.1664473877243607
0,0.11497591449886058
0,0.15618988589283458
0,0.10394323392691475
0,0.09558933982215866
0,0.11119378552770834
0,0.13205169128986993
0,0.0831911501385097
1,0.14783845255624822
1,0.8013195146718678
0,0.1261588257828383
0,0.0656845393450702
0,0.1513047493516106
0,0.09440694327864001
1,0.9172998088399836
1,0.9037328743652934
0,0.0812996533690265
1,0.20747555005812746
0,0.10604816041181755
0,0.11795189763370652
0,0.17098675965598759
0,0.533941132671505
1,0.6184868285141868
0,0.09683654038012456
0,0.11374989812585135
0,0.20338879001742205
0,0.11260870310787974
1,0.31979574564805613
0,0.07863597110053512
1,0.14149864707412046
0,0.08225935354198238
1,0.46686200095415203
0,0.09926508161299849
0,0.10188881653378262
0,0.11632138487497073
0,0.1290266086453355
0,0.12310697889575402
0,0.10822297753117324
1,0.7217496066483123
1,0.7239453139997231
0,0.14321011526008393
1,0.1437583704793204
0,0.12962277798981175
0,0.06003096653922263
0,0.07398557653404632
0,0.1154286007123853
1,0.1806588295640557
0,0.0831944979639962
1,0.7928214461879477
0,0.0935558297297133
0,0.12823816600337243
0,0.09973526916007033
0,0.5514591200362488
0,0.14912909860351758
0,0.07136346576432787
0,0.1221345770687831
0,0.08248633068272743
0,0.14314430774195033
1,0.7476155894506337
0,0.13183778115472483
0,0.07183148285343043
1,0.9166293052311824
0,0.26469185417979624
0,0.10945235358535044
0,0.10133862933020932
0,0.2710773382354425
0,0.09037247290930511
0,0.2123816494159771
1,0.6124966624162823
0,0.07986266375375188
0,0.08821645407860401
1,0.5726507701070305
1,0.8577175013654755
0,0.19040308327622268
0,0.1203850884799863
0,0.06413331299925111
0,0.11147620716272938
0,0.10649413975840376
0,0.161509852379189
0,0.284065299003483
0,0.1391311258725547
1,0.738587654121624
0,0.6569507875769569
1,0.5746801898863515
0,0.45900030002876924
0,0.11720396106038401
0,0.1288133544752508
0,0.09096458564777425
1,0.36515787527937155
0,0.07522240305242904
0,0.49055434365228706
1,0.7442487796297569
0,0.10191963819135062
0,0.23271417729699823
0,0.09720667557684816
0,0.11180944194018454
1,0.3380234469131965
0,0.11037433989452819
1,0.1080827693916756
0,0.14292865962214243
1,0.18513086937688608
0,0.11615550433815705
0,0.15320202321123957
0,0.14373278114580335
0,0.09412448557331077
0,0.11132936022805517
0,0.06527072131947419
0,0.15367470242539163
0,0.12489246222921449
0,0.14145222722928052
0,0.1199815382483591
0,0.1579512636577974
0,0.13352160479027467
0,0.138463761439519
0,0.48486114869962765
0,0.195519128944962
0,0.10452472606244353
0,0.35812927330525324
0,0.2440027892326928
0,0.11130833023922071
0,0.09692201278426854
0,0.08653656140259391
0,0.4751010922170873
0,0.09416166242757333
0,0.10341071613891846
0,0.14643307258019533
0,0.16572378421938824
0,0.18390375160181027
0,0.11933756703174657
0,0.12363419278207838
0,0.21698915433481117
0,0.07757903699176412
0,0.08437847734514209
1,0.9072493190512165
0,0.4418155710634879
1,0.7763993735111243
1,0.5112381016487508
0,0.13115250277509302
0,0.08207598862736921
1,0.13077093929585917
0,0.18438082984384732
0,0.09646014083009553
0,0.18447833217096699
0,0.6613734615734354
0,0.09664717252179619
0,0.09946429723885848
1,0.8017656497197512
1,0.5602197688903328
0,0.09626682037765859
0,0.0869947127914036
0,0.2156726155931326
0,0.17854920944979316
0,0.11513788544628327
0,0.14276761018774584
0,0.5929977484581551
0,0.10163854649081026
0,0.18837584372726465
1,0.8293240589770161
0,0.11491514040915685
0,0.626802730767707
0,0.10300745886414252
0,0.2402077034132781
1,0.10573138992710936
0,0.06411595059855077
0,0.10265427837085486
0,0.11208476001356252
1,0.35813325266002644
0,0.3325584670956974
0,0.10316298671126438
0,0.19435927799401836
0,0.2211348232550214
0,0.13818588298058995
0,0.5993175097943781
0,0.21704145531563535
0,0.5582904178567258
1,0.8333191936934764
0,0.12334137441750724
1,0.9094730926337025
1,0.3365698722933484
0,0.10281837578628499
0,0.4688903377287292
0,0.13358597972117786
0,0.1610954285327257
0,0.09321048555188814
1,0.26005171296609586
1,0.1603275202039207
0,0.15028943777887543
0,0.10328730484864794
0,0.16989468102386618
0,0.41435032143780315
0,0.0933376132832578
0,0.6720163547448513
0,0.12858363575609574
0,0.08726949693897391
0,0.0877509114767497
0,0.2978941521116356
0,0.1859495156085332
1,0.16983851553227372
0,0.10169382351101061
0,0.06867616602518288
1,0.8755485845417422
0,0.12133064054059671
0,0.16581867911553175
0,0.11876152862821222
1,0.6701951044799755
1,0.2639085185902224
1,0.9382593623665242
1,0.8781057512507684
0,0.12433764875878103
0,0.07979110862330818
0,0.25791167315356783
0,0.19550674377637858
0,0.14862349940653635
1,0.38966996900893774
0,0.08105015232923318
0,0.13107477957176702
1,0.810064796402992
0,0.4947440469985277
1,0.31877784504282614
0,0.12303525478905653
0,0.1496427673646594
0,0.6161437216971738
0,0.08335796213107585
0,0.09830452486181163
1,0.6844102737698742
0,0.12616585053397555
0,0.13275354420282381
1,0.5993175097943781
0,0.10174385840673164
0,0.11801711292252208
1,0.09199262547199767
1,0.9282165148087493
0,0.5253283355641016
0,0.08240121941078395
0,0.7030828058990498
0,0.19829287585180955
0,0.20341310307206384
0,0.0912225066999626
1,0.5480978405377194
0,0.6347587412649902
0,0.1757385912468705
1,0.2466061053716702
0,0.11462836856471263
1,0.27223726246931995
0,0.3231785369449655
1,0.10955303612094142
1,0.24982597183488464
0,0.07296222652038355
0,0.09618576684866836
1,0.09354251463967307
1,0.1650422708625012
1,0.6750511596647015
0,0.11281947031477055
0,0.10556991193649543
0,0.22446762449436944
0,0.0958382369362123
1,0.38579273474166204
0,0.27560673590691587
0,0.10863589271474863
1,0.9054416402474971
0,0.394286534826914
0,0.32386033038877404
1,0.5677345586471221
0,0.08964141230620974
0,0.1656676777402808
0,0.6572764002504783
1,0.20295414540976578
0,0.1742081832764624
1,0.13049529097020485
0,0.13281581353973623
0,0.1612237125394535
1,0.6639902428486694
0,0.5918252943570038
0,0.14180745799803715
0,0.11654079975012774
1,0.7194339267253805
0,0.13497806391741732
0,0.09208572662299441
0,0.09454502536008444
1,0.45845745984271963
1,0.9181303350049347
0,0.1498156872644388
0,0.1373148847446904
0,0.11403701376789827
0,0.1575763456041041
0,0.19635532451148022
1,0.9303361037982808
0,0.2724203368654475
0,0.22522528678355822
0,0.1688593102114994
0,0.09141184594445102
0,0.17807404288159623
1,0.8328432454213205
1,0.19529950215926187
0,0.1027549154292752
0,0.1202990274887875
0,0.12298512665552162
0,0.5865223326526731
0,0.13072798400658575
0,0.1053978521123787
0,0.1809666888226916
0,0.7728933487023769
0,0.5025982327831093
1,0.7251666366202121
0,0.09109029700094456
1,0.6947208201256126
0,0.5534019350270443
0,0.4661210781597892
1,0.7771918251270321
0,0.12925494841105992
0,0.21534361241982589
0,0.07812098901033984
0,0.09680639472232969
0,0.13160958011751808
0,0.1516301566657304
1,0.5381130310653663
1,0.8995087037939766
1,0.5432917260370898
1,0.6779193416174022
0,0.11707495534023725
1,0.8330402624419844
0,0.11638771207457989
0,0.5817927748741663
1,0.1303240318366135
0,0.11828727016066545
0,0.1441988435398402
1,0.9261761355467152
0,0.557218278116678
0,0.15163035128696775
0,0.6507143392341947
0,0.12826817433453663
0,0.10042101583675142
0,0.09237074760168983
0,0.12630269291878696
0,0.12626828019515696
1,0.37898925405652745
1,0.9241936043719099
0,0.38119594485753955
0,0.18268623095586578
1,0.10948367759546507
0,0.10423157602074065
1,0.6679101368360935
0,0.19313813407743594
0,0.11750800653989756
0,0.14628923944977124
1,0.7539724955336267
1,0.5374001336760651
0,0.11880664907245693
1,0.9279517303372117
0,0.12633759954672788
1,0.20973625424329334
0,0.6468812593779161
1,0.8299190825687724
1,0.9769240643131223
0,0.15060802929759193
1,0.20323531956809138
0,0.1254246315503533
0,0.1067289405514678
0,0.08712752333998124
0,0.16875079762766476
0,0.08828983058003606
0,0.0919916487217786
0,0.11062118778975072
1,0.565279112680389
0,0.08177752976216435
1,0.9250392777985182
0,0.11554232153546927
0,0.2124669506714883
0,0.5447606798837794
0,0.06287169863215293
0,0.08870941404832464
0,0.10722610408342982
0,0.916653565429093
0,0.09960979527730356
0,0.6154995061044826
0,0.1317941051457265
0,0.14407291399676345
0,0.1038981060632308
0,0.13413596410558107
0,0.27309717713424975
1,0.25952910270918406
1,0.14230454352881458
0,0.18767449902558328
0,0.1852345397277802
0,0.08094136377963279
0,0.2536954582448683
0,0.4353543667172735
1,0.6714769330717143
1,0.7091950418603179
0,0.09534220331078844
0,0.09558256641189529
1,0.5324519605165341
0,0.10504796088952499
0,0.11525483610943354
0,0.1420029913479507
1,0.6425426886414964
1,0.7023314643518876
0,0.10909498367829115
1,0.17430549153575842
0,0.10018513433368477
1,0.2050753855960512
0,0.1952000089764126
0,0.40925295642446174
0,0.0876504182904104
0,0.1393804957715074
0,0.10288097225673638
0,0.1977606561454479
0,0.13196938100673491
0,0.11328455711262315
0,0.10551755109811237
0,0.0761437331105398
0,0.19345636587483858
0,0.09148573108688145
1,0.27238856541982015
0,0.15003614336743823
1,0.8249791540266139
0,0.09917584212444665
1,0.11547050211865817
1,0.16075949032083453
1,0.2599007695878157
0,0.19151985946871772
0,0.09973465923651005
1,0.6781730830658171
0,0.08957058620882553
0,0.34379360484371047
0,0.14310560540426884
0,0.07091293046750999
0,0.09099213697864081
0,0.5547993763501496
0,0.11263640586154573
0,0.22316097671255616
0,0.09656937985407986
1,0.4710503415940893
0,0.10171641742463228
0,0.14603076671920198
1,0.3148804782309233
0,0.14620492531390814
1,0.6734182105508283
0,0.10260296885968283
0,0.5202825711994032
0,0.160837656679612
1,0.1403641551290799
1,0.2995542783182034
0,0.7955180511891897
1,0.10031619875842937
0,0.18751784588308765
1,0.35888570432805306
0,0.2251110681311498
0,0.1408295487215126
0,0.11246362422225219
0,0.5824341451831538
1,0.9194839160568601
0,0.1575233942867367
0,0.10343708632425158
1,0.6530360086873407
0,0.1347885878148147
0,0.08038506693359025
1,0.2522450820768679
0,0.10918880459700177
0,0.13007621302635683
0,0.4525504469763081
1,0.31593825433616435
1,0.7739217457182009
0,0.12604224283664595
1,0.8888090632772438
0,0.10635255587695033
0,0.6552695134839887
0,0.10217506293819423
0,0.09714701900250454
0,0.6826819827651351
0,0.13618536103431464
0,0.11491896649567976
0,0.12233180863474298
1,0.7572553878989602
1,0.5870261193346942
0,0.06536049870593272
0,0.1356180853016238
0,0.09058548083885741
0,0.6032782757980547
1,0.3522757218223478
0,0.09849041143741555
0,0.08752660281368467
0,0.12254328487521272
0,0.11383470262838521
0,0.13913567066514884
0,0.1029239430774001
1,0.1511894961331512
1,0.820502134941212
0,0.14176270087070222
1,0.7489827292881475
1,0.26596596880705636
1,0.7287879783026388
0,0.10082950422146927
0,0.1032541937036792
0,0.5119557042647567
0,0.7540103694935864
1,0.19471826584270455
1,0.5993175097943781
0,0.12243614133543275
1,0.5465949936605476
0,0.12746605078529616
1,0.33463785254378686
0,0.11673149064036147
0,0.6100890305687653
0,0.6626811544325006
0,0.34409970961616354
0,0.5258372444362092
0,0.2745839418968514
1,0.773415216375485
0,0.09120275511118485
0,0.06014082231598598
0,0.09871988337687995
0,0.09441137547414086
0,0.20579436799594808
0,0.12135311938397284
0,0.13667295360542075
0,0.08537314431187429
0,0.14189358750167033
1,0.6124509266067237
0,0.09646014083009553
1,0.40163329308669954
0,0.08786330536837249
0,0.09725373243540678
1,0.20209346510624943
1,0.6102583417150993
0,0.09526652530055608
1,0.10765052886302666
0,0.11837852652966306
0,0.08436051944359121
0,0.3325888296273896
0,0.09880255736937042
0,0.12084894061570903
0,0.1344108655180236
1,0.6528126637115476
0,0.5691540853600352
1,0.1103529088890528
1,0.17389011452893624
1,0.42926593702947674
0,0.2023122157126235
0,0.7101207279614434
0,0.15996095235981014
1,0.24055590246577843
0,0.11060286287719595
0,0.09833866769164017
0,0.12334837128543204
0,0.11489460620767344
1,0.9684556702355992
1,0.5136110549144026
0,0.10444210083070192
0,0.14941422784307168
0,0.10358919583378581
0,0.08809982459864445
0,0.09937524611299973
0,0.10515993832872222
0,0.11647350173754661
1,0.67069767514526
0,0.1434989290971638
0,0.22522680412799098
1,0.9290409658415337
0,0.09007570146881563
1,0.2802362693115841
0,0.09371955115736733
0,0.6821908109009397
1,0.7274157009650309
0,0.11123565015131961
0,0.21993619218751315
0,0.11204794968434142
0,0.17493499268595467
0,0.14208143265017517
0,0.08582428053926279
0,0.15938829521089895
0,0.1516810732930862
0,0.11155310730431599
1,0.8910307000782672
0,0.15930610140838858
1,0.9679071322682316
0,0.09491302220218276
0,0.11828465801209524
0,0.0844936575580446
0,0.11126013315588916
0,0.0866833300370946
0,0.09149473313809407
0,0.14709346505300464
0,0.17878779427212033
0,0.8194531489414056
0,0.12504302502777667
1,0.8111562815953117
0,0.15267627440786508
0,0.11743497013724075
0,0.09590086671794079
0,0.10140073804400256
0,0.7488598906189677
0,0.18885822831640373
0,0.1977606561454479
0,0.19155422857254067
0,0.24128543471421027
0,0.2354731166370287
1,0.7015300394673912
1,0.7430628609542578
0,0.13440011561696874
1,0.3334924418096839
0,0.1169300611459332
1,0.6196748794013612
1,0.4926119741820172
0,0.10695718318443963
0,0.16317456027513574
1,0.8946264832827282
0,0.10415195316609124
1,0.16298941942698097
0,0.5334538087740831
0,0.1330330010906099
0,0.15849125035330283
0,0.6918046347810194
0,0.10570513355016573
0,0.13662696748774777
0,0.12254314033730346
0,0.15458038171381724
1,0.8886131625527645
0,0.11852342183932991
0,0.6902123871956235
1,0.1655131451636338
0,0.11921142068763638
1,0.19567694339417735
0,0.08105015232923318
0,0.10024342663236283
1,0.7453400486294645
0,0.07069759788359126
0,0.11527716966393063
0,0.6562555830584759
0,0.09782728056908478
0,0.1837096211380247
1,0.8954242764430591
1,0.6828724097423542
1,0.5357720617439768
1,0.17745825497004333
1,0.9370186579979383
0,0.15797802048223433
1,0.2130451035656633
0,0.08949578658729199
1,0.6249025911082483
0,0.6830394580603768
1,0.7828599424885739
1,0.6588664243203657
1,0.1818994932678756
0,0.1702668819672429
1,0.6590745880518879
1,0.6518078721178082
1,0.8503701771920333
1,0.6187580701958338
0,0.09800102855095484
0,0.17925876325181853
0,0.13460279952635668
0,0.1069233826736709
0,0.18466929181371575
0,0.10623636374281735
0,0.1313082810622737
0,0.3617390568463406
1,0.32849665888623564
0,0.0995827260208907
1,0.10717114428420572
0,0.13963686314420679
1,0.9138343329563507
0,0.13326581208823812
0,0.16471324315596111
0,0.37981354394187905
0,0.21155256158455815
0,0.12891439213265699
1,0.9185395554141552
1,0.2922417015274459
1,0.23182307611557135
1,0.7566201323069583
0,0.09004159365951142
0,0.1293856152608622
0,0.20788730137362899
1,0.9628172743426295
0,0.11403932138220466
1,0.5607314859828596
1,0.7203472539081525
1,0.14010739589884902
1,0.7401856437097643
1,0.6324038783575431
1,0.7609960652726696
1,0.957570523194047
0,0.1186444472007484
0,0.5239824735456795
1,0.22459934969695255
0,0.48562500284624877
0,0.3938711553888253
0,0.11398031502379724
0,0.11740958082700137
0,0.16061797369534395
0,0.10312415064792436
0,0.10525798034645159
0,0.12830587967927912
0,0.09988263082197213
0,0.11038879532914275
1,0.1675006815685389
1,0.8860104163250573
0,0.19910262652913155
0,0.08493400904022451
1,0.9466820961632275
0,0.27591173376183126
1,0.16161611505493115
0,0.11640011976149395
0,0.11159100939632327
1,0.7118906813319861
0,0.16465578709749812
0,0.36548418746696704
1,0.15277850242714797
0,0.17724795430816412
0,0.13206424824241034
0,0.08624684352261892
0,0.2723247742708345
1,0.8035555545666799
1,0.11746353359886179
0,0.14071322513243167
1,0.7985611704218576
0,0.14027037371177853
0,0.10618054190900068
1,0.1061606296696452
0,0.10677278960204888
0,0.12412279196283503
0,0.13551747779418272
0,0.14425549454094425
0,0.24580340894497194
0,0.648864014391664
0,0.24020324859283376
0,0.10956586148607579
1,0.677759896608296
1,0.663023135619198
1,0.4496882931059407
0,0.17129063596823213
0,0.11382074897450835
0,0.09105929109693124
0,0.09253543614616372
1,0.8384935372001345
0,0.13479363356480212
1,0.6060859760472016
1,0.9254388248683647
0,0.11477490703678851
0,0.091422390191694
0,0.5624042522466001
0,0.20434494929930463
0,0.08975071339997272
0,0.1376223115110224
1,0.9065399393495144
0,0.15916392762044917
0,0.12666307674295793
1,0.7787544392399695
0,0.08985572323126122
0,0.09330024109309637
1,0.7682333440618944
0,0.09196968099896753
0,0.6673392895889061
0,0.35704741914273175
0,0.0867324471313946
0,0.15116090035238858
0,0.07807572938479822
1,0.9192424975256477
0,0.09299500615198132
1,0.9327389533939786
0,0.07757903699176412
0,0.11296051514668376
1,0.19455147455694954
1,0.7855510720186246
1,0.8967521498628732
1,0.18935564130161558
0,0.08380556952175078
0,0.10102517163455854
0,0.09982683005555391
0,0.07079727119018997
0,0.1179433783599299
0,0.12834421254627765
0,0.1357573937866949
1,0.7267447373736342
0,0.0989276061579598
0,0.11482801898712673
0,0.17726673498122988
1,0.9561253003864767
0,0.10432389906383956
0,0.09903116318551047
0,0.08635691807263085
0,0.12126121824728972
0,0.23215149596407642
0,0.12148001425572862
0,0.10595583223239177
0,0.08377945109713769
0,0.15050943923311402
0,0.162133576445948
1,0.9267851298316611
0,0.6845225367892162
0,0.12281163427028968
1,0.7564376567657568
0,0.22399962571071427
1,0.12840898459312425
1,0.6900050531451785
1,0.7320957756682714
0,0.10348184496371235
1,0.8067560885415939
0,0.12417225003181633
0,0.13705517096470163
0,0.12925829076178555
0,0.12322284334290015
0,0.554341403986993
0,0.16167595292808318
0,0.6755878252321922
0,0.6341027618032095
0,0.11466456191354371
1,0.9607472817611171
0,0.28421550701979215
0,0.15957643712934194
1,0.33992777449537165
1,0.0892999666262337
0,0.0958382369362123
0,0.1643027027307749
0,0.1315283658091267
0,0.1255635586856642
0,0.13421329109870808
0,0.13307288960703606
0,0.11475057235413658
0,0.1258018996122758
0,0.7074065249723087
0,0.11824430782671119
0,0.10596671269364066
0,0.11208809125742973
0,0.15999421193444535
0,0.9409845842712471
0,0.1203046738768994
0,0.7521372268551123
0,0.09630510368606429
0,0.39894907308143995
0,0.14079280476205755
1,0.9260248978128123
1,0.20450819880919965
0,0.14355277996862792
0,0.0692211702194855
1,0.5371681839240598
0,0.6457593564011348
0,0.13434198147566642
1,0.16644285520495553
0,0.12892185990094368
0,0.10678493618892186
1,0.5948067942729108
0,0.07173223422227239
0,0.3486960954340485
0,0.1097125302183389
0,0.1276809512961997
1,0.7599251379623164
0,0.5467964245490292
0,0.10361552770893097
0,0.07854107071319961
0,0.14297020283378198
0,0.1572691839698895
0,0.4051467938035006
0,0.2244473995553693
1,0.757794585928251
0,0.10060921331325942
0,0.13564047132478907
1,0.8836276986247338
0,0.10122377554739105
0,0.08306937925044097
0,0.13906650472578058
0,0.09318822838291321
1,0.23425431464650145
0,0.18380855660972045
0,0.10341807217029433
1,0.1927320378610847
0,0.5901228909684019
1,0.6923325222511668
0,0.08617197837993633
0,0.135992726884796
0,0.5956368695814654
0,0.09852765181543902
0,0.09245364261744556
0,0.0958382369362123
1,0.17337963188103986
0,0.13511322743311419
0,0.10300036850519072
1,0.9311719179115686
1,0.3297059586964552
0,0.10888097257512057
0,0.1127846391654371
0,0.08515620287593904
1,0.7424189027727773
0,0.1532413580854308
1,0.1933584891877491
1,0.6548354211010136
0,0.19887370228204956
0,0.2033927410145628
0,0.22332518553431022
0,0.21855803281022163
0,0.09186995110618004
1,0.7472954499229676
1,0.9484851023476184
0,0.0989549800171725
1,0.09848604405033176
1,0.19019484439916085
0,0.12471735674973516
1,0.7078108962825049
0,0.10215615069093668
0,0.5855466731242046
0,0.465289173618269
0,0.10294935760239166
0,0.6076024410682223
0,0.26819262914274655
0,0.18921351687572335
0,0.5375129287548578
1,0.1806588295640557
0,0.10810236887227793
0,0.30231140413619056
0,0.5694985370262964
0,0.6113763523142658
1,0.40080430299573794
1,0.7617297739173469
0,0.10666349605177532
1,0.23009635230448786
0,0.13174658320909385
0,0.13236901385101435
0,0.10278945315223366
1,0.31583341623129857
0,0.1313091269102268
0,0.10842268843756542
0,0.1476235440211001
1,0.379279383943724
0,0.12846543810601363
1,0.7552667260515632
1,0.19771504978025944
0,0.1864245368799244
1,0.13229788837721657
0,0.0898995341952105
0,0.08051665693563723
0,0.08834600802828682
0,0.0979178874313673
1,0.1457691941067747
0,0.5520405695880337
0,0.13163254787027315
1,0.3999553673662404
1,0.7862637949020296
0,0.2435339127890559
0,0.16602628654968915
1,0.08659310656254841
0,0.10607734206405525
0,0.12091426676366158
0,0.16464128491697927
0,0.4364715599286434
1,0.8833687572733109
1,0.6504441070522137
0,0.285758008293765
0,0.1751593108145311
0,0.10772546020564239
0,0.1604708732024162
0,0.10628340187335973
0,0.16188406114719597
0,0.10757799083078663
0,0.09498454304986469
1,0.8472323675100006
1,0.8759850920403472
1,0.9014038089548658
0,0.14943505960938244
0,0.11070744665211493
0,0.09930744286217284
0,0.13650632008646488
0,0.12771674692343749
0,0.08576432389634012
0,0.17280626464304275
1,0.15896149853060632
1,0.5724694014851318
1,0.7247202773038492
0,0.12541995829790112
0,0.5837790700823912
0,0.15100921558383268
0,0.13109444302299622
0,0.26531160782960933
0,0.07256010740869835
0,0.09145841652794408
0,0.181972470803276
0,0.15687581920175847
0,0.08933944816133545
0,0.11830885398825157
0,0.14516452809177466
1,0.11681261058905659
0,0.695817925418168
1,0.7575245361608242
0,0.2840870137332419
0,0.12929953326513713
1,0.9253779621785302
0,0.09924076760469792
1,0.12669316409477552
0,0.14619555147311275
0,0.1337025094000431
0,0.9590704716226582
0,0.10497713819147254
1,0.6468120042526614
1,0.9096010097833108
0,0.2102717039668368
0,0.1089149383820126
0,0.48093684048303437
0,0.1658016007358757
0,0.08342030497404106
0,0.16325628140564946
1,0.2167658850702155
0,0.09713057249229558
1,0.9250900059598214
0,0.7506125386719538
1,0.8903285984330699
0,0.18904201433309664
0,0.19676447218089366
0,0.12354299838542665
0,0.12301706390987588
1,0.2118063646819476
1,0.7438920428049923
1,0.5895265763738221
1,0.6043705958500958
0,0.10428195943314453
0,0.12753724471300018
0,0.10601594876945918
1,0.335168133685641
0,0.1286696775167653
0,0.09271570938937455
0,0.16790492560504594
0,0.1900499440103605
0,0.2366941974783815
1,0.7034658589259855
0,0.28285045692149796
1,0.7484262743498312
0,0.16227618361380133
0,0.0944464623935586
1,0.10723943373164233
0,0.128558667561073
0,0.08236459112661415
1,0.7133568774868018
0,0.07805222365595946
0,0.09212138023490402
1,0.5774583070981008
0,0.10101821544633548
0,0.1149961213609051
0,0.10585428345017146
1,0.8723604624904164
0,0.10854790292178054
1,0.8536566809372504
0,0.07966416600972119
0,0.18899303358002967
0,0.08184913129169888
0,0.34808710085094785
0,0.4319554811258184
0,0.26819262914274655
0,0.12688127787778117
0,0.11642813769932199
0,0.14108844200653228
0,0.12025050306530499
0,0.1229062097596209
1,0.10134360221654248
0,0.5928258444670487
0,0.1009076827645211
0,0.08845885520108708
1,0.11483010355521052
1,0.957570523194047
0,0.154854116585505
0,0.5193274956737145
1,0.48345557197651906
0,0.10382871352607764
1,0.42654401538640446
0,0.08241922899932576
0,0.09092213755282279
0,0.14315826083456107
1,0.9255261498221026
0,0.1096871300214003
1,0.43151752657304054
0,0.6628214297301872
1,0.7640294748449278
0,0.1498410201935063
0,0.11222598160463965
0,0.1469776875533045
0,0.09248981872154305
0,0.18134606563095612
1,0.21710870066450574
1,0.6621927852798578
0,0.31638752663533815
0,0.1005762169911729
1,0.830960335543741
0,0.664271621101109
1,0.7386863175320398
0,0.12049392446949525
0,0.08843065343800594
1,0.5095510740053535
0,0.0958382369362123
0,0.1189804025341903
0,0.6893255312382413
0,0.6092101633641409
1,0.16101111279168176
1,0.12479946515998015
0,0.09865218396730038
0,0.1266557109516217
0,0.08721828799973043
0,0.14636848798988797
1,0.5236272541590178
0,0.10178570365880438
0,0.08204893821660676
1,0.9939092023173686
0,0.10228017018136656
1,0.7083090903536398
1,0.9486766356538407
0,0.09251202566542308
0,0.09647930293632698
0,0.11227091576474915
0,0.1642354492849403
0,0.10449911542691319
1,0.29426019250972235
0,0.19465124093950495
1,0.3422441141561349
0,0.10452472606244353
0,0.12444616096206819
0,0.14178276861451916
1,0.1284401705620714
0,0.7039452561207303
0,0.13601201980064273
0,0.08690853191621023
0,0.14479106324700425
1,0.8878490803596114
1,0.8889615619292208
0,0.09153598399688931
1,0.9917162198612283
0,0.0844936575580446
0,0.09200819660212492
1,0.7919655286263744
0,0.15397165215709435
0,0.09548738671665896
1,0.5904571195213527
1,0.6391783146046344
0,0.11743945521012614
0,0.08744344247636783
0,0.13395816233012714
1,0.7302920692967295
0,0.4549355777100536
1,0.08778334638759973
0,0.06802840162360163
0,0.11841058209479806
0,0.09145896973496431
0,0.19824126575501333
1,0.9157193813400855
0,0.6253248487232397
0,0.0851314357081225
0,0.09767651308419577
0,0.15465853531995735
0,0.12477647134069064
0,0.07662316983285763
1,0.3836346890597785
0,0.11099617265965372
0,0.12211040994933327
1,0.3959551389784588
0,0.08911808106354877
0,0.1460885632638902
0,0.12133341417809829
0,0.7265191497356625
0,0.09372003226913568
0,0.11482801898712673
0,0.15089770106152522
0,0.0822696138863567
1,0.8237901202801664
0,0.08991955424319269
0,0.2306966811263166
1,0.8577296382578246
0,0.13642200185317266
0,0.1653610549982349
0,0.1281975164115651
0,0.09296863303667732
0,0.1513702635746897
1,0.7639134478150492
1,0.12423783823716072
0,0.155952513956176
1,0.16962699049399724
1,0.6645091830767812
1,0.29617860695782505
0,0.0918555587552679
1,0.7853410855191982
0,0.12318966438093316
0,0.13362519713434687
0,0.16462096821373204
0,0.2645289424791942
0,0.2812576801289761
0,0.4438233267945189
0,0.2527622600652054
0,0.11090601649057252
1,0.7407489546068506
0,0.11851066111520679
0,0.08696571042954175
0,0.12369582149398234
1,0.8797942966483515
0,0.14373869035180037
0,0.11030967653402667
0,0.12427563369688674
0,0.19693317889333817
0,0.09551692778784847
0,0.12521953671904276
1,0.9264831998349814
1,0.6813452870836544
0,0.12602800476984588
1,0.7862637949020296
0,0.09630927804177405
0,0.08948482996805292
0,0.11416390098631707
0,0.11460682489574885
1,0.18697385341119124
0,0.08953302907881489
0,0.3824069970792578
1,0.8855310148162875
0,0.07678381626906722
1,0.22612176734933542
0,0.09895584958825074
0,0.16112482152609983
0,0.12200407450823522
1,0.9622917222024355
1,0.9182647918959731
0,0.6481510700041924
0,0.18112049430049085
1,0.6287204062753862
0,0.0940241777803981
1,0.39653840172940963
0,0.14275281758835123
0,0.09077736210720329
1,0.8130552261278898
0,0.2669969274730203
0,0.0913733166644268
0,0.0938050835075308
0,0.09678713453441828
1,0.9178319090215112
0,0.1283807537560197
1,0.09693126524219346
0,0.10709304295692057
0,0.5117692898984788
0,0.10968094314878601
0,0.12643051031690977
0,0.10169678284361446
0,0.11099170183137685
0,0.10954580416119432
0,0.2922417015274459
1,0.6956071210503777
0,0.1084354510939766
0,0.09246687106660326
0,0.1428841717021967
0,0.09383947711308548
0,0.10105174938598946
0,0.11295975170284141
0,0.09326526845842227
0,0.1239920038098062
0,0.10459252865729485
0,0.2083451871131372
0,0.18885528400667798
1,0.3612194671134793
0,0.21315529436001554
0,0.1237966225513076
0,0.228987047999385
1,0.10298604487440245
0,0.09298170729967818
1,0.12482332718696423
0,0.1420317751579548
0,0.11529710880210087
0,0.1672646965598393
1,0.9483181726141253
0,0.6826819827651351
1,0.7342992418704299
1,0.50976418939799
0,0.1024037718785629
1,0.8229249244203053
0,0.14823096222608698
1,0.9161620718150988
0,0.36404831874653
0,0.09426071461781255
1,0.5406588292005736
0,0.12985514055098019
0,0.17318278386990266
0,0.14196171478424754
0,0.14930347825377285
0,0.09504630938131423
0,0.17538301833595632
1,0.18880803552796055
0,0.4387250384586815
1,0.40526086315524873
0,0.07501277744571622
1,0.5655730136660164
0,0.07296222652038355
0,0.0958748195588583
1,0.7906506117997514
0,0.10887311284907762
0,0.16487260924564112
0,0.10543389397619325
0,0.09732265833693021
0,0.08032283012175981
1,0.9483181726141253
1,0.9729055675216318
0,0.18291916941807934
1,0.21597798502456794
0,0.1299053753279548
1,0.16710996408297152
1,0.2173963784235179
0,0.09042417459058054
1,0.19873251649550946
0,0.11118683186750052
0,0.32020037465497575
1,0.7480472792267737
0,0.07296222652038355
0,0.6044256687841089
1,0.76972174634401
0,0.6973978454956874
0,0.11491149091264113
1,0.8992435375627585
1,0.8489180932887319
0,0.09303347276607685
0,0.08848078119560242
0,0.2607096955091279
0,0.23213222787347038
0,0.13438093803388432
0,0.09489191880088742
0,0.08777017613422596
0,0.1275800066982155
1,0.34842121229536177
0,0.5613527028581263
0,0.1364004183659007
0,0.6875290623301269
0,0.09875889698067251
1,0.8738282213132845
1,0.6464390087009867
1,0.27920212676111644
0,0.09412448557331077
0,0.12899466294977577
0,0.08127338821152567
0,0.13634494308141726
0,0.1289412841230332
0,0.7418457814835544
1,0.1736348665122933
0,0.18805884804919812
0,0.08889994879644864
0,0.14847792006119348
0,0.07515103047365042
0,0.15719517396261112
0,0.13429913571846205
1,0.7932101225162977
1,0.496439967930656
0,0.09979152523816816
0,0.20491618290238195
1,0.7444225162310286
0,0.09737085930417509
0,0.11740958082700137
0,0.08630279691808412
0,0.1806017390229398
0,0.1366900879881635
0,0.14847415619437535
0,0.15525276660681428
0,0.16954995201925752
0,0.17110615634342274
0,0.25689116707937865
0,0.11398803542234488
0,0.11072222969373217
0,0.1985908975929058
0,0.149701466585096
0,0.09908584594079439
0,0.12961442488152664
0,0.12870611688086547
0,0.12280522159257821
1,0.8107621752958724
0,0.13730711093786488
0,0.18574583856014262
1,0.25973093406793546
0,0.45900036153984847
1,0.16988312549068393
1,0.8621043150462967
1,0.12626429020979785
0,0.0591499018070547
1,0.6211965171029984
0,0.16673441456238683
0,0.08438828043698848
1,0.19809838924915918
0,0.11618076323382844
0,0.09692269301212499
0,0.1838365092932581
0,0.13835118731832716
1,0.149047265766884
0,0.10368020168174617
1,0.7720108770199079
0,0.13430233376975192
1,0.13839409650020537
0,0.900531272563997
0,0.08412323091169925
0,0.10778068260587283
1,0.816481680441321
0,0.12360753475583576
1,0.6531990933408215
0,0.13928681881745208
0,0.10107056315652131
1,0.7510415402497831
0,0.10801342383902363
1,0.8266071213748416
1,0.7808110610528411
0,0.5635133602962318
0,0.10078881162227213
0,0.12169182070919786
0,0.14021602966453267
1,0.9071322858678779
0,0.19560740628117942
0,0.16853214990974658
0,0.12360414868996837
0,0.12717138141321804
0,0.28394332382770077
0,0.3025825271894807
0,0.1720302461310869
0,0.0958897692401368
0,0.08946254551773242
0,0.5744373804061238
1,0.2420452737572799
0,0.10375298137051053
1,0.14728233158201184
0,0.3439606142984636
0,0.11033300188331625
0,0.18759978915411327
0,0.10637487729289614
0,0.12343260742651899
1,0.9271066277107476
0,0.1993397000602003
0,0.4656010875607848
0,0.12647872711338148
1,0.6929294523429258
0,0.11527716966393063
0,0.13955540052020218
1,0.74702707481985
1,0.7987003368061929
0,0.11111952781825132
0,0.08872435014606717
0,0.30169220055936874
1,0.7619824432097327
0,0.12107765994583473
0,0.269744488009894
0,0.12711040818603483
0,0.22171838019490783
0,0.2884207493544748
1,0.8277017203453454
1,0.25217957733878377
0,0.2582639419543298
0,0.1660386922061865
1,0.5969404039366266
0,0.13495098276493875
0,0.14612352584548965
0,0.1434704861921583
0,0.10351541192882231
0,0.6829495390723659
0,0.1547446805869707
1,0.8940907702577723
0,0.1078455203641759
0,0.13236901385101435
0,0.09934429559978279
0,0.21993060724275462
0,0.10616886706556633
1,0.557602206241577
0,0.18657548095871435
0,0.0885497949061556
1,0.6398537945012007
0,0.11950006912554006
1,0.19596076106195418
0,0.5051892378432132
0,0.1350546020642772
1,0.6051142011600775
0,0.07894430362492134
0,0.11489460620767344
0,0.1018371438405746
1,0.7837366391935978
1,0.9045384402033044
0,0.11765956238483752
0,0.6960751657973157
0,0.09622519565244027
1,0.7108981790184332
0,0.5981309163444577
0,0.11769671549188772
0,0.08233656997247313
1,0.8706434323422707
0,0.14935681432760256
0,0.17842871944421132
1,0.5763332482624793
0,0.09087993362194624
0,0.23735353955588528
0,0.08498206253452627
0,0.12437920506519087
0,0.14065167583767224
0,0.10954255920116797
0,0.2550268413820911
1,0.9649355875772035
0,0.10677122750678607
0,0.12288764466968513
1,0.6159095325565525
0,0.6944107173842549
0,0.174691013159642
0,0.09463196095297043
0,0.16361577830439478
0,0.09641635799546694
0,0.09200141097022703
1,0.20800617596078905
0,0.10617247805281564
1,0.1280456898685861
0,0.11672018976193754
0,0.1318222658225565
0,0.5079168643656052
1,0.6173059505712957
0,0.08138783300346548
0,0.12060793184393369
0,0.0878332890349877
1,0.9006644318311285
0,0.1648295762137568
0,0.10625116222870322
0,0.14096759842536397
0,0.5911531022833091
0,0.18193454095135633
0,0.1304258018195767
0,0.09015006261179416
0,0.09922111157817945
0,0.10408839557186905
1,0.18452563898364016
0,0.49929627409952754
0,0.19028636914099092
0,0.2647009515217004
1,0.9074546175128133
0,0.1098386029348856
0,0.07785748447344132
1,0.6819506006959166
0,0.09420167615420413
1,0.9449783751566807
1,0.8114947102621924
1,0.8783917817830904
0,0.12691871645756847
1,0.1244023796149015
1,0.9256716998999773
1,0.7848982193524144
1,0.2800375741067815
0,0.12330050037376271
0,0.11699338626511914
0,0.927972281834798
1,0.6521934649752388
0,0.140958638006892
0,0.2522036498429193
1,0.1199396650367468
0,0.112633972431574
0,0.08501738882659679
0,0.43752972987084743
0,0.11487487981963308
0,0.15284600600369339
0,0.10299385127327101
0,0.09845515815912743
0,0.15387114255263432
0,0.10750070534526937
1,0.7210564603924107
0,0.11938006710020842
0,0.6713779330260101
1,0.24710815456161617
0,0.08577516416885933
0,0.5227748330153286
1,0.5007843854884951
1,0.6150336006726961
0,0.10110916569135038
0,0.2295682426312851
0,0.0930718281897079
1,0.17070903918774247
0,0.10676545963442557
0,0.09193203802304638
1,0.8419481110833057
0,0.6928643507338967
1,0.5233589878002323
0,0.17557933154249003
0,0.740572564328265
1,0.7239020975266421
1,0.7124024508118679
0,0.11765163758465913
1,0.5587087784743844
0,0.13104922762117177
1,0.7384802589406391
0,0.27491534732157
0,0.1944346875888689
0,0.10594987629634289
1,0.48313535197374347
1,0.8982495423020295
0,0.20679426874315632
0,0.6561262740205912
0,0.19375725340898967
0,0.09599334506113534
0,0.09289349090916905
0,0.5416081538863875
1,0.6908767294504427
0,0.10692347009336185
0,0.11860156583944237
0,0.592629866878469
0,0.14260620754629472
1,0.3230450202953414
0,0.16160866400953097
0,0.1120163850948537
0,0.5014573407694175
1,0.5572263279136824
1,0.804215830708452
0,0.12417878319437445
0,0.22407219691794342
0,0.19563250202624644
1,0.6832952104643716
0,0.1390349865847183
0,0.09929868071912452
1,0.9074455905761539
1,0.9849467358337803
0,0.30926520427969495
0,0.12289366171126058
1,0.35274639415850007
0,0.09424388586420578
1,0.7564376567657568
0,0.08888685144317786
0,0.1100668709661194
0,0.18143689530319138
0,0.23475879308236486
0,0.09637150115380343
0,0.09016718236002765
0,0.13563761951192868
0,0.7604894365144248
0,0.14034935212492047
0,0.09729116398353907
0,0.09468141693131214
0,0.6310575116486447
0,0.11567680409144529
1,0.5236214583780828
0,0.1042090926740761
1,0.7604323049913719
0,0.09077971567880462
0,0.11183830966757267
0,0.13110614674410814
1,0.4094732141033671
0,0.15759571721032262
0,0.10928414702164842
0,0.11475987617522565
0,0.11146408683188214
0,0.09096168803697427
0,0.1082131810385026
0,0.13186038003981693
0,0.12899580903441843
1,0.6397813474186168
0,0.21130220992138077
1,0.7366183055964122
1,0.7432568652692753
1,0.9849467358337803
0,0.12986988852116732
0,0.16514339041318216
1,0.9530151468193977
0,0.12021858330154057
0,0.1869745781040192
0,0.16077516789375507
1,0.7118906813319861
1,0.7433384313478799
0,0.7167515822536716
0,0.17642551028372944
1,0.1373591382907014
0,0.07061910154805032
1,0.6334778080848372
1,0.563549519805403
0,0.10932786150988406
0,0.07778917727741406
0,0.12571136296497712
0,0.08957806346232154
0,0.20898232713626816
0,0.09929221462993543
0,0.2324691861738213
1,0.5488606299589013
0,0.10092716534040018
0,0.17330793485673646
1,0.18712659204078566
0,0.19498935674849002
0,0.0752686851548863
0,0.10234502089862883
1,0.6909374865465989
1,0.3599586982633086
0,0.10302133709406991
0,0.11164038909943816
1,0.7622165997229081
0,0.077627230473965
0,0.13833902243190074
0,0.19302608944804825
0,0.08691252931802579
1,0.9526514418660859
0,0.1291973695122623
0,0.10728029550728528
0,0.2078070787222354
0,0.5380703736131752
1,0.7337783404994221
0,0.12971883084381874
1,0.20990574212255925
0,0.16307476128342854
1,0.2811194072124952
1,0.5584688427397811
0,0.12791597363742335
1,0.9440478672674686
0,0.18058620405903264
0,0.1088632535711238
1,0.3651164688063896
0,0.1339745312021608
1,0.6430556093860925
0,0.1507800963013985
0,0.11033133506042228
0,0.0945943637145979
0,0.11082932810516734
0,0.0757096020017118
1,0.1236587444848574
0,0.7591577675907704
0,0.47992866201992707
1,0.9637625529771969
0,0.11934451715223958
1,0.7653257075177822
0,0.17779336360007153
0,0.08439806960676757
0,0.09351699140211933
0,0.11226650437004335
0,0.19880301479087345
1,0.18028377828507083
0,0.20034635077753402
0,0.09908584594079439
0,0.09631274923809693
1,0.5864954178331059
0,0.11785450035690646
0,0.12579552996148824
0,0.09730986989390271
1,0.3566427276591352
0,0.18895972901444155
1,0.810064796402992
1,0.3853935263754588
0,0.16551038880532065
0,0.305122504407915
0,0.0656845393450702
1,0.4286013279023224
0,0.08207522105624007
0,0.08436051944359121
0,0.17202903000154007
0,0.1335481136348424
0,0.13536139534512348
0,0.10718555535420411
0,0.0883022786971905
0,0.13782316352281557
1,0.9398169886604372
0,0.16372416163757358
1,0.9265029503543224
0,0.2290021557163979
0,0.14171201666889463
0,0.1709696518632442
0,0.11606429536165748
0,0.09446407302423174
0,0.431836480900312
0,0.5485287437557401
0,0.11925776173065786
1,0.7920509480760208
0,0.18126576628709234
0,0.09914344365224226
0,0.17731446324786654
0,0.18049627537586233
0,0.14739522827517626
1,0.2851536494657154
0,0.14284555788970194
1,0.47781814843749887
1,0.1348088200801427
0,0.15174621306797031
1,0.92840859228255
0,0.10184105757980691
0,0.10628112331794515
0,0.6025008474733518
0,0.12293781525186652
1,0.7174463777665843
0,0.11485502076650293
0,0.09461218069452837
0,0.1664777656056167
1,0.10348614506626716
0,0.1916123921195648
0,0.0866270426564473
0,0.22559487442882498
0,0.15859562815103023
0,0.14592011126958052
0,0.12412570830478661
0,0.13858473700032767
0,0.134405849189491
0,0.17724918290171643
0,0.18626673929958631
1,0.6552473764363839
1,0.31606942654377973
1,0.824353608372977
0,0.07709004596990085
1,0.9624807064011327
1,0.14188564961449684
0,0.0902331919686398
1,0.9219464717208142
0,0.1467627315423761
1,0.5085362692323453
0,0.10559297053933575
1,0.3774108358164213
1,0.7246830247039434
1,0.8995087037939766
0,0.2844377304855648
0,0.174691013159642
1,0.23529279158246416
0,0.0960229905670227
1,0.183694905083499
0,0.6528200933253274
0,0.14749335369422722
0,0.12771191606655502
0,0.14211090900697382
1,0.7474910991042407
1,0.5648067067908514
1,0.8364012474200706
0,0.3092375202289788
0,0.5704934483793481
0,0.8264222654778411
0,0.13708816399157092
1,0.938811336354563
0,0.09273875126516319
0,0.12440280306629067
0,0.18921351687572335
0,0.18027231937103963
0,0.10158733003356109
0,0.11966903991306047
0,0.12191956699996162
1,0.4473733816213454
0,0.28238794808676404
1,0.27380945412786556
0,0.15318749367934742
1,0.12581803123487773
1,0.7737615314122019
0,0.08380053637395092
0,0.1485796794416411
0,0.1599598614531453
0,0.13031829513281512
0,0.5857520661614745
0,0.18991492983348107
1,0.7466747895871028
0,0.08869395794494271
0,0.18280020943855724
0,0.1141020845310812
0,0.1682963709793374
1,0.3627979147975526
0,0.12525226885335036
0,0.17578553170514732
0,0.11851895334186696
0,0.11678060865006866
1,0.18515176280521906
0,0.17848508972651933
1,0.6527274894441317
1,0.6551375506267684
0,0.10610388346408674
1,0.6840752900931014
0,0.09285738092091982
0,0.15029926469778063
0,0.09190761123179497
1,0.5646794763797197
1,0.73792447225887
0,0.23895845895084328
0,0.12601776157206523
0,0.15562010519699215
1,0.8670192936176992
0,0.2246549688764839
0,0.08209697930483364
0,0.11954137435919225
0,0.1637013907158688
0,0.10712500850157983
1,0.7120459381319754
0,0.10842211876856589
0,0.09020788086482691
0,0.20144202438136163
0,0.11238218923559071
0,0.10092716534040018
0,0.09456927421128175
0,0.07661229702315611
0,0.4961689609496137
0,0.0857859319679164
0,0.12084731444931106
1,0.48707651140190344
0,0.1050749483851529
1,0.12506642734429135
0,0.09194822508441282
0,0.2217523608691308
1,0.24137505346078938
1,0.4891866685726575
0,0.08177548244889558
0,0.1321679862119689
0,0.12390041470153204
0,0.2819959274875296
0,0.131103307695278
0,0.12877932126366973
0,0.11011811388218662
0,0.18278267025262288
0,0.127337825184934
0,0.1426895556654497
0,0.10077743455319063
1,0.6966245599227794
1,0.6755878252321922
1,0.40262040979984065
0,0.12278131474089256
0,0.19209949143973484
0,0.10800064030216848
1,0.6897568603837119
0,0.13718566414115257
0,0.09651101462580504
0,0.0981848608715467
0,0.12268254613350532
1,0.8744661248436135
1,0.7300160676526462
1,0.7610791019610051
0,0.14702997227076328
0,0.12899910230100126
0,0.12068991200625052
0,0.7375436266630052
0,0.43078604646618257
1,0.9760565129586444
0,0.10052764616344144
1,0.6243834058143657
1,0.645672316067138
0,0.143989800098411
0,0.09004792793422475
0,0.08829543699868599
0,0.2946355889853758
0,0.5617175599420691
0,0.5893138053838882
1,0.44313690797994454
0,0.38087698054877744
0,0.12644194395475392
1,0.810064796402992
0,0.10075058084791347
1,0.7002810729780646
0,0.09150932479736883
0,0.07560223444094248
1,0.6844102737698742
0,0.09891121145753498
0,0.08031983419842671
1,0.7406886435909815
1,0.9849467358337803
1,0.741234358279435
0,0.11786643700876219
0,0.2859857124819908
0,0.12650999717001654
1,0.9376276058258325
1,0.6226006059667643
1,0.8768069302056599
1,0.6945007498133242
1,0.09547848441342689
0,0.10804953157972672
1,0.704625174696613
0,0.21838213390661337
0,0.09931661448332876
0,0.08822560265279392
1,0.9292228006047748
0,0.1499819866201648
0,0.12537188434448246
1,0.5941321974177429
0,0.15969657661460135
0,0.17858692595451225
0,0.08769318586486453
1,0.15654638166689924
1,0.16194220497211792
0,0.267252903663217
1,0.6729254635468787
1,0.387305732181985
0,0.2238085774712706
1,0.8138414873055166
0,0.11072888112764757
1,0.6027567868895438
1,0.6604332101534897
0,0.14407291399676345
0,0.1387393092004986
1,0.5732735861515038
0,0.09829432911021246
0,0.6032329758107324
1,0.8915658122368582
0,0.2509821413559767
0,0.1010910470147412
0,0.0958772663803614
0,0.11690470629271184
0,0.09225522135380367
0,0.08459318635531557
1,0.9560220728966726
1,0.905995467030654
0,0.10837735582585079
0,0.16396605056630964
0,0.15990420003372988
0,0.5676007708006331
1,0.9056639365832525
0,0.08744344247636783
1,0.8147409344310341
1,0.8577296382578246
0,0.1106619475728179
0,0.1077639046842375
0,0.11037433989452819
0,0.1166945262209399
0,0.1414051147015143
0,0.09406438331238419
0,0.08409557703708204
0,0.20157660691332044
1,0.9357675510504919
1,0.20946536627585458
0,0.17971296897148062
0,0.11778775744010699
0,0.17859431705874856
0,0.11762003374063347
0,0.10519293828463461
1,0.6146412281029883
1,0.9742532539721832
1,0.7932640821823023
0,0.18430929919976521
0,0.11592409555532623
0,0.08602370473268643
0,0.12820442501679075
0,0.15867234390023757
0,0.10378785853008861
0,0.1908804639164962
0,0.1126051699915109
0,0.11918784569233776
0,0.5681356831565593
0,0.10941429702514419
1,0.9091836888148774
1,0.294302200182224
0,0.10641938015306267
0,0.16556855371084106
1,0.2512275597332188
1,0.11461910493425524
0,0.7524790110055071
1,0.7545294875898859
0,0.13875659791860764
0,0.11669534763570731
1,0.7838023277021404
1,0.1872294250565252
0,0.31927935527896933
0,0.12003039731567434
1,0.5860834320441715
1,0.38703746650986653
0,0.6062091664737379
1,0.25952910270918406
0,0.13072176856118714
1,0.2308116156829714
0,0.14917425358662298
0,0.07093927699649152
0,0.08681227385730453
0,0.18791087640097742
0,0.48614506313782685
0,0.21959312997602068
0,0.11583004147570407
1,0.7065950847410005
1,0.2641452037239168
0,0.6304000802185371
0,0.11277172059639134
1,0.07945124356725604
1,0.5984300030559782
1,0.592944904699843
0,0.08191350887678801
0,0.23294578269181018
0,0.12307409881961075
0,0.07783077702691478
1,0.26648181473513427
1,0.8990816638924173
1,0.13175340531287383
1,0.5798813146314916
0,0.1159750099393646
0,0.5213991935175547
0,0.08625475806906621
1,0.5164993200964728
0,0.09730683985352942
0,0.09158648973019484
0,0.7880862558674642
0,0.09548738671665896
0,0.10712826299404739
0,0.1258883012186452
1,0.7518580624377976
1,0.18066960405601765
0,0.12563369462404592
0,0.23821577174821162
0,0.07606145134113122
0,0.09496247239991064
1,0.6804977690785697
0,0.4425069942552634
0,0.14594198839116673
0,0.09385004188199406
0,0.09024036774228392
0,0.3980001338936827
0,0.12798175387695587
1,0.7801720431699969
0,0.07392767363856621
0,0.08380556952175078
1,0.6188768072955882
1,0.1420392711425536
0,0.18583943978221865
1,0.16859089707246147
1,0.7267447373736342
0,0.1498088680524072
0,0.1257527835847206
1,0.3554971917902057
0,0.11861765052471569
1,0.661208158931718
0,0.23146910719093325
1,0.9365411493081048
1,0.7012309541405807
0,0.10035046225007159
0,0.09803611257361836
1,0.5692539997240305
1,0.8028097952812947
0,0.2909089674619081
0,0.11344796469571418
0,0.6693685542702698
1,0.5078640856860148
0,0.0882496003729073
0,0.13114245626684698
0,0.12510689267377442
1,0.3461126654296127
0,0.16457224390521713
0,0.16695308896402464
0,0.6326368496924286
0,0.2472397665009396
0,0.5948067942729108
0,0.12247209295411501
0,0.12007160702883499
0,0.15984473731857327
0,0.12709464345818475
0,0.11113580742952642
1,0.7056253932981396
1,0.2575081709574869
0,0.09473229905749979
0,0.10725063626338975
0,0.11862565805769584
1,0.7408984637265246
1,0.8912253620153575
0,0.1027133266695793
0,0.20604015501192238
1,0.6954787547602729
0,0.18382118953743518
0,0.420101691410672
0,0.09673607240788097
0,0.11434322840203162
1,0.07695398553151274
0,0.15441279204117758
0,0.2263202189390153
0,0.09366887676460037
1,0.09976162121245413
0,0.12067375199924772
0,0.1115451128797825
0,0.11152183126139849
1,0.6248120572383539
0,0.14431502646911545
1,0.861231835279153
0,0.07890726412748764
0,0.09582925031977882
0,0.11009260390796062
0,0.1358311306790487
0,0.08634678212567423
0,0.4736046292744613
0,0.2135156145686296
0,0.09901963271363763
1,0.38090202271558626
0,0.1290201519396036
0,0.09641866804904022
0,0.384532580493694
0,0.1866958266358878
1,0.5967337104299403
1,0.5767304385587095
0,0.07560223444094248
1,0.919170552324222
0,0.15062118921070614
1,0.1942843075645757
0,0.18605390871841448
0,0.1495030966710969
0,0.13104922762117177
0,0.13695595914828965
1,0.13848078714499154
0,0.15346628219693054
0,0.09755300570853077
1,0.6608179942996133
1,0.7877646116571466
0,0.1045227931365149
1,0.12431092234935417
0,0.12867862672827282
1,0.6871963018075237
0,0.09314296861476258
0,0.13633369905515977
0,0.10647035935683363
1,0.9752448659277192
0,0.17629871402704997
0,0.23478215381625625
1,0.6202399080355239
1,0.7507900495432546
0,0.19521226797332547
1,0.6680522410377651
0,0.10671327472929398
0,0.11638685929521193
0,0.12210477471106959
1,0.17639286874167132
1,0.13715736333542683
0,0.11061930107352268
1,0.4595204441006831
0,0.12052610769625387
1,0.8836736856576209
1,0.5158094677038493
1,0.2814638017285257
0,0.12496434801297125
0,0.5224172712420289
0,0.17577063208186894
1,0.1504439231215144
0,0.08905340988429485
0,0.33535355796562966
0,0.12218122342005576
0,0.12259903115534891
0,0.11648447391333058
0,0.09319649912731198
0,0.0912225066999626
0,0.13134555227883385
0,0.26819262914274655
0,0.22297734644661146
0,0.10665348205727594
0,0.11504011430112046
0,0.0796126336715454
0,0.0812996533690265
1,0.9399429593479959
0,0.16338919054141351
1,0.09613846535926662
0,0.21780392959528824
0,0.16554368682555465
0,0.11945827548850847
0,0.0948775192398773
0,0.1302251133415592
1,0.7216404705911589
1,0.6502358334750041
0,0.14959875691122998
0,0.40283722028123725
1,0.8045829097799074
0,0.1277700586627053
0,0.13962477538496923
1,0.7533135519949573
0,0.09198350898153952
1,0.18673653625396733
0,0.22162233855978394
0,0.11720371554311129
0,0.11417471882562277
0,0.0814829063113644
0,0.11879235206695728
0,0.19723826152133148
0,0.14422517680452743
0,0.22260343882185496
0,0.10533381400988857
0,0.07335844514984863
1,0.1696166748475589
0,0.49618886398877515
0,0.10584630649781575
0,0.1072448565498283
1,0.9580510600843413
0,0.09665948250235856
0,0.4126614496317397
1,0.10284081103070238
0,0.14308414876770092
0,0.20896810162743024
0,0.13377556840404337
0,0.10878387256146656
0,0.8696257600686854
1,0.907673600563057
1,0.6775560586481132
1,0.2006012067310989
0,0.12784847418024545
0,0.08597051542642625
0,0.13248289738487115
0,0.0974037006030891
1,0.11672086767861
1,0.5073361812014496
1,0.9624807064011327
0,0.14519242893941298
0,0.595885018141072
1,0.5954731036574035
1,0.42591138067508366
1,0.25922419700057386
0,0.18112049430049085
0,0.1767950360055565
0,0.2709392740851077
1,0.6046729373585907
0,0.09825840819235115
0,0.09098500649302939
0,0.14592011126958052
0,0.1709129723542483
0,0.09194961731210156
0,0.07741920424075832
0,0.09444551743190273
0,0.07033446878891524
0,0.12863930849347605
0,0.15927364631582355
0,0.2612844529817307
0,0.07901316156023883
0,0.16540424059117156
0,0.115756732903468
1,0.7197216763541897
1,0.6285299364865488
0,0.18099060574352968
0,0.08603411319121967
0,0.07515103047365042
0,0.1883211218985957
1,0.9057805842400065
0,0.10103921091654097
0,0.19134083874261235
0,0.11917267497011064
0,0.06730257994531308
1,0.5894858876706776
0,0.11253216509828458
0,0.09212639687168342
0,0.11825875337856824
0,0.09210082818581755
0,0.2568447488686603
0,0.10556901704083532
0,0.6458336405217753
0,0.6710591173727162
0,0.5078762063291474
0,0.09407938224531029
0,0.10421656086007437
0,0.09721058803060786
1,0.7476104357927966
1,0.7520673404515669
1,0.6257252442682191
0,0.8118248857734703
0,0.09197646443584176
0,0.10430272902540245
0,0.29657428195416663
0,0.1284557044926923
1,0.08893461769724675
0,0.2241702443137723
0,0.11051715311439973
0,0.14310232918143684
1,0.198910003168534
0,0.10918189014124327
1,0.901835666522426
0,0.6481471499406805
1,0.31503533760275126
0,0.2709419957180149
0,0.10230222672057691
0,0.08185589364532704
1,0.9054416402474971
0,0.11321509481090311
1,0.45317668614980133
0,0.15353335907826599
0,0.1208000417848055
0,0.08389764950669396
1,0.6611628028820585
0,0.0656845393450702
0,0.7525159334286482
0,0.1052934940808828
1,0.7268456639170381
0,0.07877298610068785
0,0.09823162376412266
0,0.09904971997799107
0,0.26098346495229835
1,0.6643706528296993
0,0.11969030433961127
1,0.570815989611598
0,0.10668519759345949
1,0.5937585958647345
0,0.6507979967736998
0,0.0715672242014562
1,0.8396268091440179
1,0.6535479471913325
0,0.12401695709564431
1,0.5077444022012763
1,0.2026003323696586
0,0.1336489559589246
0,0.10712500850157983
0,0.44302552705536297
0,0.22348048405779136
1,0.9276658526921759
1,0.5401401047561694
1,0.837168085536071
0,0.0742776699038933
0,0.16398614374966383
0,0.7026002628616302
1,0.818193223567724
0,0.1152645235452886
0,0.14705876230334558
0,0.09411738459165667
0,0.17507776960406865
0,0.12625177051553768
0,0.14164652587905485
0,0.09546448892764199
1,0.17627053916938967
0,0.15010920979823753
1,0.12885022164963125
1,0.8822695739207533
0,0.12840254170975515
1,0.8538344116621609
0,0.14073389153305163
0,0.10314118022203904
0,0.09025941338458536
0,0.137382684301585
1,0.9573619521135439
0,0.6543374249769082
1,0.32919111613002106
0,0.11924535586913529
1,0.1068880542779967
1,0.5369265627640442
0,0.27727521651450704
0,0.14416584579303796
0,0.093972170184568
0,0.08969546533781306
0,0.14566771152535593
0,0.10905255549533141
0,0.07560223444094248
0,0.16875069719005975
0,0.12751514372199957
0,0.11281293060858108
0,0.09355663756264512
1,0.8522209414564035
0,0.7143191265665664
0,0.10377212954358964
0,0.8894475212199903
0,0.10194069923659814
0,0.12170166376334285
0,0.17165934586468812
0,0.11218909518352074
1,0.9624885480898304
0,0.08575659970207797
0,0.12525226885335036
0,0.1715291999324104
1,0.6948929211068243
0,0.08202476950871963
0,0.131540964708021
0,0.13879817254155288
0,0.09620947482702377
0,0.10449890160391853
1,0.4651216048736343
1,0.7068592572508514
0,0.08431345714195577
0,0.2938821274412138
0,0.1358444440339506
0,0.13997292894784683
1,0.4351114803341039
0,0.08336987673700749
0,0.14046381346844394
0,0.1378491466305388
1,0.1274821521185356
0,0.12173337423345773
0,0.20817672856432348
0,0.10663496404649796
1,0.7702846975764641
0,0.11644062169141367
0,0.6992639596157719
0,0.7304153278244209
0,0.6260750339808101
1,0.943945181888191
0,0.10286179295757436
1,0.7276053526828248
1,0.7945789321895903
0,0.14243478719813174
0,0.10415746826491686
0,0.25925743878748514
0,0.1302397207211288
1,0.7272672426629712
0,0.10868064877394702
0,0.2450007327757155
0,0.08777980941787679
1,0.9908594250657927
0,0.0786335486357448
0,0.08895818154345954
0,0.20271313177111375
0,0.10407545943110864
1,0.13561693584171147
1,0.43843082419751744
0,0.16793269673087985
1,0.9252174582873914
0,0.09968992843612043
0,0.47019945028281845
0,0.11435534427436533
0,0.5551503026125975
1,0.7520418117983021
0,0.1376073972285311
0,0.10705734441506652
0,0.6398035493406459
0,0.8831249833347179
0,0.5919855509520091
0,0.1278668606176051
0,0.10467614715300981
0,0.1019704284238548
0,0.10716060909498541
0,0.08938948767846529
0,0.21466803515812824
1,0.47967447715820366
1,0.24968372623899815
1,0.21818488483981885
0,0.12826888983158122
0,0.15837180993007227
0,0.19929178719226998
0,0.09076816074289142
0,0.5927836471249851
0,0.11898299668649867
1,0.9105892898745626
0,0.28836436225717926
0,0.6594694670152386
1,0.27103683141859786
1,0.45521083638617177
0,0.11671905157095722
1,0.25372763593279846
0,0.09342794121656187
0,0.16943262962553965
0,0.10103067264519175
0,0.686231498721129
0,0.35515658878562506
0,0.11428554398740796
0,0.147786306535089
0,0.3113776984459423
0,0.09288253333154464
1,0.8503701771920333
0,0.10927171593991315
0,0.11315298409773843
1,0.2819959274875296
0,0.16234936260242902
1,0.757871238631946
0,0.08978126285382193
1,0.2305788799064794
0,0.13013152792425484
0,0.11658078733218277
0,0.09295010788814724
0,0.09873251823314241
0,0.12626488582023396
0,0.1388902796241082
1,0.28003580038984716
1,0.9103194202071331
1,0.2160672648203625
0,0.6372996063938122
1,0.1266473882835882
0,0.11199023283703453
1,0.6614183072839239
0,0.1194646996430933
1,0.16352441433104184
0,0.26302227370297815
1,0.6291942133194413
1,0.23182128977402103
0,0.24629263704281917
1,0.9466685358831799
0,0.10714375496566007
0,0.12196718269730478
1,0.22106148177595833
0,0.12513422329277699
0,0.11104512387389695
0,0.3400410410290403
0,0.09123149164443431
1,0.5001280506608854
0,0.11233966920061565
0,0.13112315745775083
0,0.09631539120213126
0,0.1219423188415964
1,0.6107379658824645
0,0.2194990083179173
1,0.8468856003308042
1,0.9484275086496121
1,0.10677130752807741
0,0.10704520052037739
1,0.7476104357927966
0,0.0958382369362123
0,0.14432840737300312
1,0.3270273403531374
1,0.8623481134246705
0,0.689184230257732
0,0.11721573280397828
1,0.6929032290745558
0,0.5282337106253007
0,0.23060892105336175
0,0.1918436266698596
0,0.15971807818586792
0,0.09408734482027428
0,0.22429132998672344
0,0.17802123350588303
1,0.8005699990130518
0,0.24738688729515176
1,0.9197958984629008
1,0.7287001615612679
0,0.10800064030216848
1,0.7824687183654404
0,0.06761567659526642
0,0.08303807088237954
1,0.5430019763383772
1,0.5024370881561062
1,0.22023166368942168
0,0.11463447342917349
0,0.24991219021799738
0,0.09602590467722692
1,0.20369568209067757
0,0.11313953675750192
0,0.1600423637169992
1,0.7642487449004192
1,0.37115769998671194
1,0.957570523194047
1,0.9378846597873732
0,0.13992918969949272
0,0.11287734756814735
0,0.21019035577883977
0,0.16044394024900696
0,0.10129370750124099
0,0.10291023300114226
1,0.0898601873843539
1,0.33463785254378686
1,0.7799478811994002
0,0.08532699199281686
0,0.18912248166560383
0,0.13406309229933477
0,0.957570523194047
1,0.5275914668828344
1,0.725375759615062
0,0.10343708632425158
0,0.07972508629504843
1,0.2717368301627286
0,0.08503057503399455
1,0.7443464371741524
0,0.10305502236437813
0,0.10618166377919114
1,0.7741433013514485
0,0.22941244408939912
1,0.4278586318817798
0,0.17267843051817064
1,0.8169707083672181
0,0.13950783655505627
1,0.7332541847992743
0,0.10675507680772678
1,0.9026179496636081
0,0.07913651656824966
0,0.5505303839015558
1,0.20039291724091746
0,0.5777523332258837
1,0.8639934039431685
0,0.09453542876108612
0,0.07474715491868231
0,0.13428131573931526
1,0.11564233542414573
0,0.08021261738612483
0,0.8343537464491936
0,0.13457514105714158
1,0.15322655929523718
1,0.8755485845417422
0,0.10461423048480688
0,0.08948186271834362
0,0.07823463866777432
1,0.8173193263503814
0,0.11188901561057976
0,0.07448005494785061
1,0.8024120158967463
1,0.9077545748547708
1,0.1565030878272433
0,0.2965011682973964
1,0.6872112591297829
0,0.08836082433307327
1,0.622729458364902
1,0.20432694533702278
1,0.27817993623060394
0,0.13684912892355544
1,0.7508671587484688
0,0.45796089998154954
0,0.15035228186238928
0,0.09614555830491803
0,0.09340144197366869
0,0.11966535709543961
0,0.6133599627999154
0,0.10408214921473521
0,0.10682487319693319
0,0.15572904486994463
0,0.08934973424426901
0,0.13742185976363083
1,0.9650321973113575
0,0.27229418600403293
0,0.1543455791687843
1,0.7234568022227632
0,0.14532045940959387
0,0.2213122968139941
0,0.10226998787320024
0,0.12318966438093316
0,0.1736117857765311
0,0.07529669839642683
1,0.09480359037068968
0,0.1159720128561381
1,0.5973979973608866
0,0.129110713254396
0,0.13498235458045701
1,0.6897430652963844
0,0.0931420279101268
1,0.2648393505470331
0,0.13674342760410377
1,0.8719670610533077
1,0.6920993121585868
0,0.1921877604382148
1,0.9057888556329018
0,0.11230297884560726
0,0.09918327523936966
1,0.6379448268009821
0,0.09299327950434347
0,0.6806095823725923
0,0.19551728797925477
0,0.13132054609204508
1,0.9369519194882443
0,0.11175875751714938
0,0.12421399777651444
0,0.11615799079291876
0,0.09824851093613422
1,0.6401240411390583
1,0.7533309361392768
0,0.1629241015009745
0,0.1885990355083612
1,0.8853050886994296
0,0.07560223444094248
0,0.1429649775122131
1,0.43536225316446314
0,0.12052425987867232
1,0.194293935068922
1,0.31661426843866314
0,0.16174150992971828
0,0.4129698520033922
0,0.3819610829495258
1,0.6824732249675702
1,0.22199782806547697
0,0.27474429457447863
0,0.15873845652281968
0,0.102879855781215
1,0.7857787975066446
0,0.12340774775349377
0,0.10961103845457935
0,0.08794454783372177
0,0.14751700802184184
1,0.772428555929397
0,0.10057703308805742
0,0.12032392967087915
1,0.938811336354563
0,0.22927802842471248
0,0.10084186630369524
0,0.10212638931638118
1,0.2417256864771074
0,0.15551618553623917
1,0.6596085681573257
0,0.16505237205062484
0,0.10245770576534446
1,0.8034788590023266
1,0.16185819888301672
0,0.07260533545835504
0,0.10332386077458891
0,0.1384222836886746
1,0.9262438174700511
1,0.6099482866609979
1,0.245423880546585
1,0.1531406782998838
1,0.8848813816402488
1,0.26851012636267657
0,0.17219913004895107
1,0.8781825332622399
0,0.1025906732995286
1,0.1944512383845641
0,0.22952725212428846
1,0.874462023927447
0,0.12017774006843705
0,0.13837637301735883
1,0.15366827167355035
1,0.874640726238303
1,0.2964701889935688
0,0.580059626388183
0,0.10058384004836424
1,0.9811130670393374
0,0.3124850154067474
0,0.08889742427695256
0,0.5315003147857996
0,0.13813651672432034
0,0.1538679583095164
0,0.11554606461777626
1,0.9499968358075176
0,0.13688575011986862
0,0.1537670167018373
1,0.7627636568289069
0,0.10853381471268082
0,0.1341214547165266
0,0.17471151836001567
0,0.1617094051592984
1,0.13522539509916137
0,0.6864086181891387
0,0.13661765446299384
0,0.09546780161543371
0,0.12926697140496943
0,0.08872734423876996
1,0.42595006321073653
0,0.10234502089862883
1,0.7745980590383676
1,0.2666691715536184
0,0.07437100270431976
0,0.09188233350529416
0,0.7242280906741562
0,0.11981727567607986
0,0.12269915324961547
1,0.7179639761225206
0,0.0931760385054962
0,0.1068014741689058
0,0.1585183718428298
1,0.9063132019860592
1,0.9363707661548515
1,0.9679071322682316
1,0.21454269631112538
0,0.07657941136204889
0,0.18475317758964482
0,0.0697851017577549
0,0.1845120262512692
1,0.42481744435756
0,0.12169701223984329
0,0.12061434034565233
0,0.12350739368150418
1,0.1068928299038994
0,0.08684400220462396
0,0.14331449994408013
1,0.342572530782141
0,0.12488191995086767
0,0.09646014083009553
1,0.10217858563968116
0,0.37042067888336294
0,0.18530926707789797
1,0.2417417900556143
1,0.7786973090811119
1,0.34955657399001383
0,0.11870578607233898
0,0.09741520499341946
0,0.14970592952301728
0,0.18742245980604302
1,0.6178255950884476
0,0.27370323850864997
0,0.07549812276160572
0,0.09560448478570233
0,0.10849129000702143
0,0.2794212148213208
0,0.39235144035398306
0,0.1789156979738161
0,0.16336136816626334
0,0.08888596845357044
0,0.1258185423888024
0,0.137539226313336
0,0.1392825795926781
0,0.10126208537564434
1,0.6821239184369103
0,0.13388404511578417
1,0.1426272361532536
0,0.11700197244957139
0,0.13007621302635683
0,0.41823731575917183
1,0.7683991850301013
0,0.08821690127265273
1,0.5343707494016404
0,0.1093032816688471
1,0.9505405254107634
0,0.09612671739243552
0,0.1293003720349724
0,0.12834421254627765
0,0.08153667027645312
0,0.18458729489231548
0,0.704213131092648
0,0.5179712908864973
0,0.11801735888357846
0,0.1888322869253486
1,0.32060858778789086
0,0.14003397938587267
0,0.10923389776288815
1,0.7059869459149228
1,0.8099949012971621
0,0.11022604017361175
0,0.18988469652913997
1,0.6816156054496119
0,0.10227969350543943
0,0.17952475032691853
0,0.5491861385498044
0,0.48619056789102877
0,0.1013171140588526
0,0.11239772371189627
0,0.5431622872827234
0,0.0967445059295115
0,0.12147442000979072
0,0.11394686231280153
0,0.18239094508105172
0,0.3060609540902158
0,0.11029751403857037
1,0.22152018922168246
0,0.11088319898300114
0,0.10281891707153523
0,0.1207458175229967
0,0.13963686314420679
0,0.20037744832775436
1,0.2740890891023074
1,0.9224834398017782
0,0.5523636038691587
0,0.0935229207228451
0,0.14667474190979726
1,0.9560220728966726
0,0.21582771932532102
0,0.4556643948476612
1,0.723986318123442
0,0.16732026961861196
0,0.17884253221107566
0,0.09019303834669505
0,0.22677968380927188
1,0.7247202773038492
0,0.12839180445532564
1,0.724506544282522
1,0.3607432014124667
0,0.24097215514848427
0,0.0835139985347774
0,0.12284157473870991
0,0.7868659093142701
0,0.29936637238572705
1,0.9230192600685618
0,0.17078065998480113
1,0.2293281044946113
0,0.07488843379793003
1,0.7115539496073602
0,0.13028830503765762
0,0.09521715064401325
1,0.869717282268403
0,0.1251827971162497
0,0.09721058803060786
0,0.0886533693171338
0,0.19226609939113018
0,0.17393387964838575
0,0.08620665719736441
0,0.0795831084100186
0,0.07910338751756593
1,0.6978649758758623
0,0.1700013300592698
0,0.11557729035526387
0,0.09312871271204613
0,0.17955288577674133
1,0.9681044400071536
1,0.5753201454273951
0,0.12939096018795238
1,0.9309354346377893
1,0.6794667180404312
1,0.729086412124911
1,0.15965753282378067
0,0.17762617010239418
1,0.1882126861364394
1,0.4878468985914294
0,0.11544206181353599
0,0.11038454879703052
0,0.09555567707950378
0,0.1343026469618343
0,0.13056314094923308
1,0.9147876464757184
1,0.6126121917780804
0,0.07556832677243573
0,0.2242140388155381
0,0.09449522049948167
1,0.7338033253902684
0,0.4214126431605305
0,0.181972470803276
0,0.10901560771114409
0,0.14149233194838193
0,0.10595583223239177
0,0.08802608602010094
0,0.09630927804177405
0,0.1684590039649229
0,0.16005360639163982
0,0.10332504675593274
0,0.2403976271996055
0,0.12539378402389587
1,0.4509011789005207
0,0.15047560007580033
0,0.21804373423946322
1,0.18859943310914692
0,0.11745200095128042
0,0.4125748685353203
0,0.1105017329768857
0,0.2977765780376319
1,0.15789073655809066
0,0.11109162545943592
0,0.6127967528284923
1,0.8970401150350651
1,0.9105892898745626
1,0.18066191546918797
1,0.7345333840902155
0,0.1379892242914832
0,0.18462867181086673
1,0.847381796849044
0,0.1178267482657244
0,0.25104418480786894
0,0.14851670961245664
0,0.1910794370101984
1,0.5776284466365437
0,0.12154796602974809
0,0.13258377533683613
1,0.8195987086221814
0,0.1773411409258496
0,0.0967679643255074
1,0.7461310603669357
0,0.6996254496777515
0,0.09850114146261497
1,0.48385049851957246
0,0.11159808198634794
0,0.11101601698830062
1,0.16222418961111465
0,0.13965023170338037
1,0.816481680441321
1,0.6723690509795056
1,0.9412091417394473
0,0.18764338537214534
0,0.12351046524080904
0,0.059233574158955755
1,0.7891896330845506
0,0.08557548162954098
0,0.09597606646353392
1,0.44657784141830337
0,0.09723120852192658
0,0.105204079416983
0,0.1219601643118168
0,0.1925847668210532
0,0.09559397869766871
0,0.07663825164564098
0,0.3146759797468705
0,0.1817956686532164
0,0.2355877649976754
0,0.08620840989877049
1,0.7852543667120102
0,0.1297091002183123
1,0.6540165725395231
0,0.10508337424407935
1,0.42980803661381056
0,0.09331130052589864
0,0.10578930412258196
1,0.2551235115726146
0,0.09460515596937749
1,0.46103200767493047
0,0.1821830662717961
1,0.5338695831264991
0,0.18258053353387313
1,0.8602412500647673
0,0.08436051944359121
0,0.08370497681858381
1,0.8725909645874762
1,0.14250784002756214
0,0.17843397888967683
1,0.938811336354563
0,0.12347410285613829
1,0.13228704323463628
1,0.5811894881857109
0,0.17137832072368334
0,0.24387735774607838
0,0.2265955876380446
1,0.47498250880782084
0,0.09572409024071457
0,0.09126842377487784
1,0.6581672046499569
1,0.8333740210517502
0,0.16683776451242438
0,0.10972438330481389
0,0.13724581737710148
0,0.1664417849857507
0,0.11185818341717393
1,0.6515045737358017
1,0.7828098646487854
1,0.9573619521135439
0,0.08098554411983218
1,0.15382594554113238
1,0.1355601752765233
0,0.1390028257136434
0,0.10496274577364796
0,0.2582426684181319
0,0.16943135313630675
1,0.7464642134731769
0,0.39720901458316293
0,0.15475119356393544
1,0.9919037024258596
0,0.6966900524948182
1,0.6803810376416406
1,0.348917830629115
1,0.9499968358075176
0,0.08239787491805185
1,0.20417288025964134
0,0.11948300067430655
1,0.9660217651623344
0,0.11099170183137685
0,0.13098987753557326
0,0.13038895624926417
1,0.15697787591637027
0,0.2044359388631023
0,0.6966245599227794
0,0.11047199543972791
0,0.7135852181843614
0,0.6423857333877301
0,0.08744277221341272
0,0.18405505713810738
0,0.08742540563268551
1,0.19870848618371945
0,0.09794762824304767
0,0.330267720104885
0,0.07152824336831529
0,0.22734916075902312
0,0.10234502089862883
1,0.19349797217754286
0,0.3287168076982077
1,0.1337288142678009
0,0.16682908552656733
0,0.10245495171744505
0,0.1305722083617951
1,0.6615416043926187
0,0.11983491905572663
0,0.11328958989893025
1,0.5641773493960708
0,0.09384640958683121
0,0.1155675784618935
1,0.1641463749341981
0,0.13570979340085979
0,0.19741969714739896
1,0.6498019859334384
1,0.686194502073328
0,0.09365565831120612
0,0.106973943465986
0,0.7128959659192325
1,0.8573728328500342
0,0.1364687876794549
1,0.23932088557488335
0,0.24300451651242008
1,0.8714298503729295
0,0.12453097030759842
0,0.1191585479125602
0,0.10016037709039084
0,0.1475500737310119
0,0.1100776204144167
0,0.15984473731857327
1,0.1617082840987669
0,0.192391079312804
1,0.3135483626028682
1,0.8253840233709064
1,0.7682333440618944
1,0.7640294748449278
0,0.10779968344709843
0,0.09774211476709312
0,0.09457218184146234
1,0.8780900230586226
1,0.8661197293749132
0,0.1689384502095239
1,0.1269920102918693
1,0.15554087194294985
1,0.8776056512199734
0,0.09551090970218917
0,0.133117706632941
0,0.10784135011854715
0,0.132996721728401
1,0.8280082812634848
1,0.8310135091126403
0,0.09598641062298302
0,0.5553322312295352
0,0.13379835505875973
0,0.10602155978799858
0,0.16615496360416238
1,0.6146404364726357
0,0.12647025899007394
0,0.08821776195615016
1,0.15065479450473002
0,0.25997965907171605
1,0.41974806268297676
0,0.0962577265773141
0,0.2088713136522915
0,0.12894984477598048
0,0.10001665779505255
0,0.1393712495873105
0,0.11105714474459115
1,0.16701039697756384
1,0.7925484335679196
0,0.18988554595030424
1,0.924366689990214
0,0.12381647874093951
0,0.1717613450575187
0,0.1146147656851568
0,0.12055716681686064
0,0.12182943470351787
0,0.11985820802641677
0,0.08301772458202317
0,0.11562156859702656
1,0.9484851023476184
0,0.17868169671857526
1,0.7143191265665664
0,0.28916168723834923
0,0.12370561217612924
0,0.09295010788814724
1,0.9681044400071536
1,0.754388026382613
0,0.1544872581953498
0,0.15361766472654836
0,0.1342921556682337
1,0.762200468861488
0,0.09149501421672346
0,0.09351512876611832
0,0.10092848795281534
0,0.4107397256647575
1,0.1448980357939249
0,0.135837040695684
0,0.9763653426682457
0,0.17219913004895107
0,0.19815527793293555
0,0.11008291216200686
1,0.9091750741733402
0,0.12848948865337562
1,0.40202651707619835
1,0.7430931585314561
0,0.09324667463269697
0,0.13196409890780145
1,0.8680049633531953
1,0.4331427553129103
0,0.10648894778948897
0,0.09505136464615932
0,0.1692508711707548
0,0.177411076255164
0,0.16750956959487
1,0.9684556702355992
0,0.1797089021036952
0,0.13579241529815284
0,0.17235983170456806
1,0.6542673921893407
0,0.30656795271551185
0,0.1467463239016736
1,0.7705859763435909
0,0.09487632516022665
0,0.09543949978493882
1,0.6934386848966247
0,0.13784375700618942
1,0.666117709696738
0,0.11762033623619354
0,0.09968897944741932
0,0.12575282436738844
1,0.6481395675538939
0,0.06455366263511557
0,0.17123553905554711
0,0.09871675810161726
0,0.15588965290903045
1,0.7124498614911614
0,0.13159107667465733
1,0.1875737276082793
0,0.2083142583113715
0,0.6090188978987878
0,0.09541566010319091
0,0.3748625637998917
0,0.20841651199666275
0,0.15912797567014375
0,0.09261192607780232
0,0.316973523179777
1,0.93017946584433
1,0.7471091004497303
0,0.09926199691556195
0,0.1463595848975924
0,0.08960776879759973
1,0.17801777055187806
1,0.9334828139413976
0,0.10179373270926073
0,0.6602223213114672
0,0.09322528822580277
1,0.18395935288282603
1,0.7872651183247544
0,0.17824547810993058
1,0.2633226956950831
0,0.10933937503773156
1,0.7083731177052046
0,0.11423042481342856
0,0.10293779611601749
0,0.09627261017150449
0,0.7247202773038492
1,0.10496166434307784
0,0.6220303411292655
1,0.40128757397094145
0,0.16492910741232705
0,0.38177187427652265
0,0.09013006132215542
1,0.7008160885165772
0,0.12245341523960145
0,0.4638739111965488
1,0.11780533395712245
0,0.20040524422055342
0,0.10572213357427317
1,0.9486766356538407
0,0.2077921030294899
0,0.16498714539165293
0,0.3490984063761785
0,0.0884179452099032
0,0.30368263409658797
0,0.1111762910825492
0,0.07979110862330818
1,0.19409044278880427
1,0.23955096168199086
0,0.28249280109457925
1,0.906841558773608
0,0.16651015467030172
0,0.12409864094838964
0,0.16291285792667148
0,0.11393183548226465
1,0.6312128011630157
0,0.07666665628297559
0,0.13114240525306015
0,0.09266247447432467
0,0.17667441410448279
1,0.9483181726141253
0,0.12003083868745637
0,0.15630687152666914
0,0.07957048333951768
0,0.15296114186875395
0,0.11308240271349355
0,0.7642653794281499
0,0.12693560095156822
1,0.8185292265762455
0,0.10446594096453697
0,0.08583359145293247
0,0.08735090563208098
0,0.17769008632743571
0,0.3447296802670922
0,0.15453654967280678
0,0.7072344609508152
0,0.10588048143946696
1,0.7575030685363366
0,0.09128107582982777
1,0.24098661287750367
1,0.2290021358612946
1,0.2072955200833853
0,0.11141968019975881
0,0.15990413495591957
0,0.10399425536313409
0,0.0858344294023189
0,0.09662530065751791
0,0.11866999736953797
1,0.5765005000726072
0,0.11119715882901764
1,0.11514205397643551
0,0.09300473985444084
0,0.07368505225000845
0,0.1091840798929352
0,0.11531053861340552
0,0.13261056050304282
1,0.7567442445686986
0,0.11371683456855235
0,0.10590995943998309
1,0.8860376189132287
1,0.7528418228573938
1,0.7221058349825186
0,0.1122570816536054
0,0.4319554811258184
1,0.9559983309864034
1,0.7143191265665664
0,0.15831249293690086
1,0.636865038141777
0,0.10084599273486691
1,0.9154043856404959
0,0.18380675271726543
0,0.1387330031163576
0,0.6071337612544335
0,0.15776770333166165
1,0.09251985082739977
0,0.16400648599906653
0,0.10981502850342974
0,0.08738292767546267
1,0.7411390958046182
1,0.3306480382887628
1,0.6217621535281402
0,0.09472712258163093
1,0.3612074823742596
0,0.09414189222049742
1,0.20618676101215025
0,0.09207009457054807
0,0.13553760940315013
0,0.06836978590834429
0,0.10682953220343185
0,0.08744344247636783
0,0.13547081389844223
1,0.6586792120921695
0,0.1242319725849811
0,0.08234412804325032
0,0.1180847477664255
0,0.10606142450541893
1,0.8714298503729295
0,0.12228578317946237
0,0.09490600593386181
0,0.18466801719169254
0,0.17246318410987385
0,0.25952910270918406
0,0.12808851917817016
0,0.08713502677700262
0,0.7923189941597466
0,0.11674189092708193
1,0.9622917222024355
0,0.1177953917990912
0,0.20980369449838918
1,0.8966432021829078
1,0.5774583070981008
1,0.7760201532494714
1,0.25274202874618484
1,0.38300067823500045
0,0.1299621428098641
0,0.0998556013424753
0,0.09327949153847143
0,0.1720499433726655
1,0.20354726234152754
1,0.18973149654703172
0,0.09424623464956368
0,0.09799366789476224
0,0.08688164956826633
1,0.8989411010807733
0,0.11753774193493309
1,0.9447159690545847
1,0.18770146746094155
0,0.1164377852863191
1,0.8000550969341585
0,0.1343577370111957
0,0.09414382465885805
1,0.8401008799090768
0,0.13480270151702714
0,0.5238972861146708
1,0.6827706737162537
0,0.1285005576441641
0,0.7515688388166247
0,0.15659694731608217
1,0.7085877373040916
0,0.3465710023369783
0,0.11889314927832369
0,0.14564896163796462
0,0.1448442537029557
0,0.8769574339876349
0,0.2974717422569029
1,0.4789877940435779
0,0.18002318316563257
0,0.1224459249549667
0,0.17156664192771026
0,0.14056115333017785
0,0.564982248758484
0,0.3599586982633086
0,0.21092349960473614
0,0.08125122060523796
0,0.12264284187579626
1,0.4346516703074648
1,0.3144262116891204
0,0.09939568928421222
1,0.757871238631946
0,0.1101835741802299
1,0.7006648853508819
0,0.11656472781450854
1,0.2582211516739305
1,0.5565400813701594
0,0.08179939323344784
0,0.1795248579959025
1,0.1994515815397891
1,0.21453815443235114
1,0.7712504625523408
0,0.152210537342556
0,0.10551812453789869
0,0.14031155045597085
1,0.7724497726806276
0,0.11401370760241489
1,0.76676215571457
0,0.10956839863275283
1,0.7779194175577544
1,0.21620996903709402
1,0.919637142516155
0,0.15949254919547834
1,0.9219742928639523
1,0.16995646504866388
1,0.0979178874313673
0,0.12198553164011824
0,0.20316785169097668
1,0.4104644434894585
0,0.12316871562957843
0,0.6085199087974674
1,0.9123483918592642
1,0.1768105408415144
0,0.10666330870511158
0,0.11588120935026928
0,0.22615634495704462
1,0.643831907765644
1,0.8481855979940366
1,0.7646572854658508
0,0.14679728194160965
0,0.12179772370257758
1,0.782346010864006
0,0.12989850436309291
1,0.8122416684302329
0,0.10779547325445954
0,0.09505136464615932
0,0.10552518622979912
0,0.28572944310911913
0,0.14902789706791944
0,0.14278954127400378
0,0.11406708233655799
1,0.1504439231215144
0,0.19689744891360306
0,0.15630687152666914
0,0.1053803465315423
0,0.11806381699961632
0,0.22649048646624914
1,0.19094329650929442
0,0.12444257438175146
1,0.2057653931492012
0,0.10503820394589017
0,0.1273077047893297
0,0.0933376132832578
0,0.10078643624818774
1,0.16441977314795833
1,0.7247202773038492
0,0.10325889821775898
1,0.9448795105030344
1,0.8819754747910729
0,0.10988436282031966
1,0.7090702181433245
0,0.6290430188520428
0,0.7681490150893654
1,0.08817173271206227
0,0.08589141999415308
0,0.13759650626067907
0,0.6991765444701207
0,0.13157496193230575
0,0.11859465746836224
0,0.7005519907192387
0,0.6105632111530506
0,0.1179644318569468
0,0.1930871445745634
0,0.06853675136147787
1,0.11254420674244528
1,0.7682333440618944
0,0.0877897891364791
0,0.09787881210741542
0,0.526073703642294
0,0.19440375043723201
0,0.12304115588631578
0,0.1959358956455826
1,0.6628873238022359
1,0.1311191252370572
0,0.11682306874773703
0,0.0972821212400593
0,0.08656942394163022
0,0.21028440290319927
1,0.7705565022362667
0,0.12246980610044761
0,0.08150648977306071
1,0.09050055116833386
0,0.09747020760496194
0,0.10589045906527068
0,0.12275153573678493
0,0.2216872662544468
0,0.19628460579056367
0,0.10876508360719782
1,0.11023665491032253
1,0.7167796067738939
0,0.6613734615734354
1,0.7679024201012442
0,0.2436151076060755
0,0.2616475221089011
0,0.1399549040384313
0,0.07516407762319213
1,0.3555317686223744
1,0.735594249066456
0,0.10669082779572456
0,0.10045310487023647
1,0.08869714785846096
1,0.7912896337833057
0,0.07837774349284557
0,0.10843187579330293
1,0.877795931190272
0,0.0920888315430133
0,0.1920350758581975
0,0.23530146907493935
0,0.4235845748452725
1,0.3360397110761556
0,0.0906511078069197
0,0.16750275402089296
0,0.6527701214736614
0,0.08697466793355807
0,0.14457461073882039
0,0.10293489763228504
1,0.11518257127082197
1,0.7453218524961225
0,0.10203399354374533
1,0.669010236724643
0,0.11053970343856591
0,0.11020672100291436
0,0.08409557703708204
1,0.9557361983593337
0,0.12829212711602464
0,0.10147973758137314
0,0.13907399840451007
0,0.19200419198518276
0,0.1290988000564155
1,0.3339648705806622
0,0.135701443026075
1,0.35039638551012725
0,0.26332578284031116
1,0.7829067789038178
1,0.5185716337449275
1,0.20978377682018845
0,0.11526133400812834
0,0.11315297331961786
0,0.08352692914757034
0,0.13994518269091993
0,0.09565806513797961
0,0.08649119306018851
0,0.10087810025116771
0,0.17344775046357042
1,0.07762605693353106
0,0.10028577887063786
0,0.16735677080424352
0,0.1535702558549974
0,0.13835862661309195
1,0.7055686856246619
1,0.7975194256766447
0,0.10494062062667212
0,0.09568476942185532
1,0.7602530013616401
0,0.18208650101806823
0,0.1047330828007198
0,0.12544633305065506
0,0.14603907320308634
0,0.12102982598533953
0,0.1016005503298491
0,0.7645583154139974
1,0.681033275881624
1,0.8585408209121626
0,0.16519626283667652
0,0.17107728294071783
1,0.712294022484507
0,0.12129040774655774
0,0.0928050666673097
0,0.11249410266957814
0,0.08869395794494271
1,0.1819515859007687
0,0.15321479944202843
0,0.15688668263067715
0,0.46117846153491776
1,0.2329596120753116
0,0.09362021796745788
0,0.8130613294744914
1,0.6844811879854574
0,0.10239345940111362
0,0.09158260300128616
0,0.09850207336395261
0,0.11647350173754661
0,0.116661462257141
0,0.08185589364532704
0,0.18830986678422443
0,0.2335714384590599
1,0.08274774314500412
0,0.12994112035238115
0,0.0850550498661821
0,0.8836943595283233
1,0.9323493919394622
0,0.07293328289424714
0,0.12094295876754337
1,0.12723394137826174
0,0.17686495030200375
1,0.5215894049501699
1,0.5315763953837112
0,0.11372692474595532
0,0.10022003662710569
1,0.8603001473445198
0,0.09119939044854647
0,0.11187617178383534
1,0.3372821635339886
1,0.1339884659522993
0,0.19816243312414863
0,0.15708297617128375
1,0.43440334120107055
1,0.16997399181910156
0,0.09053749130415364
0,0.1050933040212915
0,0.10183077133256734
0,0.08462566731091406
0,0.1552948902168659
0,0.12818237709313512
0,0.16457159570592503
1,0.7100638385836907
0,0.16890687250227468
1,0.10836146471817261
0,0.6621141277396092
1,0.4175541040303303
0,0.6758905723557704
0,0.18805884804919812
0,0.1869285836133027
0,0.09026350737838847
1,0.23484314651807436
0,0.20893741066025776
0,0.6252283881331178
0,0.13418848282671958
0,0.23664122350584818
0,0.6255223049325985
0,0.16652989196553486
1,0.7034658589259855
0,0.11342695071740393
0,0.12349134578988798
0,0.13680903196270625
1,0.9270242236489702
1,0.32614359444830215
0,0.09892754527733748
1,0.48148982128505535
0,0.10038556681698298
1,0.48606231486423573
0,0.20800617596078905
0,0.08980542057604957
0,0.11448181190801808
0,0.1289307042885641
0,0.08968059612711998
1,0.9211415252165823
0,0.2653496798520334
0,0.07067654266983113
1,0.43035405946593364
1,0.8918038341615615
0,0.10410793114964823
0,0.13066600485572458
0,0.09567413979047099
1,0.95304924472985
0,0.14769154321647704
1,0.37519766755023287
0,0.09827093109137387
1,0.1136279520969376
1,0.18974446981806695
0,0.08093412041509167
0,0.09070834585242916
1,0.5542013180472183
0,0.09124003806395647
0,0.10136030934574519
1,0.738587654121624
0,0.22014723918690116
1,0.09632145506145375
0,0.11518574037297415
0,0.07394620529768983
0,0.17959781193212057
1,0.6863973738719329
0,0.10507656928658705
0,0.09895272858654769
0,0.15322152302787975
0,0.12635889732737818
0,0.08651445852653343
0,0.1372299674160174
1,0.8791594420733133
0,0.16549473957258715
0,0.1264617520311949
1,0.8705930271159462
0,0.1821209253319172
0,0.09927227718827569
0,0.29028920371412203
0,0.08630175375996241
0,0.10842268843756542
0,0.14489144249815716
0,0.2410275794453976
0,0.18993417071607072
0,0.09444891092337661
0,0.17797469737304442
0,0.1686349050981037
0,0.1708293986815416
0,0.14064401302090163
1,0.5754486126062976
1,0.41372109314693306
0,0.1458506876475264
1,0.19660925938078447
0,0.11389436683380286
0,0.08111419755096407
1,0.4899637022807748
1,0.9520164331112853
0,0.18907335523809393
0,0.10422400576023058
0,0.09238769304551489
1,0.1977867468654929
0,0.14332336188190692
0,0.09460515596937749
0,0.12952764003405182
0,0.1187692075250585
0,0.08963326198757879
0,0.11775728932124292
0,0.10359390475705918
0,0.7548560298972202
1,0.5879606549425312
0,0.2356933624399512
1,0.7631623046607122
1,0.176018983911964
0,0.08446074599392432
1,0.9849467358337803
1,0.7545130966087029
0,0.15919368973995077
1,0.16574944852063175
0,0.23584826206999834
1,0.18849064412895616
1,0.3570934488647393
0,0.10836841979066962
0,0.12622085803514105
1,0.7812136320055506
1,0.21665070981942264
1,0.8033346100405567
0,0.1819738566203293
0,0.1290738691669561
0,0.1545784975871222
0,0.08344113841250687
0,0.06291869098863931
0,0.08624684352261892
0,0.08970697835565095
1,0.9008851143373897
0,0.14941543426111992
0,0.10706618720505269
0,0.08554870361579486
0,0.25600181556629553
0,0.8354905355077529
1,0.9261929422691796
0,0.14682514431531393
0,0.08576432389634012
0,0.10916233369320767
1,0.43505076495829753
0,0.09032534234831129
0,0.13066744387110385
0,0.09958589943427902
0,0.2582426684181319
1,0.3547371482134387
0,0.21658520595921502
1,0.23645272681879023
0,0.08548262488240277
0,0.10470017110681437
0,0.18746065566977588
0,0.09399510741340504
0,0.10939991124960304
0,0.1174165603200867
1,0.9418386998464506
0,0.12404872781190136
0,0.09828762211998283
0,0.08551020759067077
0,0.09717509144561254
0,0.2427356455690753
0,0.25815087562875544
0,0.10590701351130065
1,0.7973228402258229
0,0.18000778088900546
1,0.5858948654536683
0,0.1443627503703397
0,0.08741946843307055
0,0.08427787653051146
0,0.10868478557505339
0,0.08987537818651849
0,0.12223514049118368
0,0.2387845742912757
1,0.7472954499229676
0,0.11093068672473763
1,0.7002810729780646
0,0.11507865846896884
0,0.1219901707720774
0,0.13116843500061973
0,0.2137299772797099
0,0.09575402559457377
0,0.2194542144014176
0,0.5231202267421281
0,0.6934954150333448
0,0.0974998666312782
1,0.3349752288919492
0,0.10061080066195335
0,0.3969413841216322
0,0.09436577805611915
0,0.093001999057295
0,0.08450932398955945
0,0.09467714751568616
1,0.5937585958647345
0,0.08204893821660676
0,0.6970437353764677
0,0.7519582193598623
0,0.11357267463061693
0,0.2607318678833126
1,0.7980232997649827
1,0.4631505072708471
1,0.15481045437601204
0,0.12396048776467057
0,0.1226664585384752
0,0.1510810652224329
0,0.08603121363903292
0,0.12034665086687392
0,0.09197152462903858
0,0.08302712862130089
0,0.09591028248136967
0,0.4553795984917097
0,0.09856618305076374
0,0.4396439217343153
0,0.10938576481034801
1,0.6474315549809271
0,0.0998267585957918
0,0.15188477926767974
0,0.1192337612340343
0,0.132038920537936
0,0.17431265365051699
0,0.11050198944026345
0,0.620481631583887
0,0.10046351815909982
0,0.12896739275598718
0,0.1228827110898337
1,0.09848902441994077
0,0.09836713467257324
0,0.5892931238843947
0,0.1266651803213342
0,0.07798515945985127
0,0.17514438934087367
1,0.8852677475014408
1,0.9258934588363473
0,0.10919631938617898
0,0.18715876511521995
0,0.47827092811193733
0,0.09318349655104455
1,0.8191729480069763
0,0.11209747936445555
0,0.5125393801116286
0,0.11385840311425141
0,0.11352723622468962
0,0.10166954274345227
1,0.9276658526921759
0,0.14864296663563262
1,0.14874665705219908
0,0.12911295290309177
1,0.47190125954205275
0,0.11496338920405472
0,0.15923283297124502
0,0.05704384983073592
0,0.5691256118031593
1,0.8222262677069333
0,0.08456966382785501
0,0.22179664577219504
0,0.11562158620162508
0,0.5431825737594919
0,0.14113393470716265
1,0.5646174795414469
0,0.11213141522249205
1,0.150246465457474
0,0.4851956606552582
1,0.6244076808010476
0,0.10735175997176448
0,0.30703507681164555
0,0.10722026802860843
0,0.08796355868531879
0,0.12178860840561828
0,0.10378757708587115
0,0.11248968300526811
0,0.09814623821532353
1,0.4110316447331584
0,0.1658344867795887
0,0.12134948735921873
0,0.11019062992574723
0,0.12668774530670288
0,0.09614513456911816
0,0.11219673886067474
0,0.4993930226202093
1,0.08654934899942525
0,0.11859133319368534
0,0.6108150323524293
0,0.8007154286335365
0,0.32950017112766206
0,0.13236901385101435
0,0.12404439249332273
0,0.10595651049013113
0,0.10040333477168945
0,0.11588120935026928
1,0.25956412284060876
0,0.12552704411193838
0,0.37586538452171714
0,0.10872462828299206
0,0.1119468471940975
0,0.07705256936407408
0,0.10530520751209896
0,0.12009400951036445
0,0.12053401079532264
0,0.10087810025116771
0,0.09734358866592814
0,0.10621773352883343
0,0.11234469337493454
0,0.13825271015049662
1,0.9315029679056502
0,0.14562396955251927
0,0.13888641596812848
0,0.13768347899438058
1,0.5124991122588612
0,0.08916390875433323
1,0.6920063327469145
1,0.5429018804084694
0,0.18331187557201079
1,0.13040939714411096
0,0.1485296927602856
1,0.5745873645576608
0,0.1159346945937014
0,0.11866859536778487
1,0.19019484439916085
0,0.15299778902272243
0,0.1763644502948061
0,0.08863138938440948
0,0.11046129260499989
0,0.13650458277882413
0,0.08394384793057351
0,0.15570701082429392
0,0.09738497658227177
0,0.1985652269541357
0,0.13143185556309522
0,0.08739093448803344
1,0.5401552984384761
0,0.13894045081090645
1,0.8033403020297156
0,0.1250303460017995
0,0.6803149323453341
0,0.10359587853925906
1,0.9342989652690239
0,0.9310310468163617
1,0.1756047054090436
0,0.1364687876794549
0,0.08685954977134848
0,0.15165067679228228
0,0.08817847841823317
0,0.10255563810474833
0,0.0970192910325308
1,0.17435745742054984
0,0.1017717152138014
0,0.09754055010726417
0,0.23203263556989334
0,0.10506037552916486
0,0.29238429354992174
0,0.1417426923026211
0,0.14781524088065678
0,0.1204020551503126
0,0.08111296309224246
0,0.12655114353458838
1,0.306678953959807
1,0.14866564399795237
