target,prediction
0,0.2626510461544982
0,0.3832601919001394
0,0.3722096297806327
0,0.2451152077784644
0,0.08033113272886308
0,0.31246491588507275
1,0.2451152077784644
0,0.3555519541333774
0,0.35090691014857567
0,0.0395033183697674
1,0.594890744828334
0,0.3140919195563358
1,0.5638141923308769
0,0.3035532356724334
0,0.2849837828240813
0,0.27633460372830787
0,0.28207473515223047
0,0.25862052636724564
1,0.6941688418176686
1,0.7397685976253142
0,0.25341028698920076
0,0.0395033183697674
1,0.31379119164021196
1,0.3886429240272614
1,0.6517717170052328
0,0.590032652634884
1,0.416013195777053
0,0.3368088214949946
1,0.762906542165705
0,0.22022814137068805
0,0.2968272971758193
0,0.06321335993278406
0,0.23433466645120732
0,0.34975556354046333
0,0.24895722180745206
0,0.5667470596187025
0,0.0395033183697674
0,0.20920213851525737
1,0.6590125550589793
1,0.47344136260794367
0,0.46411648857400195
0,0.5490999385863843
1,0.7007013765244301
0,0.25497940100727073
0,0.49310925918964543
1,0.2031670902604874
0,0.28065731567028546
0,0.34547869625985445
1,0.2808236138392253
0,0.3110450709449709
0,0.1338794504037254
0,0.32774698242886197
0,0.0395033183697674
1,0.32695968842006534
0,0.3267372669402693
0,0.2651084647752929
1,0.5856842554012256
0,0.3839940661790844
1,0.49776023882600584
0,0.3805405696875123
0,0.28206619318897874
1,0.3419413959587284
0,0.5653038985614054
0,0.2675277352627627
1,0.4917294000717401
0,0.28630760495511737
1,0.3337680228547169
0,0.5071195759128064
1,0.47539496951810983
1,0.7344196584269728
1,0.7140461783145446
1,0.457077443172951
0,0.22854625304964535
1,0.6053852181416481
0,0.27219298747798915
0,0.24072318347099303
1,0.821666902935846
0,0.2485865570262911
0,0.397011804982401
1,0.3761767322449841
1,0.29950024847507856
0,0.2869369159981643
0,0.39566627830352696
0,0.44782456639440243
0,0.30355555526186895
0,0.20123335286908312
0,0.1472014630922262
0,0.29185005358218824
0,0.6135667029701085
1,0.2826770861543468
1,0.6499234537249007
0,0.04618362455127108
1,0.19722880905153736
0,0.04618362455127108
0,0.080906431545161
0,0.32455283668303303
0,0.25288047775772265
0,0.29462480598270097
1,0.25598819881406215
1,0.3964358111192761
1,0.5973799172331887
0,0.28165512156482786
0,0.3778748502465927
1,0.5685312901659038
0,0.0449088591719706
1,0.55080867137485
1,0.4557160506477635
0,0.07151118279087729
1,0.2981213233278526
0,0.43833816911377493
1,0.5709120352997352
0,0.31406003438802976
1,0.5909241402680224
1,0.7296847657948984
1,0.3544306500815376
0,0.17282268684652904
0,0.31568021452834333
0,0.28016416569000396
1,0.3130867713721952
1,0.6993371599371846
1,0.21290997232279618
1,0.5038951651683092
0,0.15282886957186534
0,0.2485865570262911
0,0.04618362455127108
1,0.4467294779412997
0,0.0539293387526334
1,0.2451152077784644
0,0.04618362455127108
0,0.19400638326572253
0,0.30146919208800776
0,0.05762478723871552
0,0.28586857110170766
1,0.6407657958790602
0,0.25288047775772265
1,0.400929431407688
1,0.594890744828334
0,0.38332949923571524
0,0.053123703894961745
0,0.6106307789338429
0,0.2487169245982737
0,0.39813787872117984
0,0.19481536453620707
0,0.2999455245784245
1,0.2920281176475858
0,0.23072223977806172
0,0.373878081730124
0,0.0395033183697674
0,0.28141192140821103
0,0.4479236195784573
0,0.2806466806144106
0,0.2453442065349171
1,0.4019909655046312
1,0.4240536999406024
0,0.2451152077784644
0,0.2163950185708677
0,0.6318083187448854
0,0.10967161760753255
1,0.4705264914159697
0,0.0783418996972452
1,0.41466122728539956
0,0.24027976077347007
0,0.0648817636742439
0,0.2745394523230778
0,0.6862116095831036
1,0.17329882752792386
0,0.2451152077784644
0,0.11846426803515755
0,0.27919617269233166
0,0.4632539804599784
1,0.6899385574088109
1,0.5077805011805452
0,0.04319191498647624
0,0.08033113272886308
1,0.5768833018915359
1,0.32794737859013856
0,0.4727675370261521
0,0.5086852337323868
0,0.1987202275600515
0,0.32644348254329036
1,0.4677183996332692
1,0.4360344128299746
1,0.7892370729364484
1,0.43889797038050243
0,0.2451152077784644
1,0.8140898044256315
0,0.2713073938317845
0,0.11702852674442259
1,0.562190703171676
0,0.4270551300072134
1,0.4529061952462001
1,0.20504487325025003
0,0.25277190516683257
0,0.401893496143264
0,0.24964709290430329
1,0.49907969492208043
0,0.2849837828240813
1,0.5605561954959429
1,0.4879194174625523
1,0.591371294570719
0,0.37548103784022957
0,0.2717271126655574
0,0.057753362523259126
0,0.299504130907913
1,0.5611820599863043
0,0.23557529998587873
0,0.586641822420802
0,0.0449088591719706
1,0.5044106917607788
0,0.2681568932241496
0,0.2329695413513437
1,0.2538731112116691
0,0.0395033183697674
0,0.3690897907074527
0,0.07973024592968682
1,0.34591435639571505
0,0.5280344343936639
0,0.04325899046197985
0,0.39469864556673145
1,0.6624197129552895
0,0.049267710638057106
1,0.29730739185138283
0,0.45263608625865065
0,0.3332345564503198
1,0.38211496385859745
0,0.4802020872920464
1,0.6517717170052328
0,0.06394978800161559
1,0.7579711528080598
1,0.23788760117873858
1,0.407377977233608
0,0.0592604427874217
0,0.04485021049095059
1,0.5094711457437809
0,0.04325899046197985
1,0.4524138730078987
0,0.3793901648643666
0,0.04325899046197985
1,0.3801065816530377
0,0.4230353946362793
0,0.26205127319234467
1,0.4178026135183663
0,0.04754940130455442
0,0.26029305944110825
0,0.39687666172159164
0,0.0451443599944082
0,0.2918696541638041
0,0.06221371569563028
1,0.35096722891170873
0,0.2448674589312954
1,0.26670419968963255
0,0.603817247461176
1,0.5399708878019601
1,0.8109185027437636
1,0.6887185203974762
1,0.5319857301076358
0,0.5931458649970787
0,0.07389216849023807
0,0.2914396748798609
0,0.2991730621096136
0,0.3285989650173063
0,0.5056327797708864
1,0.3922657513283938
0,0.2553780745073675
1,0.5737839673844719
0,0.3237820514572261
0,0.10749675524898657
0,0.405587897589355
0,0.27153526011052515
1,0.2947232038845788
0,0.29366736035549806
1,0.5983368343311873
1,0.5710303051617014
0,0.4127970236342387
0,0.2711364039472275
1,0.6835167172706601
1,0.4780178045753477
0,0.39662046126040873
1,0.5280583907472455
1,0.6273049911972217
0,0.2890973261795097
1,0.4131939083086263
0,0.04618362455127108
1,0.406882360068307
0,0.13537143184971595
0,0.07216434754405471
0,0.39886667935328013
0,0.4105055643130569
0,0.30782579274281163
1,0.4740488407955
0,0.2600440796689108
0,0.27919617269233166
0,0.7015962138876786
0,0.39378400072068664
1,0.6431698786518696
0,0.05313519646651128
1,0.4431297031533022
1,0.5783073638636318
1,0.5532341028567757
1,0.8116264257966264
0,0.43389348722337784
0,0.22280142586058677
0,0.07183421934523548
0,0.75063998326447
1,0.6302307632682599
0,0.2304439075910746
1,0.6010096167091631
1,0.3065134176837035
0,0.3717748357882746
1,0.4370112948848159
0,0.3279272970238553
1,0.4677183996332692
0,0.04618362455127108
0,0.10749675524898657
0,0.2771579405490269
0,0.49110187567407226
0,0.592376260851612
0,0.2847675334517985
0,0.2165435811960528
0,0.24900553717302537
0,0.36517983094021855
0,0.053123703894961745
0,0.05313519646651128
0,0.11815962281490872
0,0.3026050168701277
1,0.6171984018347699
0,0.04618362455127108
1,0.24235470829912714
0,0.08000138050514577
0,0.3238771737796858
1,0.3562920688753307
0,0.3307895600090049
0,0.4128874317075748
0,0.06142404140558847
0,0.29055909458340634
0,0.2573800414703553
1,0.3038321752691642
1,0.5921210769552175
0,0.28338780750831766
1,0.47161605616754204
1,0.4692465072689865
1,0.716956592509563
0,0.0613802515763059
0,0.2773664956502534
1,0.6748912438368434
0,0.04618362455127108
0,0.3435231363865489
0,0.44371846729452635
1,0.32455283668303303
0,0.11402391518555577
0,0.0665927102623269
0,0.2299115097286462
1,0.5670947122216348
0,0.2789887889140799
0,0.2862003204896437
0,0.5192664489188397
0,0.05895663183831394
0,0.3105018068829226
0,0.3909913685680395
1,0.35199811014125754
0,0.3767895615248627
1,0.7792582104426035
0,0.05390011649489235
1,0.14639968984951338
1,0.5046673317834548
1,0.8340713170295162
1,0.6065859326906965
0,0.29183504693958134
0,0.05514252188397563
0,0.37761486584757115
0,0.2632954274482151
1,0.795612793608497
1,0.3196937471565603
1,0.58427243732498
1,0.5102824170554756
0,0.4603336251502421
0,0.3040267220314562
1,0.3000119555303096
0,0.57231831675972
1,0.2796496765019735
0,0.2659746196721394
0,0.44230414784926825
0,0.25625545648969583
1,0.45678834988117395
0,0.27952043254697995
0,0.25193729217809185
0,0.2751489636475444
1,0.7377303349568123
0,0.09816567854534398
1,0.6151397632215806
0,0.05313519646651128
1,0.2824902935557431
1,0.6158558501698607
1,0.6681287126712926
0,0.04618362455127108
0,0.42866377163016844
0,0.5217300833929587
0,0.25214830312236697
0,0.301055597238496
0,0.5055000472573147
1,0.5526629057847827
0,0.32081643003662136
0,0.29432512156856666
0,0.603817247461176
0,0.18253799942934582
0,0.38842300139318875
0,0.2441236524936846
0,0.6235833256504609
0,0.38109546318511306
1,0.2907922507781683
1,0.1923288100386462
0,0.46215529188410487
1,0.4517267666551471
0,0.26928834922561357
1,0.49769931099063536
0,0.3237820514572261
1,0.43213296603699325
0,0.04145787310512104
0,0.32821408894108395
0,0.5936998264914582
0,0.29480209604641694
0,0.4642702037544236
0,0.11928973726276222
1,0.4710583834641952
0,0.05313519646651128
1,0.4684700512362623
1,0.5975799730548725
1,0.5407864740578304
0,0.57875443182848
0,0.05313519646651128
0,0.27724485866049364
0,0.2736185697545133
0,0.2451152077784644
0,0.15829312965591183
1,0.7076866807450556
0,0.2299115097286462
0,0.04145787310512104
1,0.3856041037225315
1,0.7738971204047291
0,0.3952496206383784
0,0.4726205764728204
1,0.29785935837324146
0,0.31720035854614886
0,0.5716041715606244
0,0.2889521793663316
1,0.7101139038847681
0,0.45644816104291774
0,0.358050888553162
1,0.5989279553023669
1,0.31792524680549966
0,0.28337015768100077
0,0.580251258100696
0,0.04618362455127108
1,0.402598260695247
1,0.4724741809425613
0,0.2918696541638041
0,0.22202517087154952
1,0.6010853079958975
0,0.04145787310512104
0,0.06452264105634883
0,0.27605612082563397
0,0.32522798640013734
0,0.23410285551934212
1,0.5773684174480396
0,0.3071886820295032
0,0.5302350811330054
0,0.6482849758582411
0,0.4726611118842625
0,0.27245552516368776
0,0.7744502592746447
0,0.547642035073743
0,0.49410525523808196
0,0.22854625304964535
0,0.6392154514864569
0,0.06525484268936219
1,0.2389963915681839
0,0.2960099020650569
0,0.26774631575542845
0,0.5947427655634103
1,0.7136168533380106
0,0.05313519646651128
1,0.2605894614403503
0,0.06420590177994584
1,0.519182687191243
0,0.06494382596464983
1,0.5838786063452059
1,0.4535143819823654
1,0.47574272198123263
1,0.316814817244338
0,0.364617658902023
0,0.04827369474608138
0,0.30029528314861076
0,0.051733588549697375
0,0.24581535560747175
0,0.04145787310512104
1,0.7085228750520631
1,0.5545177893765427
0,0.04618362455127108
0,0.05759233210221754
0,0.39928692120936027
0,0.324476185337644
1,0.38930045188378265
0,0.42736657235853187
0,0.2282236368027464
0,0.4010446905021609
0,0.06799590754575792
0,0.05313519646651128
0,0.3108076881181874
1,0.5085740886567093
1,0.2940899325606104
0,0.5060762433552343
0,0.053123703894961745
1,0.7249569888908107
0,0.2977642277880742
0,0.25864637809851276
1,0.5278720715323456
1,0.3170138733547963
0,0.04618362455127108
0,0.499970676770756
0,0.338019145607133
0,0.5872499744527119
0,0.6299299226781959
0,0.2927357854741033
1,0.26380167028043033
0,0.38536898276410964
1,0.47832889223878383
0,0.04325899046197985
0,0.08007144084939817
1,0.3091686979833979
0,0.049270090681375646
0,0.17283812870079682
1,0.6875594643529623
1,0.7475745400842171
0,0.3323324352241239
0,0.23557529998587873
0,0.0395033183697674
1,0.8214368347558544
0,0.05366115078718234
0,0.28692104645085625
0,0.04618362455127108
1,0.761361111231953
0,0.4120918298381465
0,0.2780438151981696
0,0.2229887990251914
1,0.6821553509104936
0,0.21822438811524192
0,0.7073849382467317
0,0.08984390493475508
1,0.2594381596702289
1,0.4794473965940624
1,0.3272316771457315
1,0.32794737859013856
0,0.04594290774426256
0,0.281171613492983
1,0.7727622055927194
1,0.7195090724856255
1,0.6273049911972217
1,0.3948958886526607
0,0.6169540656876201
0,0.43116787911700166
0,0.4608037206758404
0,0.2711960476350333
0,0.32190749247281714
0,0.2895014576961379
1,0.5484863205445882
0,0.05794791669749352
1,0.5793870296943805
1,0.34877449542082406
0,0.5498006122290545
0,0.04618362455127108
0,0.2329695413513437
0,0.40578624455878953
1,0.4570845620757955
0,0.2785460816434048
0,0.22490737947475234
1,0.2522542686250372
1,0.5382474354205933
0,0.3184503100511909
0,0.29402576223674637
0,0.042295816857365706
0,0.2541927288061851
1,0.28040234577501433
1,0.7043871495490178
1,0.4115225580097751
1,0.37573071730574337
0,0.2796420634982708
0,0.2660010588031426
0,0.26836513794419886
0,0.6262204606425373
1,0.3771170743941043
0,0.04898070748480041
1,0.6722585124139184
0,0.3238891191632532
0,0.1923288100386462
1,0.772620524849321
0,0.3909838494362349
0,0.04972242423388149
0,0.31254628376126276
0,0.23164710433336022
0,0.329319068183605
0,0.04618362455127108
0,0.2329695413513437
1,0.4665443470104586
1,0.44903990280798056
1,0.5142959794963675
0,0.05390011649489235
0,0.32936673661813076
1,0.25431486052769775
1,0.27716696821705067
0,0.2687006512222792
1,0.6719170315206278
0,0.41668006112232897
0,0.36849249432388004
0,0.0395033183697674
1,0.316814817244338
0,0.3355267542427584
0,0.17731533805033176
0,0.2345279369153926
1,0.5601978816995786
1,0.7427223207477085
0,0.2833760439133711
1,0.5744302101347292
0,0.04735386353868928
0,0.31382272619230583
0,0.291375308848194
0,0.4855846421280298
0,0.3814769762631599
0,0.6270363587929509
0,0.4515402016351381
0,0.440002735817157
0,0.2755596922489258
1,0.29785935837324146
0,0.04145787310512104
0,0.3834835248480063
0,0.25994003916546393
1,0.6690297994619279
0,0.5541957197136682
0,0.1808496531607738
1,0.376781987445874
0,0.2329695413513437
0,0.23171897994570825
1,0.45504487576228897
0,0.046133799425535825
1,0.4152243512550544
0,0.36645333845324074
0,0.2289613291618025
0,0.06172367171962223
1,0.2984452851509883
1,0.538490995770901
0,0.24964709290430329
1,0.5768833018915359
1,0.576465911499006
0,0.403683250430984
0,0.28337015768100077
0,0.28502588041608423
0,0.8304082902155456
1,0.30117467744201665
1,0.7188560163769201
0,0.24039248096614968
0,0.2540953199578841
0,0.14913578364876465
0,0.299504130907913
0,0.25601582212991864
0,0.4224760336584017
0,0.4087952885403118
0,0.04618362455127108
1,0.6262029073675217
0,0.44418932177752496
1,0.7347655507582682
0,0.04618362455127108
1,0.7436374423474245
0,0.040065084507516904
0,0.04618362455127108
1,0.4702809734560473
0,0.04618362455127108
1,0.5727165648569476
0,0.5574592563088143
1,0.8289042209895886
1,0.6116812777855666
1,0.39964378450988053
0,0.2943957307312826
1,0.2504377263402593
1,0.7688138727134192
0,0.0395033183697674
0,0.28008329053832487
0,0.2468571007291136
0,0.05762519488958095
1,0.39964378450988053
0,0.1740595612132327
1,0.3029940445569658
0,0.7722043776638797
1,0.42196494010960267
0,0.05313519646651128
0,0.5302214804607626
1,0.5550788844740686
0,0.28789863985034414
0,0.42213161515081393
0,0.04145787310512104
0,0.06280864901132986
0,0.319412469195823
0,0.3878039837018265
0,0.3217724265423977
1,0.2993146896033614
0,0.05516743145567349
0,0.4496558606384898
0,0.36600372240879714
0,0.26205127319234467
1,0.5719666061615036
1,0.5718898254833931
0,0.32407856046780487
0,0.25063613470269325
1,0.25336600532607406
0,0.04525426398016361
0,0.21670055197425528
1,0.6311404587935658
1,0.2073171845773773
1,0.3286926170870542
0,0.31522818413064596
0,0.10806586981257273
1,0.3182251563679163
0,0.2796420634982708
1,0.38685799134172366
0,0.2895014576961379
0,0.27272381835079423
0,0.24576019031375992
0,0.2688281408923921
0,0.3965435905131163
1,0.2451152077784644
0,0.33043844002289086
0,0.06543881177575439
0,0.5150448505962701
1,0.5130863397212755
0,0.33019609564096847
1,0.3690620055266751
0,0.21772592669358262
0,0.5967501987438966
0,0.2737508618547367
0,0.363239310567989
0,0.1810795180096753
1,0.3013972756831367
1,0.5051673258366534
0,0.282831306812464
0,0.2299115097286462
1,0.5479159866662262
0,0.4429896089976945
1,0.8332023280484281
0,0.29464859833137946
0,0.05384339403313809
0,0.30865938469578874
0,0.2830423810706225
1,0.25625545648969583
0,0.420520105939549
0,0.5395587975542057
1,0.2986634058490081
0,0.43047083248782597
0,0.4101796270850623
0,0.3709136882879443
1,0.629617240382992
0,0.19579733265487723
0,0.48083960189354497
0,0.2497790498818631
0,0.04325899046197985
0,0.38278101103511086
0,0.2153867827767391
0,0.25665753091717314
0,0.33823414975309274
1,0.6110421724715053
0,0.0395033183697674
0,0.40282779954884623
0,0.2672924750661417
0,0.2818382118973542
0,0.30614121887817747
1,0.5914638420516861
1,0.43105073658974274
1,0.7214102752223932
0,0.5670216317247091
1,0.7524057061688135
1,0.3294003910003159
1,0.1481288819670582
1,0.5012665739637161
0,0.5700232838356988
1,0.4585544544998702
0,0.053123703894961745
0,0.25641980962971495
1,0.31859947436075997
0,0.2541927288061851
0,0.27289176192934944
1,0.3902677030232608
0,0.153705855584136
0,0.04145787310512104
0,0.04548918883309488
0,0.0395033183697674
0,0.5745919506511072
1,0.5931838817714423
0,0.629617240382992
0,0.40647999068047935
0,0.29676147682648607
0,0.3841049248169779
1,0.607046510398922
1,0.32768193343723534
1,0.3229656552372102
1,0.4329810308867046
1,0.6223388015211815
0,0.39396338163386474
1,0.41608261350971665
0,0.3854950934530971
1,0.3272316771457315
0,0.2138467080475459
0,0.3048267912907483
0,0.23263462949472213
0,0.5286155606231844
1,0.8101996302414364
0,0.22910711871954353
1,0.688835992455714
1,0.47119362571775464
0,0.7582681442714064
0,0.3788528992064753
0,0.4976112436726584
0,0.4226617474195642
1,0.4490965692788856
0,0.24737016855118418
0,0.05313519646651128
1,0.5863479446443407
1,0.5973799172331887
1,0.26058607926846267
0,0.2895826669272252
0,0.25764663511968994
0,0.3410626335183542
0,0.32940906801879044
0,0.2698382341079776
0,0.4237054243221774
0,0.06327354092009826
0,0.387894991028741
1,0.5504398994208675
0,0.06386909702897277
1,0.2847675334517985
0,0.2565933229249945
1,0.6461932875731278
1,0.5656721852245005
1,0.33029367471669346
0,0.266934598239459
1,0.7056101071648848
1,0.5755999164437952
0,0.04618362455127108
0,0.29949153561663083
1,0.32484786488121925
0,0.4277798835284868
0,0.38479385175798
0,0.06065593566549092
0,0.38567444324347083
1,0.5678918087968219
0,0.5931458649970787
0,0.20148654385503761
0,0.22128572265146101
0,0.2808990389817212
1,0.3524452088269221
0,0.5873550741200443
0,0.043182438142519194
0,0.30036396793605047
1,0.6959607149147015
0,0.38591368281723276
0,0.06171758895301418
0,0.04325899046197985
1,0.4855893656541155
1,0.5514647876822207
0,0.04618362455127108
1,0.3451438043836334
0,0.45579520002265195
0,0.554602564417824
1,0.7325760498897236
1,0.5977794897509475
1,0.4907004609164677
0,0.32794737859013856
1,0.35737516680489145
1,0.562190703171676
1,0.37837887086417044
0,0.6649697218554806
1,0.26200170066448863
1,0.28038002304898113
0,0.22383413306798308
1,0.26311474487371606
0,0.46409364533131764
0,0.05844226371852717
1,0.46321334745894416
0,0.8304082902155456
0,0.0707437638339072
0,0.1451386676159729
0,0.3676880256426595
0,0.06410276787069885
0,0.4736103732412896
1,0.6385269878807567
1,0.5646088320943518
1,0.5399708878019601
1,0.6454977816227047
0,0.04598789555181017
0,0.3135524801742827
0,0.2451152077784644
0,0.2764996077716093
1,0.19742106915003807
0,0.331735913857933
0,0.05313519646651128
0,0.412189244734327
0,0.04145787310512104
0,0.3073024629783788
1,0.6518361345400204
0,0.3954457377995196
1,0.27332237861476527
0,0.20350160408425375
0,0.26250218352698096
0,0.0767495685661758
0,0.6899385574088109
0,0.39879721185801226
1,0.7647541390580401
0,0.5858922390680168
1,0.6344133667688545
0,0.0785989775386723
1,0.6262598088572973
0,0.2848794000528569
0,0.40652668350590054
1,0.7619806546154585
0,0.2451152077784644
1,0.18049317839654633
0,0.7089958706975832
1,0.6657149068879148
1,0.2975433954909037
1,0.8114342185311365
1,0.3083551026887355
0,0.16755142380561097
0,0.5189078874978222
0,0.25150831979080285
0,0.07204224476144573
0,0.2538731112116691
0,0.3082216465338508
0,0.5985949991661984
0,0.3197044864228561
0,0.3212672928946989
0,0.2367410839805104
0,0.2974187327976408
1,0.5859820456574495
1,0.4019196434921925
1,0.42716124176377507
1,0.6398663674012512
1,0.41679631568036424
0,0.2329695413513437
0,0.08692077760601492
0,0.6039746354357564
0,0.08561198076023886
0,0.04325899046197985
0,0.2329695413513437
0,0.04618362455127108
0,0.6209032772072348
0,0.36924716467203694
0,0.5697400615366277
0,0.34873579696190826
0,0.5245463045633371
1,0.629617240382992
1,0.43620666972025024
1,0.5993452941038396
0,0.2329695413513437
0,0.2367410839805104
1,0.6001279647124855
0,0.2082864473892179
0,0.05390011649489235
1,0.3466579985611483
1,0.760130331334572
0,0.0395033183697674
0,0.3047375706490705
0,0.058328799160113964
1,0.41144875625230076
0,0.04145787310512104
1,0.5506068996185265
0,0.46122108801976536
0,0.21935654243453304
1,0.6084455575191736
0,0.29440440690994835
1,0.6273049911972217
0,0.04325899046197985
1,0.44431103670430705
1,0.4137397392200894
0,0.4955119986693474
1,0.4562249632829
1,0.2153867827767391
1,0.38399399756771113
0,0.3091438832131634
0,0.25891212557013793
0,0.3108576566101492
0,0.2014774945943538
0,0.3260015340218352
1,0.748501855478632
0,0.38867266425599556
1,0.3630847341681403
0,0.3437443462246773
1,0.3032032360808186
0,0.2293814807898044
1,0.5545177893765427
0,0.06944033124145403
0,0.05872421271135496
1,0.5636454545768874
0,0.2711364039472275
0,0.271319425295148
0,0.24296965334921944
0,0.048005155650115754
0,0.2828789710139383
1,0.7379698505502182
1,0.35687850315451763
1,0.758723211685758
0,0.05313519646651128
1,0.7311726527581
1,0.5226209603497103
0,0.05161577841299672
0,0.04618362455127108
0,0.3473342577467156
1,0.28768785969929134
0,0.6425961639376943
0,0.7608152620221899
0,0.5952006866729834
0,0.33574579335754057
0,0.4032409670756648
0,0.3566130447421641
0,0.24987763490083068
0,0.2726185300815324
0,0.19340410348541323
0,0.07151859127871846
0,0.04145787310512104
0,0.04618362455127108
1,0.3108579337012595
0,0.25505576413852077
0,0.589246080881148
0,0.04325899046197985
0,0.2709935948204344
0,0.590032652634884
0,0.27135327280525995
0,0.6371733533446008
0,0.1987202275600515
1,0.3785360087131014
0,0.04618362455127108
0,0.39271759886353047
1,0.4219782392482457
0,0.5728612918303954
0,0.25277190516683257
0,0.2993451757501383
0,0.39396338163386474
0,0.3885372112904649
1,0.36243235750568314
1,0.5228781656739917
0,0.4327455778893553
0,0.2830425477689632
0,0.3942301742112891
0,0.48256501889503106
0,0.4404348123585979
0,0.07381808166130044
0,0.5596311312808852
0,0.2451152077784644
1,0.3942294415200729
0,0.17283812870079682
0,0.5435700725366347
1,0.5918105152451036
0,0.054377067893213143
1,0.6677712640288734
1,0.8117529908753955
1,0.5871254221207708
0,0.41069540952439737
0,0.5154771990573532
1,0.30388945240367293
1,0.5695382190155002
0,0.1868401511999258
0,0.04525426398016361
0,0.4428263811254115
1,0.33039174120914944
0,0.23711701111579117
1,0.648964177053098
1,0.35609687787617433
1,0.40722889279817104
1,0.3685073182110477
0,0.3599212391669119
1,0.6606975306404289
0,0.38467659839798124
0,0.19595741640028555
0,0.2935261024100726
1,0.2889005186972381
0,0.36927161218596555
0,0.5638752115254544
1,0.31795931165243013
0,0.2428892205051109
0,0.391262567729789
0,0.6176948674192797
0,0.0466711704412765
0,0.26019456277420683
1,0.4317859883625201
0,0.21989471954186027
1,0.4010446905021609
0,0.05935465828224194
0,0.07506108674330104
0,0.2369234146567629
0,0.2451152077784644
0,0.27919617269233166
0,0.14380254175212845
0,0.2538731112116691
0,0.33918741019966697
0,0.2764003327792965
1,0.5030974383674222
1,0.39847876529644516
0,0.48243664154274457
0,0.04325899046197985
1,0.4116661302662526
0,0.04145787310512104
0,0.24892457905364246
0,0.07533222374508865
0,0.29046160921410646
1,0.329319068183605
0,0.2957140750732591
1,0.8109185027437636
0,0.49447290637391617
1,0.6252823188810505
1,0.7530169531365004
0,0.04492845645515652
0,0.04618362455127108
1,0.4570845620757955
0,0.04618362455127108
1,0.4178026135183663
1,0.633711895274547
1,0.46483509683652474
1,0.3368088214949946
0,0.2709935948204344
1,0.7298993070521266
0,0.27638177652621815
0,0.551678036868747
0,0.6226829772186052
1,0.31919795851330773
0,0.27531404641693813
0,0.5334825941836812
0,0.22854625304964535
1,0.4248611266262588
0,0.45111145097142097
1,0.5011524612505368
0,0.07151118279087729
0,0.6095015466916646
0,0.3278943291672442
1,0.5565311299762661
0,0.04145787310512104
0,0.059506016654771794
0,0.05313519646651128
1,0.26410445459866705
1,0.6899385574088109
1,0.48227148943126363
1,0.5993452941038396
0,0.27724485866049364
0,0.27298469278497256
0,0.286792872146193
0,0.4099917104263589
0,0.4285281932892512
0,0.23099829021743817
0,0.4305488998912268
0,0.39098579090140895
1,0.4044959164428721
1,0.7061464540591832
1,0.05759233210221754
0,0.04618362455127108
0,0.39421255699273205
0,0.340966278943427
1,0.6503533152385625
0,0.04618362455127108
0,0.36816803263665554
1,0.5934577201037486
0,0.04618362455127108
0,0.21663958394025168
0,0.36974071416448234
1,0.3410130919896376
0,0.21968020064509505
1,0.6403333721110213
0,0.20123335286908312
0,0.3986080580310177
0,0.44580948313429464
0,0.10910261268773326
0,0.40484545660133064
1,0.4009762089455021
0,0.3326829768125131
1,0.7475745400842171
1,0.6340197207749206
0,0.2701634937833823
0,0.06802870733006347
1,0.3446553011685315
1,0.5692425315159138
1,0.692109914836577
0,0.2410158519808587
1,0.3557943530652809
0,0.38546797923932047
0,0.2299115097286462
0,0.04564005726222732
0,0.24131645040529914
0,0.330491630949959
0,0.3376991112173484
0,0.26313265596145
0,0.2690812934072212
0,0.29997813721235306
0,0.21704847066962774
1,0.5490229988117407
1,0.11957054259192057
1,0.8187079394011919
0,0.22490737947475234
1,0.6880577449435037
1,0.41627830170684627
0,0.5858922390680168
0,0.30502505783214184
0,0.1923288100386462
0,0.2153867827767391
0,0.5538336184777973
0,0.3529898353521013
1,0.6228689811501661
0,0.4997751733468429
1,0.29528795599759894
0,0.0395033183697674
0,0.10721968244917209
1,0.0466711704412765
0,0.3184503100511909
0,0.32346589233817824
0,0.04618362455127108
1,0.2451152077784644
0,0.2775344124002077
0,0.25297310198684453
1,0.3087761084528846
0,0.3002800650932666
1,0.33980695908880293
1,0.5140730178057832
1,0.4174242805210444
0,0.22200144127469237
0,0.2562657012487197
0,0.3081036248760028
0,0.1451386676159729
1,0.4334139759456695
0,0.3567351726881176
0,0.2165435811960528
1,0.5213864356711715
0,0.0395033183697674
0,0.15084096054706686
0,0.25297310198684453
0,0.28305129927130074
0,0.04618362455127108
0,0.35268858366676625
0,0.2898502430353125
0,0.5909348117103967
1,0.274247290075962
0,0.0395033183697674
0,0.46517660005319267
0,0.7222440655099631
1,0.28617765840581083
0,0.3411000103274882
0,0.04771655451822221
1,0.7077873169150241
0,0.3785873521332958
0,0.072419443703912
0,0.2519797801025349
0,0.2561943308431149
1,0.6542788574102627
0,0.24192135968403009
0,0.4936474022670738
0,0.2485733788742801
0,0.0649790916944689
0,0.3010770242063146
0,0.4326973696228856
0,0.3662796111812279
0,0.25665753091717314
1,0.4855458854740095
1,0.3718377476369549
0,0.4880360119944111
0,0.4004116047566695
0,0.24454946255563587
1,0.27807531996426904
0,0.3415751999123392
0,0.2701634937833823
0,0.33929068429825404
0,0.04325899046197985
0,0.04618362455127108
1,0.18507073299120172
1,0.8222790711689175
1,0.30453446884869306
1,0.7475571304637022
0,0.694279108582704
0,0.28305129927130074
0,0.28116680046450704
0,0.5394683983088273
0,0.47911409075599015
0,0.2827069150071948
0,0.5024722229885356
0,0.04618362455127108
1,0.31859947436075997
0,0.40935972576853064
0,0.40578624455878953
1,0.057248589747663045
0,0.05986603800448147
0,0.411248631688928
0,0.44006233573115394
0,0.1188292685578056
0,0.14521556160600643
0,0.37716255027671136
1,0.49617238331007624
1,0.4404640231119423
0,0.3043439280330117
0,0.04827369474608138
0,0.3012669309813672
1,0.7096314299765529
1,0.7931360626223385
0,0.32112398976587125
0,0.36879412261894484
1,0.38473703909029305
0,0.438243814840013
1,0.6827295631162094
1,0.2769620471120092
0,0.23170903864485404
0,0.04325899046197985
0,0.05313519646651128
0,0.3006437118626711
0,0.42540479326841846
1,0.3814846959756595
0,0.3903106506266009
1,0.7438812745991784
0,0.19161511300907302
0,0.28367350155473553
1,0.3819600390225694
0,0.04145787310512104
1,0.379396021275801
0,0.08507898979057435
0,0.39646894022690654
0,0.4620383571118058
0,0.6806134930441098
0,0.07802622631292488
1,0.42319285392786027
0,0.24387637246929703
0,0.07151859127871846
0,0.060264592828356424
0,0.3562262510284376
0,0.5978339251799295
0,0.3739578780981856
1,0.3015086032107612
0,0.1460003685238098
0,0.30464552324379324
0,0.05844226371852717
0,0.2485865570262911
1,0.35711857201661595
1,0.44406113116546025
1,0.6712863297467387
0,0.0923492097986135
0,0.05694683107485856
0,0.05014724494726913
0,0.37638667803162695
1,0.514834058103716
0,0.27840310232232784
0,0.3785812389692271
0,0.2771579405490269
0,0.3704740587057409
1,0.631788000446785
0,0.3129838815864756
0,0.3024787609256132
1,0.5486748484183014
1,0.6998757630832207
1,0.4308062492598077
0,0.33387124146457964
1,0.46724965417552644
0,0.3099723565746132
0,0.24636565884805683
1,0.4822656508997108
0,0.29273310464600094
0,0.3199883231467516
0,0.3824632515163446
0,0.22854625304964535
0,0.4587919044889371
0,0.4243227385223071
1,0.2553780745073675
1,0.5810086496786349
0,0.5712019950104246
0,0.29335221307632087
1,0.34373161042821987
1,0.5502222996884661
0,0.3377930421837248
1,0.4207087514485146
0,0.2335613437325708
0,0.3281532749100355
0,0.33059337937747063
0,0.05313519646651128
0,0.34160114150831294
1,0.4120918298381465
0,0.25277190516683257
0,0.29397644241422377
0,0.2334372798760751
0,0.3096476049311624
0,0.23661204917472403
1,0.4184136014360868
1,0.539190241944326
0,0.39675048438329036
1,0.2891908217534968
0,0.27218129311794664
0,0.05516743145567349
1,0.7409005154209489
0,0.04618362455127108
0,0.2390300110768144
1,0.5137455219946109
1,0.4940315993918892
0,0.5777752161840173
0,0.22565961566624637
0,0.37683265909571856
1,0.6713879309712716
0,0.10714374740650681
0,0.2082864473892179
0,0.24646699960651922
0,0.3912130458574587
0,0.1994608927444854
0,0.20123335286908312
0,0.05998314953597169
0,0.0527275132658974
0,0.3483750281387663
0,0.6048266774396797
0,0.05313519646651128
0,0.5399708878019601
0,0.2732972858148603
1,0.6307615021664265
1,0.4311905539201513
0,0.37655467090735983
0,0.3929273139366798
1,0.39879721185801226
0,0.4426495810539548
1,0.3416099061237472
0,0.25309030643676406
0,0.22139129025308305
0,0.0395033183697674
1,0.6373336085707216
0,0.4843476717616138
1,0.7317242606778347
0,0.05694683107485856
0,0.24636565884805683
0,0.462137099150854
1,0.3219637625691498
0,0.5746299368895506
0,0.39342398728428823
0,0.6479420272199773
0,0.28728795706897264
0,0.5503249302496502
1,0.5242737461060952
0,0.20421759223992503
1,0.23589377556115665
1,0.8332023280484281
0,0.2765420054459817
1,0.4506185450164337
0,0.25277190516683257
1,0.3215223610029841
0,0.5817813472046701
1,0.534182689319239
1,0.594890744828334
0,0.19117770417731597
0,0.061760492614018496
0,0.23374417528878708
1,0.6419531565415271
1,0.2958984121748812
0,0.05313519646651128
0,0.2329695413513437
1,0.7788394609142293
0,0.2841192491088273
0,0.17560786662631303
1,0.5217415564326281
0,0.274010776970769
1,0.3568731910544239
0,0.2047175723053556
1,0.5705389097786763
0,0.28966798982194736
0,0.2987740822135192
1,0.538949583607154
1,0.3850106408175134
1,0.4363931848271932
0,0.2924046160929941
0,0.3471783252005683
0,0.2319291534963461
0,0.3979327284452803
1,0.3238406173038213
1,0.41841956073697767
1,0.566459622546832
0,0.5505909908217448
0,0.29055909458340634
1,0.7792582104426035
0,0.35562749476972777
0,0.23317153285289444
1,0.3830996888903755
0,0.07021866150898803
0,0.14377976808858176
1,0.5603853505488886
1,0.3854427021535636
0,0.22854625304964535
1,0.6342137022482808
0,0.29480209604641694
0,0.29448557108035306
0,0.04597499359688497
0,0.11121810093939416
1,0.5040096497068504
1,0.4408701932553258
0,0.2836789672069953
0,0.2330585301441977
0,0.05313519646651128
1,0.7244797926988714
0,0.39994267194936417
1,0.43967948975684573
1,0.5697284960116836
0,0.2227152807615206
1,0.45430651259025057
1,0.345501631021979
0,0.44493553324284957
0,0.27273404379007965
1,0.257352370614779
0,0.3135359383227773
1,0.37604997561579134
0,0.28378555302120123
1,0.4346096621598075
0,0.2472579186967139
0,0.3876117984276577
0,0.4152352805144764
0,0.29066064104611766
0,0.5352841680294858
1,0.658681955790974
0,0.39060315489845643
0,0.2363281623315643
0,0.4360667018005621
1,0.4222700547554489
0,0.29850891848252575
1,0.22401210077984476
0,0.3957395424118871
0,0.2451152077784644
0,0.27919617269233166
1,0.2803244419705434
1,0.4752891231786953
0,0.33787078414097704
0,0.4034427775600165
1,0.8332023280484281
0,0.2451152077784644
0,0.060264592828356424
1,0.5449130727043687
1,0.2538731112116691
1,0.6399031498810438
0,0.5784165069898831
1,0.6159695625360301
1,0.4315160246117255
1,0.35079503576159293
0,0.38953963954493803
0,0.1923288100386462
0,0.061965600859563166
0,0.3159068172832518
1,0.638229560977673
0,0.4895572002114948
0,0.19317185819041288
0,0.19327375476209765
0,0.46766522094766233
1,0.5482079048020332
0,0.47093045096207087
1,0.6841054156915886
0,0.38995249278510924
0,0.05313519646651128
0,0.06752888197056471
0,0.05313519646651128
0,0.22854625304964535
1,0.4917294000717401
1,0.5326683287620982
0,0.2724101875408451
1,0.2775344124002077
0,0.3897620689256575
0,0.39176388132266093
1,0.7727994815812411
1,0.5794432844600764
1,0.47214955864447544
1,0.2911410572477871
0,0.24027976077347007
0,0.322259540431501
1,0.4923048068319603
0,0.29489438140756036
0,0.3371181868911942
0,0.27919617269233166
0,0.05313519646651128
1,0.4396222739473308
1,0.3839126899987372
0,0.6373535971425688
1,0.2528384663262961
0,0.2785596555561101
0,0.2694240260836444
1,0.4461406386663708
0,0.07697765942219902
0,0.2915302192446585
1,0.5847873478501056
1,0.634781780848427
0,0.17445722960563517
0,0.0684726010030073
0,0.20087422648890157
0,0.04145787310512104
0,0.4133578203322504
0,0.2650378214257756
0,0.33910925683508725
0,0.2813603330805657
0,0.20232965963284985
0,0.458426826365912
1,0.5550969529559162
1,0.4698089743272545
0,0.5120478190960495
1,0.5640335313285552
0,0.3820634330116658
0,0.5377878620684836
1,0.800307965747492
0,0.41622055903412597
0,0.2363281623315643
1,0.6961871996422754
0,0.38725131328243345
0,0.24619906677881376
0,0.1048534061532708
0,0.04325899046197985
0,0.37244695595783567
1,0.6090801011091286
0,0.0514507663414387
1,0.28404976870156495
1,0.27471870695755923
0,0.2613479590771862
1,0.5443516131080086
0,0.04145787310512104
0,0.6189573525805556
0,0.11188351125447177
1,0.4443862881995798
1,0.31539284690252906
0,0.3363762850742429
0,0.390291399047643
0,0.0395033183697674
0,0.5995145584530333
1,0.5430855155876406
1,0.5841825959153081
1,0.33452772587930774
1,0.7106092411223551
0,0.26564523512250254
1,0.42408613770534664
1,0.465502136981846
0,0.04618362455127108
1,0.6001559645949478
1,0.6937617072546899
1,0.3259272881054887
0,0.739655964810755
0,0.05313519646651128
0,0.23582994571598875
0,0.2835315687113076
0,0.39285061828343815
1,0.6065044566037094
0,0.04325899046197985
0,0.060329546565887675
0,0.374270813397205
0,0.40470198977798616
0,0.5011201644013091
0,0.3437550766773215
0,0.29710612111356416
0,0.29127627673034984
1,0.4768806436450406
1,0.30128280904992943
1,0.5577623187670826
0,0.3212420875955354
0,0.2451152077784644
0,0.38768455073617786
0,0.27565211386539673
0,0.3301346897923495
0,0.0395033183697674
0,0.2696253815228959
0,0.396624691500256
1,0.4274049376645194
0,0.3790674002668886
1,0.6199452225686198
0,0.2307935546229273
1,0.5350345730269026
0,0.23738129163916086
0,0.2022869481014691
1,0.5449130727043687
0,0.27319265344811905
1,0.4322517790750512
1,0.24160765436208578
0,0.04618362455127108
1,0.2608413552212151
0,0.05313519646651128
1,0.6014208314952091
0,0.048322794695219946
0,0.2478397184499026
0,0.28249990113649587
0,0.44209426387521605
0,0.25830719305403177
0,0.3775848392387684
0,0.06362192617784794
0,0.2859733905456969
0,0.28633632692122274
0,0.6142591008240402
0,0.6010232511915641
0,0.2571273766304034
0,0.04618362455127108
1,0.5364819462901261
0,0.4025949960676039
1,0.6973091229215014
0,0.04618362455127108
1,0.4391260745551106
0,0.26995286568731286
0,0.06792438898443459
0,0.07151584166377399
0,0.048162960887210934
0,0.2770233162737598
0,0.06171758895301418
0,0.08297144496009867
1,0.543703208706491
1,0.4186214814010928
0,0.29232263681582377
0,0.26680353820780706
0,0.26572290632935164
0,0.07236985896625575
0,0.5353962320825296
1,0.47179944329743
1,0.7604614560042848
1,0.6222289352258484
0,0.32006586939197934
1,0.3146550500888871
0,0.05313519646651128
1,0.39435255181232004
0,0.3358965455038747
0,0.33059337937747063
0,0.04548918883309488
1,0.8090982386690968
1,0.4301738305576195
0,0.0449088591719706
1,0.290953409054499
0,0.25277190516683257
0,0.24636565884805683
0,0.36102308567460073
1,0.29440440690994835
1,0.27190969903328155
0,0.31293539672593274
0,0.3237820514572261
0,0.17209864904666322
1,0.6718399972252961
0,0.6171804777114155
0,0.04618362455127108
0,0.5039974250043308
1,0.538490995770901
0,0.6744284245783599
0,0.16325686609573367
0,0.1849879116026438
0,0.30344802140606925
0,0.04618362455127108
0,0.2940976056080721
0,0.4000419775358725
1,0.5138216589028269
0,0.5169581606987506
0,0.29432512156856666
1,0.6152124670490731
1,0.37604997561579134
1,0.3045193704912118
0,0.2541927288061851
1,0.6135667029701085
1,0.20439080228652873
1,0.46062811610746607
0,0.2951798975028154
1,0.5372668106393863
0,0.37993695867139393
0,0.04618362455127108
0,0.06769667024108482
0,0.2422243253229752
0,0.04702667270303777
0,0.32702472510473907
1,0.7998756680713789
0,0.3967228684438893
1,0.2657250325100293
0,0.43715894319895837
0,0.3995066820253793
1,0.48886806136425687
1,0.29747553533365567
0,0.2882116335974642
1,0.4052096396567735
0,0.6587727001228721
0,0.04618362455127108
1,0.5259234233416296
0,0.3012669309813672
1,0.6053724883029484
0,0.07151584166377399
0,0.27624385344391095
1,0.7676164276802012
0,0.3414308864552392
1,0.7697629082838493
0,0.3557100924854534
0,0.6388162385615522
0,0.3396177354830107
0,0.04325899046197985
1,0.32292322917733357
1,0.32261637042554103
1,0.6516507954523268
0,0.47438456024291636
1,0.5607545077739055
1,0.3111114706130727
0,0.2385463650475211
1,0.5994980324623833
0,0.2503977070740997
0,0.2744366874431076
0,0.18952457708700676
1,0.7612281738647458
0,0.04754799092342188
0,0.49354400812927895
0,0.13401991604989924
1,0.405312030767678
1,0.5024323505216267
0,0.34001723408568635
1,0.25176451040954057
0,0.18866904182828967
0,0.2694240260836444
0,0.0395033183697674
0,0.30800875292261853
1,0.29530071185200835
0,0.04145787310512104
1,0.8264629148829241
0,0.6505547381172259
1,0.7507187115204141
0,0.4578978505366538
0,0.10133711614085728
0,0.27845051661305487
0,0.3036803365743045
0,0.3069720267523827
0,0.04618362455127108
0,0.04145787310512104
0,0.28015737935490126
0,0.2127766884240071
0,0.06925238512841234
0,0.7035493214544934
1,0.34029877446469325
0,0.24647990408797438
0,0.045883255817846386
0,0.281451468702647
1,0.7310910321845722
0,0.07140028219276243
0,0.24483005901671398
0,0.30820212840400146
0,0.04145787310512104
0,0.3721406113634754
0,0.39012265944182944
1,0.8405092219953604
0,0.3948958886526607
1,0.6445658263965569
0,0.326101359902465
0,0.3280074928839619
1,0.5872499744527119
0,0.04618362455127108
0,0.2451152077784644
0,0.16136441717505579
1,0.732887872077234
0,0.053093498174411405
1,0.5700778179922569
0,0.25277190516683257
0,0.2362998951692947
1,0.5762109823454757
0,0.5125657158634196
0,0.31338618037751537
0,0.06252967709130215
1,0.2732646472537283
1,0.6754457466567857
0,0.053938951769287355
1,0.29432512156856666
1,0.5077148562438841
0,0.6063562696837919
0,0.2941140385169712
1,0.7340335323181456
0,0.2764996077716093
0,0.28605826888684793
0,0.6224424638143612
0,0.42727128261656067
1,0.6747346825796755
0,0.049297907930107784
1,0.7204787718697656
1,0.4540508849438287
0,0.35700829677404605
0,0.2417561746634358
0,0.06543881177575439
0,0.5752749087019154
1,0.49569414968180436
0,0.32062140522950916
1,0.29541730677823985
0,0.0395033183697674
0,0.05846359729724856
1,0.5747816488619114
0,0.04618362455127108
0,0.04145787310512104
0,0.26788531643260133
1,0.41116060565896756
0,0.38702065092292187
1,0.4453167155946275
0,0.2329695413513437
0,0.24404553487376232
0,0.5869550306553081
0,0.5290649741524321
1,0.6590125550589793
1,0.6496134157630636
0,0.5222420160517954
1,0.3958874080589814
0,0.6311404587935658
1,0.376919778390806
0,0.058060492589985795
0,0.07374238355148201
0,0.3060189498175789
1,0.3685073182110477
0,0.08808669588948079
0,0.44731508073600784
0,0.6411952272688066
1,0.5571439504938919
1,0.6780461964317364
0,0.20955601695563672
1,0.40484256382638717
0,0.3452160207878621
1,0.05313519646651128
0,0.0987578531402869
1,0.36348384379755544
0,0.5482400744007834
0,0.3946916211623774
0,0.7936935258685802
0,0.30189661376682503
1,0.25060364460181156
0,0.29432512156856666
0,0.3212672928946989
0,0.048322794695219946
1,0.4565206537890139
0,0.27638177652621815
0,0.34566000776481587
0,0.6476687404568341
1,0.7298490325924677
0,0.17505598247009022
0,0.06940806579500668
0,0.04145787310512104
1,0.2903911828827889
0,0.25665753091717314
0,0.571874275251666
1,0.6904670628489514
0,0.421670814637437
0,0.3221071648696831
1,0.39789801338507175
1,0.2307935546229273
1,0.4305605075630249
1,0.5872499744527119
1,0.3923425584059139
0,0.431854938167444
1,0.6806197284531668
0,0.2452570886480865
1,0.4009217896052537
0,0.2956109736528968
0,0.5866942558803176
1,0.4741378290072368
1,0.6081075285933784
0,0.5005684422762073
1,0.7629988999481404
1,0.6781564992230619
1,0.594890744828334
1,0.3658942356062028
0,0.6076075450703805
0,0.40919856601785876
0,0.2345269034546896
0,0.4325763962150995
0,0.2451152077784644
0,0.2963988134905369
0,0.37551580089100667
0,0.19117770417731597
0,0.20359663801813513
0,0.42614398000347375
1,0.29985794932296334
0,0.2815146984545347
0,0.04618362455127108
1,0.6551492947077779
1,0.3404117836664123
1,0.6954225100501005
0,0.0648817636742439
1,0.6149436103315192
1,0.4572239154509253
0,0.3528229738636495
0,0.39435255181232004
1,0.6211772657717494
0,0.595869546512272
1,0.6529198262448251
0,0.04145787310512104
0,0.44092163172500315
0,0.397452172704788
1,0.3256192187743824
0,0.2951586641715883
1,0.5936375640324925
0,0.3069720267523827
0,0.40655399763620303
0,0.05313519646651128
0,0.5963022500235039
0,0.22911735764050567
0,0.26429911167077186
0,0.27919617269233166
0,0.34586557577076144
0,0.6015603799411977
0,0.2870628274183293
0,0.04618362455127108
1,0.8239163398020551
1,0.6966289013579112
0,0.3687327186121695
0,0.4421123876379646
0,0.25277190516683257
1,0.756653346936887
0,0.2014774945943538
0,0.27362334811023065
0,0.30562787034470595
0,0.6692566432033715
0,0.04325899046197985
1,0.2451152077784644
0,0.3940886018309829
1,0.29950024847507856
0,0.21045911813598372
0,0.3171517294401983
0,0.5724737879391463
0,0.5416290585349226
0,0.3921449026734367
1,0.2971714205225477
0,0.3221171885507759
0,0.2999455245784245
1,0.2641382485775272
0,0.44055657673095777
0,0.0871642948925428
0,0.06752888197056471
0,0.3649594313238218
0,0.6961134426878832
0,0.30474156700154886
1,0.27474214244974204
1,0.5737839673844719
1,0.29850891848252575
1,0.4109657851107945
0,0.04145787310512104
0,0.23855388510739198
0,0.2742925271448274
1,0.2449784596447225
0,0.5353962320825296
1,0.7148246662678243
0,0.452052268099406
0,0.2711364039472275
0,0.13997564816327362
0,0.0395033183697674
1,0.25150831979080285
0,0.556575725868552
1,0.562190703171676
0,0.30876068594211514
0,0.48115571695771114
1,0.45757163496026004
1,0.6695454316273035
0,0.05761807154203917
0,0.24153301130091023
0,0.6089761807081217
0,0.2044317507810274
0,0.5543192740716145
1,0.264373846991771
1,0.7331774226531866
1,0.4705264914159697
0,0.17844904921758997
0,0.2784659884727658
0,0.057444890273935165
0,0.04618362455127108
0,0.6233207652150435
0,0.42571746400171573
0,0.3189629655233816
0,0.26025862440910824
0,0.3985428746724014
0,0.1985362904840987
1,0.443646234487378
0,0.3921449026734367
0,0.263615576892599
0,0.04145787310512104
1,0.3580897305908077
0,0.3690897907074527
0,0.05313519646651128
0,0.04735386353868928
0,0.07118913295857601
0,0.2958984121748812
0,0.6417834930603712
1,0.5889445972101514
0,0.6538877587299409
1,0.4184136014360868
1,0.4659203729072426
0,0.27401044661873664
0,0.06799590754575792
0,0.32794737859013856
0,0.5048227371446594
0,0.0395033183697674
1,0.337915352302955
0,0.41882199310856855
1,0.621116679629422
1,0.4538771653964198
0,0.3814769762631599
1,0.538490995770901
1,0.6058472041049167
0,0.25909620992349686
0,0.3330300722818053
1,0.31260507241229885
1,0.6691845249632725
1,0.35960956807920685
0,0.05640024633743845
0,0.3234840391767478
0,0.04325899046197985
0,0.27471870695755923
1,0.7663517665341881
0,0.29154009366434896
1,0.8294523747859459
0,0.07805087042050754
1,0.37330708337175417
0,0.39711561548320534
0,0.2363281623315643
0,0.2562657012487197
1,0.3108579337012595
1,0.47523698315195617
0,0.3021259386574343
0,0.5971554736554747
0,0.3227428849140415
1,0.48938096894045974
0,0.05593547938832197
0,0.3734021590471804
0,0.4156319696441721
0,0.04325899046197985
0,0.04618362455127108
1,0.43365708593441354
0,0.3004269309077113
1,0.5344710894726871
0,0.2500919904100598
1,0.3079091372741301
0,0.0449088591719706
1,0.36909008834815016
0,0.04972242423388149
1,0.4917294000717401
0,0.44228962287336276
0,0.27933123487809247
1,0.3989394187660185
0,0.5695616941656053
0,0.28864134029142574
1,0.4467294779412997
1,0.33541400636742763
0,0.07732067438892426
0,0.2771579405490269
1,0.48032487897919
0,0.07970951270146677
0,0.04808680394031235
0,0.32975537913431385
0,0.5208794457453262
0,0.3608384576462
0,0.42505048113050714
0,0.19107891928070708
1,0.5957171042152551
0,0.5380432189912084
0,0.08020489019330447
0,0.34792269110363516
0,0.2191492019828269
1,0.5472466562972165
0,0.3356065789492997
0,0.5041134089413422
0,0.2433179827717067
1,0.4710583834641952
1,0.7612752433163932
0,0.25537667024624267
0,0.3282675683419672
1,0.5272649257635829
1,0.5814838138712297
0,0.08692077760601492
0,0.04750081338623404
1,0.30462823306303594
0,0.30919078470541717
1,0.05313519646651128
1,0.29740535901094634
1,0.4249959307551027
1,0.3817255125557479
0,0.36734523307495204
0,0.07590234877033278
0,0.239296016471438
0,0.2908968285786408
0,0.053123703894961745
0,0.635350922040977
0,0.05516743145567349
1,0.5593186016418821
0,0.04827369474608138
1,0.38920428438885346
0,0.23072223977806172
1,0.32231958869881483
1,0.3068909774948288
1,0.4242265033624561
0,0.5480547984106839
0,0.25524326431232314
0,0.05512095382506467
1,0.7834978049957841
1,0.3451438043836334
0,0.2485865570262911
0,0.05254091984870408
1,0.7744502592746447
0,0.2803244419705434
1,0.618927093713434
1,0.33039174120914944
1,0.6761055073437452
1,0.29114774251895087
0,0.0395033183697674
1,0.7587479496370776
0,0.3361156161542174
1,0.5582746082226481
1,0.6231669611769974
1,0.463720369443806
1,0.5655013834545518
0,0.07381808166130044
1,0.6235701618227597
1,0.6451402975649021
0,0.47782024017178376
0,0.2851616816614135
1,0.5274476902932321
1,0.7195469210155003
0,0.04741138827140735
0,0.04325899046197985
0,0.2561943308431149
0,0.046696258880419575
1,0.6695924041421436
0,0.4336331861817068
0,0.2979184979360723
0,0.07270044540696696
1,0.8201116400073436
1,0.32210840140566677
0,0.6026642304711817
1,0.36927161218596555
1,0.4572239154509253
0,0.12504647322552448
1,0.6204177488614098
1,0.38640696096791255
0,0.5230465963407123
0,0.27357364431366116
1,0.5332948735929616
1,0.3788481616118311
0,0.1659063498977241
0,0.3568127955125716
0,0.39697601694837853
0,0.5391863989498624
0,0.05313519646651128
1,0.5513216327170435
0,0.046696258880419575
0,0.5149625010906765
0,0.08076355861562327
1,0.3784645004427002
1,0.7210747722094953
1,0.7849456248308754
0,0.24575240881129445
0,0.22903412774631787
0,0.28807490440476663
1,0.3911514862412809
1,0.49181846494891984
0,0.18083466578120053
0,0.38208324691425927
0,0.2451152077784644
0,0.2859376673429581
0,0.2451152077784644
1,0.35943883556306766
1,0.6381355716928262
0,0.5844700920821687
1,0.6036096287742914
1,0.42801641674012364
0,0.2814530509711996
0,0.40231673791234224
0,0.0395033183697674
0,0.5696907041563286
0,0.05313519646651128
0,0.04325899046197985
1,0.4856164819896814
1,0.4431297031533022
0,0.2507166064980105
1,0.38271032197791743
0,0.8332023280484281
1,0.3606608385375109
0,0.24025157633033367
0,0.4647989032399587
1,0.05759233210221754
1,0.6462188743683983
1,0.8042593860167613
0,0.3180391402137993
0,0.28801335458060345
1,0.402598260695247
1,0.7158603112758748
0,0.25277190516683257
0,0.04898070748480041
0,0.04618362455127108
0,0.055483967557918616
0,0.04618362455127108
1,0.4542659072134387
0,0.27919617269233166
0,0.2907170854610129
0,0.04618362455127108
1,0.42214071648219925
1,0.7708710824033216
1,0.49797802204288516
0,0.29397644241422377
0,0.214189084484599
0,0.07805087042050754
0,0.2755596922489258
1,0.7399787393667978
0,0.5852355353721553
1,0.5968219954331666
0,0.2958341317006058
0,0.04618362455127108
1,0.22490737947475234
1,0.07362846787280344
1,0.2451152077784644
0,0.3928764905218826
1,0.33792386137373653
0,0.3383987166287577
0,0.26062608115109964
0,0.2345269034546896
0,0.27618901883803976
1,0.6661036766268351
0,0.06662729251960077
0,0.23285940514126754
0,0.2588254470950335
0,0.04325899046197985
0,0.3589301328542553
0,0.29074841599382817
1,0.6076075450703805
1,0.431416152394375
0,0.37597055107805777
0,0.2725557320407031
1,0.32260895664674916
1,0.15568946044252616
1,0.3072215018151959
1,0.39326455733365845
0,0.04325899046197985
0,0.25473667147115386
1,0.5024323505216267
0,0.12054095794841042
1,0.5590973821485047
0,0.5034109246519329
0,0.06937176209731358
0,0.4517267666551471
0,0.4184136014360868
0,0.04618362455127108
0,0.6528355735050938
0,0.2269848996811269
1,0.5444372204868008
0,0.28340117141822607
1,0.3301853520184902
1,0.7103340647627068
1,0.6282608592855327
0,0.25151490153620487
0,0.5670216317247091
0,0.4014046930060813
0,0.2329695413513437
1,0.7231883072535716
1,0.3054833589743445
0,0.3000119555303096
1,0.7849456248308754
1,0.28806620113857284
1,0.04485021049095059
0,0.3212420875955354
0,0.04145787310512104
0,0.05313519646651128
1,0.7098634091263479
0,0.463718977141657
1,0.580085831166889
1,0.4589796648191052
0,0.0395033183697674
0,0.04597499359688497
0,0.31098357672828647
0,0.371356623019898
0,0.40280396999316176
1,0.5925675409039816
0,0.5225563642536704
0,0.41236417043317203
0,0.29095548490535256
0,0.2602340259562537
0,0.3662468663456772
0,0.49279578403674523
0,0.5567404920937371
1,0.2972335333655892
0,0.346844482682862
0,0.2555205339916963
0,0.07808788697127785
1,0.33914964464235414
1,0.7249551994766166
0,0.2788056536821597
0,0.04618362455127108
0,0.18323945826321592
0,0.32510673756561576
1,0.40315592452904164
0,0.25063613470269325
1,0.2363281623315643
1,0.40998082366593136
1,0.4000801045515869
0,0.43190047182957914
0,0.262834291291798
0,0.0395033183697674
0,0.2576122000876899
1,0.4506901446170373
0,0.44209426387521605
0,0.3919201440694188
0,0.43623876279149576
1,0.4507256253336044
0,0.3373602038728941
0,0.29184510157460863
0,0.4346174391035695
0,0.4452662993151875
0,0.16136441717505579
0,0.20437609351132374
1,0.3773318538047466
1,0.8207810590220309
0,0.3432012144417926
0,0.25750397004517384
0,0.11789743880674391
0,0.3947543141016511
0,0.494379262937268
0,0.48603054735875306
0,0.40329592070292497
0,0.2507166064980105
0,0.40891122880284014
1,0.3849889268696845
0,0.3564195951509064
1,0.41059075826839814
1,0.5449130727043687
0,0.5864437027498081
0,0.05544399442114441
0,0.5998392702715905
1,0.4079348579819867
0,0.048243624661551986
0,0.44134760758124153
1,0.6274485693042715
1,0.6041164501327149
0,0.061965600859563166
0,0.2941537004319357
0,0.32543647045706336
1,0.5182400414989285
1,0.5338440294583933
1,0.5117054062556483
0,0.3941439142625172
1,0.5019310966360216
0,0.42366108909862255
0,0.04618362455127108
1,0.8085548707402842
0,0.05313519646651128
1,0.766632135709388
0,0.05521701619332975
1,0.5449130727043687
1,0.3389454064844829
1,0.6051985968457898
0,0.12858933322033722
0,0.2755838903441481
1,0.4261403492848918
1,0.5247783609485016
0,0.0527275132658974
0,0.2999455245784245
1,0.48938096894045974
0,0.04963825270373016
0,0.5161143858689111
0,0.21026920560589268
1,0.730684566796825
1,0.7156902791781539
0,0.2515103163675658
0,0.42323311612668346
0,0.5342031774375622
0,0.060264592828356424
1,0.266934598239459
1,0.37830976471301414
1,0.3489970288115151
0,0.04702667270303777
0,0.11185274266462542
0,0.26575090319492395
0,0.2500324061305948
0,0.3748204989523923
1,0.5876322477098044
0,0.06937176209731358
0,0.2949891450786121
0,0.05846359729724856
0,0.2689303684955751
0,0.378618485674145
1,0.640383196733961
0,0.5344536785801682
0,0.6679437387309358
0,0.2815509978108577
1,0.6975793277844331
0,0.040065084507516904
0,0.23197278652569325
0,0.29867205787533163
1,0.35473554248011635
0,0.042295816857365706
0,0.36397306617614505
1,0.4059719173082248
1,0.6804219496379179
0,0.37890139116043836
0,0.0395033183697674
0,0.04618362455127108
0,0.15763876037786792
0,0.2835515677966195
0,0.30490886685890894
0,0.04313807914074091
0,0.2451152077784644
0,0.0395033183697674
1,0.4568194995169691
0,0.4256226674702098
0,0.4371915766006395
1,0.3839656647658947
0,0.0812087341124679
1,0.6809469894314443
1,0.2762832376813793
0,0.2467919195871471
1,0.6226829772186052
0,0.6179507828823658
0,0.39586436821350335
0,0.4034528026315047
0,0.26019456277420683
0,0.2542997308664313
0,0.24764348988523668
1,0.6191489440474339
0,0.27274114896392504
0,0.24072318347099303
1,0.5109816835862697
1,0.24744816151512225
0,0.045883255817846386
0,0.33921869738057636
0,0.28252033809171456
0,0.3292454661378714
0,0.36478031323848076
0,0.3620871113338572
1,0.6276037122654261
0,0.05895663183831394
1,0.7424865046524021
0,0.07601719302741552
0,0.04618362455127108
1,0.33970652249891
0,0.25899313395866025
0,0.34511337023778105
1,0.3361143063016995
1,0.5391639367130012
1,0.1732905974952573
0,0.25277190516683257
0,0.3300491235528607
0,0.05315947810669242
0,0.20437609351132374
0,0.552035125375646
1,0.6092809946485386
1,0.41742795243914466
0,0.3850106408175134
0,0.2485865570262911
0,0.3773664671529427
1,0.211706006045083
0,0.24072318347099303
0,0.5377780230124077
1,0.42193489354132835
0,0.568000366241501
0,0.0449088591719706
1,0.550650876712596
1,0.7642470897586499
0,0.05313519646651128
0,0.08273410425572919
0,0.3395131617484532
0,0.40547871742763547
1,0.22490737947475234
0,0.06774348276317049
0,0.32285943599233374
0,0.27296120756191417
0,0.522433960121598
1,0.8332023280484281
0,0.27029737399903364
1,0.0832605355124335
0,0.26667374180734893
0,0.25830719305403177
0,0.06316299526348405
0,0.3085400363948013
0,0.7667755213092537
0,0.3919000206174592
0,0.2827311011340343
0,0.04145787310512104
1,0.4506901446170373
0,0.35936638245797076
1,0.8204548948033716
0,0.2499959164211717
0,0.39879721185801226
0,0.053093498174411405
1,0.40117142337425
0,0.2384363948826721
1,0.5718941521892601
0,0.36187701244751386
1,0.25520248726905
1,0.4155531576450257
0,0.05759233210221754
1,0.2775344124002077
0,0.05355518052343182
0,0.32498389839466346
1,0.3947934953497017
0,0.2971031497782004
0,0.30857733551181993
0,0.2636805293705716
1,0.3948958886526607
1,0.8304082902155456
0,0.24324016637871376
1,0.6063562696837919
0,0.2299115097286462
1,0.3070542256847255
0,0.1914772790810319
1,0.3035011943357337
0,0.24303402401073435
0,0.42779094670102796
1,0.2981862791333204
0,0.5153174577957482
0,0.37050735159116815
0,0.04145787310512104
0,0.35510669941641065
0,0.048124830308991
0,0.2363281623315643
0,0.4915340926195218
0,0.0613802515763059
1,0.4488563721347852
1,0.7849456248308754
0,0.24508348517253434
0,0.2562657012487197
0,0.22175127185408203
0,0.2979184979360723
0,0.04145787310512104
1,0.25665753091717314
1,0.6006729254487007
1,0.300442684538408
1,0.29233424417037035
1,0.3093876264109451
1,0.4755406034834205
1,0.37309673990705267
1,0.38297585598499606
0,0.054303002973415004
1,0.6228689811501661
1,0.3232383679410047
0,0.5401856025544592
1,0.6934463512473935
0,0.2045636715100966
0,0.6728496815221074
1,0.4221957362404374
1,0.5303816032966097
0,0.582907343842403
1,0.6990301826906358
1,0.8332023280484281
1,0.6232049574465194
0,0.4174361636293693
1,0.5554418902374706
0,0.08964198747103638
0,0.29411302412056173
1,0.5661930890716412
0,0.23171897994570825
0,0.5729590540924353
1,0.7377303349568123
1,0.41995310858044976
1,0.5176522045649468
0,0.2307935546229273
0,0.21976593295962268
1,0.6263551969872704
1,0.6990301826906358
0,0.30866289596282637
0,0.2532515427126393
0,0.3939981084690254
0,0.4544686128019242
0,0.2153867827767391
1,0.24089711429439656
0,0.04325899046197985
1,0.42911329467960735
0,0.2621784578414019
0,0.237900359769755
0,0.37231017547539663
1,0.38920428438885346
1,0.2920281176475858
1,0.36304132208441847
0,0.4297115898064575
0,0.4539881158809695
1,0.787737755444775
0,0.2830423810706225
0,0.38932839756381504
0,0.2907170854610129
0,0.35014693830509913
1,0.5089622012675179
0,0.5205557816703621
1,0.4849865765675159
0,0.28966798982194736
0,0.22854625304964535
0,0.269655834332227
0,0.23164710433336022
0,0.04145787310512104
0,0.26545179138420083
0,0.435955125970082
1,0.5914638420516861
0,0.04466755273198704
0,0.36030845586953514
0,0.49196609256087165
1,0.6061271984579406
0,0.540708046717614
0,0.2659750315685563
0,0.04618362455127108
0,0.06410276787069885
0,0.242441360794818
0,0.69961311802381
1,0.42180210803798585
0,0.2933345224137257
1,0.5826757054844847
0,0.47784004808791236
0,0.25063613470269325
0,0.27172393173626486
0,0.36707750498330405
0,0.2864022560728563
0,0.1923288100386462
1,0.6169015896257761
0,0.32794737859013856
0,0.04618362455127108
0,0.34195311431662556
1,0.411248631688928
0,0.38864904870820466
1,0.3868689237846818
1,0.47983522168831255
0,0.042295816857365706
1,0.35808214985175035
0,0.4833094149952752
0,0.2922213294298201
1,0.3635195020249791
0,0.5595238770972578
0,0.1923288100386462
0,0.04325899046197985
0,0.2423383482904105
0,0.28426712381640845
0,0.04618362455127108
0,0.05313519646651128
1,0.07652785157074242
0,0.2329695413513437
1,0.6444581468293382
0,0.7388990341925611
0,0.4559297668327216
0,0.21790238457764932
1,0.5632748214414599
0,0.31522662567303694
1,0.34862239154978897
0,0.32464145191459687
1,0.4648525408765767
1,0.35144894591823467
1,0.5931838817714423
0,0.299504130907913
1,0.7231305232795843
1,0.6875704866207681
0,0.4421123876379646
0,0.796492645548499
1,0.5067755374578474
0,0.0451443599944082
0,0.2576122000876899
0,0.04145787310512104
0,0.2451152077784644
0,0.5858922390680168
0,0.2574748280314784
0,0.3767895615248627
0,0.718174893128261
0,0.19107835896905379
1,0.7836601958828938
0,0.2499953452468079
0,0.05955008151598419
1,0.607046510398922
1,0.5619943507480549
0,0.046322939809868
1,0.2693858163349061
1,0.32455283668303303
1,0.3446553011685315
1,0.7460157399845646
0,0.562190703171676
0,0.2307935546229273
0,0.5286855534224347
0,0.04618362455127108
1,0.3409152246788652
1,0.6832851224989037
0,0.04618362455127108
0,0.27168009725368886
0,0.28207473515223047
0,0.26626187347837854
0,0.33073445964627196
0,0.4465378789811103
1,0.7095490155046159
0,0.04145787310512104
0,0.5757911441718426
1,0.3879016438113645
1,0.46681159841590936
0,0.19491239116822692
1,0.3372402577676558
1,0.41039432516088126
0,0.26205127319234467
0,0.3056040241241677
0,0.2737603817844666
0,0.4188766340869247
0,0.36792314284132566
1,0.5876951606672204
0,0.3409456361296307
0,0.3903492625037045
1,0.4291643984629694
0,0.29537116995954127
0,0.4384620555756667
0,0.04741138827140735
1,0.4151768489949752
1,0.5094711457437809
0,0.24896422748772987
0,0.05313519646651128
0,0.3481934806852499
0,0.648964177053098
1,0.8304082902155456
1,0.46626103509806077
1,0.36332819195528604
1,0.7347706095647449
1,0.606797173567764
0,0.3582777861853581
1,0.25063613470269325
0,0.10302949555917518
0,0.266934598239459
0,0.04618362455127108
0,0.2769611241949689
0,0.2535106240919811
0,0.2451152077784644
0,0.19117770417731597
0,0.25830719305403177
1,0.31223231216981934
1,0.7463401100435991
0,0.48163564821287275
0,0.27215060043665334
0,0.30660465168836615
1,0.5024431523940049
0,0.32028148932266925
0,0.27830539959687933
0,0.044645653212846886
1,0.5570706098763513
0,0.2485865570262911
0,0.057930836342395785
0,0.23655960995654507
1,0.2123470129323061
0,0.26225763280978864
0,0.04618362455127108
0,0.04618362455127108
0,0.06539350792757864
0,0.3524050373127379
1,0.5886161938710809
1,0.4464857514117017
1,0.29772859828703896
0,0.25727974348636795
0,0.36140481973932836
0,0.20505871413416044
1,0.39642792339350114
0,0.6973907487817425
0,0.08297737120856086
1,0.607287781781463
1,0.37312265232229525
0,0.04682728207374972
1,0.6546756287250334
0,0.05694683107485856
0,0.048322794695219946
1,0.6657149068879148
0,0.2506800397363474
0,0.33860870732678344
0,0.266934598239459
1,0.6273049911972217
0,0.2160605168555298
1,0.6158558501698607
1,0.3823985975652962
1,0.5457297674505042
0,0.29955175417354885
0,0.30940536112413203
0,0.2567579398981664
1,0.5571629307103241
0,0.3086062567630883
1,0.7319795012627227
0,0.31153987674180766
0,0.27296120756191417
0,0.31603006298350866
0,0.4572239154509253
1,0.28338780750831766
0,0.3816420884260105
1,0.2854192177014233
0,0.0395033183697674
1,0.38297585598499606
1,0.4374896763079006
0,0.26366847971678764
0,0.6906776648837815
0,0.6607693301162655
0,0.1808496531607738
0,0.0475460273750935
1,0.3314401732854219
0,0.502437352198145
1,0.7695827205575492
0,0.19605619406313768
0,0.3777993564975919
0,0.256339596658251
0,0.23289189835779897
0,0.06158581087856754
1,0.5768833018915359
0,0.3026184104894333
0,0.28065731567028546
0,0.6095160347741807
1,0.2780782277356561
0,0.283934044677717
0,0.2895014576961379
1,0.6715186020870082
0,0.061965600859563166
0,0.3615342516598458
0,0.2960864066937966
0,0.3829717755472961
0,0.3356277601464256
0,0.22854625304964535
1,0.6546834070066143
0,0.2742925271448274
0,0.39349435117438963
1,0.6380973135977148
1,0.6193678071000023
1,0.6668520037071505
0,0.04325899046197985
0,0.3567351726881176
0,0.2451152077784644
1,0.7622974637411006
0,0.24297717340909034
0,0.5579578531756272
1,0.8208478232326903
1,0.3301853520184902
1,0.6883016133311962
0,0.06158581087856754
0,0.5535576418015279
1,0.4686268852145042
1,0.6980998804573952
1,0.7633206954666452
0,0.20071847015574426
0,0.046415342536274704
0,0.0449088591719706
0,0.34833590507234785
0,0.04325899046197985
1,0.23228689963527402
0,0.4917294000717401
0,0.3710528465019474
0,0.2602340259562537
0,0.0451443599944082
0,0.12576862448104806
1,0.513674056288545
1,0.5075682182847306
0,0.4330833586045293
0,0.5329996255120262
0,0.21907208664599623
0,0.08141903110165785
0,0.06346562828897305
0,0.2729262257467139
1,0.7656645351796996
1,0.685926123295274
0,0.24971762953712628
0,0.04325899046197985
0,0.4994797849140297
0,0.26618383064360523
0,0.23683534479927215
1,0.42880318375780213
0,0.24475245756893388
1,0.43833816911377493
1,0.5424196688166301
0,0.26545179138420083
1,0.2908021632234432
0,0.1799299350866216
0,0.6461932875731278
0,0.35150182771914457
1,0.6152876752343933
0,0.4246797902483394
1,0.05896719181041058
1,0.7788223444200787
0,0.38885857248142885
0,0.7573899494040256
0,0.6407277664105313
1,0.6490310589066309
0,0.29273310464600094
0,0.29489249799352235
0,0.21875061585853164
1,0.7459686816103643
1,0.22490737947475234
1,0.38867266425599556
0,0.4182474672331626
1,0.4280808469807686
1,0.3771438790467269
0,0.3832601919001394
0,0.2946612524357627
0,0.2750415975084164
0,0.0989800660688043
1,0.7765555427464288
0,0.25994003916546393
0,0.4289809115410413
0,0.0451697178297395
1,0.5537135993358503
0,0.4107108755827515
0,0.33193543400687636
0,0.32101980048171946
1,0.6724864486067693
1,0.42911329467960735
1,0.2507166064980105
0,0.04584855982342666
1,0.6877909403018918
0,0.2153867827767391
1,0.2538731112116691
0,0.04618362455127108
0,0.5803901672054954
0,0.570169235450267
1,0.2009505725635872
0,0.25953400483986505
1,0.7725708452520111
1,0.48262568104582665
1,0.6340701403643223
0,0.44511764883947746
0,0.0395033183697674
0,0.04618362455127108
0,0.0524639147360879
0,0.25899313395866025
0,0.06240191177850619
0,0.8304082902155456
1,0.2692364957455706
1,0.5431760647250572
0,0.6911850978568344
0,0.5533757733454507
0,0.2701634937833823
0,0.05640024633743845
0,0.4816666941565066
1,0.6905951426365937
0,0.5225563642536704
1,0.38473703909029305
0,0.3019917423032876
0,0.19117770417731597
1,0.20305554209594673
1,0.6450416821887527
0,0.04325899046197985
0,0.5970583201721331
0,0.5815659584972461
1,0.3184582232213478
1,0.37459658609945
0,0.29549308217186804
0,0.5025412619188965
0,0.22912525236816927
0,0.5705219808038441
0,0.2951062142488057
0,0.2329695413513437
1,0.6860454062170356
1,0.5675565177081413
1,0.7215860370110837
1,0.5087745805012078
0,0.28599289798522215
1,0.5861484178178054
1,0.5559467909236154
1,0.38549113717973255
0,0.3788528992064753
0,0.27190969903328155
0,0.10660760301120623
1,0.562190703171676
1,0.5796369569228915
0,0.4192850019515685
0,0.061760492614018496
1,0.7311726527581
0,0.3093527282104999
0,0.6413602201500165
0,0.43773496115859367
1,0.5819577668180521
0,0.24643359915073204
0,0.43109801364280675
0,0.22994240835899024
0,0.053093498174411405
1,0.26200170066448863
0,0.2786626629349936
0,0.3378821291753409
0,0.2576122000876899
1,0.42465464527562125
0,0.04145787310512104
0,0.4976708189351009
1,0.6551902847120187
1,0.38332949923571524
1,0.6711530354625628
1,0.6834225252347909
1,0.41641725357311415
0,0.12428198089329698
0,0.21698416237482135
0,0.3424622256969526
0,0.2345269034546896
0,0.24522945840941332
0,0.2345269034546896
1,0.40749644887369085
0,0.3036385684814777
0,0.2514778953538657
0,0.04145787310512104
1,0.3473342577467156
0,0.25859988556540386
1,0.21976233453916177
0,0.35166998781784636
1,0.5741716305410871
0,0.6568377246156212
1,0.3793901648643666
0,0.38716950650502857
0,0.04618362455127108
1,0.5745935111598064
0,0.29202480336341935
1,0.3546812578838972
0,0.30792064352154597
1,0.50589588222702
0,0.6068548881515511
0,0.05294656320644265
0,0.04848681385772887
1,0.2877134039563415
0,0.32825306120562414
0,0.05787714455313048
1,0.2656325466832886
0,0.4413607158077598
0,0.45678834988117395
0,0.41191643651703364
0,0.05086237433825691
1,0.7968744239955958
0,0.3533572434081937
0,0.5833667289967688
0,0.2785460816434048
1,0.3854427021535636
1,0.7616833075766779
1,0.713549682453744
0,0.0395033183697674
0,0.4083983561960101
0,0.2895014576961379
0,0.25329825942547257
0,0.04145787310512104
1,0.8107459590552282
1,0.3128430762629162
0,0.24690541544449293
1,0.29273310464600094
1,0.745288730844428
0,0.42244108126715957
1,0.2961881704214659
1,0.20023741878493437
0,0.2287974684054878
0,0.39464658218256093
1,0.3862591639720499
0,0.2581530709688947
0,0.04145787310512104
0,0.11805589535976899
0,0.38303873405353733
0,0.3772248338369855
1,0.47183300256309335
1,0.457298523237307
0,0.04325899046197985
1,0.8160986794019504
0,0.3935396841871384
0,0.4893296278956118
0,0.416013195777053
1,0.5633175826064173
0,0.6376453116515088
0,0.36517542917731227
0,0.3564640054665999
1,0.2511048834962954
0,0.43967948975684573
0,0.2905925848515255
1,0.591519376720828
1,0.5891600492090748
1,0.2501508926715559
1,0.36028680366400156
0,0.0451443599944082
1,0.32112398976587125
1,0.8322464126188285
1,0.8148589371838689
0,0.37019337455324924
0,0.40547871742763547
0,0.24680233204688204
1,0.3537885196358894
1,0.5413369199180371
0,0.05558422579434196
1,0.42192436151119106
1,0.43446818845319274
1,0.2382746829461699
1,0.49702641192842467
0,0.20071847015574426
0,0.37007837588750286
0,0.06171758895301418
0,0.1405753751958219
0,0.23095552420481394
0,0.06025590655036106
0,0.4893296278956118
0,0.3848501940667113
0,0.2228478804026931
1,0.5937409391561415
1,0.7957989887090858
0,0.0395033183697674
1,0.8181751698846385
1,0.5389749954252411
0,0.04618362455127108
0,0.04618362455127108
1,0.6425961639376943
0,0.46184006605911476
0,0.2153867827767391
0,0.2345269034546896
0,0.24636565884805683
1,0.3596432408686727
0,0.04618362455127108
1,0.8289042209895886
0,0.053093498174411405
0,0.2777056154636003
0,0.0613802515763059
0,0.28229641311185
1,0.46589410762088374
0,0.6067974824490635
0,0.2451152077784644
0,0.04896610870478206
1,0.36079366103812993
1,0.33059337937747063
0,0.0395033183697674
0,0.24636565884805683
0,0.04325899046197985
0,0.25133288878151266
0,0.04787035138700507
0,0.4030527988024915
0,0.19414302562344532
0,0.04618362455127108
0,0.41882199310856855
0,0.568000366241501
0,0.3442588171799825
0,0.3092751031128738
0,0.3135524801742827
1,0.4362028570733518
0,0.6071087101803495
0,0.0395033183697674
0,0.40286508308739627
0,0.6566499201428393
1,0.8124989334903994
0,0.24690541544449293
0,0.09382521690869365
0,0.30014099856102383
1,0.3523922406206878
0,0.4917294000717401
1,0.5822241811431271
1,0.8304082902155456
1,0.2904348960105672
0,0.2341285786859206
0,0.0604940570553274
1,0.7914683497442648
1,0.5668687073733125
0,0.2911100094848992
0,0.265536168215629
0,0.4094889153988129
1,0.38495955017335914
1,0.5063328309793875
1,0.5344710894726871
1,0.2815146984545347
0,0.3856041037225315
0,0.044645653212846886
0,0.22854625304964535
1,0.7765555427464288
1,0.5247456367045262
0,0.31397612974755373
0,0.0395033183697674
0,0.056735911692307905
0,0.266934598239459
0,0.40547871742763547
0,0.25771343127361407
1,0.3865258297943369
1,0.8278578455777738
0,0.43754314085009516
0,0.4043180593568725
0,0.19950518857822583
1,0.7683641990970935
1,0.465551066113668
0,0.2912673314895217
0,0.5250587198888753
0,0.3996061634391466
0,0.16411560183999052
0,0.3919606810972248
0,0.05064785897988729
1,0.5931838817714423
0,0.2501508926715559
0,0.6562379109841089
0,0.49447290637391617
1,0.30035327580613763
0,0.1422333203576285
0,0.2462643594944742
0,0.07644673522778873
1,0.6122928932639674
0,0.3748204989523923
0,0.1919626651954903
0,0.04145787310512104
0,0.28768352200996133
0,0.04325899046197985
0,0.27635829942831835
1,0.3056820503004717
1,0.4010675300144794
0,0.04145787310512104
0,0.266934598239459
1,0.2935854435540591
1,0.7250831514724734
0,0.2983562080792752
0,0.3918696512642403
0,0.279006358816185
1,0.05512095382506467
0,0.29817757437278586
1,0.6177934609672303
1,0.5024323505216267
1,0.7315236228207155
0,0.2759662306189971
0,0.23445196423747225
1,0.5768833018915359
0,0.24690541544449293
0,0.12576862448104806
0,0.27216867360508396
1,0.43967948975684573
0,0.04735386353868928
0,0.39772236181159765
1,0.7847152688446796
0,0.04325899046197985
1,0.2329695413513437
0,0.5176572760762709
0,0.3087761084528846
0,0.41044474036878387
0,0.4930694896962235
1,0.4654649422945131
0,0.5378255257668746
1,0.04441957452740287
1,0.416503005596573
0,0.4218720585573816
1,0.5707709247778341
1,0.3596432408686727
0,0.1505441502340677
0,0.04325899046197985
1,0.5851714712515931
1,0.3248468262091485
0,0.32208822481500393
0,0.3358682557216313
0,0.05313519646651128
1,0.6921638160322529
0,0.4544784724360612
0,0.2138467080475459
0,0.3913642092187234
0,0.2451152077784644
0,0.2632471869621989
0,0.07151584166377399
0,0.3077945228873342
1,0.5821529392459929
0,0.27630498576644225
1,0.3008907004695081
1,0.46129011020610894
1,0.2674500851290981
0,0.27326083452441247
0,0.0451443599944082
1,0.7657310279298006
0,0.5196649473542392
0,0.3165597627449178
0,0.04325899046197985
0,0.6582377196375878
0,0.6053234080334595
0,0.4002993333778681
0,0.5074957990774172
0,0.04618362455127108
0,0.05313519646651128
1,0.8556162141593147
0,0.1923288100386462
1,0.26417768183166107
0,0.2467919195871471
0,0.3698711820658506
0,0.2963858153363877
0,0.15330626825800914
0,0.04145787310512104
1,0.6827127185034811
1,0.17329882752792386
0,0.25063613470269325
0,0.32956532694871343
1,0.319998670920328
0,0.04618362455127108
0,0.32237042542421857
0,0.6639551670049334
1,0.5203425333995976
1,0.7631484242084945
1,0.33905510314795634
0,0.26552592345660514
1,0.32652838915427307
0,0.4532667972651303
0,0.3368088214949946
0,0.35865105141454057
0,0.3842298352173375
0,0.0395033183697674
0,0.0395033183697674
1,0.45904429378839084
1,0.1923288100386462
1,0.2781930547047328
1,0.5512755158548205
0,0.300442684538408
0,0.25662915601425956
1,0.5280452548329557
0,0.06548069880794945
0,0.2329695413513437
0,0.39860307462798455
1,0.42244108126715957
1,0.5301445626945159
0,0.04618362455127108
1,0.3831997688379383
0,0.296042336157645
0,0.04325899046197985
0,0.04525426398016361
0,0.3361093879572154
0,0.2858525116157267
0,0.16867149053984926
1,0.2942310925186782
1,0.2627176986815241
0,0.1923288100386462
1,0.33039174120914944
0,0.06539350792757864
0,0.2404453394420321
0,0.325412131630064
0,0.04618362455127108
0,0.4572239154509253
0,0.37761486584757115
1,0.8304082902155456
1,0.5444363623993933
1,0.3830996888903755
0,0.5445705621897685
1,0.43507665914991706
1,0.28768785969929134
1,0.8070730004617375
0,0.272678610252887
1,0.44368594622054863
0,0.053123703894961745
1,0.39932262106062866
1,0.7377143636817641
0,0.3814742127171398
0,0.30800875292261853
1,0.7461761064096094
0,0.25537667024624267
1,0.7094645008604259
0,0.3564195951509064
1,0.402598260695247
1,0.5038951651683092
1,0.3358682557216313
0,0.47437040707739153
0,0.04618362455127108
0,0.04145787310512104
0,0.05947725103849633
0,0.2014774945943538
1,0.2983568016729514
0,0.275616179297646
1,0.690251135217133
1,0.6154095333455237
0,0.4734295562028821
1,0.6474459308809871
1,0.49176852499255563
0,0.26163838119092736
1,0.36055409656002774
0,0.25570941266858277
1,0.6899385574088109
0,0.2541927288061851
1,0.3980375052231294
1,0.4260112740403694
1,0.34888021403856784
0,0.32794737859013856
1,0.7920665882655262
1,0.4704524903653455
0,0.04618362455127108
0,0.2778022877894077
1,0.5783809054765662
1,0.6829748846244464
1,0.4537886008154879
1,0.5374729843450029
0,0.2791918057378016
0,0.26467519541346624
1,0.2940976056080721
0,0.24811639702039856
0,0.3850283006645733
0,0.0994410800075749
0,0.0395033183697674
0,0.18952457708700676
0,0.5025425425430021
1,0.17787156843480123
0,0.31385481874045995
0,0.648964177053098
1,0.7301654168542914
1,0.43633892920391504
0,0.35868405365392386
1,0.5123909518995956
1,0.7747369001544605
1,0.4346096621598075
1,0.594890744828334
1,0.6738440528535021
0,0.34304582769305647
1,0.5393408389841096
0,0.31129389032010923
1,0.5109193579031681
1,0.33862398533315
0,0.3129838815864756
0,0.27919617269233166
0,0.2664590696054257
1,0.3599363994498374
1,0.7931075218525628
0,0.517134598141121
0,0.20978302820930106
0,0.3691320342330643
0,0.37289786137106923
1,0.7741476726110001
1,0.39258736391228605
1,0.5769186715181497
0,0.15060534279284055
0,0.26442280089643133
0,0.1923288100386462
0,0.30792064352154597
0,0.32059503215549495
1,0.39375894439284453
0,0.12892499696003212
0,0.21693024381786333
0,0.29409976988598574
0,0.27257273286621947
0,0.31479790409853264
0,0.2698591169653722
0,0.04145787310512104
0,0.3842809662896774
1,0.6776152316129004
0,0.20979561642088182
0,0.2856448872665484
1,0.31098440189343013
0,0.7601291093689692
0,0.06766282257452906
0,0.04618362455127108
1,0.22854625304964535
1,0.7849456248308754
0,0.06123476220612548
0,0.0395033183697674
0,0.042309132615928995
0,0.04145787310512104
0,0.3706157811949138
0,0.2698382341079776
1,0.7437331534778067
0,0.25909620992349686
0,0.4240549937120404
0,0.3989762177204172
0,0.22669410766159057
1,0.3415795377219997
1,0.22401210077984476
1,0.7237258397953766
1,0.3793488678658867
0,0.13508495524772915
1,0.25604496414361405
0,0.25063613470269325
1,0.2891784517810173
0,0.171817548499945
0,0.25840438306989993
1,0.725263736562726
1,0.47654850795278914
0,0.31561044228460683
0,0.4391917848025837
0,0.6335375520271614
1,0.5848355497278264
1,0.5558450859449399
1,0.33823414975309274
0,0.38332949923571524
0,0.31178800166368414
0,0.2908319313828068
1,0.766149456844233
0,0.3237820514572261
0,0.3813353178620581
0,0.6008063606265697
0,0.30936392936317275
1,0.5200211344028554
0,0.24722743211613452
0,0.0395033183697674
0,0.05313519646651128
1,0.6894892483282988
0,0.42268337597917316
0,0.2849837828240813
1,0.6233072603803753
1,0.2891908217534968
0,0.05313519646651128
0,0.27245552516368776
0,0.0395033183697674
1,0.5534843522147251
0,0.47937944090799134
1,0.5877969946125744
1,0.3390793929973497
0,0.38221166341268176
0,0.2310331073728024
0,0.3943954430400952
0,0.04618362455127108
1,0.6311404587935658
1,0.4100295343895187
0,0.39618837053875655
0,0.4089180034341107
0,0.509798905589851
0,0.4335343800321306
1,0.6511171869191289
0,0.04618362455127108
0,0.30581731164925763
0,0.2472579186967139
0,0.38303873405353733
0,0.30481102159093343
1,0.5803009876685028
0,0.4828192927162341
0,0.30792064352154597
1,0.36912202918408704
0,0.04618362455127108
1,0.7725708452520111
0,0.04441957452740287
1,0.45302432164950057
0,0.2669012833259246
1,0.0449088591719706
0,0.3832601919001394
1,0.4096233400889895
1,0.6387689473783068
0,0.05578853162136739
1,0.6226829772186052
1,0.7744502592746447
1,0.20176629555991177
0,0.33910925683508725
0,0.2451152077784644
1,0.5814838138712297
0,0.30624570020382524
1,0.4980215726534957
0,0.2849837828240813
0,0.05384339403313809
0,0.04618362455127108
0,0.04827369474608138
0,0.42759113107356844
0,0.2911410572477871
1,0.7436374423474245
0,0.5416979232129195
0,0.4880640156945772
1,0.26179812684578413
0,0.14920848476639495
1,0.5285855225679164
0,0.046133799425535825
0,0.37184586963754845
0,0.29054705533162095
0,0.22903412774631787
0,0.2970672670316636
0,0.39866398005613124
1,0.16199011100540067
0,0.27153526011052515
0,0.25299885546317247
1,0.730685628180163
0,0.3266905955034447
1,0.2741530069974742
0,0.2998785080718439
0,0.30581731164925763
0,0.6258271175490694
0,0.04618362455127108
0,0.4241672198863169
0,0.2451152077784644
1,0.6168399612266012
1,0.6695454316273035
1,0.28209787667034186
0,0.2967578588709161
0,0.2576122000876899
1,0.4155531576450257
0,0.0395033183697674
0,0.0466711704412765
0,0.24636565884805683
0,0.23983825058521688
1,0.27298469278497256
0,0.4779801689348059
0,0.40547871742763547
0,0.392304125023012
0,0.2987646569730784
0,0.5191234888927668
0,0.4570845620757955
0,0.26836481225857767
0,0.6223186977832249
0,0.27419638980444994
0,0.5611952440806839
1,0.7540157570761511
1,0.30300817754651
1,0.2524280418797639
1,0.81229234818656
1,0.2946721986003796
0,0.4668720903330084
0,0.3820067364367043
1,0.6547930665674254
0,0.3833536011869237
0,0.28966798982194736
1,0.33039174120914944
0,0.4280403945104543
1,0.4025377723311332
0,0.4517381810195317
1,0.7121457801708759
0,0.3915219087144309
0,0.2587544211147662
0,0.5877969946125744
1,0.25899604960636485
1,0.34229720884825204
1,0.7675228199965862
0,0.21502978161394637
0,0.2581530709688947
0,0.04787035138700507
0,0.40434415361462345
0,0.5635182928059536
0,0.3589301328542553
0,0.04618362455127108
0,0.5077805011805452
0,0.25277190516683257
0,0.2467919195871471
0,0.06439393132236068
0,0.22854625304964535
0,0.3772248338369855
1,0.8080933050600094
0,0.3902738381451005
0,0.5291531428188558
0,0.23289189835779897
0,0.05313519646651128
0,0.263300930946376
0,0.3589712793116415
1,0.3822498571901451
0,0.4138389356199314
0,0.35818322555746973
0,0.05313519646651128
0,0.5925594466016642
1,0.36079366103812993
1,0.4269813128199975
1,0.5579147298605869
0,0.331719330843427
0,0.29273310464600094
1,0.5570587888479134
1,0.44967015763270807
1,0.46725442201523604
0,0.5317018687811417
0,0.28352987735810053
1,0.28555923589567533
0,0.3914171843870845
0,0.29376102327922726
0,0.4445961304128589
0,0.39072070506812534
0,0.6044284230524324
1,0.459594503840646
0,0.43865231734248983
0,0.24305154961587944
0,0.5974478512828462
1,0.2833760439133711
0,0.4032377889435225
0,0.6242554911622502
1,0.40673277232155014
0,0.05313519646651128
1,0.4890575856848762
0,0.5334190187273907
0,0.31398310438237775
0,0.3852725942218078
0,0.05313519646651128
1,0.6010232511915641
0,0.3214252880082018
0,0.19451846733748884
0,0.25899313395866025
0,0.05928441699710973
0,0.16278309048061276
0,0.050048330419639284
1,0.4439874450751049
0,0.2626060390081951
0,0.34969242106438986
1,0.3234129785694301
0,0.31298733371762777
0,0.5396118384531493
1,0.20087422648890157
0,0.6068548881515511
1,0.37244695595783567
0,0.43088449499485004
1,0.4774150242758844
0,0.3207509047471557
1,0.4564310862171284
0,0.26808626559543697
1,0.2789703440733536
1,0.408498303328114
0,0.4021447947666003
0,0.0395033183697674
0,0.2724101875408451
0,0.22854625304964535
1,0.5594968285701455
0,0.7675593590369173
1,0.39245856829016756
0,0.06169478773475953
0,0.04618362455127108
0,0.29788406156907893
0,0.3446916056744486
1,0.5429719432026971
0,0.3751435971437367
1,0.5671233511419702
0,0.27785002561371913
1,0.3204275601639455
0,0.38482124613191354
0,0.2960864066937966
1,0.46122108801976536
0,0.2345269034546896
1,0.7305599054640579
0,0.11294443457332234
0,0.26736903845920595
1,0.25512356228126154
0,0.5824037999283064
1,0.5386900576756533
0,0.04618362455127108
1,0.5066009568918505
1,0.6924024319826858
0,0.2329695413513437
0,0.04618362455127108
0,0.28165512156482786
1,0.3036439598933019
1,0.6495612046721044
1,0.22981462331441996
0,0.50320890276294
0,0.33260184140308496
0,0.42783650060535483
1,0.29854785839570414
0,0.40647999068047935
1,0.2657720246614032
0,0.2709935948204344
0,0.5930110043167828
1,0.656550443691577
0,0.24287787436693373
1,0.4917294000717401
0,0.2410158519808587
0,0.2521394683801752
1,0.376781987445874
0,0.04618362455127108
0,0.09456238099590385
1,0.26532246376093427
0,0.04618362455127108
0,0.4041727129373615
0,0.04145787310512104
1,0.40636944988443996
0,0.058411296752776676
1,0.6099082845761595
0,0.6173813868803729
0,0.4095010414723909
1,0.6453869777140863
1,0.4172871835678073
0,0.23132781524338966
1,0.37244695595783567
1,0.3685124259216194
1,0.20062220667505784
0,0.5713757732150383
0,0.2833099580508555
0,0.30599421903483176
0,0.34047211117951015
0,0.4378929975812309
0,0.0451443599944082
0,0.04145787310512104
1,0.6906299753574343
1,0.32118192218484565
0,0.3814769762631599
0,0.47214955864447544
0,0.3414542536169899
1,0.4624421613035162
1,0.6657149068879148
0,0.6395802345628309
1,0.4557070212634481
0,0.2538731112116691
1,0.7664704247096588
0,0.26536167095236984
0,0.18695868311080446
1,0.04441957452740287
0,0.053123703894961745
0,0.06981622352931553
1,0.6226706888893689
1,0.26591304936163374
0,0.2710814194212383
0,0.33254514316561185
1,0.6006601968894412
0,0.054426289381132434
0,0.06752888197056471
0,0.27220006232745414
0,0.27319265344811905
0,0.2363281623315643
0,0.24587769094455109
0,0.04618362455127108
1,0.7641013675381294
0,0.30231199086159594
0,0.2720068793630032
0,0.19507797391075396
0,0.05759233210221754
1,0.2822753997168847
0,0.24235470829912714
0,0.2817355120152384
0,0.18397569683559561
1,0.36235545154229726
0,0.05313519646651128
0,0.3842809662896774
1,0.8209927710868529
1,0.38509796690100223
0,0.3087703225018554
0,0.2849837828240813
0,0.6493236115759258
1,0.5288563553728284
1,0.30751760324535865
0,0.427390992649031
0,0.28902744858333895
1,0.4870334403698962
0,0.06025590655036106
0,0.30543829711354714
0,0.3435231363865489
0,0.33022158353797243
0,0.2451152077784644
1,0.6690297994619279
1,0.6330494728000884
0,0.3050626280746045
0,0.04145787310512104
0,0.19117770417731597
0,0.04325899046197985
0,0.277360752233338
0,0.7495662511782814
0,0.042754648198098134
1,0.32550218571564754
0,0.2597055133228081
1,0.5357178382193155
0,0.24475245756893388
0,0.6186692149748587
1,0.6582377196375878
1,0.4198246878995674
0,0.28606846827864063
0,0.5244484776040753
0,0.7578534257332136
1,0.2005017781523696
0,0.22509826639472877
1,0.4477710434987592
0,0.0395033183697674
0,0.22854625304964535
1,0.7025779464444012
0,0.25665753091717314
1,0.5190125481267204
0,0.04325899046197985
0,0.28951771067361015
1,0.38519633369143885
0,0.1708099902176925
1,0.5537135993358503
0,0.21959839059275424
1,0.754951231282371
0,0.04618362455127108
1,0.32403315464091237
0,0.4168257974734703
0,0.5285294772749272
1,0.38806144089520267
0,0.07923815727628132
0,0.05803967866823248
0,0.36863632496072735
1,0.7498512278465768
0,0.04848681385772887
1,0.4686268852145042
0,0.20148654385503761
0,0.05313519646651128
0,0.343284483687633
0,0.21693024381786333
1,0.3533572434081937
1,0.48642321389537485
0,0.42107559276506357
0,0.06836298973829473
1,0.6719828566099729
1,0.44077278680294113
0,0.04485021049095059
0,0.27153526011052515
0,0.5984063857907402
0,0.04618362455127108
1,0.5172955912167185
0,0.04787035138700507
0,0.47984998250314764
0,0.23677696483448285
0,0.3267372669402693
0,0.31716445958428024
1,0.35124622652961973
0,0.4078028966168821
0,0.2831855473803177
0,0.2993705405558568
0,0.23628450012432017
0,0.05167080605449647
0,0.0395033183697674
0,0.27183561021670516
1,0.5811603432521057
1,0.5352608347645065
0,0.5117552955246331
0,0.30792064352154597
1,0.610829963062746
0,0.3292454661378714
0,0.2949115851843306
0,0.5611704985439764
0,0.0395033183697674
0,0.2329695413513437
0,0.4157310999573311
1,0.6157028111402144
0,0.04145787310512104
0,0.31235831652977775
0,0.5473298140358771
0,0.2329695413513437
0,0.048005155650115754
1,0.5785888999185654
0,0.4545989966106484
0,0.5360113783202738
1,0.675844393678707
1,0.45678834988117395
1,0.3445397970176225
1,0.5194899833253592
1,0.7638413260470688
1,0.5843011085082086
1,0.7394963500178959
0,0.37673878972729363
0,0.2329695413513437
0,0.373899198659923
0,0.45657356381046366
0,0.05759233210221754
1,0.7050697950985617
0,0.04145787310512104
1,0.37911362122717995
0,0.053123703894961745
0,0.2002361646877161
1,0.40831450022740295
0,0.2752846047317933
0,0.25899313395866025
0,0.2958984121748812
1,0.30122453277452726
0,0.28156648056058003
0,0.04145787310512104
0,0.24153301130091023
0,0.6332607591154564
0,0.07374238355148201
0,0.3446916056744486
0,0.7580443042232053
1,0.2794096337713568
0,0.30581731164925763
0,0.054767876194358515
0,0.37195548366160763
1,0.46447688274936455
0,0.060329546565887675
0,0.4065806768549789
0,0.42992259922127846
0,0.2734494171491248
0,0.49907234376970405
1,0.7460257666023918
0,0.44209426387521605
0,0.24013780422719874
0,0.28841357570038356
0,0.2796420634982708
0,0.3941194769487099
1,0.36243235750568314
0,0.270298401321785
1,0.2451152077784644
0,0.37192961649690315
0,0.40982681884456057
1,0.5384506229835365
0,0.27191933035919597
0,0.04325899046197985
1,0.2682420064149294
0,0.04145787310512104
0,0.3150690578992503
0,0.04831766619432765
0,0.04325899046197985
0,0.263300930946376
1,0.8556162141593147
0,0.05313519646651128
1,0.4499813568594716
0,0.0531380349630917
0,0.05022933590293817
1,0.729732964141852
1,0.543299746064592
1,0.5543230882909271
0,0.2701634937833823
0,0.19579344362286774
0,0.2576122000876899
0,0.23426861260940263
1,0.25248076949235415
0,0.6179256623970228
1,0.503012298661332
0,0.3870972411992519
1,0.44516232660694494
0,0.053093498174411405
0,0.35545207989992533
0,0.4172370444062657
0,0.0449088591719706
0,0.3832601919001394
1,0.49563516354864157
0,0.3232986798365738
0,0.5822127260016567
1,0.562190703171676
0,0.29432512156856666
1,0.3504797129901132
1,0.2451152077784644
0,0.2549320329754642
1,0.44697315913300817
0,0.5694457028848197
0,0.04618362455127108
1,0.5809912843927059
1,0.19125619739579724
0,0.05962104685657505
0,0.31317314831821236
1,0.38536685601634874
1,0.37604997561579134
0,0.4565800346003142
1,0.7177405352405926
0,0.2681128889803374
1,0.5341572468247259
0,0.6374945698881485
0,0.23281312216198638
1,0.6330494728000884
0,0.04787035138700507
1,0.5512755158548205
1,0.5975935481298273
0,0.46996095976780633
1,0.2734494171491248
1,0.4570845620757955
1,0.5701886475649689
0,0.23661204917472403
1,0.2734494171491248
0,0.0395033183697674
1,0.40792325341460706
0,0.053123703894961745
1,0.47784397748164326
0,0.0395033183697674
1,0.26226850696747706
0,0.3328461522500433
1,0.6117515318009277
0,0.2891437660792648
0,0.3226405195173076
0,0.3451567251030261
0,0.5988792335825082
0,0.5956764355793943
0,0.2835515677966195
1,0.6692098134045318
1,0.5505370044101587
0,0.41126577018020866
1,0.8109363235567424
0,0.2205825676323332
0,0.24388039350830695
0,0.04145787310512104
0,0.39467422958022674
0,0.06925238512841234
1,0.6587727001228721
0,0.08234118304705772
1,0.2367410839805104
0,0.3014142172516298
0,0.04618362455127108
0,0.04618362455127108
1,0.36517542917731227
1,0.6312550607851537
0,0.25832228524476947
1,0.2770574219012585
0,0.06246145953520983
0,0.2364032427524013
1,0.3784091498169282
0,0.04145787310512104
0,0.25063613470269325
0,0.04618362455127108
1,0.5078110128471988
0,0.27391442425603796
0,0.26866031242817273
1,0.3032032360808186
1,0.7437331534778067
0,0.42286562287483226
1,0.6817179764024813
1,0.6062523635980639
0,0.08964198747103638
1,0.5829924738564771
1,0.25194099132347203
0,0.04618362455127108
1,0.6322224745074031
1,0.47656054697133277
0,0.299032911646406
1,0.3182251563679163
0,0.04771655451822221
0,0.437836822527765
0,0.4556624222202037
0,0.2687006512222792
0,0.05072757460839341
1,0.33432067362530654
1,0.5934635773969474
0,0.35268858366676625
0,0.302946470609252
1,0.4550372805329842
1,0.5840316147340641
0,0.2299115097286462
1,0.5901344613634606
0,0.31361495649140875
1,0.5734830404076682
0,0.2077348386143471
0,0.23504976367573244
0,0.15672572662751952
0,0.0395033183697674
0,0.40618524158213026
0,0.5502895261326437
0,0.28462745492282576
0,0.2227152807615206
0,0.33193543400687636
1,0.2538731112116691
0,0.5688258213223487
0,0.06410276787069885
1,0.4238516765737216
0,0.14210224059503698
1,0.5633905938274036
0,0.05452978582609305
0,0.5120220785310124
1,0.3227356729235913
0,0.4832020342300725
0,0.0395033183697674
0,0.04325899046197985
1,0.6710080753204245
1,0.7547860408751198
0,0.368520546668541
1,0.5585460966926823
0,0.7319251068095746
0,0.3669740192788555
0,0.0395033183697674
1,0.7475745400842171
1,0.2540953199578841
0,0.05895663183831394
0,0.2907170854610129
1,0.5599911503015532
0,0.3133739736654447
0,0.19366026693086777
0,0.5817939430786687
0,0.41095736451993664
1,0.6610190032767544
0,0.04145787310512104
1,0.4232727400197942
1,0.47152514456283445
1,0.41596907287591
0,0.04145787310512104
0,0.0395033183697674
0,0.2774568790017958
0,0.0450385909236374
1,0.3343509679402732
1,0.5792644027417333
1,0.6864118453771622
1,0.5285855225679164
1,0.3544306500815376
0,0.2329695413513437
0,0.2582834538591498
0,0.26984716257947816
1,0.6249915915207728
0,0.24907084294515378
0,0.5703052889103657
1,0.3376603115075639
0,0.2540953199578841
1,0.07071412659766907
0,0.24652626060710292
1,0.5413002587606209
0,0.24072318347099303
1,0.6735507540416164
1,0.682562659532315
0,0.47534466178594514
1,0.760641052646441
1,0.2771579405490269
1,0.6276994145351565
1,0.5962670635732819
0,0.4173951487148629
1,0.27142868570216216
1,0.2882294938706728
0,0.27570237661044456
0,0.4196946252674836
0,0.2809968481745731
0,0.29842902317752823
0,0.34386948558595964
0,0.05241453409334342
0,0.2748718845888818
1,0.2791539050940658
1,0.7475745400842171
0,0.04145787310512104
0,0.2521394683801752
1,0.3222339041789715
0,0.32040834478086866
0,0.29825323729340725
0,0.2451152077784644
1,0.7216498330577137
1,0.6941688418176686
1,0.6914158187926125
1,0.3029940445569658
0,0.6238139691565997
0,0.5253027340470247
0,0.2852245936003663
0,0.3770374264679911
0,0.35114614143991196
1,0.6001799115461187
1,0.5088292362282674
1,0.3376795665093847
0,0.4183357431185591
0,0.23644471452302634
0,0.0395033183697674
1,0.4828032265883961
1,0.6835167172706601
0,0.0604940570553274
1,0.482997349918069
0,0.2329695413513437
1,0.8148589371838689
0,0.3926846373414137
1,0.4288632590640619
0,0.2983562080792752
1,0.457298523237307
0,0.4045345319388711
0,0.04963514677861359
0,0.3361867749321709
1,0.2782045334969202
1,0.40253921134437526
0,0.581009908540221
0,0.4230353946362793
0,0.2040195782768769
0,0.172105097849112
0,0.2866160593407234
0,0.24964739489406493
0,0.34832968619790894
0,0.3191444796627548
0,0.2506383633892502
1,0.5577008928269394
0,0.04325899046197985
0,0.38332949923571524
0,0.2451152077784644
1,0.42379462813709123
0,0.23900900205092704
1,0.20621848191103076
0,0.04618362455127108
0,0.6363716194655757
0,0.5411536554279488
0,0.20123335286908312
1,0.5459833440324015
1,0.7781242910952727
1,0.3796813870565807
0,0.0395033183697674
0,0.25277190516683257
0,0.6095015466916646
0,0.37411348212726253
0,0.3111427691490985
0,0.0395033183697674
1,0.5731051529468699
0,0.2583488611244496
0,0.297832178925956
1,0.6707985607046844
0,0.299504130907913
1,0.2952001530875573
1,0.550096961040905
0,0.319412469195823
0,0.29388492713157344
0,0.3835614170790749
0,0.4059388510041083
1,0.3251838429964592
1,0.25163002668813017
0,0.08099895233614496
0,0.47589287647986406
1,0.32305646551678585
1,0.5528503591880672
1,0.3129838815864756
0,0.2891908217534968
0,0.2581530709688947
0,0.2269848996811269
1,0.3746513469256119
0,0.2660010588031426
0,0.3082216465338508
1,0.4309316026279256
1,0.5101026625759307
0,0.7259181037900146
1,0.6432795037573599
0,0.4630243886075559
0,0.4725189170737706
0,0.38983768080637454
0,0.4693192949541743
0,0.07938615574117146
1,0.4666787923071922
1,0.3326371240314354
0,0.23711701111579117
0,0.5726008268519138
1,0.796492645548499
1,0.7071686382117943
1,0.7428077933062348
1,0.3718377476369549
0,0.3195280051133727
1,0.6481387474611426
0,0.2451152077784644
0,0.30195277912517365
1,0.7800743067333972
1,0.0395033183697674
0,0.2273323977938329
0,0.273833292645915
1,0.5344710894726871
0,0.0793934022904121
0,0.2957140750732591
0,0.2329695413513437
1,0.7874755095891041
0,0.04325899046197985
1,0.5945948335535722
0,0.5157850443078116
1,0.2329695413513437
1,0.4073445573215105
1,0.0466711704412765
0,0.3922657513283938
1,0.06359700373373554
0,0.2521394683801752
0,0.38953963954493803
0,0.33407331362253423
0,0.2652018123667211
0,0.05759233210221754
1,0.8020674724790924
0,0.07614803961138694
0,0.27290975999414724
0,0.04325899046197985
1,0.44139678497958906
1,0.4442809643507407
1,0.5975935481298273
0,0.05022933590293817
0,0.09320797159676449
0,0.3784511162540846
0,0.29496505945830487
0,0.3542666372753473
0,0.5780489904418339
0,0.05759233210221754
0,0.27709141793240816
1,0.7754106642299297
0,0.24184908925579307
1,0.30829874090460824
0,0.29432512156856666
0,0.04618362455127108
0,0.0395033183697674
0,0.2500987477351255
0,0.04409343364211688
0,0.0395033183697674
1,0.5290902314364676
0,0.3786090551674584
0,0.17824879350482345
0,0.639060697542249
0,0.37988651079603813
0,0.05313519646651128
0,0.37816950195180854
1,0.38396878038055227
0,0.0466711704412765
0,0.45893148539117395
1,0.7379698505502182
0,0.26120666121160513
0,0.4403580062378423
0,0.3094841186191685
1,0.6398311396841546
1,0.34634754298999304
0,0.20761261511083343
0,0.06166741413885238
0,0.48846047950372223
1,0.642595507475039
1,0.4494021193087016
1,0.3029940445569658
0,0.2805640151683453
1,0.4256694692834493
0,0.31254434138970166
0,0.369968074707559
0,0.32956532694871343
1,0.638023852542134
0,0.3129838815864756
0,0.225547829902416
0,0.31602758455168534
0,0.05313519646651128
0,0.23164710433336022
0,0.4990732663055118
0,0.2746270831752103
1,0.3850106408175134
1,0.29461404312039285
0,0.2689017726456148
0,0.05456900354816293
0,0.565013979767238
1,0.5782390433818297
0,0.36868575404554565
0,0.8100580917603949
0,0.4693176641786562
1,0.3922315677236277
0,0.10143375710108851
1,0.2782045334969202
1,0.5572130894997946
0,0.3535429164003037
1,0.48938096894045974
1,0.7705037096772925
1,0.57606025303375
1,0.34077557226459504
0,0.29785935837324146
1,0.6881226908808397
0,0.26667374180734893
0,0.28535088976125417
0,0.3029626517217187
0,0.2748335037959091
0,0.3046073297685216
1,0.5590659158404295
0,0.20578568328545058
0,0.04145787310512104
0,0.04325899046197985
0,0.28864134029142574
0,0.27506350203053853
0,0.05313519646651128
1,0.3814846959756595
1,0.6129243903183189
0,0.28915880311289593
0,0.3772248338369855
1,0.725263736562726
0,0.4986735296515113
1,0.3893084977657058
0,0.49110187567407226
1,0.6452376218023277
0,0.05313519646651128
1,0.4644997281967789
0,0.05313519646651128
0,0.25965904122705713
0,0.4871215874868463
1,0.4446717465346792
0,0.5430051474361419
0,0.2938701953526078
0,0.33199775278482085
1,0.5660770705961751
1,0.3951037558852546
1,0.4423771722711708
1,0.5430853290125741
1,0.5542052490106856
0,0.33353437781141543
0,0.04325899046197985
0,0.05313519646651128
0,0.2771579405490269
0,0.19959628997517856
0,0.5109195028615062
1,0.6074555574073575
1,0.5870356205206573
0,0.3506968638119294
0,0.060264592828356424
0,0.3562961577186178
1,0.662382286912511
0,0.15282886957186534
1,0.41608261350971665
0,0.42715400124939196
0,0.5723237358879542
1,0.6756636021396145
0,0.404739354149895
0,0.05936707797868135
0,0.5827695256147851
0,0.3937892658882427
1,0.5265210202935318
0,0.262834291291798
0,0.2451152077784644
0,0.26475531519964046
0,0.3575354074986271
0,0.41479645115429126
0,0.27463360787358737
0,0.37384829718885576
0,0.061760492614018496
1,0.8109185027437636
1,0.5340820634849177
1,0.5845831483782937
0,0.5097101396690973
0,0.5703888774500763
0,0.38134917029971205
0,0.181196030898227
0,0.2771579405490269
0,0.04145787310512104
0,0.37723093806202296
1,0.22401210077984476
0,0.10967688361396043
1,0.5751490157732564
0,0.44388004121531943
0,0.04145787310512104
1,0.40618460208965385
1,0.303923719441477
0,0.05175018390751394
0,0.2772118633339197
0,0.080906431545161
0,0.3796533235377661
0,0.5527899476232426
1,0.2521394683801752
1,0.3390793929973497
0,0.48736343305766305
0,0.05759233210221754
0,0.19595741640028555
1,0.5782560556989849
1,0.19049265447200517
1,0.6259040951572021
0,0.3129838815864756
0,0.6340240242894398
1,0.48990758603527973
1,0.4232602219135988
0,0.31660586978935434
0,0.44006233573115394
0,0.48034810633593616
0,0.04145787310512104
1,0.5445705621897685
1,0.3788415931996952
0,0.4184427799684334
0,0.25277190516683257
1,0.38429211092225474
0,0.3229931463604813
0,0.1451386676159729
1,0.457071303614073
0,0.2451152077784644
1,0.4572239154509253
0,0.30487257820613517
0,0.0395033183697674
0,0.1524865293284579
0,0.5480479891914971
0,0.27190969903328155
0,0.310093526579052
1,0.7377394436434247
1,0.7969874311876927
0,0.05241453409334342
0,0.26808626559543697
0,0.29066064104611766
0,0.37728375557773375
1,0.44283365021010845
0,0.49554663972571167
1,0.18598504413658037
0,0.3589073721973716
0,0.4464625384721743
0,0.403076635116147
1,0.5987158177431523
0,0.04325899046197985
1,0.4132346106545958
0,0.2734960978239319
0,0.2963858153363877
1,0.4223307768442409
1,0.47554956829410244
0,0.3260015340218352
1,0.35473554248011635
0,0.28165512156482786
0,0.25909620992349686
0,0.04618362455127108
0,0.49826789291287665
0,0.04702667270303777
1,0.3044621450714455
1,0.569511330549952
0,0.38953691344610547
1,0.4458700376118388
0,0.35232660319225567
1,0.4572239154509253
1,0.26311474487371606
1,0.31158584631646435
1,0.6945761803925686
1,0.46023054386301326
0,0.053093498174411405
0,0.1863221333246247
0,0.41809637696738244
1,0.29360334130927757
0,0.4647989032399587
1,0.4727287365265517
0,0.35711857201661595
1,0.493603258625557
0,0.39176388132266093
1,0.17329882752792386
1,0.266934598239459
1,0.2923769031094234
0,0.3143383083925938
1,0.6544631214371089
0,0.06362192982881401
1,0.48081126681970965
1,0.7204845659503426
0,0.3450715891701215
1,0.21321861359451919
1,0.3664723058771932
1,0.7849456248308754
0,0.19836393112634598
1,0.3884579298196351
0,0.2472579186967139
1,0.38702065092292187
0,0.38467659839798124
0,0.17103054049003893
0,0.31236737212130306
0,0.2329695413513437
0,0.05580451796695527
0,0.437859309640712
0,0.4105055643130569
0,0.23467249343862973
1,0.5935330094436391
1,0.8304082902155456
1,0.5792635422443095
0,0.0524639147360879
0,0.38885417954071694
0,0.5067040399944774
0,0.24576019031375992
1,0.2943036995713255
0,0.40547871742763547
0,0.053123703894961745
1,0.07071412659766907
1,0.7054357470739239
0,0.2485865570262911
0,0.4046027471042077
1,0.6469661360175915
0,0.29415892331341004
0,0.1450966534234999
1,0.5437569497409173
1,0.7741030410665334
0,0.22994240835899024
0,0.05762519488958095
0,0.33284037925914817
1,0.7178991244391961
1,0.07401304822524493
1,0.2735884758460115
1,0.38164117941207304
1,0.2904007222664103
0,0.46266739051089634
0,0.2414228209619374
1,0.2558317490053434
1,0.6973907487817425
1,0.2917132898376483
0,0.366822780230852
1,0.524034973421686
0,0.2562657012487197
0,0.04618362455127108
0,0.25399858772699824
0,0.3149489229633249
0,0.2329695413513437
0,0.060329546565887675
1,0.39789801338507175
1,0.6871700987599249
0,0.2538327234044022
0,0.04325899046197985
1,0.29198585026999113
0,0.20132647811144533
1,0.7750176736518285
0,0.2439335288694287
0,0.058881217576960625
0,0.3939930876008723
0,0.6010232511915641
0,0.2576521999764736
0,0.5566012583135695
0,0.05516743145567349
0,0.26025140019910004
0,0.4107959044372431
1,0.544353108939277
0,0.0656875718155993
0,0.35210995485659635
1,0.4397108237626004
0,0.23557529998587873
0,0.3598988315662621
0,0.31231694128881243
0,0.46881696420867125
0,0.0613802515763059
0,0.045336451371495376
1,0.42950306282005707
0,0.04618362455127108
0,0.25891212557013793
1,0.7310425599339768
1,0.43579930032455977
0,0.40567875780616286
1,0.31977753904767087
1,0.38157183454558735
0,0.055833430930260185
1,0.40718651630333863
0,0.04618362455127108
0,0.25059141403848434
0,0.49772788020282993
0,0.2731256501716602
1,0.7353483720589297
1,0.6486670380538485
1,0.47907941400094745
0,0.04325899046197985
0,0.3427696193588061
0,0.5220333626587564
0,0.3411005244596427
0,0.5869550306553081
0,0.35389107093586747
0,0.40367917002893366
1,0.456091244810015
1,0.582756157411834
0,0.3703841629816256
0,0.06413320818204929
0,0.0395033183697674
1,0.29989775023377047
0,0.32360124162548803
0,0.044693573834282095
1,0.4546544583320058
0,0.04618362455127108
0,0.3762630274530871
0,0.2800000371858018
1,0.29246727291920416
0,0.04145787310512104
0,0.27265098815802835
0,0.04145787310512104
1,0.41479645115429126
