target,prediction
0,0.1647320171305353
0,0.006274902599322032
0,0.025027835594752145
0,0.20038079671415296
1,0.5279871164784093
0,0.073483719129076
1,0.8441201374819476
0,0.011238808394026767
0,0.16891895429243117
0,0.051470982025333664
0,0.03481460384241327
0,0.00969453585427776
1,0.04730428041102092
0,0.03998366547125119
1,0.8730528458894823
0,0.060755232833090145
0,0.01890733224633628
1,0.22621477353964012
0,0.0428996249274367
0,0.0628505277196639
0,0.06902005514474176
0,0.3237218516958819
0,0.06200848915272712
1,0.4881387083957003
0,0.01563467982954261
0,0.2670143180478249
0,0.012602649106590494
0,0.03717847839620257
0,0.007046250621445813
1,0.8652227409367945
1,0.17832263646804872
1,0.7520155092390314
0,0.04539630838811713
0,0.0556553385749806
0,0.050575627205618943
1,0.9044229323748687
0,0.05297323132632631
0,0.0379240557344612
0,0.0358062550370614
1,0.9861404697564858
1,0.8936150929719636
1,0.8472848402622164
1,0.32372241099644716
0,0.08263109775293997
0,0.018413920420071853
0,0.018317700567249847
0,0.060227159525086914
0,0.060673751445427714
0,0.03860071616188297
0,0.2980224047392399
0,0.10635535983955281
0,0.22980180870809586
0,0.06700454969413262
0,0.042307822346488694
1,0.9621725005294819
0,0.02548968092985097
0,0.3736280680655101
0,0.36919055768566067
0,0.7533195773947767
0,0.0035231538716461123
0,0.04237859160565254
0,0.05141729007794459
1,0.9642235623284175
0,0.039771802323159765
1,0.8835030712280326
0,0.5488313372194881
1,0.9602733747855727
0,0.129493811727621
0,0.050693454431076944
0,0.22717124890870308
1,0.801515432766744
0,0.014775631626208867
0,0.07118643551261379
1,0.4490266756726269
0,0.04186891213698024
0,0.09381810130348522
0,0.01673292258516002
0,0.009788676836363404
0,0.054512728315427486
0,0.05375133223871377
0,0.17840626409633475
0,0.25029132622611
0,0.0967561070030092
0,0.01752772509580023
0,0.06844164069920683
1,0.9705070820553545
0,0.005115973319660571
0,0.7539846813705702
0,0.035013336155835045
1,0.507824145654035
1,0.9771359614291248
0,0.6029196329511614
0,0.06196466101568575
0,0.04300088787267145
1,0.8970626898496037
1,0.8373024312222461
1,0.1606466771529954
1,0.8747049343958636
0,0.43320242382536545
0,0.10242483631565584
0,0.00760296280849802
1,0.9750237859098994
0,0.08822600646484374
0,0.01792903417797097
0,0.3530123064035056
0,0.7423162033735615
0,0.01663091175733691
0,0.7971421222189405
1,0.7833263711500937
1,0.27620698152588924
0,0.01304365552256487
0,0.032561423706842785
1,0.9379606188402025
1,0.01954481460523832
1,0.5755459703736131
0,0.009950700190540325
0,0.0256371724236178
1,0.03655080263060744
0,0.0841412347264949
1,0.48715515043737556
0,0.14644032729698386
0,0.06093448561857417
0,0.02574736489184449
0,0.023223750139787145
0,0.5190824157208545
0,0.21490400180683544
0,0.05711478635251501
0,0.04778252940506817
0,0.012697970434393762
0,0.21976646191985075
0,0.01596039663103088
1,0.419165220073681
0,0.027991285248701585
1,0.9660258695446583
1,0.8324705475947293
0,0.11508375240281855
0,0.03670588390079942
0,0.014991357604575359
0,0.005087007557962622
0,0.054609039148916357
0,0.011938878533374764
0,0.033303387214898846
0,0.03732254126396373
0,0.012878620122554198
0,0.018880994118969895
0,0.04330972966129526
1,0.7647274512437081
0,0.7247031464229906
1,0.23469148644277993
1,0.9589387283618908
0,0.05214958924737247
0,0.17733832274679331
0,0.1194041060435109
0,0.020782675014126933
0,0.030360567702797266
0,0.06118062449572088
0,0.013492019028965215
0,0.018629843629258375
0,0.048506716649036496
0,0.08982888567636724
1,0.7960417709136147
0,0.23233426885035446
1,0.7356494713423247
0,0.33158467062817526
0,0.007957982554011535
1,0.3746387326979073
0,0.08549667028558573
0,0.008242398704918507
0,0.010643986521050496
0,0.009607483757853509
0,0.01130173869798778
0,0.08287863805532572
0,0.05116523412016173
1,0.5706467784207241
0,0.2772374159581008
0,0.009656855705213137
1,0.8656796373152795
0,0.019709365636582588
1,0.6552780589533751
0,0.016193802404158887
0,0.017147224628189617
0,0.03544594550602152
0,0.0290285966882966
1,0.7065678843215907
1,0.9584516644140404
0,0.041322618967662386
0,0.017866640575854815
0,0.014926541528485203
0,0.06108007260783808
0,0.10948047917080443
0,0.015319775052258943
0,0.023762856239519823
0,0.08320956697277893
0,0.021807160323339098
1,0.7967072500896207
0,0.024604171179034795
1,0.963389211967092
0,0.045715837456391496
0,0.021494216258731068
1,0.5911430994385027
0,0.036312061711929945
1,0.8851465368642311
0,0.02211413522120812
1,0.9372653546588192
0,0.06130513001807418
0,0.05073625555858025
0,0.030183158815696175
1,0.9124352426006881
1,0.9326837055889268
0,0.024297902741668872
0,0.037978211297448314
1,0.6934924936391167
0,0.06214327438761178
0,0.06448936555726449
0,0.028117077157042158
0,0.01210544048605773
0,0.09436181361413157
1,0.20628069820916747
0,0.02976152947320977
1,0.6480580720751986
0,0.4061960261957259
1,0.826660095597427
0,0.025666324411653212
0,0.06248895917472153
0,0.11921315670237391
0,0.10491083582874607
0,0.03626597268157775
0,0.02557304980858254
0,0.048737277311315524
0,0.2287432392135837
0,0.08771576763999914
0,0.06317746950008431
0,0.7095076261783977
0,0.041221912076903976
1,0.9700277782058383
0,0.04302798928323462
1,0.9767938201417802
0,0.32539141393051474
0,0.013140680773964849
0,0.01650116937447792
0,0.01645632030376636
1,0.41675556026783206
1,0.8566838457343355
1,0.9447052879037726
0,0.02097541452489829
0,0.5389273696712229
0,0.019068195887525605
0,0.031819886496363484
0,0.03398876273241478
0,0.02495707779770554
0,0.041822371408419816
0,0.005417697977784056
1,0.7874961128336938
0,0.01190679750688331
0,0.012676481409391562
0,0.017168453394258057
0,0.013867086375378293
0,0.08898329056466128
0,0.022497064063548275
0,0.14258662309959858
0,0.0573692542455159
1,0.9466360593255267
0,0.03231004989936024
0,0.08628137816313192
0,0.18472357696497008
0,0.08485527350331182
0,0.22901749608052108
0,0.016061967062756515
0,0.02481568251324619
0,0.011096993261993036
1,0.5736981848607536
0,0.008546220116986835
1,0.9701717748572329
1,0.8850371720926279
1,0.34799949173490846
1,0.11754542262579339
0,0.06739708029820331
0,0.017848362877487194
0,0.038607371976157406
0,0.011449259705109195
0,0.016355998316991607
0,0.004527815089791691
1,0.9918046983232366
1,0.9388539743043048
0,0.00859390781838594
0,0.6905682990212257
0,0.1004807555820196
1,0.7991421934586171
0,0.02117784941039792
1,0.30155694523402626
0,0.019296367599825514
1,0.9899770543731529
0,0.013815492318764278
1,0.9412776222726283
0,0.1268257678652362
1,0.5101039526630086
0,0.04428641902820862
0,0.029686758257039234
0,0.03454636706245948
1,0.9290694315811016
0,0.21789487428899137
1,0.0926777390788108
0,0.006055505523057236
0,0.02934349148465772
0,0.3517538554743208
0,0.0126756170366612
0,0.012482114805023465
1,0.844492020648286
1,0.3566956107767351
0,0.2347955497422772
0,0.02228129281324828
0,0.025538890771316502
1,0.9848627386267135
0,0.05503151973285464
0,0.049127487703859156
1,0.3817274250961257
0,0.010781979336783504
0,0.07144332067486267
1,0.9797777114430583
0,0.050440132505598624
0,0.00366908493798597
1,0.9721342035017013
1,0.9816198009520238
0,0.01496941904467749
1,0.8677416883883959
0,0.0724452431991747
0,0.022438645465206446
0,0.8905337556863847
1,0.9003740382686827
0,0.07351344452010182
0,0.08592617611415522
0,0.05051874969503238
0,0.3347958017460553
0,0.011596999740936895
1,0.887994265829669
1,0.9906437614418226
0,0.10422578869173571
1,0.40453239220213416
0,0.023616881775834687
1,0.5404525227566068
0,0.10536413987520797
0,0.021258385265470338
1,0.7785543877058011
1,0.8377759710553243
0,0.011405714659765104
0,0.44766054340455597
0,0.03948798446553875
0,0.02329600697417739
0,0.32813257165276416
1,0.9255428709823134
0,0.04414099706576082
1,0.7888705029325932
0,0.18043275074149406
0,0.06210391616526453
0,0.06759102460290449
0,0.03154778859533011
1,0.17643900178446362
1,0.7259149158291255
0,0.01954740296705042
1,0.9059731654976184
0,0.017247268879959546
1,0.6190533467008382
1,0.2682636763778547
0,0.1463194897375497
0,0.02150201785180081
0,0.022935168069316173
0,0.01970781626819929
0,0.021540673966613244
0,0.020645183635393353
0,0.02118738241343669
0,0.2619194896471567
1,0.9718394891841681
0,0.05177162072749862
0,0.014595393691377002
0,0.342989539025327
0,0.047401977085205875
0,0.022365820894111512
0,0.025401426094353793
0,0.6828038345143227
0,0.1418639762910487
1,0.8971861809350964
1,0.9710508947031014
0,0.025469190144310472
0,0.10746461876059145
0,0.40100649718946635
0,0.0380343168397794
0,0.0582741244806819
0,0.04084702199115505
1,0.7770727147530684
1,0.7783911023863753
0,0.11353303385488461
1,0.0822171808321026
1,0.9103165339230126
0,0.5764124237989289
0,0.17757296496132036
0,0.011716494515709873
0,0.01838571149709895
0,0.009173889280688323
0,0.0076433034236720165
1,0.31810269329605156
1,0.6111383524659096
0,0.17388370055679644
0,0.02250784497234361
0,0.01335060794797035
1,0.7857376739503791
1,0.9386836231143904
0,0.02695109840445568
0,0.18378217967707874
1,0.8897206540188918
0,0.013048571766142299
0,0.009901848417884041
0,0.011157200931557696
0,0.25438955616914255
0,0.007331629679931796
0,0.02246972951399377
1,0.7389859734207678
0,0.8132106863776262
0,0.2563057809040352
1,0.9824061956340285
0,0.06673876661201653
0,0.05096380447256043
0,0.01970158729730412
0,0.4725500688093925
0,0.01700145588787697
1,0.8515417045929448
0,0.0359272498941289
1,0.6067352139154991
0,0.024581312970599272
0,0.042041208556397994
0,0.07235088505559893
0,0.020094446017975172
0,0.05266266125593507
0,0.0302584654091834
1,0.9729948013623191
0,0.07379723018012194
0,0.03795953611036625
0,0.006234862879406658
0,0.22755723732397565
1,0.6071590960331552
1,0.6647522106670962
0,0.0407986740552509
1,0.9241167149438231
1,0.7462314943942233
0,0.04581205089562586
1,0.8360899976126089
0,0.17760910398183158
0,0.16532576796758272
0,0.8874700583883356
0,0.023413753509627783
0,0.013593223276408944
0,0.012931601600960008
0,0.01728010361844826
0,0.022720103379827716
1,0.9920035390379315
0,0.01208535220846867
0,0.016095973936350972
1,0.1252771543715911
1,0.8398003289714968
1,0.7568548994323373
0,0.3016410232993317
1,0.46218907987421043
0,0.04101162035994243
1,0.8883877679674146
0,0.028832686716502968
1,0.8365797024800362
0,0.11688086219449767
0,0.04669291867104154
0,0.0698771761896184
0,0.018256929653234538
0,0.03930729018113723
0,0.016034769540244537
0,0.06698947785994826
0,0.02189283341200264
0,0.027719295687355535
0,0.08656344610995595
1,0.9805586192605711
0,0.054965694146061964
1,0.7728307639232554
1,0.8529273706650009
0,0.026647335118224418
0,0.013098149314225326
0,0.021657082725261637
0,0.06822449987612116
0,0.044546683839196584
0,0.006814368753358383
0,0.025416622112825905
0,0.0760974832236502
0,0.0083763678496005
0,0.03471595551812534
0,0.03697916246630995
1,0.9614323975748834
1,0.13051537106178432
0,0.0681749352448083
0,0.058651745909012606
0,0.038575188527687515
1,0.7804540683898875
0,0.06459156240170291
0,0.012030378920582964
0,0.1787910445170178
0,0.06205806272996774
0,0.009286931870075876
0,0.06963613992749235
1,0.47066803576474836
0,0.04580463814151863
1,0.9705608103084477
0,0.011229005831279382
0,0.007466784587882228
1,0.5698427146070473
1,0.2854639190407423
1,0.9806001653784114
0,0.44371459541177477
0,0.022645214752300687
1,0.2615786552963529
1,0.5456463063224968
0,0.0936091884271486
0,0.018728906769744293
1,0.9326220758324416
0,0.03734344570501639
1,0.9790581140650396
1,0.8391671119340783
0,0.13956859675311517
0,0.22841420761606418
0,0.05051721422094217
0,0.016580965938410415
1,0.5596090497852901
0,0.016783899133735652
0,0.021270084845881235
0,0.054370989895449924
0,0.041190205958755194
1,0.15728407622584473
1,0.34130160141582155
0,0.07409937835874998
1,0.637383385953311
0,0.02547890644579664
0,0.10896008232921994
0,0.03230206195168641
0,0.12609519870802155
0,0.12776702710565366
1,0.9268458536805974
0,0.047941442009664034
0,0.09907929027075783
0,0.025819752349716164
1,0.5882943448767259
0,0.05782876999575914
0,0.027892024767411722
0,0.01986713031941404
1,0.8329355979997114
0,0.1058074597485305
0,0.049063773839106074
0,0.04064425729705715
0,0.6288877472368158
0,0.7212592869221399
0,0.02860989442973199
1,0.8061235902995217
1,0.39693180839518166
0,0.02566054082911047
0,0.9093906571675815
0,0.0976654708366259
0,0.4906442670233166
0,0.060616905259923616
0,0.03301421628545168
0,0.010357233956019287
0,0.3537046536996901
1,0.042828165919803186
0,0.014511984160511724
0,0.17807344695712676
0,0.03330135283446531
0,0.027984655705626922
0,0.04571041671130874
0,0.2825745505492096
0,0.20516389201097335
0,0.01846653861423663
0,0.6556000404681953
0,0.005309227924654517
0,0.3123068656210896
1,0.921577804782477
0,0.022060064563186467
0,0.3289024788906332
0,0.3307582642961479
0,0.01839724901076977
0,0.019671484939818906
0,0.010755330621459395
1,0.9351621039949829
1,0.4454477783055979
0,0.029417734872994775
1,0.9805015650774543
0,0.007157521954813117
0,0.13188086499573742
0,0.024216086258163284
0,0.03357595149314363
0,0.05530559612826738
0,0.03560859012737085
0,0.016114960413670925
0,0.07012368700011946
1,0.9832285973541675
1,0.46606796687833846
0,0.057935843107418804
0,0.030936146239717188
1,0.9213903056451533
0,0.057847927579368526
0,0.049300897050736474
0,0.06997381509565523
1,0.7769839678460766
0,0.06211690259858309
0,0.015917226944659846
0,0.8586869296072568
0,0.024534469898458807
0,0.014670820317041252
0,0.5296951626113023
0,0.014812340748893944
1,0.6932920816167705
0,0.054992716015513254
1,0.9818986578645733
0,0.906015369298082
0,0.04195621764358224
0,0.5231554000404544
1,0.8669090425107723
0,0.013633237865858256
1,0.6006856474151626
0,0.03382872880007974
0,0.027101026653079983
0,0.03829752177717013
0,0.07500757701237766
1,0.9355519875638156
0,0.7870596575067944
0,0.012653638689506261
0,0.18597781378047945
0,0.01935964730670003
1,0.5380864015858421
0,0.03748492749889413
0,0.08852918174325104
1,0.906680437021154
0,0.02664258599273283
0,0.0407006720203681
1,0.1804642888379493
0,0.06451938472047652
0,0.5568762938681487
0,0.0065589625999273446
0,0.011214937203093047
1,0.6085351371854099
0,0.3137248624112987
0,0.048712631865467586
0,0.6369838727758877
0,0.012926438625640281
0,0.18734614804550492
1,0.26475253975593305
1,0.8467795979596398
0,0.16917939466725923
1,0.5803076024390372
1,0.9499851472958033
0,0.01374567191073985
0,0.12191826367841956
0,0.022489265528701344
0,0.04583901277379031
0,0.05626903632638107
0,0.014108967122793793
1,0.9198449658739022
0,0.11905271402062469
1,0.38352533154274127
0,0.6683650427065928
0,0.5785187464039268
0,0.02249890572364407
1,0.5082433158465189
0,0.00619393642236409
0,0.017981512519935454
0,0.0168522226040621
1,0.8938931261606208
0,0.01881858576353702
0,0.14816367500688676
1,0.698569410192044
0,0.017503151699030408
1,0.9535578124596765
0,0.06435862798666601
0,0.03179153114483364
0,0.06492576332592802
0,0.02610166660045705
0,0.008560733715284784
1,0.6819257436617375
0,0.627067426706003
1,0.9335619923801396
0,0.006950039206417314
0,0.7379079593645672
0,0.01057146540401507
1,0.5882943448767259
0,0.458780000028656
0,0.06939310046087549
0,0.6009769701281973
0,0.0316321853788719
0,0.02253409951361118
0,0.007306306109167533
1,0.24725102035827065
0,0.23837772713717512
1,0.4036805154453398
0,0.04296818325252755
1,0.6811974868687808
1,0.9230409363280982
0,0.0433232985159791
0,0.062023499138044696
0,0.152367925542372
0,0.025787289234122854
1,0.972769681389225
1,0.53664394372564
0,0.028035939135573673
0,0.02191048767042224
0,0.010563903326050587
0,0.631185115661142
0,0.040713741947068574
0,0.07401374603915814
0,0.0032397386950516905
0,0.017423095311407597
0,0.030453974901661535
0,0.47902518516017945
1,0.8907673245371476
1,0.18835203554293642
0,0.07462214268710357
0,0.019806667228118316
1,0.9187108163265388
1,0.5236842090189489
0,0.02133027365568237
0,0.022723658201770778
1,0.42583780781042163
0,0.7676385126336362
0,0.1752496354302144
0,0.4544259050942038
1,0.8687661704668549
0,0.01667134926427131
1,0.6764146102563084
1,0.9710217439937683
0,0.05415993638659347
0,0.2714670745721594
1,0.8725848031083663
1,0.8697616579526093
1,0.9883677140261208
0,0.019753892773390683
0,0.14812922234520193
1,0.7598246078200612
0,0.018249986670711236
1,0.5905347681186528
0,0.02334122275123429
1,0.5258869614063799
0,0.05968580107165486
1,0.12718047889016007
0,0.017262845837308048
0,0.19104886544356392
0,0.015593781299009443
0,0.007213096982720252
0,0.011971641688034024
1,0.7426537295917907
0,0.04434805169439778
0,0.016839558413028487
0,0.011435500984939895
0,0.08068061198417872
0,0.004887388126994373
0,0.2744254343022051
0,0.05631006386449089
0,0.050936793392687175
1,0.46790613527686714
1,0.2346132111505181
0,0.03728738991188506
1,0.8503448988178953
0,0.09030345527671146
0,0.056748983650845006
0,0.12159654618773882
0,0.18690675170151347
0,0.02510785062869783
0,0.029919999682291892
0,0.013593042881467067
0,0.006674114320063878
0,0.011130633801272933
0,0.6799231539009879
1,0.8917037267549415
1,0.25389635488336226
0,0.012365683795856872
1,0.42394565775608406
0,0.049306259154974406
0,0.018344592890544888
0,0.03902893865580104
0,0.050980610099180604
1,0.9583770637928949
0,0.06362817642616339
0,0.018645395729063336
0,0.09905285397926092
1,0.976627911671659
0,0.09527034278526385
0,0.007084562821771814
0,0.9581260034726686
1,0.9181719849478612
0,0.11947902569719611
0,0.1627681221172694
0,0.18443074485103422
0,0.10837608759963788
1,0.34066852662789776
0,0.008925964807954467
0,0.024857629463220843
1,0.34653139804298194
1,0.6654795833007044
1,0.18892792641646752
0,0.3931592374839788
0,0.9196047245491782
1,0.9711793752937249
0,0.013777152216772887
1,0.6757177065586645
0,0.0248032177922019
0,0.03829384145335497
1,0.8070870700229092
0,0.787035154320152
1,0.890171858018645
0,0.128735682602694
0,0.09782876371805732
1,0.7584504264703679
0,0.016670773094390925
1,0.7082214293392107
0,0.028645292544919636
0,0.09895950268755337
0,0.025544178070791585
0,0.044413282489514816
0,0.01262590264569368
1,0.677292765825495
0,0.05391634265854156
0,0.0368783231895662
0,0.008792647975540704
1,0.8284054143155887
1,0.9605409335961375
0,0.01474664839082527
0,0.017366806334029605
1,0.9836694405441281
0,0.1276516055478634
1,0.47197713173458633
0,0.02749749790806826
0,0.011208330994328029
0,0.012350839527109409
0,0.05927404457176106
0,0.04345628380000405
0,0.3716697387000697
0,0.1374948577679446
1,0.97019214789144
1,0.9480112539256003
0,0.45649148031599185
0,0.015616704161246633
0,0.03490869570675721
0,0.17530299449008674
0,0.005241044033282976
0,0.054075872100333044
0,0.08604865381152747
0,0.010366769894030023
0,0.036647524258988824
0,0.042437461272346017
1,0.6841073226456738
1,0.274782349131753
0,0.08955912610524801
1,0.9343926050372877
1,0.8786847305054716
0,0.5229876299748976
0,0.7162778646352116
1,0.981281893622676
0,0.09233871232353393
0,0.02255097262585332
1,0.7733618865060093
0,0.024408746968215836
0,0.02014155509847132
0,0.23834417016890172
0,0.025117877704611307
1,0.0194340651270886
0,0.012200935148703938
0,0.007821796650035543
1,0.9776073905274171
0,0.023146076713764275
1,0.833841316636643
0,0.00842235293143074
0,0.022230055225179856
0,0.02565361738977863
1,0.1598278447491525
0,0.010477996939617679
0,0.018435839677043087
0,0.025054765939654437
0,0.20351713666071888
0,0.02955577928788372
1,0.9251355681103003
1,0.9730049057948567
0,0.01772834449082215
0,0.033457023066495443
0,0.05843817084273994
0,0.028782880415202078
0,0.014237956098765187
0,0.05848171842669947
1,0.9598838530471262
0,0.016117925015978942
0,0.6887916269723382
1,0.9756928657655809
0,0.006510172991363269
1,0.8956447679330656
0,0.2029355188346316
0,0.009699974162397106
0,0.32920886474211253
1,0.39851637084740643
0,0.07589443908071299
0,0.010890364527118813
1,0.7676063703689908
0,0.09884501044601131
1,0.9457848616315273
0,0.01975296477174004
0,0.021904361545164154
0,0.9054502101994901
0,0.01889772110845692
1,0.7922044110988686
0,0.03372319838196649
0,0.03585613266779353
0,0.015211085539088598
1,0.26057625852976807
0,0.022183683676219892
0,0.09095423481410948
1,0.49441752768486863
0,0.03428734112437736
0,0.07758512838815863
0,0.006868493615679319
0,0.1307506193521791
0,0.09035271211410457
1,0.9716907643411964
1,0.561233290198465
0,0.023432246282354154
0,0.03697417828635742
0,0.04096711292048876
0,0.023236536530237686
0,0.00850234597433391
0,0.01030108681987433
0,0.20157399499584358
0,0.060369981020577765
0,0.06299836303342982
0,0.06579758415644318
1,0.7482822070211854
0,0.018186781828804132
0,0.39803081865530676
1,0.5226121344753853
1,0.950205523516494
0,0.01512177261967806
1,0.9191360379494711
0,0.05093185221926728
0,0.014879067744022118
1,0.8864978126966443
0,0.32911457862083593
1,0.6986794998027986
0,0.02594979034601934
0,0.020578588071939286
0,0.06982033094183553
0,0.028472308941114178
0,0.017700066624326206
0,0.030946106084156638
0,0.035810966709597054
0,0.02066435441895855
0,0.15952341766918043
0,0.014267713829508808
0,0.01584991315704849
0,0.7496812496667703
0,0.07687763798972132
1,0.8878420250729079
1,0.9163455182683484
0,0.7045066908237233
1,0.4712390480699994
1,0.4539186941052593
1,0.08005154698332007
0,0.053473037096500996
0,0.07076863947704459
0,0.06529713139222876
0,0.5900651552909395
0,0.04455836343752682
0,0.9397446395884846
0,0.34984168210537697
0,0.059958944314041605
0,0.041448582961823695
0,0.11115588750230075
1,0.8511080686869097
0,0.030624744449528576
0,0.11254497244729743
0,0.0479487364807333
0,0.04211173439784013
0,0.09038778490220721
1,0.7012575118376849
0,0.015394230063926827
1,0.982626333471965
1,0.9614754934019374
0,0.0873720603239738
1,0.5047415637822142
0,0.014216943412450046
0,0.018926381065722676
1,0.5654141241484857
1,0.7121800991107523
1,0.7381739124297274
1,0.965454825581317
0,0.9542750863220616
1,0.6834626305938196
0,0.014962447176667424
1,0.9097523298540078
0,0.01205924129363037
1,0.6138888337190386
0,0.07596563227076455
0,0.025109980401128284
0,0.04143399208604906
1,0.7953857411515222
0,0.03205545500791679
1,0.39984085392113694
0,0.008196503913587689
0,0.03774580292104155
1,0.955518997608462
0,0.023893560780659403
0,0.7374750532959525
1,0.80232691322316
0,0.45865877090248763
1,0.7001843783817684
0,0.038767550451028754
0,0.049605331077401685
0,0.052084517180890785
0,0.02635804547783529
0,0.034268430178765186
1,0.046725905314667436
1,0.028669692879448743
1,0.8988874526592925
0,0.24265405998618067
0,0.49632036294025067
0,0.07817527233049562
0,0.013770629104545977
1,0.7591628967039032
0,0.06410679692263227
1,0.9039029718172107
0,0.006529314847369688
0,0.007277407960180315
1,0.2510080726737092
1,0.9256610209945375
1,0.8464997944842066
0,0.07977986508299105
0,0.027465164045071048
1,0.9416834741507577
1,0.4751691414541667
0,0.04352877436323379
0,0.02548029315695301
0,0.024094691497032618
0,0.019702426880503013
0,0.2096266560876867
0,0.05447698968606995
0,0.014222742893347564
0,0.015272097925625326
0,0.07254251148702749
0,0.2937972164812902
1,0.1154180047554167
1,0.8311465564359841
0,0.021578830379687497
0,0.005989707928441134
0,0.11212848860136777
0,0.05600072291874522
1,0.9672658822463733
1,0.9596360312936629
0,0.010153429926356896
1,0.11590274316040601
0,0.02020047976461473
0,0.033159549231021095
0,0.1599094894726209
0,0.4085357866802342
1,0.8192523946835961
0,0.010521848666663896
0,0.04229419197739481
0,0.04719018185827176
0,0.018145281507117014
1,0.7454063554475531
0,0.03346731173494519
1,0.31250181279991673
0,0.018895156017794054
1,0.7600341917811876
0,0.03217722900790742
0,0.035207929825255585
0,0.032725785293714324
0,0.042463292629093735
0,0.0721269254836319
0,0.03933968663661466
1,0.80163447179862
1,0.8206353549544326
0,0.08603578484468448
1,0.39558968016156587
0,0.016804868757467055
0,0.004663303198765932
0,0.0075477518096686005
0,0.04196151399310941
1,0.15726134979679815
0,0.0066644784893235805
1,0.9217274841719957
0,0.012489878607980245
0,0.12483667354178307
0,0.022322224810094386
0,0.251873185519172
0,0.07672660237985124
0,0.014824500508825693
0,0.075343513844716
0,0.019424515121393485
0,0.28383187602158155
1,0.9612595483154746
0,0.03412965765907716
0,0.01977328523428488
1,0.8811748446005746
0,0.17164199752831852
0,0.010778357562228462
0,0.03930881752834309
0,0.046331610962360326
0,0.019948399209886926
0,0.07624091828686641
1,0.818183811221532
0,0.024371836392301272
0,0.010179056331609537
1,0.6080561520571897
1,0.7655743438693502
0,0.07220571856470781
0,0.03464306388964439
0,0.016145287211106224
0,0.09204976568142437
0,0.05114387704835581
0,0.18022857640685813
0,0.5411334075350562
0,0.03212089691171579
1,0.8486779328641131
0,0.13395634066848966
1,0.8492912250071475
0,0.17997933970267718
0,0.02267747441400888
0,0.04811034308478982
0,0.011866568242323981
1,0.47494102066362365
0,0.01473643102285135
0,0.5378225835342093
1,0.9212751817124206
0,0.04100185306283463
0,0.42295821495612584
0,0.016361349268599997
0,0.04337922509627141
1,0.1273955694464483
0,0.05668721846079228
1,0.12231578845196758
0,0.1513380600003259
1,0.23018959760230753
0,0.018455273827664282
0,0.1384961692753921
0,0.0076503767378088994
0,0.015395227845551484
0,0.021455557227466268
0,0.00818657197169875
0,0.02648139577571011
0,0.053393068994537406
0,0.13071052352936743
0,0.020338022895954492
0,0.04366438073754648
0,0.03545270515279859
0,0.06788117574600988
0,0.11197835354552155
0,0.06132578046143703
0,0.01014936352757152
0,0.19817511644395752
0,0.19324870793281693
0,0.034973414890864744
0,0.015775489607474096
0,0.020389552365244416
0,0.2416577037026853
0,0.028667151484933734
0,0.013421259792514491
0,0.4871970202299013
0,0.035309154576329986
0,0.042644001083491194
0,0.05233848452712953
0,0.028904858533378007
0,0.37615384076270064
0,0.0060690361909505
0,0.02922481327503833
1,0.9473036300132905
0,0.39409175402265284
1,0.9743645197833448
1,0.17541741741371097
0,0.05918456975436156
0,0.02046464842575437
1,0.2769256471753865
0,0.018490500419486473
0,0.04744100324308638
0,0.826660095597427
0,0.657341654036547
0,0.02181808241725532
0,0.034145872737201995
1,0.9782116050969568
1,0.9542468979871492
0,0.03660836725631169
0,0.01859948020823603
0,0.07575321370324385
0,0.10124820671639682
0,0.268833351618555
0,0.039200452290674585
0,0.7213028612035418
0,0.013041914114566344
0,0.16340341205454856
1,0.8638430942290831
0,0.025430802278541276
0,0.13490503236601553
0,0.017595042060790867
0,0.09010974703771293
1,0.15201797286911256
0,0.00677118098093441
0,0.04300242744372902
0,0.05362963316769001
1,0.7587429074941892
0,0.16161244551847767
0,0.034560799108869035
0,0.019783243980850736
0,0.18292097501565882
0,0.08534040530305964
0,0.6068722903105361
0,0.012548991839660274
0,0.5869229805167135
1,0.970666091480838
0,0.05732483531989521
1,0.9364370524137341
1,0.18574606018170864
0,0.016068857040660155
0,0.7665498337406152
0,0.021715868073203283
0,0.07845274882010639
0,0.04489783154115251
1,0.3573355287450945
1,0.03910109916386498
0,0.09289347705684876
0,0.03737405763381063
0,0.029380179807196302
0,0.45677492279847504
0,0.016163444357501795
0,0.6815882565491839
0,0.03261358208121252
0,0.0549647417448485
0,0.026293693053566713
0,0.2574909380670358
0,0.08313379400330267
1,0.43622511271695064
0,0.05185291035708914
0,0.007684661354522869
1,0.8253146606002806
0,0.13080119217006833
0,0.3348645883285233
0,0.02200627909718137
1,0.5817099857143553
1,0.8558754824600368
1,0.9696002203282872
1,0.9135847976191559
0,0.07270247446631084
0,0.020893018459585595
0,0.06388080311974632
0,0.022093377336545598
0,0.5960012262769602
1,0.914674004123692
0,0.01594871269616328
0,0.04360420744947344
1,0.9532836051042893
0,0.21118537858667746
1,0.356214147929245
0,0.0761498064645537
0,0.09721443148639125
0,0.580815055148374
0,0.026927060399829696
0,0.0221287690207903
1,0.7607630375196061
0,0.03836505094333889
0,0.027578875098377725
1,0.6842975505820128
0,0.04775959604382399
0,0.021780054173798812
1,0.11633896475406953
1,0.9250496650904343
0,0.2565975985969673
0,0.014967777854339793
0,0.36008214543679595
0,0.3117899087310902
0,0.09359741497447559
0,0.015168481901253885
1,0.8622797956982089
0,0.5209756065129194
0,0.07922214148487908
1,0.4724894611125697
0,0.015449974431181358
1,0.37143237402037965
0,0.27991089423499155
1,0.046350568568772364
1,0.38238462875878027
0,0.0035747261134751874
0,0.023910587776300223
1,0.016899229352486524
1,0.3743476615469901
1,0.54408891204403
0,0.03367300942123689
0,0.06388305473593585
0,0.10324074210735136
0,0.0183232286204552
1,0.86945954476175
0,0.6153212111475171
0,0.01625381784265187
1,0.9633685540314192
0,0.14480100868413193
0,0.5164337090520746
1,0.8663987615909694
0,0.014726505860325595
0,0.0504718077718473
0,0.7418672612726308
1,0.036409437173174686
0,0.5586738649020241
1,0.14429790029080128
0,0.16328751794190755
0,0.05314136699720564
1,0.863050996812149
0,0.07532030834786166
0,0.03445609576279855
0,0.13293801141852676
1,0.6155987356966363
0,0.02344795254073016
0,0.0473036618857454
0,0.019630915351833884
1,0.5818704858436871
1,0.9208257425138694
0,0.010350894740593692
0,0.02377495107591905
0,0.028215786113163433
0,0.05878718698762332
0,0.09547924229155011
1,0.9442497179828563
0,0.13401605277397194
0,0.23611310101916963
0,0.2308537104202415
0,0.007479322408633319
0,0.14373064947767927
1,0.9561737790791419
1,0.10985375997737258
0,0.04193823994945196
0,0.03175892294239757
0,0.038458725753907956
0,0.6919077552339201
0,0.030503045905938986
0,0.04180208771531758
0,0.03511608161200784
0,0.8274525323756012
0,0.44711291754564086
1,0.9272043321868264
0,0.006000717348124385
1,0.9043056452112775
0,0.20596623678782053
0,0.41389764863066747
1,0.7771528149557412
0,0.02258545109076159
0,0.15936176920573972
0,0.008837906606235594
0,0.029454024512275127
0,0.059104810543759004
0,0.0711473307428872
1,0.8054547183754043
1,0.9641736673594151
1,0.7992380318981583
1,0.9189378610536376
0,0.06099457224914057
1,0.8956619213859401
0,0.026615964114684004
0,0.10808602019761301
1,0.020356954695609365
0,0.029161736761855316
0,0.009712888869949672
1,0.9903525739449286
0,0.7282762557983209
0,0.0680170605196336
0,0.7198298055083968
0,0.06629822136027998
0,0.016892274311958774
0,0.015413977564516616
0,0.04194523156166917
0,0.01886314731394466
1,0.9408919598300598
1,0.9758903256559089
0,0.601202479031371
0,0.013646023595508485
1,0.03597268982268275
0,0.012132240136887993
1,0.5626233755752887
0,0.14007499702794815
0,0.011630661816324644
0,0.3283943945419594
1,0.9362030029688261
1,0.9715129079890137
0,0.07946318289907348
1,0.9324607136417102
0,0.023708663548284745
1,0.2619245690779719
0,0.7668722397815761
1,0.8256229337477855
1,0.9767693164368585
0,0.03406396842948283
1,0.921460164767945
0,0.042666789504947185
0,0.026670746970838106
0,0.01956654646026574
0,0.2042448433419869
0,0.01611281904107098
0,0.02934573734939839
0,0.08944471856389913
1,0.770635446507887
0,0.0319313413529855
1,0.9750529298631325
0,0.03580375496331116
0,0.17335228480145476
0,0.4524304787458802
0,0.00911546170859457
0,0.05017162921982359
0,0.10779086696536355
0,0.867250990468507
0,0.04184019570574406
0,0.7893029378098161
0,0.034994914145456905
0,0.04834817453742882
0,0.03579732796669954
0,0.06128402926798991
0,0.04655830167026238
1,0.43518732004436067
1,0.2567569580907925
0,0.6705494292787205
0,0.0804246607212663
0,0.006084180250345288
0,0.05311301816166356
0,0.046529393860780886
1,0.3824476952326106
1,0.5888167148271627
0,0.015017066766934262
0,0.017641254312933757
1,0.7960395116060565
0,0.06878578066762456
0,0.006248867467045318
0,0.05484907476424187
1,0.9456292422624161
1,0.8353785426899687
0,0.005122802093051837
1,0.6639726993520043
0,0.04687022404621292
1,0.052272568126730964
0,0.09986588649002096
0,0.11009918478562217
0,0.02158672772814529
0,0.09921367319018082
0,0.04172283524060157
0,0.03474737410557927
0,0.022962840607353378
0,0.019231391560107114
0,0.011697545108031712
0,0.0053357315194885015
0,0.07805445528959093
0,0.016983221630622852
1,0.9625959261834008
0,0.059815857144928194
1,0.9646535948254162
0,0.024004050734121127
1,0.0278759315849262
1,0.1457910880625718
1,0.8592551125671173
0,0.07989139611193753
0,0.02824396077430929
1,0.9457127752433341
0,0.06881528849020344
0,0.10842082731123304
0,0.028788863941665455
0,0.00814772968215456
0,0.006434167218686455
0,0.6510440652018541
0,0.029970007417159727
0,0.12389295901320406
0,0.016127886072719113
1,0.8414524482833433
0,0.030297907469257927
0,0.06355902007837855
1,0.7942200167913555
0,0.06837539494383622
1,0.83228646306453
0,0.04851553392592698
0,0.26607603214283876
0,0.047280408155889526
1,0.07345365621112881
1,0.38916014995000486
0,0.5207841412690649
1,0.03199809177831886
0,0.3412852489463201
1,0.7475740197584648
0,0.019963542143537415
0,0.03438096792667468
0,0.019617140409597292
0,0.7102736758635426
1,0.966172790174008
0,0.07976774646862356
0,0.01756708795491515
1,0.6102067402527755
0,0.023353885863209908
0,0.00972403699211868
1,0.06228272829875061
0,0.03964036360442456
0,0.06638166183887985
0,0.16663579393302222
1,0.8893597564642766
1,0.8794946177499604
0,0.06861145451543021
1,0.9347989839745477
0,0.021788035681221708
0,0.3451648399142416
0,0.02223837299653517
0,0.0204814187838389
0,0.768665151297968
0,0.07982917398360254
0,0.030322497033587453
0,0.010084387554190232
1,0.9122286679694881
1,0.7393526977480694
0,0.005503657055992152
0,0.011200065684936075
0,0.03800951312769362
0,0.6446381338135394
1,0.4699026361559029
0,0.03820742587289879
0,0.016282770082329066
0,0.05707520427996266
0,0.016037998011422923
0,0.09961927103375114
0,0.03175625235223301
1,0.06632612981849796
1,0.9707867301740752
0,0.011903792749627384
1,0.8617629602595764
1,0.7110635592794181
1,0.9876933234570692
0,0.019100120712928922
0,0.016157913529738152
0,0.09175831526419014
0,0.7837448952722785
1,0.2735367834754405
1,0.6968717852402773
0,0.013333594941973628
1,0.5581943404719183
0,0.03422523155260407
1,0.25824137190378493
0,0.014196278581891474
0,0.28421853256133855
0,0.6864791217500679
0,0.3894448749631485
0,0.1532157570111459
0,0.21829324413543308
1,0.8606898411243802
0,0.02143992512507156
0,0.01293058636307027
0,0.04255442240773672
0,0.012029801344811578
0,0.14818254453217375
0,0.024281025404235674
0,0.03898692100631886
0,0.024500558629051292
0,0.027713074852721294
1,0.648338432856641
0,0.013248911033213929
1,0.6535846651225555
0,0.018590510451197556
0,0.01597398151623575
1,0.29306695816249995
1,0.6641422344653787
0,0.032155089893811085
1,0.042222527908245246
0,0.023909760350998694
0,0.013132190410809617
0,0.27510084069893354
0,0.051695853806832545
0,0.03365978590729489
0,0.0094749406068757
1,0.32298373623138965
0,0.565046353564134
1,0.2720302786547721
1,0.16865646823636193
1,0.4706476158198078
0,0.1029604068856576
0,0.7188735705262924
0,0.04465052281909341
1,0.6318877973341389
0,0.09087173527467682
0,0.02566544189585367
0,0.08106579780505456
0,0.014635635864655518
1,0.906779122307109
1,0.8056705968955944
0,0.07272545376052533
0,0.01246552972534788
0,0.02648002795063897
0,0.022957918492907417
0,0.05037731962760242
0,0.06330820153966944
0,0.03290252730012769
1,0.9543943513439477
0,0.049309492668230835
0,0.034658673956387324
1,0.8886034540080103
0,0.014739567382475994
1,0.5497596989152191
0,0.021905100168625357
0,0.7179504776627259
1,0.7927011440469932
0,0.01293259794264021
0,0.09546776415334264
0,0.011430170936955477
0,0.08964922432274934
0,0.048425766484562476
0,0.01694887528318662
0,0.032479726729738485
0,0.03893193670035398
0,0.038448897441570366
1,0.911414660116744
0,0.014442251830465987
1,0.9756936177458532
0,0.035301665015213625
0,0.014219579002203948
0,0.026926471274508076
0,0.02154373861608397
0,0.04050579792807789
0,0.008353312236766683
0,0.04197230266365459
0,0.12966936460191408
0,0.9052176635757143
0,0.024609055661845375
1,0.9899208176661586
0,0.1342996983398528
0,0.01841698868513132
0,0.012285273097351255
0,0.03464457599242642
0,0.8769506347849143
0,0.09206004150484808
0,0.029496905901888432
0,0.06278264639304063
0,0.04422041490845331
0,0.028066279166173633
1,0.9466018784899026
1,0.8375374590652894
0,0.013895532051552393
1,0.567404070357796
0,0.009399759757843336
1,0.47874640428352566
1,0.9522407155059878
0,0.029340296325348042
0,0.006437674667132022
1,0.9169014338163733
0,0.027708248304399722
1,0.8616515387816691
0,0.456114083473288
0,0.047189121544658104
0,0.11906074927500034
0,0.866310252218297
0,0.0448597196073012
0,0.035317071911306834
0,0.013651187522572803
0,0.05524015056819054
1,0.9676925294132384
0,0.05933270385678398
0,0.8278334709000476
1,0.4138039638708749
0,0.01634121118381133
1,0.15697646306452903
0,0.01056204765891144
0,0.014594239846135632
1,0.7437603623532708
0,0.02834435305315682
0,0.03556925585419841
0,0.687092960178386
0,0.03217783419844181
0,0.09403216234541742
1,0.9378765003760525
1,0.5405489267872087
1,0.8996883090990038
1,0.6084342074942434
1,0.7029610943490657
0,0.05442499030687074
1,0.5933695077683212
0,0.03259956297976589
1,0.9352197579570339
0,0.28026690566483303
1,0.9203802242852899
1,0.3584416049206162
1,0.6935869975856285
0,0.1150969564448733
1,0.8099729085102202
1,0.6393810974288353
1,0.8442624699833262
1,0.6410540634200576
0,0.048029538708076906
0,0.08178989087498907
0,0.028656950205939027
0,0.03578223641841265
0,0.07522035189245016
0,0.016935863569178238
0,0.04862446455030565
0,0.14469433809821125
1,0.49655136996634314
0,0.03559211608444216
1,0.3317059654431974
0,0.02157672621887164
1,0.9316808940818231
0,0.06522666170957331
0,0.25895659066217913
0,0.5921352549378958
0,0.3682689907855328
0,0.049074426397275314
1,0.9657995534916716
1,0.6115363556251756
1,0.8734186437622637
1,0.8461162889293568
0,0.02250613841223583
0,0.0876788178099832
0,0.02264398391814468
1,0.95960542707917
0,0.011176409924987625
1,0.07935102811968786
1,0.8337316698466632
1,0.44557652534474534
1,0.7808938040573076
1,0.8984468552734284
1,0.9255236257709623
1,0.9799404430104381
0,0.055662226570364876
0,0.15502670609970912
1,0.3530718788335189
0,0.07954031378987417
0,0.3638440086835054
0,0.015989804057138776
0,0.05112331340031742
0,0.025289075602146098
0,0.028471758000240502
0,0.02367690197574095
0,0.017814703781592466
0,0.020552225349704936
0,0.007905238239416091
1,0.39745509378242333
1,0.8426482994322914
0,0.030389343719454346
0,0.01821970558168317
1,0.9212259019527945
0,0.12701460754557017
1,0.0772212650694149
0,0.019709720271337283
0,0.021098828467876782
1,0.7507040244055248
0,0.03623690851650905
0,0.4857652274960369
1,0.11685106376878955
0,0.10513421248035705
0,0.033443034833257765
0,0.012754119365048059
0,0.33088785762616124
1,0.9080325435946655
1,0.07482222242476215
0,0.023181726176237816
1,0.9132911893141505
0,0.01421628156020823
0,0.028188467058536244
1,0.01702271525480395
0,0.018889587391762767
0,0.02374954622768872
0,0.5163856893846438
0,0.009079002960739402
0,0.012968875745097969
0,0.6903976543712151
0,0.27372280554157497
0,0.008864371734315023
1,0.972446702403494
1,0.8343078026907841
1,0.30492960901711214
0,0.09032236414853127
0,0.01066376496486072
0,0.026142266925224172
0,0.01658177697208165
1,0.8604270314067302
0,0.16287419612069967
1,0.7446148113986811
1,0.949365792140992
0,0.0408792556277032
0,0.004527709194378233
0,0.2691500073869071
0,0.17756477765747833
0,0.013937575441872612
0,0.08932756324935905
1,0.9414063692140641
0,0.0520810340998549
0,0.06093448561857417
1,0.7982839086411508
0,0.05622530384361846
0,0.0027222173217466444
1,0.9305871743383389
0,0.033921407004078766
0,0.6887853008171746
0,0.7165231079161862
0,0.017183650229383087
0,0.018214253994344027
0,0.02331964728355959
1,0.9520095504367909
0,0.028515574212243378
1,0.9788787426444403
0,0.005245807824549971
0,0.03068836101591775
1,0.12334550782374287
1,0.979758166032618
1,0.9651914143248747
1,0.7306829343591671
0,0.007251548034365144
0,0.010676691198363421
0,0.02597972517637026
0,0.0037910591481941603
0,0.03083351932034461
0,0.02164012791967433
0,0.013173427730635715
1,0.9040978701752703
0,0.005215566418135227
0,0.014792653092548166
0,0.016981128577775263
1,0.9746369530776136
0,0.0358352599929342
0,0.011508855185728938
0,0.011705913365875223
0,0.06825369094024691
0,0.3026939501485031
0,0.02270328591132391
0,0.17120038009736127
0,0.013164201773787673
0,0.03802456968931062
0,0.320147700905775
1,0.9669344192083124
0,0.8731780154155423
0,0.0189468013885385
1,0.9459749792247103
0,0.05777783073069578
1,0.5687796375017418
1,0.7047423008841851
1,0.9515893503091871
0,0.2999869818332292
1,0.9249831693222454
0,0.022499797578520487
0,0.04230125271950943
0,0.04278119372777295
0,0.028288686182131723
0,0.8127310608249217
0,0.02913326708777519
0,0.32887446166786655
0,0.8173239729882106
0,0.02284781276470266
1,0.9260444898990983
0,0.3026440961467687
0,0.17776778197623652
1,0.316225632770876
1,0.05411349537960881
0,0.03856953449774868
0,0.06687640186538145
0,0.06361446878589669
0,0.016069353624103767
0,0.0210523542362229
0,0.036700792328700216
0,0.03270651064781247
0,0.030950175356135666
0,0.35332974874351464
0,0.011575946391181325
0,0.0309582971713695
0,0.009797273222344402
0,0.04679781896313758
0,0.9396073525774834
0,0.047143816544383474
0,0.7023713528581019
0,0.017183203855374807
0,0.14391329182856996
0,0.010060709913871731
1,0.9645867905715733
1,0.3496926417315265
0,0.19384245173839257
0,0.01410675295551924
1,0.7805043303922715
0,0.2843328468093076
0,0.02566715878884188
1,0.48499968061690285
0,0.037185268627682136
0,0.01876415466836226
1,0.17965672740308966
0,0.009404758822194128
0,0.20276564352748025
0,0.025409186449510835
0,0.019685808479006812
1,0.8852954942871509
0,0.6078000396708215
0,0.02766920723555234
0,0.014698984528229816
0,0.04793424596297705
0,0.3108760790578299
0,0.30776745716715226
0,0.08639259970505894
1,0.9883066996686771
0,0.015216133078114237
0,0.037615682811111426
1,0.953490833590466
0,0.04023164843810133
0,0.025092925953617555
0,0.3461359177654107
0,0.025965716082812885
1,0.5146397278646898
0,0.021404831874092235
0,0.011941690301795019
1,0.29193235083816704
0,0.4204867961227673
1,0.8341202397265128
0,0.0069335626510278504
0,0.022952072883276012
0,0.6282135563736713
0,0.016797658567291287
0,0.01804025942277229
0,0.020007460658538614
1,0.6505845157912328
0,0.0447146214465343
0,0.044948043349034614
1,0.9773470263535107
1,0.4798135231588406
0,0.01343253230672073
0,0.020040200787913593
0,0.011096826416762627
1,0.9078599144670859
0,0.191157054651935
1,0.3326289298677947
1,0.3936260887620033
0,0.03291158358110379
0,0.3432217580737357
0,0.19641271080793157
0,0.1441778725541342
0,0.01115835852833163
1,0.9081869040547893
1,0.9240386664085535
0,0.008759730309475149
1,0.05328657947552947
1,0.20351713666071888
0,0.02371712553473846
1,0.7667007147202867
0,0.023755965359522933
0,0.8152960237019106
0,0.3246210152428984
0,0.018523155845892297
0,0.6183782493786621
0,0.1686976708262358
0,0.04329158320196911
0,0.8456439813975205
1,0.1436701608100077
0,0.03246843178497252
0,0.20690700992289207
0,0.38450658060075105
0,0.5994016619696896
1,0.5604341008350263
1,0.9059835948259236
0,0.08199108309449658
1,0.8546377835546679
0,0.05019774236311778
0,0.09395474227371085
0,0.0475174247458528
1,0.7665120073285694
0,0.048621893917735866
0,0.013130104700384343
0,0.02993763063880721
1,0.7182848729476468
0,0.060755232833090145
1,0.9021975908886819
1,0.2316084197423645
0,0.05104856135922737
1,0.29390342841106726
0,0.02566670662925333
0,0.01609469768009342
0,0.03156804452674782
0,0.030619968406173276
1,0.5564845011894468
0,0.8312456034648357
0,0.08927899426102225
1,0.9266828901924375
1,0.9736017628266843
0,0.043539689827178
0,0.02426731999935764
1,0.03497199464529712
0,0.01392464076951872
0,0.047134406407123734
0,0.07695455122034826
0,0.6491288166167083
1,0.8628632462852386
1,0.6985824301568445
0,0.39191094624376377
0,0.2002906827287194
0,0.0355461695235458
0,0.054176108905927646
0,0.04150447878590451
0,0.14498903453653986
0,0.01720399429984971
0,0.013476796167953206
1,0.9904912506359062
1,0.9618935117352299
1,0.9850714578948186
0,0.030582773450681448
0,0.0225790068098332
0,0.04533025936778635
0,0.3493357611644599
0,0.10551644906860963
0,0.019339847616055394
0,0.025960685306176824
1,0.1074238312269286
1,0.8253088245863064
1,0.8414731495128434
0,0.04829009267690276
0,0.3052150773971683
0,0.013172238210523721
0,0.037616242783913144
0,0.2668017181835457
0,0.013438043366856247
0,0.023432048813563554
0,0.02079464807398868
0,0.0428939616689931
0,0.02000928202778359
0,0.013169045533058735
0,0.04019971280405547
1,0.22340908510468444
0,0.843887509670312
1,0.8739498401351675
0,0.0542568750649969
0,0.022872222867091983
1,0.9752919088684021
0,0.015834894107979433
1,0.12083661494488504
0,0.029054542154805983
0,0.028328676449714395
0,0.767774694032336
0,0.07252915141283083
1,0.6789418816732734
1,0.9589183835302764
0,0.045880779950591956
0,0.04138797295320618
0,0.12154240531565427
0,0.16324340385725708
0,0.03067230609858666
0,0.12152900877897468
1,0.19163356066678008
0,0.017234140638235168
1,0.9522766129023386
0,0.6529551492388911
1,0.8425460914427583
0,0.05484113313509109
0,0.033301951957067595
0,0.03505225950593127
0,0.016307228274643887
1,0.5208613601826444
1,0.902714782061934
1,0.5063188500311617
1,0.6394061072941537
0,0.0668568020315452
0,0.01825859895117691
0,0.019794558973622547
1,0.718678003141414
0,0.031082357972091426
0,0.028390216247027342
0,0.08808704189744028
0,0.1411512658933377
0,0.5693723281544562
1,0.7586122964184957
0,0.26820389804122086
1,0.8759084408229659
0,0.038905935023577705
0,0.041498844900530116
1,0.022333621224974384
0,0.052213418581143464
0,0.00949363577521297
1,0.8822126976773684
0,0.007168917868907302
0,0.037260538328369536
1,0.775571041537289
0,0.07706670968364752
0,0.04079956296424312
0,0.012853504809189046
1,0.7495145260741403
0,0.05651822614329056
1,0.962637042915207
0,0.014592788331015847
0,0.030682782669184925
0,0.029650580660376846
0,0.02691024466166504
0,0.17434446551370422
0,0.13937976371568261
0,0.03290008071493126
0,0.03282278706352534
0,0.009961653573689618
0,0.009641396793565168
0,0.024375465656107823
1,0.03958546120049893
0,0.34900500736118145
0,0.014916559703782108
0,0.014587839679669808
1,0.037231561598195385
1,0.8852352403756885
0,0.07674251408395594
0,0.25062103840902306
1,0.2991034946244126
0,0.0312745210573101
1,0.8469584273692479
0,0.011027215998833608
0,0.006471652491646373
0,0.01438769532942464
1,0.8980276972298149
0,0.015286250449264186
1,0.4762835533269451
0,0.8235231017344813
1,0.9221719457188171
0,0.02911522947344855
0,0.008139130636960324
0,0.031463461289834446
0,0.011868385223243365
0,0.005535866907765861
1,0.8892240191743684
1,0.7538164460127826
0,0.05596725088031233
0,0.04392718596864917
1,0.9259018930890204
0,0.5119288839787832
1,0.8480292479537661
0,0.01056038847174585
0,0.039306957511299354
1,0.5332287853566781
0,0.016858545673212766
0,0.05506868162782245
0,0.8120860543088322
0,0.8377759710553243
1,0.04314622931486745
1,0.09643089490384671
0,0.0077583073733678235
0,0.03397543781335781
0,0.005754724993035161
0,0.09535399880124554
1,0.7441130118059641
0,0.022833282901545144
0,0.008104086202800643
1,0.9930902877875071
0,0.0830766924715191
1,0.8431251644907856
1,0.9361514200994692
0,0.01276351666989951
0,0.007852273678280751
0,0.06022341213406437
0,0.08349872128916537
0,0.02482384628067281
1,0.7108568607371347
0,0.10737877723601705
1,0.41985777611515884
0,0.009779697865057495
0,0.039182915295096446
0,0.016118237761197342
1,0.36299318695476723
0,0.3487550802892428
0,0.09930394866813981
0,0.018981413856011417
0,0.04226770876828439
1,0.958261991797574
1,0.8752323379427178
0,0.01564007027492786
1,0.9894324916130653
0,0.014615701230827746
0,0.017700788018763503
1,0.8784113612525251
0,0.05285146770867381
0,0.06443324462162368
1,0.8492294083267071
1,0.8926479601670614
0,0.04385012147839204
0,0.01439071447783614
0,0.07333848976773695
1,0.6735247777938502
0,0.16054798052510838
1,0.02351459360993662
0,0.006416485929939238
0,0.014880774959197719
0,0.010600162889693112
0,0.11801505712857636
1,0.9556287477139609
0,0.5489431863566142
0,0.012565167278354954
0,0.017942848646274753
0,0.10475683437242848
0,0.025335787969175
0,0.038112852438120785
1,0.725809930743979
0,0.023741993054107274
0,0.014025094280448624
1,0.7653840833327263
0,0.0258498344656599
0,0.04589294809130508
0,0.018830525911563707
0,0.8847228933502865
0,0.013048475224980326
0,0.014792653092548166
0,0.03264663337408975
0,0.009007352946415794
1,0.8913682796868314
0,0.01600485046136303
0,0.09353184042066512
1,0.9858357595620468
0,0.0400252930327711
0,0.07372035583399743
0,0.06702312420121348
0,0.0381805596516063
0,0.05999896850291541
1,0.8717192455943173
1,0.018667776445243
0,0.07230478651355175
1,0.4317153902636804
1,0.8802595351711003
1,0.6624906360508286
0,0.03732125956649897
1,0.9474131735384822
0,0.022264526745214362
0,0.023549523557126098
0,0.06301247147637973
0,0.15135524349597973
0,0.1373571089076816
0,0.028793965184396034
0,0.13206415994821835
0,0.01999600060899613
1,0.8956481967920319
0,0.0638524021447462
0,0.004365631760353854
0,0.06708348773062511
1,0.9653142046882986
0,0.019455905512962324
0,0.010997825500545238
0,0.030958317402861597
0,0.05549682013946554
0,0.03614163449670165
0,0.05194948638685792
1,0.9415443531431571
1,0.6259473681355976
0,0.0334408115157189
1,0.9736283027338084
0,0.0175283147049436
0,0.012148873325281678
0,0.022753823659179103
0,0.02224918207647906
1,0.6970911431870139
0,0.01231938158857697
0,0.2707909162462418
1,0.9234493672464104
0,0.01002032939607704
1,0.6079741274133953
0,0.013753585465317004
0,0.0998038968092223
0,0.010823611602836451
1,0.9693215363318956
1,0.9680399525310835
0,0.5225250026619824
0,0.25791376934001464
1,0.8579738855343698
0,0.016959376960190817
1,0.9021727460217603
0,0.08368875217513123
0,0.1331230013633505
1,0.7647223861806256
0,0.09306447096587882
0,0.028369837276475754
0,0.022870562760763075
0,0.07049900458182753
1,0.7603877667404019
0,0.04088921579429059
1,0.034702630293211745
0,0.18946113045522017
0,0.11497169071615106
0,0.06253145212305096
0,0.0417583196654501
0,0.05615412369310073
0,0.0256707867923165
0,0.019106878736488014
0,0.767835465285576
1,0.8041263233908096
0,0.04979619172820435
0,0.019194645304622584
0,0.06601930919111816
0,0.015191911348520517
0,0.10099566217557947
0,0.021759188834879727
0,0.00812727099760842
0,0.04766375345686943
0,0.06992786624428114
0,0.015466459455964138
0,0.0807668723451848
1,0.9626221695206975
0,0.6400180021572881
0,0.0354013660421309
0,0.04201593894255668
1,0.023879344329793904
0,0.00875945931415569
1,0.02556277147480279
0,0.03934239918918113
0,0.01167035230346064
0,0.0349924594664776
1,0.9954897859123469
0,0.5225494735657311
1,0.9043511495194267
1,0.7643497536262696
0,0.024260009104603974
1,0.979935715224748
0,0.025571111198869106
1,0.9538670185136041
0,0.33756150831684045
0,0.014775374865682474
1,0.9788199807046253
0,0.05442878350541252
0,0.04895437729814437
0,0.058515072213053014
0,0.039706944271305354
0,0.02737694031830782
0,0.009400249133719616
1,0.32949259487509314
0,0.10494267197353041
1,0.8027250910011917
0,0.05461972921454133
1,0.30876364556828734
0,0.004638235776787623
0,0.03357340514780968
1,0.95767898780799
0,0.017057650397859152
0,0.17267747913271242
0,0.028466291197788193
0,0.037608978666408804
0,0.004451611126998633
1,0.9916565830758796
1,0.9906229426932438
0,0.20570631800450215
1,0.4344113084947193
0,0.03016390245157407
1,0.04125608503402474
1,0.21713876572491062
0,0.028330713252319055
1,0.03725245715564893
0,0.034570902725003544
0,0.2548144178743381
1,0.8301622731349657
0,0.004336154113155476
0,0.5180902615673032
1,0.8644183265636881
0,0.29419783842430725
0,0.01598067773524148
1,0.8615218757009085
1,0.9769978376775028
0,0.030408389373272674
0,0.023240617159182794
0,0.07230037165567794
0,0.07706601531460062
0,0.25196691923126996
0,0.01452579943186993
0,0.011941509546124595
0,0.017381098391655418
1,0.7478750500164871
0,0.05954387254129816
0,0.0292264231852588
0,0.6919664357187457
0,0.013454481390123858
1,0.9540132539901
1,0.9254914663754887
1,0.222271984585717
0,0.020634531843341814
0,0.056959052589633644
0,0.007732785786266979
0,0.01810118053553095
0,0.031392997999770376
0,0.8090762662416268
1,0.49489503516479094
0,0.28005627079017154
0,0.030980444714953037
0,0.06717263330476762
0,0.005539242733804609
0,0.5191778462362667
0,0.09234210156754301
1,0.975326084550951
1,0.35354608553322314
0,0.05062114966477636
0,0.031168850538879623
1,0.9244440787042026
0,0.022320180924415737
0,0.054090003608154066
0,0.00456397892065918
0,0.01745173398254608
0,0.028554168897800963
0,0.1043120862436648
0,0.01813282770317386
0,0.011594026617545671
0,0.026038038221249796
0,0.15872037505102665
0,0.015390348036477196
0,0.021722749210062106
0,0.8279818702388225
0,0.027986626166912356
0,0.010260884984193391
0,0.03200448314875883
0,0.26122791286512065
0,0.018519343947497865
1,0.9722040362044632
0,0.06992030330384925
0,0.2377360293132125
1,0.873584362666656
0,0.2666921665587929
1,0.1503604612036666
1,0.9669382060541867
1,0.2698597888575579
0,0.018565821072725787
1,0.7940436261285079
0,0.016016580398109992
0,0.0065794798675392445
1,0.2839023903566241
0,0.02031350796805407
0,0.004974409055814718
0,0.07806028059113908
0,0.15652437057966875
1,0.1296497663341002
0,0.04299870298334536
1,0.8446972281396931
0,0.04379728208793252
1,0.24828254804192937
0,0.8424648982714774
0,0.010983401803582907
0,0.036771695064856724
1,0.960740469495231
0,0.031178759527164444
1,0.40598295174954574
0,0.06472382299321669
0,0.043082186853264884
1,0.9248173535766914
0,0.10184981233521762
1,0.630873220186077
1,0.7213783081584222
0,0.5703497640085167
0,0.04038728231178428
0,0.03681961073878101
0,0.01592190825747071
1,0.9059569638987529
0,0.04930358392624969
0,0.02654873992657796
0,0.03197400601627532
0,0.027753942979450854
0,0.1892538733234505
0,0.2848661773035714
0,0.027017520487192578
0,0.07080254109567481
0,0.0054743170474076674
0,0.445206626592649
1,0.533915272986182
0,0.02691229728966517
1,0.19553226371535362
0,0.5018664829969716
0,0.013677005783293384
0,0.1061381956415742
0,0.022440593468240448
0,0.20729171017616604
1,0.9717027366132331
0,0.0667117639015327
0,0.15219460584937072
0,0.05851548412030407
1,0.787311241049986
0,0.03556925585419841
0,0.04804561911942526
1,0.7549505917895574
1,0.9648091922613309
0,0.027672922920931646
0,0.02659312145847305
0,0.08299833584023625
1,0.8477098811191863
0,0.03222694205988851
0,0.036981860909602836
0,0.02991507434862764
0,0.0641186319676319
0,0.026992365145328278
1,0.950460035305068
1,0.29257502234163413
0,0.08001352712249164
0,0.0959654455373497
1,0.45834289250303384
0,0.032445370846177234
0,0.10983812423270975
0,0.15003537258363778
0,0.030977369473749575
0,0.6898132128609434
0,0.08016497774882039
1,0.9662796246279596
0,0.02422131873209057
0,0.05174092450337917
0,0.030899856585834034
0,0.034978273755386965
0,0.019499700871475265
1,0.9524549954557796
0,0.04167854752444527
0,0.03704307058972183
1,0.7464350302469076
0,0.019969517236394414
1,0.0370164984788943
0,0.21344532457751572
0,0.038747728558941145
1,0.8473001549715634
0,0.003942337743468823
0,0.01364007933151371
0,0.08956766776717957
1,0.93575913561755
1,0.9480692224797863
0,0.033552137177334844
0,0.8197987856080532
0,0.03147487567182158
1,0.8897467924112438
0,0.10177394151682083
0,0.0170345894076466
0,0.015251304604307795
1,0.8732948697710259
0,0.0370069167798944
0,0.028634886317498165
1,0.9550181325026069
0,0.019362294611269187
0,0.22141234583665717
0,0.023105052215701635
0,0.04560293876905861
0,0.0266473583710625
0,0.02327085517520082
0,0.055940354783672624
1,0.9805546772992052
0,0.015723059669502118
0,0.013893089016089934
1,0.5402926237124305
0,0.7632503649331386
0,0.00772081126970818
0,0.01190877136839791
0,0.06654253399656987
0,0.0255014220761142
0,0.0498097424717167
1,0.23741853370381777
0,0.01660250590498585
1,0.11044267566288042
0,0.08251270606855103
0,0.023070290295747687
0,0.3158792382170269
1,0.8683799149990588
0,0.007310952764732285
0,0.024425675316535566
0,0.03547216564307596
1,0.9502320973825839
0,0.04523535402563513
0,0.023430551442056795
0,0.39842599586953503
0,0.14515681343139927
0,0.03375633947300786
0,0.034509620151211506
0,0.03870128998128727
0,0.04634951911363413
0,0.013841024268710396
1,0.46446531423305687
0,0.30021986515684806
0,0.08770219218387788
0,0.24129800667702453
1,0.980579370696213
0,0.02874029666011488
0,0.004819467587581725
1,0.7825266291699957
0,0.019353085284548627
1,0.9827858842917199
1,0.9451617429630207
1,0.9572270897362308
0,0.09732970572341546
1,0.13389955248208715
1,0.9518087469562474
1,0.9028188751195382
1,0.39540256395216766
0,0.02262526110642957
0,0.008112372175807502
0,0.9935147895535441
1,0.44910159367459
0,0.01819915076859648
0,0.03725825667480719
1,0.036137857143156364
0,0.016231745992070695
0,0.008171032515522359
0,0.18053180843050282
0,0.03797408202485833
0,0.19195122759216576
0,0.11866280144213649
0,0.017173508772096897
0,0.17357566553768386
0,0.003970810863592757
1,0.8847425250979801
0,0.041284266902203826
0,0.35991480025105455
1,0.8474392747653001
0,0.02025782652117859
0,0.16734910284520654
1,0.6945054786426785
1,0.9633069484884454
0,0.01637682841752755
0,0.23336690077402816
0,0.009745411987459096
1,0.5023361605751524
0,0.014514670002279368
0,0.017380303535385066
1,0.9297717396794258
0,0.6287487977711735
1,0.6498747525875171
0,0.0244781587080307
0,0.8514665710617754
1,0.7358086746760529
1,0.8393981672998674
0,0.13322838834565223
1,0.40654698803697575
0,0.05776531246021512
1,0.5634767090290695
0,0.8632297359676396
0,0.02616586146150254
0,0.012537477026325572
1,0.7979716679798414
1,0.9561273963425412
0,0.12064641578293125
0,0.47205991665052943
0,0.024303840019791308
0,0.007736351125601275
0,0.02781643619052151
0,0.8793575993242418
1,0.7828465829295658
0,0.03913254522001086
0,0.07022237351498359
0,0.5189994402267729
0,0.037544609961232364
1,0.41590198482411
0,0.029281453952065408
0,0.04005519035936672
0,0.5666138650451492
1,0.5122553768584908
1,0.8681618219340761
0,0.08092026800845796
0,0.038450095489134736
0,0.18372312596814888
1,0.6859282438536106
0,0.10832037426586523
0,0.012558887519428533
1,0.956955572313477
1,0.9826628613775085
0,0.7709426892370437
0,0.06886555885305341
1,0.9407228510697692
0,0.021962880611418135
1,0.9373768329056429
0,0.013881345468329054
0,0.04496397328193678
0,0.055615775534002466
0,0.0714252590659876
0,0.020784066744322812
0,0.01960005499675893
0,0.02297265718205578
0,0.7728307639232554
0,0.040698201559054493
0,0.009875380845948517
0,0.018371386988260623
0,0.7883486104907669
0,0.013188114309357884
1,0.9685814697568291
0,0.016749285719315006
1,0.9486342319556966
0,0.006813503328610775
0,0.008318983919407925
0,0.10670128039486096
1,0.6870107377225165
0,0.039635884652447745
0,0.025502750820302705
0,0.030430353003216587
0,0.01494692268601984
0,0.008250511280969161
0,0.018880969093220464
0,0.034902277093764096
0,0.03272562025380095
1,0.9718898792186361
0,0.025921244700099617
1,0.8886559219795749
1,0.8814040654386572
1,0.9740700371973462
0,0.027282330480081527
0,0.05368723339373457
1,0.9799712656268068
0,0.1859036541928154
0,0.20903173731886004
0,0.1296616652022322
1,0.7887381656305824
1,0.8425094692958869
0,0.7916933178655959
0,0.0845672379868949
1,0.16941282452223994
0,0.01808664180616051
1,0.6374956470624695
1,0.8353906197967083
0,0.010816653271096675
0,0.006894533578915544
0,0.058025442704566305
0,0.011790523861640475
0,0.07058447919046751
0,0.00962407269031405
0,0.03953959868639903
1,0.4338637479514516
0,0.030712477438559455
0,0.15627170814079025
1,0.3512147923568384
0,0.029863417017315028
0,0.024185208077765464
0,0.048094106107540446
1,0.5086530840105092
1,0.22841420761606418
0,0.038970866152873485
0,0.01752772509580023
1,0.9550379353765682
0,0.0037962804858763088
0,0.042049477354277706
0,0.14432170673727127
0,0.005276758205765508
1,0.9720112326597152
0,0.10172207595946295
0,0.010147446995556718
0,0.08323724318580279
0,0.2683916183876604
1,0.7089223668590479
0,0.05410447692216178
1,0.19215324965492042
0,0.08883521743151598
1,0.7806331648867235
1,0.09044751534799536
0,0.020062890160634506
1,0.9360918635502176
0,0.07099105219364804
0,0.016579501240661987
1,0.39711512348324834
0,0.1217434845980118
1,0.9006729449483306
0,0.04712951098172626
0,0.014385119735151875
0,0.018267830837193435
0,0.029641313319598482
0,0.01257839175945009
1,0.06731479860699317
0,0.6518693902436308
0,0.6616678203039394
1,0.972230413754814
0,0.03191629476062023
1,0.7885323361957751
0,0.1005277840908483
0,0.0072936479837013065
0,0.017926467333753388
0,0.028985969106735603
0,0.01355830764299655
1,0.09339750629419086
0,0.24101098302585705
0,0.012961832606582738
0,0.016615048639419042
1,0.41147853717579075
0,0.038090485581041694
0,0.07814921599337794
0,0.09603941222083139
1,0.573098992762151
0,0.09428665989344247
1,0.9714071061390137
1,0.9375169068605913
0,0.049599416327316286
0,0.5454764706528527
0,0.012132461584654747
1,0.7273240025898737
0,0.025217720573696527
0,0.01262069539009705
0,0.054945989473740416
0,0.0376356822778556
0,0.03533978342895654
0,0.051408340433724914
0,0.04384931776829945
0,0.04407294737040032
1,0.9282843074790145
0,0.051406067109244474
1,0.9864850974592632
0,0.054924841073131905
0,0.049393078409829566
0,0.3169293069937001
0,0.04195464368506462
0,0.014652257710348577
0,0.08823880292562987
0,0.828546340187025
0,0.025474051811573434
1,0.9389312125670036
0,0.037616576329881836
0,0.010397747222247474
0,0.025322233078919253
0,0.12373100669450561
0,0.030399209319078985
1,0.8521397429469351
0,0.16662345780426802
1,0.6802429885877532
1,0.4054429148475395
0,0.01767365180714291
1,0.983723541322088
0,0.04499828149420083
0,0.01489441772469061
0,0.7977452084446061
0,0.14328621329372987
1,0.8179762208858062
0,0.025578625100552844
0,0.018029983990952802
0,0.20173026082852766
1,0.019880266763955358
0,0.038360687075326715
0,0.06688106408667231
0,0.24305209607123743
0,0.03361286415251216
0,0.11632978936337741
0,0.02294997169775647
0,0.031744415577865635
0,0.02016731575904285
0,0.025207788799805404
0,0.254003187169696
1,0.7296630844190483
1,0.5992646970618403
1,0.9622185001644874
0,0.06333198627495946
1,0.9369928645148348
1,0.0588088977881914
0,0.009779076481778547
1,0.9761572250409541
0,0.039764010799075246
1,0.8459142935760675
0,0.024970583999308762
1,0.573157414594547
1,0.9233086453273153
1,0.9485730703565679
0,0.07913634644920715
0,0.006283223617466691
1,0.36526924256271265
0,0.03234236044573788
1,0.5419965349004472
0,0.22945061816374773
0,0.015585997701146624
0,0.08254344091122065
0,0.060741933358693066
1,0.9861481077869466
1,0.9489157507541491
1,0.9211882648235492
0,0.5703122324541423
0,0.38800547954065995
0,0.8768397225953899
0,0.03761148224316565
1,0.9750267804737235
0,0.032768596000617496
0,0.18289089395760605
0,0.038547912150055055
0,0.14990966759107477
0,0.02164881655494005
0,0.05791444117757523
0,0.01022099089267265
1,0.5287554097580422
0,0.12568186739300607
1,0.8197480444720167
0,0.06481711077696001
1,0.1169461169212942
1,0.9066559989336316
0,0.011666278650844205
0,0.15524921934442162
0,0.01535126336828248
0,0.09776407719987701
0,0.43326647487015413
0,0.06934895710824018
1,0.8691935584628694
0,0.00668352047378643
0,0.14862547690153105
0,0.032115354276064025
0,0.6220668484452733
1,0.9451781171393835
0,0.07749076735043871
0,0.23594229725670143
0,0.010490067663313877
0,0.10618961116307704
1,0.13411327799175124
0,0.044798304835188256
1,0.6781098824493492
1,0.8628575692854257
0,0.054584399870037686
1,0.7892307213842998
0,0.07795292639641721
0,0.19403460874044592
0,0.023614261259513377
1,0.4683757710372378
1,0.8490299018055857
0,0.06449680995915381
0,0.026054673987273753
0,0.054383000392099756
1,0.961046675125597
0,0.44601152575705855
0,0.011297871842637404
0,0.048421106660056064
0,0.043200825906537135
0,0.0781920638092095
1,0.7742213818770528
0,0.015438215911187601
0,0.014257902989694043
0,0.38956261370682554
0,0.025367514368308596
0,0.02478230179486604
0,0.006696743029340297
0,0.010251629279906166
0,0.30062219062254886
0,0.01093352519471093
0,0.04639860722385077
1,0.42571846257308904
0,0.05508379650779009
1,0.10210471736478778
0,0.008218077201405776
0,0.6746503529161662
1,0.6688833236961562
1,0.7878493644913648
0,0.02264949567265132
0,0.029192140015604898
0,0.05059966381356407
0,0.40192407098748967
0,0.05612060419187707
0,0.030128292089106747
0,0.032442629285944234
0,0.10738923699901634
0,0.08002214387838615
0,0.00936799870564622
0,0.02865853613451694
1,0.8151254804878125
1,0.32887446166786655
1,0.9039400449180662
0,0.022122641085940798
0,0.15786384148639623
0,0.036419000829557235
1,0.8304864587358253
0,0.049796916857160166
0,0.019449979860866915
0,0.027661672929230618
0,0.021398972531086104
1,0.8679125289875954
1,0.9145285401925886
1,0.9338747390369305
0,0.04627924119019759
0,0.030745014607498903
0,0.04406108395702415
0,0.9329402875652993
0,0.5624013624961028
1,0.9807275517691314
0,0.019538850732823337
1,0.6755799098674651
1,0.9112448664883449
0,0.017843595217729772
0,0.02398832766116855
0,0.006454014703627931
0,0.2551942165936215
0,0.6648470008585078
0,0.37544788330021744
1,0.8689340380128531
0,0.12384264918503611
0,0.0573692542455159
1,0.9786910588207175
0,0.010322073902988874
1,0.8733721623114847
0,0.014517009591820399
0,0.00721421613253659
1,0.7607630375196061
0,0.026412607098206708
0,0.032024308020952345
1,0.9122489543858021
1,0.9687335282962186
1,0.8485123048422596
0,0.01441037466068373
0,0.2366955139789695
0,0.012264430711863384
1,0.9793495940226502
1,0.4388874154772852
1,0.9261483464910057
1,0.8905334865959758
1,0.06500290048528293
0,0.03599389889306724
1,0.7053395093984249
0,0.37311324734823464
0,0.01923321217371365
0,0.005526975411178409
1,0.9331277662673956
0,0.020217495572125193
0,0.17856355054179532
1,0.855144769530123
0,0.4802252712338943
0,0.016039054095996395
0,0.014211061715061805
1,0.5157355142835527
1,0.26962666222969944
0,0.5334138098046637
1,0.9614916788314719
1,0.5298523517356187
0,0.16737380493351892
1,0.9575006403180932
0,0.033020419116804936
1,0.7496060311803896
1,0.6652092500251908
0,0.05379261945646301
0,0.005005660288394599
1,0.3379606109751715
0,0.03737582401254801
0,0.26038293338266794
1,0.9543349250204655
0,0.6690998775422069
0,0.007734537651790595
0,0.008363680609486883
0,0.047037085326873784
0,0.025631468344860193
0,0.019542055599946692
1,0.9796271378733808
1,0.9382369660656761
0,0.015263200600662646
0,0.13568498336586846
0,0.13279310483993412
0,0.1109711977904228
1,0.9138235964181662
0,0.01439071447783614
1,0.950468227958302
1,0.9765097044952972
0,0.025717616223699828
0,0.02311801623423784
0,0.01806431702919941
0,0.03468687737714206
0,0.06241393803395118
0,0.039053423736819595
0,0.014422037941670577
0,0.01968807380121512
1,0.9686870722748788
1,0.6847181597306203
0,0.10979100408206108
0,0.07858508265028748
0,0.12270306288150537
0,0.032115387747313234
0,0.02987826314158798
1,0.9540507778769822
1,0.9950330205140084
1,0.8349457858776531
0,0.1970194799581643
0,0.06370895268489538
0,0.018620935805148876
0,0.04572635607006545
0,0.09433407167024287
0,0.03737003139050355
0,0.09114503432205288
0,0.017852769945890315
0,0.04292413647087997
0,0.4218989951439582
0,0.025723801884165537
1,0.96836672605268
1,0.7153362348897376
0,0.008155224009131122
0,0.03820127973748195
1,0.8028000517977995
1,0.06986646484203153
0,0.4928042957095838
1,0.8113973537274252
0,0.16177946914465882
0,0.023982404757425104
1,0.9327039771612761
1,0.12177577986565304
0,0.16679373244717155
0,0.02213382549363709
1,0.83146736328782
1,0.6788787833394897
0,0.39372917901154925
1,0.43518732004436067
0,0.039118003689570385
1,0.4199518450004702
0,0.059839701717708006
0,0.014608125040898715
0,0.008887546934213389
0,0.017232911055539667
0,0.06191327836777842
0,0.08795768106163618
0,0.008710454098487593
1,0.7862588456447573
1,0.5952625169962354
0,0.668029675416512
0,0.033923538487077444
1,0.19914781644449694
1,0.9073342198891569
1,0.8628143037230327
0,0.006658739028457139
0,0.042478983150456034
0,0.020837740279332485
0,0.016524312042058766
1,0.28459091593825664
1,0.7177607636469772
1,0.04936663352765826
1,0.6953728310094068
0,0.02171376767932925
0,0.2998315918749924
0,0.013310781377899107
1,0.6284634998398392
0,0.035610340197019266
0,0.004796897556500518
0,0.942257969134299
0,0.012537571667087473
0,0.008754885606988817
0,0.026164915019240283
1,0.8728597685985586
1,0.571705825671327
0,0.024012862891401837
0,0.3873499862981666
0,0.015708274845713282
0,0.007233774875408047
1,0.7652576448189867
0,0.09283234960828796
0,0.06158433653679721
0,0.008717976907438219
0,0.015796863527731
0,0.5007421306445369
0,0.018585834256164974
1,0.9235705361835903
0,0.007331867518283766
0,0.007541097082783067
1,0.7696697732858645
1,0.04283485592000687
0,0.04449708806235049
1,0.7094639080977175
1,0.8770054553866402
0,0.04746242351447624
0,0.038415990224493914
1,0.17572884433470815
0,0.07614981830941088
1,0.8216757526662904
0,0.7019511659115758
1,0.9201276261452491
1,0.4134779903588068
0,0.013571954995316908
0,0.042685270257937974
1,0.8038787937456704
1,0.9494345291222573
0,0.26451073631245936
0,0.03668963987347391
0,0.49332704682277484
1,0.9623198998535656
0,0.0653106104285947
0,0.024978660523969954
0,0.04370612636272458
1,0.4306801742403554
0,0.03554734136989564
0,0.06365394340625462
0,0.7843411454804596
0,0.06150553160084062
0,0.15690320266184757
0,0.0186483565491925
0,0.05261369249367259
0,0.5351141660639671
0,0.09492457931557274
0,0.06956886363793859
1,0.9126836322073939
1,0.6421056207972989
0,0.020320639925565355
0,0.007153396437674662
0,0.025527210682023925
1,0.6210440670871382
1,0.9579011184683837
0,0.020928198189498978
0,0.10465955578890891
1,0.7539574050304564
0,0.12026370166450306
0,0.12230758013909067
0,0.009910961286117443
0,0.04143959176275414
1,0.012747116801235026
0,0.01564719046615901
0,0.02378924678340699
0,0.02680587697566375
1,0.0372675347912626
0,0.04323946761978044
0,0.026701602927930387
0,0.041704969535301416
1,0.7396109578325183
0,0.03898916114911155
1,0.9743067923938559
0,0.006894720055849242
0,0.005357141645678632
0,0.03161100474770281
0,0.02115331211879869
0,0.004681017524600692
0,0.0952601642896725
0,0.025538033174159615
0,0.031090401196476793
1,0.8750741045091476
0,0.015084370971849777
0,0.02579856989314373
0,0.27431082135391827
0,0.07056034890164406
1,0.6941778895422167
1,0.5383356297098651
0,0.003572892613643147
1,0.9629191690366434
0,0.14822237974168473
1,0.3753618238724114
0,0.1532840400305693
0,0.07972549660699665
0,0.05776531246021512
0,0.07757054885618078
1,0.23122562439492017
0,0.0107329753847128
0,0.01747828573331797
1,0.3659877691369543
1,0.9390709039539531
0,0.023498690626415002
1,0.0394594322721864
0,0.015474741521431011
1,0.801463310735511
0,0.010509214459367835
0,0.03235089456492013
0,0.026919267965438556
1,0.9791506967530337
0,0.0633028038742863
0,0.07824292661055368
1,0.935847550052228
1,0.8999527669894051
0,0.4117595013028581
1,0.9526726165537204
0,0.03462668238057152
0,0.10237012966355044
0,0.01803791418198369
1,0.47885352645919044
1,0.10180494723100045
0,0.010246786820155214
1,0.7690070057716398
0,0.037958804642869506
1,0.971253641965793
1,0.7872352763804824
1,0.8563728981219276
0,0.05063202276291521
0,0.0931539555365802
0,0.058748685928176114
1,0.047601292642301896
0,0.026046146694748296
0,0.7030891115572465
0,0.009368284097966062
0,0.02401952844572968
0,0.034257757423751624
0,0.010900855165719545
0,0.012058485216055775
0,0.0312142133690182
0,0.3170923972746088
0,0.03929330317382198
0,0.05393646270848072
0,0.02004694254165758
0,0.012693345384377988
0,0.006679936801468874
1,0.889821627442569
0,0.049571441814507976
1,0.13710624852068706
0,0.09122996765051722
0,0.06654069186498
0,0.03953155331415169
0,0.010724053630870511
0,0.025210067745962378
1,0.9690271622305927
1,0.35263913752693765
0,0.0461472334645165
0,0.07836226297117603
1,0.8043032107323084
0,0.019662725058429583
0,0.03466688019401015
1,0.895405089202153
0,0.018259324438140396
1,0.3744716545508005
0,0.054244637002792855
0,0.008155358629833305
0,0.03187220083555254
0,0.00769454297570331
0,0.09172790147454392
0,0.34502138798492976
0,0.30038350579646705
0,0.0993451291469133
0,0.06994745258601384
0,0.01219097725910062
1,0.1278849886432516
0,0.10501477585907353
0,0.06291906321030086
0,0.023007543434914086
1,0.9741095149667858
0,0.015265213880802783
0,0.05791467802991956
1,0.032129030182035966
0,0.5849690938060139
0,0.04991313391300671
0,0.02205692233385468
0,0.0778920436642047
0,0.8067917267922854
1,0.8850736071731884
1,0.8809293371554328
1,0.706751746728944
0,0.09662262523871978
0,0.008877876970994283
0,0.10579119079011637
0,0.02444465325604162
1,0.11679511507528825
1,0.860147475484001
1,0.9762225871405665
0,0.051034019361116796
0,0.823412464485753
1,0.4989301766626788
1,0.8939666823952266
1,0.5064170755875891
0,0.34703959822327834
0,0.10636016882017929
0,0.13411507956272056
1,0.8218684666193169
0,0.016188887886247342
0,0.004363543096013018
0,0.7095076261783977
0,0.0630548935054247
0,0.021159171803001038
0,0.011808454555618093
0,0.14588666198531308
0,0.03876330305227562
0,0.07155814971303766
0,0.034272931986014395
0,0.21911873656147246
0,0.007110674412584063
0,0.017338057701354166
0,0.015466394164005633
1,0.8199849899121171
1,0.8969166307200219
0,0.031462775608694184
0,0.012676516408100172
0,0.015269563280771661
0,0.07910648514496867
1,0.9785283648808251
0,0.01744725419572836
0,0.01772073460566509
0,0.019827124850322907
0,0.012513106692814411
1,0.4969911438692441
0,0.034060249297602624
0,0.03717928275606321
0,0.03875482845080426
0,0.036887400259803756
0,0.3150782311392921
0,0.050426207682847196
0,0.8685501998578439
0,0.6788284283618388
0,0.20854977243303505
0,0.04054060633755109
0,0.02569069232957458
0,0.004277716073656552
1,0.9755326051483322
1,0.6939626986333971
1,0.8315851395224638
0,0.9414693212722142
0,0.0244025354754873
0,0.01463654351041985
0,0.38528702328079506
0,0.06735720716742528
1,0.06866061839656762
0,0.03599027208474719
0,0.05801672669227851
0,0.10317053838689161
1,0.35408128584315696
0,0.0920142481066275
1,0.9754562552744874
0,0.6803144485860209
1,0.9155309097440846
0,0.03234300015717745
0,0.027054385340575977
0,0.03133240282215443
1,0.983727842067079
0,0.018937356242635442
1,0.6262682782603173
0,0.050885552787250064
0,0.0417921492489703
0,0.016311785522437304
1,0.5448931474427439
0,0.007061932285283924
0,0.4758800119817838
0,0.013003155393134966
1,0.7766539510995422
0,0.012929883319202447
0,0.01895319323220027
0,0.2523100643946817
0,0.09885052574650706
1,0.4629709218212758
0,0.06821686670036785
1,0.6966818224090897
0,0.01586443506335719
1,0.6680978190853261
0,0.9088133591166023
0,0.006533423752239001
1,0.9767654656250147
1,0.7909074425941184
0,0.04662030383469465
1,0.6926718850183722
1,0.7710256347154526
0,0.03958300188361945
0,0.021939483718433087
0,0.07969191458773911
0,0.16324456338573487
1,0.9369243712547275
1,0.23894793538405368
1,0.9744631309325621
0,0.009970055258702384
0,0.08420554447738365
0,0.48537418521660847
1,0.7761378382343797
0,0.021412792698789467
0,0.014364367147269193
0,0.017693479436253354
0,0.09670729901116344
0,0.07494270700426538
0,0.037508821800707234
0,0.012001131607706663
1,0.543840180405407
0,0.015370127649839768
1,0.3948520268788111
1,0.9612482412169174
0,0.014152320246504695
1,0.977691778932913
0,0.026100532377998628
0,0.03180774582128702
0,0.03855877507199166
0,0.026741693894208763
1,0.9605072991972382
0,0.5755388919225407
1,0.5626073549268668
0,0.059790103909729435
1,0.09991976124136057
1,0.7238469726771245
0,0.7535260626710814
0,0.015253668591173636
0,0.02633725305697671
0,0.013680724100437516
0,0.06289776135703656
0,0.012016724400580128
0,0.007349203650071743
0,0.03095022638215636
0,0.0802782381894515
0,0.048309835602471825
0,0.009112938187627853
1,0.9660843406831882
0,0.7464422644013744
0,0.060186009865018174
0,0.7921288015220886
0,0.014216496725135417
0,0.05780515880765673
0,0.4001903359625265
0,0.05050083567000541
1,0.9652258994278987
0,0.006177494247285058
0,0.07749076735043871
0,0.034335239632104005
1,0.920116774264482
0,0.007268699086809847
0,0.1757119221995013
0,0.018144673543752775
0,0.02142144623157227
0,0.05313394772505875
1,0.8591020657468396
1,0.93201556447967
0,0.00970177949866791
0,0.4600345864400226
0,0.04255894581372621
0,0.07345814555635471
1,0.3885671032257152
0,0.01304628963888141
0,0.023710134278271372
0,0.03918860678815479
1,0.5023284288499134
0,0.058522040071723125
0,0.03976150561721004
0,0.06476552077851759
1,0.9616595382154975
0,0.05828905037270338
0,0.42107264169217884
0,0.9024021238514432
0,0.13671740910248695
1,0.9810105151267915
0,0.03891402953365117
1,0.8131945008417601
1,0.9479228063095662
0,0.03223614862488219
0,0.013364334088478355
0,0.2141410658471405
0,0.017222918865704043
1,0.9701012722741214
0,0.010914829134733888
0,0.08389191867733521
0,0.013716001690388549
1,0.9793196593937361
0,0.05686657792105263
0,0.014841516201806718
0,0.2362282908427096
0,0.03941792333723063
1,0.5009927403467943
1,0.5073221689300162
0,0.012355218894539855
1,0.976679783005723
0,0.00964835087803423
0,0.39206326298690936
0,0.03205549924165162
0,0.5954272651333764
1,0.919437478416143
0,0.023069600313935016
0,0.020191654305422902
0,0.8485520623689897
0,0.8843385448570092
0,0.2896195545431909
0,0.020938156805329563
0,0.06897159986172194
0,0.03002615996446264
0,0.05245021657588609
0,0.028776776612998513
0,0.22890860132851618
1,0.8262146125222803
1,0.29576238394618753
1,0.3951463094155717
0,0.05555463680040602
0,0.17862275996892144
0,0.24398821867389003
0,0.016669364365282976
0,0.5511466591133827
0,0.03453400553312107
1,0.9509584107901279
0,0.13049830414874994
0,0.7226381560214882
1,0.1874401966732377
1,0.5548164763073232
0,0.009265059023242133
1,0.7358728230392749
0,0.010730626519683727
0,0.26796158369584344
0,0.019367008769374142
0,0.8200522127020873
0,0.14447803205244644
0,0.01794902701620384
0,0.060467650252497965
0,0.4074788968848502
0,0.020100990680700252
1,0.8442624699833262
0,0.01660974243728785
0,0.019992809011213145
1,0.40192407098748967
0,0.07593837846762454
1,0.8377357822135084
0,0.010760298576969765
1,0.2435160978125803
0,0.09167823657741735
0,0.036741498870788876
0,0.015287575059956683
0,0.02850345054857816
0,0.07587739291131032
0,0.018180048200475418
1,0.94872995860489
1,0.9775199162754903
1,0.10362429657269086
0,0.3855450461098516
1,0.6336176286536692
0,0.05382421961495625
1,0.8605294830974767
0,0.026790710143698
1,0.4789242436638329
0,0.08363381663181817
1,0.9209084418475307
1,0.9578425061479064
0,0.8453397039048403
1,0.9875228836006387
0,0.029082161923316842
0,0.05924485059562497
1,0.21811205187334712
0,0.08054430938485371
0,0.024379471303938346
0,0.07008514630824933
0,0.014861762797876531
1,0.6351156871400588
0,0.005488918998141465
0,0.037035929238709665
0,0.04595989618452339
0,0.023352617186676247
1,0.8488107895365588
0,0.061563204731243715
1,0.9808902270009601
1,0.9638392724289024
1,0.1925116262046226
0,0.01922323941072602
1,0.9595407440856015
0,0.012620339484174386
0,0.008064864411435101
1,0.5932495726568668
1,0.9320895580754562
0,0.37048538285068383
0,0.023925670541738674
1,0.8894855691289969
0,0.20940683356158232
0,0.1299087937711762
0,0.19325664544222182
0,0.1120337527484531
0,0.020324985021510686
0,0.12420908456880088
0,0.030078924986950403
1,0.956741654827219
0,0.07190924297672535
1,0.8710690623339439
1,0.9281082292269399
0,0.07288095721695304
1,0.957258790305459
0,0.008343321661776947
0,0.010567480490129247
1,0.9084623280092062
1,0.46467111544426976
1,0.7015174664901067
0,0.09212683226253883
0,0.09672826359680131
0,0.03489798145477716
1,0.29957178184942346
0,0.05183607791642162
0,0.1053636681517301
1,0.9631747531145788
1,0.7199517558395554
1,0.9828734647408633
1,0.9774263367556622
0,0.02362714673446677
0,0.01704024304947104
0,0.08210699431376427
0,0.050796367059071104
0,0.02720776955585781
0,0.025512104103500965
1,0.02828802697630989
1,0.25824137190378493
1,0.8005378343120897
0,0.012625355282434646
0,0.7025726603824098
0,0.043221693219451025
0,0.9855654302127826
1,0.7369716359569476
1,0.7231720051958876
0,0.010587747317899226
0,0.007849870278008262
1,0.686042134186484
0,0.03607185330461778
1,0.9071210335620549
0,0.0054332859416741635
0,0.040294475370983907
1,0.8986148608237857
0,0.1175735474959892
1,0.7667196282325427
0,0.04769710313555811
1,0.5385575274282511
0,0.02323327065523671
1,0.8112704665972945
0,0.036037371095325864
1,0.9349213684221854
0,0.007336726485604655
0,0.19982589224193664
1,0.536745276718374
0,0.24548067708244553
1,0.942099383694883
0,0.046638124156007495
0,0.028158008829818688
0,0.03598742741246671
1,0.0632813935277512
0,0.018873878624141822
0,0.9662312412076467
0,0.11595495391241305
1,0.28242331844270624
1,0.8576977385109112
0,0.046949002379786275
0,0.013067442784978296
0,0.030484690812544814
1,0.9736957595062222
0,0.03603367053133304
0,0.021114035758920797
1,0.9249974514880832
1,0.940475251683887
1,0.07632862671333387
0,0.1040112205550502
1,0.5774128433397211
0,0.012199992546722127
1,0.7570416686259105
1,0.0593938429530559
1,0.71656695164337
0,0.04270922589629697
1,0.9785449962692817
0,0.0398451713501743
0,0.07085045214645545
0,0.018705567978091635
0,0.007113845646390255
0,0.0693443520829344
0,0.5912698765228369
0,0.03461837673579172
0,0.015041773962562845
0,0.06073206812459484
0,0.010699515081652199
0,0.022920895446960812
1,0.990795053452758
0,0.06349028328172425
0,0.0865921090126642
1,0.8692548946997843
0,0.029167000862714888
0,0.05485811188161341
0,0.017643654326742895
0,0.028374547914979665
0,0.07712663116789292
0,0.013757597708251664
1,0.020123382396996292
0,0.0412370937445171
1,0.8179109525075385
0,0.023856975595145397
0,0.0394068657768315
1,0.762813599131972
0,0.009284342022705155
1,0.6794134025625833
0,0.021822926801999896
1,0.8796774059139112
1,0.9509960090531582
0,0.08717073808097568
1,0.9530625107578193
0,0.027649937751272596
0,0.03789169703873474
1,0.7585894614175441
0,0.018073604428353165
0,0.21369461317936145
0,0.06521929014719327
0,0.10308298891274809
1,0.9921394448453439
0,0.042651202166147414
0,0.017159284370154886
0,0.16146979690138463
0,0.01364154975476682
1,0.323668524138781
1,0.8665701498029621
0,0.15161262148127286
0,0.0698691315138339
1,0.9302225389149037
0,0.008470595808935392
0,0.023805262271794383
1,0.7286485519655147
0,0.028729256713241932
1,0.7286567470175143
1,0.3021591283900551
0,0.04990925278013346
0,0.5038268872620474
0,0.09793116249569096
1,0.9776297834316398
1,0.6507683953324287
0,0.43398042589137326
0,0.0365321632605233
0,0.059340024549595055
1,0.9685562251685244
0,0.014579208585030454
0,0.019651651377653016
0,0.01652195702480848
0,0.1030100596967229
1,0.793211720713107
0,0.00782896571779365
0,0.1965305920100319
1,0.9898999544603463
0,0.03266116969124883
0,0.011841353752524559
0,0.01566004196807237
1,0.5296153016926208
0,0.1419572703151089
1,0.9367786400272544
0,0.030627090593707478
0,0.03416060705692143
1,0.9947493720596478
1,0.04601336992294763
0,0.01310376501827676
0,0.026356089418134655
0,0.0313822448524512
1,0.9590923409476961
1,0.9106349213580222
1,0.2555239345478938
1,0.08418385855197962
1,0.8993728821246503
1,0.2541581051519447
0,0.19797478954356718
1,0.9431837804940815
0,0.05415480162349376
1,0.5111541066979844
0,0.17665592449465817
1,0.8030289392563106
0,0.07440961281971085
0,0.058273125554129473
1,0.5916003895532383
1,0.8335699800752082
1,0.29165104546339016
0,0.3925850992306549
0,0.027879135844454606
1,0.9419452504168884
0,0.3566892093098968
0,0.027382556133153158
0,0.05066123818293992
0,0.03143169075876103
0,0.1549906063429423
0,0.14000459002035365
1,0.8957178588500145
0,0.011501456884793752
0,0.07801354026566008
1,0.9421876841119305
0,0.005175276649931236
0,0.039378948999376
0,0.0593422072435668
0,0.03918533177961329
1,0.04824274939363533
0,0.7247978762592322
0,0.023954988769777207
0,0.012715407858029746
0,0.016739189250943486
0,0.012563487095919925
1,0.3640741631850946
0,0.044185925504066234
1,0.9444449632866962
1,0.8035362214607568
0,0.0028669381455911
0,0.028239018224844297
0,0.8289219179050095
0,0.019055060735034903
0,0.008820438529059971
1,0.7965065004322015
0,0.026926753420864095
0,0.0442510737476352
0,0.059782051199798694
1,0.8277688327611216
1,0.9857167196062537
1,0.9819810929186586
1,0.723524968356336
0,0.01128811071260207
0,0.0523065649577011
0,0.013227055017665626
0,0.03156202932216738
1,0.6916490121846454
0,0.023249898969083405
0,0.016427465859952063
0,0.01112588733986428
1,0.028211965401202174
0,0.007875207734017828
0,0.04627254000517766
1,0.6845496699355289
0,0.05952557773017637
0,0.028762873600682633
1,0.20423712994197055
0,0.04600631047714518
0,0.2104428546031962
1,0.3512591697631164
1,0.9797146063656935
1,0.8193055671118327
0,0.02194850608521805
0,0.020230646726243848
0,0.24616241809969366
0,0.511431321148503
1,0.9728433820863591
0,0.2441760580356032
0,0.042043120462940224
0,0.023672484444853557
0,0.02585012132006929
0,0.24619402831576176
0,0.44389258744647975
0,0.11489657167410143
0,0.04655527715650611
0,0.019434772904577065
0,0.0536814939076738
0,0.17061970591998488
0,0.08428494448634798
0,0.016088363095394142
1,0.8311877017530054
0,0.01603123435015435
1,0.0683653426524372
0,0.029365869385277382
0,0.04512555948000187
0,0.5737427417222715
1,0.9636759477765937
0,0.01881085090039948
1,0.8695288025241675
0,0.04538129703384149
1,0.9693783629289013
0,0.013540053740290613
0,0.016039125116109575
0,0.02444866050828806
0,0.027815181844276296
0,0.059676340069323645
0,0.6659862506180204
0,0.4057426206352923
0,0.024017391192475243
0,0.35622209044821884
1,0.861769031022456
0,0.04123815012012767
0,0.023933283440917268
1,0.7169573278847221
1,0.9293072141155636
0,0.023845520880389024
0,0.0828949237521818
1,0.687819989936087
0,0.15021418866020092
0,0.018859992181708928
0,0.3098347722430116
0,0.11741451481626876
0,0.07248606899527014
0,0.028435229088539883
0,0.036689118490046975
0,0.022441533364772257
0,0.03743506707155925
0,0.08239193805897911
0,0.014146212246598108
0,0.704133703175439
0,0.006537081321878469
1,0.18937971076045795
0,0.004033024389863198
0,0.01840075795012308
0,0.014236415499870318
0,0.02640892213876004
0,0.5974394733874007
1,0.09237013207037487
1,0.9858339726896246
0,0.10577773859593138
0,0.010303192693001725
0,0.09634027631354536
1,0.9715478082349702
0,0.09770874182158838
0,0.07190819245893286
1,0.7861085552092447
0,0.10373128817878173
0,0.06247305336418733
0,0.01821721585745828
0,0.08408804692078728
1,0.9365626677057883
0,0.05317931604585232
1,0.9382575501844841
1,0.5206400094455885
0,0.2246921334615643
0,0.024745708146911183
0,0.1672056697764636
0,0.6977854895117539
0,0.06435773684598088
1,0.9909707195839894
0,0.07098417924920966
1,0.491568921078361
0,0.011079971302080242
1,0.9428234149495278
0,0.053720975366046905
0,0.0196408600305018
1,0.977733987273338
0,0.019200075918599083
0,0.004051749814665236
0,0.024851484432711044
0,0.07348843815040902
0,0.08752307467122336
0,0.02088754449841171
0,0.003281324349458243
0,0.01732457328502108
1,0.6906343594124351
0,0.0279946493921752
0,0.021158973580184818
0,0.048789145861002976
0,0.07829329468745211
1,0.9540467525662351
1,0.49686953792770866
0,0.019673831826500586
1,0.9625782315947318
1,0.7714802322953127
1,0.8900078122681094
1,0.07674196513041825
0,0.2590568824857476
1,0.7374011751706021
1,0.8959821679656648
0,0.04006932290160795
0,0.021692049994344157
0,0.03791101099411071
0,0.1641256884908281
0,0.02918005039044677
1,0.9706464386060418
1,0.623918628549005
0,0.02129365567660131
0,0.22863376275734787
0,0.02555353614383071
1,0.7068801358826026
0,0.7635203276253189
0,0.02079464807398868
0,0.024465973931745533
0,0.5362744062510288
0,0.1841922421888665
0,0.01747081262212251
0,0.0074663856071469905
0,0.029115747534769375
0,0.055730149592759015
0,0.0228604106027906
0,0.13833017942703266
0,0.024537757122009264
1,0.5790400120910033
0,0.03831112026178902
0,0.7451618549885702
1,0.6793411648471249
0,0.04076104547779546
0,0.8225058565987796
0,0.07770257455722512
0,0.16622799929453222
1,0.07689977793464899
0,0.0413139587131353
0,0.37103353049732024
1,0.9228786274836325
1,0.948050148203998
1,0.18264726221677488
1,0.8094281966246913
0,0.02609915518242755
0,0.04130496473316295
1,0.9237643379254787
0,0.0126324171646685
0,0.14380483976769537
0,0.08019807693766823
0,0.09280875461914398
1,0.5576182842549349
0,0.029630648512278014
0,0.07219804820775995
1,0.8338513507220425
0,0.05162701684012829
0,0.051269341833703644
1,0.9101702570009572
0,0.7845809543213866
0,0.04007059431941632
1,0.9250479616762373
0,0.588212939936728
0,0.015713189809926184
1,0.5216243431893752
0,0.1063555372092239
1,0.9744473986411011
1,0.6607738453490326
1,0.9421019920585711
0,0.042105923360524995
0,0.08967091893794032
0,0.011562105276926745
1,0.9586060315439663
0,0.014387796225185446
0,0.039485187282302776
1,0.3404235212038541
0,0.034189609664358
0,0.03547099981203924
0,0.0487001945296554
0,0.034588530811784986
0,0.04730784678089057
0,0.004514555841663987
0,0.12513549645580663
0,0.26767426019943025
0,0.07321063700173563
0,0.016980391150840622
1,0.8961574314523993
0,0.04307535825685143
1,0.7842258586801639
0,0.018310844854338364
1,0.23460680081485957
0,0.03584497865142887
0,0.02495337145425405
1,0.7085835585253293
0,0.019207290976497277
1,0.5811034165223521
0,0.1367517855852469
1,0.7347470942799538
0,0.09513935197030134
1,0.9338555459559917
0,0.006320970582798173
0,0.06672920396520775
1,0.9608777328361843
1,0.8033067644177854
0,0.7655624213562878
1,0.9944142901806038
0,0.007684523400519283
1,0.16152673081819524
1,0.5847054229310761
0,0.014557725459241246
0,0.43616882398446916
0,0.13683642081403194
1,0.9498355418986111
0,0.01307162763998849
0,0.03725218645611061
1,0.7076889541248744
1,0.9564766818579961
0,0.19364742125406192
0,0.07628240499191677
0,0.043026524548725395
0,0.00821087685856595
0,0.035351962155269784
1,0.8400203375871363
1,0.9546306690317309
1,0.9368691691895735
0,0.010572758770645204
1,0.5139728820514686
1,0.21052352847253286
0,0.060364817073889555
0,0.01825903384290753
0,0.5332949735617393
0,0.1138037326459501
1,0.7861156910938484
0,0.11310899742595797
0,0.04323380249843381
1,0.9749467409081175
0,0.7025167774911573
1,0.7583348553807993
1,0.6867302086985773
1,0.9748714509751141
0,0.0037305745287436413
1,0.5153132345489893
0,0.013277528060640588
1,0.9767935538386116
0,0.0256707867923165
0,0.038478133991668384
0,0.10588190781531306
1,0.4386947770312126
0,0.1657727712461199
0,0.8151254804878125
0,0.014046641801706547
0,0.6331682292053109
0,0.38869113805938355
0,0.024063213232558008
0,0.21294581651487116
0,0.021116091212559
1,0.07370592396143244
0,0.05004944826196975
0,0.3310922622631104
0,0.016290562191512436
0,0.08840003845719818
0,0.07216855913621847
1,0.6471656982590637
0,0.051488948580036505
1,0.0752581810632606
0,0.337702250882704
0,0.026954210430609752
0,0.037157412291690284
1,0.8367523006919226
0,0.02786984090360796
0,0.02836157876245048
1,0.7759427419058649
0,0.022745545227491292
0,0.1342091992458656
1,0.8287142391408371
0,0.006089654703615345
0,0.03145350472887648
1,0.8191804463170645
1,0.8774148657532743
0,0.020839946846312518
0,0.02685767176011167
0,0.765724107484903
1,0.9515667926921981
0,0.24752862872869094
1,0.4179776199533828
0,0.5125968835978264
1,0.929472605173069
0,0.0427120150682367
0,0.017451579798181183
0,0.08650929754926259
0,0.056772830227004356
0,0.01421531220103833
0,0.5351141660639671
1,0.37789916707665794
0,0.0725304683579662
1,0.27253163592913077
1,0.9582644997728635
1,0.9685266298762062
1,0.9221719457188171
0,0.024226530513140596
0,0.01570681467326429
0,0.01922860483496447
1,0.877191585586543
1,0.8788891287396609
0,0.2425627432962983
1,0.47447993244123926
1,0.32276541918221757
1,0.9141454031980807
0,0.07243851061928662
0,0.05594572168812367
0,0.04413224182125759
0,0.14795111314541112
1,0.9550874612234872
1,0.969927198399574
0,0.010232051731975816
0,0.2692852006793413
0,0.01346025080164887
0,0.025452666017829632
0,0.02335925353855215
1,0.8572593571833168
0,0.017973878293405077
0,0.019109681048385334
1,0.12710034865779316
0,0.08435169570391057
1,0.930640488581782
0,0.016321442058204932
0,0.09493433071754481
0,0.03238740632880347
0,0.022313192712946676
0,0.0158641956355357
0,0.03210683254655187
1,0.11961893138758262
1,0.9634869982512939
0,0.06551067898570412
1,0.97569790927113
0,0.029148195040095973
0,0.08064774547752399
0,0.13376907242672026
0,0.05739123198038175
0,0.05112878339782606
0,0.06694480162742432
0,0.17143289057975794
0,0.04081736502051419
1,0.978976839589024
0,0.05362051755544532
1,0.7520970455032541
0,0.6430063313570649
0,0.20609851386602968
0,0.011270789845345566
1,0.9664887585289811
1,0.6389051550101792
0,0.19277330621241656
0,0.4423190968792552
0,0.05035053536074814
1,0.8166813757377108
0,0.02724013007401526
0,0.013558474653304882
0,0.020999823868624187
0,0.31738474169044123
1,0.1678329148635653
0,0.06557580042853825
0,0.9882228849709033
0,0.11366184069956149
0,0.48902017624477284
0,0.009398850452021865
1,0.9321368079860304
0,0.09744021892619108
1,0.6842626387581325
1,0.9685486650898013
0,0.01642993087006685
0,0.025395734516932906
1,0.8531608567336901
1,0.8726104812862681
0,0.014519676915860284
0,0.0173327584535433
0,0.07259095071516034
0,0.028622407404935126
0,0.03856736593446998
1,0.8906471043204525
0,0.06321979617703281
0,0.03314599493078971
0,0.030989273617836547
1,0.9058909313696427
0,0.15539467764319673
0,0.05391988316152751
1,0.7964805468560416
0,0.03054467856251276
0,0.03222255763098893
1,0.7139836607019061
0,0.03816707520580252
1,0.812072473248546
0,0.05723738637819962
0,0.020100992398846874
0,0.05827273658811475
1,0.8548415494474285
0,0.018999152489362993
0,0.03279927208762316
0,0.026722489995168054
0,0.18738293661934785
1,0.9808380206693925
0,0.029131743399583094
1,0.3688706922475009
0,0.46003707271062244
0,0.4238881365397559
0,0.007406109828388289
0,0.04022440465575572
0,0.02533742778030783
0,0.14069453810279267
0,0.009417440851246262
0,0.024965438796730986
1,0.8490839796270077
1,0.5902300085424848
0,0.05310732825897034
0,0.08353947274053897
0,0.014789874500985324
1,0.5803420715520723
1,0.9558344261098378
0,0.02092063447807088
0,0.7578363236474689
0,0.015199677196063091
1,0.2625597348647489
1,0.6708103622230123
0,0.821983913561165
1,0.9354920331896801
0,0.014493562236547427
1,0.600271865476987
0,0.006736611185608019
0,0.024163031273346788
0,0.030016795026842805
0,0.8720301324940402
1,0.09007730212578344
0,0.2929455524157611
1,0.9006751590511931
0,0.12297515177843685
0,0.11362169326399311
0,0.022456308301830204
1,0.5278167490426626
0,0.026199898362099346
0,0.38411721127260356
1,0.1483314421232154
0,0.09113527347461947
0,0.011380299401198788
1,0.9326076278737261
0,0.0852898256107768
0,0.15275855902839958
0,0.12359442586332314
0,0.010711452265868338
0,0.24381809182774533
0,0.06444212147809539
0,0.02402413618081987
1,0.23554669988129573
1,0.7810580896479314
0,0.8486584045453156
1,0.9405885814269325
0,0.05239691225489895
0,0.09914094143398891
0,0.24864797214506676
0,0.101314565026241
1,0.7632892446876738
0,0.03295972590455284
0,0.03153922458517343
0,0.03503875908990811
0,0.10907421179098754
1,0.9799014419556552
0,0.011423215697040648
0,0.07686527059530614
0,0.0160119946499686
0,0.10750681663063524
0,0.010058231684010759
0,0.793069223101503
0,0.01139866658430852
1,0.9751638355073576
0,0.004554266116558508
0,0.040692124157812926
0,0.01122934021572137
0,0.21686086784193995
0,0.10569547789266319
0,0.2613573965282446
0,0.8910536102632047
0,0.025161272937879064
1,0.9385409556622276
0,0.06937292220438956
1,0.8525330872991999
1,0.5275101624465529
1,0.37425741869107865
0,0.023643318107111917
0,0.05914185607774254
0,0.04960182880767751
0,0.031397774438119745
0,0.005850230741573258
0,0.0854087913251807
1,0.558104915997486
0,0.06415803106993605
1,0.303639971668358
0,0.01874871464173396
0,0.025404602175711114
0,0.07110757180797056
0,0.023894426394477582
0,0.04168063822911473
1,0.9026941149261546
0,0.014749457294209138
0,0.048074172938304474
1,0.8909158202681252
1,0.974000386925253
1,0.7716495607129656
0,0.08416604882870374
0,0.1790016907983928
1,0.9327598474878042
1,0.8618785074036649
0,0.05525645765849292
1,0.4646475150824315
0,0.021501733471789096
1,0.985223158624913
0,0.0387758591521908
0,0.07141974306208917
0,0.35781739036853993
0,0.038372497019631524
1,0.3800075487475018
0,0.1422059463497249
0,0.020973642317936553
0,0.046222221633925954
1,0.9073606439724994
1,0.5870631620452684
1,0.8263698505052762
0,0.0325331519122491
1,0.8209190263505629
0,0.03244650367321278
1,0.49082743307687654
0,0.011268869100688922
0,0.050747484843467784
0,0.00571733222859863
0,0.03994699579227904
0,0.10655407421663776
0,0.03827403629869219
1,0.6499453069457991
0,0.017639907416624644
0,0.007193266995258829
0,0.060918596815994486
0,0.025573900952223706
1,0.962216784306314
0,0.04255193200221615
0,0.026442445049282056
0,0.3376474198241933
0,0.05667157374427526
0,0.43518732004436067
0,0.023977134581120798
0,0.02339071898426702
0,0.8174381504965522
0,0.021744148849613513
1,0.9895586411979962
0,0.023478587231172597
0,0.0975131952873832
1,0.9315915777095723
1,0.7638902567347539
1,0.9271651266706821
1,0.3494031432792943
1,0.6029437447133769
0,0.0789879968808445
0,0.027360100904288462
0,0.00567407621026472
0,0.10562912952809206
1,0.8397791246805605
1,0.08985290335642253
0,0.03411049833399326
0,0.01532236121290546
0,0.02465508373027112
1,0.9831686379179736
0,0.11312315357475769
1,0.9420764656190461
1,0.3461692493066615
0,0.013813439211487649
1,0.9736317971780232
0,0.06925184147585194
0,0.036388401114993134
1,0.9642196643687818
0,0.10901373454839254
0,0.08755027018960893
1,0.4881387083957003
0,0.010646015230300386
0,0.35692364213225153
0,0.06727580892074618
1,0.7394275523919648
0,0.07513137997023363
0,0.03197518253333505
0,0.022949129284273576
0,0.04231740541563153
0,0.5975566449259727
0,0.47588571845842037
1,0.4977013819441179
0,0.18245308386845466
0,0.025948261668302313
0,0.038847115000861444
0,0.020895232956343813
0,0.45243239209179986
0,0.22841420761606418
0,0.20358972796130104
0,0.02603601960303289
0,0.07311711843613297
1,0.30931388874698185
1,0.8239154772163544
0,0.022990259649323982
1,0.862579068756016
0,0.025947357655962042
1,0.8048369150170597
0,0.09544845669912747
1,0.29176532693427515
1,0.8836840667956548
0,0.015024544018441919
0,0.03955221179346791
1,0.33317782432543097
1,0.5109533897391001
1,0.9375448120400691
0,0.01170306774074784
0,0.049910971074428934
0,0.03878394206057026
1,0.9491556173150206
0,0.03696769279930506
1,0.9359108217637737
0,0.05687561242402453
1,0.9613768360272339
1,0.5780505444781812
1,0.8996029853555582
0,0.14953547364787104
1,0.889848672773383
1,0.32394447196816206
1,0.030209120713606482
0,0.04180235211173661
0,0.12350536844246475
1,0.9453031607915207
0,0.014193863455139573
0,0.30978371119611503
1,0.9496859097627928
1,0.6192610668208568
0,0.03754028516964518
0,0.022110222837017236
0,0.7225568766585301
1,0.6884392535183581
1,0.9277159808383159
1,0.8403954073054947
0,0.03743647589643482
0,0.011056012325416597
1,0.960786030672869
0,0.009191542315321278
1,0.7861383165702143
0,0.010071972822999988
0,0.018030376901487104
0,0.014025790617009468
0,0.34699719713566685
0,0.25209090501188564
0,0.08591919412096406
0,0.057193681555569115
1,0.04442852691221025
0,0.7383987929811919
0,0.1103635126310441
0,0.009062312312566066
0,0.05775248583294759
0,0.15985214407185544
1,0.42451702214824816
0,0.03765620434582533
1,0.3696984405851301
0,0.015853766564920137
0,0.03671128575733193
0,0.015113819260223775
0,0.02889447811571873
1,0.030510023324777005
1,0.9506112805869531
0,0.03755655365034533
1,0.9913584429879508
1,0.9622851286282252
0,0.011079102925698046
1,0.7977243840828047
0,0.5529338391164933
0,0.8031689883669554
1,0.1833477817881219
0,0.018667220378716334
0,0.051388236359284446
0,0.6796130427773239
0,0.07083717463199858
0,0.1115073160985124
0,0.5422306830218717
0,0.31094456076837057
0,0.022531348538922098
0,0.14001350967961618
0,0.006201518697428397
1,0.03744080787024264
1,0.980641455298338
0,0.017213810573634913
0,0.013147108444037676
0,0.14818498469286148
0,0.11115895565191368
0,0.02734857752227362
0,0.0338653995869537
1,0.6569238827153367
1,0.12895333604037298
0,0.018153600451586125
0,0.014263983731387533
0,0.034970804057056805
0,0.028991097513874735
1,0.9241613880645526
0,0.04609499127553137
0,0.023076795442564493
1,0.006176490638673297
0,0.025445890970376767
0,0.11451999665588382
0,0.06623550525821621
0,0.10367679936201914
0,0.05886544156285593
0,0.025171337986399738
1,0.0389237813107703
1,0.8836500329832925
0,0.7478426490916906
1,0.7954109565744768
0,0.2373672234230385
0,0.04035512436681311
0,0.06751174160696716
0,0.015582617468303637
1,0.6275734340771894
1,0.9543824970210992
0,0.0217834535890173
0,0.03155404397206483
1,0.015326831744999783
1,0.9497455631524191
0,0.03856418391073445
0,0.02326614267752374
1,0.9268172263251856
0,0.027638922320260925
0,0.09980000559436458
0,0.035210659416142834
0,0.8883336887544989
1,0.8778020416802894
0,0.007518680065663796
0,0.1367590067071868
0,0.1053585257935713
0,0.011678371760088384
0,0.04916796377547091
0,0.0474614097879548
1,0.0308341146148168
1,0.9063714101103166
0,0.03285301366201571
1,0.7482427456435298
0,0.020228498719812686
0,0.03690861134490915
0,0.009399738624811547
1,0.9752636154217307
0,0.020112096513029643
0,0.03600142360127324
0,0.044430072085812684
0,0.05377325813443696
0,0.17540066242412727
1,0.5869780738488177
0,0.02732996928127548
1,0.2473043765738711
0,0.034772108728991245
1,0.9659924760179096
1,0.8048699869717232
1,0.8265296584259968
0,0.030212076464227355
0,0.01979096647588646
0,0.02201658752653597
0,0.14550017894310438
0,0.022013650793035893
0,0.017743015857973905
0,0.044331667910512074
0,0.24408647841389638
1,0.017755046715178323
0,0.024983907453109282
0,0.049127379500944
0,0.18071401133167647
0,0.035273596827440225
1,0.6578880817846141
1,0.9109113128264803
0,0.04113735332792853
0,0.016929221875319294
1,0.8253650079248019
0,0.2305370158770394
0,0.02378284936107942
0,0.05741594334526075
0,0.037675563656482836
0,0.02208590037410784
0,0.005791028734461593
0,0.766955469493726
1,0.6903277100995578
1,0.8679310636963392
0,0.10138692050921948
0,0.05380251340532157
1,0.7060715510143325
0,0.07445152322031239
0,0.01178946372448537
0,0.09058241160249503
0,0.010846899630581825
1,0.37971054468949955
0,0.0583450985116819
0,0.05989404067213087
0,0.3136456091388021
1,0.6382086677075756
0,0.028415841882239556
0,0.9333359728205958
1,0.8219418618671974
0,0.048803333178271936
0,0.02699172958260975
0,0.02443879893348
0,0.03290252730012769
0,0.00896954599563452
0,0.014015903287222893
0,0.05615461561449251
0,0.0993225398358721
1,0.04216496893198618
0,0.046268840297049266
0,0.009162059076781161
0,0.9124369521828366
1,0.9706003284464466
0,0.004766331322784632
0,0.07104145283104162
1,0.39119704044381975
0,0.03386957488962225
1,0.7326671937477898
1,0.8408038905599284
0,0.02111071174370476
0,0.02834225131402287
1,0.9432026694191251
0,0.017878653001963896
0,0.03155045941213038
1,0.6140156082083654
1,0.08875972143453804
0,0.4181764062811298
0,0.029605933929190868
1,0.9103071077439095
1,0.13074734317842474
0,0.014171997038364748
0,0.00975721705428397
0,0.04589627924886613
0,0.033702995242801057
0,0.11751174174627563
0,0.020791504126859334
0,0.022154946610179204
1,0.9550873482377977
0,0.06376098683975187
1,0.03817444754530828
0,0.44653759508014995
1,0.658642544550855
0,0.5554646302897517
0,0.28005627079017154
0,0.19347899919199382
0,0.01274615075080407
1,0.8588796882294505
0,0.0397124613374715
0,0.5682988494460464
0,0.016581425665337397
0,0.4908994224896295
0,0.5784375287753127
0,0.12289032388899054
1,0.751570434264402
0,0.026599799487141654
0,0.013980501741698279
0,0.035557755201960695
1,0.9610234687620256
1,0.636777016522407
0,0.02261344936557808
1,0.8145954981603012
0,0.013998372515261127
1,0.5833418868458005
0,0.23741853370381777
0,0.013127290488217194
0,0.05093582571043238
0,0.15617150267843133
0,0.020770124561227534
1,0.9639230993893173
0,0.24027887810189896
0,0.006197142242325734
1,0.7392527007409628
1,0.980229488618926
0,0.025036750385104497
0,0.01708390518720133
0,0.026981874694295475
1,0.9759547134640879
0,0.10882117990471724
1,0.14848884318744657
0,0.04704421059858744
1,0.015377010413427258
1,0.5622361213658087
0,0.01492749644114072
0,0.03654714524254434
1,0.8514459994249652
0,0.018736064615439953
0,0.022936045134975006
1,0.9409308597464967
0,0.07259598930608964
1,0.2605806417538369
0,0.023414399143470505
0,0.027910819390218878
0,0.09827669766906522
1,0.8330249339194705
0,0.025391712166360138
0,0.012015835623758466
0,0.05693108062508643
0,0.11306157654425952
0,0.010757097024143153
0,0.04367116463684001
1,0.8829545438220412
0,0.07025420318152853
0,0.05528264179593145
1,0.9670289222586939
0,0.7602038439146889
0,0.05383215259433192
0,0.3700114566929517
0,0.03469727287367923
0,0.017133593805286843
0,0.04846214077611515
0,0.3742073857182321
0,0.6207570091216709
0,0.023211353086748276
0,0.05527963160583577
0,0.04485406068952602
0,0.47701761606693277
0,0.06893652932188792
1,0.4359020410290114
1,0.5439999669970224
0,0.0390300256563749
1,0.8053184825880123
0,0.00741564933826135
0,0.0262080178040668
1,0.2402332434803662
1,0.9816136552302446
0,0.007498009842414038
0,0.01264495389795808
0,0.01160923633519215
1,0.5097812609683364
0,0.018489671826997706
0,0.01378487750615156
0,0.06821807640929653
0,0.02358048151172264
0,0.026379673564905125
0,0.04404691986739982
0,0.04245220499633165
0,0.9218655093210889
1,0.4274035523404889
0,0.6898697360404235
1,0.8694063965092709
1,0.5573835556614064
0,0.016353979692329546
1,0.9553810209044651
1,0.9393077429109731
0,0.04981219659125323
1,0.08287530458373346
0,0.06755087704296985
1,0.379224775926519
1,0.5069325735443667
0,0.014439381377560232
0,0.06741946438268907
1,0.6887285469612143
1,0.7009438109626507
1,0.9408224125366554
0,0.42633096750385674
0,0.017621078520520573
0,0.043166283127188225
0,0.013617338250058404
0,0.02318013655672309
0,0.01912727254870122
0,0.04097492933942804
1,0.9630168610587464
0,0.04595055916657287
0,0.07002652858479962
0,0.05390679480233909
0,0.6589893858556565
0,0.5780723131013621
1,0.933928153688463
0,0.012534380536821646
0,0.020119326039688808
0,0.052397760064101684
1,0.5872680444044444
0,0.016926138265664248
0,0.03358110584753737
0,0.04500567201986263
0,0.33407541303317956
1,0.5720011579314591
0,0.24721280502055776
1,0.4196167266053837
0,0.020975769237371874
0,0.011183182133561757
0,0.03520780741286792
0,0.006755951584803538
0,0.022949649665473446
0,0.02093435469883116
1,0.9869152899172268
0,0.018115273438705448
0,0.010333284336832234
0,0.03151071970724595
0,0.023536555604889563
0,0.18700063317950086
0,0.19127569517832424
0,0.05504738960761825
1,0.9689428107815788
0,0.11146290341205611
1,0.5943932134612662
0,0.02622514943969746
0,0.005612162379055151
0,0.013381463475604916
0,0.020600728045044578
0,0.0080272877962315
0,0.05884172766286557
0,0.05698075683711004
1,0.8763551186939065
0,0.03638783802125683
1,0.7486901025943187
0,0.015169354879501508
0,0.016283039613067568
0,0.007546059213503606
0,0.17568262835218584
0,0.024914172484447356
0,0.15601004480055775
0,0.5165467159713055
0,0.6876224222871081
0,0.01265347950702843
1,0.8991534560421593
0,0.035452813129383046
0,0.08542677139743397
0,0.018697452729350843
0,0.023951879496508805
0,0.0180439542225935
0,0.011635787412938595
1,0.6680978190853261
0,0.011821570999657654
0,0.8228821835679445
0,0.9289961413475047
0,0.03242566506991559
0,0.10545810901653956
1,0.9826474640713215
1,0.7532586230073632
1,0.23266333205296502
0,0.03977234579302116
0,0.01087937720806771
0,0.022646500857388462
0,0.014514436912307624
0,0.030043380907823346
0,0.04013009024112816
0,0.02436726846238961
0,0.02878360409269301
0,0.11001471070443895
0,0.048800450855409856
0,0.0587260217380636
0,0.06443520344778814
1,0.8621071346074601
0,0.014398091238190533
0,0.13652738364891118
0,0.008881512743876484
0,0.15355205357558296
0,0.06589807052988314
0,0.04413463069338829
0,0.17179704577709679
0,0.03151978931386656
0,0.15431175039187148
0,0.06646530187298946
1,0.08097971682700088
0,0.019880654988525672
0,0.43110264047953095
0,0.08320363650665481
0,0.013591805764385366
0,0.014311256941514236
1,0.9082451236659647
1,0.970626075766073
0,0.012653638689506261
0,0.0415887566676615
0,0.055615400406651146
0,0.010683903604569975
1,0.9490701879126088
0,0.015106441500054638
0,0.34344444567170307
0,0.007892964222480226
0,0.01957044321072906
0,0.0416260461392683
1,0.9416245308851137
0,0.04514623280938886
1,0.2865241958759549
0,0.017418704036516748
1,0.7378221760106205
0,0.032613277393256764
0,0.032208707698811574
0,0.0068679562451767736
0,0.30439538744655464
1,0.9668702884070793
0,0.009349414279752133
0,0.04403441014852065
0,0.058278667740133905
0,0.6457011487054258
0,0.012598113459273348
1,0.8251762279123296
0,0.05160242515734409
1,0.3301001519041693
0,0.5055720592580035
1,0.3956972519986842
0,0.011557991803720184
0,0.08581382367062773
0,0.016627707808413713
0,0.03799113090686543
0,0.01878289896874152
0,0.048031365147883934
0,0.02535503120675266
0,0.014339484879983638
1,0.5562966182815516
0,0.009283402057844236
0,0.018758269702425195
0,0.0491296357657929
0,0.09137417593395442
0,0.018424465124566827
0,0.013154627928433851
0,0.3463058969953229
1,0.0150985344017773
0,0.019006046983579855
0,0.18902211402201463
0,0.909589961027485
0,0.9032574622313321
0,0.05759774988322226
0,0.0194846066797411
0,0.03432077913052975
0,0.020000216489997422
0,0.022832069274694135
1,0.2995574523070158
0,0.06997381509565523
0,0.1377205780229424
0,0.024863668618526676
0,0.01979478037643411
0,0.015216108025917028
0,0.08196175736352432
0,0.05212596256342419
0,0.040663716368914915
0,0.044331667910512074
0,0.02368994410475518
0,0.042704645733858466
0,0.06555421400791854
0,0.049355830133986395
1,0.9296449782293484
0,0.028540002192626587
0,0.03556924873129268
0,0.04848116718338467
1,0.721133406471926
0,0.02419837344487442
1,0.7607833672017306
1,0.8290603464883144
0,0.22778623472738743
1,0.11917926551162675
0,0.1278608984518401
1,0.5581679475439026
0,0.014873630450580358
0,0.045608404901668786
1,0.20351713666071888
0,0.057647068305163876
0,0.06908261425615168
0,0.005921322439182012
0,0.014782431830074636
0,0.05990699880305323
0,0.009200086766968596
0,0.10688938325115074
0,0.03662057841760239
0,0.19316544006759226
0,0.00629729445137328
0,0.014684908904103006
1,0.298576664490853
0,0.028374058676428265
1,0.9394293712154345
0,0.03732826112285281
0,0.48838573818096775
0,0.05453081664178139
1,0.9733365737982778
0,0.932105132024261
1,0.2174389632703951
0,0.2185516422452244
0,0.048491714207693784
0,0.47502425846370605
0,0.02960462171332186
0,0.028384036491247856
0,0.028795625758993436
1,0.3251864870002524
0,0.004519359715581007
0,0.021938160150571918
0,0.011107247173502519
0,0.01740425771591541
0,0.07132860095121239
0,0.3523040357305092
0,0.048036952798191944
0,0.030877696758824853
0,0.03162266135623622
0,0.03004694765976932
1,0.816815583537169
1,0.11289232151088875
