target,prediction
0,0.0912497926213265
0,0.022629075036845525
0,0.06675995243590066
0,0.11316911112408962
1,0.6619394005794456
0,0.0611207646669525
1,0.8718856514227198
0,0.011667692156162446
0,0.2967508068943343
0,0.04028954373445159
0,0.056670804113407525
0,0.011159495766047462
1,0.15215401766712308
0,0.27646978491279894
1,0.8857062625620505
0,0.07551495794995981
0,0.019766371676279666
1,0.24492551218642405
0,0.033987183792126646
0,0.1585099421304056
0,0.09362010397173977
0,0.2983052205259038
0,0.0738688299945334
1,0.6483740557023211
0,0.03400559111892493
0,0.15848622960728317
0,0.01309023756988668
0,0.06774553241698562
0,0.01242713446783776
1,0.8635909023432585
1,0.08774348349837224
1,0.9182474091873519
0,0.0795741614073392
0,0.04544737281749268
0,0.031904716027014744
1,0.9667759296048078
0,0.04753181379706932
0,0.04565610603786637
0,0.12358283903756058
1,0.9826362863609254
1,0.9108096765818307
1,0.8136795236818295
1,0.1429895554237122
0,0.035690465542111145
0,0.02608658335526324
0,0.0399169430340074
0,0.10127946453826749
0,0.11617481693412457
0,0.13478631868019128
0,0.23821344636542785
0,0.09407583374635897
0,0.2550047059643611
0,0.11900438307497592
0,0.07590593367986735
1,0.9394484544716124
0,0.03721694564053501
0,0.3856776585234929
0,0.24935470129587764
0,0.8494683430478674
0,0.0092018855007588
0,0.011885776595831997
0,0.06653998232000218
1,0.9506698602423405
0,0.0705522183845912
1,0.9323106831187106
0,0.33885405032212146
1,0.9641334250720918
0,0.1756886886324442
0,0.03533108821347241
0,0.3421894186590336
1,0.791131282622167
0,0.010797957740923752
0,0.02815585645649079
1,0.4428425844651906
0,0.07640214731889808
0,0.06088300600794139
0,0.02917281975791089
0,0.009423496081853739
0,0.05147693634782383
0,0.028253984762516667
0,0.10086970954817753
0,0.2613711829474603
0,0.08454637699454369
0,0.03704217446117175
0,0.06585094305056131
1,0.9677059649706231
0,0.0019972317896724957
0,0.738664142936499
0,0.02109984912384248
1,0.5050058312735979
1,0.9643697811040348
0,0.6235762746973268
0,0.029206210094677037
0,0.03995919249003759
1,0.7310006949563198
1,0.7850952120626264
1,0.2788478337046865
1,0.8240173940435036
0,0.5454066067606456
0,0.13837829229011092
0,0.02494053186487428
1,0.9826839199058188
0,0.07781089908528414
0,0.03779629053059423
0,0.25570523355384606
0,0.8147732457642539
0,0.01244192404277125
0,0.8788906275734415
1,0.7125550433891106
1,0.3488184455351957
0,0.02417459382926679
0,0.01971768081807957
1,0.9667621963454753
1,0.027949066531743255
1,0.635906043335485
0,0.010202398007941836
0,0.023146244733409715
1,0.04906136293903396
0,0.12287500090893352
1,0.6113389556940164
0,0.0768534213746957
0,0.04960803687414614
0,0.03755848218977974
0,0.016823860574523057
0,0.5212603490963083
0,0.1304809738793566
0,0.026354356880210025
0,0.023744479491309596
0,0.009494923031582182
0,0.23578762759302724
0,0.05405657121706083
1,0.37828168168625653
0,0.03564527508949872
1,0.9633520658247577
1,0.8892603318131926
0,0.12444645845893719
0,0.04245676302109905
0,0.024590813733531145
0,0.007986818054895156
0,0.03271120177620502
0,0.009824346704549567
0,0.05025126791482913
0,0.0483486545296019
0,0.022703101628972742
0,0.029891350433600316
0,0.02385759844716284
1,0.6730605365481904
0,0.6838310766332294
1,0.2664470154897177
1,0.880846758852417
0,0.05541998887586595
0,0.08976805256722212
0,0.12761097117665124
0,0.01710828061871795
0,0.037110518473437326
0,0.047579733559012724
0,0.09820725593996162
0,0.02008614661475102
0,0.060979273136245904
0,0.06436643184073394
1,0.7964884591408204
0,0.349981152556445
1,0.7093208124265353
0,0.40588155466940173
0,0.009003740531244149
1,0.2462060212981588
0,0.06862047679631815
0,0.020508136760760742
0,0.015217849380219462
0,0.01261719163592457
0,0.011722272276987633
0,0.060114881266842585
0,0.11409449992728343
1,0.3770655076541835
0,0.29688440330224075
0,0.023071828245174328
1,0.8402053366859246
0,0.028248335669915147
1,0.4191904310221846
0,0.0054420077493607865
0,0.036015284079638964
0,0.0349758954369011
0,0.14023362442775222
1,0.5415946009329066
1,0.9605551694268257
0,0.049131493577176465
0,0.015579954685036965
0,0.008215480117307387
0,0.04940603489499469
0,0.06918027406039998
0,0.020986566780760895
0,0.02199052279530082
0,0.3979801920821627
0,0.025616479387954534
1,0.8241641835437066
0,0.06759067081907438
1,0.9694866581499584
0,0.01568810346727451
0,0.01263826081029102
1,0.5187233064855256
0,0.09329429954084438
1,0.9036874695470032
0,0.02216237811934331
1,0.9219392003264847
0,0.1175553256337009
0,0.04763048432591573
0,0.11817242510212013
1,0.8133857230058534
1,0.924944055071579
0,0.02576307708246999
0,0.061355783349655246
1,0.8295412164926018
0,0.12506558715941712
0,0.07049306100525206
0,0.008274619513333374
0,0.00757042365793519
0,0.02353057157635895
1,0.2566049784968295
0,0.14553568041635476
1,0.5939439280910179
0,0.23569006539654078
1,0.8620244166332526
0,0.021786646935885917
0,0.06693078716664272
0,0.665431741577935
0,0.06033059665691767
0,0.06067913398765349
0,0.019983944859569665
0,0.030447675714303662
0,0.28989939386482766
0,0.06125204802257321
0,0.08594147901588431
0,0.6609394337245267
0,0.015442252220782453
1,0.9619354722582089
0,0.02568040882467668
1,0.9446108093931068
0,0.3638778872857657
0,0.016641266135723816
0,0.018148621534020967
0,0.013562168949691845
1,0.27085592184544877
1,0.9632658211984967
1,0.9378641695420477
0,0.03158362075101616
0,0.5631883112564121
0,0.03122339704668656
0,0.022420256428561422
0,0.024825144977445156
0,0.014903252270271977
0,0.03366149179113183
0,0.0018956725854599092
1,0.7288340643290627
0,0.002671723548054947
0,0.013748305936407567
0,0.016656193842601818
0,0.015245460572457958
0,0.15432263517825429
0,0.014118856507010148
0,0.1826711842605536
0,0.042991024917443756
1,0.9287678451598271
0,0.03547354536794034
0,0.10584631360412618
0,0.10089304918763245
0,0.04946156138175759
0,0.46812502517486854
0,0.01899869298443322
0,0.05528257888116593
0,0.01573156652684117
1,0.697052573328276
0,0.03130015366629856
1,0.9826813899542354
1,0.9135992203814843
1,0.33399184628050627
1,0.10969549238368598
0,0.09295620723158975
0,0.024469254460816426
0,0.04596882737557888
0,0.012772211295953751
0,0.023952121539931568
0,0.00432753464033861
1,0.9861982769706112
1,0.8691659112516785
0,0.0036220254049925105
0,0.7980278172988854
0,0.054753676860572045
1,0.7956730792653757
0,0.0162218557016475
1,0.38938337765975595
0,0.037471919642573105
1,0.9781073892637409
0,0.006712418153986226
1,0.9429926150453211
0,0.20239011432339357
1,0.6906181320306731
0,0.075376133230366
0,0.06576477634628822
0,0.03707661747191365
1,0.9572472356306237
0,0.1509077523296548
1,0.030778024285942587
0,0.010812011984091615
0,0.03429209635159129
0,0.22006251654252937
0,0.017009114707790013
0,0.005647157223480058
1,0.8923591780171757
1,0.5906819463612878
0,0.0640593565232644
0,0.03146526960741639
0,0.016538077498952378
1,0.9776389174859561
0,0.030401149785520394
0,0.03612800524402067
1,0.35068532320684725
0,0.014495670514240151
0,0.0666943265682177
1,0.8968242047605062
0,0.034017065300296565
0,0.003690821743981845
1,0.9877681033928812
1,0.9755347435444108
0,0.028146448083016872
1,0.9472588512353491
0,0.0729812746694302
0,0.017412874668018677
0,0.8277445823142109
1,0.8823987643409761
0,0.04664257745107004
0,0.09440187346680011
0,0.032604154840105835
0,0.2178840875978241
0,0.012763134396896794
1,0.8535614153737282
1,0.9901920801222693
0,0.1922197838257404
1,0.43455748972707914
0,0.022896172937137197
1,0.8341428935649118
0,0.14247326440808641
0,0.021539204623441693
1,0.8652260426880191
1,0.8967305767606691
0,0.01939702364010289
0,0.6667180533997688
0,0.05842518262915071
0,0.009245505906479656
0,0.4382776152778492
1,0.893974954924834
0,0.06030541873256258
1,0.5747864632397537
0,0.23773414138381563
0,0.16101035857259816
0,0.08037379757793743
0,0.02217019037236078
1,0.37566130763149447
1,0.8556142169064819
0,0.04140073443281595
1,0.7874140255441245
0,0.01583352558714814
1,0.7957946007152085
1,0.3577257051349194
0,0.08644136774068864
0,0.04007455813452641
0,0.013137010474308406
0,0.028541056846640815
0,0.04488528107258366
0,0.023601852715695714
0,0.02418324050949419
0,0.3452302276540932
1,0.9279384598132936
0,0.07890842524135797
0,0.008911566094495081
0,0.17508952166706618
0,0.04550339940981285
0,0.035174204849586464
0,0.056805231448356794
0,0.8094187022536156
0,0.16862833990158047
1,0.8331913191800318
1,0.9636930097433112
0,0.05746763596446773
0,0.06936209474056824
0,0.41657577591727835
0,0.06409878085565794
0,0.11972383579018794
0,0.04895541775205663
1,0.7523805395171974
1,0.9231011361035921
0,0.1319671942000974
1,0.10777195172903861
1,0.9612107169591898
0,0.5025034080898946
0,0.20256184453354317
0,0.02260373867305894
0,0.032652368737621465
0,0.012158300058867533
0,0.005139469719278218
1,0.4111096360847701
1,0.5801518403206579
0,0.18578162692562053
0,0.010337989599484596
0,0.009764284288110985
1,0.8094474341436162
1,0.912800480365253
0,0.03777928916170957
0,0.2208595893145402
1,0.8010608229377503
0,0.006104620658179446
0,0.006219524836910086
0,0.005541589654770972
0,0.10190220813199129
0,0.004001670786799537
0,0.016219803475311954
1,0.47517497965829497
0,0.8361226856839177
0,0.15809681044884547
1,0.9819851022744032
0,0.060823254980682265
0,0.09671008739255264
0,0.00959783591592175
0,0.5640619278938329
0,0.07626629307414969
1,0.906492363498165
0,0.09827177270617118
1,0.8025359211741573
0,0.06818977974427022
0,0.11177744714649802
0,0.13940999825736353
0,0.0468498668518526
0,0.02947705527611972
0,0.016372991217159155
1,0.9803799557475138
0,0.125003816597977
0,0.07832588692834937
0,0.026946786576587396
0,0.10004690476462955
1,0.8149239693852297
1,0.6255922082307327
0,0.05197236731280355
1,0.8516547302336415
1,0.7856968808331575
0,0.015484310668159069
1,0.8346888157297734
0,0.42934630698321435
0,0.07110555076646737
0,0.8908568292843583
0,0.034532478530475606
0,0.012948656741476909
0,0.008446043475379056
0,0.017865928178455923
0,0.0351577131213394
1,0.989498723520625
0,0.03096692269893625
0,0.019527299682077597
1,0.20664977627696554
1,0.9558433227593099
1,0.5912898177609092
0,0.21984267625507614
1,0.3653266579767242
0,0.011441891461730018
1,0.9036986954673937
0,0.03753907574624308
1,0.8929847719491547
0,0.19675216665117293
0,0.12926935300084708
0,0.06555301060850036
0,0.03757446042760247
0,0.058009932996510936
0,0.02447972145820303
0,0.038121040402840846
0,0.01628325545135132
0,0.021739812753628032
0,0.09414809984053404
1,0.9509335792428567
0,0.010611209867166252
1,0.7185507158940981
1,0.8625002855126956
0,0.021949714594119207
0,0.003203238431582588
0,0.01420984300221409
0,0.007488150369391171
0,0.06690356838082814
0,0.009675903015074946
0,0.020894361889362313
0,0.11268282806230841
0,0.023169299702527294
0,0.04935815411896038
0,0.011276888656225139
1,0.9212667431383829
1,0.12396980223025757
0,0.04748258364145362
0,0.02191620389873958
0,0.07785589473677419
1,0.7103124093081516
0,0.08653127936626188
0,0.003521325532257818
0,0.2323542044740502
0,0.17007033046245992
0,0.027576858022911446
0,0.07225539895734727
1,0.4268471850606858
0,0.027188343731540377
1,0.9565911806978559
0,0.018260174317238535
0,0.008415009917196448
1,0.3884611634230729
1,0.4033213187805618
1,0.9859204986703455
0,0.4389740184102726
0,0.1445218737997052
1,0.22353996131882647
1,0.6230535794092705
0,0.15894886069992664
0,0.029215383119344518
1,0.9229352569794701
0,0.034474347576228755
1,0.9827889389965746
1,0.8975446159772046
0,0.09642723795436411
0,0.21483427047461912
0,0.026272453710873393
0,0.05887145848471669
1,0.440923100825969
0,0.02611823270424917
0,0.03751418010546776
0,0.013989309495045475
0,0.05011510009421478
1,0.13254025860844576
1,0.3180476774516038
0,0.09135413294945768
1,0.6806707676105584
0,0.022656175555907678
0,0.111788968659859
0,0.15763297575238386
0,0.06369859132040648
0,0.102053395446501
1,0.949892999565312
0,0.03069378124313939
0,0.029860868998806488
0,0.019678741787814362
1,0.7934309325776212
0,0.02721200270646186
0,0.07919248843189391
0,0.03932174330425779
1,0.6632678202461396
0,0.2919954584507507
0,0.018015550785381796
0,0.031408417172237996
0,0.6034294403371375
0,0.6714571037285202
0,0.029223704423950298
1,0.6871741227016946
1,0.32237334325718064
0,0.025369123959219572
0,0.9267036974496343
0,0.07833120182166547
0,0.5538609403299072
0,0.07291711509783419
0,0.01880846531549028
0,0.005198580324544542
0,0.3863769609777248
1,0.03248605915607051
0,0.008285464423715923
0,0.15489459148266038
0,0.012007272060432613
0,0.029587362089967244
0,0.0831414785525526
0,0.2156953375009751
0,0.1709040519602571
0,0.027255097248803137
0,0.67211847182076
0,0.015337134264121005
0,0.14232924409199607
1,0.9055607889780732
0,0.024687673524378163
0,0.5430165831254661
0,0.32864573728622115
0,0.025965195421553247
0,0.016409009735940547
0,0.029548450833241747
1,0.862258432823563
1,0.3773586633712495
0,0.034297371427107454
1,0.9868544986179479
0,0.009732285417522229
0,0.13126858576140943
0,0.018600328146008007
0,0.03257376027850897
0,0.10856717058955628
0,0.05078448139910045
0,0.013930901495763107
0,0.03081548724305453
1,0.9954508339911918
1,0.5155386586510483
0,0.07148731470859358
0,0.06120329744901963
1,0.9370146781698194
0,0.05582128784703754
0,0.07091188388314927
0,0.0622487315127563
1,0.818039314926154
0,0.1222624686900878
0,0.024472847174702033
0,0.9038095480917265
0,0.009552433051492597
0,0.014684657627649953
0,0.48717977429456055
0,0.011912740182831678
1,0.6886399235002472
0,0.036746091030310526
1,0.9945826098925841
0,0.9607353752208272
0,0.050019685979633396
0,0.6998926613293026
1,0.8331831250033555
0,0.013498240300028153
1,0.5547566976759424
0,0.057661799201610194
0,0.05715751473692803
0,0.0277798523727457
0,0.04052655964879651
1,0.9492103159903156
0,0.7571236093888831
0,0.03203923974541054
0,0.2246534381994871
0,0.013939950328269493
1,0.6023417210271866
0,0.018278716905888188
0,0.10691450937449955
1,0.8928421762981084
0,0.01615968782829746
0,0.048053579859082214
1,0.31110717258499876
0,0.03076056182302813
0,0.3925350230745074
0,0.01124998352231939
0,0.010324378417010354
1,0.6944205024396772
0,0.41872846761208943
0,0.02867619677990087
0,0.8656545751818097
0,0.012553342579919666
0,0.14118650346726433
1,0.4269132112820092
1,0.7433705034528905
0,0.1675130791165437
1,0.4189851572205172
1,0.9387629282734077
0,0.010944504035450428
0,0.13411798902273053
0,0.019556793625541958
0,0.02460479492733277
0,0.015750400574407034
0,0.015969355719797258
1,0.8536567955970561
0,0.05278167952055346
1,0.14449210107358382
0,0.6719924028861715
0,0.4250339906857303
0,0.024895482851484536
1,0.6642384995129745
0,0.010682288165931324
0,0.050764592670303046
0,0.009579043182731482
1,0.8606767812698273
0,0.02362515820676737
0,0.08165596061621656
1,0.8238730972723055
0,0.018572708639147405
1,0.9622758294834511
0,0.0641880390794109
0,0.027600821638917594
0,0.049626605276423964
0,0.014672618311797891
0,0.006896687056116119
1,0.6621216436362077
0,0.7915773456570667
1,0.9660432217445779
0,0.0124560614739507
0,0.6725825731572322
0,0.03437557519592395
1,0.7934309325776212
0,0.5409845911215865
0,0.029971696767120797
0,0.6690542733513691
0,0.0060770633742372165
0,0.035387155003435276
0,0.009535728754431325
1,0.2012500341956885
0,0.1783618906109459
1,0.4930068368606009
0,0.0625542185964208
1,0.7232805384260962
1,0.8912944101258701
0,0.051475402503486534
0,0.032329295405447815
0,0.13155330634589427
0,0.024357864974122685
1,0.9418932120712515
1,0.5335108969529494
0,0.02119571288029279
0,0.00998648934992101
0,0.016767101672733258
0,0.6541718326142357
0,0.042562567150502606
0,0.0800565454940878
0,0.0031322674661565645
0,0.03728667202035435
0,0.0506360673570399
0,0.519762681046405
1,0.9029214447270121
1,0.21378350320219322
0,0.08409245186959136
0,0.01425102995934046
1,0.8055685501514385
1,0.5551906921889155
0,0.026028257504064945
0,0.02622838994286652
1,0.6747802549088788
0,0.6660682746008079
0,0.16646290018942156
0,0.35845479924115253
1,0.9606409915826523
0,0.0323715529567895
1,0.595260961601003
1,0.9503994636103026
0,0.05574844483559831
0,0.2103233798477544
1,0.7473764443005847
1,0.897010545749819
1,0.9829279418368977
0,0.029960295107567793
0,0.12758561913428523
1,0.8591495337948479
0,0.022274747485548464
1,0.28094750607208296
0,0.03898882159657828
1,0.6546392414802567
0,0.027556936477675566
1,0.23034318425802103
0,0.03067573602355529
0,0.10454864596555126
0,0.01574319368373699
0,0.05132676694827971
0,0.0061596354997237035
1,0.6345214548168266
0,0.03187708420937226
0,0.01578770943492114
0,0.01299587149805802
0,0.08903843039708079
0,0.0027023170035861905
0,0.11557315747319004
0,0.041714981708026684
0,0.11449040959133139
1,0.4102129060116587
1,0.3029850894405195
0,0.05444436854184886
1,0.8922682858820986
0,0.19347050974747626
0,0.07409195308865048
0,0.23088907041178033
0,0.23851537550552723
0,0.011377104728578946
0,0.025497486744513787
0,0.02084642623039297
0,0.012996424774762707
0,0.018181093553241125
0,0.70365119659693
1,0.9307766855676434
1,0.31981160309114887
0,0.020895034302844964
1,0.5526016974494178
0,0.029847757509181463
0,0.025493219255929626
0,0.04098896093302653
0,0.07001221233432621
1,0.9250448922628056
0,0.14561063926416268
0,0.02105894187211089
0,0.07893656662341668
1,0.9754914117084583
0,0.05853572156298378
0,0.008161541613111625
0,0.9229743677688216
1,0.9081320099945221
0,0.17673008999205345
0,0.15410411382480763
0,0.19354375811687
0,0.09386097071364488
1,0.46740415607499164
0,0.010094435650742266
0,0.009596101445108007
1,0.4140105313640266
1,0.8066274515789534
1,0.06264938229039525
0,0.17833973980163614
0,0.8839354948806222
1,0.9718592196500644
0,0.011817968187369706
1,0.627202642081971
0,0.014802213080303684
0,0.036069500843973014
1,0.8701748930895248
0,0.7789017710812542
1,0.9276142707762342
0,0.1689630242936218
0,0.13370742238029032
1,0.6619089556461916
0,0.015374325996867938
1,0.639089582692822
0,0.023065841042918415
0,0.06378595319496812
0,0.014307362917322257
0,0.031118083390762913
0,0.008063859227609306
1,0.7539026662998133
0,0.03367259769592497
0,0.01822337334453694
0,0.00855687467202877
1,0.8546592872637307
1,0.9590047185163196
0,0.012097623490668199
0,0.026528571787042755
1,0.9897910494557755
0,0.10233564650238232
1,0.45268899066275975
0,0.08038869336539049
0,0.010671572962381077
0,0.006654924961063857
0,0.1929718909048391
0,0.04054557334239632
0,0.4406752263517216
0,0.24735027829488831
1,0.9803914884153943
1,0.8592703862457857
0,0.48612306742255457
0,0.03111698672802102
0,0.027641758640099358
0,0.11601253628085517
0,0.01728693468455776
0,0.03221769187529365
0,0.08662494822329599
0,0.044235683733162515
0,0.03660589463785544
0,0.032540114718695924
1,0.5046877813245698
1,0.24351680564591222
0,0.19134970772290313
1,0.9208895945030582
1,0.9414200272729372
0,0.36218277822566186
0,0.7103845420953309
1,0.9530615482529247
0,0.031149381747031305
0,0.00995560228366129
1,0.9453248611422448
0,0.017011483857012694
0,0.03165409039439773
0,0.31743449375730143
0,0.026234091995233775
1,0.01543178736217935
0,0.0073962899124131645
0,0.009859865124672858
1,0.9538438512241539
0,0.021747456576766584
1,0.8672803545537737
0,0.012109994861709316
0,0.028131935773010486
0,0.03871636483488789
1,0.23637357944970153
0,0.019032769045273033
0,0.012380990990163697
0,0.03800308042253241
0,0.1557625864165501
0,0.03953501651314915
1,0.951970756062302
1,0.9514584246249126
0,0.026518072356886233
0,0.07829056416483211
0,0.0682786822103637
0,0.006749767861113427
0,0.02820489088760527
0,0.09934524068713528
1,0.9833555644248009
0,0.014574909001151931
0,0.4968928488343883
1,0.9424402300743778
0,0.004553633313929204
1,0.8746864668745279
0,0.14743510209540484
0,0.0015794789692818885
0,0.5294460181212206
1,0.6902454664580865
0,0.06945499454341186
0,0.010059594333226809
1,0.6636141048908096
0,0.2041778361150405
1,0.9081601811840899
0,0.0438202318371823
0,0.02032645530596466
0,0.9481232200475903
0,0.04324589764744921
1,0.9215785967182453
0,0.047122577273134444
0,0.02635294453574256
0,0.006017393818749811
1,0.1430430842760263
0,0.012568959698700928
0,0.13667700106478167
1,0.4830175730314263
0,0.014658064990578437
0,0.0852739500661817
0,0.028991677393484266
0,0.41022655295029536
0,0.052479588531428534
1,0.97959451338359
1,0.3555374746923508
0,0.020723401593751804
0,0.015139371311872258
0,0.020851129236626194
0,0.009979244807926372
0,0.01168437801791665
0,0.02761685909766919
0,0.18426037700115916
0,0.07175710128713782
0,0.03782312836234953
0,0.03700088572504455
1,0.7066798110861983
0,0.01847121486313239
0,0.09702458625903612
1,0.6424072077072672
1,0.9351508056844114
0,0.011239763901124751
1,0.8463573150210882
0,0.08168906061795336
0,0.02942203051559522
1,0.7877171800507157
0,0.34774746387674244
1,0.6336625941197048
0,0.07002172622032513
0,0.011266951075202336
0,0.0628426701277418
0,0.010341340848031906
0,0.014121555247380095
0,0.02509627687986838
0,0.17343693259642037
0,0.024229746493397653
0,0.1202533415323943
0,0.010655495547364243
0,0.05926230511269513
0,0.8531970401811957
0,0.08843840065426524
1,0.7873556662956384
1,0.9335966268080684
0,0.7332719943454817
1,0.72327254528207
1,0.630004483429446
1,0.12868966574614585
0,0.08535244263333586
0,0.13945817899215776
0,0.057706181276782856
0,0.631429286164693
0,0.10501195911143943
0,0.9473609761306648
0,0.20454995055595793
0,0.05176117921404092
0,0.05337647905657633
0,0.12735918533496268
1,0.8516138225124358
0,0.044839378033650415
0,0.2808882087837442
0,0.04608290047879736
0,0.04167451531003159
0,0.15565675181741193
1,0.5613695158678844
0,0.018807327651069346
1,0.9819801296999286
1,0.9748725066009393
0,0.08776718029423401
1,0.5521901882245457
0,0.02322102308723149
0,0.01578083938612955
1,0.6303185915317702
1,0.7095916049448595
1,0.6903719280931112
1,0.9251925205411317
0,0.8895405043991963
1,0.38817614602234835
0,0.005878128713692288
1,0.9863190404136167
0,0.01389037273816799
1,0.43802684303184897
0,0.03035685622088143
0,0.01532543296893826
0,0.02534977118195332
1,0.5204209970629738
0,0.0653318407305647
1,0.17479943822601127
0,0.020981930702780986
0,0.08434435602558103
1,0.9392549436906509
0,0.026950953412147944
0,0.7451569635380088
1,0.8139978993172126
0,0.6357943592761788
1,0.8227879126182992
0,0.10810922542325804
0,0.061718616350432895
0,0.06207573913249118
0,0.036476772010072094
0,0.008512830025561432
1,0.12054065428136033
1,0.04660623144458696
1,0.8446419705335377
0,0.15774290122420795
0,0.5802876850829956
0,0.024528936100692386
0,0.011988685927090407
1,0.727459985428147
0,0.06630122794222022
1,0.96298690111691
0,0.004582600273055798
0,0.021467155792142836
1,0.16499301022848753
1,0.9530499220802
1,0.8049220858188656
0,0.018745211318876097
0,0.021223393381602427
1,0.9615030026299098
1,0.5655634836872508
0,0.10361808925830882
0,0.020655295957642268
0,0.057273112349715216
0,0.012285382808421197
0,0.1925864972314482
0,0.07895565729765801
0,0.009704793034349951
0,0.05981064070929568
0,0.07556808648042534
0,0.36960310916905675
1,0.1803131338604013
1,0.9231531732968276
0,0.005237058831839574
0,0.005431574890543377
0,0.14324214833635307
0,0.05947046441685976
1,0.9518934532726295
1,0.9156698361014339
0,0.018679677540787285
1,0.21311194748049334
0,0.015316168898995921
0,0.03448697693627297
0,0.030767542061312457
0,0.4462120486695221
1,0.8613998302824709
0,0.013479414800333581
0,0.028503895232543715
0,0.08704855716382018
0,0.024304088728796858
1,0.768972797601437
0,0.013125541754555275
1,0.27723203574131766
0,0.027646641623027435
1,0.715084490766227
0,0.02120810891380786
0,0.054302112701033224
0,0.026712028257124768
0,0.09755298878378198
0,0.07197907842211441
0,0.07090085042390437
1,0.8299028179558069
1,0.7327384909479733
0,0.06984794563405901
1,0.5644726421182173
0,0.045595384647569834
0,0.008190968123595085
0,0.0060613346182351755
0,0.058733399656285504
1,0.14887049463426044
0,0.017049782844192708
1,0.9021304222648409
0,0.028524319306599023
0,0.12994609149094086
0,0.03806931552575959
0,0.440707992471626
0,0.10200065349369718
0,0.03253119387026618
0,0.07030114149354698
0,0.014042119680924406
0,0.20262525331017975
1,0.8382768623639317
0,0.020119459229674903
0,0.03467357992695172
1,0.9080531136969534
0,0.1921630874421235
0,0.0268195328915451
0,0.051186980164746994
0,0.11032595364246921
0,0.02740022542269955
0,0.10432059175355173
1,0.59433839027791
0,0.012384964054767222
0,0.012802332036880918
1,0.24039228466158846
1,0.8745803366974083
0,0.07650390247332214
0,0.053447788421361206
0,0.005094306877045842
0,0.08435994053000906
0,0.011444108285808892
0,0.18767658703240275
0,0.8819762670469202
0,0.047920692158336574
1,0.9213885845597982
0,0.12580075929506698
1,0.9578341180045954
0,0.31265197865976524
0,0.026625733797006345
0,0.08415782193948985
0,0.014533513159732406
1,0.4769777984617873
0,0.005952663309256873
0,0.392940592887733
1,0.9199939946493964
0,0.04351034223103397
0,0.4280642504299659
0,0.04200114633191876
0,0.05165961054574207
1,0.15808067558819666
0,0.0861093629619949
1,0.09773272577457381
0,0.08759194651459132
1,0.11512591127823214
0,0.023175990129203673
0,0.12343138559976893
0,0.007424400960159414
0,0.012812432018918388
0,0.006916810954335061
0,0.00643992238809198
0,0.03795771455731578
0,0.08128832991386849
0,0.1067320895691402
0,0.003959129304124553
0,0.029748354376044204
0,0.07405616611315238
0,0.06878357698349667
0,0.1528904857464037
0,0.04097198798685233
0,0.02328209091690737
0,0.1545093090461872
0,0.1431597493440843
0,0.026649833500948062
0,0.07850214758724194
0,0.026272042543038082
0,0.16538044655912865
0,0.03868548782733897
0,0.015874645485480534
0,0.4591973997609288
0,0.032036425135370084
0,0.014838317157871572
0,0.0128067549550728
0,0.021788691692295532
0,0.41735825381669334
0,0.008751215423372394
0,0.02095847472248543
1,0.9685523547458467
0,0.329460017007645
1,0.9962676632065135
1,0.19148019004022415
0,0.0585273724633911
0,0.027622179101919206
1,0.07979750161740397
0,0.07227298339937702
0,0.06761415490937035
0,0.8620244166332526
0,0.7425745279165913
0,0.039632045117064744
0,0.18175468200664674
1,0.9647620162330566
1,0.9597978895395356
0,0.07001969436706436
0,0.022847595868459747
0,0.2294091851743765
0,0.09650108356346433
0,0.1673907133599071
0,0.10143848998743296
0,0.8294810248397447
0,0.014819823518282711
0,0.13217387928763197
1,0.91508074954647
0,0.022474042243864057
0,0.2025115702462602
0,0.015680723035014395
0,0.04954385414284078
1,0.048361354898931765
0,0.011383563982582374
0,0.06216920423451825
0,0.0433371603333964
1,0.762784031879187
0,0.10689261706597492
0,0.029191317058331355
0,0.02591006014894502
0,0.16220894075249026
0,0.20548914159488124
0,0.3966710579024509
0,0.020824705846252768
0,0.675893406115313
1,0.9635849414936709
0,0.010633369130943844
1,0.9544721634374204
1,0.22711992009316032
0,0.014786444229709072
0,0.7612462154977943
0,0.05463595318252323
0,0.02681858653926546
0,0.06868642890722672
1,0.5437049798042379
1,0.12209797485755917
0,0.12612257188707837
0,0.023927998207928382
0,0.023821389420029433
0,0.27758872020878134
0,0.01095185042342202
0,0.3590643482604126
0,0.06651545102869956
0,0.03504788553016831
0,0.01727929794390457
0,0.5317093390930385
0,0.13344314690304943
1,0.500786553635282
0,0.15948921689930282
0,0.016909879198902744
1,0.8481039450031159
0,0.5866452873579994
0,0.13811628079151866
0,0.034835921515840286
1,0.6072715285331726
1,0.9352898538481867
1,0.9528413636016336
1,0.7902364732950448
0,0.02961851506818798
0,0.020646096824858767
0,0.004151821985657125
0,0.040157138768360065
0,0.5362051600941625
1,0.962810183025128
0,0.016924703120565314
0,0.03243178721412444
1,0.9731595947636262
0,0.07250772437820151
1,0.5478274560373084
0,0.04661006576472011
0,0.0767421496539527
0,0.23124400441917645
0,0.015180062423609772
0,0.04760405719883447
1,0.858188122367149
0,0.04109120805256874
0,0.0307781874160423
1,0.5932986046739308
0,0.048917100939513444
0,0.022168168681709732
1,0.15030772299494538
1,0.9075961438436517
0,0.20279269944147194
0,0.01682960909440849
0,0.6584835828414917
0,0.1948644524885925
0,0.11687563831922963
0,0.007807053723605416
1,0.8154585953420803
0,0.5103365748228801
0,0.11586094589546
1,0.545233688476236
0,0.010387471160945355
1,0.19866389309796859
0,0.24720180521675206
1,0.06318243087258396
1,0.23302438104856332
0,0.006786568768492854
0,0.0758968467199671
1,0.023224971312068507
1,0.7113311344803145
1,0.5769032192043482
0,0.03911738547843331
0,0.06827837760836256
0,0.14282692984001885
0,0.02489970397759172
1,0.76164939959537
0,0.5467082846364025
0,0.022492660124976843
1,0.9334035265978818
0,0.25941097172583616
0,0.49537113812533
1,0.9148996070982347
0,0.029828074174927204
0,0.0578380831297891
0,0.6696813600733906
1,0.0591420412539429
0,0.19257971077761668
1,0.13467583387677692
0,0.1862443714221306
0,0.04517362457746942
1,0.8183580086359432
0,0.046166053660955005
0,0.034546260147910464
0,0.1128719860977236
1,0.7540209461289934
0,0.040453266096494474
0,0.05967022349966589
0,0.017295501795162378
1,0.7622016830194995
1,0.9900748099503234
0,0.010842190193357349
0,0.047785932952083374
0,0.04852032586926501
0,0.10033197372241008
0,0.04236464498531608
1,0.9184977847851137
0,0.20318773148329378
0,0.22005500239284387
0,0.11970456420333253
0,0.0030399708975159187
0,0.07252842930731819
1,0.9835224430912002
1,0.05532033307852991
0,0.04308067519794905
0,0.05061522602973543
0,0.04360205915874711
0,0.7433391432417833
0,0.03375251926204135
0,0.07831858334063455
0,0.046894525278488274
0,0.8747890297705034
0,0.4755240590164432
1,0.8458494563896571
0,0.014168835103822684
1,0.9138761505146895
0,0.1277835909516339
0,0.42286411687630016
1,0.8484097860615807
0,0.02671584248055884
0,0.4036728519299784
0,0.0077090648024030935
0,0.022428537501105447
0,0.030502898482592366
0,0.04141423699396197
1,0.6583004623366113
1,0.9765544027686457
1,0.7353606973008963
1,0.8943241398582292
0,0.031303808419938926
1,0.8148272370561274
0,0.019054664981845163
0,0.06983238955762508
1,0.016821378383872553
0,0.012531177592167519
0,0.024259691514810167
1,0.9918203880460712
0,0.8303958626140838
0,0.056229329552082104
0,0.6625744199016207
0,0.062485231652271676
0,0.005750385634222959
0,0.01593006975987221
0,0.018554118051156095
0,0.025409485030345822
1,0.8097775413515579
1,0.9596945654059352
0,0.564914970306161
0,0.03444365947949957
1,0.04085203853382692
0,0.012320241493263422
1,0.24297626452291132
0,0.09510560642390722
0,0.01885730591888694
0,0.29834668859379493
1,0.9132444392901375
1,0.9552405104164652
0,0.08606496763125616
1,0.8714410000876021
0,0.020256524541631144
1,0.257903560300857
0,0.8008045387153057
1,0.8230719130088385
1,0.9912406864591651
0,0.07630250154472266
1,0.9060627654335259
0,0.01727089700266375
0,0.046353772819673796
0,0.025436567379594995
0,0.07332906756395761
0,0.011806535612063462
0,0.011716509387107618
0,0.08816884994532952
1,0.8341640351578286
0,0.02992994605165214
1,0.9783604541966688
0,0.045592881702197614
0,0.2556175692439307
0,0.31560564936996355
0,0.015893272210260528
0,0.048119722280031786
0,0.10013294140685167
0,0.9066468765043602
0,0.026036361941821008
0,0.8484940936865384
0,0.06671006102709276
0,0.027335903617779694
0,0.05306613893782282
0,0.11091406909911866
0,0.06409090111744242
1,0.6033126287182184
1,0.18457290107300708
0,0.6108428024594863
0,0.032767293973671154
0,0.012484010487131391
0,0.039752423411380834
0,0.016964271391621998
1,0.5826388833341156
1,0.6492830586229431
0,0.010014277858503715
0,0.007339575499053154
1,0.5383899710110898
0,0.16716799479242692
0,0.012549097874723584
0,0.06186566768854724
1,0.9489978644727544
1,0.7513417052356408
0,0.003503505343317264
1,0.9155194300798963
0,0.034627368182861114
1,0.026365844382223946
0,0.17329983216037942
0,0.37937843544833644
0,0.040656849468696125
0,0.112518665759961
0,0.08475700742375251
0,0.06257748670295744
0,0.02729531285273946
0,0.013004225699544372
0,0.011313522236990548
0,0.0056803403456183775
0,0.0431445537243492
0,0.007210381411523313
1,0.9713006119706636
0,0.06284415554420208
1,0.9615936968544754
0,0.02214762755065944
1,0.01291139963551001
1,0.08731952554553217
1,0.8523059155213077
0,0.07760001670960047
0,0.02065994081729548
1,0.9599601137153794
0,0.04953634094958665
0,0.09709059276550705
0,0.007014323489320256
0,0.00464051389554553
0,0.015738320021612143
0,0.7384747441492
0,0.0377817361047581
0,0.27819262867052214
0,0.013130958403029063
1,0.8791753741051531
0,0.043087950777405806
0,0.12483472715832801
1,0.9180508527276643
0,0.05678951206020699
1,0.8605443952611025
0,0.040439988770675755
0,0.4551528322650829
0,0.04135389756119855
1,0.08130049906678179
1,0.3953078489832874
0,0.4671527854292218
1,0.03884924292161345
0,0.15318671815704024
1,0.683847191028748
0,0.03734901850413564
0,0.12597913041196387
0,0.028814546268253253
0,0.8512398051861079
1,0.8964608054225945
0,0.05516059286507042
0,0.015526597988854036
1,0.634687515022269
0,0.00962050706382972
0,0.01334613829806535
1,0.14028019874280773
0,0.061104097099355235
0,0.05497591395235506
0,0.28781139451391896
1,0.930155701211669
1,0.7680381850540223
0,0.021309622449252663
1,0.9025606423756453
0,0.026483830935865996
0,0.46033883949117166
0,0.01693506646200073
0,0.022336888585812446
0,0.7199849915656488
0,0.24470750877691086
0,0.058809971959891474
0,0.01582222506165219
1,0.9338090895610944
1,0.7605014428904501
0,0.006530768302003594
0,0.005021397110889531
0,0.036212685852567296
0,0.4451497760161002
1,0.5846130571664031
0,0.05484392663807492
0,0.010077934701947186
0,0.07531873800650808
0,0.013426856150020507
0,0.0940469134214944
0,0.04347430014888985
1,0.02639722966596821
1,0.9913415016924924
0,0.009423496081853739
1,0.8482287019836646
1,0.8641578048163209
1,0.9924518041862216
0,0.019157978379141422
0,0.022744226317939507
0,0.0647463629448393
0,0.7639913014358283
1,0.3626992046517818
1,0.7602427538343232
0,0.009948057860657897
1,0.5545751502759749
0,0.05888305518201366
1,0.20040789006029286
0,0.024946957431586987
0,0.5087054754981245
0,0.7628241031471266
0,0.3257313293842012
0,0.07309422931795408
0,0.13771766901655003
1,0.9182656934417283
0,0.029988180556017534
0,0.015567591065249471
0,0.037484492493226745
0,0.03416284181848797
0,0.1811926723830044
0,0.03634406504120018
0,0.029305569675390726
0,0.03953813333046501
0,0.05562913574732846
1,0.8179349343942282
0,0.028695595079161924
1,0.935145686672708
0,0.015883422085000737
0,0.012985583088915982
1,0.30517248148623494
1,0.6069343664607982
0,0.038957747245540145
1,0.06113932390913063
0,0.049922133813725955
0,0.01734199470484667
0,0.3236418050478888
0,0.06243551263635283
0,0.028879972646375835
0,0.028542273408874646
1,0.2875433165960079
0,0.6061977463847265
1,0.6778255015012836
1,0.25512441542130637
1,0.5269221405388343
0,0.08719670456070013
0,0.7525596253498841
0,0.03542007117428123
1,0.7808386708959104
0,0.43339927895288977
0,0.05472560049261768
0,0.07604821217695633
0,0.019889150682664655
1,0.9608786652996859
1,0.6584397998166052
0,0.04448475628548349
0,0.019827978297825778
0,0.012840174871558965
0,0.016770119121622774
0,0.036894907510299634
0,0.11010886330751896
0,0.01870038440682038
1,0.9527072283088137
0,0.02915432597212313
0,0.021622739831189175
1,0.8597065301569623
0,0.0372695689711601
1,0.4291699624116866
0,0.018850852573327685
0,0.8507735818752492
1,0.839052863213803
0,0.014126317096513685
0,0.09049521976592122
0,0.02631729444237025
0,0.18022916081669038
0,0.036704281523519185
0,0.013314297172294839
0,0.05009317559445811
0,0.03551403299936711
0,0.009169659771871707
1,0.865988579640963
0,0.00945253179668435
1,0.9764230429367249
0,0.044791588265966194
0,0.02749405300829085
0,0.033427165411898586
0,0.033061576086325595
0,0.06584692142959361
0,0.01227602459784317
0,0.10227694733942759
0,0.01676811663164679
0,0.964213655576869
0,0.08398659432527959
1,0.983261710134506
0,0.14724534439928408
0,0.029844731747387953
0,0.014462143168335008
0,0.01949462393352738
0,0.823836117731044
0,0.1642531321664333
0,0.041624117193120105
0,0.02174404532412237
0,0.10913278443344282
0,0.053947009522932715
1,0.8802209350681228
1,0.8690753300109674
0,0.010230473114336806
1,0.6115495189766545
0,0.03516569390333487
1,0.7907866001153161
1,0.9935326028036294
0,0.03939325904256408
0,0.0021009793059162184
1,0.9130414521014528
0,0.03227268294212778
1,0.8942619284535972
0,0.6231254371063295
0,0.05512617884150954
0,0.10601639021471455
0,0.8522199854841637
0,0.03312986230862474
0,0.01911997138669239
0,0.013553260624193934
0,0.00832233211861859
1,0.9294232134721032
0,0.04812777110555857
0,0.7402926996830487
1,0.21009929547927378
0,0.015133060044348943
1,0.18318399716819217
0,0.010255022826810253
0,0.01835199139801532
1,0.6482215547355358
0,0.0557347064835994
0,0.025630403339418024
0,0.7721123664741443
0,0.052984697731415564
0,0.05001135498978309
1,0.9727690132400636
1,0.7076565991979074
1,0.8941547109264547
1,0.5864365297502023
1,0.5008381277250332
0,0.16440818004047617
1,0.7300479660228422
0,0.026549979004330634
1,0.8995425392877829
0,0.2004825527782724
1,0.922893419764663
1,0.38435325734527903
1,0.8803738348085578
0,0.08973864917223282
1,0.7589799378309942
1,0.7874993733807959
1,0.827732716064037
1,0.734620047982878
0,0.017946901126661145
0,0.06698583075794057
0,0.035464217100662644
0,0.05603792389653614
0,0.04817553261013302
0,0.00901104011029607
0,0.035743500597714355
0,0.33129345717265074
1,0.5028778592343615
0,0.006309575578359422
1,0.1458872135607107
0,0.01836311903942533
1,0.9740609918730325
0,0.0442516136606305
0,0.2461971531388558
0,0.6446214847989561
0,0.5969040228361604
0,0.13357901403307695
1,0.9846737673881051
1,0.7779599997013741
1,0.8450170279786088
1,0.918896660882908
0,0.027456160436606956
0,0.1169306335359875
0,0.08195753359215878
1,0.9795078581701058
0,0.022826528503393406
1,0.10819616899708974
1,0.778424559152913
1,0.36219180894732955
1,0.7624448913096636
1,0.8022897169235794
1,0.7930819048222711
1,0.9901698230142209
0,0.03098540841066923
0,0.07537743638128255
1,0.5468484919641801
0,0.10330730423870406
0,0.48798533740453165
0,0.04742566515605348
0,0.041696526219085824
0,0.02209592089933207
0,0.0966803154218696
0,0.02734325641876058
0,0.06193803240537369
0,0.03706911052258647
0,0.005173534145212073
1,0.40316488423914015
1,0.914166948592388
0,0.07343059849288665
0,0.04568881858624554
1,0.9527460197850864
0,0.06013746572127958
1,0.046533930805397174
0,0.053204680330927304
0,0.034172356414974334
1,0.7881965948158363
0,0.04343721404504106
0,0.4018678036867687
1,0.07448428962453245
0,0.37033656997645287
0,0.08540138162482086
0,0.011097058576202181
0,0.4564726725234516
1,0.6893730395288608
1,0.06797254684061627
0,0.018883624036292145
1,0.9042485656939998
0,0.01357005825356148
0,0.02886887235579488
1,0.012241424412811668
0,0.022088261078068952
0,0.004606251388075432
0,0.736401662831272
0,0.008172228975314225
0,0.026339822244824534
0,0.7187658428272808
0,0.17662436176003493
0,0.035690483174936526
1,0.9803524868336504
1,0.9084248234064352
1,0.49479837510685487
0,0.06427988221842447
0,0.013503785460618417
0,0.04214325309287604
0,0.01018729548596458
1,0.8780990348326932
0,0.04216383718401486
1,0.9202106905644023
1,0.8945075611249717
0,0.054226622075895875
0,0.003951123130161219
0,0.14814283535701145
0,0.09841823780278253
0,0.010041995214256107
0,0.06765811340333834
1,0.8540626829523367
0,0.07269436003307793
0,0.04960803687414614
1,0.8233403041470101
0,0.0353147217714148
0,0.0022128665565877203
1,0.822006221876368
0,0.03572441521702419
0,0.7286333399892144
0,0.6431085806075095
0,0.015266233576046064
0,0.01752802119360481
0,0.01933800518257285
1,0.9386666151748932
0,0.03113786929161117
1,0.9563189161135793
0,0.008532396566945596
0,0.07130936293596345
1,0.17280248318871658
1,0.9611295321351714
1,0.8763547411142978
1,0.5699355029270563
0,0.008574068331459007
0,0.006432817003809623
0,0.02649040516235706
0,0.005745317924750833
0,0.053781017891428896
0,0.019273194777666366
0,0.020358839498975517
1,0.9489947032896905
0,0.006189078550576834
0,0.012811162497488635
0,0.02693917932624519
1,0.9717415643293564
0,0.07750647156094335
0,0.006354363783263689
0,0.010498715367326371
0,0.11691659561934095
0,0.33014081706657694
0,0.013785589298405836
0,0.13028628093050712
0,0.01625081723786288
0,0.008483113678471642
0,0.5546680580733402
1,0.9817281993819527
0,0.7106017512155491
0,0.007955846092450761
1,0.9414567709974415
0,0.05592438754389979
1,0.7400180962322314
1,0.5740548002837877
1,0.886594852844888
0,0.20148449274621874
1,0.9161705668658561
0,0.014646757313015495
0,0.02932622762603099
0,0.11800476763380927
0,0.014035176030483942
0,0.7745268518992922
0,0.006012017680810544
0,0.3426847898124553
0,0.6168313206717227
0,0.04066045119945738
1,0.9420806982063038
0,0.39087136239934056
0,0.2757192894945995
1,0.27329089112756827
1,0.027892721259832266
0,0.03531251949638174
0,0.062381991026887997
0,0.16088213347652786
0,0.037557620662580865
0,0.024726868952155107
0,0.0629564325322813
0,0.0864837624274515
0,0.010499267634050655
0,0.27393289669192805
0,0.0037652324504700825
0,0.038182324501507124
0,0.027342839280615597
0,0.08368919393531893
0,0.9347366810573567
0,0.022988976067422773
0,0.48800199968381613
0,0.02932973603831858
0,0.07184264779544369
0,0.01306435471960176
1,0.9800255255956603
1,0.3380574737753392
0,0.07718217970568456
0,0.004626509534309658
1,0.930880793876506
0,0.38962763682461876
0,0.016546615345207426
1,0.44284100841792734
0,0.0543297356379922
0,0.021693502244684647
1,0.19398388662488197
0,0.00862950345868445
0,0.1001216665839485
0,0.041867081301055056
0,0.0176402649877575
1,0.8921816736265801
0,0.7510969667871229
0,0.01831053286969747
0,0.01831602362083564
0,0.09467572636008953
0,0.397723550115183
0,0.42610662042707054
0,0.0776948275262582
1,0.9799645881605502
0,0.021038632323738777
0,0.058100466194351254
1,0.9166263317961639
0,0.1135320350363357
0,0.035409440072368834
0,0.10620502006079635
0,0.03271088583243723
1,0.5607982439881322
0,0.027885329177944902
0,0.04931744392693469
1,0.5689091897347457
0,0.1678415665763816
1,0.7082938323035645
0,0.04006623840080087
0,0.04299421092160804
0,0.5637898705354256
0,0.027606959551066738
0,0.03912752492425103
0,0.01687359652347148
1,0.6469688130050437
0,0.04073842215413142
0,0.04329745527338545
1,0.9743771836476289
1,0.3900290372565601
0,0.014352273503530045
0,0.013407033816068836
0,0.015756955634919183
1,0.8194409945189134
0,0.11503380301620592
1,0.27515950848130266
1,0.4425899498185446
0,0.04489625812843649
0,0.31975508931037333
0,0.1865735884752009
0,0.21224071828268595
0,0.01688915800606419
1,0.9424581290715314
1,0.889359438846926
0,0.013043382675724587
1,0.1302905156124509
1,0.1557625864165501
0,0.04581780683146662
1,0.7796309025018425
0,0.017010903303388256
0,0.8663333156769194
0,0.26317968154467974
0,0.01544937274788538
0,0.4132021130529936
0,0.19624866249213996
0,0.07257515747324479
0,0.887801610855737
1,0.12838378915764778
0,0.012417322257916034
0,0.14633943314287587
0,0.40678525709834396
0,0.4518316201196785
1,0.6583419236909263
1,0.9385425606572356
0,0.06287175708432204
1,0.8872307814647231
0,0.048409523221384226
0,0.011466505888473855
0,0.01870956575215813
1,0.662235227632604
0,0.03359308157737189
0,0.026209764514584805
0,0.02895482152537164
1,0.7801283763264223
0,0.07551495794995981
1,0.844213017260191
1,0.15750602974815095
0,0.06116074071978024
1,0.37577340120880304
0,0.035074471957996144
0,0.007356679539055434
0,0.07015426607222422
0,0.01626080198240804
1,0.8006672951798752
0,0.8492755925489427
0,0.05220467347996884
1,0.8257604260505338
1,0.9718165160163444
0,0.03433142748203603
0,0.02603723995925944
1,0.02380731045139469
0,0.023055900116109425
0,0.05800773969552742
0,0.1162414354232948
0,0.7940780225050633
1,0.8926272325386604
1,0.9139636415446335
0,0.3993743480777587
0,0.20651019022321576
0,0.04815910471832773
0,0.043790614588118414
0,0.02418173212465108
0,0.07997208732783263
0,0.020817503170403467
0,0.029761187833675585
1,0.9750443692364754
1,0.9516816129664025
1,0.928809286049675
0,0.04478765674911999
0,0.03752923517240739
0,0.019533551875463347
0,0.295969520194526
0,0.07654111331635799
0,0.013119726918413439
0,0.001956619036893846
1,0.1366805501107299
1,0.8071141348408034
1,0.7031376179827501
0,0.0638059478270677
0,0.3374770868573447
0,0.009592197339377623
0,0.03399946378683636
0,0.38363088878772234
0,0.02506073013115418
0,0.04477506968271706
0,0.13556656759511265
0,0.0482095811259116
0,0.007401552287466902
0,0.032526037149939624
0,0.0596895739499991
1,0.5428478404415243
0,0.6377831351583089
1,0.8457272134624035
0,0.03632186440617599
0,0.019935668081101192
1,0.9880853605775307
0,0.014758372243299364
1,0.036940688109386464
0,0.04419293324145462
0,0.0525150405719333
0,0.6489126560209432
0,0.3708139718889687
1,0.4208289031826232
1,0.9582187053791905
0,0.03739711641853672
0,0.01865687470825463
0,0.12319924118023683
0,0.15040938054217592
0,0.04456785377012639
0,0.056890307947726274
1,0.3046983523467966
0,0.030281291730133077
1,0.9798844239883645
0,0.5406571102066746
1,0.8644632066406233
0,0.029498074631851036
0,0.0652132754849776
0,0.07272017479542395
0,0.006140540049983494
1,0.2879219750649206
1,0.8796608934462897
1,0.6118340979490425
1,0.7669451265959264
0,0.09026081443732126
0,0.005131374587453623
0,0.008652574602397104
1,0.8181588249381263
0,0.06599597541552198
0,0.021959316827193036
0,0.03906659350454533
0,0.1974844079491234
0,0.7326002989871707
1,0.6860457621388525
0,0.2161064041341849
1,0.6543126800199023
0,0.037963312984155874
0,0.04639154022636816
1,0.03544521888472386
0,0.060902407515171286
0,0.004814029081583415
1,0.9529637278819784
0,0.019555866967361217
0,0.014547500657953254
1,0.6772087594502073
0,0.0801728967762809
0,0.04288254014304618
0,0.006194111432946105
1,0.7485711239585067
0,0.06999147351149643
1,0.9835830397881619
0,0.017528679788072293
0,0.030685636088170938
0,0.01424111192257981
0,0.015571364363522334
0,0.2571745719329537
0,0.17940452415057853
0,0.07146430270326228
0,0.02107011277507875
0,0.01101545151796911
0,0.013441733119338833
0,0.03558864572006208
1,0.03536571678911637
0,0.5339821302885908
0,0.028655218115296695
0,0.011155250578683253
1,0.058282689930188994
1,0.9007497330744274
0,0.08087038125044417
0,0.24312070779416606
1,0.246423305576554
0,0.06661442874935009
1,0.8505214482257454
0,0.013562248935269021
0,0.008442426317197995
0,0.006327450637037374
1,0.9313122704280226
0,0.017587857198859597
1,0.6212878979123717
0,0.9270462037903214
1,0.935665447258747
0,0.036127032002036485
0,0.023262353524303565
0,0.013538812727940368
0,0.012754745529913047
0,0.007690272934102938
1,0.9062226616695895
1,0.8133927694736792
0,0.11555031483039527
0,0.014386316921248104
1,0.9388864290656017
0,0.750249695501024
1,0.8926082071406736
0,0.006290248502122989
0,0.05214523670699623
1,0.4532259453104936
0,0.016818938068221143
0,0.02551456204682052
0,0.809280394170294
0,0.8967305767606691
1,0.07655435367537927
1,0.036354251488755526
0,0.0051620007195679555
0,0.01430890590260408
0,0.0027742433181991277
0,0.14556129663897766
1,0.5333099589874236
0,0.0295208957757802
0,0.016690312123100515
1,0.9913090634730596
0,0.12025484704696883
1,0.8169133229048728
1,0.9708681073858867
0,0.008662744845793614
0,0.01904400600519965
0,0.04322848588785966
0,0.06754274772347912
0,0.019446402901818104
1,0.43926371566454503
0,0.05330648184449721
1,0.3072215390094765
0,0.02439708083799239
0,0.08644337747562574
0,0.04077271981167045
1,0.5696594665855356
0,0.33213910668344
0,0.3751098060149334
0,0.026634938757527718
0,0.07241275408994481
1,0.8563214795110935
1,0.9167985106008815
0,0.010056058051430441
1,0.9896028944670491
0,0.013484105325177284
0,0.010938512677169283
1,0.9091598904020125
0,0.10734680396028289
0,0.04056794522178454
1,0.8799990408244178
1,0.8762142317056494
0,0.03525579044382214
0,0.010850565215097729
0,0.06230762241557642
1,0.7938309354054321
0,0.24617788196381907
1,0.04231247632753909
0,0.03417373123186527
0,0.02031756309035011
0,0.007515745920960747
0,0.13791778115356818
1,0.8007021626167292
0,0.5637562886447022
0,0.00435250421172013
0,0.007174366181480507
0,0.08846841628031579
0,0.026996511372063704
0,0.041839009919720886
1,0.6242574264991485
0,0.03029690468482617
0,0.004045908173499137
1,0.49058901682843736
0,0.03410096957200363
0,0.010637884378320956
0,0.029128269522240263
0,0.7319582266922715
0,0.01697319226978759
0,0.012811162497488635
0,0.020596684779556586
0,0.005659164406794877
1,0.8965500707307792
0,0.012920537346989799
0,0.13657612588534646
1,0.9729351277730517
0,0.06951374863222702
0,0.14076464692961616
0,0.10691253052514293
0,0.04729484784260473
0,0.09796873165518916
1,0.9608492792112261
1,0.02265815604385312
0,0.10092545018097081
1,0.39592803347867184
1,0.782852520890004
1,0.4912025488309247
0,0.05204845111804466
1,0.9726110059411147
0,0.04257223190328424
0,0.10998336967534636
0,0.07786215188197512
0,0.08920955547114308
0,0.08202195068378776
0,0.06523812698610515
0,0.14235227506766107
0,0.05563380406623215
1,0.9344525859514813
0,0.13956043183921316
0,0.004920552381806874
0,0.10665207088855641
1,0.9464267838344855
0,0.016979918558067367
0,0.01107157213505269
0,0.01323795205970071
0,0.05729178850645873
0,0.03321444818923041
0,0.03657866365607409
1,0.7901021264704201
1,0.622752472860725
0,0.02931618432615668
1,0.9561436332128953
0,0.03772224307816523
0,0.015539622702952024
0,0.05721180910177452
0,0.05398139113468907
1,0.718597183488826
0,0.018691404407923894
0,0.31625338629954597
1,0.982870800313707
0,0.021562110774961347
1,0.5789285789842329
0,0.00386348435656578
0,0.037131044356618806
0,0.00993978557746268
1,0.9757812134493843
1,0.9439060811263557
0,0.36380600819204106
0,0.2279242983362718
1,0.9455119848916093
0,0.022232835332392193
1,0.8524563268390992
0,0.07661640089910321
0,0.05324334696601266
1,0.8337493947461716
0,0.12625930105649105
0,0.03755179040586194
0,0.009357491243614626
0,0.036993527312395504
1,0.6362443571378564
0,0.028892597120513556
1,0.05684011988021551
0,0.07587556048477052
0,0.06346306412594302
0,0.03944544354368205
0,0.07599944188462986
0,0.05096828632994519
0,0.029065534964606888
0,0.024831128141061788
0,0.752526680959982
1,0.7582861187491727
0,0.1774761734187625
0,0.004546005609084666
0,0.08962919483840055
0,0.030461778211792
0,0.13876947311060292
0,0.03361274260006297
0,0.004001114492399912
0,0.0559481832555707
0,0.03922794205301697
0,0.003899013916077618
0,0.05028960144734596
1,0.9815669895313771
0,0.79506030310022
0,0.060880755540655286
0,0.02895580813817277
1,0.05308579545018454
0,0.01654241116727813
1,0.05915659711319253
0,0.06521847216854326
0,0.008442925577333468
0,0.02959969223783463
1,0.9941793843537996
0,0.6229747277472624
1,0.9170549586419673
1,0.6596588462220412
0,0.02536825828346456
1,0.9753908763362258
0,0.08965856061464106
1,0.9173273931280777
0,0.3276183787728228
0,0.012269885098187583
1,0.9723785657287901
0,0.10121456671380125
0,0.03716886123213084
0,0.0773916106802215
0,0.0705928308308483
0,0.044223833636113714
0,0.005162240425846384
1,0.5403863446723942
0,0.10554708969402993
1,0.8765031628795934
0,0.06235765314906944
1,0.28416129002507307
0,0.0028300523008181065
0,0.09058484569569254
1,0.9347707832971228
0,0.006559649847765268
0,0.1132675591941705
0,0.06133715630341977
0,0.02956337206811103
0,0.014361527709582225
1,0.9912410901355613
1,0.9942213701495178
0,0.1703505720892048
1,0.2825944303187828
0,0.01441601362814082
1,0.012256223462056527
1,0.27316475631233966
0,0.02049387673525424
1,0.048276781842734665
0,0.09760247235035485
0,0.16279726518131846
1,0.7892718977455099
0,0.002820541867375706
0,0.29451307516791947
1,0.9580676909188753
0,0.34141836040150114
0,0.009289068701952917
1,0.8778104527326536
1,0.9855156967102431
0,0.012522836557882238
0,0.008508719256261621
0,0.06515293639795204
0,0.04108032762551895
0,0.12577694813312615
0,0.016311895932524554
0,0.014064484437518024
0,0.016729629508093275
1,0.6422397889656832
0,0.01451577595724299
0,0.04278103536990983
0,0.7596850340723236
0,0.022671892767950157
1,0.9714590164483837
1,0.9319186390470238
1,0.12502148022659063
0,0.011856005389544493
0,0.05606654186997867
0,0.007056001697773501
0,0.022846501016827715
0,0.03695594730700014
0,0.7804399317666266
1,0.41613218251921247
0,0.27265314462988727
0,0.042391088065868075
0,0.0322660942284315
0,0.008890844540777407
0,0.4336186666756238
0,0.1371828618408041
1,0.9934806465632315
1,0.7354352626576377
0,0.031081656063424494
0,0.057236221647405175
1,0.9174200298260655
0,0.017041685091065337
0,0.04079695900224497
0,0.007415874408181918
0,0.011811066705653567
0,0.011288582117010823
0,0.08821373454456868
0,0.006219495277277899
0,0.016895247385899224
0,0.021947043284619053
0,0.22712918250026992
0,0.009744079548926672
0,0.028741168222503607
0,0.8406516445459394
0,0.06492996046986656
0,0.009192644731114254
0,0.023361975626045667
0,0.23052625472919164
0,0.010234108143398526
1,0.8565012078167742
0,0.09612912825740785
0,0.0964503588461065
1,0.7860786136030461
0,0.1346265211232246
1,0.1216547057012472
1,0.9531087336246261
1,0.4292077638756082
0,0.012674422053908682
1,0.9456984775144852
0,0.01772215008703795
0,0.016717831534781544
1,0.23304911411461404
0,0.013594576449071088
0,0.0060271190578874215
0,0.07201183843213187
0,0.10894760137229298
1,0.1566003095082865
0,0.017928002931915977
1,0.8715805593037537
0,0.03608241391223153
1,0.17287076606555157
0,0.9202683460615337
0,0.018375251824518875
0,0.021372582652430184
1,0.9646477804732265
0,0.11772453698029398
1,0.4873265037449414
0,0.040213553200778955
0,0.03731724732340111
1,0.9301628039306903
0,0.11492497501621574
1,0.570498598682153
1,0.648222556616073
0,0.9028866723129971
0,0.056973001709325045
0,0.06803394989606223
0,0.017807409882099334
1,0.9519653132814635
0,0.006348033239232326
0,0.022239373614427963
0,0.05915584728643209
0,0.04068256553713021
0,0.3296193335309908
0,0.3441025400695675
0,0.01833551279863667
0,0.04809074626037515
0,0.009027105853919703
0,0.2669560868404874
1,0.46526926724910783
0,0.026164165806838852
1,0.29212574349387865
0,0.4447387086723114
0,0.010223130734190056
0,0.18033114645504242
0,0.009000870195536491
0,0.21206956904691054
1,0.9800522138184817
0,0.07416896098502464
0,0.0837308097680555
0,0.03925505750368124
1,0.8415895606451217
0,0.025630403339418024
0,0.11469826898344784
1,0.794400858332035
1,0.9714832198953722
0,0.022747769048031653
0,0.025180465253595474
0,0.05280485070483532
1,0.8139467954927144
0,0.052731922259707936
0,0.025762302502020974
0,0.013998381990806656
0,0.15191650358559236
0,0.11284710278064465
1,0.9716629641962383
1,0.4318458835719013
0,0.13417295071076946
0,0.16128350117324378
1,0.49200238531049867
0,0.03518709065276594
0,0.13462128363310288
0,0.2515510566231452
0,0.04327198485347693
0,0.5002012259326981
0,0.1822317059622887
1,0.9385671724260735
0,0.009680977513181909
0,0.027327079470151838
0,0.02481757807426293
0,0.023308545416810735
0,0.023219695245406225
1,0.95214158055534
0,0.08058326086596976
0,0.03521901985475396
1,0.861334227066689
0,0.01639643585036553
1,0.03250699970840604
0,0.08280083665269372
0,0.019529034276784596
1,0.8330234810239784
0,0.008266390201741197
0,0.017465547944735833
0,0.08553665233358301
1,0.8824249803429868
1,0.9473935569213789
0,0.07834361450197413
0,0.7361642946843722
0,0.04494279295683071
1,0.8899584834336853
0,0.1635530474715072
0,0.029430925270392212
0,0.04301363541828577
1,0.9085141317157398
0,0.04386356288613924
0,0.038036416035616326
1,0.922285757592682
0,0.022895747394561475
0,0.18861702867803237
0,0.010849732138151947
0,0.014367164105274511
0,0.01895737138950691
0,0.02134404805179455
0,0.14963115363170781
1,0.957887712142388
0,0.007417042151512095
0,0.014450213147883318
1,0.5915675474485614
0,0.5728093252970579
0,0.004090366932691406
0,0.01760645786763281
0,0.12725242141281745
0,0.049750369930271765
0,0.07224378692134896
1,0.16421319732128553
0,0.012516283943730142
1,0.06877429328587148
0,0.03981455628264381
0,0.026298398390630986
0,0.28980896325215555
1,0.8517445816080547
0,0.0017220974095870638
0,0.01751126943311893
0,0.03506200332606492
1,0.8733703705909266
0,0.024559316643463194
0,0.03138560687275341
0,0.30670462949681737
0,0.07684224692374449
0,0.041102191051782415
0,0.02690263335043602
0,0.049350106377670566
0,0.007930436829633986
0,0.020863704493359628
1,0.36184815878500803
0,0.2742611265367926
0,0.07131681551926705
0,0.515693866604305
1,0.9779841123789494
0,0.04109092126423143
0,0.003962195598500346
1,0.5327868533763613
0,0.011344900294307105
1,0.9772569622699613
1,0.9745218595174945
1,0.9453128446621829
0,0.0788988731719733
1,0.16307932058493624
1,0.877268096069957
1,0.9484298248459005
1,0.6863546044216915
0,0.029182226537637135
0,0.008296491972924652
0,0.9854097606548002
1,0.4670720477202873
0,0.016456997834852636
0,0.025509207398369635
1,0.017771344152356268
0,0.03824518438553922
0,0.013529803564608056
0,0.4311660356318491
0,0.030417784874876553
0,0.2675928924231936
0,0.05731667947998718
0,0.017282128837383386
0,0.24953068618735316
0,0.006354588631920953
1,0.9044815509456382
0,0.07086596733391062
0,0.340433364672095
1,0.7705080334148637
0,0.0200202061679233
0,0.18422827447232099
1,0.735795183600035
1,0.9211498350869297
0,0.010081884718927927
0,0.08930802625086534
0,0.0030990362907491148
1,0.7183707075552083
0,0.007513237320156161
0,0.017728422570676146
1,0.9636883723245582
0,0.7100831437686557
1,0.7341583322957463
0,0.042402835368675895
0,0.9326657289988538
1,0.8343418171528498
1,0.7559989749645917
0,0.3394648852347432
1,0.4578779720498433
0,0.04088950437538733
1,0.5675204230803894
0,0.8032005921641691
0,0.06634580112077434
0,0.011848978836871284
1,0.7783863769751748
1,0.9283109726187055
0,0.18065933914345947
0,0.33533827835812047
0,0.0293838123084977
0,0.009630080871675798
0,0.017132360329981142
0,0.8786659014831247
1,0.8094843518943496
0,0.083033250510082
0,0.10821791589657247
0,0.4266453591019721
0,0.08284162717165375
1,0.454853393659269
0,0.02099301924140247
0,0.052500435074211135
0,0.3909905062688196
1,0.552977295195888
1,0.8752345058620422
0,0.08080878799892194
0,0.07439555087205672
0,0.11630012231668797
1,0.653526538987578
0,0.2718411301282641
0,0.014026551373382228
1,0.9551410191445968
1,0.9804708058788177
0,0.4239093787158415
0,0.04965573594223754
1,0.9737885578968286
0,0.009312943051467196
1,0.9736439550436381
0,0.01064306784075729
0,0.04843394364130282
0,0.0944448150344255
0,0.05071303985695109
0,0.01581435484552007
0,0.02717004432773133
0,0.047023376696795245
0,0.7185507158940981
0,0.07036282987801767
0,0.01958989687804628
0,0.01067562068882116
0,0.7811088315824086
0,0.0142781338651504
1,0.9481556088924774
0,0.026534740502356793
1,0.840038645389447
0,0.008961919911876415
0,0.01482956700820491
0,0.11683847418568145
1,0.8362307823249389
0,0.05492269128239624
0,0.05521084444562895
0,0.05277481164597095
0,0.011719030764601786
0,0.006224820034393787
0,0.01637333580771211
0,0.044362162522890554
0,0.0214778329719503
1,0.9785029195840941
0,0.052378002077090334
1,0.8319690738393364
1,0.8949893772097521
1,0.9701336506229717
0,0.024389484363957846
0,0.05687860131680758
1,0.9939783948168207
0,0.09026912556094654
0,0.17749955609446055
0,0.07191817660836246
1,0.775925178339987
1,0.8919308173004723
0,0.5577699164820477
0,0.04970736369565763
1,0.21095629828529272
0,0.008554884296435607
1,0.555402621127691
1,0.9350454450432153
0,0.0070923345662294674
0,0.006522344852239911
0,0.11671440176428372
0,0.010186575348207999
0,0.10246421311969722
0,0.01325005301012197
0,0.04794240588775912
1,0.4383664256040413
0,0.017865359838470214
0,0.16102535461486936
1,0.2123820808454867
0,0.01864050749813891
0,0.07629406463900476
0,0.034558602400546555
1,0.734770526168688
1,0.21483427047461912
0,0.03694291653422054
0,0.03704217446117175
1,0.9805248618983087
0,0.007673692976579833
0,0.026443442612331135
0,0.048630445746720215
0,0.01222710082342439
1,0.9762897300618681
0,0.14274197060037885
0,0.01435261551060912
0,0.07283700204284159
0,0.18929313015967347
1,0.6926885300584913
0,0.08889952584805971
1,0.48755276559065747
0,0.022008997622699884
1,0.7108408208977318
1,0.059590178864135285
0,0.053031850023922744
1,0.968986468981389
0,0.06742001791066539
0,0.011325928294874462
1,0.3694622026744334
0,0.09439111873375657
1,0.8854790266102116
0,0.021624035322371872
0,0.019639440915635055
0,0.03541291543917315
0,0.02715958760391756
0,0.0077464450916066895
1,0.05663700827706218
0,0.8645724471220332
0,0.6205256662465741
1,0.9740162344005896
0,0.06269802061829428
1,0.5972692721615682
0,0.09920547495202013
0,0.00879175699727952
0,0.04363415541226596
0,0.031499868352728236
0,0.023310002729732725
1,0.056451232297299536
0,0.19007461062892517
0,0.016195327074663254
0,0.014872898909074204
1,0.5324534084921194
0,0.07184712673960575
0,0.04302531544968315
0,0.06769903410673093
1,0.6819906371690624
0,0.22612295068692326
1,0.9762959139084545
1,0.9919270114872957
0,0.1019925664466194
0,0.5131879558802032
0,0.016177778133795482
1,0.6702418122073603
0,0.04732069163472697
0,0.008221360698401294
0,0.09856954238901248
0,0.048056523971207465
0,0.06466694737504326
0,0.0278480360555841
0,0.020889215534811968
0,0.06683552451780944
1,0.8988466679892814
0,0.10071362417598312
1,0.9885783426756389
0,0.009579416019608584
0,0.06498298493964143
0,0.42488718647947915
0,0.012783551663569984
0,0.02053185734264805
0,0.031012459981796126
0,0.8001776318168304
0,0.008764465358091606
1,0.8897385421652856
0,0.009072415957121558
0,0.031003818879260986
0,0.004930929017490901
0,0.13460793570792418
0,0.023949862290744754
1,0.8649230685863881
0,0.1526196612580537
1,0.5535875000643999
1,0.33414493147635105
0,0.007572897159260528
1,0.9570362627250572
0,0.0198852577269372
0,0.017382940019992965
0,0.821064459841926
0,0.1560864221662624
1,0.7005666557718301
0,0.028300445990189334
0,0.007840949447945025
0,0.1772312436902887
1,0.01082703398182356
0,0.029216412376542548
0,0.032224255263680404
0,0.22490374705096977
0,0.07020225874902361
0,0.10923473865473733
0,0.019911806907225167
0,0.05249948331884583
0,0.034198683720029606
0,0.03225669815955191
0,0.17629664663206318
1,0.7467748337009208
1,0.6332190852961866
1,0.9580604314630113
0,0.09588796254677845
1,0.9313813907317373
1,0.05356427379604303
0,0.011854263800888049
1,0.9464810947933427
0,0.04545906601136713
1,0.769024965452889
0,0.04517620440321281
1,0.6563305225085942
1,0.8961677759946676
1,0.9757067960280955
0,0.03336006786744508
0,0.006076740152580797
1,0.41806090124717565
0,0.10007106230904605
1,0.38071736125037087
0,0.20590233199546604
0,0.03431631007450714
0,0.07422274057056408
0,0.03799114031636639
1,0.976768050555652
1,0.9311939927639841
1,0.9524880512816586
0,0.6124239785937227
0,0.7066846810255236
0,0.799911412318407
0,0.039366458691020075
1,0.9908672850584791
0,0.08922412773289004
0,0.2321927371928662
0,0.06389876654328086
0,0.13497684743699764
0,0.06637839932420167
0,0.05389774483264841
0,0.01039003529398858
1,0.6757244255369639
0,0.20987515217767014
1,0.837360009360837
0,0.09329309427448433
1,0.22865032504090488
1,0.9667486425059644
0,0.012793214715711121
0,0.15282669617018885
0,0.08008271537424948
0,0.08982889992136335
0,0.4176800890402067
0,0.04925841865567556
1,0.7019802607346343
0,0.006031550146967058
0,0.21538047520284087
0,0.05203001928448142
0,0.7560933117187866
1,0.9242263780023053
0,0.06242665662877472
0,0.22202899766228523
0,0.0069348595183156185
0,0.10792341672497219
1,0.17954417125569241
0,0.009937850926499507
1,0.6676594991029562
1,0.9432217957394907
0,0.0895561776532834
1,0.7724157227367863
0,0.03460306942081605
0,0.2573163372479656
0,0.01696065074732248
1,0.5734172016793392
1,0.8317201337816219
0,0.042504928849368524
0,0.014128038516036754
0,0.04749006285075148
1,0.9699358513990767
0,0.3441088959640698
0,0.009878030925795719
0,0.0536126779260697
0,0.033514441569682064
0,0.06735205362130149
1,0.7403643944015988
0,0.006248328480691482
0,0.01568358925224602
0,0.2554164136301669
0,0.012947262073410227
0,0.024864864921664787
0,0.003165274427077888
0,0.009688004397999172
0,0.22367658553073372
0,0.06351420720253931
0,0.03065217366352755
1,0.5892443031885438
0,0.03143049857925524
1,0.1007313308623622
0,0.032185698299904544
0,0.4357482470694057
1,0.627162049055306
1,0.6961623535584329
0,0.02354553320243612
0,0.017561501375293297
0,0.08385388441663638
0,0.5006766570692051
0,0.02129125776436894
0,0.04840679855710201
0,0.03283214767043102
0,0.12677113590429004
0,0.17432875081963348
0,0.0076194026383563564
0,0.03204328379407273
1,0.8204434311785312
1,0.3426847898124553
1,0.8480742338764328
0,0.015507877386724525
0,0.0904226283577202
0,0.011868139721275619
1,0.8405710288600073
0,0.025120521735881918
0,0.01485181998485578
0,0.042688152368141184
0,0.026071243655248266
1,0.7874609747282035
1,0.9098424982489943
1,0.91315948017597
0,0.046951755306859515
0,0.07341586760600498
0,0.024307698945146606
0,0.9588458188530276
0,0.4494287546987327
1,0.9766265536118386
0,0.03247932550053002
1,0.4496417188029254
1,0.9129782383559062
0,0.01560995216460152
0,0.03534908480165787
0,0.00779991383737063
0,0.18264340752986022
0,0.5106116482228255
0,0.07280364597555367
1,0.8674373002553214
0,0.0644563188675725
0,0.042991024917443756
1,0.9823492487405068
0,0.048092931654013765
1,0.8252766327798344
0,0.007472142249592746
0,0.010169843870137436
1,0.858188122367149
0,0.03454573406127098
0,0.03473148308588663
1,0.8938226012805498
1,0.957582244833385
1,0.7985953236897552
0,0.016467287005797592
0,0.16901858427672636
0,0.023894687381580428
1,0.9386456089250108
1,0.5369955009951927
1,0.9431084423378311
1,0.9005663425955656
1,0.04248888353829881
0,0.07689618636908022
1,0.652476500598724
0,0.37652089896789714
0,0.01699884159516754
0,0.0054842383709497134
1,0.8294564886616057
0,0.04792029694996385
0,0.27145360958487563
1,0.7904869636138488
0,0.5477263890015568
0,0.019866101342209747
0,0.028437329598494373
1,0.5176006901179261
1,0.34051551728154816
0,0.5858646173517097
1,0.9649936798247489
1,0.5789007711152455
0,0.09755975116234099
1,0.9331811681105411
0,0.035971161933797
1,0.9172265703124156
1,0.8122137776256434
0,0.03726468046200429
0,0.002117815794436631
1,0.22139478241716595
0,0.019843239812014135
0,0.3896079370002295
1,0.9202705305480516
0,0.6519542220237718
0,0.008872659360660218
0,0.004532170437367949
0,0.021265815181962383
0,0.017477379326730408
0,0.028619984387445018
1,0.9927940610651572
1,0.9446202579653742
0,0.032818608642180044
0,0.06722441178406278
0,0.06628279476553534
0,0.12493585938465791
1,0.9625470890033588
0,0.010850565215097729
1,0.9771788017542189
1,0.9774253491477491
0,0.022124353042606976
0,0.017230064237413877
0,0.02490447059409025
0,0.0070957070405978815
0,0.04635562413133483
0,0.07204121345105163
0,0.005883928448886105
0,0.0035289286444070513
1,0.9675978871672093
1,0.6194943545626145
0,0.17514472547891924
0,0.1023943919661766
0,0.17548503981084768
0,0.041986500985833904
0,0.058261838522956924
1,0.9598085452205214
1,0.9811934550901609
1,0.8472501520594065
0,0.16013782096082593
0,0.027366296547809373
0,0.008733586155035021
0,0.055707611439024314
0,0.08880310592387627
0,0.06352198052591836
0,0.08366937031831378
0,0.006471363382530129
0,0.13088319393273445
0,0.4676303112205644
0,0.01722912812999078
1,0.9541075361778284
1,0.654986872367242
0,0.010107541728708423
0,0.05059194899485376
1,0.8702138199124934
1,0.06432467789604798
0,0.6975569096622554
1,0.6991971048230395
0,0.18658244572105148
0,0.04325872599335105
1,0.8994028056534945
1,0.3347940668506815
0,0.27152075035054024
0,0.014288786360122471
1,0.8613360285636775
1,0.482500906597877
0,0.33155238012079186
1,0.6033126287182184
0,0.04526521288838562
1,0.3969593841241204
0,0.048213031342291886
0,0.04593197337942651
0,0.008795686398931581
0,0.01744697626639928
0,0.05056738494024691
0,0.08775185117816711
0,0.012405087691678645
1,0.7101191749978901
1,0.6160376356641599
0,0.5894935517278544
0,0.030818585106439256
1,0.09169202657544327
1,0.8886638819240691
1,0.7777568263247109
0,0.00822108352956046
0,0.01530731222643081
0,0.01755027480411096
0,0.019335698419812704
1,0.6203397592794405
1,0.7592966044930765
1,0.07612010864714656
1,0.7140921018862136
0,0.05650379579887678
0,0.440991223146543
0,0.04237451348012748
1,0.6194937206698583
0,0.05837198598165979
0,0.004859000287025155
0,0.9175493238142615
0,0.012682828635825726
0,0.008230387429874282
0,0.04837664556590801
1,0.9113204785738074
1,0.5574789821513303
0,0.036079002986256124
0,0.4608017743916352
0,0.024843405809056886
0,0.015425720062661706
1,0.835009987524388
0,0.07663994382743454
0,0.11969032164393298
0,0.009137809161874053
0,0.03586486765754539
0,0.5448794557673831
0,0.035080010578451906
1,0.9010837541311074
0,0.006798136137682774
0,0.012214990160403998
1,0.6483392089763261
1,0.04125803892487127
0,0.04086196871511104
1,0.5536560264533538
1,0.9562221095271333
0,0.0341448574732509
0,0.09208494003294683
1,0.3362139059258857
0,0.20019928821090413
1,0.6160383256262981
0,0.6595322157601039
1,0.8009822041031285
1,0.6536616857248096
0,0.019726441952273428
0,0.10061930440990549
1,0.7443618222478525
1,0.9701365755937564
0,0.22423583900019883
0,0.0268325478555174
0,0.7467050976323665
1,0.9596329466109913
0,0.092084633506012
0,0.1260875938016632
0,0.03432635318803285
1,0.3017748178086843
0,0.031244167083760217
0,0.061562164500317595
0,0.5897209213736929
0,0.11366301199111155
0,0.20145424559877778
0,0.02679286609079287
0,0.06320212022022986
0,0.44116709828475376
0,0.20593914693764284
0,0.08712174801109665
1,0.7402623878467784
1,0.7941096469989615
0,0.008983288470065404
0,0.00543682321017115
0,0.014813077009804543
1,0.6840677295593672
1,0.9280449761404447
0,0.023856775650846315
0,0.07718633626550978
1,0.8096765489908669
0,0.13053926438854288
0,0.17312764935049657
0,0.0027924839678929413
0,0.031249521451514627
1,0.01081832280976056
0,0.046088645660793244
0,0.034215745908643846
0,0.01652776247148509
1,0.016250606482183134
0,0.05415550018186435
0,0.02657315127780028
0,0.03327807228933053
1,0.7331799726757555
0,0.043218264692637356
1,0.9841237975850772
0,0.0023170428549976504
0,0.00336944190820941
0,0.04320311499889773
0,0.03513736409341297
0,0.01201068679338951
0,0.08977305624860568
0,0.019808360592303162
0,0.021282420480936176
1,0.9257454918477491
0,0.025948631683028026
0,0.0147172229730977
0,0.15874507845865996
0,0.03606390621542382
1,0.6487472910342513
1,0.6814307385553059
0,0.00569163870234474
1,0.9506641910361988
0,0.11629077106994747
1,0.44693815125016306
0,0.12406327685350292
0,0.2321811749521521
0,0.04088950437538733
0,0.0461832338260577
1,0.21262118355576182
0,0.06268636986157941
0,0.014024602520776407
1,0.5140052776918023
1,0.9147016840989575
0,0.02365482767894411
1,0.04596853479727156
0,0.027824814302550058
1,0.5089183541543757
0,0.011157423030685445
0,0.025110411509176166
0,0.04715256455552862
1,0.9572862589697624
0,0.055701792470584384
0,0.03139022141554145
1,0.9688432999286419
1,0.8704212533332107
0,0.3157087062752341
1,0.9471716331578418
0,0.04088680979593637
0,0.08567355909811204
0,0.01426513420216648
1,0.41089579626898
1,0.2334541022020672
0,0.024209863752684812
1,0.7280629077668666
0,0.042074822978131886
1,0.9756819430815319
1,0.7505751460800564
1,0.9433540295703703
0,0.05038503633147573
0,0.1408844269953851
0,0.12055005854747909
1,0.14548467776642937
0,0.034706114950047134
0,0.8541113329038328
0,0.005741915094377333
0,0.025641661430542775
0,0.026293776702667443
0,0.01413315154482726
0,0.005014380461912324
0,0.08823327189310667
0,0.33359530160415396
0,0.06496492031910688
0,0.015994591510820742
0,0.01740726955288875
0,0.00714455435024517
0,0.010857674197974104
1,0.9340177650818012
0,0.03930779809237237
1,0.1634519858422212
0,0.18240520911194247
0,0.11516545053920926
0,0.04799102184935601
0,0.009584274552155167
0,0.012302004217759687
1,0.9721959563610589
1,0.5256401058257074
0,0.04119910114703697
0,0.12515478657241433
1,0.9568603209360802
0,0.027252438755185408
0,0.01080707612542037
1,0.874901208131195
0,0.008043857515313824
1,0.6978472210646167
0,0.18186847860190702
0,0.006317956421075389
0,0.04107626206001996
0,0.01454981045602492
0,0.10447755445396173
0,0.281977712619939
0,0.4352967350523593
0,0.09814784910892879
0,0.041086906561804366
0,0.010422235188898033
1,0.07167554315953338
0,0.18928983462621307
0,0.06738849504099634
0,0.023514299595311462
1,0.8864013375339006
0,0.02416157703278758
0,0.04072535615907585
1,0.03667771448091132
0,0.49088732363026977
0,0.02789616077786745
0,0.012151373349035769
0,0.10017678594968474
0,0.9250545269285356
1,0.8235851880541263
1,0.7972623400038742
1,0.6063245709208923
0,0.12050113917279974
0,0.012262209666480393
0,0.2014768972369552
0,0.012488427525345132
1,0.23189390601891569
1,0.79439163022333
1,0.8745180019241321
0,0.06992560991196319
0,0.7833075006666526
1,0.510150095804984
1,0.7440647317433928
1,0.24557949658283873
0,0.2667458925307298
0,0.08734324241870693
0,0.09191419035204773
1,0.6247927154177944
0,0.006719349116552852
0,0.004410575642948575
0,0.6609394337245267
0,0.07030749843239387
0,0.019711351849671637
0,0.008724382045054957
0,0.2295882357177546
0,0.016169679349019004
0,0.11221936187924328
0,0.018055401594234813
0,0.10364233624787324
0,0.027153264968916388
0,0.019530674547193386
0,0.03236196089796751
1,0.7282983804867849
1,0.9617146855329645
0,0.059687764267631976
0,0.01210498422689354
0,0.005160744246304792
0,0.13544220040536348
1,0.9801195106120222
0,0.014101860112717022
0,0.041474945727295286
0,0.019414599599392717
0,0.05849771315549287
1,0.596833314931687
0,0.04211152064565987
0,0.05591304147235922
0,0.056383050051586975
0,0.04235312203810215
0,0.26124920432825055
0,0.062281556448753134
0,0.8386384131797735
0,0.638127098985949
0,0.21988772665582665
0,0.02527207839879261
0,0.012681321049336508
0,0.01063391792662491
1,0.9952285420329412
1,0.7000222412360263
1,0.8077489064325603
0,0.8668492637019574
0,0.016657674109059783
0,0.060899319137169936
0,0.36771472931845267
0,0.1769847422933376
1,0.02435387772041057
0,0.022923386017755024
0,0.07961630195662112
0,0.13819451688905268
1,0.26246188681329413
0,0.13067046522372971
1,0.9889799646468049
0,0.6629113724554664
1,0.9714375531696844
0,0.06930618104961771
0,0.08126227496988257
0,0.038246005742029875
1,0.9537170389424167
0,0.037702786848636725
1,0.8456204408903495
0,0.11363780627957863
0,0.025702949942646977
0,0.013257359011878836
1,0.5834327773398753
0,0.006475069858726942
0,0.683032705163968
0,0.02654025384548421
1,0.6313017114584468
0,0.005519949832416161
0,0.04352049906902167
0,0.1371588581595445
0,0.055569245712659025
1,0.7799911622631388
0,0.016649010605613124
1,0.6843376186687619
0,0.010138522086635134
1,0.724474867718409
0,0.8974890057711427
0,0.02290683865042974
1,0.9769922205935961
1,0.7576308454055173
0,0.02076408112986854
1,0.6541140744798926
1,0.8256498622681716
0,0.016171838659565552
0,0.026342222887185924
0,0.05463236327752279
0,0.1590234877643286
1,0.9351273039704513
1,0.28918400636452596
1,0.9663179511254315
0,0.034443874172810564
0,0.06702221520889104
0,0.44474707020757326
1,0.8587005678989705
0,0.01010046782630391
0,0.026585744626968145
0,0.021398810874095675
0,0.16819140735270052
0,0.044573717268628785
0,0.04169631773738914
0,0.02476863031948252
1,0.85322247099394
0,0.03334439996208513
1,0.39161880754179135
1,0.9502213813940039
0,0.014044805432231832
1,0.9888971870898109
0,0.009932571421822793
0,0.05250060448659439
0,0.033655767267371406
0,0.021530246663051648
1,0.9622115889767848
0,0.5011601484911079
1,0.8592217507978434
0,0.04045181967476057
1,0.044575448757390314
1,0.530344127134858
0,0.7397832190210217
0,0.02038556643629813
0,0.02678657434143545
0,0.006584893434632069
0,0.033847013331880615
0,0.004567818373941104
0,0.014952562419760453
0,0.05479382432297409
0,0.1639624935352021
0,0.11026584520191421
0,0.013872224391108624
1,0.9677233220238289
0,0.8291517850338932
0,0.04750716355711192
0,0.870598871345395
0,0.02032995368187963
0,0.058269740843736595
0,0.4937574911388196
0,0.045081352875186366
1,0.9710345807198499
0,0.007111141966930845
0,0.06242665662877472
0,0.27086546034247305
1,0.9490945030479325
0,0.007980522324315318
0,0.3535260759613152
0,0.029757571625214908
0,0.0170118934773651
0,0.027384499674202287
1,0.8403403783457865
1,0.851764286610242
0,0.011867339430294655
0,0.5856472563347727
0,0.08201385449235349
0,0.04113032012717915
1,0.2217776642299319
0,0.011822084326027932
0,0.013329249758401095
0,0.02630323171739076
1,0.4624790106233498
0,0.06267018756752561
0,0.05312126618266877
0,0.07470196316797796
1,0.9829602823848418
0,0.054644067895969324
0,0.39526884842882
0,0.8413571862748863
0,0.16548293409740336
1,0.9516251498293461
0,0.036148575880617234
1,0.7581977519451563
1,0.9328913115817659
0,0.04018404785797312
0,0.031306788033620914
0,0.047312915412771196
0,0.0213905917514267
1,0.9545302419400571
0,0.012322323384362016
0,0.16798434249148794
0,0.016256455732212908
1,0.972614751869613
0,0.04805844382900721
0,0.003986534794430529
0,0.213817405362224
0,0.02444534827736912
1,0.5407362820935966
1,0.6064765058754407
0,0.003469009671114794
1,0.9525068723115813
0,0.027789656165367282
0,0.4893534466769754
0,0.06037538712784896
0,0.45345714524487024
1,0.9280453539917821
0,0.02250817810585922
0,0.03964917423062403
0,0.7913344522566191
0,0.8273064250105482
0,0.3277298806101051
0,0.020588748201158805
0,0.03703414359576573
0,0.007732728262909474
0,0.02214414470997445
0,0.007515351042361123
0,0.212693163061473
1,0.8118852441462941
1,0.24634571468649272
1,0.41861513278335594
0,0.09924910889439972
0,0.149723648668833
0,0.21080238000704934
0,0.018002180887922246
0,0.7950101216763522
0,0.03565824564590354
1,0.9761694942914393
0,0.22529721936702896
0,0.5926832968483594
1,0.29252464566439906
1,0.43516178776144065
0,0.008118299855012579
1,0.8911950455066381
0,0.030533768257224446
0,0.5223778944408688
0,0.014629662866086357
0,0.670408207397951
0,0.10512868026251124
0,0.017456720086350543
0,0.1092284975030297
0,0.29863452433153637
0,0.013697911772025773
1,0.827732716064037
0,0.041271432228654335
0,0.03268633971976801
1,0.5006766570692051
0,0.09276439667168229
1,0.787316132227992
0,0.010221242198802289
1,0.07404566110269577
0,0.03436210835660696
0,0.04702507418962643
0,0.014121358977227206
0,0.034646148858045525
0,0.0790178782193244
0,0.03879607356554872
1,0.982770963240012
1,0.9567015550523243
1,0.22908413103370528
0,0.42816015529378054
1,0.31477175658488277
0,0.02523542938638116
1,0.7776854690471927
0,0.028772778948976868
1,0.32656108689770735
0,0.09077121001659647
1,0.9296918876168448
1,0.9787877083709547
0,0.8782313523836723
1,0.9874093642522922
0,0.03369334288584829
0,0.049152106400960814
1,0.23216969854854716
0,0.028050016046461068
0,0.021238979341949425
0,0.013620651826545744
0,0.014859035767869885
1,0.6131612632836808
0,0.004124069871986352
0,0.027664247607940205
0,0.03785868570708715
0,0.046237588343430024
1,0.7653664755240626
0,0.12197934083739358
1,0.9506799234481286
1,0.9798409196582989
1,0.15848336458696655
0,0.10538394100281606
1,0.9796022629460239
0,0.01031104210495546
0,0.006684288364138002
1,0.7109512060296456
1,0.9637724758023919
0,0.25649634019930184
0,0.004220024263226997
1,0.9035462354749692
0,0.2256644563067267
0,0.09250393986158544
0,0.1463935678048857
0,0.15433556469077966
0,0.04281030976361431
0,0.17444941029727695
0,0.031505082689664496
1,0.955774976539673
0,0.0872024625530233
1,0.8597488099125596
1,0.9071810237014213
0,0.04593195297540655
1,0.9456075488869187
0,0.007348057204200262
0,0.028259658426341663
1,0.8367969244510498
1,0.3958094785981115
1,0.7456492461321921
0,0.0524577586699561
0,0.0868753927338377
0,0.0657841919451348
1,0.5313688304063773
0,0.024576775470225916
0,0.04504559787528169
1,0.9661332499984456
1,0.8382782934244747
1,0.9891335853595921
1,0.933961269391438
0,0.07923235250908554
0,0.008452338572489644
0,0.13256834932811543
0,0.027137796014786327
0,0.04272505697565462
0,0.016001972836830546
1,0.008231084256692686
1,0.20040789006029286
1,0.7852861541556521
0,0.013388110987744006
0,0.7386367979236041
0,0.05378436264941357
0,0.9912349599725848
1,0.7856606234404061
1,0.9602323240910288
0,0.02804970388662041
0,0.031578840204801034
1,0.6644560013842683
0,0.02125571100985069
1,0.9483530996532388
0,0.004497953907017121
0,0.13748488382116658
1,0.868115673234347
0,0.056497860189562994
1,0.7524892381700733
0,0.07022761962108062
1,0.40418500304991123
0,0.024747663843064364
1,0.8406813374728822
0,0.04904316928089274
1,0.9319042558643886
0,0.020624816831096574
0,0.3693884925581125
1,0.25256917104694776
0,0.26608902037638227
1,0.9573394889551307
0,0.047479959378109955
0,0.08339121922981546
0,0.10301117396155691
1,0.05544710278403671
0,0.02872847395697632
0,0.9808799984700677
0,0.0669104596072515
1,0.39480113826928387
1,0.8645327059707172
0,0.01932527348333867
0,0.016922920008351532
0,0.04541182277007634
1,0.9315517530876568
0,0.03555040483862851
0,0.022723275525749376
1,0.9238944736221568
1,0.9675885174677803
1,0.15032285734134887
0,0.10386885974037054
1,0.684901131869626
0,0.0243739029932261
1,0.6497244190123206
1,0.049662802228730096
1,0.6324332568532104
0,0.048997049253157655
1,0.9865098818667616
0,0.028211937686222155
0,0.22255865039786088
0,0.08330966088973747
0,0.0076032329850441146
0,0.2217774925683915
0,0.5073430137624754
0,0.06973499402587402
0,0.005817980990267328
0,0.05040481611159253
0,0.010284972579261522
0,0.01575091504815631
1,0.9954954243210887
0,0.054267273408555854
0,0.0925784241654375
1,0.9456917179382709
0,0.014249939205047477
0,0.02942640672990519
0,0.004274768574259938
0,0.012034235997127413
0,0.10733767133970146
0,0.029038429189122444
1,0.005029809771684217
0,0.02385698751184435
1,0.8312886579498471
0,0.030257019814918674
0,0.054279951925065704
1,0.8265540903267311
0,0.010241632717257608
1,0.7490953372226735
0,0.016332514354423743
1,0.8919430573434818
1,0.9650566497198787
0,0.13807710962236103
1,0.9366657050838774
0,0.013744570016305614
0,0.01428172380367048
1,0.7059425256818119
0,0.023763219669655795
0,0.16598150466038983
0,0.06776084348318392
0,0.08386238781011304
1,0.9968491778790923
0,0.022682671400134028
0,0.011075437744661326
0,0.15841427280603998
0,0.0230116040139145
1,0.48069601442541005
1,0.8594371505426732
0,0.22068856210820967
0,0.08549512952127639
1,0.8778855521958607
0,0.005245973681133012
0,0.01017778837181505
1,0.7780016810434484
0,0.043345537696307695
1,0.7397214297920871
1,0.28933323125123556
0,0.06333210741196768
0,0.4205329894973131
0,0.08373274593162747
1,0.9566766068179839
1,0.6643981642968256
0,0.4287519615533642
0,0.015863401628598898
0,0.05219192363138034
1,0.9777436742402601
0,0.01295724097493346
0,0.06440258987611013
0,0.040828111456569414
0,0.033957968181976744
1,0.8125049842049931
0,0.00328027826866036
0,0.057952507972707686
1,0.996745115894574
0,0.03696608462582387
0,0.01215104417247104
0,0.012977149480793027
1,0.7052805787978345
0,0.0980944125475554
1,0.9259567640766301
0,0.0698685322253254
0,0.027812682773187433
1,0.9906503009554146
1,0.03528418178651365
0,0.01106989822085074
0,0.014217884956464939
0,0.0673320339198039
1,0.9590190730173073
1,0.9440299550557846
1,0.2208900063658308
1,0.11651762143823106
1,0.9464058809619186
1,0.2617583756763239
0,0.12700603629025523
1,0.9646281353497207
0,0.10836233521745524
1,0.613429069529315
0,0.06766920324085544
1,0.8520201558327186
0,0.04095433362359519
0,0.10725900692510494
1,0.6372146620417626
1,0.8869679138181347
1,0.30185462878055136
0,0.24851949872337914
0,0.020835568514633564
1,0.9299359991317108
0,0.22423851778014597
0,0.08650217376502665
0,0.12512731249184866
0,0.02350731128457636
0,0.19808208765535615
0,0.1443154137266442
1,0.8331256900584513
0,0.005813858555493465
0,0.12856751496540963
1,0.9684496287905674
0,0.006147115403876161
0,0.052882741763712014
0,0.06277253175710774
0,0.020312005173027357
1,0.07465879662263898
0,0.9300001954893884
0,0.026265015148178996
0,0.026894868068422017
0,0.009533389813444952
0,0.009815975122936043
1,0.35535591781358133
0,0.023779821981186746
1,0.9769558768738098
1,0.8636734061473675
0,0.00265727170691018
0,0.018164224504314975
0,0.6548469125104058
0,0.021930016896477163
0,0.006213206441789567
1,0.92163000390189
0,0.029417495786480688
0,0.034538837988257264
0,0.2155125727855512
1,0.9468122780203808
1,0.9796902105708474
1,0.9791945262974349
1,0.7444811541132369
0,0.01715542791503338
0,0.07039579673110773
0,0.005686800210825785
0,0.03201521279403086
1,0.6540105933329023
0,0.060266533644108625
0,0.023640614605539758
0,0.005698981674047305
1,0.036429907318511145
0,0.02034088247728754
0,0.020009164603774807
1,0.7916514241162728
0,0.04809767499995647
0,0.04770725900424211
1,0.1646002888419864
0,0.07661341348543643
0,0.287779172084699
1,0.30437818453638155
1,0.9556928586193064
1,0.7125820236093809
0,0.01565130491435677
0,0.037087185043607515
0,0.32938731525118253
0,0.4301089814317848
1,0.9722148197601651
0,0.17839694449260854
0,0.07558949440860853
0,0.01790173835049445
0,0.03421187713828169
0,0.09618569905977975
0,0.8469590038822277
0,0.165592823970258
0,0.033085610465798304
0,0.025863509249751778
0,0.16437825087621494
0,0.2106371642445319
0,0.017111788356767636
0,0.022653999636187874
1,0.8822944658318973
0,0.008742575415045063
1,0.10936953734500576
0,0.03907622879327305
0,0.060737741364313876
0,0.43553037090031227
1,0.9517252997303535
0,0.010006409786109801
1,0.8436539787895453
0,0.04700515924267173
1,0.9704998981278107
0,0.029501024756266116
0,0.032415741216107186
0,0.015236282226456703
0,0.017574338058982317
0,0.05546494252810152
0,0.6024565022006443
0,0.12372097921719502
0,0.0170763633925163
0,0.4092402795618339
1,0.7745560112695506
0,0.046068978068201955
0,0.02915794058005419
1,0.6040534242698439
1,0.9854385858845368
0,0.030547465258710025
0,0.08123443410220972
1,0.5532953340166942
0,0.07008883092937684
0,0.04982129345194708
0,0.20282776490195353
0,0.05526633198255817
0,0.09991965339826375
0,0.05258706352511519
0,0.06971006565408744
0,0.027382612347307978
0,0.039744233140687105
0,0.27182301803716075
0,0.017522949338614136
0,0.7389345673350038
0,0.0029293553978979666
1,0.15280514359467678
0,0.0033875099443735346
0,0.006509153414086343
0,0.024400037281464972
0,0.010974640932904834
0,0.45816512053461605
1,0.09225117583150028
1,0.9710492141484013
0,0.11750322232155941
0,0.030478642993270605
0,0.08928850111465099
1,0.9836155224937451
0,0.08797799098524985
0,0.0314346234835667
1,0.6518154428946757
0,0.029857744768334443
0,0.058901347395748205
0,0.016777587918959783
0,0.09070946222764431
1,0.9062281491042087
0,0.05140940267754957
1,0.8727676159221566
1,0.6358942824149555
0,0.08233995951478218
0,0.029355198456410287
0,0.14102319779264266
0,0.9087384241890443
0,0.12489050976319621
1,0.9959206830059214
0,0.07261063100521956
1,0.6829243126157455
0,0.010006761156943085
1,0.8525011263429578
0,0.08906114671625727
0,0.020497682513081487
1,0.9718278984090892
0,0.0346216157895259
0,0.010799957422605418
0,0.02515477993518846
0,0.06499479740927021
0,0.06699202974004033
0,0.02098158808406811
0,0.003966643782465132
0,0.01218870322795599
1,0.87692514642891
0,0.005420325036176912
0,0.030809520753104294
0,0.04945116545615745
0,0.22202760099921864
1,0.9682159714559948
1,0.2377661836161032
0,0.06311424139975871
1,0.9391592775384006
1,0.8016580839899189
1,0.8677665619698545
1,0.03408818914506761
0,0.17022556566457728
1,0.4594832373254759
1,0.9260275155181779
0,0.045160574799719015
0,0.033875555007861914
0,0.014842470602764382
0,0.0776036883598322
0,0.05992788290329323
1,0.9524434197766042
1,0.8569134210777837
0,0.04181137235163984
0,0.27056728615406
0,0.008119895556104682
1,0.5896574267589786
0,0.6583050264320878
0,0.13556656759511265
0,0.018597424653521145
0,0.581275634488455
0,0.07356427281229155
0,0.02165648735494027
0,0.011027970746749934
0,0.0068365997635972545
0,0.07641434610467605
0,0.027758123196907597
0,0.0427412010113323
0,0.03660348279367549
1,0.2658419350168493
0,0.10293803415207607
0,0.6056300141127574
1,0.5752594880589508
0,0.05339622718939828
0,0.7156217770981571
0,0.03776914463658427
0,0.2517806672491932
1,0.36559489522897287
0,0.04314384714869499
0,0.4549404735642952
1,0.8539224259419321
1,0.9668281194473537
1,0.11949607431520294
1,0.8487502859393882
0,0.004312407458554645
0,0.0781924676748908
1,0.9020141846145159
0,0.03088798548870954
0,0.29581650798874215
0,0.041381571251449596
0,0.06695139501210685
1,0.7023575031051591
0,0.02176881040681065
0,0.03127579322486455
1,0.789423397501642
0,0.0874940644857767
0,0.041286984242427
1,0.8130462937670171
0,0.6659027393587209
0,0.11850964282271113
1,0.9355345557527454
0,0.43582893140948137
0,0.026901574732044502
1,0.7914149342208016
0,0.07774949058892185
1,0.9850509331927098
1,0.6548059858278376
1,0.9093026600690919
0,0.02966722986407851
0,0.1691703766230365
0,0.011163552282922437
1,0.9803744974276951
0,0.008711414418695185
0,0.026988421033919536
1,0.14311300129210489
0,0.041865784437301816
0,0.07598454341529992
0,0.0851837589455366
0,0.04946975859583328
0,0.06205920216853851
0,0.005256030031552229
0,0.3339609015666283
0,0.33340584304933557
0,0.01157748944641393
0,0.04313781680429722
1,0.8685105419660236
0,0.059354306510179214
1,0.8683864336779616
0,0.007658242589969796
1,0.3656184639073715
0,0.06978279444389272
0,0.02527446164763057
1,0.9188586199832827
0,0.049869661043392174
1,0.5317012535014672
0,0.06996922682661334
1,0.5838775809276056
0,0.11961834933334214
1,0.9305196039631107
0,0.020407386972554165
0,0.055993603562030377
1,0.9198793715449023
1,0.9514783042911156
0,0.9090255821833064
1,0.9965951748148388
0,0.010021659284185818
1,0.06621320728595172
1,0.40422194138459827
0,0.016656606153058997
0,0.5955926218451643
0,0.11356968812755423
1,0.939521375793787
0,0.00913963234602532
0,0.03285437861980747
1,0.8296303666556826
1,0.855474537036231
0,0.19339925855193843
0,0.09496095041589837
0,0.02541082043965772
0,0.0009578476474255062
0,0.01756046710989572
1,0.8095658310241778
1,0.9476628050164616
1,0.9254308424308514
0,0.03101331623836323
1,0.837847098246378
1,0.31956194848037406
0,0.08728352504485773
0,0.01438652568746599
0,0.46387546947203656
0,0.10016449455351623
1,0.8043637968431102
0,0.1279410205851541
0,0.032054415753078686
1,0.9705372074258541
0,0.4243326108731462
1,0.7093641784981289
1,0.5246268301970413
1,0.9789863629962497
0,0.0046734468962470604
1,0.46240060879558553
0,0.01223781462499914
1,0.9900761869658241
0,0.029065534964606888
0,0.04336677700341638
0,0.10821459583997012
1,0.3560129111261792
0,0.4186158230993189
0,0.8204434311785312
0,0.025744098547512938
0,0.5231832494933081
0,0.3160239994515528
0,0.030154598055610066
0,0.3053783678474771
0,0.025850942367176943
1,0.08117881476998882
0,0.035853797082180616
0,0.30381327903732674
0,0.027019581306297332
0,0.02102732180963261
0,0.033263563023029095
1,0.6383712092735863
0,0.011399803241077195
1,0.05398521442368302
0,0.513368243217114
0,0.11813139819183577
0,0.02012880412736199
1,0.8134095468854462
0,0.018241751468561156
0,0.02998217312451889
1,0.8068752590507757
0,0.03338936430196221
0,0.13185493856413774
1,0.7474110148964579
0,0.0026915971804251544
0,0.050417427119080135
1,0.8426988771314715
1,0.8343496833495175
0,0.009049752831736363
0,0.018980835457022022
0,0.7698760112490474
1,0.9679737361394576
0,0.22905969961176273
1,0.38148284803668525
0,0.23837178241345255
1,0.9318022672735672
0,0.05297311461340851
0,0.01857833700807237
0,0.07008630183633893
0,0.04027513326436042
0,0.003193510144155692
0,0.44116709828475376
1,0.3443725011880605
0,0.050023489971787044
1,0.2684162292736403
1,0.9777889757580652
1,0.9582014582606833
1,0.935665447258747
0,0.019706548195181205
0,0.01515115825463049
0,0.017512179539372588
1,0.9436507207185765
1,0.9642930497003278
0,0.3634631709701967
1,0.41255259849094145
1,0.11879429494096537
1,0.9558997091956671
0,0.055297965437567605
0,0.03945012390042131
0,0.06393647722408025
0,0.22293550350333452
1,0.9502466539013193
1,0.9606191754811778
0,0.005807315850056785
0,0.1530074923039451
0,0.02590231390095922
0,0.013664448091807939
0,0.01231672919411915
1,0.7862310040036489
0,0.0301184481468754
0,0.027850794160155765
1,0.07441934556668159
0,0.15858257754161054
1,0.9308665835156494
0,0.024172970976789207
0,0.18717418141229802
0,0.03404827726176509
0,0.04678013485179227
0,0.02871690963771671
0,0.04775371570544066
1,0.101646057482266
1,0.9549463121760322
0,0.03453613573271302
1,0.9701439200345046
0,0.012752416783921599
0,0.07798347326405028
0,0.1210633106304065
0,0.01694330234422967
0,0.0731933348375792
0,0.07671606174498587
0,0.047155258827309886
0,0.04670913934535082
1,0.9719198388549454
0,0.05407727974360876
1,0.7182417847841476
0,0.6179842873336927
0,0.13158422614438017
0,0.008018852516208557
1,0.9796239759297314
1,0.757748090491209
0,0.23880346499130087
0,0.2689917716654073
0,0.0324882885220004
1,0.8730846436040479
0,0.016059271948641506
0,0.019355809226954
0,0.03330071606799467
0,0.4788653400477429
1,0.1287391706850297
0,0.033707400597789275
0,0.9923635482954387
0,0.10826205592161821
0,0.5316333647101139
0,0.003084291231926382
1,0.9534164684463714
0,0.14209938865843716
1,0.6017029842980924
1,0.9481310023311008
0,0.0223878790333786
0,0.018646791154707326
1,0.8933650359298618
1,0.8577902291623175
0,0.017353261478005425
0,0.013352470400806955
0,0.04750431286132594
0,0.01826156718767731
0,0.026973146853580914
1,0.8243461662578542
0,0.12280779076595785
0,0.03720309903552843
0,0.0339078793030222
1,0.9199384479091814
0,0.08932072231962022
0,0.075743013126259
1,0.8547098188582612
0,0.02986448071742054
0,0.040853471829992764
1,0.70170252149527
0,0.08384238365048745
1,0.8322270133378467
0,0.13600678714663605
0,0.0062785179260575205
0,0.10489253495245761
1,0.6847860366622276
0,0.006808668908593468
0,0.09347555819105687
0,0.040209483516665805
0,0.055109316804944936
1,0.9672842259489914
0,0.03304000044759198
1,0.6154789744255321
0,0.43655585563894
0,0.24217016507786446
0,0.002788381073452183
0,0.01529244039094929
0,0.06462022840574985
0,0.15827497089817483
0,0.0034353588570154975
0,0.03632623598857098
1,0.9146525969883763
1,0.6342174853344218
0,0.08713969091333224
0,0.14693302074055167
0,0.010419963550093963
1,0.6513492759481712
1,0.9521918939302793
0,0.03624477239342643
0,0.8567585458407293
0,0.020710521692557365
1,0.19595663194643947
1,0.5022316459595737
0,0.6365629725081005
1,0.9563410285523655
0,0.007110300623884403
1,0.5831461516776164
0,0.009576007211661014
0,0.024003532532580415
0,0.05271761071250982
0,0.8387802415213687
1,0.10481159066191227
0,0.4071410244120615
1,0.8961012373225404
0,0.08690417177684585
0,0.357524557898927
0,0.01236879855075597
1,0.5988648233976251
0,0.026373174888478335
0,0.6242642783407554
1,0.2636508752337189
0,0.22107745098104145
0,0.031025934021792302
1,0.8860601699736732
0,0.029703790980014817
0,0.09563108292106544
0,0.13783160595307772
0,0.0400363441300115
0,0.2934513051867986
0,0.04307391135614789
0,0.022790185311765448
1,0.14714085282625528
1,0.8668691218076012
0,0.7797726541962686
1,0.9035329463595276
0,0.02196079720276718
0,0.07157653245684577
0,0.22880543820014967
0,0.20536768143213768
1,0.6941816580832936
0,0.03635705948093127
0,0.014647101352818201
0,0.02049743391043693
0,0.09116209895153485
1,0.9660766203840707
0,0.02176674089483709
0,0.06915950133090672
0,0.020567111665390374
0,0.20945445557579506
0,0.009263427461339662
0,0.7984529797161146
0,0.00842566952078758
1,0.9531119867558575
0,0.003069572007759618
0,0.027362155609581978
0,0.021139991891375193
0,0.2119671192624536
0,0.08913237667295779
0,0.13422508274301032
0,0.8937184179706292
0,0.04657126238428915
1,0.9445272461846812
0,0.07786652302499397
1,0.8768493733882553
1,0.3906549088568997
1,0.3379429270865948
0,0.017939625890278275
0,0.0428033952585519
0,0.04564671070041755
0,0.017742268819686716
0,0.007827237252459
0,0.053313512218657565
1,0.7579202371224646
0,0.07353824225507727
1,0.4457631296940997
0,0.015744123436455884
0,0.031727342926464466
0,0.1282319982880227
0,0.05469072409263414
0,0.026748865832395167
1,0.8524354650981105
0,0.018627872991525754
0,0.027701491577559384
1,0.8877356195904502
1,0.9747144371906215
1,0.5993452893733573
0,0.047896684553270424
0,0.25018180668698037
1,0.942413959658494
1,0.8152164746413729
0,0.03438506278055917
1,0.35073956997602296
0,0.02664946657680037
1,0.9830981967631256
0,0.018021875787423175
0,0.058670123953023984
0,0.31227811505455594
0,0.024771017177611543
1,0.41740635612979576
0,0.07187696660704332
0,0.014539302126415972
0,0.09387850757361893
1,0.8898850727208647
1,0.5949642113454253
1,0.8326574175778614
0,0.0479407595509011
1,0.8492666752210473
0,0.049638697562913114
1,0.5495676021649366
0,0.010228741339401557
0,0.04408271379426013
0,0.0072439388587937584
0,0.07532922375237205
0,0.10016290493417737
0,0.017410846028575264
1,0.8913576974462769
0,0.013627704120239099
0,0.010449280098146885
0,0.1295763116832947
0,0.03931241581141186
1,0.9713392654516172
0,0.021883279865816015
0,0.0303283804960676
0,0.22008126364468006
0,0.024839877399629683
0,0.6033126287182184
0,0.02060289010173792
0,0.019879054367206994
0,0.778476917497861
0,0.024898936054311264
1,0.9869576063243809
0,0.015257244505229533
0,0.12969125231331843
1,0.9234727514719985
1,0.8615141234310636
1,0.9336355852633544
1,0.27688176133182324
1,0.5655498313416701
0,0.07218334873385185
0,0.028166954214035367
0,0.007967615480723585
0,0.06581330486959601
1,0.7830779169402444
1,0.0667390410491425
0,0.031980823742354524
0,0.013959552720915447
0,0.047291288564723886
1,0.9803764866500273
0,0.03771120658937422
1,0.9765028419101299
1,0.5949350580143838
0,0.01696853161912889
1,0.9750142286457163
0,0.07558543171574926
0,0.046077675705104314
1,0.9580050895996386
0,0.06212970871799485
0,0.1074754212719773
1,0.6483740557023211
0,0.013087025250461778
0,0.40214637379170204
0,0.08273842500443615
1,0.8934040239143367
0,0.06814125762274421
0,0.0469653589202523
0,0.00859817049323134
0,0.0278872184702451
0,0.8166752733106338
0,0.5352458677221255
1,0.4888490416625848
0,0.15530644147069153
0,0.01697211292793495
0,0.016052683310523345
0,0.01717709071315619
0,0.5088481920135693
0,0.21483427047461912
0,0.11954487929112402
0,0.024723002217239175
0,0.10759944491096514
1,0.41683116481678045
1,0.7833947416377867
0,0.017502971332290222
1,0.9303599259332512
0,0.03083957070249603
1,0.7841063663863036
0,0.03938437470008441
1,0.20557075949447448
1,0.9678392574680182
0,0.015046962440378205
0,0.03188015031868073
1,0.2580582902359251
1,0.4940653123481619
1,0.9297713103370211
0,0.02977670969130453
0,0.100002725613289
0,0.08282562006353729
1,0.8719873358619805
0,0.1173457158794878
1,0.9389841392256963
0,0.15010873702262306
1,0.8999007313350978
1,0.59204581989174
1,0.9557381489547311
0,0.1521854761431511
1,0.628803732336925
1,0.5152447667703106
1,0.05488927832200103
0,0.05546303695446089
0,0.1511996316123311
1,0.9035105589284019
0,0.03139541742014801
0,0.22433115752454727
1,0.9535961795401301
1,0.6245095507159869
0,0.056329954306846494
0,0.013260977965483482
0,0.510357100788625
1,0.8956369934250458
1,0.9620367859810812
1,0.9298006937266752
0,0.006307235767779009
0,0.016095753995141567
1,0.9590670906470266
0,0.03031492636850904
1,0.7999426891230518
0,0.005622896520913864
0,0.015369428299773447
0,0.011515726755619553
0,0.22870267844971598
0,0.22024286239571597
0,0.08358816754946584
0,0.06779183329923993
1,0.10410296868573325
0,0.8336258836207092
0,0.0960145070223263
0,0.015246184323934223
0,0.05388908912222875
0,0.28594858198043344
1,0.6448509429386924
0,0.0392891859749945
1,0.37216192545923
0,0.013267659734903006
0,0.06290102297570672
0,0.010074981823155105
0,0.026578276105587984
1,0.054888027328959414
1,0.8273023489630595
0,0.05009419634698342
1,0.9579355223917143
1,0.9499902340779127
0,0.0019098869849821713
1,0.8180807518964045
0,0.594711590649097
0,0.8642176828924947
1,0.13249350707087304
0,0.0023951461954856298
0,0.09696729450481448
0,0.6766748879736973
0,0.03153009674344425
0,0.047690573038900674
0,0.5824154567417591
0,0.19422638417185017
0,0.09554977033986074
0,0.08241336554451072
0,0.009603958945803962
1,0.07833769559099853
1,0.933309791356628
0,0.05057638944879934
0,0.01873400854539987
0,0.4042733851495409
0,0.05582815789670096
0,0.01335513399779595
0,0.01899265216836182
1,0.8811385143274252
1,0.0788611958456994
0,0.017262729808656434
0,0.010393096692737884
0,0.04839478496651116
0,0.03088748627587551
1,0.9046406025257151
0,0.028866727638581068
0,0.01223468909267756
1,0.009481456171828738
0,0.017775087630172402
0,0.15280216159451696
0,0.14065319214866934
0,0.09927486396593015
0,0.062142566667695284
0,0.03593785366821126
1,0.0676526371692526
1,0.9215850510455984
0,0.7169444919700436
1,0.8084482937859457
0,0.4117566267808708
0,0.07110319218423149
0,0.14204287408137697
0,0.01000084703010286
1,0.45194512281519295
1,0.9316513243362158
0,0.00662833333243622
0,0.05700577671275402
1,0.027179845686616654
1,0.9605751203200792
0,0.02457690676607536
0,0.030545231755533964
1,0.8721924512939775
0,0.02254743390876028
0,0.05596821482683986
0,0.02484415804561447
0,0.7989463997043607
1,0.8071995092915402
0,0.012306885833971088
0,0.22685943612110873
0,0.1513855520427438
0,0.008952906472740942
0,0.046482253660752454
0,0.0327732270683702
1,0.03012880507142194
1,0.8637396817211787
0,0.03889745368825048
1,0.8439629381224278
0,0.013909205475364174
0,0.01615854361272022
0,0.0059906536240664525
1,0.9685018062092219
0,0.013899067897832759
0,0.019840335248781385
0,0.0745041675698928
0,0.06253332180296185
0,0.11932519484363142
1,0.5843794364652363
0,0.022701300602175307
1,0.318579609665722
0,0.022030294068012088
1,0.976774586703962
1,0.8943095068482444
1,0.7566102389104948
0,0.06576056124676326
0,0.025727736563799855
0,0.0267624609076832
0,0.10153831721681852
0,0.020359590427321723
0,0.017649642681969762
0,0.025477576779561723
0,0.41977468686825375
1,0.011052433444517493
0,0.023655584136416673
0,0.06739676925972685
0,0.5604188227587878
0,0.025375844177186947
1,0.4432293529295861
1,0.9559385218711823
0,0.024593705637053855
0,0.06936773717980602
1,0.730846654539083
0,0.45556561056252526
0,0.03925722430842631
0,0.03994612475275827
0,0.02415788731009538
0,0.029690715474047658
0,0.007602505379986143
0,0.7543841556755893
1,0.7703012060155828
1,0.8381014039284992
0,0.19654901929298776
0,0.06063933270414511
1,0.7850830634320488
0,0.05612829739177643
0,0.023464606400713725
0,0.17804864895555203
0,0.056352166192187664
1,0.48897054697353726
0,0.03385856832473557
0,0.10177096343932188
0,0.5166347975314157
1,0.7808597737606892
0,0.15810987349304906
0,0.9794895057276279
1,0.7034723667256224
0,0.04877494941911539
0,0.02237730284984093
0,0.007720963337265777
0,0.01870038440682038
0,0.017329906422147667
0,0.018128080814383093
0,0.1420896158632322
0,0.08840633613950545
1,0.08518081802184145
0,0.05857287248255967
0,0.0018574279708352156
0,0.9561704820349496
1,0.9676149682179692
0,0.008523081335393255
0,0.11593083568012762
1,0.25484039015871324
0,0.03513972929641107
1,0.7247885964239856
1,0.6875815191405975
0,0.007157687404521899
0,0.03226818919343111
1,0.9766371205359029
0,0.01542694235404749
0,0.04447971751021984
1,0.6616715628657904
1,0.12659562864221555
0,0.2770779366231695
0,0.018867608174487856
1,0.8876164725813502
1,0.08699979212983672
0,0.011016834761757957
0,0.010473381571347909
0,0.03854916833109064
0,0.035416243514759076
0,0.12552958599364594
0,0.04024095026457458
0,0.02991059619365438
1,0.9637444047252551
0,0.054425282538734576
1,0.023632243231369213
0,0.3798819871032942
1,0.7326821752967385
0,0.6837269390434361
0,0.27265314462988727
0,0.44941405980575716
0,0.012640535184969028
1,0.7989533330550649
0,0.07483854249664326
0,0.4971033245990741
0,0.019395532180807713
0,0.6992304060991062
0,0.4796450057388577
0,0.17144257299589805
1,0.5906238634200016
0,0.023641537848207717
0,0.00751794132182596
0,0.03339566569807523
1,0.9550059941008132
1,0.661955739489694
0,0.02431238502402496
1,0.7329984555173865
0,0.029651921239298915
1,0.5143298148928533
0,0.16421319732128553
0,0.00819045700437468
0,0.021836535454458104
0,0.08104854166712104
0,0.016813934662248013
1,0.9738768397575013
0,0.11947911081134903
0,0.01533724425233574
1,0.698358059729684
1,0.9780563096438214
0,0.07712800350983179
0,0.020936302383447566
0,0.04742482379233472
1,0.9894517046225709
0,0.1621198713725953
1,0.13101940625533023
0,0.059718708500633405
1,0.022334554897521404
1,0.3432550258661922
0,0.015140377557950158
0,0.047166673344865045
1,0.8326913284060231
0,0.018314908888239674
0,0.01634111463071211
1,0.9400560579764753
0,0.0364717057628594
1,0.20602501506197862
0,0.05091881532845947
0,0.016319127460055777
0,0.11139610403852876
1,0.8297197769952604
0,0.013434670615988518
0,0.02648062845450619
0,0.02932383691323731
0,0.11910419560135337
0,0.007305482062509462
0,0.030858925877587776
1,0.7657386392935385
0,0.05284593135795615
0,0.034962580823464366
1,0.9789734445698234
0,0.7829532723065246
0,0.0409136476996665
0,0.34306369672561404
0,0.05416714187705982
0,0.015386549501689946
0,0.15294438355275017
0,0.48822520650696505
0,0.7545024126547548
0,0.03966735210314788
0,0.1462728620496072
0,0.07820701310326647
0,0.6512903967836903
0,0.070662422877841
1,0.44403625083141907
1,0.6305490410514037
0,0.04574515289735795
1,0.8447400921493466
0,0.03637648376324361
0,0.024178854143547042
1,0.2882547176677932
1,0.96634471432894
0,0.009769450826904932
0,0.015330790471703439
0,0.026548651835419212
1,0.5443406719331151
0,0.015199005242050137
0,0.009533050706441287
0,0.09007172641040914
0,0.02294852305834719
0,0.008764480523114694
0,0.031623970112770544
0,0.036088389104847754
0,0.8885222133171723
1,0.45979969828891454
0,0.6187154622328551
1,0.795439204746076
1,0.43918577828572763
0,0.008246791018703669
1,0.932945642991941
1,0.947258299410412
0,0.13561280475677293
1,0.06143426632923825
0,0.11781225699535083
1,0.1137699759560648
1,0.6136063088048085
0,0.015205448452096666
0,0.07315548358353768
1,0.5050564965332605
1,0.5086217066317951
1,0.9680172864280411
0,0.558313957376344
0,0.024653869671158037
0,0.05291209550550609
0,0.021566911744363645
0,0.01692644574811463
0,0.023574919032236918
0,0.02410913869487683
1,0.9509219023460384
0,0.07310072915709571
0,0.1797951151527757
0,0.03603980153218736
0,0.6615483927983776
0,0.46601319276329783
1,0.9526926306574909
0,0.02022581901611925
0,0.012334164033321876
0,0.09477330922215572
1,0.7754289233674435
0,0.017074389403304316
0,0.015348422509848395
0,0.0165199303668523
0,0.35560778623125744
1,0.7907423882956828
0,0.5413285701269259
1,0.39209524754353553
0,0.01115309318448172
0,0.014864194529058624
0,0.010336340193967421
0,0.014402611338741067
0,0.028408459006636966
0,0.10511690908580124
1,0.9948121835333354
0,0.0066533652978197745
0,0.018693397156836856
0,0.05796897746091583
0,0.032529681421429237
0,0.1910463420450744
0,0.14724700250793923
0,0.09472989793477662
1,0.9506092617417126
0,0.06473931910850833
1,0.7181007163759654
0,0.028827413916191088
0,0.006869902080792902
0,0.00841633772322146
0,0.014629262370269912
0,0.0020249934679896836
0,0.030942441438783583
0,0.049165073256663964
1,0.9423782570647176
0,0.006454893445117745
1,0.40108561074072396
0,0.020455896518544778
0,0.02975640885871382
0,0.05288909854293994
0,0.11027422680327933
0,0.03557932101316812
0,0.15346900529461255
0,0.7473776670249996
0,0.5939855681218622
0,0.007577063786345582
1,0.6264220319933101
0,0.03430136129351062
0,0.0996999692076326
0,0.01824635914001761
0,0.03349513129204064
0,0.016677796682829996
0,0.006812190256843067
1,0.724474867718409
0,0.013220769242427231
0,0.8760306848735668
0,0.8531167500269029
0,0.01628917976651465
0,0.062331871175836336
1,0.9850137108608864
1,0.805433703823897
1,0.20920045426682188
0,0.019688918297013795
0,0.008465266761687896
0,0.012181341747863639
0,0.006093622927743198
0,0.018788980066380044
0,0.0517244564778132
0,0.022501376511626075
0,0.07456542197141175
0,0.10246563741727509
0,0.06451498929603011
0,0.022123045906101344
0,0.023663662879017014
1,0.7900072271738121
0,0.011336880222933455
0,0.14243565827444574
0,0.008378802224568238
0,0.06361950454599592
0,0.06466220984020912
0,0.05545895276659162
0,0.250747632148138
0,0.015347608567274504
0,0.03173416405940102
0,0.04755323656779011
1,0.08205690615443934
0,0.01965646559320639
0,0.5748315366848458
0,0.08540436510321314
0,0.008064901372732714
0,0.010460892556215783
1,0.8819178740756364
1,0.9483403589164233
0,0.03203923974541054
0,0.024826451194307694
0,0.06322676327544866
0,0.0136631027139041
1,0.9550038931007485
0,0.006686441390653392
0,0.218263405450952
0,0.010632177266984694
0,0.018698704013738653
0,0.02407722643683471
1,0.9607367744335444
0,0.042388308994534246
1,0.12731333641012998
0,0.11825324023672139
1,0.7314742964100601
0,0.02182018682331858
0,0.01770730793609618
0,0.00959092417444178
0,0.06801706723543892
1,0.9417838859388276
0,0.017280523272766173
0,0.02011818492103634
0,0.05462502259595406
0,0.754642419362357
0,0.009510606861991334
1,0.7259743868227309
0,0.04347279925834662
1,0.41729442222751517
0,0.5067096591427614
1,0.4227780735712546
0,0.01174574253637285
0,0.3558357741327049
0,0.011425248825498273
0,0.03477630871669717
0,0.018500202055234043
0,0.07359995014522809
0,0.017574828869848444
0,0.021752992200279143
1,0.6396220808089441
0,0.02533338749513417
0,0.009805139848712627
0,0.13208475044403786
0,0.11371328888055572
0,0.011288902907594456
0,0.017879116365376795
0,0.5494057440664903
1,0.014852660862581671
0,0.014409391621628909
0,0.23242329684568275
0,0.9457349785452022
0,0.8063263059145858
0,0.05499809361962047
0,0.026807898471047115
0,0.038990175520766106
0,0.007877986273815835
0,0.039002779581664565
1,0.29246629734221313
0,0.0622487315127563
0,0.0972931422753941
0,0.007022722126700501
0,0.04478327432644325
0,0.008810007468664489
0,0.09795478821877332
0,0.07513368230169597
0,0.03475802396418358
0,0.025477576779561723
0,0.02687318417481082
0,0.03779152968377108
0,0.0394483049652754
0,0.10000183877252562
1,0.9587670990567894
0,0.023914473295252384
0,0.03167357408647591
0,0.0090417309446451
1,0.8881796014744326
0,0.029665895189984526
1,0.6970736833072755
1,0.8690068504612122
0,0.28126230831460075
1,0.03338661877079083
0,0.23652690864890213
1,0.44131488892414933
0,0.059601702774419556
0,0.013642958674513346
1,0.1557625864165501
0,0.05241262786778024
0,0.09877023223307085
0,0.005480857012304439
0,0.014215990722819068
0,0.023489225771470237
0,0.0005992669986169383
0,0.08130860275907344
0,0.053323352007811506
0,0.27588693502851924
0,0.006576282620580765
0,0.020828919178250704
1,0.1669481156803616
0,0.03097453761898283
1,0.9096394615987525
0,0.0678729584147422
0,0.49431315305893486
0,0.06101103901748726
1,0.9353359980494222
0,0.9671247189665605
1,0.13931237902624435
0,0.27610570862836753
0,0.050884718112253674
0,0.36437992292518945
0,0.05109559824229724
0,0.06491607277928448
0,0.015211793211509929
1,0.38309866659207775
0,0.005605696145855952
0,0.09480329583335433
0,0.017398394456544813
0,0.04993397362030729
0,0.029896410543032
0,0.4878880575742164
0,0.09777053630494617
0,0.012601069724849397
0,0.03167098384243679
0,0.03706437550820127
1,0.9570699919256641
1,0.08592038055539254
