target,prediction
0,0.267155517539589
0,0.4305643923797407
0,0.3705097147966708
0,0.2789160588780521
0,0.02433401722151978
0,0.32277164962200894
1,0.1982588636169094
0,0.3658596833434167
0,0.34677228737149374
0,0.03858642022619161
1,0.6030619863913743
0,0.03725354352208925
1,0.565668000461871
0,0.3245743690776971
0,0.28201858046563155
0,0.28849686364718186
0,0.24315925288192738
0,0.2502924915259638
1,0.7158473680512804
1,0.632689192535407
0,0.2811982338668312
0,0.03211593617477747
1,0.3235477913820456
1,0.3963381692249043
1,0.6044673492557179
0,0.49982453226359896
1,0.42519125001358077
0,0.32220476296873884
1,0.7785507590242643
0,0.25562311857270964
0,0.3088719924465835
0,0.026391337229775432
0,0.2559705911502517
0,0.3026491048617395
0,0.24208019413921147
0,0.5232029261208033
0,0.024369348429083833
0,0.25438623436400154
1,0.6866164688794909
1,0.3237500323569975
0,0.41919009896576276
0,0.49328329227135975
1,0.721793876560807
0,0.25478989366852633
0,0.5269296711951834
1,0.25562311857270964
0,0.267155517539589
0,0.3816170973470064
1,0.33578963338194484
0,0.32747622423547135
0,0.0399589161876533
0,0.4206362107935518
0,0.031522026286797664
1,0.33474678385544177
0,0.32648644466947074
0,0.267155517539589
1,0.5923887964865973
0,0.3141647705577235
1,0.42143217885917483
0,0.36893358458615233
0,0.2973775961797832
1,0.46780150209860144
0,0.5746151608719088
0,0.3026576872535737
1,0.4541702840919754
0,0.3088719924465835
1,0.2673541051754754
0,0.4823764324225996
1,0.46607110982785005
1,0.6825533439809877
1,0.7010509186817181
1,0.45928768802930076
0,0.2132616885137998
1,0.6326463925156093
0,0.26908861347880036
0,0.2132616885137998
1,0.8862985177261613
0,0.2568280620709919
0,0.355881245464718
1,0.43222402461971104
1,0.302014714343904
0,0.267155517539589
0,0.4557979082092155
0,0.492448049408088
0,0.34892400520503464
0,0.24385205744969882
0,0.05123965877576845
0,0.267155517539589
0,0.6244267204550977
1,0.2528240957982107
1,0.6515205252222771
0,0.051329694464035076
1,0.213267313488862
0,0.03724501577933627
0,0.16926693515571373
0,0.3259018615423547
0,0.24508894228531253
0,0.29312596301596716
1,0.28327346859863084
1,0.42014300824334183
1,0.6092287062236732
0,0.25105139953267164
0,0.40262252010399796
1,0.6092325345291046
0,0.037385982217753806
1,0.5074938427042599
1,0.4976814525847522
0,0.043119659020292016
1,0.3088719924465835
0,0.48156584065118724
1,0.4932284121125943
0,0.3088719924465835
1,0.5883855657754122
1,0.693127161283766
1,0.34238666877236335
0,0.20450010758713408
0,0.30466865573915736
0,0.267155517539589
1,0.2977612613624119
1,0.66165620749755
1,0.25394078523051367
1,0.5281719677448552
0,0.21085744896045405
0,0.24410177108900574
0,0.03724501577933627
1,0.4845422114389681
0,0.05935716130332654
1,0.2640153055763046
0,0.03724501577933627
0,0.2226539042424364
0,0.3253526378511282
0,0.044151569537428284
0,0.267155517539589
1,0.6743280025059137
0,0.21911491631128657
1,0.38372941653311576
1,0.6030619863913743
0,0.3857255336553857
0,0.05766719206315415
0,0.5786984702236218
0,0.26889839254702247
0,0.394384433061429
0,0.11722213687339048
0,0.29811562363686916
1,0.3259018615423547
0,0.2132616885137998
0,0.35657725136242613
0,0.031522026286797664
0,0.2638901234319528
0,0.4365623584294199
0,0.31591665762929244
0,0.2766368554390425
1,0.3141647705577235
1,0.4341000440262026
0,0.2789160588780521
0,0.24603970481436227
0,0.6301830502215594
0,0.04446245090424255
1,0.48036435036065506
0,0.13606789055433324
1,0.355881245464718
0,0.25343471877133306
0,0.026391337229775432
0,0.267155517539589
0,0.7167111101012459
1,0.19401677008591667
0,0.24315925288192738
0,0.14558716929379203
0,0.2741666274983566
0,0.41557156033262
1,0.6347147116639312
1,0.44466038681571163
0,0.031522026286797664
0,0.030199119860815964
1,0.599214479796865
1,0.3160130698653703
0,0.48985602364062664
0,0.5610758085104687
0,0.2532765068510979
0,0.3558964444321628
1,0.46320724066316776
1,0.355881245464718
1,0.7415981680493754
1,0.5303778918974997
0,0.24508894228531253
1,0.8862985177261613
0,0.267155517539589
0,0.213267313488862
1,0.54290717010805
0,0.4404202275924885
1,0.435272292334305
1,0.23540655094260404
0,0.2379509300411685
0,0.3734365258972968
0,0.22625437923186695
1,0.42143217885917483
0,0.3003713395677293
1,0.5459791363234748
1,0.43464678955093067
1,0.6326463925156093
0,0.40369466889735944
0,0.2878007207261305
0,0.043113423969571955
0,0.3218762594072888
1,0.4932284121125943
0,0.2566484799367324
0,0.6293044701071138
0,0.03662272730393035
1,0.5336969661255135
0,0.2878007207261305
0,0.2132616885137998
1,0.2789160588780521
0,0.031522026286797664
0,0.3705097147966708
0,0.10718801932854087
1,0.3088719924465835
0,0.45022976896469746
0,0.05364273914391756
0,0.3836277371252194
1,0.5957329759874133
0,0.04897852660886815
1,0.3313823582418761
0,0.4410095449358418
0,0.33496981037918966
1,0.4074718284358448
0,0.46706709633626975
1,0.601247954792661
0,0.053325014923447565
1,0.7382568576625796
1,0.20843467039188882
1,0.39327958607681035
0,0.05766719206315415
0,0.029434558445340098
1,0.54290717010805
0,0.030199119860815964
1,0.43178090671023645
0,0.3383454086833058
0,0.05364273914391756
1,0.3259018615423547
0,0.41407836577625723
0,0.267155517539589
1,0.38183656197173516
0,0.05876325141534674
0,0.26076910306147044
0,0.45964773021921623
0,0.02433401722151978
0,0.3088719924465835
0,0.026391337229775432
1,0.3088719924465835
0,0.26459279819043957
1,0.3244486805375978
0,0.6326463925156093
1,0.5785192317667808
1,0.793805073564671
1,0.6634222951853394
1,0.4699372102139119
0,0.5856327941420127
0,0.09650281235821094
0,0.2814085380933681
0,0.3125343656966534
0,0.267155517539589
0,0.4823764324225996
1,0.3816170973470064
0,0.27030082729907706
1,0.5240994210534877
0,0.22640734152117023
0,0.03724501577933627
0,0.355881245464718
0,0.267155517539589
1,0.25562311857270964
0,0.267155517539589
1,0.6326463925156093
1,0.5478143466960951
0,0.355881245464718
0,0.2878007207261305
1,0.6836641164353323
1,0.3343140602983258
0,0.4305643923797407
1,0.6326463925156093
1,0.6019605887549485
0,0.28201858046563155
1,0.426471312126501
0,0.03724501577933627
1,0.4000265731793383
0,0.16058809721388065
0,0.06302466707027277
0,0.447831047705868
0,0.355881245464718
0,0.33496981037918966
1,0.5230763983268815
0,0.25972251204957364
0,0.28464323903386324
0,0.738141769832885
0,0.3656133289487429
1,0.6546472481319078
0,0.026391337229775432
1,0.5105542045427268
1,0.5388573307405669
1,0.5085324106608271
1,0.8317726904818892
0,0.43628323771731775
0,0.20825384064972347
0,0.026391337229775432
0,0.7403640113111536
1,0.5931247264430402
0,0.23952221786076305
1,0.5919117610260874
1,0.3820184014468352
0,0.37236189086926275
1,0.5430364846048682
0,0.5423154247525067
1,0.4664354730146877
0,0.03724501577933627
0,0.03724501577933627
0,0.2878007207261305
0,0.47062018258135735
0,0.6099810136800816
0,0.3427908113898333
0,0.2483750583355663
0,0.24137762541696173
0,0.4067580407431347
0,0.05766719206315415
0,0.03725354352208925
0,0.14146271518552644
0,0.3016148859757305
1,0.6326463925156093
0,0.03724501577933627
1,0.2132616885137998
0,0.10718801932854087
0,0.1476271947414859
1,0.3715987528142542
0,0.33632905446065736
0,0.4173457862445086
0,0.08194349447632954
0,0.28201858046563155
0,0.24811426622652538
1,0.265170388972576
1,0.5776122624238542
0,0.267155517539589
1,0.5015547542665282
1,0.492448049408088
1,0.719607918459303
0,0.02433401722151978
0,0.267155517539589
1,0.6712858114632209
0,0.051329694464035076
0,0.36984656909668717
0,0.492448049408088
1,0.3259018615423547
0,0.04044739513827666
0,0.07691847414354246
0,0.27030082729907706
1,0.5635466321801498
0,0.26271280221489374
0,0.29299239411948835
0,0.3668117785282328
0,0.04745991228415138
0,0.24758437688715373
0,0.47777055232743676
1,0.46236171302760387
0,0.36705307761751305
1,0.8588929951142228
0,0.03724501577933627
1,0.1067880224464564
1,0.34702703450851236
1,0.8064497843715801
1,0.6059871568048744
0,0.29538669725922095
0,0.03967039233016563
0,0.36788505622843914
0,0.2528476026535734
1,0.6714044378571947
1,0.307621242983669
1,0.6326463925156093
1,0.5693063360412244
0,0.46392378404551665
0,0.328341347483041
1,0.3122950380865023
0,0.6290928140193031
1,0.28721571703695364
0,0.2664472026857584
0,0.478626970502568
0,0.27030082729907706
1,0.4524157514135849
0,0.29167484540233785
0,0.2766368554390425
0,0.267155517539589
1,0.6634222951853394
0,0.10718801932854087
1,0.6326463925156093
0,0.026391337229775432
1,0.3897270301038429
1,0.6583865959892392
1,0.6672512134511133
0,0.051329694464035076
0,0.4557979082092155
0,0.49735635127943195
0,0.2489454559563134
0,0.267155517539589
0,0.4977206752428945
1,0.5644993187044884
0,0.33185588786514875
0,0.29312596301596716
0,0.6326463925156093
0,0.22708077745391095
0,0.4086381253848165
0,0.2709389313833673
0,0.6244267204550977
0,0.3259018615423547
1,0.27213668808305835
1,0.22747181297134533
0,0.492448049408088
1,0.4383028787513373
0,0.3289473361452212
1,0.4861199443849286
0,0.3297010568112085
1,0.355881245464718
0,0.044503225661927666
0,0.3499176479165083
0,0.5661563535331287
0,0.34565162507406233
0,0.4564276152611292
0,0.07146862609693926
1,0.4663625117538163
0,0.026391337229775432
1,0.455066021581188
1,0.5951399933776073
1,0.5633022602563269
0,0.5600581204109999
0,0.03725354352208925
0,0.28628046846646743
0,0.24508894228531253
0,0.24508894228531253
0,0.03724501577933627
1,0.6668685122281888
0,0.27030082729907706
0,0.06396417958349977
1,0.40092176949410024
1,0.8013032220784515
0,0.37899243877877475
0,0.54290717010805
1,0.32277164962200894
0,0.3794620591083665
0,0.5553459651281276
0,0.267155517539589
1,0.71112997378306
0,0.5400023989383289
0,0.25406995811256616
1,0.6326463925156093
1,0.33496981037918966
0,0.2878007207261305
0,0.5275898611342299
0,0.03724501577933627
1,0.4556062230260693
1,0.44888242612354656
0,0.3088719924465835
0,0.25562311857270964
1,0.6099810136800816
0,0.045056737573831815
0,0.03211593617477747
0,0.2878007207261305
0,0.43040916923250755
0,0.20342682252781247
1,0.5654530323587011
0,0.3383454086833058
0,0.5669252222477947
0,0.6487836604733129
0,0.45434690859186394
0,0.2876155738117659
0,0.7010509186817181
0,0.5115378679006625
0,0.46222727642375705
0,0.2132616885137998
0,0.6135561911341554
0,0.026391337229775432
1,0.2681978751104434
0,0.35328775545542496
0,0.267155517539589
0,0.5875639037485638
1,0.6979320640147785
0,0.026391337229775432
1,0.3237534718076553
0,0.09591773841564818
1,0.45184233050528155
0,0.026391337229775432
1,0.558825628851674
1,0.44886164321056643
1,0.4038248878179935
1,0.3700114235776042
0,0.3160130698653703
0,0.051329694464035076
0,0.32277164962200894
0,0.02433401722151978
0,0.2766368554390425
0,0.02598497147806755
1,0.6193213155927092
1,0.5095182574153416
0,0.06873619714583928
0,0.04909511853852993
0,0.41874849534768266
0,0.33289047586418125
1,0.38456139514404186
0,0.46332296972229875
0,0.21682080222652028
0,0.37236189086926275
0,0.1226415561300074
0,0.03725354352208925
0,0.2977612613624119
1,0.6326463925156093
1,0.423225593998529
0,0.4682305582925001
0,0.11290779389672874
1,0.6867734056956578
0,0.32728600297500765
0,0.3066734981065304
1,0.4664143408820699
1,0.31994650027354893
0,0.03724501577933627
0,0.46222727642375705
0,0.357135522001271
0,0.5738499023494835
0,0.6326463925156093
0,0.30959665804801545
1,0.26076910306147044
0,0.39213452318936765
1,0.4881365638630175
0,0.02433401722151978
0,0.026391337229775432
1,0.3843686522854582
0,0.023390022700973373
0,0.16988446805827115
1,0.5586416201204571
1,0.8091106769849441
0,0.385470721960325
0,0.2566484799367324
0,0.031522026286797664
1,0.8862985177261613
0,0.03858642022619161
0,0.37724226319737303
0,0.03724501577933627
1,0.7785507590242643
0,0.42359651710331986
0,0.2973775961797832
0,0.026391337229775432
1,0.6559871639227748
0,0.24495297360603294
0,0.6825533439809877
0,0.026391337229775432
1,0.3244486805375978
1,0.43379377641187716
1,0.267155517539589
1,0.3160130698653703
0,0.045056737573831815
0,0.26398050977458243
1,0.8588929951142228
1,0.7404187103540416
1,0.6019605887549485
1,0.4091604612683544
0,0.6326463925156093
0,0.4331150159973074
0,0.43425468683773794
0,0.2878007207261305
0,0.42421641452235753
0,0.2973775961797832
1,0.599214479796865
0,0.03450509190457882
1,0.5346626793401649
1,0.3550275227623977
0,0.5344231336337041
0,0.03724501577933627
0,0.2132616885137998
0,0.37737881660857947
1,0.40430699359354133
0,0.267155517539589
0,0.20825384064972347
1,0.25267369288166336
1,0.5693063360412244
0,0.3722120489209683
0,0.24508894228531253
0,0.031522026286797664
0,0.24508894228531253
1,0.32386657351288095
1,0.7075404769215033
1,0.4285301522120427
1,0.3833613842018081
0,0.2973775961797832
0,0.337745584201372
0,0.2878007207261305
0,0.6364007769681553
1,0.4124399016882293
0,0.09553562389719084
1,0.6602286915768107
0,0.34857836187573193
0,0.22747181297134533
1,0.7403640113111536
0,0.4201535270576299
0,0.04256223116172428
0,0.3290950695962217
0,0.24137762541696173
0,0.362654694282409
0,0.03724501577933627
0,0.2132616885137998
1,0.5517457585803692
1,0.492448049408088
1,0.6045768834169271
0,0.03724501577933627
0,0.3088719924465835
1,0.26562703219624373
1,0.2898852383368848
0,0.2807652369397428
1,0.6737116865096082
0,0.41922130193910284
0,0.468204973010174
0,0.024369348429083833
1,0.3936116918130656
0,0.346379359713292
0,0.026391337229775432
0,0.24858579974004205
1,0.5085324106608271
1,0.8588929951142228
0,0.2762573512190413
1,0.5951360807917496
0,0.02433401722151978
0,0.24137762541696173
0,0.3670691127581227
0,0.4756653431920668
0,0.36788505622843914
0,0.6187830171921144
0,0.46605064514616623
0,0.4216357223893256
0,0.2878007207261305
1,0.32277164962200894
0,0.02604376183919607
0,0.3788765898161998
0,0.267155517539589
1,0.6263516519588522
0,0.5177146065155427
0,0.21626843434053367
1,0.45507521193480893
0,0.2132616885137998
0,0.2132616885137998
1,0.43938135424319735
0,0.024369348429083833
1,0.45434690859186394
0,0.2923347026785767
0,0.24842754157667518
0,0.03725354352208925
1,0.3362942800301892
1,0.46392378404551665
0,0.22679337764292362
1,0.599214479796865
1,0.6626127072885588
0,0.34568128880548443
0,0.2878007207261305
0,0.267155517539589
0,0.7730116095375308
1,0.3218762594072888
1,0.7395240253521915
0,0.2132616885137998
0,0.2132616885137998
0,0.15237679399421306
0,0.3218762594072888
0,0.21232293074148545
0,0.38215207465591644
0,0.42175614771336517
0,0.06873619714583928
1,0.6190158699899014
0,0.32037030377399056
1,0.7680920832505468
0,0.03724501577933627
1,0.7490854650168376
0,0.024369348429083833
0,0.03724501577933627
1,0.4945314813359186
0,0.03724501577933627
1,0.5932296806131981
0,0.5417922997510695
1,0.7378044247871255
1,0.6326463925156093
1,0.4399641378809438
0,0.2926311330361569
1,0.2746491620106308
1,0.7631355132820061
0,0.024369348429083833
0,0.267155517539589
0,0.2132616885137998
0,0.08194349447632954
1,0.4399641378809438
0,0.08778068043585627
1,0.302014714343904
0,0.7508941146066543
1,0.355881245464718
0,0.026391337229775432
0,0.5031474439730025
1,0.5224543892108043
0,0.28201858046563155
0,0.40749606179918546
0,0.052690203016729956
0,0.03724501577933627
0,0.34238666877236335
0,0.3766862852861842
0,0.33860040846876044
1,0.3280679525106574
0,0.04424526032222058
0,0.4459099806528973
0,0.3793748062110603
0,0.267155517539589
1,0.5231338522708534
1,0.6019605887549485
0,0.34238666877236335
0,0.2876155738117659
1,0.3092327776661524
0,0.06230734288294444
0,0.10410533097438361
1,0.6214553227553802
1,0.21057374261432157
1,0.34238666877236335
0,0.265170388972576
0,0.08778068043585627
1,0.3160130698653703
0,0.2973775961797832
1,0.4124399016882293
0,0.2973775961797832
0,0.267155517539589
0,0.26130142961857916
0,0.2878007207261305
0,0.355881245464718
1,0.24315925288192738
0,0.3155652526347801
0,0.1495995503096485
0,0.5190515606183121
1,0.4612301975845896
0,0.5423154247525067
1,0.406932701563018
0,0.23477230284847184
0,0.6337767458778393
0,0.267155517539589
0,0.45543773600008786
0,0.21058393613564622
1,0.3122950380865023
1,0.5352814961235881
0,0.267155517539589
0,0.27030082729907706
1,0.48985602364062664
0,0.4282047425577762
1,0.7878600357658653
0,0.3280679525106574
0,0.04365709571694189
0,0.31543942756824755
0,0.28201858046563155
1,0.25982421576357034
0,0.43890176921631807
0,0.5085324106608271
1,0.3259018615423547
0,0.4696547622218149
0,0.36893358458615233
0,0.3823563139731558
1,0.7344575940022782
0,0.18285656466778458
0,0.44112917232500704
0,0.2726830206364347
0,0.03927887446204295
0,0.37072917942139955
0,0.29530724728996544
0,0.24508894228531253
0,0.3715987528142542
1,0.6317283767334508
0,0.024369348429083833
0,0.355881245464718
0,0.267155517539589
0,0.267155517539589
0,0.302014714343904
1,0.5635466321801498
1,0.44672116910326215
1,0.7112465215120678
0,0.5976455804232375
1,0.8588929951142228
1,0.25562311857270964
1,0.14055161738567085
1,0.4415587253115968
0,0.5275898611342299
1,0.4663625117538163
0,0.05766719206315415
0,0.2593420020978023
1,0.350742700119877
0,0.2640153055763046
0,0.3584828801807717
1,0.4086381253848165
0,0.2310290621759134
0,0.07735561051597506
0,0.0439605828240892
0,0.031522026286797664
0,0.5882196672806221
1,0.6305597642790665
0,0.7344575940022782
0,0.42877626560284526
0,0.24508894228531253
0,0.39358908348848126
1,0.6244267204550977
1,0.3285822099255419
1,0.33588967195055763
1,0.4355959602186116
1,0.6227675781795297
0,0.42421641452235753
1,0.355881245464718
0,0.38490516523758583
1,0.267155517539589
0,0.28195319826592297
0,0.2717873135516422
0,0.2532765068510979
0,0.4869778325428549
1,0.8246280758038932
0,0.2508959021935637
1,0.614496475519198
1,0.4309821300050367
0,0.7785507590242643
0,0.4316313660610565
0,0.4663541544092036
0,0.4192211200335184
1,0.355881245464718
0,0.2987561661306458
0,0.03725354352208925
1,0.5231338522708534
1,0.6092287062236732
1,0.28809797708682716
0,0.3259018615423547
0,0.2502924915259638
0,0.3088719924465835
0,0.24137762541696173
0,0.27838429418306426
0,0.355881245464718
0,0.047934082438738215
0,0.39017367664110275
1,0.5654530323587011
0,0.07337691729557935
1,0.423225593998529
0,0.18215732765938936
1,0.6199838348671556
1,0.5232029261208033
1,0.3270299274539026
0,0.24508894228531253
1,0.7341372197871218
1,0.5388573307405669
0,0.051329694464035076
0,0.3088719924465835
1,0.3722120489209683
0,0.41407836577625723
0,0.3443287927328182
0,0.03198917740652313
0,0.355881245464718
1,0.5654530323587011
0,0.5917405422385885
0,0.19561231977344826
0,0.24402163624591744
0,0.3259018615423547
1,0.3807067253580799
0,0.5854641620923705
0,0.031522026286797664
0,0.3088719924465835
1,0.6991462135221065
0,0.4102935907698124
0,0.038380157682924396
0,0.030199119860815964
1,0.5157412742433591
1,0.5480637849716566
0,0.03724501577933627
1,0.3088719924465835
0,0.5085324106608271
0,0.47533899915377786
1,0.7419094597315129
1,0.6283833511717002
1,0.5045508526828947
0,0.3309138231671178
1,0.374534138161429
1,0.54290717010805
1,0.34238666877236335
0,0.6215085706874954
1,0.2132616885137998
1,0.22965653869225539
0,0.25562311857270964
1,0.2132616885137998
0,0.47147167695452097
0,0.0781217375176996
1,0.3871420153663434
0,0.7730116095375308
0,0.04897852660886815
0,0.09071016847958215
0,0.3259018615423547
0,0.031522026286797664
0,0.462370933819197
1,0.6308654609802817
1,0.5085324106608271
1,0.5785192317667808
1,0.6634222951853394
0,0.03106961195744645
0,0.34238666877236335
0,0.1982588636169094
0,0.2973775961797832
1,0.25562311857270964
0,0.3463996152622869
0,0.03725354352208925
0,0.45543773600008786
0,0.02740868960475675
0,0.41691592326102656
1,0.6565839397427332
0,0.37348323571211917
1,0.2528240957982107
0,0.2532765068510979
0,0.22809143472890317
0,0.054951390324979366
0,0.6347147116639312
0,0.42519125001358077
1,0.8588929951142228
0,0.5989493658473498
1,0.6392133558661763
0,0.08544156763919628
1,0.6202095136016826
0,0.27104363900167827
0,0.40262252010399796
1,0.7640631011597406
0,0.2640153055763046
1,0.10765111230092626
0,0.7382568576625796
1,0.6264325978308546
1,0.3259018615423547
1,0.8317726904818892
1,0.33496981037918966
0,0.15640409533221541
0,0.5728174642991809
0,0.2459087562705325
0,0.04914552880970047
0,0.2640153055763046
0,0.34892400520503464
0,0.6058658122679975
0,0.28628046846646743
0,0.3180978545191757
0,0.2132616885137998
0,0.302014714343904
1,0.6244267204550977
1,0.355881245464718
1,0.4809131308363579
1,0.6400078318352377
1,0.42537709633067367
0,0.2132616885137998
0,0.240617834963913
0,0.6099810136800816
0,0.11489541141838214
0,0.03989877200764115
0,0.2132616885137998
0,0.051329694464035076
0,0.6979320640147785
0,0.4540082382534931
0,0.5729853893302108
0,0.3554982975101199
0,0.4152434197033597
1,0.7344575940022782
1,0.355881245464718
1,0.5742205098098627
0,0.2132616885137998
0,0.2132616885137998
1,0.5869707392122491
0,0.20843467039188882
0,0.03724501577933627
1,0.28628046846646743
1,0.7200780150336191
0,0.03858642022619161
0,0.3190962040077164
0,0.026391337229775432
1,0.5303778918974997
0,0.024391468375878987
1,0.5085324106608271
0,0.42003233004092966
0,0.23389205098180438
1,0.6326463925156093
0,0.3670691127581227
1,0.6019605887549485
0,0.03486333239586538
1,0.44295195753104577
1,0.4387345887745856
0,0.4824628454950258
1,0.33827823275553315
1,0.29530724728996544
1,0.44778373394942234
0,0.35502174759890853
0,0.26076910306147044
0,0.3383454086833058
0,0.2532765068510979
0,0.3259428182383622
1,0.753150309368944
0,0.4086381253848165
1,0.34727602356394954
0,0.38372469159799516
1,0.32277164962200894
0,0.09105273402665158
1,0.5095182574153416
0,0.08778068043585627
0,0.032754848214884204
1,0.5299933543143487
0,0.2878007207261305
0,0.267155517539589
0,0.2132616885137998
0,0.03927887446204295
0,0.3584828801807717
1,0.6634222951853394
1,0.346635578824278
1,0.7010509186817181
0,0.026391337229775432
1,0.6825533439809877
1,0.48133443548237603
0,0.04078140458102438
0,0.03724501577933627
0,0.3539921933330068
1,0.2957369563185197
0,0.6298588596812492
0,0.6768682580868928
0,0.5219224154778724
0,0.3755143003468376
0,0.42744122874211765
0,0.38052722939204464
0,0.25500378400077334
0,0.2768766225438658
0,0.16988446805827115
0,0.13198088269059716
0,0.02383190588202677
0,0.03724501577933627
1,0.3861549726764224
0,0.2459087562705325
0,0.534069884527599
0,0.030199119860815964
0,0.267155517539589
0,0.49982453226359896
0,0.33215766079273124
0,0.6298318870288594
0,0.2532765068510979
1,0.4971542109070824
0,0.03724501577933627
0,0.355881245464718
1,0.4328635302637007
0,0.5582580936474456
0,0.24842754157667518
0,0.29083475565542516
0,0.39102300301530823
0,0.35958166682082926
1,0.37286316216774607
1,0.594912555022006
0,0.4273126894391532
0,0.267155517539589
0,0.4971542109070824
0,0.5203221114552415
0,0.4796128172570825
0,0.08058629990503295
0,0.5435737413845343
0,0.2640153055763046
1,0.4267648837805654
0,0.16988446805827115
0,0.5831279565830475
1,0.5984334470439907
0,0.03738872898744816
1,0.6339944808230855
1,0.7583148341522
1,0.5695891434979281
0,0.37072917942139955
0,0.49478727862585775
1,0.3259018615423547
1,0.5085324106608271
0,0.1771614630158987
0,0.044151569537428284
0,0.46392378404551665
1,0.34238666877236335
0,0.28849686364718186
1,0.6743280025059137
1,0.39287132832185995
1,0.355881245464718
1,0.3738740236963544
0,0.38541192647077366
1,0.6092325345291046
0,0.37899243877877475
0,0.20342682252781247
0,0.3259018615423547
1,0.24508894228531253
0,0.34773472060758537
0,0.5323405138588079
1,0.3088719924465835
0,0.2461789907810489
0,0.3141647705577235
0,0.5863957851175599
0,0.030199119860815964
0,0.2502924915259638
1,0.44299728319922566
0,0.24434917830212455
1,0.37236189086926275
0,0.09208464815586112
0,0.026391337229775432
0,0.2132616885137998
0,0.24508894228531253
0,0.28464323903386324
0,0.045374556136472254
0,0.2640153055763046
0,0.26545699930465555
0,0.267155517539589
1,0.5020067065732502
1,0.37593899772271844
0,0.49735841161332134
0,0.02433401722151978
1,0.41407836577625723
0,0.043339210525146506
0,0.2132616885137998
0,0.04897852660886815
0,0.3259018615423547
1,0.362654694282409
0,0.29544380798298586
1,0.7977533258710905
0,0.5371728452002527
1,0.6970254870126952
1,0.6332003262812003
0,0.031522026286797664
0,0.03724501577933627
1,0.4502030538542302
0,0.051329694464035076
1,0.38183656197173516
1,0.6743280025059137
1,0.5417958054615674
1,0.3430608156631161
0,0.267155517539589
1,0.7010509186817181
0,0.27388712539001914
0,0.45543773600008786
0,0.6326463925156093
1,0.33266624746568946
0,0.3088719924465835
0,0.48982410910345203
0,0.2132616885137998
1,0.4100165921317585
0,0.3866136703665418
1,0.5032629727470923
0,0.04076689148934258
0,0.6326463925156093
0,0.2900563089177981
1,0.5513857578960054
0,0.02435377712027078
0,0.04897852660886815
0,0.026391337229775432
1,0.3130851161170263
1,0.66165620749755
1,0.33437215195884407
1,0.5742205098098627
0,0.28628046846646743
0,0.3486893561626172
0,0.3088719924465835
0,0.4511604063922605
0,0.43384506596664785
0,0.2132616885137998
0,0.46392378404551665
0,0.3141647705577235
1,0.43454440949000234
1,0.6397093233106735
1,0.04909511853852993
0,0.03724501577933627
0,0.37237474380284663
0,0.39052430514135156
1,0.5718778084237629
0,0.03724501577933627
0,0.3729093268328247
1,0.5160574621673505
0,0.051329694464035076
0,0.21682080222652028
0,0.37236189086926275
1,0.31613558151062565
0,0.32088230288155145
1,0.7284898806026523
0,0.24385205744969882
0,0.37236189086926275
0,0.45434690859186394
0,0.04078140458102438
0,0.4080593822682163
1,0.40453236320124425
0,0.3390002368369339
1,0.8091106769849441
1,0.6743280025059137
0,0.2839731520478946
0,0.133956249239254
1,0.32220476296873884
1,0.5700023957549741
1,0.66165620749755
0,0.2132616885137998
1,0.346379359713292
0,0.37072917942139955
0,0.27030082729907706
0,0.024369348429083833
0,0.31592422998163294
0,0.3722120489209683
0,0.32861148941476115
0,0.267155517539589
0,0.27165501220895377
0,0.08778068043585627
0,0.22747181297134533
1,0.470653408134886
1,0.08778068043585627
1,0.8862985177261613
0,0.20825384064972347
1,0.6215085706874954
1,0.5303778918974997
0,0.6223932117211022
0,0.3218762594072888
0,0.22747181297134533
0,0.29530724728996544
0,0.48985602364062664
0,0.3843891040943632
1,0.6227675781795297
0,0.48611527339476834
1,0.3088719924465835
0,0.031522026286797664
0,0.08621663805528014
1,0.15640409533221541
0,0.3722120489209683
0,0.33474678385544177
0,0.03724501577933627
1,0.2876155738117659
0,0.267155517539589
0,0.24738932793638446
1,0.2887360811711174
0,0.3088719924465835
1,0.3088719924465835
1,0.4996143372751736
1,0.426471312126501
0,0.24495297360603294
0,0.2502924915259638
0,0.2878007207261305
0,0.13628602853078395
1,0.4511194795968148
0,0.3869856524341109
0,0.23238529554469337
1,0.5785192317667808
0,0.03858642022619161
0,0.16461929483835927
0,0.24558234275485777
0,0.2973775961797832
0,0.03724501577933627
0,0.354326896317161
0,0.2673541051754754
0,0.5028156601731374
1,0.2264814002034489
0,0.024369348429083833
0,0.492448049408088
0,0.6867734056956578
1,0.28464323903386324
0,0.33496981037918966
0,0.054998476378132155
1,0.6668685122281888
0,0.34924747305762854
0,0.08109507932461686
0,0.21384975688064048
0,0.2379509300411685
1,0.6322914598569608
0,0.22115369190282805
0,0.43754687412956594
0,0.1315432096291383
0,0.0803063450341873
0,0.32831808825914743
0,0.43988380335599037
0,0.37941825902345355
0,0.2686892105207739
1,0.4688980184894739
1,0.36282643100488704
0,0.45615448181120405
0,0.355881245464718
0,0.22283856396745252
1,0.42462327295379093
0,0.35616730306188454
0,0.2806289503550945
0,0.3349105092867576
0,0.02433401722151978
0,0.03724501577933627
1,0.213267313488862
1,0.7583148341522
1,0.3253526378511282
1,0.6332003262812003
0,0.6867574653622648
0,0.3195761777400669
0,0.267155517539589
0,0.557044931132433
0,0.5785192317667808
0,0.32943060428647386
0,0.5404366533653622
0,0.06873619714583928
1,0.350742700119877
0,0.42979604656900555
0,0.37737881660857947
1,0.054784150371771034
0,0.0410003734337949
0,0.41247311226549127
0,0.45434690859186394
0,0.11227853360530483
0,0.1419976075574673
0,0.3705097147966708
1,0.46392378404551665
1,0.5105542045427268
0,0.2609484008653825
0,0.03724501577933627
0,0.31215147055624454
1,0.5829875125766437
1,0.7382568576625796
0,0.3722120489209683
0,0.3503866627775567
1,0.42480138915117704
0,0.492448049408088
1,0.6866164688794909
1,0.28849686364718186
0,0.3090960554087801
0,0.03927887446204295
0,0.026391337229775432
0,0.3088719924465835
0,0.355881245464718
1,0.3826926557817447
0,0.4086381253848165
1,0.7429476892190828
0,0.21600443347402049
0,0.3540332062920079
1,0.35958166682082926
0,0.045056737573831815
1,0.38456139514404186
0,0.03839712254862203
0,0.45543773600008786
0,0.6014048409941198
0,0.6723574787628276
0,0.10521555068774383
1,0.3803199907558072
0,0.3092327776661524
0,0.13198088269059716
0,0.03725354352208925
0,0.30327839967774683
0,0.6092287062236732
0,0.4594203734134792
1,0.3292382568339339
0,0.09799715387853895
0,0.32153061607798616
0,0.0781217375176996
0,0.24929245102927855
1,0.37496640454753755
1,0.5303778918974997
1,0.610185315378514
0,0.14558716929379203
0,0.03629907635601876
0,0.03345258366067645
0,0.4173758459616714
1,0.5693063360412244
0,0.267155517539589
0,0.3141647705577235
0,0.2878007207261305
0,0.4971542109070824
1,0.6478399072678185
0,0.3297010568112085
0,0.31555841115016203
1,0.5085324106608271
1,0.6673009582876824
1,0.39362486432828947
0,0.3211995552851497
1,0.45434690859186394
0,0.3094653742860098
0,0.24508894228531253
1,0.46392378404551665
0,0.28464323903386324
0,0.345723943974309
0,0.3994142471347565
0,0.2132616885137998
0,0.4971542109070824
0,0.4511604063922605
1,0.27030082729907706
1,0.6219877832226512
0,0.5978290496403711
0,0.32153061607798616
1,0.34379306002626264
1,0.5030826958573462
0,0.3346422448157427
1,0.34579044267346737
0,0.2132616885137998
0,0.29151030784445253
0,0.34238666877236335
0,0.03725354352208925
0,0.35274546350451885
1,0.42359651710331986
0,0.2502924915259638
0,0.27154196893012494
0,0.24088601050751846
0,0.3823642357601518
0,0.24334138779443767
1,0.4511604063922605
1,0.5231338522708534
0,0.37236189086926275
1,0.423225593998529
0,0.267155517539589
0,0.053325014923447565
1,0.7873248487279388
0,0.051329694464035076
0,0.2132616885137998
1,0.48611527339476834
1,0.4861199443849286
0,0.6092325345291046
0,0.22549559793385915
0,0.390337697940262
1,0.6005737048492817
0,0.07917847348821296
0,0.20843467039188882
0,0.24282611355831138
0,0.3617610084648708
0,0.32088230288155145
0,0.24385205744969882
0,0.07887746196096246
0,0.06302466707027277
0,0.3088719924465835
0,0.5970892495986225
0,0.026391337229775432
0,0.5785192317667808
0,0.3640522281666948
1,0.6490792226994437
1,0.41407836577625723
0,0.37130315571217243
0,0.44778373394942234
1,0.42519125001358077
0,0.42003233004092966
1,0.3597571721150389
0,0.25642117723045
0,0.2685703344108706
0,0.024369348429083833
1,0.5718778084237629
0,0.5407445235181013
1,0.7312675730669449
0,0.03156505852119413
0,0.2640153055763046
0,0.5085324106608271
1,0.2856705308149245
0,0.6092325345291046
0,0.41305926557603634
0,0.5729089356944239
0,0.34789847614568126
0,0.5193055388438733
1,0.5177146065155427
0,0.1349206717809945
1,0.2132616885137998
1,0.7554554083086504
0,0.259703000558001
1,0.43665012903461486
0,0.2502924915259638
1,0.3722120489209683
0,0.619332517348064
1,0.49702632530912705
1,0.6030619863913743
0,0.25562311857270964
0,0.21265676932854088
0,0.24889805933433148
1,0.6546472481319078
1,0.32277164962200894
0,0.03725354352208925
0,0.2132616885137998
1,0.7631355132820061
0,0.267155517539589
0,0.16988446805827115
1,0.7202444353023313
0,0.3330932133029152
1,0.4349264188439038
0,0.24058344170910181
1,0.5346626793401649
0,0.3088719924465835
0,0.3259018615423547
1,0.478626970502568
1,0.3963381692249043
1,0.4721807715859605
0,0.3122950380865023
0,0.34402545190487427
0,0.26935595770285226
0,0.4511604063922605
1,0.3480227757881197
1,0.43974164181342446
1,0.5275898611342299
0,0.5190943261652872
0,0.28201858046563155
1,0.8588929951142228
0,0.3766862852861842
0,0.2132616885137998
1,0.37236189086926275
0,0.08778068043585627
0,0.03190471351978047
1,0.5528169007039019
1,0.40430699359354133
0,0.2132616885137998
1,0.6684880177229061
0,0.34565162507406233
0,0.3122950380865023
0,0.04966786246652036
0,0.04044739513827666
1,0.45770852952472496
1,0.33437215195884407
0,0.36082949190238334
0,0.27030082729907706
0,0.026391337229775432
1,0.6749168011881947
0,0.4376746737019783
1,0.45184233050528155
1,0.5085324106608271
0,0.23616196273416806
1,0.45013009127561965
1,0.3088719924465835
0,0.355881245464718
0,0.26076910306147044
1,0.2532765068510979
0,0.3235583082751699
1,0.3259018615423547
0,0.267155517539589
1,0.41407836577625723
0,0.21232293074148545
0,0.394384433061429
0,0.46392378404551665
0,0.31327830886664193
0,0.4977488710354403
1,0.5463051782709087
0,0.41305926557603634
0,0.2200299578131413
0,0.3438144980308438
1,0.43856667594763993
0,0.337745584201372
1,0.29530724728996544
0,0.3816170973470064
0,0.2789160588780521
0,0.28464323903386324
1,0.2878007207261305
1,0.492448049408088
0,0.3484694577454681
0,0.3788765898161998
1,0.7878600357658653
0,0.2686892105207739
0,0.026391337229775432
1,0.688326761864166
1,0.2640153055763046
1,0.6307584157431119
0,0.6326463925156093
1,0.6326463925156093
1,0.464023034103321
1,0.3088719924465835
0,0.355881245464718
0,0.22747181297134533
0,0.06873619714583928
0,0.34021335493123295
1,0.6802113070788214
0,0.43305817033114546
0,0.22747181297134533
0,0.129499786145812
0,0.43171657683830944
1,0.49880905808637194
0,0.4653452096763953
1,0.6866164688794909
0,0.3571443740876501
0,0.026391337229775432
0,0.04909511853852993
0,0.026391337229775432
0,0.2132616885137998
1,0.47488941468355605
1,0.5611250940923157
0,0.267155517539589
1,0.267155517539589
0,0.37593899772271844
0,0.4971542109070824
1,0.8588929951142228
1,0.5635466321801498
1,0.46392378404551665
1,0.3092327776661524
0,0.24837059209442577
0,0.33860040846876044
1,0.48670985703353037
0,0.3088719924465835
0,0.3362371384393035
0,0.2741666274983566
0,0.026391337229775432
1,0.4734348288886324
1,0.2981604263980981
0,0.6555691652011032
1,0.2132616885137998
0,0.3712804742529869
0,0.267155517539589
1,0.6015829728543665
0,0.06037810414913229
0,0.38408543599720985
1,0.5577586551703582
1,0.6601056457091055
0,0.07498545138399826
0,0.04424526032222058
0,0.27479683792489085
0,0.024325160634278722
0,0.355881245464718
0,0.2702751438976728
0,0.36943441457010917
0,0.337745584201372
0,0.026391337229775432
0,0.4725376747964543
1,0.54290717010805
1,0.5127156769236906
0,0.454979989182991
1,0.6007797391355207
0,0.39358908348848126
0,0.5042849931229249
1,0.7200780150336191
0,0.355881245464718
0,0.23493071111488878
1,0.7034395481286683
0,0.4018422302453715
0,0.09170288558322713
0,0.15052230007219303
0,0.03927887446204295
0,0.3869856524341109
1,0.5606504629288402
0,0.030102373607492478
1,0.2878007207261305
1,0.3138078385886499
0,0.25410564120096313
1,0.528298596186508
0,0.06434282565254751
0,0.5454174581947696
0,0.09195145080577015
1,0.4478633958419345
1,0.267155517539589
0,0.3991973853073588
0,0.422495119466894
0,0.024369348429083833
0,0.529794313232004
1,0.5785192317667808
1,0.6326463925156093
1,0.35189045017396375
1,0.6825533439809877
0,0.22423288959093535
1,0.4721807715859605
1,0.44886164321056643
0,0.03724501577933627
1,0.6254355753592383
1,0.66359039795359
1,0.34238666877236335
0,0.7901507185497297
0,0.03725354352208925
0,0.27030082729907706
0,0.3088719924465835
0,0.44347603876479547
1,0.5797001500718095
0,0.04897852660886815
0,0.10718801932854087
0,0.3855919299842766
0,0.3826717096584985
0,0.4696986872204407
0,0.3715987528142542
0,0.2831564100514994
0,0.31925578982934183
1,0.3794239548665653
1,0.3411244087241067
1,0.5177146065155427
0,0.32011789335314755
0,0.1982588636169094
0,0.4316313660610565
0,0.27213668808305835
0,0.45543773600008786
0,0.031522026286797664
0,0.3515861376542351
0,0.41305926557603634
1,0.355881245464718
0,0.3841727018189448
1,0.6202095136016826
0,0.2132616885137998
1,0.46958143079301723
0,0.262214429298762
0,0.16988446805827115
1,0.688326761864166
0,0.267155517539589
1,0.4107540155354009
1,0.2132616885137998
0,0.051329694464035076
1,0.2979791156608115
0,0.03725354352208925
1,0.6326463925156093
0,0.04679928251005369
0,0.25136282933002396
0,0.2860191784453977
0,0.46392378404551665
0,0.26076910306147044
0,0.3738740236963544
0,0.026391337229775432
0,0.2973775961797832
0,0.3540332062920079
0,0.6326463925156093
0,0.6326463925156093
0,0.2595171839604394
0,0.03724501577933627
1,0.5255353139490228
0,0.355881245464718
1,0.7702470406213078
0,0.03724501577933627
1,0.424450309781447
0,0.26076910306147044
0,0.04424526032222058
0,0.03724501577933627
0,0.043113423969571955
0,0.3088719924465835
0,0.04424526032222058
0,0.0849319702981473
1,0.5105478805939617
1,0.39700119150385355
0,0.31955003157129463
0,0.267155517539589
0,0.267155517539589
0,0.08544156763919628
0,0.45184233050528155
1,0.4394022836681619
1,0.7010509186817181
1,0.6244267204550977
0,0.3206460584252885
1,0.3077421956859356
0,0.03725354352208925
1,0.4086381253848165
0,0.3353775548702707
0,0.34238666877236335
0,0.03174191786739002
1,0.790068425346488
1,0.4299999852679115
0,0.037385982217753806
1,0.3259018615423547
0,0.2379509300411685
0,0.2640153055763046
0,0.3861327681739279
1,0.3670691127581227
1,0.3540332062920079
0,0.30971644075879423
0,0.3755971170718975
0,0.20351543564730604
1,0.6200038904192591
0,0.6187830171921144
0,0.03724501577933627
0,0.33496981037918966
1,0.46392378404551665
0,0.5943670818554307
0,0.20070247565341126
0,0.16988446805827115
0,0.25734719844441506
0,0.03724501577933627
0,0.35458145190604295
0,0.3141647705577235
1,0.4706729771500527
0,0.5469360439580168
0,0.29312596301596716
1,0.6326463925156093
1,0.3259018615423547
1,0.3088719924465835
0,0.2640153055763046
1,0.6244267204550977
1,0.3945596896136441
1,0.460841522209623
0,0.33149770604321177
1,0.47864551714026105
0,0.3766862852861842
0,0.03724501577933627
0,0.026391337229775432
0,0.2640153055763046
0,0.051329694464035076
0,0.33075429937816486
1,0.8215157630856407
0,0.4086381253848165
1,0.24508894228531253
0,0.4301306962577361
0,0.46054400518209787
1,0.4651261482987957
1,0.3026576872535737
0,0.3092327776661524
1,0.355881245464718
0,0.6825533439809877
0,0.03724501577933627
1,0.5785192317667808
0,0.31215147055624454
1,0.6244267204550977
0,0.06873619714583928
0,0.267155517539589
1,0.8588929951142228
0,0.3115757617365701
1,0.7967694564248866
0,0.3738740236963544
0,0.6743280025059137
0,0.38880803433150335
0,0.02433401722151978
1,0.32733015024321455
1,0.3383454086833058
1,0.6500511858643917
0,0.45434690859186394
1,0.4971542109070824
1,0.267155517539589
0,0.2132616885137998
1,0.6019605887549485
0,0.2132616885137998
0,0.26076910306147044
0,0.19401677008591667
1,0.6633697592614283
0,0.03927887446204295
0,0.5181867638317931
0,0.03725354352208925
1,0.3602922601145909
1,0.492448049408088
0,0.3088719924465835
1,0.25562311857270964
0,0.1202099031009414
0,0.267155517539589
0,0.031522026286797664
0,0.32379431405507214
1,0.3597571721150389
0,0.02767725080996695
1,0.7440667647404705
0,0.6942854621558563
1,0.6749168011881947
0,0.492448049408088
0,0.05766719206315415
0,0.267155517539589
0,0.2878007207261305
0,0.32277164962200894
0,0.03724501577933627
0,0.025023152223183045
0,0.267155517539589
0,0.22747181297134533
0,0.026391337229775432
0,0.8588929951142228
1,0.3609060451970034
0,0.24561869642313044
0,0.031522026286797664
0,0.267155517539589
1,0.6634222951853394
0,0.026391337229775432
0,0.2132616885137998
0,0.3088719924465835
0,0.0362798420518482
0,0.3910904452876633
0,0.40262252010399796
1,0.8991200094900996
0,0.4091604612683544
1,0.6895817637035329
0,0.3327499522973224
0,0.3218762594072888
1,0.5738499023494835
0,0.03724501577933627
0,0.2640153055763046
0,0.10129834366777744
1,0.6593649244622986
0,0.03242731735166197
1,0.5466765286175127
0,0.2502924915259638
0,0.2132616885137998
1,0.4810544145471724
0,0.5108690663051856
0,0.3499620842436489
0,0.08194349447632954
1,0.26076910306147044
1,0.6634222951853394
0,0.031522026286797664
1,0.29312596301596716
1,0.7278809780951241
0,0.6167789117642151
0,0.28464323903386324
1,0.7631355132820061
0,0.2973775961797832
0,0.267155517539589
0,0.6058577989525769
0,0.46392378404551665
1,0.5749008455844273
0,0.04897852660886815
1,0.66165620749755
1,0.5031474439730025
0,0.3982476629739493
0,0.2132616885137998
0,0.04909511853852993
0,0.6313366188830957
1,0.42143217885917483
0,0.3088719924465835
1,0.2876901802896571
0,0.03211593617477747
0,0.026391337229775432
1,0.6090391261244995
0,0.03724501577933627
0,0.027597301761070964
0,0.2878007207261305
1,0.4027461234718009
0,0.4971542109070824
1,0.492448049408088
0,0.2132616885137998
0,0.28547021962280844
0,0.512178466894711
0,0.4267934302763325
1,0.6866164688794909
1,0.6533516582315941
0,0.4981375227027254
1,0.3956255792895534
0,0.6240991039734936
1,0.4010424593101424
0,0.1673081883308324
0,0.08194349447632954
0,0.3218762594072888
1,0.3738740236963544
0,0.039180330114171415
0,0.48712665264089317
0,0.656020897824072
1,0.5063225138638814
1,0.610185315378514
0,0.2805919707750635
1,0.44672116910326215
0,0.4102935907698124
1,0.03725354352208925
0,0.03724501577933627
1,0.38058578272723914
0,0.5165086172271757
0,0.37072917942139955
0,0.7265542787045904
0,0.337745584201372
1,0.2132616885137998
0,0.29312596301596716
0,0.3180978545191757
0,0.04679928251005369
1,0.46758697584056624
0,0.29056346430562185
0,0.3309138231671178
0,0.656020897824072
1,0.7490854650168376
0,0.1794721471853144
0,0.026391337229775432
0,0.024155640949149258
1,0.267155517539589
0,0.2686892105207739
0,0.5989493658473498
1,0.649403552671582
0,0.39760458549440064
0,0.48297535412387865
1,0.4626941175138063
1,0.2132616885137998
1,0.42691546366548105
1,0.5738499023494835
1,0.37348323571211917
0,0.44334279676969823
1,0.6374942952829505
0,0.3092327776661524
1,0.4102935907698124
0,0.28337685122067285
0,0.6183560661021925
1,0.37737881660857947
1,0.6167789117642151
0,0.49444223710164215
1,0.7200780150336191
1,0.680063105359048
1,0.6030619863913743
1,0.3926326349274204
0,0.5970892495986225
0,0.45434690859186394
0,0.2709389313833673
0,0.37384499263897125
0,0.24508894228531253
0,0.3088719924465835
0,0.4608434501029474
0,0.25562311857270964
0,0.25562311857270964
0,0.4086381253848165
1,0.3259018615423547
0,0.2973775961797832
0,0.03724501577933627
1,0.6799142407273654
1,0.2926965240503824
1,0.6193213155927092
0,0.026391337229775432
1,0.5454174581947696
1,0.44886164321056643
0,0.5423154247525067
0,0.4086381253848165
1,0.6743280025059137
0,0.5639266788673681
1,0.6626178992486287
0,0.026877386228900683
0,0.492448049408088
0,0.37072917942139955
1,0.35193019234190637
0,0.267155517539589
1,0.5394562540818667
0,0.32277164962200894
0,0.39566877769437747
0,0.03725354352208925
0,0.6119522573304658
0,0.2532765068510979
0,0.27030082729907706
0,0.2741666274983566
0,0.3715987528142542
0,0.6244267204550977
0,0.29367483695504837
0,0.03724501577933627
1,0.8064497843715801
1,0.6847110963941456
0,0.3126739408292264
0,0.45434690859186394
0,0.2502924915259638
1,0.7348840481582503
0,0.2532765068510979
0,0.267155517539589
0,0.3280679525106574
0,0.605326976786954
0,0.02433401722151978
1,0.2640153055763046
0,0.4721807715859605
1,0.302014714343904
0,0.23304821170127105
0,0.17848179448353785
0,0.5275898611342299
0,0.5423154247525067
0,0.36788505622843914
1,0.3113378124335705
0,0.3670691127581227
0,0.29257155435567156
1,0.3092327776661524
0,0.3866136703665418
0,0.026391337229775432
0,0.04909511853852993
0,0.36920072990657926
0,0.7679751101135028
0,0.3088719924465835
1,0.32565934037471445
1,0.5633022602563269
1,0.337745584201372
1,0.4729555051533676
0,0.042465683162403116
0,0.2132616885137998
0,0.267155517539589
1,0.1582634880259571
0,0.45184233050528155
1,0.7271615870519891
0,0.4392239310918195
0,0.2878007207261305
0,0.12662857268421893
0,0.03211593617477747
1,0.24445849023768315
0,0.5553459651281276
1,0.54290717010805
0,0.3124911758392436
0,0.3476996764257318
1,0.38372469159799516
1,0.6684880177229061
0,0.031522026286797664
0,0.2132616885137998
0,0.5887271090050411
0,0.14908452234682662
0,0.47533899915377786
1,0.2774454419770732
1,0.7389488656749164
1,0.48036435036065506
0,0.0869135765766602
0,0.2973775961797832
0,0.03927887446204295
0,0.03724501577933627
0,0.6326463925156093
0,0.36512713458734025
0,0.3002857598692324
0,0.2664472026857584
0,0.4230251558979436
0,0.07691847414354246
1,0.44295195753104577
0,0.36788505622843914
0,0.24702673366420208
0,0.02519149985387552
1,0.3088719924465835
0,0.3705097147966708
0,0.026391337229775432
0,0.04072843503516156
0,0.03725354352208925
0,0.32277164962200894
0,0.5718778084237629
1,0.6244267204550977
0,0.6593965311482345
1,0.4511604063922605
1,0.41407836577625723
0,0.2807652369397428
0,0.1226415561300074
0,0.3160130698653703
0,0.5253750755704965
0,0.024369348429083833
1,0.36094370490925615
0,0.42524962852062287
1,0.6326463925156093
1,0.4121703595288678
0,0.36788505622843914
1,0.46392378404551665
1,0.5160574621673505
0,0.24190457428415219
0,0.33496981037918966
1,0.3383454086833058
1,0.6477865881749454
1,0.43495634770706776
0,0.038380157682924396
0,0.3340928036341579
0,0.03927887446204295
0,0.313323607673664
1,0.7403640113111536
0,0.304109942398973
1,0.7176869999396659
0,0.03724501577933627
1,0.41864332931323156
0,0.355881245464718
0,0.2200299578131413
0,0.2669688304415665
1,0.3861549726764224
1,0.5278195894920347
0,0.2654244157720903
0,0.5649473687510809
0,0.33312318489859466
1,0.42143217885917483
0,0.03725354352208925
0,0.45711771878388063
0,0.394384433061429
0,0.02433401722151978
0,0.03724501577933627
1,0.4086381253848165
0,0.3372223769524728
1,0.5545624267166513
0,0.2132616885137998
1,0.3092327776661524
0,0.03170163027274328
1,0.5022184010018933
0,0.04256223116172428
1,0.4541702840919754
0,0.4038183542819461
0,0.2878007207261305
1,0.4086381253848165
0,0.56861243835455
0,0.3259018615423547
1,0.4845422114389681
1,0.36332091507604936
0,0.026391337229775432
0,0.2878007207261305
1,0.5009375064170634
0,0.03725354352208925
0,0.02433401722151978
0,0.416144935923375
0,0.47533899915377786
0,0.39102300301530823
0,0.4232022406547049
0,0.24138066165259717
1,0.5974626582610889
0,0.563960584166041
0,0.05364273914391756
0,0.31145498480176087
0,0.2532645026241055
1,0.5486792122783418
0,0.3766862852861842
0,0.43274476719229504
0,0.30516112080161395
1,0.4663625117538163
1,0.8588929951142228
0,0.2669688304415665
0,0.31845988832086297
1,0.46392378404551665
1,0.599214479796865
0,0.240617834963913
0,0.030199119860815964
1,0.3259018615423547
0,0.30606412812382344
1,0.026391337229775432
1,0.30211237484812903
1,0.5738942610171116
1,0.4267648837805654
0,0.34238666877236335
0,0.10127284003000876
0,0.2132616885137998
0,0.267155517539589
0,0.05717699598472278
0,0.6702095207195831
0,0.06302466707027277
1,0.5779420239614088
0,0.03724501577933627
1,0.37072917942139955
0,0.2132616885137998
1,0.2826823324255807
1,0.337745584201372
1,0.48981136860088587
0,0.5767337123930455
0,0.26075123593577226
0,0.059507841783213763
1,0.7631355132820061
1,0.3088719924465835
0,0.24265150505615646
0,0.02433401722151978
1,0.7010509186817181
0,0.2878007207261305
1,0.6202095136016826
1,0.34238666877236335
1,0.6470122409306011
1,0.3046250363793827
0,0.024369348429083833
1,0.7892828760264423
0,0.4126873654800107
1,0.4971542109070824
1,0.6424736225286669
1,0.4640198802045313
1,0.5856492074967024
0,0.08058629990503295
1,0.5454174581947696
1,0.6607891305500573
0,0.33153793158482825
0,0.2849044347053717
1,0.46222727642375705
1,0.7371621377743331
0,0.05130166689104286
0,0.03403366936834497
0,0.2379509300411685
0,0.025153641701337055
1,0.5456022834944783
0,0.4721807715859605
0,0.3640522281666948
0,0.026391337229775432
1,0.7945997292672409
1,0.4302043959587045
0,0.5958211600197807
1,0.32413445237212407
1,0.44886164321056643
0,0.21265676932854088
1,0.6989580134002197
1,0.38401006861003456
0,0.5086678677174918
0,0.267155517539589
1,0.6326463925156093
1,0.3259018615423547
0,0.1794721471853144
0,0.3523136784485659
0,0.34549051235680556
0,0.5437513140978157
0,0.026391337229775432
1,0.45402360693973925
0,0.025555483512660144
0,0.520665420443303
0,0.051329694464035076
1,0.39358908348848126
1,0.726525043351445
1,0.7631355132820061
0,0.31953061171169594
0,0.27030082729907706
0,0.267155517539589
1,0.40900081076513223
1,0.5047124278121465
0,0.026391337229775432
0,0.44295195753104577
0,0.24508894228531253
0,0.3259018615423547
0,0.24508894228531253
1,0.34727602356394954
1,0.5882996206962579
0,0.5275898611342299
1,0.5970892495986225
1,0.41922130193910284
0,0.2973775961797832
0,0.45543773600008786
0,0.03211593617477747
0,0.5587630325334025
0,0.03725354352208925
0,0.059507841783213763
1,0.43320808609155825
1,0.5105542045427268
0,0.23951254355538687
1,0.384312932190667
0,0.7878600357658653
1,0.3738740236963544
0,0.2132616885137998
0,0.44455657329274845
1,0.04909511853852993
1,0.6572798649585686
1,0.7925485177261613
0,0.3722120489209683
0,0.27154196893012494
1,0.42359651710331986
1,0.7270946981881592
0,0.2379509300411685
0,0.037385982217753806
0,0.03724501577933627
0,0.04897852660886815
0,0.03724501577933627
1,0.492448049408088
0,0.28464323903386324
0,0.2987469643385027
0,0.08282087583053808
1,0.5659307715859605
1,0.8013032220784515
1,0.4749207419178026
0,0.27154196893012494
0,0.21682080222652028
0,0.03724501577933627
0,0.2878007207261305
1,0.7010509186817181
0,0.5803851103851103
1,0.6223932117211022
0,0.2717873135516422
0,0.03724501577933627
1,0.20825384064972347
1,0.1109784412230386
1,0.2640153055763046
0,0.355881245464718
1,0.3217129735766509
0,0.35457440488446706
0,0.27030082729907706
0,0.2709389313833673
0,0.32379439042542596
1,0.680063105359048
0,0.09497575733446904
0,0.10013248862787857
0,0.2958560614218971
0,0.03989877200764115
0,0.355881245464718
0,0.337745584201372
1,0.5970892495986225
1,0.5303778918974997
0,0.34238666877236335
0,0.267155517539589
1,0.3279127907785311
1,0.15640409533221541
1,0.3475816706465226
1,0.3816170973470064
0,0.043113423969571955
0,0.2684499899012343
1,0.492448049408088
0,0.10013248862787857
1,0.5575921931340949
0,0.4961918116481936
0,0.08194349447632954
0,0.4383028787513373
0,0.4511604063922605
0,0.051329694464035076
0,0.653847074993769
0,0.21865649086100963
1,0.5027101244343544
0,0.267155517539589
1,0.25562311857270964
1,0.6825533439809877
1,0.6802113070788214
0,0.25136282933002396
0,0.5976455804232375
0,0.4399641378809438
0,0.2132616885137998
1,0.738141769832885
1,0.3259018615423547
0,0.32277164962200894
1,0.7631355132820061
1,0.2878007207261305
1,0.02435377712027078
0,0.31659922641531535
0,0.07353866189360465
0,0.03725354352208925
1,0.681090869024997
0,0.45434690859186394
1,0.6204795468554399
1,0.4571895191432527
0,0.03858642022619161
0,0.08444407674087046
0,0.4800755086992087
0,0.38140444079393926
0,0.394384433061429
1,0.6244267204550977
0,0.4912769697055745
0,0.45543773600008786
0,0.267155517539589
0,0.26076910306147044
0,0.4971542109070824
0,0.4591083271969112
0,0.5855000467888639
1,0.3300921878742524
0,0.33496981037918966
0,0.24877351072853449
0,0.026391337229775432
1,0.34238666877236335
1,0.6538333155081107
0,0.2973775961797832
0,0.051329694464035076
0,0.20682896795025496
0,0.24137762541696173
1,0.37236189086926275
0,0.2789160588780521
1,0.2200299578131413
1,0.44684421722598905
1,0.3141647705577235
0,0.3794239548665653
0,0.267155517539589
0,0.03211593617477747
0,0.2664472026857584
1,0.4967292383727454
0,0.46392378404551665
0,0.37368778503337885
0,0.3869856524341109
1,0.4364344130133173
0,0.33807182880124936
0,0.3092327776661524
0,0.4971542109070824
0,0.46392378404551665
0,0.10479484716428095
0,0.22523261768697952
1,0.3554441258734164
1,0.7929614725108738
0,0.3565581826191333
0,0.31562795585126996
0,0.09468623551339823
0,0.355881245464718
0,0.555338589423074
0,0.5169444672821213
0,0.355881245464718
0,0.25843890684637894
0,0.46392378404551665
1,0.39241500017850767
0,0.35841538835438314
1,0.44778373394942234
1,0.688326761864166
0,0.5854641620923705
0,0.1015136820852001
0,0.6795939209290203
1,0.37072917942139955
0,0.047934082438738215
0,0.45581735399501305
1,0.6552055673471183
1,0.512178466894711
0,0.03724501577933627
0,0.28130303141781854
0,0.31437125853347286
1,0.478626970502568
1,0.5295062157099065
1,0.44466038681571163
0,0.41407836577625723
1,0.4867742440957834
0,0.43171657683830944
0,0.03724501577933627
1,0.8317726904818892
0,0.03725354352208925
1,0.7415981680493754
0,0.04897852660886815
1,0.688326761864166
1,0.346050618133996
1,0.6011728211778953
0,0.026391337229775432
0,0.2878007207261305
1,0.355881245464718
1,0.7202444353023313
0,0.038380157682924396
0,0.29257155435567156
1,0.42143217885917483
0,0.12247992716909221
0,0.4594203734134792
0,0.07613813079710575
1,0.7631355132820061
1,0.6979320640147785
0,0.24744394412180615
0,0.46392378404551665
0,0.534069884527599
0,0.03725354352208925
1,0.24508894228531253
1,0.3579615689648636
1,0.346379359713292
0,0.03724501577933627
0,0.08778068043585627
0,0.25562311857270964
0,0.24088601050751846
0,0.3738740236963544
1,0.6098252788450715
0,0.08194349447632954
0,0.267155517539589
0,0.026391337229775432
0,0.26029303710330165
0,0.3999121852247536
1,0.6188355674254217
0,0.5095182574153416
0,0.6634222951853394
0,0.29065443665116575
1,0.6908682915394408
0,0.024369348429083833
0,0.2617246594730539
0,0.29347277102629526
1,0.3728751944435876
0,0.03858642022619161
0,0.36934486557859325
1,0.40601111811320767
1,0.534069884527599
0,0.37625800573643203
0,0.03858642022619161
0,0.03724501577933627
0,0.07141891003869752
0,0.267155517539589
0,0.3122950380865023
0,0.031522026286797664
0,0.2640153055763046
0,0.031522026286797664
1,0.46918560157055283
0,0.3873480432962548
0,0.44455657329274845
1,0.4971542109070824
0,0.05149797094707235
1,0.5774641383938802
1,0.32660422767261454
0,0.29167484540233785
1,0.6326463925156093
0,0.6161818087424689
0,0.40749606179918546
0,0.45543773600008786
0,0.27912186216356816
0,0.23869649938046536
0,0.2132616885137998
1,0.6227675781795297
0,0.2749299266678623
0,0.2132616885137998
1,0.5112969237770785
1,0.2132616885137998
0,0.031522026286797664
0,0.34238666877236335
0,0.267155517539589
0,0.3484694577454681
0,0.3141647705577235
0,0.46608723554729153
1,0.6275747710992363
0,0.053325014923447565
1,0.6332003262812003
0,0.11388260378056062
0,0.03724501577933627
1,0.4204070384879125
0,0.2664472026857584
0,0.34092907698519737
1,0.34238666877236335
1,0.6326463925156093
1,0.08778068043585627
0,0.2502924915259638
0,0.32445736869504344
0,0.04828023043378026
0,0.23944968948408732
0,0.5808394029182209
1,0.6058658122679975
1,0.355881245464718
0,0.3945890477556076
0,0.25267369288166336
0,0.40262252010399796
1,0.25007737614652276
0,0.2132616885137998
0,0.5767844675959933
1,0.5963358925887641
0,0.5641112656200659
0,0.032546072452999245
1,0.5644993187044884
1,0.7788851428614096
0,0.026391337229775432
0,0.02433401722151978
0,0.34087667161742363
0,0.3869856524341109
1,0.20825384064972347
0,0.026391337229775432
0,0.24137762541696173
0,0.267155517539589
0,0.4932284121125943
1,0.7878600357658653
0,0.2664472026857584
1,0.04897852660886815
0,0.27685584328346
0,0.2502924915259638
0,0.03628401295801247
0,0.2920276876158086
0,0.7993303714649221
0,0.3430608156631161
0,0.267155517539589
0,0.024512930979972435
1,0.4967292383727454
0,0.3774847367782611
1,0.8064497843715801
0,0.24090839867417616
0,0.3602922601145909
0,0.03548725567570072
1,0.355881245464718
0,0.27794886924277085
1,0.5552805157287556
0,0.4023760068936564
1,0.25234153934735815
1,0.4511604063922605
0,0.04909511853852993
1,0.267155517539589
0,0.024512930979972435
0,0.3609060451970034
1,0.4257786882190079
0,0.267155517539589
0,0.35502174759890853
0,0.26515805528246017
1,0.4091604612683544
1,0.7730116095375308
0,0.2772123940409147
1,0.6202117017290146
0,0.2579592658142818
1,0.2132616885137998
0,0.1641437883049168
1,0.267155517539589
0,0.1717186409662771
0,0.43384506596664785
1,0.35458145190604295
0,0.3869856524341109
0,0.38163047255191357
0,0.057682517665092504
0,0.355881245464718
0,0.048286680012148836
0,0.24088601050751846
0,0.5162582670452402
0,0.02433401722151978
1,0.492448049408088
1,0.7631355132820061
0,0.23748527456359247
0,0.2502924915259638
0,0.18879078701528326
0,0.3640522281666948
0,0.0252589451566743
1,0.24508894228531253
1,0.6202095136016826
1,0.32277164962200894
1,0.3259018615423547
1,0.267155517539589
1,0.46042763857642083
1,0.38380397557753637
1,0.3579615689648636
0,0.02433401722151978
1,0.6227675781795297
1,0.3722120489209683
0,0.4994868709512764
1,0.6193213155927092
0,0.2801077398600776
0,0.6764196110525831
1,0.4215245907432025
1,0.6433622293027259
0,0.6305597642790665
1,0.6521755388336976
1,0.8127744937176234
1,0.49942500443171944
0,0.5066996657292482
1,0.5275898611342299
0,0.030199119860815964
0,0.3088719924465835
1,0.4932284121125943
0,0.2132616885137998
0,0.5275898611342299
1,0.6634222951853394
1,0.3188842299425158
1,0.4996143372751736
0,0.24876068564070392
0,0.20843467039188882
1,0.6343693672619837
1,0.6642483452478892
0,0.355187027794426
0,0.23649348988472613
0,0.33241470184843086
0,0.6326463925156093
0,0.29530724728996544
1,0.2984346703918888
0,0.043113423969571955
1,0.42377901144961033
0,0.2876155738117659
0,0.1794721471853144
0,0.3881703537297858
1,0.37072917942139955
1,0.3259018615423547
1,0.4540082382534931
0,0.42199079643553056
0,0.4409314268581367
1,0.7591118707952084
0,0.28201858046563155
0,0.3141647705577235
0,0.2987469643385027
0,0.2571184424291639
1,0.5157412742433591
0,0.5085324106608271
1,0.4977488710354403
0,0.3088719924465835
0,0.2132616885137998
0,0.267155517539589
0,0.24137762541696173
0,0.0415704754867056
0,0.2757028186327917
0,0.512527543558727
1,0.5635466321801498
0,0.024369348429083833
0,0.34747529993364207
0,0.5024470188065174
1,0.6326463925156093
0,0.563960584166041
0,0.267155517539589
0,0.03724501577933627
0,0.03858642022619161
0,0.28464323903386324
0,0.7403640113111536
1,0.40608793795113224
0,0.267155517539589
1,0.5363857198114028
0,0.4932284121125943
0,0.2686892105207739
0,0.2673541051754754
0,0.40977180796478285
0,0.34892400520503464
0,0.22747181297134533
1,0.6014509074227027
0,0.3160130698653703
0,0.051329694464035076
0,0.38121777137446056
1,0.41247311226549127
0,0.355881245464718
1,0.4086381253848165
1,0.4715854565709593
0,0.03211593617477747
1,0.4681155515780692
0,0.4723478313106148
0,0.3092327776661524
1,0.36703548439001266
0,0.5323595280148934
0,0.22747181297134533
0,0.030199119860815964
0,0.2132616885137998
0,0.2915503047032382
0,0.06873619714583928
0,0.026391337229775432
1,0.09542914256255895
0,0.2132616885137998
1,0.6419995746993682
0,0.6332003262812003
0,0.46392378404551665
0,0.25562311857270964
1,0.5309922258486495
0,0.33196607305179926
1,0.3728751944435876
0,0.34253198652823624
1,0.4663625117538163
1,0.37286316216774607
1,0.6730151095203355
0,0.3218762594072888
1,0.6444800573414378
1,0.6734595762734324
0,0.45434690859186394
0,0.7403640113111536
1,0.54290717010805
0,0.030199119860815964
0,0.24362902966545646
0,0.0632460456254853
0,0.2640153055763046
0,0.6472097474410646
0,0.24804233985264526
0,0.36705307761751305
0,0.7490854650168376
0,0.23937657487610722
1,0.8588929951142228
0,0.23610133917056353
0,0.08423053230638873
1,0.6244267204550977
1,0.5275898611342299
0,0.030199119860815964
1,0.30663985378728775
1,0.3259018615423547
1,0.32220476296873884
1,0.7631355132820061
0,0.54290717010805
0,0.2132616885137998
0,0.5456022834944783
0,0.03724501577933627
1,0.3732238039557573
1,0.6634222951853394
0,0.03724501577933627
0,0.2798203496418427
0,0.24508894228531253
0,0.2920276876158086
0,0.34253198652823624
0,0.41407836577625723
1,0.66165620749755
0,0.06280649696122544
0,0.5491710493347104
1,0.39102300301530823
1,0.39362486432828947
0,0.2211886220923089
1,0.3715987528142542
1,0.40601111811320767
0,0.267155517539589
0,0.33258369669816334
0,0.24508894228531253
0,0.355881245464718
0,0.4316313660610565
1,0.6055417060498361
0,0.3259018615423547
0,0.3906033471763588
1,0.355881245464718
0,0.2673541051754754
0,0.492448049408088
0,0.06666640535301044
1,0.4361791406027873
1,0.54290717010805
0,0.25562311857270964
0,0.03725354352208925
0,0.3824414097671407
0,0.6743280025059137
1,0.7730116095375308
1,0.4521845150123817
1,0.3513427663335767
1,0.6423888446822323
1,0.5854690251104572
0,0.42308859239939467
1,0.2876155738117659
0,0.04909511853852993
0,0.24508894228531253
0,0.03724501577933627
0,0.28464323903386324
0,0.23986116919249986
0,0.24508894228531253
0,0.25562311857270964
0,0.26076910306147044
1,0.39329958735441856
1,0.7490854650168376
0,0.5862849610208
0,0.267155517539589
0,0.33496981037918966
1,0.5018908552176309
0,0.33605362072222555
0,0.267155517539589
0,0.03173672712482798
1,0.5641112656200659
0,0.25218433833416865
0,0.026391337229775432
0,0.2466030999788451
1,0.05715956443097657
0,0.33613595191022116
0,0.03724501577933627
0,0.03724501577933627
0,0.03725354352208925
0,0.3816170973470064
1,0.5718778084237629
1,0.3126739408292264
1,0.28580792973882707
0,0.2640153055763046
0,0.34549051235680556
0,0.10071358643285597
1,0.3400235946474961
0,0.66165620749755
0,0.03724501577933627
1,0.6326463925156093
1,0.35620201796548173
0,0.04072843503516156
1,0.6518880111261192
0,0.033330067405275166
0,0.04679928251005369
1,0.6264325978308546
0,0.24842754157667518
0,0.3710295995904792
0,0.24508894228531253
1,0.6019605887549485
0,0.3030916476820891
1,0.6334721380374811
1,0.38456139514404186
1,0.5231183166577127
0,0.28201858046563155
0,0.2903523936791693
0,0.026391337229775432
1,0.599214479796865
0,0.24137762541696173
1,0.6825533439809877
0,0.3218762594072888
0,0.267155517539589
0,0.3088719924465835
0,0.44886164321056643
1,0.267155517539589
0,0.3378767362140092
1,0.2664472026857584
0,0.024369348429083833
1,0.3579615689648636
1,0.4434353497366119
0,0.2011035945221492
0,0.5347727793040293
0,0.6013151334246911
0,0.21626843434053367
0,0.03540267838961076
1,0.36987028019583434
0,0.47533899915377786
1,0.753150309368944
0,0.2532765068510979
0,0.4086381253848165
0,0.24571192336030098
0,0.24965967993166752
0,0.08392392609461022
1,0.599214479796865
0,0.35502174759890853
0,0.267155517539589
0,0.6326463925156093
1,0.2878007207261305
0,0.2878007207261305
0,0.2973775961797832
1,0.6192165420383229
0,0.06873619714583928
0,0.3676307804716413
0,0.3259018615423547
0,0.355881245464718
0,0.3665922324578102
0,0.2132616885137998
1,0.7180904966885102
0,0.267155517539589
0,0.3926569135715607
1,0.6037269881850602
1,0.6326463925156093
1,0.6866164688794909
0,0.03403366936834497
0,0.3869856524341109
0,0.2686892105207739
1,0.753150309368944
0,0.2132616885137998
0,0.5135138444823086
1,0.820675797846756
1,0.25562311857270964
1,0.6882505141987496
0,0.08392392609461022
0,0.5496269502681724
1,0.4502030538542302
1,0.7095695134369452
1,0.7983406005623013
0,0.20342682252781247
0,0.027597301761070964
0,0.032546072452999245
0,0.33241470184843086
0,0.030199119860815964
1,0.23074217555665769
0,0.47488941468355605
0,0.346635578824278
0,0.29579820107917093
0,0.03927887446204295
0,0.213267313488862
1,0.492448049408088
1,0.5963358925887641
0,0.4102935907698124
0,0.5246890735972446
0,0.2532765068510979
0,0.03725354352208925
0,0.030199119860815964
0,0.26776689637643153
1,0.8013032220784515
1,0.7072822349164136
0,0.28201858046563155
0,0.02433401722151978
0,0.4648904393424236
0,0.2664472026857584
0,0.18075937473213746
1,0.44778373394942234
0,0.22764838623516492
1,0.48156584065118724
1,0.6134942826123938
0,0.28085400550711853
1,0.30391054958530955
0,0.20656370274272337
0,0.6199838348671556
0,0.34966411120458735
1,0.6202095136016826
0,0.4030173809600635
1,0.11388260378056062
1,0.7382568576625796
0,0.39628436503775016
0,0.7382568576625796
0,0.6051465180080011
1,0.6504600894009909
0,0.28464323903386324
0,0.31922772323146736
0,0.23251025044901164
1,0.7785507590242643
1,0.20825384064972347
1,0.4086381253848165
0,0.355881245464718
1,0.4575568832673486
1,0.3765939475944692
0,0.4305643923797407
0,0.3589894421212031
0,0.2878007207261305
0,0.03724501577933627
1,0.8588929951142228
0,0.267155517539589
0,0.4104758684458298
0,0.029916857574781096
1,0.5528169007039019
0,0.41407836577625723
0,0.3722120489209683
0,0.3399002405620717
1,0.6397093233106735
1,0.4340685427843627
1,0.25843890684637894
0,0.031522026286797664
1,0.6996473338678135
0,0.29530724728996544
1,0.2640153055763046
0,0.03724501577933627
0,0.5319556215895099
0,0.5635466321801498
1,0.20342682252781247
0,0.3006509405284883
1,0.753150309368944
1,0.4881365638630175
1,0.6018384926521143
0,0.2920819795634574
0,0.03211593617477747
0,0.03724501577933627
0,0.02433401722151978
0,0.25410564120096313
0,0.03396531277949721
0,0.7730116095375308
1,0.30516112080161395
1,0.5244016298486912
0,0.671882238801921
0,0.5275898611342299
0,0.2822635236445439
0,0.048909472857269994
0,0.5203221114552415
1,0.6553496464323608
0,0.4912769697055745
1,0.41848860066353105
0,0.2977612613624119
0,0.25562311857270964
1,0.2823481850718058
1,0.642546020767383
0,0.043113423969571955
0,0.6244267204550977
0,0.5693063360412244
1,0.3275469742356541
1,0.3579615689648636
0,0.27033490805645877
0,0.46654149890364
0,0.10718801932854087
0,0.558825628851674
0,0.3535021059228645
0,0.2132616885137998
1,0.6866164688794909
1,0.5364540558356748
1,0.6593649244622986
1,0.49444071084479074
0,0.267155517539589
1,0.5231338522708534
1,0.6232856357865724
1,0.41914343650659297
0,0.4316313660610565
0,0.267155517539589
0,0.03341377182274677
1,0.530714942446209
1,0.5275898611342299
0,0.4511604063922605
0,0.21265676932854088
1,0.6825533439809877
0,0.3088719924465835
0,0.6702095207195831
0,0.46392378404551665
1,0.4665833025339429
0,0.25245723456102276
0,0.43777504357321095
0,0.2200299578131413
0,0.03359133248844313
1,0.2132616885137998
0,0.25296532184770193
0,0.3088719924465835
0,0.2559705911502517
1,0.32532335208698165
0,0.0778182609600181
0,0.5019301028088226
1,0.6895817637035329
1,0.3891920209130829
1,0.6795939209290203
1,0.6823680270949043
1,0.5315033798199305
0,0.05818937893963903
0,0.25562311857270964
0,0.38372469159799516
0,0.2709389313833673
0,0.12692178902021564
0,0.2709389313833673
1,0.5056960047869612
0,0.267155517539589
0,0.3640522281666948
0,0.024155640949149258
1,0.3535079624180209
0,0.29433249343508644
1,0.20843467039188882
0,0.45543773600008786
1,0.54290717010805
0,0.6031523944011815
1,0.3383454086833058
0,0.3979122907108086
0,0.03724501577933627
1,0.4971542109070824
0,0.3921629145721598
1,0.34544706878761633
0,0.3411244087241067
1,0.46222727642375705
0,0.6186428311995181
0,0.03642847621876126
0,0.03927887446204295
1,0.342934248059941
0,0.2954267573928091
0,0.05717699598472278
1,0.26820939664679566
0,0.4331012484703778
0,0.4524157514135849
0,0.4524157514135849
0,0.04835469735578339
1,0.7382568576625796
0,0.3926326349274204
0,0.6092291968891084
0,0.267155517539589
1,0.3807067253580799
1,0.8588929951142228
1,0.6634222951853394
0,0.031522026286797664
0,0.4257786882190079
0,0.2973775961797832
0,0.24895288882775254
0,0.03567343630931393
1,0.7953498911008922
1,0.3088719924465835
0,0.2404456208497621
1,0.28464323903386324
1,0.6861660515608572
0,0.44298191008912075
1,0.267155517539589
1,0.1794721471853144
0,0.26935595770285226
0,0.44268722341812344
1,0.3876945898812777
0,0.26076910306147044
0,0.024391468375878987
0,0.05630540953010538
0,0.39664483747912804
0,0.40092176949410024
1,0.4603830891818455
1,0.45143479966794936
0,0.059507841783213763
1,0.8862985177261613
0,0.3816170973470064
0,0.492448049408088
0,0.42519125001358077
1,0.5271912685434812
0,0.6408368690739932
0,0.40486475269403766
0,0.3677365514661501
1,0.2733374611780289
0,0.483852036428031
0,0.29091726964476206
1,0.5880377128935649
1,0.5068043090826865
1,0.253728353135083
1,0.3745120836934659
0,0.04897852660886815
1,0.3722120489209683
1,0.8127744937176234
1,0.701678705038978
0,0.43500996490527283
0,0.3869856524341109
0,0.19401677008591667
1,0.34238666877236335
1,0.5246890735972446
0,0.09187003422703235
1,0.36989720081047345
1,0.47874743971962674
1,0.2132616885137998
1,0.4750094519700223
0,0.20342682252781247
0,0.3686712732504957
0,0.038380157682924396
0,0.4031639603478684
0,0.18739073094829545
0,0.05364273914391756
0,0.492448049408088
0,0.3766862852861842
0,0.24615984043902747
1,0.5697210604910953
1,0.8165271890281837
0,0.03858642022619161
1,0.8342914897134005
1,0.6326463925156093
0,0.03724501577933627
0,0.03724501577933627
1,0.6295648352691862
0,0.46392378404551665
0,0.29530724728996544
0,0.2709389313833673
0,0.2789160588780521
1,0.4099613315455514
0,0.03724501577933627
1,0.7378044247871255
0,0.06835463913703761
0,0.3088719924465835
0,0.02433401722151978
0,0.2878007207261305
1,0.4976814525847522
0,0.5381147017125247
0,0.2640153055763046
0,0.039258791627504765
1,0.34579044267346737
1,0.34238666877236335
0,0.024369348429083833
0,0.24508894228531253
0,0.04897852660886815
0,0.31853569115993974
0,0.03341377182274677
0,0.41407836577625723
0,0.03725354352208925
0,0.06873619714583928
0,0.42322681709419935
0,0.5641112656200659
0,0.32413445237212407
0,0.3383454086833058
0,0.34238666877236335
1,0.4601694094900024
0,0.6326463925156093
0,0.031522026286797664
0,0.38293562438472795
0,0.6326463925156093
1,0.7730116095375308
0,0.23724623334761608
0,0.12662857268421893
0,0.29312596301596716
1,0.3620123613939405
0,0.4541702840919754
1,0.5780785879469807
1,0.7730116095375308
1,0.267155517539589
0,0.25734719844441506
0,0.0803063450341873
1,0.8016782137377032
1,0.5369199061508045
0,0.3008836460198912
0,0.2502924915259638
0,0.3691882356710125
1,0.45614063077651823
1,0.46392378404551665
1,0.5545624267166513
1,0.2973775961797832
0,0.40092176949410024
0,0.06881438016892127
0,0.2132616885137998
1,0.8588929951142228
1,0.5242990921244199
0,0.3787870911079173
0,0.031522026286797664
0,0.03927887446204295
0,0.21911491631128657
0,0.3869856524341109
0,0.26130142961857916
1,0.44579757123803715
1,0.8064497843715801
0,0.41428898148086657
0,0.48550157432876784
0,0.2532765068510979
1,0.7730116095375308
1,0.4601694094900024
0,0.29091726964476206
0,0.5031474439730025
0,0.37236189086926275
0,0.17159867283508257
0,0.3924880528662763
0,0.024369348429083833
1,0.6305597642790665
0,0.253728353135083
0,0.5884753392102126
0,0.5371728452002527
1,0.3259018615423547
0,0.14225059978209129
0,0.2132616885137998
0,0.026391337229775432
1,0.43093187906620745
0,0.3738740236963544
0,0.25562311857270964
0,0.030120910869700868
0,0.3540332062920079
0,0.02433401722151978
0,0.22423288959093535
1,0.24137762541696173
1,0.5252593995424539
0,0.06129711949473521
0,0.24508894228531253
1,0.337745584201372
1,0.6749168011881947
0,0.3259018615423547
0,0.350124755274284
0,0.2878007207261305
1,0.15640409533221541
0,0.29270873509360146
1,0.6326463925156093
1,0.492448049408088
1,0.7458952684963074
0,0.28285165972277315
0,0.25843890684637894
1,0.599214479796865
0,0.24516531688882415
0,0.213267313488862
0,0.2878007207261305
1,0.45184233050528155
0,0.02433401722151978
0,0.4399641378809438
1,0.701678705038978
0,0.05364273914391756
1,0.2132616885137998
0,0.5822850280388652
0,0.2887360811711174
0,0.42359651710331986
0,0.4642471124847762
1,0.5091515986211925
0,0.4251343578735801
1,0.03858642022619161
1,0.42143217885917483
0,0.5341373236303878
1,0.5635466321801498
1,0.4099613315455514
0,0.07402855829166201
0,0.043113423969571955
1,0.5275898611342299
1,0.33474678385544177
0,0.267155517539589
0,0.32220476296873884
0,0.026391337229775432
1,0.7192705274851183
0,0.4376285834678623
0,0.28195319826592297
0,0.36705307761751305
0,0.24508894228531253
0,0.2502924915259638
0,0.03724501577933627
0,0.30727686015200284
1,0.5335352125788131
0,0.10718801932854087
1,0.3670691127581227
1,0.4390659393773753
1,0.26076910306147044
0,0.27474725053488674
0,0.059507841783213763
1,0.7785507590242643
0,0.5204140842581861
0,0.29151030784445253
0,0.030199119860815964
0,0.5456022834944783
0,0.6014509074227027
0,0.355881245464718
0,0.5209461505904158
0,0.03724501577933627
0,0.03725354352208925
1,0.8991200094900996
0,0.22747181297134533
1,0.3251536862299322
0,0.29167484540233785
0,0.34579044267346737
0,0.2954267573928091
0,0.16694552236577614
0,0.024391468375878987
1,0.6895817637035329
1,0.19401677008591667
0,0.2876155738117659
0,0.33474678385544177
1,0.3274334015914345
0,0.051329694464035076
0,0.3302322907548025
0,0.6034003732116939
1,0.525330490359547
1,0.7010509186817181
1,0.3567059811325602
0,0.3066734981065304
1,0.33806764018484897
0,0.5151909129731095
0,0.33710551627048635
0,0.3608042853940392
0,0.37593899772271844
0,0.031522026286797664
0,0.031522026286797664
1,0.44170933608110985
1,0.22747181297134533
1,0.267155517539589
1,0.5835078968479452
0,0.32277164962200894
0,0.25337033703621215
1,0.478626970502568
0,0.09468623551339823
0,0.2132616885137998
0,0.355881245464718
1,0.44298191008912075
1,0.5274512614443672
0,0.051329694464035076
1,0.3738740236963544
0,0.3088719924465835
0,0.04897852660886815
0,0.057682517665092504
0,0.34966411120458735
0,0.267155517539589
0,0.05438373525936484
1,0.29312596301596716
1,0.26076910306147044
0,0.20434251790255917
1,0.34238666877236335
0,0.03725354352208925
0,0.2709389313833673
0,0.33459388425187375
0,0.03724501577933627
0,0.44886164321056643
0,0.36788505622843914
1,0.7730116095375308
1,0.5528169007039019
1,0.37236189086926275
0,0.6326463925156093
1,0.5303778918974997
1,0.27213668808305835
1,0.7829931223801502
0,0.33478045381713256
1,0.5586289593103884
0,0.05766719206315415
1,0.47134670123093714
1,0.880817230273752
0,0.355881245464718
0,0.32379431405507214
1,0.8360701561176657
0,0.2669688304415665
1,0.6767802829340231
0,0.35841538835438314
1,0.4556062230260693
1,0.5281719677448552
1,0.32220476296873884
0,0.4253149597092688
0,0.051329694464035076
0,0.036578604345717455
0,0.04072843503516156
0,0.2532765068510979
1,0.423225593998529
0,0.337745584201372
1,0.7058102589916097
1,0.6119522573304658
0,0.48712665264089317
1,0.6979320640147785
1,0.46392378404551665
0,0.2640153055763046
1,0.3160130698653703
0,0.35498742672769534
1,0.6347147116639312
0,0.24508894228531253
1,0.36705307761751305
1,0.4393580707355083
1,0.3734787782627898
0,0.3160130698653703
1,0.6842460983294534
1,0.43872599813103286
0,0.03724501577933627
0,0.267155517539589
1,0.5218332004369388
1,0.5339466299705398
1,0.4967292383727454
1,0.46222727642375705
0,0.267155517539589
0,0.267155517539589
1,0.35458145190604295
0,0.2785776468924698
0,0.4190868331829872
0,0.026391337229775432
0,0.03211593617477747
0,0.19401677008591667
0,0.554056241225044
1,0.15945846383176243
0,0.2878007207261305
0,0.6494851034694664
1,0.6332003262812003
1,0.433883091987562
0,0.3509203346863448
1,0.6326463925156093
1,0.7010509186817181
1,0.41407836577625723
1,0.6030619863913743
1,0.662859320033111
0,0.3447691732436195
1,0.6111850579481022
0,0.3361843069848647
1,0.5693063360412244
1,0.3195963772171019
0,0.3755971170718975
0,0.28464323903386324
0,0.2502924915259638
1,0.38058578272723914
1,0.8317726904818892
0,0.43524972583497484
0,0.25562311857270964
0,0.3516596035040271
0,0.33442416327560875
1,0.7010509186817181
1,0.3617610084648708
1,0.5231338522708534
0,0.15237679399421306
0,0.24508894228531253
0,0.22747181297134533
0,0.3411244087241067
0,0.3088719924465835
1,0.4161438002799585
0,0.09105273402665158
0,0.28195319826592297
0,0.3259018615423547
0,0.267155517539589
0,0.335268212657665
0,0.267155517539589
0,0.029533909404822725
0,0.4019815419431278
1,0.6895817637035329
0,0.0685845299497353
0,0.267155517539589
1,0.2977612613624119
0,0.7730116095375308
0,0.024369348429083833
0,0.03724501577933627
1,0.2132616885137998
1,0.7631355132820061
0,0.10540931921704602
0,0.03211593617477747
0,0.031522026286797664
0,0.025999473416025237
0,0.38786494025532775
0,0.28226143836649137
1,0.6830027880109166
0,0.24190457428415219
0,0.39760458549440064
0,0.355881245464718
0,0.20825384064972347
1,0.3322168534980627
1,0.29530724728996544
1,0.8005649289383647
1,0.36705307761751305
0,0.03751053987048647
1,0.27523464179564083
0,0.2789160588780521
1,0.2878007207261305
0,0.1794721471853144
0,0.2692077326078112
1,0.7326305531920992
1,0.4674902264806774
0,0.3383454086833058
0,0.44888242612354656
0,0.6723011053626646
1,0.5882196672806221
1,0.5255621604138366
1,0.3715987528142542
0,0.38309989755580065
0,0.3421056677080831
0,0.35207567219610225
1,0.5456022834944783
0,0.31212787603256303
0,0.3738740236963544
0,0.534069884527599
0,0.3235583082751699
1,0.46162103816000305
0,0.25820057102306904
0,0.03858642022619161
0,0.026391337229775432
1,0.6823680270949043
0,0.4260538872234367
0,0.26967701898083635
1,0.6322914598569608
1,0.423225593998529
0,0.15644598203851862
0,0.2876155738117659
0,0.031522026286797664
1,0.5085324106608271
0,0.45434690859186394
1,0.6030619863913743
1,0.33474678385544177
0,0.3956255792895534
0,0.2604623198478606
0,0.40761546780945307
0,0.051329694464035076
1,0.6240991039734936
1,0.4000265731793383
0,0.42835268386388525
0,0.355881245464718
0,0.43788778545019075
0,0.42788289770031646
1,0.6188355674254217
0,0.051329694464035076
0,0.3218762594072888
0,0.21232293074148545
0,0.39664483747912804
0,0.3375065798674161
1,0.5231338522708534
0,0.4932284121125943
0,0.3411244087241067
1,0.38602120449419597
0,0.03724501577933627
1,0.753150309368944
0,0.031522026286797664
1,0.5022184010018933
0,0.267155517539589
1,0.029245792345052212
0,0.4305643923797407
1,0.4437804190104435
1,0.6601056457091055
0,0.05766719206315415
1,0.6326463925156093
1,0.7010509186817181
1,0.4633520848076615
0,0.36943441457010917
0,0.2640153055763046
1,0.6389742059319126
0,0.34238666877236335
1,0.4652568837079663
0,0.28201858046563155
0,0.05092628609428248
0,0.03724501577933627
0,0.03724501577933627
0,0.4195674421866483
0,0.3092327776661524
1,0.7490854650168376
0,0.5122586192253601
0,0.5087467388684714
1,0.24876068564070392
0,0.17750026858526402
1,0.478626970502568
0,0.04044739513827666
0,0.4260886762112252
0,0.3680117924200024
0,0.27030082729907706
0,0.3670691127581227
0,0.5183806228312989
1,0.15237679399421306
0,0.267155517539589
0,0.2132616885137998
1,0.6423888446822323
0,0.3527249668385881
1,0.28195319826592297
0,0.30769640446073315
0,0.3218762594072888
0,0.6343693672619837
0,0.03724501577933627
0,0.39760458549440064
0,0.2640153055763046
1,0.6326463925156093
1,0.6684880177229061
1,0.2908412234519596
0,0.33243707012137425
0,0.2664472026857584
1,0.4511604063922605
0,0.0674099496379563
0,0.05364273914391756
0,0.2789160588780521
0,0.28464323903386324
1,0.3486893561626172
0,0.4617481234114813
0,0.3869856524341109
0,0.42585324369118494
0,0.27934020431566603
0,0.46772509689168784
0,0.4502030538542302
0,0.36082949190238334
0,0.6049040819789459
0,0.2876155738117659
0,0.6247867569885402
1,0.8588929951142228
1,0.3170476784833321
1,0.2681978751104434
1,0.7730116095375308
1,0.2973775961797832
0,0.4713511199946178
0,0.43585911886428425
1,0.6895817637035329
0,0.37678374540756965
0,0.3088719924465835
1,0.34238666877236335
0,0.40477399803548797
1,0.37236189086926275
0,0.45434690859186394
1,0.5317232728059872
0,0.39102300301530823
0,0.25820057102306904
0,0.5240994210534877
1,0.2331240856421981
1,0.346635578824278
1,0.7382568576625796
0,0.21904621068015137
0,0.26076910306147044
0,0.03989877200764115
0,0.4971542109070824
0,0.597033712101699
0,0.355881245464718
0,0.051329694464035076
0,0.44466038681571163
0,0.2379509300411685
0,0.29167484540233785
0,0.05717699598472278
0,0.2132616885137998
0,0.40092176949410024
1,0.8317726904818892
0,0.355881245464718
0,0.46102084736005944
0,0.24965967993166752
0,0.03725354352208925
0,0.2567012272668921
0,0.3762295418747231
1,0.38966206656419866
0,0.40669966572924815
0,0.34549051235680556
0,0.026391337229775432
0,0.6033699103666963
1,0.34579044267346737
1,0.4107540155354009
1,0.5283403703945384
0,0.332395913611415
0,0.28464323903386324
1,0.5651850989379704
1,0.46392378404551665
1,0.5240521842259447
0,0.6347996872080195
0,0.2878007207261305
1,0.30772260772567367
0,0.40885747527401506
0,0.2973775961797832
0,0.492448049408088
0,0.4086381253848165
0,0.5862849610208
1,0.426471312126501
0,0.4247945847075357
0,0.28654631806014175
0,0.5815988032229724
1,0.2814085380933681
0,0.44295195753104577
0,0.6187830171921144
1,0.355881245464718
0,0.026391337229775432
1,0.492448049408088
0,0.5237345052888471
0,0.33642399883090895
0,0.3126739408292264
0,0.03725354352208925
1,0.6326463925156093
0,0.354732699384054
0,0.08026560229520256
0,0.25410564120096313
0,0.03173024675873534
0,0.1419976075574673
0,0.04897852660886815
1,0.3808158571705755
0,0.267155517539589
0,0.3401130392721066
1,0.3060132245219448
0,0.3613667036336574
0,0.5044460772415927
1,0.25394078523051367
0,0.6186428311995181
1,0.3869856524341109
0,0.37840151827216784
1,0.4762763697994036
0,0.32007945690632666
1,0.492448049408088
0,0.267155517539589
1,0.2686892105207739
1,0.40877530018901426
0,0.41992785642191344
0,0.031522026286797664
0,0.267155517539589
0,0.2132616885137998
1,0.5423154247525067
0,0.8588929951142228
1,0.4286254459575757
0,0.026391337229775432
0,0.051329694464035076
0,0.3088719924465835
0,0.39052430514135156
1,0.5267722100160573
0,0.37236189086926275
1,0.5289829177958361
0,0.267155517539589
1,0.3285182837467811
0,0.3141647705577235
0,0.3259018615423547
1,0.42003233004092966
0,0.2709389313833673
1,0.6825533439809877
0,0.07520704412049684
0,0.27259450238702604
1,0.2640153055763046
0,0.6223932117211022
1,0.4769555608753503
0,0.03724501577933627
1,0.5258749995298158
1,0.6678258152231064
0,0.2132616885137998
0,0.03724501577933627
0,0.25105139953267164
1,0.2878007207261305
1,0.6340482758666558
1,0.2132616885137998
0,0.4792933675921463
0,0.3462323467743931
0,0.4247855322518094
1,0.3016148859757305
0,0.42877626560284526
1,0.23951254355538687
0,0.267155517539589
0,0.5780255206174839
1,0.5852010517418578
0,0.2669037186416543
1,0.49008250363251354
0,0.2132616885137998
0,0.2673541051754754
1,0.4316313660610565
0,0.03724501577933627
0,0.030199119860815964
1,0.26076910306147044
0,0.03724501577933627
0,0.3141647705577235
0,0.02580793441246634
1,0.428685917152188
0,0.037911307099963314
1,0.6229580625544828
0,0.6244267204550977
0,0.355881245464718
1,0.6525108522628165
1,0.4387345887745856
0,0.22122172569614432
1,0.3869856524341109
1,0.46905253037133354
1,0.28397152183143903
0,0.5231338522708534
0,0.2878007207261305
0,0.30604779853593855
0,0.34966411120458735
0,0.4197078365758141
0,0.03927887446204295
0,0.05805870710659646
1,0.6767802829340231
1,0.267155517539589
0,0.36788505622843914
0,0.46392378404551665
0,0.35227081300949487
1,0.492448049408088
1,0.6264325978308546
0,0.6895817637035329
1,0.4038183542819461
0,0.2640153055763046
1,0.713931368821506
0,0.27068163528771083
0,0.2903523936791693
1,0.03858642022619161
0,0.05717699598472278
0,0.03143374236847778
1,0.6131715875179214
1,0.2464151178311797
0,0.267155517539589
0,0.3816170973470064
1,0.5379482814438127
0,0.043113423969571955
0,0.1495995503096485
0,0.267155517539589
0,0.267155517539589
0,0.2011035945221492
0,0.24876068564070392
0,0.051329694464035076
1,0.753150309368944
0,0.4264874627750311
0,0.267155517539589
0,0.16988446805827115
0,0.06317979722322874
1,0.267155517539589
0,0.2132616885137998
0,0.267155517539589
0,0.19681489712542424
1,0.2114373366095312
0,0.03725354352208925
0,0.3954670292274289
1,0.8862985177261613
1,0.39928634843361177
0,0.3034364426002266
0,0.28201858046563155
0,0.6029324519695708
1,0.5258749995298158
1,0.3088719924465835
0,0.39760458549440064
0,0.32642231405382355
1,0.4482183066063936
0,0.05364273914391756
0,0.3259018615423547
0,0.36984656909668717
0,0.330938895693182
0,0.2640153055763046
1,0.6263516519588522
1,0.6640075708591511
0,0.28212676923954644
0,0.024391468375878987
0,0.25562311857270964
0,0.03341377182274677
0,0.279142418596195
0,0.7816224677044457
0,0.030199119860815964
1,0.3088719924465835
0,0.2194894426207361
1,0.48133443548237603
0,0.22588089411958426
0,0.6328229881045535
1,0.5456022834944783
1,0.4511604063922605
0,0.19754807660005158
0,0.4801610370521347
0,0.7590869234777283
1,0.25562311857270964
0,0.21682080222652028
1,0.492448049408088
0,0.031522026286797664
0,0.2132616885137998
1,0.6866164688794909
0,0.30251632711351345
1,0.6326463925156093
0,0.02433401722151978
0,0.2741666274983566
1,0.3766862852861842
0,0.026391337229775432
1,0.5528169007039019
0,0.24385205744969882
1,0.753150309368944
0,0.03724501577933627
1,0.31190187412604947
0,0.36893358458615233
0,0.4531033104106596
1,0.42302943091407236
0,0.026391337229775432
0,0.026391337229775432
0,0.3702101665286489
1,0.8013032220784515
0,0.03927887446204295
1,0.4502030538542302
0,0.1641437883049168
0,0.03725354352208925
0,0.4012511631893688
0,0.28195319826592297
1,0.3926326349274204
1,0.3343140602983258
0,0.4305643923797407
0,0.10268563921797713
1,0.6347147116639312
1,0.4597878252357167
0,0.044151569537428284
0,0.267155517539589
0,0.5843911578583821
0,0.03724501577933627
1,0.4595815530436827
0,0.03989877200764115
0,0.483852036428031
0,0.24203138129491683
0,0.32648644466947074
0,0.3677837306134394
1,0.33121339598184
0,0.355881245464718
0,0.41089199320162373
0,0.3144066984382237
0,0.26130417486177004
0,0.04044739513827666
0,0.03858642022619161
0,0.267155517539589
1,0.6174294508204019
1,0.46222727642375705
0,0.4932284121125943
0,0.33064779718860005
1,0.6119522573304658
0,0.3484694577454681
0,0.30748060527293414
0,0.4415587253115968
0,0.031522026286797664
0,0.2132616885137998
0,0.426202769857568
1,0.7278809780951241
0,0.024512930979972435
0,0.3018286869773527
0,0.40262252010399796
0,0.2132616885137998
0,0.030199119860815964
1,0.5812066576337853
0,0.4977488710354403
0,0.41917915964265434
1,0.5956539502925823
1,0.4524157514135849
1,0.39605766771560125
1,0.492448049408088
1,0.753150309368944
1,0.5579495391052701
1,0.7010509186817181
0,0.4359482379359079
0,0.2132616885137998
0,0.45770852952472496
0,0.4501326797576721
0,0.04909511853852993
1,0.6634222951853394
0,0.04507649758637916
1,0.35958166682082926
0,0.05766719206315415
0,0.1771614630158987
1,0.41305926557603634
0,0.267155517539589
0,0.2664472026857584
0,0.32277164962200894
1,0.31231426198812534
0,0.3088719924465835
0,0.02435377712027078
0,0.2132616885137998
0,0.6720150272694646
0,0.08194349447632954
0,0.39052430514135156
0,0.8588929951142228
1,0.33860040846876044
0,0.3218762594072888
0,0.024369348429083833
0,0.46905253037133354
1,0.5456022834944783
0,0.10718801932854087
0,0.355881245464718
0,0.3998907461288659
0,0.2789160588780521
0,0.492448049408088
1,0.7010509186817181
0,0.46392378404551665
0,0.3065265835093017
0,0.267155517539589
0,0.2973775961797832
0,0.3871692094866594
1,0.37286316216774607
0,0.267155517539589
1,0.2640153055763046
0,0.3738740236963544
0,0.40086685576766273
1,0.5305937988220027
0,0.23967462317800484
0,0.03927887446204295
1,0.2677583210318408
0,0.04335170495636201
0,0.337745584201372
0,0.031522026286797664
0,0.02433401722151978
0,0.2567012272668921
1,0.8991200094900996
0,0.03725354352208925
1,0.41959059915648617
0,0.031339709582285595
0,0.027231375718511513
1,0.7104313729818102
1,0.5463392506970544
1,0.5085324106608271
0,0.2788219651735678
0,0.23702226049829944
0,0.2664472026857584
0,0.23887120563144845
1,0.26459279819043957
0,0.5351645937377746
1,0.5315724985476211
0,0.37593899772271844
1,0.41407836577625723
0,0.03238496961772948
0,0.2571184424291639
0,0.355881245464718
0,0.07775189597481595
0,0.4305643923797407
1,0.46922460567286894
0,0.3251860488352723
0,0.5635466321801498
1,0.54290717010805
0,0.29312596301596716
1,0.4478633958419345
1,0.2640153055763046
0,0.24556416336912323
1,0.4524157514135849
0,0.5468499074403804
0,0.03724501577933627
1,0.5654530323587011
1,0.16234978954327678
0,0.029025717592232204
0,0.337745584201372
1,0.35167512771739323
1,0.3259018615423547
0,0.5144807770382158
1,0.6423888446822323
0,0.2917112390172098
1,0.49137081923128517
0,0.6293745233338223
0,0.2132616885137998
1,0.6640075708591511
0,0.043113423969571955
1,0.5835078968479452
1,0.5275898611342299
0,0.478626970502568
1,0.2789160588780521
1,0.4502030538542302
1,0.5654530323587011
0,0.2514271720472482
1,0.2640153055763046
0,0.024369348429083833
1,0.355881245464718
0,0.05717699598472278
1,0.46824836905968253
0,0.03858642022619161
1,0.2640153055763046
0,0.3311778675863306
1,0.6492903248600416
0,0.320323666485585
0,0.3598243153646428
0,0.3088719924465835
0,0.6145713969309825
0,0.6202095136016826
0,0.267155517539589
1,0.5456022834944783
1,0.4975333764565381
0,0.4581318908529472
1,0.7730116095375308
0,0.2415279633440366
0,0.2631529722976051
0,0.06353046664026574
0,0.40900081076513223
0,0.026391337229775432
1,0.6825533439809877
0,0.04909511853852993
1,0.2132616885137998
0,0.2960636371391565
0,0.03724501577933627
0,0.03374851228283277
1,0.40486475269403766
1,0.6269094954955077
0,0.2513164474471131
1,0.2860191784453977
0,0.07200394729664852
0,0.27030082729907706
1,0.3768280916262315
0,0.061651316989782524
0,0.2876155738117659
0,0.03724501577933627
1,0.5176806161334511
0,0.28895062653459413
0,0.2899930851685229
1,0.32277164962200894
1,0.6830027880109166
0,0.39331248893326437
1,0.610185315378514
1,0.4971542109070824
0,0.030199119860815964
1,0.5618726883490756
1,0.2640153055763046
0,0.051329694464035076
1,0.6601056457091055
1,0.45434690859186394
0,0.31181484700528583
1,0.3160130698653703
0,0.054998476378132155
0,0.46392378404551665
0,0.39938822817911906
0,0.3171379077471962
0,0.04968399976871112
1,0.3218762594072888
1,0.5513510406555094
0,0.354326896317161
0,0.18649059128465734
1,0.4421393207632966
1,0.6254417934704724
0,0.27030082729907706
1,0.5968275765927383
0,0.29920045547260227
1,0.5635466321801498
0,0.26989293164623923
0,0.35216145822281075
0,0.07886006572038848
0,0.024369348429083833
0,0.355881245464718
0,0.4296581792416256
0,0.25657017709204927
0,0.24337421962423514
0,0.3722120489209683
1,0.2789160588780521
0,0.5283403703945384
0,0.024369348429083833
1,0.5066996657292482
0,0.03725354352208925
1,0.5271912685434812
0,0.04472749013775031
0,0.5085324106608271
1,0.3160130698653703
0,0.43305817033114546
0,0.024369348429083833
0,0.043113423969571955
1,0.6634222951853394
1,0.6248909967769537
0,0.5506723215796027
1,0.4982343314460236
0,0.6825533439809877
0,0.3738740236963544
0,0.024369348429083833
1,0.8091106769849441
1,0.2132616885137998
0,0.04745991228415138
0,0.2987469643385027
1,0.4932284121125943
0,0.3028275690069829
0,0.21682080222652028
0,0.5606212630559232
0,0.41867845072484655
1,0.6439798523730657
0,0.04335170495636201
1,0.42359651710331986
1,0.492448049408088
1,0.355881245464718
0,0.032032170200272186
0,0.038706103662578206
0,0.3042312548364562
0,0.031522026286797664
1,0.34238666877236335
1,0.6119522573304658
1,0.6828265276759801
1,0.478626970502568
1,0.34238666877236335
0,0.2132616885137998
0,0.2710845185694403
0,0.26627560865816874
1,0.6336928316304551
0,0.2132616885137998
0,0.5654530323587011
1,0.354326896317161
0,0.2132616885137998
1,0.10126984012019964
0,0.2308124042659614
1,0.4661192013672871
0,0.2132616885137998
1,0.6509927390950322
1,0.6656914556797263
0,0.3302126924831631
1,0.7780876983999059
1,0.2878007207261305
1,0.45876579550068386
1,0.5101912398433773
0,0.41407836577625723
1,0.267155517539589
1,0.24508894228531253
0,0.28464323903386324
0,0.40669966572924815
0,0.27896513940957524
0,0.33273448917531845
0,0.38121777137446056
0,0.030199119860815964
0,0.267155517539589
1,0.2779285242566798
1,0.8091106769849441
0,0.030418403456875732
0,0.2673541051754754
1,0.3794620591083665
0,0.32983974068406136
0,0.32277164962200894
0,0.2640153055763046
1,0.6045672900854421
1,0.7158473680512804
1,0.6668685122281888
1,0.302014714343904
0,0.6326463925156093
0,0.47533899915377786
0,0.2973775961797832
0,0.3437380091106361
0,0.3297010568112085
1,0.4971542109070824
1,0.46392378404551665
1,0.3563027011230578
0,0.355881245464718
0,0.2555201783342395
0,0.031522026286797664
1,0.7192560874669123
1,0.6836641164353323
0,0.08438517227565287
1,0.4124857966431376
0,0.2132616885137998
1,0.701678705038978
0,0.40673811231976625
1,0.5105542045427268
0,0.3259018615423547
1,0.45143479966794936
0,0.37236189086926275
0,0.06285767500388492
0,0.33496981037918966
1,0.2628502027099397
1,0.41636841421998727
0,0.6098252788450715
0,0.41407836577625723
0,0.20843467039188882
0,0.026391337229775432
0,0.3259018615423547
0,0.2681978751104434
0,0.3811852370253007
0,0.3088719924465835
0,0.2459087562705325
1,0.6059413983963722
0,0.030199119860815964
0,0.39420523738396224
0,0.22423288959093535
1,0.41177618588445003
0,0.23671872197337845
1,0.37690288047747156
0,0.03724501577933627
0,0.6296321295952522
0,0.4801352091229566
0,0.24385205744969882
1,0.5322596208516519
1,0.8588929951142228
1,0.37236189086926275
0,0.03858642022619161
0,0.24842754157667518
0,0.6326463925156093
0,0.38475483721950654
0,0.3088719924465835
0,0.024369348429083833
1,0.5410401071172282
0,0.2712606521605509
0,0.3088719924465835
1,0.6031030315803899
0,0.3218762594072888
1,0.3259018615423547
1,0.5231338522708534
0,0.34238666877236335
0,0.2880689610425453
0,0.4025085701868412
0,0.4475291669899363
1,0.3794620591083665
1,0.2640153055763046
0,0.026391337229775432
0,0.4905666868594522
1,0.3177350180492337
1,0.47533899915377786
1,0.3755971170718975
0,0.423225593998529
0,0.26076910306147044
0,0.25843890684637894
1,0.4327714326541855
0,0.337745584201372
0,0.34892400520503464
1,0.449492680797424
1,0.5107736339604702
0,0.7468749005548593
1,0.6262637051273308
0,0.4977488710354403
0,0.4686072366871179
0,0.4778072771607865
0,0.46392378404551665
0,0.026391337229775432
1,0.4626941175138063
1,0.370620148888639
0,0.27615530216238665
0,0.6326463925156093
1,0.7403640113111536
1,0.6525926363648099
1,0.626957858385502
1,0.36282643100488704
0,0.3088719924465835
1,0.6406997103878654
0,0.2789160588780521
0,0.24508894228531253
1,0.7888571917789874
1,0.024369348429083833
0,0.20342682252781247
0,0.267155517539589
1,0.5296479687648932
0,0.04472268416788471
0,0.29544380798298586
0,0.2132616885137998
1,0.8246280758038932
0,0.03927887446204295
1,0.6254355753592383
0,0.4899627799892777
1,0.2132616885137998
1,0.37236189086926275
1,0.15640409533221541
0,0.3816170973470064
1,0.030199119860815964
0,0.2673541051754754
0,0.355881245464718
0,0.36104243581745665
0,0.267155517539589
0,0.04909511853852993
1,0.8117644864936601
0,0.026391337229775432
0,0.2878007207261305
0,0.03403366936834497
1,0.5417396276006179
1,0.44888242612354656
1,0.5275898611342299
0,0.03956046588429696
0,0.03725354352208925
0,0.4478633958419345
0,0.28130303141781854
0,0.3556758534131287
0,0.560263905626698
0,0.13551487162494968
0,0.3522777371702267
1,0.8588929951142228
0,0.2011035945221492
1,0.3259018615423547
0,0.29312596301596716
0,0.03724501577933627
0,0.05235954450751522
0,0.27059631039869725
0,0.031522026286797664
0,0.031522026286797664
1,0.571170694383735
0,0.4210192339100421
0,0.20282803822178622
0,0.6570764241126715
0,0.38475483721950654
0,0.026391337229775432
0,0.3766862852861842
1,0.3766862852861842
0,0.059507841783213763
0,0.4971542109070824
1,0.6634222951853394
0,0.2132616885137998
0,0.4145251685037944
0,0.4833686388793652
1,0.6343693672619837
1,0.36961921297175765
0,0.24385205744969882
0,0.07691847414354246
0,0.44638312443745726
1,0.6866164688794909
1,0.4732360445783471
1,0.302014714343904
0,0.267155517539589
1,0.41922130193910284
0,0.3551106702758568
0,0.3233149160268603
0,0.33474678385544177
1,0.6541082506630275
0,0.338101902006589
0,0.24359764171682818
0,0.33496981037918966
0,0.026391337229775432
0,0.24137762541696173
0,0.4564882278033795
0,0.267155517539589
1,0.3963381692249043
1,0.267155517539589
0,0.3008836460198912
0,0.09007886995983114
0,0.5654530323587011
1,0.6326463925156093
0,0.34279568603769517
0,0.7378044247871255
0,0.465818000769492
1,0.4223764010890612
0,0.10972800293436773
1,0.2595890324093416
1,0.558825628851674
0,0.3766862852861842
1,0.42143217885917483
1,0.7631355132820061
1,0.5622755728656135
1,0.35474291773371425
0,0.32277164962200894
1,0.6979320640147785
0,0.27862333539904066
0,0.25562311857270964
0,0.3088719924465835
0,0.28725141031575396
0,0.267155517539589
1,0.5255621604138366
0,0.2532765068510979
0,0.027597301761070964
0,0.02433401722151978
0,0.3259018615423547
0,0.267155517539589
0,0.026391337229775432
1,0.3826926557817447
1,0.6326463925156093
0,0.267155517539589
0,0.40092176949410024
1,0.7270946981881592
0,0.34702703450851236
1,0.3617610084648708
0,0.5407330762236627
1,0.5718778084237629
0,0.026391337229775432
1,0.5405247527191718
0,0.026391337229775432
0,0.267155517539589
0,0.5269296711951834
1,0.49022056289071997
0,0.4932284121125943
0,0.267155517539589
0,0.3567059811325602
1,0.5275898611342299
1,0.4235479398231573
1,0.48847721048971904
1,0.5231338522708534
1,0.5480975249394323
0,0.3246008834640664
0,0.04897852660886815
0,0.03725354352208925
0,0.2878007207261305
0,0.20843467039188882
0,0.46392378404551665
1,0.6244267204550977
1,0.5635466321801498
0,0.4260886762112252
0,0.03725354352208925
0,0.3789652003997517
1,0.6343693672619837
0,0.21085744896045405
1,0.355881245464718
0,0.4068009496309967
0,0.5534429894461897
1,0.6451718430737109
0,0.355881245464718
0,0.043113423969571955
0,0.6720150272694646
0,0.3926569135715607
1,0.5785192317667808
0,0.267155517539589
0,0.2789160588780521
0,0.2664472026857584
0,0.35714553604558935
0,0.4209352929798643
0,0.2878007207261305
0,0.3734112111317318
0,0.21265676932854088
1,0.793805073564671
1,0.4515844511118141
1,0.599214479796865
0,0.5568426278779142
0,0.560440870024107
0,0.39947120958238264
0,0.15964312572812117
0,0.2878007207261305
0,0.052978905784516535
0,0.3383454086833058
1,0.29530724728996544
0,0.045374556136472254
1,0.6006108752472794
0,0.478626970502568
0,0.058609624575076014
1,0.4399641378809438
1,0.3228562071338283
0,0.030199119860815964
0,0.39594270451291125
0,0.16926693515571373
0,0.38408180266109787
0,0.41770389850648465
1,0.24138007920144944
1,0.33474678385544177
0,0.4932284121125943
0,0.04909511853852993
0,0.20342682252781247
1,0.5283403703945384
1,0.213267313488862
1,0.6268249029545033
0,0.3755971170718975
0,0.6212887782282597
1,0.47350111151039415
1,0.39422662102428596
0,0.3088719924465835
0,0.45434690859186394
0,0.4788038825997364
0,0.02740868960475675
1,0.6326463925156093
1,0.35342424918668996
0,0.4844323803637378
0,0.24842754157667518
1,0.4111538564976155
0,0.31212787603256303
0,0.09071016847958215
1,0.492448049408088
0,0.24508894228531253
1,0.44886164321056643
0,0.267155517539589
0,0.03858642022619161
0,0.04909511853852993
0,0.5092883618605483
0,0.267155517539589
0,0.3287333074490092
1,0.7284691462679347
1,0.8163537319224826
0,0.02433401722151978
0,0.267155517539589
0,0.31661449315079593
0,0.355881245464718
1,0.492448049408088
0,0.535547592200442
1,0.09689555991052164
0,0.390830295930194
0,0.441406545085214
0,0.4237420644896135
1,0.6082996950080546
0,0.02433401722151978
1,0.4100855248449079
0,0.2762112630426135
0,0.2954267573928091
1,0.4263037271427562
1,0.48036435036065506
0,0.317727615594382
1,0.3728751944435876
0,0.23349346726885703
0,0.24190457428415219
0,0.051329694464035076
0,0.5024328545581429
0,0.051329694464035076
1,0.31873948668980284
1,0.5344250158134493
0,0.3963882993092723
1,0.461234848304253
0,0.3539921933330068
1,0.44886164321056643
1,0.2132616885137998
1,0.2940928653275418
1,0.6767802829340231
1,0.492448049408088
0,0.044947555144344176
0,0.12690082098753136
0,0.40669966572924815
1,0.3259018615423547
0,0.44455657329274845
1,0.46678135229980783
0,0.3767155260168343
1,0.43348203347191544
0,0.4971542109070824
1,0.19052026658941318
1,0.3142243160942297
1,0.2800630510007485
0,0.3199508909308396
1,0.6326463925156093
0,0.09123609043515205
1,0.47024852640898435
1,0.6867734056956578
0,0.3297010568112085
1,0.2305696796706696
1,0.3860304889843513
1,0.7631355132820061
0,0.24278727985046636
1,0.29708670657437825
0,0.23124929403247751
1,0.4971542109070824
0,0.37899243877877475
0,0.10907900183709192
0,0.3794620591083665
0,0.24876068564070392
0,0.05364273914391756
0,0.4271781998352114
0,0.355881245464718
0,0.23761595649587677
1,0.5601767117981373
1,0.7730116095375308
1,0.5761106496386309
0,0.02433401722151978
0,0.3938010481987735
0,0.5381147017125247
0,0.273206191523341
1,0.31955162853084224
0,0.3869856524341109
0,0.0765620435889057
1,0.10126984012019964
1,0.6866164688794909
0,0.25267369288166336
0,0.3948330317383173
1,0.599609698036294
0,0.3540332062920079
0,0.08194349447632954
1,0.5654530323587011
1,0.8588929951142228
0,0.2200299578131413
0,0.08194349447632954
0,0.42421641452235753
1,0.5656543478975504
1,0.03143374236847778
1,0.28394380510478867
1,0.3766862852861842
1,0.23951254355538687
0,0.5209461505904158
0,0.24137762541696173
1,0.2487156954535078
1,0.66165620749755
1,0.3088719924465835
0,0.3887507292902418
1,0.41403339823185675
0,0.26076910306147044
0,0.03724501577933627
0,0.2803732366548166
0,0.3953134967927997
0,0.2132616885137998
0,0.026391337229775432
1,0.4626941175138063
1,0.6634222951853394
0,0.2461626621090324
0,0.043113423969571955
1,0.3259018615423547
0,0.2616417377662701
1,0.753150309368944
0,0.22860499000887152
0,0.026391337229775432
0,0.46905253037133354
0,0.6326463925156093
0,0.21911491631128657
0,0.4900205219890804
0,0.053325014923447565
0,0.26076910306147044
0,0.355881245464718
1,0.45121561571921187
0,0.03180088594792386
0,0.34549051235680556
1,0.4274659046242824
0,0.2566484799367324
0,0.4478633958419345
0,0.33367582509470195
0,0.4038183542819461
0,0.03341377182274677
0,0.058450739063489604
1,0.355881245464718
0,0.051329694464035076
0,0.26076910306147044
1,0.7010509186817181
1,0.44958057863056744
0,0.3383454086833058
1,0.3640470546619242
1,0.3238985822659007
0,0.05004767070413083
1,0.355881245464718
0,0.03724501577933627
0,0.2600607178493512
0,0.48717482127935524
0,0.23319379507437268
1,0.6825533439809877
1,0.6279276117492987
1,0.478626970502568
0,0.03403366936834497
0,0.3088719924465835
0,0.4912769697055745
0,0.3291039985061312
0,0.512178466894711
0,0.426202769857568
0,0.3109085298927207
1,0.4235229925056775
1,0.5835078968479452
0,0.42297906772784566
0,0.026391337229775432
0,0.031522026286797664
1,0.25734719844441506
0,0.4302043959587045
0,0.031522026286797664
1,0.4296482349010214
0,0.03724501577933627
0,0.3982476629739493
0,0.2763959316714589
1,0.36054685710483475
0,0.07048511864703795
0,0.267155517539589
0,0.030123962029565188
1,0.4209352929798643
