target,prediction
0,0.2730598238387744
0,0.4147612830271332
0,0.34575372913254276
0,0.26439912473949057
0,0.12916958253023814
0,0.3332459455705643
1,0.25393715370279746
0,0.32267164991632263
0,0.32746009450808616
0,0.048925224039077654
1,0.5617211021307873
0,0.21515696062788148
1,0.5478111211885832
0,0.31345847537282034
0,0.2949191945876962
0,0.2946853091089881
0,0.2755357614090795
0,0.2435231587579073
1,0.6820885510686734
1,0.6829845118695073
0,0.30621000499295864
0,0.03838391349776711
1,0.31670278535360674
1,0.36332707098954414
1,0.6844608398208321
0,0.5847155018641076
1,0.4029242856222393
0,0.3477654147974901
1,0.783335680819295
0,0.24858382349529543
0,0.2894134668022889
0,0.04886666006729136
0,0.227898369503617
0,0.351467761978543
0,0.2958378648720683
0,0.5759338324000284
0,0.03838391349776711
0,0.2417516951568097
1,0.6303519252355292
1,0.4414796668057627
0,0.46189923216603623
0,0.4843578003132951
1,0.6660998228412249
0,0.2808617124348461
0,0.5039548041146198
1,0.21883354875569308
0,0.26358936050400944
0,0.3312638215743029
1,0.2507945986237643
0,0.30567007896807064
0,0.09291831192134466
0,0.296043763805844
0,0.03838391349776711
1,0.33513298434461297
0,0.3086157554794321
0,0.26061686827695846
1,0.5602450695029852
0,0.34753311824353483
1,0.48770637282004864
0,0.40531773639554075
0,0.3000014519658168
1,0.4121723099733957
0,0.5452886450977319
0,0.28220329943877503
1,0.46215779925473677
0,0.2894134668022889
1,0.31074608634480055
0,0.491220262097002
1,0.43837624763892025
1,0.7037115525892671
1,0.6094572548279922
1,0.43287538017317456
0,0.2356030354793877
1,0.620697080174056
0,0.262310795048571
0,0.2535545748465719
1,0.7743481581383763
0,0.2718547392943502
0,0.3865746130692575
1,0.3924128714600205
1,0.31536058972307174
0,0.2643657119627962
0,0.4411799879747139
0,0.4269713067799211
0,0.3278553114359129
0,0.24521672518001214
0,0.10757569280849255
0,0.2780688047352071
0,0.6461592367156216
1,0.34269024476097826
1,0.6412629860491176
0,0.08850404011972585
1,0.15188107701138326
0,0.04653157106639751
0,0.07866313643815695
0,0.33923894008447997
0,0.25641127127809943
0,0.3182850463506199
1,0.18703981320540725
1,0.414572169019997
1,0.6128386873454728
0,0.29479218874234564
0,0.42680029767540295
1,0.5902467012519999
0,0.05404829616960123
1,0.5300641817903292
1,0.48658617701480344
0,0.038883131004436064
1,0.2999743682840437
0,0.4347566045202995
1,0.6045551212746665
0,0.30982292289939833
1,0.5901082349225921
1,0.6936600409946307
1,0.3712175590374594
0,0.15500506517803697
0,0.34167406614090695
0,0.28683907810536313
1,0.3162672575689639
1,0.6748977901379783
1,0.2526337668969524
1,0.450057651303747
0,0.09757705832779687
0,0.2718547392943502
0,0.055399938327293244
1,0.4564817547623509
0,0.03838391349776711
1,0.2580247168415089
0,0.05850970477455167
0,0.23577152940998322
0,0.32360694961625946
0,0.038883131004436064
0,0.2780688047352071
1,0.6336856143962183
0,0.25641127127809943
1,0.42549609574538083
1,0.5616231698498592
0,0.3855367806992539
0,0.05289249759876651
0,0.6184257084787124
0,0.3163393555404916
0,0.4106353082780509
0,0.11727861307925445
0,0.30438487795886165
1,0.3287828902258826
0,0.2356030354793877
0,0.33262945994507115
0,0.03838391349776711
0,0.3266348535525797
0,0.38295595933784093
0,0.2836952522069461
0,0.30364749006606856
1,0.37550161385954767
1,0.49547536630381683
0,0.26258409124430004
0,0.26654540730803
0,0.6625713294085935
0,0.0862595701645915
1,0.5044180101222042
0,0.0934176178049199
1,0.39858725675549456
0,0.263265919726593
0,0.07704149410052283
0,0.2643657119627962
0,0.7003066736622174
1,0.15717985694346845
0,0.2580247168415089
0,0.14806980629654773
0,0.28449306623663945
0,0.4064088165906325
1,0.6495355739523865
1,0.5105086054757751
0,0.03838391349776711
0,0.12916958253023814
1,0.5789832984720393
1,0.3362383027635432
0,0.5370940324726647
0,0.5177332411388185
0,0.2289480205763212
0,0.34596302448223365
1,0.4409297595702867
1,0.42370842998120756
1,0.7460654895253435
1,0.512243289915756
0,0.245413983670086
1,0.7743481581383763
0,0.2643657119627962
0,0.07193854294246223
1,0.5224720707436127
0,0.3855367806992539
1,0.43147232349655934
1,0.24927575118518205
0,0.2435231587579073
0,0.40461845264076823
0,0.2718547392943502
1,0.49633872852771976
0,0.3041107116861901
1,0.5528423821161813
1,0.4263117302234851
1,0.6092823807348146
0,0.3817944557774054
0,0.27927302745915167
0,0.037672763017577174
0,0.31002584625705704
1,0.5880233288321793
0,0.24858897045146267
0,0.6281809192475065
0,0.038883131004436064
1,0.562375977727464
0,0.27927302745915167
0,0.2356030354793877
1,0.2748033858671206
0,0.03838391349776711
0,0.34575372913254276
0,0.06272816633533969
1,0.33354218418710035
0,0.5171926229362035
0,0.037672763017577174
0,0.39161395017589695
1,0.6846689599975938
0,0.037672763017577174
1,0.2772530447473996
0,0.3766350228862921
0,0.2802286340821194
1,0.4029421481751586
0,0.4547683451689782
1,0.7066705495305416
0,0.05316850820711769
1,0.7616377025424333
1,0.2770099293843059
1,0.4341625764561722
0,0.06662067838302203
0,0.038883131004436064
1,0.4737627381269541
0,0.037672763017577174
1,0.46646173995223406
0,0.35551269676280334
0,0.037672763017577174
1,0.3667574715601466
0,0.45222305646906324
0,0.25782985422484467
1,0.4197411063030345
0,0.03838391349776711
0,0.2639090266040219
0,0.34355984792653194
0,0.037672763017577174
0,0.2894134668022889
0,0.04886666006729136
1,0.32454875387651166
0,0.25619087264465895
1,0.32233602838183656
0,0.597605488268532
1,0.5173239369103677
1,0.8297573002857692
1,0.6861853920018222
1,0.5000505252334118
0,0.5901082349225921
0,0.07866313643815695
0,0.3202876349192393
0,0.3086157554794321
0,0.30379190944749807
0,0.491220262097002
1,0.3936569329961679
0,0.250922471562361
1,0.5782230978480869
0,0.3280679150728106
0,0.1741968008332918
0,0.4073985905791803
0,0.2643657119627962
1,0.2829131201822703
0,0.2643657119627962
1,0.597605488268532
1,0.6016218455807214
0,0.3973083021059038
0,0.27927302745915167
1,0.6238912453467373
1,0.46761388487670186
0,0.41761921829238025
1,0.5761907101270902
1,0.5990115993176823
0,0.3041107116861901
1,0.422092353535547
0,0.04653157106639751
1,0.4533713319746931
0,0.15381092940508226
0,0.05316850820711769
0,0.4225908956848967
0,0.3953554523353044
0,0.3246518435170161
1,0.43296442423343867
0,0.2973051897448007
0,0.28449306623663945
0,0.7415709950256606
0,0.34446166545633816
1,0.6336856143962183
0,0.04886666006729136
1,0.44622709648932046
1,0.6099413833040441
1,0.5125790931633113
1,0.8374747555301477
0,0.38572512274924303
0,0.23262906953775198
0,0.0721728664055695
0,0.7533010084964573
1,0.6182683514029597
0,0.16660249346929076
1,0.5905385436466393
1,0.2912270165558958
0,0.3714160240740293
1,0.5200195064320453
0,0.4120628337043069
1,0.4409297595702867
0,0.04653157106639751
0,0.15539329863778278
0,0.27927302745915167
0,0.47637990409896663
0,0.6206326711141824
0,0.33558654278758016
0,0.1476537478561462
0,0.2954425952679567
0,0.3850457620894956
0,0.05289249759876651
0,0.04886666006729136
0,0.12066915532862713
0,0.30176435665209717
1,0.620697080174056
0,0.057574075615334695
1,0.2619125967370458
0,0.06272816633533969
0,0.3705088313081191
1,0.385685907212827
0,0.33101598868207716
0,0.4335903203637847
0,0.04886666006729136
0,0.31536058972307174
0,0.2529351785118964
1,0.32620243598418996
1,0.6462497597488903
0,0.2643657119627962
1,0.5688355594313627
1,0.3800332065929728
1,0.7311659481133868
0,0.06466343733608505
0,0.2643657119627962
1,0.6343495807729039
0,0.05182031789259792
0,0.36332707098954414
0,0.4275864743618739
1,0.33923894008447997
0,0.0844950620742718
0,0.04886666006729136
0,0.22638202362841112
1,0.5891815583796188
0,0.28298667737553596
0,0.28961354520263966
0,0.4457063638212679
0,0.05316850820711769
0,0.2794056561249395
0,0.41333709656957496
1,0.43844904999480894
0,0.35636398553315235
1,0.7641137420014678
0,0.04653157106639751
1,0.09291831192134466
1,0.5120863208940488
1,0.8200444189639899
1,0.5924168008943838
0,0.2845683437646583
0,0.038883131004436064
0,0.36795363426112726
0,0.2520059010470352
1,0.7232867200822235
1,0.3250999592131531
1,0.5604315861134357
1,0.5241527907384026
0,0.4281292288715744
0,0.3512637015257637
1,0.3332459455705643
0,0.5517905748115913
1,0.28298667737553596
0,0.26378115366542515
0,0.46076598682083547
0,0.24200681288270143
1,0.49874014834504077
0,0.31723339476294243
0,0.3238817001197833
0,0.27012521824196095
1,0.7124010041624217
0,0.08960088115633306
1,0.620697080174056
0,0.04886666006729136
1,0.34995200762124057
1,0.6039848468468735
1,0.6890062876194942
0,0.04653157106639751
0,0.48058887060553873
0,0.5270577562786399
0,0.2808617124348461
0,0.2840131356760769
0,0.5673615093012887
1,0.4781149575396357
0,0.3201213292460304
0,0.33361909416512175
0,0.597605488268532
0,0.2086075149210443
0,0.4027904478614181
0,0.26049140693156514
0,0.6461592367156216
0,0.36724787050479035
1,0.30427722401780044
1,0.22460142071772743
0,0.48476130353459285
1,0.45082197995124956
0,0.28624224156646316
1,0.5498337528363159
0,0.361142499539513
1,0.42158523709658635
0,0.038883131004436064
0,0.33330389053351395
0,0.6462497597488903
0,0.33316615404329175
0,0.3416796530033671
0,0.07745574285740608
1,0.46198727018587543
0,0.04886666006729136
1,0.37514176425063955
1,0.5905385436466393
1,0.5278870915396271
0,0.5611631848422142
0,0.04886666006729136
0,0.27605852276990156
0,0.28040513083356466
0,0.25393715370279746
0,0.0972599493447586
1,0.720450802147249
0,0.22638202362841112
0,0.038883131004436064
1,0.380279865487879
1,0.7750518414243446
0,0.3935961842772154
0,0.46752156719305255
1,0.32113001297561045
0,0.30881867631078475
0,0.5713554242966277
0,0.2784780713759898
1,0.6648802938731543
0,0.45772373758589746
0,0.3622415653914581
1,0.5856712893518998
1,0.34222902330563965
0,0.2942055770808532
0,0.5892623959181734
0,0.04653157106639751
1,0.438935016222819
1,0.4815499937860359
0,0.2894134668022889
0,0.25826482314854293
1,0.6373445897997853
0,0.038883131004436064
0,0.03838391349776711
0,0.27927302745915167
0,0.3232609399854453
0,0.28801697919398545
1,0.5302291270364935
0,0.3268793059329445
0,0.5510771135290761
0,0.6256696584662372
0,0.3830370234456395
0,0.28707268245692913
0,0.7534736204490513
0,0.4567474561508667
0,0.4643829362883332
0,0.2356030354793877
0,0.5945433380130869
0,0.07216116549821205
1,0.27528019021147454
0,0.29691262437801696
0,0.2643657119627962
0,0.5605178328954862
1,0.6692215959311294
0,0.06756271636791544
1,0.29090783129326203
0,0.09069721116353727
1,0.5131523683136505
0,0.07959560073042858
1,0.5476838539230185
1,0.48134927237311853
1,0.5038350214446465
1,0.29760677284953974
0,0.3467351708972532
0,0.059129507361469
0,0.3230846761023974
0,0.037672763017577174
0,0.31084512862078434
0,0.038883131004436064
1,0.699438506439099
1,0.5061733992131333
0,0.05348655294482355
0,0.056758903345244444
0,0.4457847359374097
0,0.33442266636786094
1,0.35704750574353095
0,0.44457292647552715
0,0.2267167511314562
0,0.4312536209955078
0,0.07102478337329061
0,0.04886666006729136
0,0.2856750687244862
1,0.5501513282853183
1,0.3590463409080118
0,0.48827413344202686
0,0.07322979918606808
1,0.6879043444813182
0,0.2916200148306193
0,0.2639090266040219
1,0.5218341081879285
1,0.34011978836607576
0,0.08313122721886614
0,0.47617583603677915
0,0.32381660825917474
0,0.5555973898118466
0,0.620697080174056
0,0.2917385101433295
1,0.2639090266040219
0,0.3393048914132713
1,0.5114843299356077
0,0.037672763017577174
0,0.09198196021035215
1,0.3210261668923242
0,0.038883131004436064
0,0.19766607762693458
1,0.6540797752322959
1,0.7349949156882094
0,0.33553853750867724
0,0.24858897045146267
0,0.03838391349776711
1,0.7671123968898977
0,0.05024869364452854
0,0.2948121470894083
0,0.04653157106639751
1,0.7776341011033785
0,0.46467583200846696
0,0.31045750182441406
0,0.19379681497175827
1,0.690730541988198
0,0.23371785953107432
0,0.6673030804425353
0,0.08367505684484776
1,0.2844906303836971
1,0.4688597915423502
1,0.3295827805431825
1,0.3362383027635432
0,0.038883131004436064
0,0.32356772441527176
1,0.7785543288714484
1,0.7015423516808816
1,0.5990115993176823
1,0.366485528916722
0,0.620697080174056
0,0.411310949923209
0,0.44448973681513987
0,0.27927302745915167
0,0.35947163315798086
0,0.3273603580758432
1,0.5522643236549265
0,0.06948109538102638
1,0.5865433673622618
1,0.3417662922595336
0,0.5997631975812012
0,0.07437572110017825
0,0.2356030354793877
0,0.37822219584253575
1,0.44389544839854633
0,0.26358936050400944
0,0.23262906953775198
1,0.2718547392943502
1,0.5628622491631784
0,0.2876480212027039
0,0.31561802799560906
0,0.05024869364452854
0,0.26814403893059147
1,0.304250858785674
1,0.7391686505267838
1,0.38154771597246906
1,0.3424886239362612
0,0.3000014519658168
0,0.2655545967825541
0,0.289729077317749
0,0.6280985932629785
1,0.3944217720106507
0,0.038883131004436064
1,0.7064485798207238
0,0.3547155475412834
0,0.19731685331656432
1,0.7622761934890654
0,0.4786632170311651
0,0.06781641211163021
0,0.32126340655095087
0,0.2694844847510226
0,0.3417662922595336
0,0.04653157106639751
0,0.2356030354793877
1,0.42424584059701087
1,0.41105468191938677
1,0.5158375590733189
0,0.04870570835443896
0,0.3216724292525313
1,0.24380096568393894
1,0.2435231587579073
0,0.2435231587579073
1,0.6522299758541369
0,0.4289974494436753
0,0.4508036635044672
0,0.03838391349776711
1,0.3122766934639347
0,0.34509947438708793
0,0.15358492868982077
0,0.2086075149210443
1,0.5280108305316418
1,0.7528868153333645
0,0.3202876349192393
1,0.5713554242966277
0,0.037672763017577174
0,0.37468662094979893
0,0.3329699720782766
0,0.5271377930522906
0,0.3653713745820934
0,0.6072985636046623
0,0.4056785494812098
0,0.41514540604858774
0,0.27927302745915167
1,0.32113001297561045
0,0.038883131004436064
0,0.3240409170544787
0,0.25782985422484467
1,0.648134279286034
0,0.5375824761986754
0,0.1336521383116101
1,0.3832119171361936
0,0.2356030354793877
0,0.2356030354793877
1,0.37514176425063955
0,0.03838391349776711
1,0.35679000437328134
0,0.3742452550402111
0,0.22510405733430483
0,0.04886666006729136
1,0.3034349182097311
1,0.53630711082322
0,0.2718547392943502
1,0.5837331915562641
1,0.6485364815925246
0,0.3218575645078514
0,0.2942055770808532
0,0.27012521824196095
0,0.8223436623371787
1,0.30512991543800577
1,0.7415709950256606
0,0.25451478553067874
0,0.2619125967370458
0,0.14477399548167186
0,0.30953755727736526
0,0.24770440974748426
0,0.43621633024434525
0,0.42271623803905634
0,0.05131241565678211
1,0.5785864057225781
0,0.410542109450001
1,0.7084566517201063
0,0.04653157106639751
1,0.7345699693950271
0,0.05134117991568463
0,0.04653157106639751
1,0.4279952206792699
0,0.06969029133629659
1,0.601159202804514
0,0.5747424136664805
1,0.8084365367434877
1,0.620697080174056
1,0.41527427213972995
0,0.2890193234426386
1,0.27258112074068164
1,0.7708009659508718
0,0.03838391349776711
0,0.27012521824196095
0,0.2356030354793877
0,0.06233601177193719
1,0.4073306856464836
0,0.1793161010421653
1,0.31536058972307174
0,0.8105604850175163
1,0.4117551010923086
0,0.04886666006729136
0,0.49378273794043076
1,0.5713554242966277
0,0.2949191945876962
0,0.4184071805080792
0,0.038883131004436064
0,0.07645442557940209
0,0.3339311836746718
0,0.403686943718593
0,0.3039559599259291
1,0.32691240134272237
0,0.05316850820711769
0,0.4426976312438481
0,0.3763322521648284
0,0.25782985422484467
1,0.5867871616649583
1,0.5990115993176823
0,0.3487181282756629
0,0.2705168742880595
1,0.28957539753091677
0,0.038883131004436064
0,0.2051532907470409
1,0.6007687555365069
1,0.2493319074364262
1,0.353141022863754
0,0.3599348682332683
0,0.06106486798233326
1,0.321095140762146
0,0.3000014519658168
1,0.383286468067902
0,0.3273603580758432
0,0.2643657119627962
0,0.2588118766153263
0,0.3064878284195094
0,0.3973083021059038
1,0.26450586053097674
0,0.31823564067622756
0,0.047508227187574775
0,0.47691549460893007
1,0.42341673981937733
0,0.4120628337043069
1,0.3210319625908238
0,0.24521672518001214
0,0.5260343995670101
0,0.2643657119627962
0,0.4293006499064479
0,0.1571851298581017
1,0.3332459455705643
1,0.4886871103208106
0,0.27012521824196095
0,0.22638202362841112
1,0.5675862254371857
0,0.43147232349655934
1,0.8035364552642503
0,0.32658756466974936
0,0.08947347190941443
0,0.30074548328382533
0,0.30512787904051564
1,0.24200681288270143
0,0.4029894717424528
0,0.5125790931633113
1,0.3288889043979748
0,0.41462363088713566
0,0.40531773639554075
0,0.36332707098954414
1,0.5999781447271385
0,0.2086075149210443
0,0.46229025518617073
0,0.275181441730775
0,0.037672763017577174
0,0.41653390161844867
0,0.23719344706734252
0,0.25393715370279746
0,0.36611392165916357
1,0.5605178328954862
0,0.03838391349776711
0,0.4030609892163304
0,0.2723092984560424
0,0.27492661344455094
0,0.31536058972307174
1,0.5719772282803328
1,0.46188370851630667
1,0.70532152097842
0,0.5587912648129546
1,0.7441059760673178
1,0.2130740424765283
1,0.12476659118153775
1,0.5223983622335235
0,0.578325967535161
1,0.48333616639090987
0,0.05289249759876651
0,0.2808617124348461
1,0.35560566118520043
0,0.24854698323663135
0,0.2910616413922399
1,0.37606149960335017
0,0.11080804449988346
0,0.038883131004436064
0,0.038883131004436064
0,0.03838391349776711
0,0.6171361946656281
1,0.608201339019186
0,0.6073993101656108
0,0.39046163007667956
0,0.27766540465775885
0,0.3435765992800854
1,0.6357031868570243
1,0.32869066044739104
1,0.3226206458331003
1,0.37514176425063955
1,0.6184257084787124
0,0.35616004073887464
1,0.41507363290256744
0,0.4067279079514657
1,0.3295827805431825
0,0.2653134982637167
0,0.3435450680762705
0,0.2681081348290075
0,0.4524024600756224
1,0.8374747555301477
0,0.263265919726593
1,0.6291128624390372
1,0.43225324372559915
0,0.783335680819295
0,0.41238667527270595
0,0.5106287059913031
0,0.49458146579031176
1,0.45268134162938045
0,0.29544542472181196
0,0.04886666006729136
1,0.5867871616649583
1,0.6128386873454728
1,0.2507945986237643
0,0.3157463861255926
0,0.2639090266040219
0,0.3327123748514861
0,0.37468662094979893
0,0.2804880767494336
0,0.4293324917651214
0,0.03838391349776711
0,0.34158079579234873
1,0.5583189201963377
0,0.06316739124861644
1,0.3590463409080118
0,0.1909448460537692
1,0.5945433380130869
1,0.591365569768359
1,0.32026767603547385
0,0.275794726167369
1,0.698662768688769
1,0.5721383460114542
0,0.04653157106639751
0,0.2990923223540384
1,0.31130901647147474
0,0.44312799808700626
0,0.3878816712110599
0,0.038883131004436064
0,0.40852547759626145
1,0.5171926229362035
0,0.5901082349225921
0,0.24955123081976505
0,0.25267415117475267
0,0.3409984850582201
1,0.41573634469135223
0,0.5481567217843752
0,0.03838391349776711
0,0.2933396352436118
1,0.6850420980523951
0,0.39850834594788104
0,0.05316850820711769
0,0.037672763017577174
1,0.5457304302065142
1,0.548341104076206
0,0.04653157106639751
1,0.3545248409114567
0,0.4047012602222253
0,0.5280108305316418
1,0.7137398776538694
1,0.6125742881292402
1,0.5000487588133911
0,0.3322238346962658
1,0.31974769356061783
1,0.529404195061899
1,0.3848747880162086
0,0.6382225810616639
1,0.2619125967370458
1,0.2765497908694941
0,0.24858382349529543
1,0.2758236094105369
0,0.43435367138081743
0,0.05289249759876651
1,0.43677915092351915
0,0.8223436623371787
0,0.09806264459239984
0,0.09031888754444099
0,0.33718917501736945
0,0.03838391349776711
0,0.45192896578957104
1,0.6649406651458585
1,0.5280108305316418
1,0.5173239369103677
1,0.650122219169668
0,0.038883131004436064
0,0.3470882080954662
0,0.25393715370279746
0,0.3000014519658168
1,0.21883354875569308
0,0.36369887657207095
0,0.04886666006729136
0,0.45713920952469816
0,0.062383524819467365
0,0.3359641774466176
1,0.6412629860491176
0,0.40000841201736514
1,0.34269024476097826
0,0.2225823924415308
0,0.2159001984164529
0,0.038883131004436064
0,0.6585402036343371
0,0.3953733135975831
1,0.7528868153333645
0,0.6069185482736555
1,0.5724590745533014
0,0.05316850820711769
1,0.6075566062963613
0,0.2716661368797431
0,0.45275430674440775
1,0.783335680819295
0,0.26046211759417764
1,0.15985914834389184
0,0.7284587012528174
1,0.6430545057578311
1,0.34726942794192034
1,0.8374747555301477
1,0.32151557965011635
0,0.17191855955139432
0,0.48538156226896095
0,0.2718547392943502
0,0.09916882748481606
0,0.26223003941131
0,0.32691240134272237
0,0.5419795185355949
0,0.3000055415904238
0,0.3435450680762705
0,0.24951404815287875
0,0.3041107116861901
1,0.581550911487442
1,0.3973083021059038
1,0.45861123502800405
1,0.6412629860491176
1,0.43447364736067706
0,0.2356030354793877
0,0.12297809342275463
0,0.6373445897997853
0,0.11483581291455201
0,0.037672763017577174
0,0.2356030354793877
0,0.04653157106639751
0,0.5983923888464633
0,0.3894975509240857
0,0.5657761280993547
0,0.39147380764457984
0,0.5125790931633113
1,0.5999781447271385
1,0.42370842998120756
1,0.6616116433716435
0,0.2356030354793877
0,0.24951404815287875
1,0.580587125278544
0,0.22462888801474096
0,0.04653157106639751
1,0.31074608634480055
1,0.745563676409478
0,0.03838391349776711
0,0.2916200148306193
0,0.06695756405066121
1,0.4909007046518968
0,0.038883131004436064
1,0.5280108305316418
0,0.46229694660957743
0,0.25898630323858124
1,0.613186216236953
0,0.3146347904589939
1,0.5990115993176823
0,0.037672763017577174
1,0.4824660529829522
1,0.46302112154646113
0,0.40527458328269367
1,0.4246822417044271
1,0.23719344706734252
1,0.44935119586696104
0,0.30830572975804404
0,0.250922471562361
0,0.2926340450143421
0,0.21682288616236603
0,0.3201213292460304
1,0.7121173276140159
0,0.3945066084664676
1,0.29806304829983543
0,0.3157463861255926
1,0.3332459455705643
0,0.2772571685070217
1,0.5061733992131333
0,0.04886666006729136
0,0.05691311844971873
1,0.5094617656849147
0,0.27927302745915167
0,0.2822957970870758
0,0.2356030354793877
0,0.037672763017577174
0,0.34411154326016424
1,0.7124010041624217
1,0.3332774767743792
1,0.6819850866300544
0,0.04886666006729136
1,0.717226958751732
1,0.5201450632605351
0,0.04626816382839696
0,0.04870570835443896
0,0.32445353344123995
1,0.3090577896525028
0,0.6412629860491176
0,0.7919772538963347
0,0.5199647363934714
0,0.362886150145529
0,0.3805068933452403
0,0.4136604159463724
0,0.26272927084114417
0,0.27885611703105967
0,0.19766607762693458
0,0.14136964534068694
0,0.038883131004436064
0,0.04653157106639751
1,0.416407087058516
0,0.2718547392943502
0,0.5295434118277844
0,0.037672763017577174
0,0.2643657119627962
0,0.5847155018641076
0,0.20812261873948823
0,0.6412629860491176
0,0.21682288616236603
1,0.4336453560088504
0,0.04653157106639751
0,0.3865746130692575
1,0.4428332604597244
0,0.553605327875174
0,0.2435231587579073
0,0.2864092157726649
0,0.35616004073887464
0,0.36106784311184403
1,0.4210435726956931
1,0.5539258289681707
0,0.39145474971954275
0,0.2730598238387744
0,0.4774416666800668
0,0.45076573571937134
0,0.37690936496011374
0,0.06153974793562904
0,0.548341104076206
0,0.2633927390522929
1,0.40253276088918594
0,0.19766607762693458
0,0.5863367656475381
1,0.5745149073397118
0,0.05404829616960123
1,0.6980369041355632
1,0.8054248350958875
1,0.6462497597488903
0,0.3996240838823665
0,0.5447932661639896
1,0.33923894008447997
1,0.5280108305316418
0,0.1760575316421095
0,0.038883131004436064
0,0.4281292288715744
1,0.3470882080954662
0,0.24946744178995292
1,0.6411449231428009
1,0.3822590727064156
1,0.40521924335435716
1,0.3785252318279431
0,0.43383824103177693
1,0.6994293817198971
0,0.3921802361296038
0,0.22165492207310522
0,0.32620243598418996
1,0.29159504555519666
0,0.3564598341573669
0,0.5043585245842511
1,0.3135717665852361
0,0.2802903099704955
0,0.37624953728905913
0,0.6616282205741056
0,0.09868629446992087
0,0.2435231587579073
1,0.4103054191959055
0,0.31634795995440185
1,0.4312536209955078
0,0.08018340987114336
0,0.06272816633533969
0,0.2356030354793877
0,0.25393715370279746
0,0.28449306623663945
0,0.10757569280849255
0,0.2750021999387124
0,0.2119921397164377
0,0.2643657119627962
1,0.45594951641454917
1,0.3869650938693256
0,0.4235837833681986
0,0.037672763017577174
1,0.41835412958347873
0,0.038883131004436064
0,0.2619125967370458
0,0.037672763017577174
0,0.33923894008447997
1,0.3417662922595336
0,0.32808240813961964
1,0.8297573002857692
0,0.5153433826393751
1,0.6197276616192018
1,0.745563676409478
0,0.06475216149632171
0,0.04653157106639751
1,0.4549185188870775
0,0.04870570835443896
1,0.4197411063030345
1,0.6336856143962183
1,0.5238101824961587
1,0.3477654147974901
0,0.2723092984560424
1,0.7534736204490513
0,0.262310795048571
0,0.5548983475426296
0,0.6051163522056351
1,0.30567007896807064
0,0.2828776090643374
0,0.4524024600756224
0,0.2356030354793877
1,0.43447364736067706
0,0.44750828049975055
1,0.5144428614318326
0,0.038883131004436064
0,0.613186216236953
0,0.21366959291796164
1,0.5567929506577545
0,0.062383524819467365
0,0.07294866904562307
0,0.04886666006729136
1,0.3162174637327265
1,0.6502983161534714
1,0.4187408488549291
1,0.6616116433716435
0,0.28553625637477914
0,0.3072534498889953
0,0.2828776090643374
0,0.4705243650951558
0,0.3947934996968641
0,0.2356030354793877
0,0.38754016631479854
0,0.34338217579907493
1,0.4125310487663222
1,0.7082721212760624
1,0.047508227187574775
0,0.08313122721886614
0,0.4443753687096887
0,0.35875348459056206
1,0.6307947170452249
0,0.04653157106639751
0,0.42087873871545833
1,0.599988683745242
0,0.06058651717483801
0,0.21614513597958354
0,0.3893320188002034
1,0.37264020276114795
0,0.24858382349529543
1,0.6623256794336589
0,0.24521672518001214
0,0.4145291952362146
0,0.4518165395231628
0,0.07293641553231199
0,0.3805068933452403
1,0.3744021809761442
0,0.3472128715403817
1,0.7349949156882094
1,0.6336856143962183
0,0.2804880767494336
0,0.11628431133798227
1,0.3477654147974901
1,0.5765975149530232
1,0.6577622114811963
0,0.2356030354793877
1,0.3780641550598248
0,0.39151629660791254
0,0.22638202362841112
0,0.05211209428202265
0,0.27406512701886215
0,0.31738950419030193
0,0.299988248323788
0,0.2643657119627962
0,0.28026749067484513
0,0.19625247823186448
0,0.205756178170576
1,0.5243708646154568
1,0.08263470246651823
1,0.7743481581383763
0,0.23262906953775198
1,0.616430584200415
1,0.4909007046518968
0,0.5852140397086513
0,0.30953755727736526
0,0.2246626263961048
0,0.2632666935268544
0,0.561826719158021
0,0.36332707098954414
1,0.6127241287627958
0,0.48439669615531156
1,0.2894134668022889
0,0.03838391349776711
0,0.038883131004436064
1,0.06341038844187498
0,0.2876480212027039
0,0.328035567931841
0,0.05669293286614205
1,0.2736072953550737
0,0.27492661344455094
0,0.26272927084114417
1,0.27151479670154893
0,0.2998754929815633
1,0.34583072903547846
1,0.4631796155253687
1,0.3903792355740304
0,0.23776870584715254
0,0.2435231587579073
0,0.27927302745915167
0,0.10038847896102604
1,0.4281366127811777
0,0.4071906863525437
0,0.1476537478561462
1,0.47260268578040154
0,0.03838391349776711
0,0.17823166893015094
0,0.26272927084114417
0,0.3000014519658168
0,0.04653157106639751
0,0.35388361833540066
0,0.29058825236081914
0,0.6194425757775222
1,0.3019429658004044
0,0.03838391349776711
0,0.48806293953033053
0,0.7149415875980939
1,0.28449306623663945
0,0.2926354940593119
0,0.03838391349776711
1,0.720450802147249
0,0.3826598340808766
0,0.037672763017577174
0,0.26272927084114417
0,0.2639090266040219
1,0.6562008053400311
0,0.26272927084114417
0,0.420952814840135
0,0.1550756808147586
0,0.0670312791525842
0,0.3500170732487212
0,0.487612302462358
0,0.36332707098954414
0,0.26099656218365086
1,0.46819799257380196
1,0.3944844667868975
0,0.42579446446109365
0,0.4030609892163304
0,0.25633145998605283
1,0.2720904545205056
0,0.3105389156444616
0,0.2804880767494336
0,0.35985863700373755
0,0.037672763017577174
0,0.04653157106639751
1,0.13987206164741378
1,0.8054248350958875
1,0.31784744333709464
1,0.745563676409478
0,0.64939629784675
0,0.3453899722846396
0,0.2822957970870758
0,0.5091037117383929
0,0.4788162002159615
0,0.3193019625578352
0,0.6089101569688147
0,0.06108387695096713
1,0.35560566118520043
0,0.38154771597246906
0,0.37822219584253575
1,0.03838391349776711
0,0.038883131004436064
0,0.3881640980992985
0,0.394258286092527
0,0.10550399016346194
0,0.13000308736295663
0,0.36684807144865755
1,0.4281292288715744
1,0.45813956115013266
0,0.19617056240738098
0,0.05601489782331003
0,0.30567007896807064
1,0.6861853920018222
1,0.7616377025424333
0,0.30537686050406493
0,0.36005067527896895
1,0.37945165262384795
0,0.4400078108802111
1,0.6760367663299416
1,0.28449306623663945
0,0.28618979847892473
0,0.0696004662255572
0,0.04886666006729136
0,0.31796478831202263
0,0.37719435694653525
1,0.40066988547415133
0,0.3945066084664676
1,0.7304347244926137
0,0.19960054178054842
0,0.29023938358032203
1,0.33262945994507115
0,0.038883131004436064
1,0.3653713745820934
0,0.038883131004436064
0,0.40684282914368325
0,0.4654247599475608
0,0.6683055734400852
0,0.059490587137191575
1,0.4304570052691255
0,0.25846776256731263
0,0.1122969712957516
0,0.04886666006729136
0,0.3669048617301118
0,0.6128386873454728
0,0.44238291292804066
1,0.26812757629419354
0,0.13884677802605214
0,0.3423955424927128
0,0.05289249759876651
0,0.2718547392943502
1,0.32267164991632263
1,0.4961014406961575
1,0.6298436396975056
0,0.13153442763430342
0,0.062383524819467365
0,0.06948109538102638
0,0.39508457213323983
1,0.5541565569617403
0,0.27012521824196095
0,0.36949027026478015
0,0.27927302745915167
0,0.4336453560088504
1,0.6213245032851071
0,0.3470298768345357
0,0.3032807025273031
1,0.5280108305316418
1,0.6671589079368143
1,0.45296082980872415
0,0.32177826386380354
1,0.43658501961962726
0,0.27173624398164004
0,0.25641127127809943
1,0.4582873903470515
0,0.28449306623663945
0,0.33596095215614225
0,0.36435440567800487
0,0.2356030354793877
0,0.5130787712212366
0,0.4552592941417566
1,0.2507945986237643
1,0.5861755283581785
0,0.5771693658254176
0,0.33025252013592626
1,0.34338065727635075
1,0.5224720707436127
0,0.39147380764457984
1,0.39715700699738116
0,0.2356030354793877
0,0.3401475266618517
0,0.33448685701017145
0,0.04886666006729136
0,0.34767975141585145
1,0.44740718717018035
0,0.2435231587579073
0,0.3041107116861901
0,0.25014415439274357
0,0.25965725203914647
0,0.263265919726593
1,0.5257587619941289
1,0.5444414121695964
0,0.4312536209955078
1,0.3590463409080118
0,0.2643657119627962
0,0.05316850820711769
1,0.7830492243467438
0,0.04870570835443896
0,0.2356030354793877
1,0.45728339085062647
1,0.5498337528363159
0,0.6167529765918157
0,0.2981210653766784
0,0.32805382084068824
1,0.6552223441290128
0,0.12041895404638137
0,0.24354063806603202
0,0.28817972129159464
0,0.40977526213834553
0,0.2130740424765283
0,0.24521672518001214
0,0.038883131004436064
0,0.05316850820711769
0,0.3304809098439214
0,0.571542433307437
0,0.04886666006729136
0,0.5173239369103677
0,0.3332803240564928
1,0.6409785088953917
1,0.4303667732697158
0,0.36282996232463505
0,0.44211543461848235
1,0.4125332503924952
0,0.44715714120759986
1,0.3733820667828247
0,0.3199088761390267
0,0.19894081604779484
0,0.03838391349776711
1,0.632818739289529
0,0.4037504391039518
1,0.7246833157217021
0,0.038883131004436064
0,0.2561523065198099
0,0.4047012602222253
1,0.32130879849353383
0,0.5902467012519999
0,0.44259544940972373
0,0.6743352843774009
0,0.335731043719582
0,0.5247609910123059
1,0.5064849114487666
0,0.2043052533616605
1,0.2356030354793877
1,0.8184420518998348
0,0.3112507131458081
1,0.4849198291747034
0,0.2435231587579073
1,0.31130901647147474
0,0.6424558248612006
1,0.5184309063587087
1,0.5691696819183674
0,0.2130740424765283
0,0.06624037910223045
0,0.2718547392943502
1,0.6336856143962183
1,0.31738309638648077
0,0.04886666006729136
0,0.2356030354793877
1,0.7838374700511618
0,0.27492661344455094
0,0.19766607762693458
1,0.5773927300484333
0,0.2879612643378027
1,0.37165156526557186
0,0.22403326009277916
1,0.5865433673622618
0,0.27718599502342955
0,0.3157463861255926
1,0.593238394216361
1,0.36332707098954414
1,0.4870901610167872
0,0.3332459455705643
0,0.376744336413953
0,0.24800499171142826
0,0.46861275821756737
1,0.32826956275751656
1,0.44329729072902146
1,0.5542366050960172
0,0.49249595200747853
0,0.31536058972307174
1,0.773135663707213
0,0.37420233380645385
0,0.2356030354793877
1,0.4117337248608542
0,0.04886666006729136
0,0.15410954215892314
1,0.5067365730776061
1,0.4329112184696968
0,0.2356030354793877
1,0.6320553292612278
0,0.33316615404329175
0,0.3332459455705643
0,0.038883131004436064
0,0.0844950620742718
1,0.5507296265983469
1,0.40360961591405986
0,0.3314192438250615
0,0.23437170749749198
0,0.04886666006729136
1,0.7229573337303158
0,0.47458556643710176
1,0.4367200428613856
1,0.5280108305316418
0,0.2720177524943866
1,0.43161306212785516
1,0.34862751288097027
0,0.45268134162938045
0,0.25437082676219624
1,0.2829014119450553
0,0.30567007896807064
1,0.3813776571250451
0,0.2723092984560424
1,0.47603199677766267
0,0.24254452360551704
0,0.4106353082780509
0,0.38754016631479854
0,0.3123544755782831
0,0.43784074926974104
1,0.7024884037712184
0,0.44259544940972373
0,0.24675219006790874
0,0.3819406084836081
1,0.4556636414266837
0,0.3153933192885356
1,0.27925964130294073
0,0.3936569329961679
0,0.2689714037821634
0,0.28449306623663945
1,0.27927302745915167
1,0.45087725337003115
0,0.3456498713977995
0,0.3396680621688517
1,0.8035364552642503
0,0.25247339215093934
0,0.04886666006729136
1,0.5215277050090732
1,0.2710208851032993
1,0.6412629860491176
0,0.5781604254147967
1,0.620697080174056
1,0.4457994261280611
1,0.33354218418710035
0,0.40094993166544185
0,0.2102301952470823
0,0.08123527016978667
0,0.2936697455007509
1,0.6336856143962183
0,0.5192243018006044
0,0.18809102803032496
0,0.1420020422785005
0,0.40059863206078944
1,0.5295352458198099
0,0.446875038020622
1,0.6890732704302317
0,0.33710064144873575
0,0.04886666006729136
0,0.05481741665644586
0,0.04886666006729136
0,0.2356030354793877
1,0.48637572285803676
1,0.5339889885608672
0,0.26358936050400944
1,0.27492661344455094
0,0.4069212318834772
0,0.450670007801885
1,0.7785543288714484
1,0.5719772282803328
1,0.4582873903470515
1,0.32405442847207044
0,0.263265919726593
0,0.3175273505417961
1,0.5104846452683965
0,0.2828776090643374
0,0.33267356328862807
0,0.28449306623663945
0,0.04886666006729136
1,0.4363647323416829
1,0.39348669348444903
0,0.5409726074481217
1,0.2619125967370458
0,0.2682802414573095
0,0.2643657119627962
1,0.5097264545184294
0,0.038883131004436064
0,0.29265167903859035
1,0.5697135198753783
1,0.6306850584045907
0,0.1433231057185352
0,0.05316850820711769
0,0.2413115214741544
0,0.038883131004436064
0,0.378494492434828
0,0.2808617124348461
0,0.35977038655807
0,0.2867815066191889
0,0.1759657528194708
0,0.44828473498480637
1,0.5302420390112995
1,0.47644765435999714
0,0.46076598682083547
1,0.5799151168513295
0,0.3435765992800854
0,0.4826118801297774
1,0.7706960164116281
0,0.4117551010923086
0,0.2553991276094113
1,0.7366823872082506
0,0.36332707098954414
0,0.20010828470482914
0,0.12065099162245195
0,0.037672763017577174
0,0.40931018332798763
1,0.6176909952470011
0,0.038883131004436064
1,0.27927302745915167
1,0.2528858424198418
0,0.2773036988788204
1,0.6051891086700764
0,0.038883131004436064
0,0.48635872212145254
0,0.15761118806432134
1,0.432539662801123
1,0.32715794078468824
0,0.41239002922031076
0,0.4097390245079505
0,0.03838391349776711
0,0.5766723011760008
1,0.5173239369103677
1,0.5625796974463759
1,0.34767975141585145
1,0.70351636248455
0,0.25393715370279746
1,0.4752474693946837
1,0.47306543297816805
0,0.04653157106639751
1,0.5605178328954862
1,0.6693564766796597
1,0.35567712670936
0,0.8297047330706431
0,0.04886666006729136
0,0.24676789147452569
0,0.2951661539127155
0,0.38661424787819276
1,0.578351338991628
0,0.037672763017577174
0,0.06272816633533969
0,0.41382985916977605
0,0.38404931152582095
0,0.536158162160718
0,0.37715465673979365
0,0.2743635613816847
0,0.3471412397038935
1,0.41187079449408803
1,0.34426933534054815
1,0.5375824761986754
0,0.3322769678081968
0,0.25393715370279746
0,0.3830469736402432
0,0.2884769046299728
0,0.2853038818759283
0,0.03838391349776711
0,0.3268810102176701
0,0.43213939955112635
1,0.4258042032517008
0,0.3517511643713339
1,0.6075566062963613
0,0.2356030354793877
1,0.5880233288321793
0,0.27173624398164004
0,0.18303140396353687
1,0.5215277050090732
0,0.2643657119627962
1,0.4060544687774235
1,0.2356030354793877
0,0.04653157106639751
1,0.26880503069543643
0,0.04886666006729136
1,0.5846280765820642
0,0.038883131004436064
0,0.2720763941458286
0,0.2804880767494336
0,0.4281292288715744
0,0.2435231587579073
0,0.3666912914323786
0,0.07990589079679758
0,0.31462163753071537
0,0.29023938358032203
0,0.620697080174056
0,0.5781604254147967
0,0.27195246964151637
0,0.04653157106639751
1,0.596753684122524
0,0.39703663924853183
1,0.7029100352859352
0,0.054921840853855576
1,0.4178255025088832
0,0.2639090266040219
0,0.05316850820711769
0,0.08821457276058123
0,0.06775835762693794
0,0.29735705329553513
0,0.05316850820711769
0,0.11906407962084249
1,0.5372816014899551
1,0.38472903989342894
0,0.31670278535360674
0,0.25782985422484467
0,0.2643657119627962
0,0.05316850820711769
0,0.5481166300457992
1,0.4565242906548327
1,0.7274500986481245
1,0.626342098198055
0,0.31670278535360674
1,0.3000730208411442
0,0.04886666006729136
1,0.3945066084664676
0,0.34146075122566677
0,0.3585275256164863
0,0.038883131004436064
1,0.8297573002857692
1,0.4098230465878395
0,0.05404829616960123
1,0.3157463861255926
0,0.2435231587579073
0,0.25954427084464476
0,0.3420041164363642
1,0.3265472551198061
1,0.2643657119627962
0,0.3198840506008914
0,0.39107274391781893
0,0.19233307562770016
1,0.6659232019344629
0,0.5868023392249427
0,0.04870570835443896
0,0.4407914348183289
1,0.53630711082322
0,0.6894818488537774
0,0.13068823839051963
0,0.18263331359065868
0,0.31409337811924176
0,0.04653157106639751
0,0.3023150261938209
0,0.3762521392422796
1,0.5556074546354572
0,0.5800332593190611
0,0.32259570439513796
1,0.6320553292612278
1,0.3813776571250451
1,0.31754064475280197
0,0.2712770384971368
1,0.6296274442731344
1,0.29171093874444926
1,0.4981000861391581
0,0.3471412397038935
1,0.5269928893474916
0,0.4169059507525191
0,0.05222235555376417
0,0.04886666006729136
0,0.2570701532693428
0,0.04870570835443896
0,0.3931388259316473
1,0.8511384915955229
0,0.4231802683083534
1,0.30579645384001813
0,0.36332707098954414
0,0.41243984932200445
1,0.4559081756595118
1,0.32259570439513796
0,0.32156833022719145
1,0.406002413981882
0,0.641010286912562
0,0.06534531984982678
1,0.48129679765637984
0,0.30567007896807064
1,0.6296274442731344
0,0.09299541735096581
0,0.2643657119627962
1,0.7400642637527778
0,0.34444962297682763
1,0.8297047330706431
0,0.3500596449603986
0,0.6336856143962183
0,0.37816679484767746
0,0.037672763017577174
1,0.3414024362614029
1,0.30292492372627344
1,0.7055425833034813
0,0.40668375024548464
1,0.602261732160949
1,0.30379190944749807
0,0.2356030354793877
1,0.6131153681778665
0,0.2619125967370458
0,0.23645509223572342
0,0.15717985694346845
1,0.7453658331745973
0,0.037672763017577174
0,0.48211421701948914
0,0.09914934592843955
1,0.4089928560424897
1,0.45096572162002674
0,0.32454875387651166
1,0.2900614509697004
0,0.2127344335727653
0,0.2643657119627962
0,0.03838391349776711
0,0.30567007896807064
1,0.33987278821134415
0,0.038883131004436064
1,0.7746197972504778
0,0.6342526386385584
1,0.7310039950177816
0,0.48476130353459285
0,0.0807924192232195
0,0.27492661344455094
0,0.27927302745915167
0,0.3332459455705643
0,0.05222235555376417
0,0.038883131004436064
0,0.27012521824196095
0,0.20584634042211378
0,0.04886666006729136
0,0.7166040662124666
1,0.28507943312206785
0,0.23652952581808195
0,0.03838391349776711
0,0.27012521824196095
1,0.7124010041624217
0,0.07704149410052283
0,0.24951404815287875
0,0.30203374711958997
0,0.038883131004436064
0,0.37282396764206444
0,0.42680029767540295
1,0.8152190938368
0,0.366485528916722
1,0.6204149817468125
0,0.34922131348677166
0,0.3351876676390377
1,0.5508474967276218
0,0.05182031789259792
0,0.2570701532693428
0,0.13021321317039672
1,0.697042805221596
0,0.038883131004436064
1,0.548341104076206
0,0.2435231587579073
0,0.2535545748465719
1,0.5618654987690674
0,0.5673615093012887
0,0.3834777586587568
0,0.08032503243357891
1,0.2737232202436611
1,0.7124010041624217
0,0.03838391349776711
1,0.32259570439513796
1,0.5971921228615326
0,0.6145435506844908
0,0.29747962127830024
1,0.6547168196053794
0,0.3000014519658168
0,0.27012521824196095
0,0.6261214249084939
0,0.3848536979010136
1,0.6547260914314795
0,0.037672763017577174
1,0.6588918219592141
1,0.48247203119591875
0,0.3562631251840198
0,0.24951404815287875
0,0.05945382576980124
0,0.5903747430591307
1,0.4957704301582105
0,0.3041410786518684
1,0.3298014951823202
0,0.03838391349776711
0,0.04886666006729136
1,0.5914772186036943
0,0.05630303236058253
0,0.038883131004436064
0,0.27927302745915167
1,0.40272304484100196
0,0.43172199945896506
1,0.4240911860196769
0,0.2356030354793877
0,0.24898251552419864
0,0.5644915885290996
0,0.5041682062775252
1,0.6303519252355292
1,0.6256696584662372
0,0.5563603436554587
1,0.32805382084068824
0,0.6007687555365069
1,0.3756864385212526
0,0.04886666006729136
0,0.04886666006729136
0,0.3145923962941518
1,0.3726525260420617
0,0.06628437617059169
0,0.49307914215208987
0,0.6412629860491176
1,0.5828461935559384
1,0.6298436396975056
0,0.1269362988619577
1,0.46188370851630667
0,0.37569888375352783
1,0.04886666006729136
0,0.07930913345560371
1,0.3736664011535939
0,0.5248502439504078
0,0.39151629660791254
0,0.7378211318931962
0,0.3153933192885356
1,0.2657611969548649
0,0.32259570439513796
0,0.306173216839517
0,0.038883131004436064
1,0.49285070483677085
0,0.26958223491442795
0,0.3508857668710764
0,0.6412629860491176
1,0.7321238819929707
0,0.21171627976453572
0,0.0850595279017971
0,0.038883131004436064
1,0.2643657119627962
0,0.26099656218365086
0,0.5912395238728266
1,0.673666579718097
0,0.34355984792653194
0,0.361449066563019
1,0.4111006720119952
1,0.2356030354793877
1,0.3669898036902085
1,0.5503638908659778
1,0.3668998179864411
0,0.350966570534304
1,0.6364534486882976
0,0.31419133584533865
1,0.39850834594788104
0,0.28885631024260233
0,0.5998076826013062
1,0.4394613032734377
1,0.6145435506844908
0,0.47476918820370695
1,0.745563676409478
1,0.6933077862638588
1,0.5616231698498592
1,0.3823658826598071
0,0.5920386576871564
0,0.3830370234456395
0,0.24946744178995292
0,0.39850834594788104
0,0.2720887132614507
0,0.3033013842364049
0,0.393259061065652
0,0.22498650713734036
0,0.21883354875569308
0,0.41473418851615623
1,0.3184328545393774
0,0.31462163753071537
0,0.04653157106639751
1,0.6030523865815286
1,0.20114717145998778
1,0.7078283818134515
0,0.07704149410052283
1,0.48635872212145254
1,0.47306543297816805
0,0.42347753314354836
0,0.4027904478614181
1,0.6215696818012643
0,0.5970006834604946
1,0.5577709238398142
0,0.038883131004436064
0,0.4269713067799211
0,0.39151629660791254
1,0.22234958179257375
0,0.2780688047352071
1,0.6059698324364303
0,0.3332459455705643
0,0.40479448762565684
0,0.04886666006729136
0,0.5605178328954862
0,0.21682288616236603
0,0.2513478490755895
0,0.28449306623663945
0,0.3509129955824471
0,0.6461592367156216
0,0.28961354520263966
0,0.04653157106639751
1,0.8200444189639899
1,0.657118583671547
0,0.31000429639828314
0,0.4385219756928503
0,0.2435231587579073
1,0.706580897975121
0,0.21682288616236603
0,0.2723092984560424
0,0.32691240134272237
0,0.6234379457473276
0,0.037672763017577174
1,0.24854698323663135
0,0.43321410897071966
1,0.31536058972307174
0,0.24433692955077235
0,0.2625563255063077
0,0.5892623959181734
0,0.5548983475426296
0,0.3651552930179849
1,0.29691824620027707
0,0.34124109887473136
0,0.30438487795886165
1,0.30650416051882823
0,0.44750828049975055
0,0.06272816633533969
0,0.05481741665644586
0,0.3435765992800854
0,0.7400315579992378
0,0.2998754929815633
1,0.28126679649897035
1,0.554511503199927
1,0.3153933192885356
1,0.39230485711893104
0,0.038883131004436064
0,0.2356030354793877
0,0.2643657119627962
1,0.3512293518812939
0,0.5481166300457992
1,0.70532152097842
0,0.41105468191938677
0,0.289729077317749
0,0.15964991750101853
0,0.06706293040851184
1,0.2718547392943502
0,0.5583189201963377
1,0.5224720707436127
0,0.39179694057544123
0,0.45903904679398594
1,0.44649189618663265
1,0.6389878106149353
0,0.03838391349776711
0,0.2356030354793877
0,0.555394925794141
0,0.20641579273745372
0,0.5609239988597762
1,0.27118046646987887
1,0.7415709950256606
1,0.5044180101222042
0,0.15924090622764428
0,0.3000014519658168
0,0.16007594240974066
0,0.04653157106639751
0,0.620697080174056
0,0.4072611610919679
0,0.3479929127929118
0,0.26360967015954817
0,0.4495672104963237
0,0.17098612329120558
1,0.4824660529829522
0,0.3651552930179849
0,0.2565867398733639
0,0.038883131004436064
1,0.34381929850964205
0,0.34575372913254276
0,0.04886666006729136
0,0.037672763017577174
0,0.04886666006729136
0,0.3332459455705643
0,0.6487824115801506
1,0.5799151168513295
0,0.6256696584662372
1,0.47906880807616475
1,0.5022617815389446
0,0.2639090266040219
0,0.07102478337329061
0,0.32826956275751656
0,0.491220262097002
0,0.03838391349776711
1,0.396062602111795
0,0.4084298995088641
1,0.6197773773281035
1,0.4221001702934636
0,0.3653713745820934
1,0.53630711082322
1,0.6209743857944751
0,0.18928239131322636
0,0.3421557063642144
1,0.31389275089128366
1,0.6736974371903399
1,0.4117314587318601
0,0.05316850820711769
0,0.3112236049328332
0,0.037672763017577174
0,0.2528858424198418
1,0.7719614471015023
0,0.3365478133346657
1,0.773789653873418
0,0.04653157106639751
1,0.3310652686285513
0,0.4044967153866525
0,0.24675219006790874
0,0.2507945986237643
1,0.416407087058516
1,0.5323317972394217
0,0.29143832742841863
0,0.5858558978731351
0,0.3125106779859484
1,0.48770637282004864
0,0.04886666006729136
0,0.37843192574079326
0,0.4376525213815948
0,0.037672763017577174
0,0.04653157106639751
1,0.44984195689400397
0,0.3365478133346657
1,0.5365312852901959
0,0.2535545748465719
1,0.32405442847207044
0,0.038883131004436064
1,0.39719523855026784
0,0.06781641211163021
1,0.4700478701767226
0,0.40169210325487437
0,0.28195949587293656
1,0.4027904478614181
0,0.5499878969644136
0,0.3184328545393774
1,0.4564817547623509
1,0.3693961431194656
0,0.06899942790796995
0,0.27927302745915167
1,0.48813492610713916
0,0.07665105317676188
0,0.07468897795425607
0,0.2552148831481233
0,0.47145279590317724
0,0.35616004073887464
0,0.3705485263096897
0,0.209870384053312
1,0.5755958232781806
0,0.4843741832596502
0,0.06341038844187498
0,0.30692925798775045
0,0.23577152940998322
1,0.5863005981149909
0,0.3674900272010549
0,0.48162010211338363
0,0.30477223866094577
1,0.4768995508876298
1,0.7641137420014678
0,0.2507945986237643
0,0.2932973572368014
1,0.53630711082322
1,0.584800702990773
0,0.12297809342275463
0,0.037672763017577174
1,0.34800115108215457
0,0.33103034503167816
1,0.04886666006729136
1,0.28961354520263966
1,0.4376161045986285
1,0.40253276088918594
0,0.3792168768371345
0,0.038883131004436064
0,0.2356030354793877
0,0.27012521824196095
0,0.05289249759876651
0,0.6643449657399284
0,0.05316850820711769
1,0.5163969530896124
0,0.05601489782331003
1,0.39151629660791254
0,0.2356030354793877
1,0.32267110286048417
1,0.3153933192885356
1,0.43511177665215983
0,0.561826719158021
0,0.2718547392943502
0,0.037672763017577174
1,0.7838374700511618
1,0.3545248409114567
0,0.2718547392943502
0,0.09806264459239984
1,0.7534736204490513
0,0.27927302745915167
1,0.6075566062963613
1,0.3534730560850053
1,0.7205194825327758
1,0.29379194716491014
0,0.06365891740759938
1,0.7887325108484208
0,0.3189328221720135
1,0.5764070005972934
1,0.6279840346803015
1,0.5637558207423629
1,0.5831930160644043
0,0.05228907177795937
1,0.5268572744835739
1,0.6336856143962183
0,0.4658561204646423
0,0.2742081491097281
1,0.5000505252334118
1,0.7415709950256606
0,0.06781641211163021
0,0.037672763017577174
0,0.2639090266040219
0,0.038883131004436064
1,0.6627788462427162
0,0.4751368321278881
0,0.3381103203969039
0,0.07990589079679758
1,0.8297573002857692
1,0.36836684963733635
0,0.5981960511768778
1,0.36024096978892833
1,0.48134927237311853
0,0.06624037910223045
1,0.6461592367156216
1,0.38130694604747384
0,0.4567474561508667
0,0.25782985422484467
1,0.5849035939855364
1,0.3478210883850984
0,0.168077496962852
0,0.32516968949992525
0,0.3204125625786083
0,0.4634025053034621
0,0.04886666006729136
1,0.49138837099246757
0,0.038883131004436064
0,0.4862078107575697
0,0.09685027474312506
1,0.3435765992800854
1,0.7504775713625476
1,0.7838374700511618
0,0.3153175606136517
0,0.227898369503617
0,0.27012521824196095
1,0.36332707098954414
1,0.5328411717905285
0,0.1919249486971877
0,0.4337430283704759
0,0.25393715370279746
0,0.3322781785680796
0,0.25980985948867885
1,0.2811494063861935
1,0.6406804904414287
0,0.5892623959181734
1,0.571542433307437
1,0.4280337412218421
0,0.3000014519658168
0,0.40684282914368325
0,0.03838391349776711
0,0.5677963398573943
0,0.04886666006729136
0,0.037672763017577174
1,0.4543456122456366
1,0.44622709648932046
0,0.2356641800611968
1,0.3998910168685175
0,0.7953493207613263
1,0.3726525260420617
0,0.24951404815287875
0,0.4641952543080788
1,0.05637659444847051
1,0.6409785088953917
1,0.7846197009660338
0,0.2876480212027039
0,0.3041107116861901
1,0.44320839749686747
1,0.6981681371728452
0,0.2435231587579073
0,0.05404829616960123
0,0.06534531984982678
0,0.037672763017577174
0,0.05222235555376417
1,0.440622978462164
0,0.28449306623663945
0,0.2992195940759312
0,0.05348655294482355
1,0.4632941405057847
1,0.7750518414243446
1,0.5498337528363159
0,0.3041107116861901
0,0.20687869445129428
0,0.04653157106639751
0,0.29389321302405025
1,0.7534736204490513
0,0.5417335088547256
1,0.57634301133913
0,0.3435450680762705
0,0.04870570835443896
1,0.23262906953775198
1,0.07102478337329061
1,0.2519389475614662
0,0.3905007815105804
1,0.35723131960369287
0,0.34444962297682763
0,0.2639090266040219
0,0.24946744178995292
0,0.26140987142330835
1,0.673487366406165
0,0.08016422877894087
0,0.2772571685070217
0,0.303747404779754
0,0.037672763017577174
0,0.380310418188678
0,0.3153933192885356
1,0.5920386576871564
1,0.5027433962740001
0,0.36820252793999114
0,0.2643657119627962
1,0.3444573476960886
1,0.17191855955139432
1,0.3389552004053933
1,0.39963517543274363
0,0.037672763017577174
0,0.2808617124348461
1,0.45096572162002674
0,0.11649935871719787
1,0.6013647470281467
0,0.5324980430869704
0,0.07704149410052283
0,0.4471681608107047
0,0.47906880807616475
0,0.04653157106639751
0,0.6256696584662372
0,0.2279545473515641
1,0.5022677641040124
0,0.29023938358032203
1,0.2130740424765283
1,0.708497877477828
1,0.6336856143962183
0,0.2720763941458286
0,0.5587912648129546
0,0.4073306856464836
0,0.2356030354793877
1,0.7415709950256606
1,0.3322781785680796
0,0.3119384958771166
1,0.7838374700511618
1,0.31184475239123444
1,0.038883131004436064
0,0.35723131960369287
0,0.038883131004436064
0,0.06087567543126087
1,0.720450802147249
0,0.3810281296457776
1,0.6002552210642222
1,0.4004789701523128
0,0.03838391349776711
0,0.038883131004436064
0,0.3366621709636276
0,0.34631791798610745
0,0.42011073043855524
1,0.6461592367156216
0,0.47650203288566606
0,0.45948933227113153
0,0.27881933011793913
0,0.2435231587579073
0,0.42640959476037166
0,0.410365621858975
0,0.6060645973676012
1,0.3241418729003349
0,0.2926354940593119
0,0.2718547392943502
0,0.06272816633533969
1,0.3590009754089641
1,0.6539709117677978
0,0.3000014519658168
0,0.04653157106639751
0,0.23738143305468767
0,0.37468662094979893
1,0.4312536209955078
0,0.26964349972515345
1,0.24675219006790874
1,0.4343324347776749
1,0.37633886663234833
0,0.39794621390287666
0,0.2643657119627962
0,0.03838391349776711
0,0.2507945986237643
1,0.49020077698877046
0,0.4281292288715744
0,0.34698786621394967
0,0.43060873602667543
1,0.4913355790581019
0,0.30567007896807064
0,0.31723339476294243
0,0.5027750484501698
0,0.4281292288715744
0,0.10399790415809954
0,0.1476537478561462
1,0.32177826386380354
1,0.8297573002857692
0,0.3173043695086112
0,0.2942715015398775
0,0.18955946410506083
0,0.3865746130692575
0,0.4386242287082478
0,0.4976858903654796
0,0.3865746130692575
0,0.23019866573102715
0,0.3848536979010136
1,0.3424886239362612
0,0.32267164991632263
1,0.44935119586696104
1,0.5215277050090732
0,0.5481567217843752
0,0.037672763017577174
0,0.6253056457074392
1,0.3996240838823665
0,0.06979884717441759
0,0.4103080010065733
1,0.6406669915175957
1,0.5545345597092525
0,0.09961111103684718
0,0.28792556164787086
0,0.2932973572368014
1,0.5661034553813272
1,0.596753684122524
1,0.5105086054757751
0,0.4214159819395352
1,0.5435932392993206
0,0.40059863206078944
0,0.04653157106639751
1,0.8374747555301477
0,0.04886666006729136
1,0.6662055632430247
0,0.037672763017577174
1,0.5215277050090732
1,0.37417656362158996
1,0.5605178328954862
0,0.17141928362092762
0,0.289729077317749
1,0.41748980014301795
1,0.5566585612482468
0,0.05316850820711769
0,0.30438487795886165
1,0.47428426332945467
0,0.037672763017577174
0,0.5433427601107889
0,0.10890828911089463
1,0.7413722734856782
1,0.6619858346826506
0,0.26272927084114417
0,0.395309747759611
0,0.47277054091756565
0,0.04886666006729136
1,0.275794726167369
1,0.35979034221072936
1,0.3780641550598248
0,0.04653157106639751
0,0.11706434510164732
0,0.27689360196551827
0,0.25014415439274357
0,0.3731656113555674
1,0.5620641676593224
0,0.07704149410052283
0,0.2985549323152727
0,0.04886666006729136
0,0.2676963870852456
0,0.3939770243674999
1,0.6254954537773482
0,0.5061733992131333
0,0.6605782690282653
0,0.2955164560066232
1,0.6596258094160256
0,0.05134117991568463
0,0.2725663564255156
0,0.2743635613816847
1,0.3755002961925614
0,0.05024869364452854
0,0.35983582138384224
1,0.40804672700532424
1,0.620311081568694
0,0.33262945994507115
0,0.03838391349776711
0,0.06316093597386507
0,0.07353985777281331
0,0.27012521824196095
0,0.3332459455705643
0,0.07462480853676574
0,0.2570701532693428
0,0.03838391349776711
1,0.4622527141234666
0,0.4488179022272415
0,0.4468960422497167
1,0.4221868502278868
0,0.038883131004436064
1,0.5887073108996665
1,0.30671048354302716
0,0.29822032112387775
1,0.6051163522056351
0,0.6092565217896038
0,0.4283847192805068
0,0.44581355795157485
0,0.2435231587579073
0,0.26272927084114417
0,0.2356030354793877
1,0.6184257084787124
0,0.28902510972085965
0,0.2535545748465719
1,0.5157984778423976
1,0.2535545748465719
0,0.03838391349776711
0,0.32979419140741806
0,0.2730598238387744
0,0.3456498713977995
0,0.36179852108713667
0,0.37489781544948775
1,0.6383824040624693
0,0.05316850820711769
1,0.7022643199585554
0,0.05476910869783813
0,0.04653157106639751
1,0.3695290288580324
0,0.2639090266040219
0,0.3516276797447538
1,0.35832107495763904
1,0.5849035939855364
1,0.1374260352774641
0,0.2435231587579073
0,0.3724021652891155
0,0.062383524819467365
0,0.1476537478561462
0,0.5351098403488499
1,0.5550160226358849
1,0.4030609892163304
0,0.36332707098954414
0,0.2718547392943502
0,0.43341019938096725
1,0.16407119319159666
0,0.272466324897863
0,0.50674462692652
1,0.4723775354329393
0,0.5772976742589065
0,0.038883131004436064
1,0.5299137815268748
1,0.8511384915955229
0,0.04886666006729136
0,0.08250229960674865
0,0.30567007896807064
0,0.4066299466474725
1,0.23262906953775198
0,0.04886666006729136
0,0.37468662094979893
0,0.2643657119627962
0,0.5492922648400856
1,0.7904388256941418
0,0.2639090266040219
1,0.037672763017577174
0,0.2804880767494336
0,0.2435231587579073
0,0.038883131004436064
0,0.3645099364774184
0,0.7823929051136538
0,0.3886301996683121
0,0.2782536293969121
0,0.038883131004436064
1,0.49020077698877046
0,0.35539789258037074
1,0.8200444189639899
0,0.2944771743572835
0,0.4052021799783763
0,0.038883131004436064
1,0.40094993166544185
0,0.26369049370362335
1,0.5608148008257565
0,0.32871338009139195
1,0.24380096568393894
1,0.4880395403372593
0,0.05657370072374439
1,0.27492661344455094
0,0.038883131004436064
0,0.30864655227742227
1,0.3403348133538753
0,0.27826127996522143
0,0.2879384090829215
0,0.26272927084114417
1,0.366485528916722
1,0.8223436623371787
0,0.29485184354291494
1,0.6145435506844908
0,0.22638202362841112
1,0.27166600993606316
0,0.24356931557491565
1,0.2867629166111853
0,0.15399198638740602
0,0.3947934996968641
1,0.2904025615330088
0,0.4817256826585302
0,0.37892039857242443
0,0.038883131004436064
0,0.380310418188678
0,0.038883131004436064
0,0.25014415439274357
0,0.4467229100115441
0,0.06466343733608505
1,0.4408166308086234
1,0.7838374700511618
0,0.26272927084114417
0,0.2435231587579073
0,0.2236590068056261
0,0.3381103203969039
0,0.038883131004436064
1,0.25393715370279746
1,0.5921728272139521
1,0.34258698176345237
1,0.3157463861255926
1,0.28853282279287884
1,0.4213841082371597
1,0.31974769356061783
1,0.36419524172767764
0,0.037672763017577174
1,0.6184257084787124
1,0.3111295476144915
0,0.5867871616649583
1,0.6782242938014351
0,0.1269362988619577
0,0.6820885510686734
1,0.3933690758890206
1,0.5533920698624739
0,0.600765631757552
1,0.6694532384181937
1,0.8184420518998348
1,0.6519284804650648
0,0.3631514144823331
1,0.5973992289572099
0,0.07098018290183042
0,0.2894134668022889
1,0.5749868247318892
0,0.2356030354793877
0,0.5892623959181734
1,0.7124010041624217
1,0.4042301427299053
1,0.45019306048370783
0,0.2356030354793877
0,0.23924907357963954
1,0.6430461695157018
1,0.6694532384181937
0,0.33223702756107126
0,0.2866205097003928
0,0.32146539648675837
0,0.5387366288460769
0,0.2595825203001997
1,0.2356030354793877
0,0.037672763017577174
1,0.39145474971954275
0,0.2736072953550737
0,0.20411893945753787
0,0.3786889546122973
1,0.39151629660791254
1,0.3287828902258826
1,0.39209816552402954
0,0.3871226155194205
0,0.46865723506384516
1,0.7547484985375367
0,0.2957868428476276
0,0.34338217579907493
0,0.2992195940759312
0,0.3140984595317086
1,0.5860076015788869
0,0.5218455346916004
1,0.41105468191938677
0,0.2894134668022889
0,0.2356030354793877
0,0.2643657119627962
0,0.2694844847510226
0,0.038883131004436064
0,0.2806065720621438
0,0.4536050565063246
1,0.5719772282803328
0,0.03838391349776711
0,0.33018864057404135
0,0.5090705201028765
1,0.613186216236953
0,0.4843741832596502
0,0.2643657119627962
0,0.06968825652384257
0,0.03838391349776711
0,0.25098378766515883
0,0.7215963363186919
1,0.39806480057450233
0,0.27826127996522143
1,0.6016218455807214
0,0.4411746457269623
0,0.25247339215093934
0,0.2969108381437693
0,0.3680667207899122
0,0.3084467932029856
0,0.19731685331656432
1,0.6279840346803015
0,0.3362383027635432
0,0.04653157106639751
0,0.34444962297682763
1,0.3881640980992985
0,0.41000243378886075
1,0.40735712322594914
1,0.5526238826611772
0,0.05024869364452854
1,0.3108004512873883
0,0.48557449252805507
0,0.33172959969535837
1,0.31974769356061783
0,0.5451605353452614
0,0.21675449456885215
0,0.037672763017577174
0,0.2356030354793877
0,0.3024786819744699
0,0.05348655294482355
0,0.04886666006729136
1,0.07548060486809698
0,0.2356030354793877
1,0.6012343427043385
0,0.745563676409478
0,0.4281292288715744
0,0.24858382349529543
1,0.5943480557211639
0,0.30567007896807064
1,0.38652368596254516
0,0.30343071319499665
1,0.4735881978120271
1,0.40213182264440195
1,0.6031631047520297
0,0.30953755727736526
1,0.6853160723862369
1,0.6760367663299416
0,0.4196102256415592
0,0.7707634682460591
1,0.5224720707436127
0,0.037672763017577174
0,0.2435231587579073
0,0.038883131004436064
0,0.24854698323663135
0,0.6075109888975537
0,0.3031045276682026
0,0.35636398553315235
0,0.7070680595401759
0,0.22388993386562409
1,0.7400173916955927
0,0.2808617124348461
0,0.06031543970293181
1,0.6461592367156216
1,0.5433001767130048
0,0.037672763017577174
1,0.2794325141806658
1,0.33923894008447997
1,0.3477654147974901
1,0.7613255240963094
0,0.5295556038490769
0,0.2356030354793877
0,0.5483680972036443
0,0.04653157106639751
1,0.3616113202405925
1,0.7124010041624217
0,0.04653157106639751
0,0.258193911428218
0,0.29159504555519666
0,0.31957075843755905
0,0.30343071319499665
0,0.4763036596350346
1,0.6566013173160714
0,0.038883131004436064
0,0.6030485184969454
1,0.34444962297682763
1,0.46736478606763876
0,0.2418430748505586
1,0.36611392165916357
1,0.43194158960986423
0,0.25782985422484467
0,0.3655767132753467
0,0.275794726167369
0,0.406002413981882
0,0.40530314216724167
1,0.5148963211420823
0,0.37535738497258364
0,0.40272304484100196
1,0.4293324917651214
0,0.29058825236081914
0,0.40059863206078944
0,0.038883131004436064
1,0.4154318505680601
1,0.46667920502148985
0,0.2900614509697004
0,0.04886666006729136
0,0.43634586551349797
0,0.6411449231428009
1,0.8223436623371787
1,0.48644387305435455
1,0.311248903178916
1,0.715871843919827
1,0.6254954537773482
0,0.37489781544948775
1,0.2705168742880595
0,0.06408114290143277
0,0.275794726167369
0,0.04653157106639751
0,0.2946853091089881
0,0.26272927084114417
0,0.25393715370279746
0,0.22101762896977456
0,0.2435231587579073
1,0.416407087058516
1,0.743350808661074
0,0.47375509163710444
0,0.2643657119627962
0,0.3313713417794233
1,0.5286733705396718
0,0.35242518603547224
0,0.27627817662360826
0,0.038883131004436064
1,0.5612095114714917
0,0.2718547392943502
0,0.04886666006729136
0,0.263265919726593
1,0.2521652079160125
0,0.25618373306557657
0,0.04870570835443896
0,0.05630303236058253
0,0.06087567543126087
0,0.34739224135949826
1,0.5758031523873467
1,0.4089761189208923
1,0.28885631024260233
0,0.2679069374005647
0,0.3204125625786083
0,0.1390282390619811
1,0.44417981487619923
0,0.676919725999438
0,0.05904407671376623
1,0.620697080174056
1,0.36052082599929947
0,0.037672763017577174
1,0.7085022100531916
0,0.038883131004436064
0,0.038883131004436064
1,0.6430545057578311
0,0.24072884658859517
0,0.37589771572920655
0,0.275794726167369
1,0.5990115993176823
0,0.2249750318779956
1,0.6092734206274947
1,0.36385502870688746
1,0.5923787978421439
0,0.30669297136522394
0,0.35560978122008224
0,0.16260520722301006
1,0.5732683756689719
0,0.3664102482327011
1,0.7162605965298665
0,0.31002584625705704
0,0.2643657119627962
0,0.2998754929815633
0,0.48134927237311853
1,0.2643657119627962
0,0.3423660283084081
1,0.27475669460831076
0,0.03838391349776711
1,0.3612241745070938
1,0.4486740982153269
0,0.26208479864110007
0,0.633969724100034
0,0.6844608398208321
0,0.10550399016346194
0,0.038883131004436064
1,0.3533353101715073
0,0.4108665560622665
1,0.7919772538963347
0,0.21682288616236603
0,0.399682101718104
0,0.27173624398164004
0,0.263265919726593
0,0.0987059126499347
1,0.5837331915562641
0,0.31389275089128366
0,0.26358936050400944
0,0.620697080174056
1,0.27927302745915167
0,0.33801087023583715
0,0.3273603580758432
1,0.6990659501576497
0,0.09824749770833005
0,0.34631791798610745
0,0.33036657169049116
0,0.3997446383302145
0,0.3430173479708721
0,0.2356030354793877
1,0.6645206137559528
0,0.2643657119627962
0,0.36996514418131565
1,0.5932031321694037
1,0.6051163522056351
1,0.6890732704302317
0,0.037672763017577174
0,0.3878777032725509
0,0.26099656218365086
1,0.7919772538963347
0,0.2356030354793877
0,0.4809713934710578
1,0.778691880185887
1,0.2130740424765283
1,0.64939629784675
0,0.07989216386650541
0,0.559099575553968
1,0.4549185188870775
1,0.7366823872082506
1,0.8297047330706431
0,0.22165492207310522
0,0.038883131004436064
0,0.038883131004436064
0,0.29276344132861293
0,0.037672763017577174
1,0.2718547392943502
0,0.4869887485837361
0,0.3332774767743792
0,0.2507945986237643
0,0.037672763017577174
0,0.07193854294246223
1,0.41855017142797357
1,0.5438973716127832
0,0.39850834594788104
0,0.4773832749394293
0,0.24981422749510507
0,0.06899942790796995
0,0.059490587137191575
0,0.2828681820628257
1,0.7750518414243446
1,0.6527104069010239
0,0.27265979405309726
0,0.037672763017577174
0,0.48827413344202686
0,0.2639090266040219
0,0.21180880027097987
1,0.4033938194806115
0,0.26272927084114417
1,0.4347566045202995
1,0.49871266262719105
0,0.3179503220621438
1,0.38987790762961516
0,0.19960054178054842
0,0.5945433380130869
0,0.3396680621688517
1,0.6075566062963613
0,0.43166615475331177
1,0.05476910869783813
1,0.7198250087017058
0,0.3666179923899864
0,0.6734267692138954
0,0.6457481675747507
1,0.5715920056450638
0,0.28449306623663945
0,0.30567007896807064
0,0.2347367597292664
1,0.7607537592230365
1,0.23262906953775198
1,0.4027904478614181
0,0.42063837988914315
1,0.46819799257380196
1,0.37892039857242443
0,0.4147612830271332
0,0.371157900290408
0,0.27927302745915167
0,0.04653157106639751
1,0.7553329027354209
0,0.25782985422484467
0,0.4331322469579354
0,0.06254906301538912
1,0.5478628703377403
0,0.40576991365310433
0,0.31130901647147474
0,0.35744931468743035
1,0.6511618621938071
1,0.39145474971954275
1,0.24313771814376375
0,0.03838391349776711
1,0.7366823872082506
0,0.2572026611094442
1,0.2750021999387124
0,0.04653157106639751
0,0.5271949450417218
0,0.6176909952470011
1,0.22165492207310522
0,0.25650971379956816
1,0.7919772538963347
1,0.5114843299356077
1,0.6383824040624693
0,0.43719623916027583
0,0.03838391349776711
0,0.04870570835443896
0,0.057510819697739135
0,0.2639090266040219
0,0.06813313100443605
0,0.8223436623371787
1,0.31522828851954315
1,0.6167075251885897
0,0.6324640200745728
0,0.5291616850417142
0,0.2804880767494336
0,0.05316850820711769
0,0.4490845488061439
1,0.6750254218330909
0,0.47297227948416926
1,0.37945165262384795
0,0.3256082937618519
0,0.2130740424765283
1,0.201970384120901
1,0.6852211668906207
0,0.037672763017577174
0,0.6296274442731344
0,0.6074059942000711
1,0.33101598868207716
1,0.36419524172767764
0,0.3202576862863039
0,0.4200268474679838
0,0.22338480992955673
0,0.5524337470072432
0,0.3208738688550844
0,0.25924976227923274
1,0.6760367663299416
1,0.5043585245842511
1,0.688935017947142
1,0.4597691675204952
0,0.2871721832519679
1,0.5867871616649583
1,0.5013308862536094
1,0.3548265676851773
0,0.40846067533844965
0,0.2643657119627962
0,0.09923080931350695
1,0.5224720707436127
1,0.5892623959181734
0,0.47906880807616475
0,0.06624037910223045
1,0.717226958751732
0,0.28759754104843893
0,0.6643449657399284
0,0.400770322761548
1,0.5908849559407776
0,0.2718547392943502
0,0.41696372201181586
0,0.2479674719690351
0,0.038883131004436064
1,0.2619125967370458
0,0.3112507131458081
0,0.2935801771701137
0,0.2507945986237643
1,0.3663937832083913
0,0.038883131004436064
0,0.4816168893596622
1,0.6359515036359455
1,0.36332707098954414
1,0.6858484775172761
1,0.64939629784675
1,0.3948361796141183
0,0.12041895404638137
0,0.22773237347400557
0,0.3184328545393774
0,0.24946744178995292
0,0.18906708428197294
0,0.24946744178995292
1,0.435295337449379
0,0.2947984791369093
0,0.336480918166231
0,0.038883131004436064
1,0.32445353344123995
0,0.24380096568393894
1,0.25093844927239906
0,0.4293006499064479
1,0.5191607176680099
0,0.6844608398208321
1,0.35551269676280334
0,0.3659543883895888
0,0.04653157106639751
1,0.5527440549000139
0,0.35065878803785755
1,0.3087400810915816
0,0.3332459455705643
1,0.4643829362883332
0,0.6145435506844908
0,0.038883131004436064
0,0.037672763017577174
1,0.2507945986237643
0,0.2965431203725827
0,0.07816750150859877
1,0.2794325141806658
0,0.4088177356544047
0,0.49874014834504077
0,0.48814959455595747
0,0.06948109538102638
1,0.7471182823341587
0,0.37852729778952704
0,0.5909010226395505
0,0.26358936050400944
1,0.43808737507760365
1,0.7529980809000841
1,0.7124010041624217
0,0.03838391349776711
0,0.3336854378613341
0,0.31690430821724586
0,0.27173624398164004
0,0.06948109538102638
1,0.8297573002857692
1,0.2998754929815633
0,0.26272927084114417
1,0.28449306623663945
1,0.7427402590338928
0,0.46302112154646113
1,0.2780688047352071
1,0.27916588815562726
0,0.20687869445129428
0,0.40698566232659567
1,0.33403742540899023
0,0.2435231587579073
0,0.038883131004436064
0,0.16483267456232023
0,0.3868876447080396
0,0.3868220496825624
1,0.49308835013664065
1,0.4004789701523128
0,0.037672763017577174
1,0.7743481581383763
0,0.3811675319651002
0,0.4829456497428341
0,0.3991336095581259
1,0.5769850411606728
0,0.4838201784657707
0,0.35616004073887464
0,0.3654694395007392
1,0.32068829850234853
0,0.4407321628717955
0,0.34426933534054815
1,0.5660060391137641
1,0.5891815583796188
1,0.26272927084114417
1,0.38128624638227715
0,0.037672763017577174
1,0.3111295476144915
1,0.788362937639165
1,0.7725278729480786
0,0.4138715411590482
0,0.40030736086452234
0,0.2401742516995609
1,0.34147769574318
1,0.4773832749394293
0,0.06031543970293181
1,0.4132852937172515
1,0.487612302462358
1,0.25924976227923274
1,0.49588742451311585
0,0.24253122228831323
0,0.32267164991632263
0,0.05316850820711769
0,0.2166545973280241
0,0.23562101362217489
0,0.0696004662255572
0,0.5035110752106506
0,0.4169059507525191
0,0.25129966253807295
1,0.5611447324509014
1,0.8511384915955229
0,0.03838391349776711
1,0.8206631689800059
1,0.5632115956967871
0,0.04653157106639751
0,0.04653157106639751
1,0.6412629860491176
0,0.364288272433197
0,0.2572026611094442
0,0.24946744178995292
0,0.265058208819602
1,0.4129914212081666
0,0.04653157106639751
1,0.8084365367434877
0,0.038883131004436064
0,0.29157172094031564
0,0.06466343733608505
0,0.27927302745915167
1,0.5105135181836543
0,0.5974786011043886
0,0.24854698323663135
0,0.06254906301538912
1,0.3879813717600119
1,0.3565659417003437
0,0.03838391349776711
0,0.2530193069532646
0,0.037672763017577174
0,0.250358361198791
0,0.037672763017577174
0,0.40957329031743184
0,0.21438545275303442
0,0.05131241565678211
0,0.4084298995088641
0,0.5820475673431311
0,0.3537136826516078
0,0.2879384090829215
0,0.3470882080954662
1,0.4457994261280611
0,0.613186216236953
0,0.03838391349776711
0,0.4118155919237079
0,0.6400310233847709
1,0.7846109173866425
0,0.26272927084114417
0,0.11483581291455201
0,0.321079358519932
1,0.3937264059964972
0,0.47713140328218684
1,0.5499878969644136
1,0.8223436623371787
1,0.27172542222727
0,0.20833135723539756
0,0.0670312791525842
1,0.7738791162302662
1,0.6595806128125843
0,0.29338914395469723
0,0.25650971379956816
0,0.36575410279127046
1,0.4522310501204826
1,0.4281292288715744
1,0.5365312852901959
1,0.31462163753071537
0,0.3868220496825624
0,0.038883131004436064
0,0.2356030354793877
1,0.7553329027354209
1,0.5564497505530208
0,0.35984934646627637
0,0.03838391349776711
0,0.09868629446992087
0,0.275794726167369
0,0.40637593128477284
0,0.24533942101601877
1,0.4305998166978127
1,0.8200444189639899
0,0.4017735478540765
0,0.4191793400731377
0,0.22551699803834427
1,0.7862685406685371
1,0.4704889505345115
0,0.3332459455705643
0,0.5325593492871231
0,0.40904463165865973
0,0.19101172221279122
0,0.35558018075109543
0,0.03838391349776711
1,0.608201339019186
0,0.26272927084114417
0,0.6381549090313736
0,0.5153433826393751
1,0.3468983641329783
0,0.15070416081697477
0,0.2356030354793877
0,0.06272816633533969
1,0.5747962264686443
0,0.3731656113555674
0,0.2130740424765283
0,0.038883131004436064
0,0.27012521824196095
0,0.037672763017577174
0,0.29262644399080334
1,0.37468662094979893
1,0.493639118630325
0,0.038883131004436064
0,0.275794726167369
1,0.2763428362107044
1,0.7200418710377549
0,0.33036657169049116
0,0.4198092775887486
0,0.29617588371058073
1,0.037672763017577174
0,0.32604012297184
1,0.5928384002725109
1,0.45096572162002674
1,0.7415709950256606
0,0.28298667737553596
0,0.2716511684695018
1,0.5901698070595441
0,0.26272927084114417
0,0.07193854294246223
0,0.27927302745915167
1,0.4367200428613856
0,0.037672763017577174
0,0.4073306856464836
1,0.7695161713004783
0,0.037672763017577174
1,0.2356030354793877
0,0.5511115951722173
0,0.27151479670154893
0,0.43998555763642205
0,0.4319155302010791
1,0.5081790430293514
0,0.4192143720884395
1,0.050361784829146015
1,0.45033469984419855
0,0.522998880897062
1,0.5799151168513295
1,0.36333536940482897
0,0.13334507217381922
0,0.037672763017577174
1,0.578325967535161
1,0.3343302838466596
0,0.313262372782263
0,0.3374474515960561
0,0.04886666006729136
1,0.6820885510686734
0,0.43526659847208354
0,0.2653134982637167
0,0.3666548642450837
0,0.25393715370279746
0,0.2435231587579073
0,0.09038871004862269
0,0.29751977649375994
1,0.5905799024340302
0,0.2376674034219261
1,0.3329699720782766
1,0.48929935177134365
1,0.2639090266040219
0,0.2738612089223299
0,0.037672763017577174
1,0.7776341011033785
0,0.45594250886358023
0,0.30216067461035306
0,0.037672763017577174
0,0.646682581414775
0,0.6279840346803015
0,0.41507363290256744
0,0.5661034553813272
0,0.04653157106639751
0,0.04886666006729136
1,0.8152190938368
0,0.19418385375001895
1,0.29412033509523977
0,0.29822032112387775
0,0.3829688404316911
0,0.2965431203725827
0,0.20076934091103865
0,0.038883131004436064
1,0.6204149817468125
1,0.16557012673092658
0,0.2556063917174847
0,0.33513298434461297
1,0.31774122393263815
0,0.04653157106639751
0,0.3358831392493537
0,0.64615812888933
1,0.5768918603533879
1,0.7453658331745973
1,0.3976438195774104
0,0.26239268072881594
1,0.3365478133346657
0,0.4980000539647347
0,0.3581069992741027
0,0.391774065546828
0,0.3658707515532108
0,0.03838391349776711
0,0.03838391349776711
1,0.48962755128862856
1,0.20109171063003267
1,0.27012521824196095
1,0.6004426538995348
0,0.34258698176345237
0,0.2632926390874392
1,0.5395979328173919
0,0.0641847762735838
0,0.2356030354793877
0,0.3965251314783789
1,0.46302112154646113
1,0.5123337188656129
0,0.04653157106639751
1,0.37688782827769535
0,0.2894134668022889
0,0.037672763017577174
0,0.038883131004436064
0,0.3176877164739105
0,0.2822957970870758
0,0.12322371738684616
1,0.321079358519932
1,0.2639090266040219
0,0.21020738140676154
1,0.3534730560850053
0,0.06087567543126087
0,0.26245399683161375
0,0.3366281688525976
0,0.04653157106639751
0,0.48134927237311853
0,0.36795363426112726
1,0.8223436623371787
1,0.4867833224669752
1,0.4117337248608542
0,0.5779905372795494
1,0.5027433962740001
1,0.31177765803434765
1,0.8036646714534144
0,0.31025156830207606
1,0.4301669286035667
0,0.05289249759876651
1,0.42450286337484366
1,0.7065776881524511
0,0.40094993166544185
0,0.30567007896807064
1,0.7208096829652328
0,0.2507945986237643
1,0.720450802147249
0,0.32267164991632263
1,0.44320839749686747
1,0.450057651303747
1,0.3374474515960561
0,0.43233084017554707
0,0.04653157106639751
0,0.06948109538102638
0,0.059490587137191575
0,0.21682288616236603
1,0.3590463409080118
0,0.27314087468857284
1,0.6729630826154673
1,0.5698783880149699
0,0.49307914215208987
1,0.609145036261082
1,0.4281292288715744
0,0.2740843531891795
1,0.36016952449774753
0,0.26133177943121944
1,0.6632900967185619
0,0.26814403893059147
1,0.36324604935699306
1,0.44007031384380346
1,0.3987919541582675
0,0.33670369532012956
1,0.7357351022854963
1,0.4577611524597792
0,0.05342290731452567
0,0.2643657119627962
1,0.5483800313376723
1,0.6399205211463834
1,0.5006568268473678
1,0.5000505252334118
0,0.27492661344455094
0,0.27252933293777054
1,0.2904025615330088
0,0.2843069101839811
0,0.470738661050203
0,0.14069034295779037
0,0.03838391349776711
0,0.16557012673092658
0,0.5609833063546945
1,0.10864144947839259
0,0.27927302745915167
0,0.6411449231428009
1,0.7375170151220123
1,0.49509084866263225
0,0.3125106779859484
1,0.5591732499910635
1,0.7534736204490513
1,0.47603199677766267
1,0.5616231698498592
1,0.7351998911131331
0,0.34444962297682763
1,0.5390467435642537
0,0.2936525009107904
1,0.5371319051687056
1,0.3454321068503192
0,0.3120524985050427
0,0.28449306623663945
0,0.2639090266040219
1,0.3736664011535939
1,0.7959108223579475
0,0.5047584528826372
0,0.2271864018897219
0,0.3336854378613341
0,0.4336344209658282
1,0.7534736204490513
1,0.4244452025963648
1,0.5928629042488479
0,0.14477399548167186
0,0.25641127127809943
0,0.21356938433926578
0,0.3332459455705643
0,0.31564325156357087
1,0.3945066084664676
0,0.11649935871719787
0,0.2653134982637167
0,0.34979335381018317
0,0.27172542222727
0,0.3313566858550755
0,0.2842217631168545
0,0.062383524819467365
0,0.35618590612916634
1,0.6204149817468125
0,0.13382555425319329
0,0.2643657119627962
1,0.3162672575689639
0,0.8105936081894638
0,0.10508955767888803
0,0.05222235555376417
1,0.25451478553067874
1,0.7838374700511618
0,0.08157720111717542
0,0.03838391349776711
0,0.03838391349776711
0,0.038883131004436064
0,0.3047838216538106
0,0.2804880767494336
1,0.7311770717153501
0,0.18928239131322636
0,0.34355984792653194
0,0.3973083021059038
0,0.23262906953775198
1,0.33101598868207716
1,0.27491910278691917
1,0.6969984833617648
1,0.35636398553315235
0,0.1573369658943539
1,0.25599548637349645
0,0.2815673449836881
1,0.31184475239123444
0,0.19560030097636183
0,0.2808617124348461
1,0.7112046412731352
1,0.4007104141124399
0,0.307458920142158
0,0.4370807444324839
0,0.6624884478563574
1,0.6014673259849745
1,0.5810358820537098
1,0.36611392165916357
0,0.36332707098954414
0,0.332077850460732
0,0.34749196827945494
1,0.73898214574117
0,0.3312009146393559
0,0.37644320210617516
0,0.57857749875197
0,0.30567007896807064
1,0.5416922140392808
0,0.29608317763739933
0,0.050361784829146015
0,0.04886666006729136
1,0.64939629784675
0,0.3954053073223834
0,0.2949191945876962
1,0.6827762360821286
1,0.3590463409080118
0,0.04886666006729136
0,0.28632927541150743
0,0.03838391349776711
1,0.5280108305316418
0,0.3953069692082821
1,0.5691696819183674
1,0.3481195393862738
0,0.32805382084068824
0,0.24946744178995292
0,0.3945498246245967
0,0.04653157106639751
1,0.6007687555365069
1,0.4533713319746931
0,0.4073879906512076
0,0.391218297594227
0,0.5124930449646158
0,0.39145474971954275
1,0.6254954537773482
0,0.04870570835443896
0,0.3145923962941518
0,0.24254452360551704
0,0.3868876447080396
0,0.2984108264803166
1,0.5867871616649583
0,0.4154800858351588
0,0.3332459455705643
1,0.35424880025060257
0,0.06689997456200975
1,0.7919772538963347
0,0.03838391349776711
1,0.4727897584160847
0,0.2643657119627962
1,0.038883131004436064
0,0.40525155910492455
1,0.3456162814789232
1,0.6279840346803015
0,0.05289249759876651
1,0.620697080174056
1,0.7350059769814077
1,0.18744697664448706
0,0.36146256894485573
0,0.2570701532693428
1,0.584800702990773
0,0.3331603936990816
1,0.5110756297181153
0,0.2949191945876962
0,0.06597307809438316
0,0.04870570835443896
0,0.05601489782331003
0,0.37892039857242443
0,0.3119384958771166
1,0.7345699693950271
0,0.49249595200747853
0,0.45698595674791015
1,0.32193506071473643
0,0.17737549460096458
1,0.5661034553813272
0,0.03838391349776711
0,0.35898236099720693
0,0.3091160428224312
0,0.227898369503617
0,0.3250263855850304
0,0.436535875246159
1,0.14477399548167186
0,0.2643657119627962
0,0.2619125967370458
1,0.7200007268061862
0,0.3436828631598111
1,0.2653134982637167
0,0.3435450680762705
0,0.3240701298990294
0,0.6430461695157018
0,0.04653157106639751
0,0.34355984792653194
0,0.2570701532693428
1,0.620697080174056
1,0.6513892724719427
1,0.3317503094218781
0,0.32187207509758925
0,0.2507945986237643
1,0.4851445506600546
0,0.03838391349776711
0,0.06341038844187498
0,0.26819120838614735
0,0.25098378766515883
1,0.3072534498889953
0,0.46819799257380196
0,0.4066299466474725
0,0.4215527458414489
0,0.2743635613816847
0,0.513652578798327
0,0.4549185188870775
0,0.28461084854959884
0,0.6385035192836053
0,0.2641295617501962
0,0.5624316178334834
1,0.7217203551522849
1,0.3041107116861901
1,0.27528019021147454
1,0.8223436623371787
1,0.3273603580758432
0,0.4908484532431006
0,0.41094182921151656
1,0.6359515036359455
0,0.3945066084664676
0,0.27718599502342955
1,0.3534730560850053
0,0.4495335323563202
1,0.4312536209955078
0,0.3641252733943485
1,0.6389309305769454
0,0.34444962297682763
0,0.27151896098841477
0,0.5762532150238316
1,0.25152063570374933
1,0.3047838216538106
1,0.7379896265973579
0,0.233046402302772
0,0.2435231587579073
0,0.037672763017577174
0,0.46306634808388253
0,0.550949959485718
0,0.380310418188678
0,0.04653157106639751
0,0.5105086054757751
0,0.2435231587579073
0,0.29822032112387775
0,0.05289249759876651
0,0.2356030354793877
0,0.3868220496825624
1,0.8374747555301477
0,0.4012930749130343
0,0.5763424199836509
0,0.263265919726593
0,0.04886666006729136
0,0.24473446118117823
0,0.36332707098954414
1,0.36332707098954414
0,0.3503555704593289
0,0.32309903099239323
0,0.04886666006729136
0,0.5985591714419994
1,0.39384582360420134
1,0.3967134325845355
1,0.6178271073400655
0,0.35596783459923365
0,0.28449306623663945
1,0.5401840246729165
1,0.4281292288715744
1,0.46343153816622473
0,0.586157194050976
0,0.3145312208050193
1,0.2668088363052744
0,0.37730226073805523
0,0.3273603580758432
0,0.4171304245032766
0,0.37512133575231177
0,0.5791805910166588
1,0.4461876769072897
0,0.42178165362607833
0,0.263265919726593
0,0.5858349400657666
1,0.3202876349192393
0,0.4453576689100865
0,0.5868023392249427
1,0.4030609892163304
0,0.04886666006729136
1,0.46175142110400624
0,0.5794124358648929
0,0.3732724308586993
0,0.3592324777976894
0,0.06087567543126087
1,0.5781604254147967
0,0.3796301096088039
0,0.1550756808147586
0,0.2639090266040219
0,0.038883131004436064
0,0.17532719064725888
0,0.06775835762693794
1,0.3607583628564142
0,0.27252933293777054
0,0.36148173793999105
1,0.29760814301039584
0,0.37465598276839385
0,0.591524139713204
1,0.2526337668969524
0,0.6145435506844908
1,0.4256391481861128
0,0.41694706109313784
1,0.48061371697622507
0,0.33101598868207716
1,0.44811846797075083
0,0.2643657119627962
1,0.296375611189899
1,0.5110931517506092
0,0.4524250180478681
0,0.03838391349776711
0,0.26358936050400944
0,0.2356030354793877
1,0.5548983475426296
0,0.7641137420014678
1,0.3400132775117988
0,0.0747999649558847
0,0.04653157106639751
0,0.29156131361961385
0,0.35875348459056206
1,0.49249595200747853
0,0.3893320188002034
1,0.6041106552793516
0,0.2643657119627962
1,0.31670278535360674
0,0.37057936035318356
0,0.3157463861255926
1,0.46229694660957743
0,0.24946744178995292
1,0.6902781083343883
0,0.09291831192134466
0,0.2738612089223299
1,0.2740843531891795
0,0.5611574053588623
1,0.4940524344281803
0,0.04653157106639751
1,0.48914658923953624
1,0.6633707114137681
0,0.2356030354793877
0,0.05630303236058253
0,0.3081868610171441
1,0.2837495272222559
1,0.6946538804662328
1,0.2356030354793877
0,0.4319155302010791
0,0.386268248584691
0,0.40704807730242293
1,0.3032807025273031
0,0.39046163007667956
1,0.26249391196850513
0,0.2643657119627962
0,0.5499878969644136
1,0.6340581270950268
0,0.26500084820648107
1,0.4896601312117599
0,0.2356030354793877
0,0.25584001394627154
1,0.3998015061878144
0,0.06534531984982678
0,0.18955946410506083
1,0.2639090266040219
0,0.04653157106639751
0,0.3685840070256892
0,0.038883131004436064
1,0.33686893333384105
0,0.038883131004436064
1,0.5563344969520891
0,0.6461592367156216
0,0.3973083021059038
1,0.6412629860491176
1,0.46302112154646113
0,0.2653134982637167
1,0.4256391481861128
1,0.4701215134804355
1,0.24065341612219293
0,0.5867871616649583
0,0.27927302745915167
0,0.27173624398164004
0,0.3462620447518425
0,0.34894379824551947
0,0.037672763017577174
0,0.038883131004436064
1,0.6883636461830628
1,0.31504431563994884
0,0.3653713745820934
0,0.4582873903470515
0,0.35985863700373755
1,0.45096572162002674
1,0.6232148626113079
0,0.6204149817468125
1,0.40169210325487437
0,0.2750021999387124
1,0.7482588712289843
0,0.2718547392943502
0,0.24800124379339494
1,0.050361784829146015
0,0.05289249759876651
0,0.053973969680606804
1,0.5372066455986575
1,0.2656026196781753
0,0.2643657119627962
0,0.3196060599165412
1,0.599618940704676
0,0.09806264459239984
0,0.05481741665644586
0,0.2643657119627962
0,0.2643657119627962
0,0.24361919050136338
0,0.2657611969548649
0,0.05686993942572478
1,0.7919772538963347
0,0.2917308351565645
0,0.25782985422484467
0,0.19766607762693458
0,0.08072953520054905
1,0.28287019993779716
0,0.2619125967370458
0,0.28623242571018154
0,0.21484393009059147
1,0.20861657014519458
0,0.04886666006729136
0,0.37793218132636175
1,0.7743481581383763
1,0.3685812527686161
0,0.29760814301039584
0,0.31536058972307174
0,0.7066705495305416
1,0.4970366601615221
1,0.2998754929815633
0,0.3624715979778229
0,0.3323501350584348
1,0.4831159697953953
0,0.037672763017577174
0,0.3632662220355539
0,0.36332707098954414
0,0.36126899952363595
0,0.2544196890225127
1,0.648134279286034
1,0.6108790080141717
0,0.33138962436748964
0,0.038883131004436064
0,0.2130740424765283
0,0.037672763017577174
0,0.2808617124348461
0,0.7682739344851472
0,0.037672763017577174
1,0.2998754929815633
0,0.2718547392943502
1,0.5201450632605351
0,0.26272927084114417
0,0.5643908432133711
1,0.646682581414775
1,0.4817552764899496
0,0.18627271867910322
0,0.5116178568308639
0,0.7492662854037871
1,0.23088591391564034
0,0.2267167511314562
1,0.3930697106932629
0,0.03838391349776711
0,0.2356030354793877
1,0.6760367663299416
0,0.26964349972515345
1,0.5632115956967871
0,0.037672763017577174
0,0.28449306623663945
1,0.4317282824001103
0,0.16938976949279755
1,0.5478628703377403
0,0.23507303937821783
1,0.7720240032857035
0,0.04870570835443896
1,0.299988248323788
0,0.40531773639554075
0,0.4998642408102082
1,0.43213216276996513
0,0.07721892316273127
0,0.12609086288679158
0,0.31974769356061783
1,0.7750518414243446
0,0.037672763017577174
1,0.4549185188870775
0,0.1998530789292874
0,0.06087567543126087
0,0.3436391394033319
0,0.2653134982637167
1,0.3738346321867738
1,0.4755517734476986
0,0.42562867497067924
0,0.06316739124861644
1,0.6495355739523865
1,0.46949425629185665
0,0.038883131004436064
0,0.2643657119627962
0,0.5556531589123205
0,0.05886707015418349
1,0.5277529508821215
0,0.037672763017577174
0,0.4731098658158096
0,0.2978621796293533
0,0.3086157554794321
0,0.34568568655559084
1,0.3794512609460602
0,0.3865746130692575
0,0.3116859135806952
0,0.32187207509758925
0,0.22024324008586005
0,0.03838391349776711
0,0.048925224039077654
0,0.2643657119627962
1,0.6684112343414498
1,0.5000505252334118
0,0.5478628703377403
0,0.3332459455705643
1,0.5698783880149699
0,0.3456498713977995
0,0.2916200148306193
0,0.527782562815909
0,0.03838391349776711
0,0.2356030354793877
0,0.4641492258401841
1,0.6310022809012731
0,0.038883131004436064
0,0.3290095190540975
0,0.5484847279905597
0,0.2356030354793877
0,0.07294866904562307
1,0.6109694814503546
0,0.41105468191938677
0,0.4821604992411353
1,0.6633007387126971
1,0.49874014834504077
1,0.32899985251603625
1,0.4715311470878434
1,0.7919772538963347
1,0.5994440763237574
1,0.7026584901042777
0,0.4119165420045325
0,0.2356030354793877
0,0.4502151679390159
0,0.4007104141124399
0,0.047508227187574775
1,0.6897355330271744
0,0.0670312791525842
1,0.33262945994507115
0,0.05289249759876651
0,0.17823166893015094
1,0.43213939955112635
0,0.2643657119627962
0,0.2639090266040219
0,0.3332459455705643
1,0.29645690442456823
0,0.2894134668022889
0,0.038883131004436064
0,0.2356030354793877
0,0.5846120982025029
0,0.04886666006729136
0,0.35875348459056206
0,0.7528868153333645
1,0.30961338964221324
0,0.3145923962941518
0,0.04626816382839696
0,0.41094182921151656
1,0.4944944226192251
0,0.06272816633533969
0,0.3965251314783789
0,0.4516441380597153
0,0.30493374621089253
0,0.440622978462164
1,0.7534736204490513
0,0.4281292288715744
0,0.2905626979114871
0,0.282037682902773
0,0.3000014519658168
0,0.36332707098954414
1,0.40213182264440195
0,0.25782985422484467
1,0.2570701532693428
0,0.3728757082672855
0,0.3494875793655683
1,0.5675983659356698
0,0.29352625952165556
0,0.037672763017577174
1,0.29645690442456823
0,0.038883131004436064
0,0.33211475408481517
0,0.03838391349776711
0,0.037672763017577174
0,0.24473446118117823
1,0.8281865170005098
0,0.06087567543126087
1,0.39508457213323983
0,0.038883131004436064
0,0.038883131004436064
1,0.7128314103487022
1,0.5640908884052812
1,0.5280108305316418
0,0.2804880767494336
0,0.17627330543281172
0,0.2435231587579073
0,0.27173624398164004
1,0.25619087264465895
0,0.5700977936541849
1,0.5443061000313093
0,0.3908883565637468
1,0.4562438518934971
0,0.038883131004436064
0,0.3140984595317086
0,0.3973083021059038
0,0.038883131004436064
0,0.4147612830271332
1,0.42544276045778956
0,0.3322769678081968
0,0.5719772282803328
1,0.5224720707436127
0,0.3134041872966441
1,0.35616004073887464
1,0.26345746580720614
0,0.27241810754064527
1,0.44764789374397496
0,0.5559805817893974
0,0.04653157106639751
1,0.5302291270364935
1,0.24450024546570046
0,0.06597307809438316
0,0.3153933192885356
1,0.41984445814493976
1,0.3813776571250451
0,0.4980000539647347
1,0.6829845118695073
0,0.24473446118117823
1,0.4784950889079772
0,0.6412629860491176
0,0.2356030354793877
1,0.6108790080141717
0,0.07342017592761983
1,0.6004426538995348
1,0.578325967535161
0,0.48071923743146655
1,0.3013551045753831
1,0.4549185188870775
1,0.5171926229362035
0,0.263265919726593
1,0.29472804512174205
0,0.03838391349776711
1,0.4030609892163304
0,0.05289249759876651
1,0.5336671583822431
0,0.03838391349776711
1,0.287935928676513
0,0.33101598868207716
1,0.5691399321751853
0,0.30074548328382533
0,0.35425834896424485
0,0.33354218418710035
0,0.5896333979441494
0,0.578035478025233
0,0.27012521824196095
1,0.6651561730025878
1,0.5487139966559705
0,0.40418237632179144
1,0.8223436623371787
0,0.2417516951568097
0,0.28904214273828904
0,0.038883131004436064
0,0.36332707098954414
0,0.04886666006729136
1,0.641010286912562
0,0.08295134087847164
1,0.24951404815287875
0,0.27252387254555155
0,0.04653157106639751
0,0.04653157106639751
1,0.35616004073887464
1,0.5981774304397325
0,0.27173624398164004
1,0.2804880767494336
0,0.09688820569340045
0,0.22638202362841112
1,0.40262872887864104
0,0.038883131004436064
0,0.2813792348445948
0,0.04653157106639751
1,0.5727597132606437
0,0.28298667737553596
0,0.30438487795886165
1,0.3332459455705643
1,0.703436389230636
0,0.4671162990853319
1,0.6468977438677592
1,0.5878217000365349
0,0.07098018290183042
1,0.4053211411729108
1,0.2773755584606891
0,0.05182031789259792
1,0.6306850584045907
1,0.40668375024548464
0,0.30074548328382533
1,0.321095140762146
0,0.03838391349776711
0,0.4281292288715744
0,0.40143500443484137
0,0.2435231587579073
0,0.038883131004436064
1,0.33013282862225113
1,0.5260958326807711
0,0.35388361833540066
0,0.281280000183664
1,0.4132447652595583
1,0.601159202804514
0,0.22638202362841112
1,0.5249129740419781
0,0.3228877969625597
1,0.5799151168513295
0,0.20917088316733934
0,0.2512087269049868
0,0.09926138267114669
0,0.03838391349776711
0,0.3991618840874732
0,0.5216051365814639
0,0.30268490411249305
0,0.2720177524943866
0,0.31130901647147474
1,0.27113594171110206
0,0.5996234944022483
0,0.03838391349776711
1,0.3906231075440254
0,0.152673969437224
1,0.5769850411606728
0,0.038883131004436064
0,0.5218455346916004
1,0.36010464563641537
0,0.4469400737141587
0,0.03838391349776711
0,0.037672763017577174
1,0.5984589928252948
1,0.660161664368974
0,0.4621519065038252
1,0.5424468051137821
0,0.717226958751732
0,0.37644320210617516
0,0.07420022794890992
1,0.7349949156882094
1,0.2619125967370458
0,0.05316850820711769
0,0.2992195940759312
1,0.5749868247318892
0,0.3802231835754878
0,0.20687869445129428
0,0.5481567217843752
0,0.39145474971954275
1,0.7206065896846994
0,0.038883131004436064
1,0.45122481348811555
1,0.4874477719483777
1,0.4171869562626666
0,0.062383524819467365
0,0.06505216520168214
0,0.282930660935657
0,0.03838391349776711
1,0.3478002815261301
1,0.5047298462835565
1,0.731319271515238
1,0.5661034553813272
1,0.3712175590374594
0,0.2356030354793877
0,0.2356030354793877
0,0.3281041660428846
1,0.5868023392249427
0,0.2619125967370458
0,0.5171926229362035
1,0.34863752985156804
0,0.28082434678833695
1,0.07246936597459805
0,0.2474389805508539
1,0.4976644638902967
0,0.2535545748465719
1,0.621060803312197
1,0.731319271515238
0,0.36094624366007927
1,0.8016210995689234
1,0.27927302745915167
1,0.6320553292612278
1,0.5342435060543635
0,0.40957329031743184
1,0.27627817662360826
1,0.29827670847435883
0,0.28449306623663945
0,0.37092099592714556
0,0.28449306623663945
0,0.32187207509758925
0,0.35616004073887464
0,0.037672763017577174
0,0.2643657119627962
1,0.29933514909335307
1,0.7349949156882094
0,0.038883131004436064
0,0.25584001394627154
1,0.32465954441120654
0,0.3056438070794439
0,0.35255317473549863
0,0.2570701532693428
1,0.6578279323254788
1,0.6820885510686734
1,0.6883636461830628
1,0.31536058972307174
0,0.620697080174056
0,0.47145279590317724
0,0.31314397023819895
0,0.40490562857878176
0,0.3579930238026049
1,0.5991727574666985
1,0.4281292288715744
1,0.3430173479708721
0,0.39703663924853183
0,0.263265919726593
0,0.048925224039077654
1,0.38718855569999205
1,0.6238912453467373
0,0.0670312791525842
1,0.4755812845811302
0,0.2356030354793877
1,0.7725278729480786
0,0.32805382084068824
1,0.43211473707612696
0,0.33036657169049116
1,0.4004789701523128
0,0.4224727817294609
0,0.038883131004436064
0,0.2926354940593119
1,0.34269024476097826
1,0.4046880137022127
0,0.5620641676593224
0,0.45222305646906324
0,0.22462888801474096
0,0.15373955486720026
0,0.32620243598418996
0,0.27528019021147454
0,0.3161963131749414
0,0.3377618082853262
0,0.2718547392943502
1,0.5083057112717893
0,0.037672763017577174
0,0.36332707098954414
0,0.25393715370279746
1,0.42225564065942855
0,0.2372988964406528
1,0.21682288616236603
0,0.04653157106639751
0,0.6279840346803015
0,0.4907669624975923
0,0.24521672518001214
1,0.5337244153786906
1,0.7551888728410752
1,0.4117337248608542
0,0.03838391349776711
0,0.2435231587579073
0,0.613186216236953
0,0.37380054634312576
0,0.30203374711958997
0,0.03838391349776711
1,0.6099413833040441
0,0.2804880767494336
0,0.29735705329553513
1,0.6911110226964527
0,0.31586014306031535
1,0.33923894008447997
1,0.5749868247318892
0,0.3461703613459333
0,0.28000923035873093
0,0.40242244114636055
0,0.4062453129923713
1,0.33854746184532253
1,0.2570701532693428
0,0.07704149410052283
0,0.42963510987332487
1,0.299988248323788
1,0.5280108305316418
1,0.36341242287674647
0,0.3590463409080118
0,0.2435231587579073
0,0.2399055980011273
1,0.4259121428056267
0,0.24413121261407197
0,0.33323498712567245
1,0.4209093794927776
1,0.4815706403761599
0,0.7415709950256606
1,0.644060977562115
0,0.48806293953033053
0,0.5017410869821278
0,0.4438459307889206
0,0.427378623702286
0,0.07640226412089103
1,0.44851032880390257
1,0.34408178480729895
0,0.24946744178995292
0,0.5781604254147967
1,0.7760562542081455
1,0.6889942794776814
1,0.6876776004078048
1,0.3944844667868975
0,0.28759754104843893
1,0.6852211668906207
0,0.26258409124430004
0,0.3058677311171324
1,0.7919772538963347
1,0.03838391349776711
0,0.28801697919398545
0,0.27492661344455094
1,0.5233063521479593
0,0.09916882748481606
0,0.3443596848589328
0,0.25022322104428635
1,0.8191989797543721
0,0.037672763017577174
1,0.5605178328954862
0,0.48450793223194905
1,0.2356030354793877
1,0.42331003450226157
1,0.06341038844187498
0,0.3936569329961679
1,0.06775835762693794
0,0.25584001394627154
0,0.40964404354142003
0,0.36039786368927884
0,0.2643657119627962
0,0.047508227187574775
1,0.8511384915955229
0,0.06272816633533969
0,0.27927302745915167
0,0.037672763017577174
1,0.45333166390406954
1,0.4370807444324839
1,0.578325967535161
0,0.038883131004436064
0,0.09463836019876208
0,0.35616004073887464
0,0.28792556164787086
0,0.32267164991632263
0,0.5758150375848837
0,0.047508227187574775
0,0.2971639459435715
1,0.7635186621997405
0,0.24361919050136338
1,0.3571904794516641
0,0.32259570439513796
0,0.04653157106639751
0,0.055203836869414616
0,0.3095372970743697
0,0.05684158075650008
0,0.03838391349776711
1,0.42450608872143974
0,0.364277086994701
0,0.19047507332734243
0,0.6478805559955325
0,0.40706662213371136
0,0.04886666006729136
0,0.4169059507525191
1,0.4169059507525191
0,0.06341038844187498
0,0.5027678567931617
1,0.7124010041624217
0,0.25451478553067874
0,0.42969272747972653
0,0.3540349845066086
1,0.6430461695157018
1,0.35576281719574876
0,0.26609302539522023
0,0.04886666006729136
0,0.4831159697953953
1,0.655033607164963
1,0.42212974030043693
1,0.3247016259159598
0,0.2643657119627962
1,0.4160804123329432
0,0.2958676537278029
0,0.366174091674785
0,0.33513298434461297
1,0.5910041308144709
0,0.33872803390757306
0,0.19948204646783826
0,0.36090181908530056
0,0.04886666006729136
0,0.2694844847510226
0,0.48031091263899495
0,0.27492661344455094
1,0.36332707098954414
1,0.2780688047352071
0,0.2963460960388228
0,0.038883131004436064
0,0.5104015209095386
1,0.5856712893518998
0,0.4530901435082878
0,0.7855820750564121
0,0.37741815181580995
1,0.3776880518297593
0,0.038883131004436064
1,0.34269024476097826
1,0.53351533142294
0,0.3304748716675622
1,0.49357907860593
1,0.7708009659508718
1,0.5199086381652692
1,0.3574605755791619
0,0.33582820524959817
1,0.645119112798641
0,0.2804880767494336
0,0.2990638731907448
0,0.2951661539127155
0,0.2828681820628257
0,0.28853282279287884
1,0.5810358820537098
0,0.2634287745786863
0,0.062383524819467365
0,0.037672763017577174
0,0.3184328545393774
0,0.25782985422484467
0,0.04886666006729136
1,0.40066988547415133
1,0.613186216236953
0,0.27826127996522143
0,0.3912449442706535
1,0.7112046412731352
0,0.5120863208940488
1,0.4103101665615314
0,0.48416995101131977
1,0.6307947170452249
0,0.04886666006729136
1,0.4654247599475608
0,0.04886666006729136
0,0.25782985422484467
0,0.46460753725936454
1,0.4624377019244021
0,0.5713554242966277
0,0.27826127996522143
0,0.3976438195774104
1,0.5892623959181734
1,0.3945066084664676
1,0.46343153816622473
1,0.5574779162698864
1,0.5473975489325613
0,0.3528060042220927
0,0.037672763017577174
0,0.04886666006729136
0,0.289729077317749
0,0.22462888801474096
0,0.5137951648683674
1,0.6462953488086861
1,0.601159202804514
0,0.37198785053013744
0,0.04886666006729136
0,0.34158079579234873
1,0.6731655206799823
0,0.09757705832779687
1,0.41507363290256744
0,0.38661424787819276
0,0.5578765308850732
1,0.6281097866460283
0,0.41507363290256744
0,0.037672763017577174
0,0.5656886140687357
0,0.36996514418131565
1,0.5102646653104351
0,0.2643657119627962
0,0.2689714037821634
0,0.2502149978847496
0,0.30738135962603236
0,0.41832322024726665
0,0.31184475239123444
0,0.3763322521648284
0,0.06624037910223045
1,0.8297573002857692
1,0.5000505252334118
1,0.5837331915562641
0,0.39165345848668015
0,0.5758150375848837
0,0.3653713745820934
0,0.15840165783568516
0,0.27927302745915167
0,0.038883131004436064
0,0.34274599833973235
1,0.27491910278691917
0,0.08582606682576589
1,0.5643908432133711
0,0.48071923743146655
0,0.038883131004436064
1,0.41789158712823843
1,0.3499023301106298
0,0.037672763017577174
0,0.32495197015896365
0,0.07866313643815695
0,0.3616113202405925
0,0.5454365269916275
1,0.25946320235206866
1,0.3481195393862738
0,0.40004834846682824
0,0.047508227187574775
0,0.24253122228831323
1,0.6178271073400655
1,0.2100205447108023
1,0.6007687555365069
0,0.35505516937070913
0,0.6012343427043385
1,0.500908159262294
1,0.3397365215618831
0,0.2876480212027039
0,0.41317003614381814
0,0.47090086722433216
0,0.062383524819467365
1,0.5779905372795494
1,0.41984445814493976
0,0.4238213198394136
0,0.2435231587579073
1,0.3665753245204992
0,0.30605096745297833
0,0.09031888754444099
1,0.4275864743618739
0,0.25393715370279746
1,0.4756476926572019
0,0.28853282279287884
0,0.048925224039077654
0,0.07787600349690485
0,0.591524139713204
0,0.2643657119627962
0,0.3567525817892008
1,0.7286157495868211
1,0.8511384915955229
0,0.037672763017577174
0,0.2643657119627962
0,0.3123544755782831
0,0.38684627592662946
1,0.4240911860196769
0,0.5306585402384544
1,0.1278037541603567
0,0.38847175679362583
0,0.39145474971954275
0,0.45602182519201845
1,0.563040452848473
0,0.037672763017577174
1,0.4091815844533982
0,0.27091162104443245
0,0.2965431203725827
1,0.41830705290660425
1,0.4628279365927925
0,0.3201213292460304
1,0.3755002961925614
0,0.3081868610171441
0,0.18928239131322636
0,0.04870570835443896
0,0.45594951641454917
0,0.04870570835443896
1,0.3144184591428879
1,0.6099413833040441
0,0.3393048914132713
1,0.40445993089482696
0,0.32445353344123995
1,0.47306543297816805
1,0.2758236094105369
1,0.3435170143166243
1,0.6883636461830628
1,0.4718046742760977
0,0.038883131004436064
0,0.24315907155105718
0,0.37092099592714556
1,0.32620243598418996
0,0.4641952543080788
1,0.4624683656035023
0,0.32267164991632263
1,0.4594390227582653
0,0.450670007801885
1,0.19178543574322376
1,0.2978264207326307
1,0.28348902983489077
0,0.28792556164787086
1,0.6513892724719427
0,0.1353495249618751
1,0.46819799257380196
1,0.6879043444813182
0,0.3581804043196441
1,0.25809293175761816
1,0.3563724124013369
1,0.7838374700511618
0,0.24207540366011832
1,0.3647755480450886
0,0.2456775231720624
1,0.43172199945896506
0,0.3921802361296038
0,0.15371482518976146
0,0.30881867631078475
0,0.2356030354793877
0,0.059490587137191575
0,0.3947120916130252
0,0.3953554523353044
0,0.26272927084114417
1,0.5886107340174402
1,0.8223436623371787
1,0.544748073932256
0,0.057510819697739135
0,0.4169317786490544
0,0.5533785359891065
0,0.25529261047150864
1,0.30074548328382533
0,0.40931018332798763
0,0.05289249759876651
1,0.07246936597459805
1,0.6760367663299416
0,0.2718547392943502
0,0.31559243686002186
1,0.7066705495305416
0,0.2780688047352071
0,0.06899942790796995
1,0.5067365730776061
1,0.7824676212883583
0,0.24348995940203882
0,0.04886666006729136
0,0.35616004073887464
1,0.6676488008359878
1,0.0779133814915685
1,0.2804880767494336
1,0.4317282824001103
1,0.2400047185772184
0,0.43434032638222425
0,0.2694844847510226
1,0.2808617124348461
1,0.676919725999438
1,0.2999743682840437
0,0.392455932735678
1,0.5224650343471423
0,0.2435231587579073
0,0.04653157106639751
0,0.26774809301845476
0,0.371824730760091
0,0.2356030354793877
0,0.06272816633533969
1,0.4111006720119952
1,0.6295567937018514
0,0.2700112964902361
0,0.037672763017577174
1,0.33146935863966753
0,0.23813653869727688
1,0.7919772538963347
0,0.2718547392943502
0,0.04886666006729136
0,0.38494925746378605
0,0.5781604254147967
0,0.2683411099617122
0,0.5124891328392968
0,0.05316850820711769
0,0.25650971379956816
0,0.4073985905791803
1,0.5732255401782237
0,0.038883131004436064
0,0.3204125625786083
1,0.37892039857242443
0,0.24858897045146267
0,0.3824696019965328
0,0.30567007896807064
0,0.44236617205675877
0,0.06466343733608505
0,0.038883131004436064
1,0.4030609892163304
0,0.04653157106639751
0,0.2435231587579073
1,0.7301150345904653
1,0.45526306025292346
0,0.3682014514053395
1,0.3333837986081036
1,0.4335771342832069
0,0.038883131004436064
1,0.3973083021059038
0,0.055399938327293244
0,0.2794325141806658
0,0.44411409831052967
0,0.2960866411745445
1,0.717226958751732
1,0.5453114352276008
1,0.46076598682083547
0,0.037672763017577174
0,0.3395965906592418
0,0.45795953409099965
0,0.4280668250703209
0,0.5644915885290996
0,0.4233090450076912
0,0.3513405767406602
1,0.4556320517063924
1,0.6557426815198582
0,0.3716614267797265
0,0.06272816633533969
0,0.03838391349776711
1,0.31409337811924176
0,0.3798345816368149
0,0.05134117991568463
1,0.3812136391527664
0,0.04653157106639751
0,0.36855848920113604
0,0.28298667737553596
1,0.3207309783813972
0,0.038883131004436064
0,0.2643657119627962
0,0.038883131004436064
1,0.41832322024726665
