target,prediction
0,0.12670846113752313
0,0.13428497710763046
0,0.16020990158664636
0,0.23560112342172876
1,0.15242790536876005
0,0.1389188693893195
1,0.3817265401545877
0,0.15943689481549883
0,0.20730179027646453
0,0.23347570757702044
0,0.15993715670098335
0,0.1369015239772439
1,0.1565411826025838
0,0.31950396337501263
1,0.6959172517213722
0,0.12897178125829897
0,0.23428042574340277
1,0.18415785521072248
0,0.1414806591166174
0,0.13848825506944776
0,0.2744940703824359
0,0.5945490457396334
0,0.2910427443135533
1,0.6151002708790664
0,0.13190636549650336
0,0.5394599692535089
0,0.12670846113752313
0,0.1839765736962331
0,0.1298572649305512
1,0.7180239785767454
1,0.1358837555702443
1,0.5874328460462517
0,0.14550851960096584
0,0.13364347394596593
0,0.22479300928765975
1,0.568591607939652
0,0.13571427524636973
0,0.17124233557541402
0,0.17369316572096294
1,0.812634859929413
1,0.608452631352899
1,0.6446542058650896
1,0.16630646304253796
0,0.14356082399908704
0,0.1776917329571248
0,0.13009286721644053
0,0.18627355114181224
0,0.14218366316112596
0,0.16449721850987037
0,0.6161059337078242
0,0.15369435357528888
0,0.1461006149408586
0,0.15531117049287904
0,0.13815923359935883
1,0.7272087189982508
0,0.12777199611820966
0,0.13676610333562028
0,0.22808207747114811
0,0.22425029270812116
0,0.15376138185710134
0,0.2791281660975872
0,0.13255281611139116
1,0.6946955788739412
0,0.16326306123873918
1,0.7616153399070977
0,0.12966757363663456
1,0.7834088560092488
0,0.139628906042173
0,0.1567097376582048
0,0.34936111667909353
1,0.13654906025092323
0,0.22009131955699154
0,0.13755090841249806
1,0.1651131514147771
0,0.16511271370551556
0,0.14413620731245
0,0.12777199611820966
0,0.12897178125829897
0,0.15043330101273658
0,0.15065903848271792
0,0.177766480374021
0,0.22639366949415132
0,0.1476176500294792
0,0.17427523686521101
0,0.14163006048087978
1,0.7398329138483721
0,0.12884971594040326
0,0.6912411918873963
0,0.23877873775591474
1,0.6663528861852731
1,0.8711166759254255
0,0.3160444144460336
0,0.1381944614447817
0,0.1576499714498215
1,0.2034005547281321
1,0.47512237955052605
1,0.2052210666750733
1,0.6279766535684204
0,0.48987868724343525
0,0.16072983228303664
0,0.12472986501293222
1,0.22374458655376084
0,0.17321170188452442
0,0.12390343299402999
0,0.12850239092521626
0,0.18040537856182087
0,0.12529656325776853
0,0.7058906695547558
1,0.1471276865348437
1,0.1514849821702318
0,0.13654906025092323
0,0.14315148689033025
1,0.6350673216576028
1,0.12825002774256755
1,0.2043089473712073
0,0.15063573570824773
0,0.15456428958281332
1,0.16086245659173787
0,0.149785360332319
1,0.5640754106539271
0,0.14312183783133017
0,0.16073924514735477
0,0.13451235465231245
0,0.1392773337190391
0,0.6347293413814946
0,0.13835581816650794
0,0.22833562980674452
0,0.15250000391858426
0,0.13096239230482704
0,0.369990691704056
0,0.16256206453360542
1,0.14062137715623066
0,0.1722263876890925
1,0.8174802969414073
1,0.6732696678615194
0,0.2678392047230057
0,0.2757835822619882
0,0.1347235221432187
0,0.1228195304656395
0,0.17895921788856853
0,0.13654906025092323
0,0.1437609387269304
0,0.16908042922958733
0,0.1550496353590288
0,0.1389015197318317
0,0.13815923359935883
1,0.2039250915827152
0,0.596655346814019
1,0.2044524423738217
1,0.6872567944874853
0,0.16510568242477328
0,0.12659857261820048
0,0.35794671168507786
0,0.19997732613765318
0,0.13432119180840918
0,0.13917261818228518
0,0.12144370495721693
0,0.11616965647737518
0,0.13301866670111986
0,0.22441952028755283
1,0.5097765042026188
0,0.19520833954385797
1,0.1714318599162294
0,0.61082128116976
0,0.12004811179408809
1,0.29031559434517895
0,0.1562098442976124
0,0.13196992511154973
0,0.14412156891531377
0,0.14504143810496442
0,0.1414806591166174
0,0.16727056409402305
0,0.12353895893912421
1,0.593980459884194
0,0.17335457139881075
0,0.12905246363375952
1,0.6520954910479776
0,0.13676610333562028
1,0.13153397809760425
0,0.12693570555374087
0,0.13825237694892967
0,0.3359712828957765
0,0.23793196458979454
1,0.2181244160610619
1,0.7332821259490588
0,0.16894598626533147
0,0.15141278021456342
0,0.13644643955880856
0,0.1410499800503629
0,0.2728126189213251
0,0.11616965647737518
0,0.12777199611820966
0,0.17029342363552494
0,0.13485576878832756
1,0.7292247041017953
0,0.19451967208207832
1,0.1772346055075785
0,0.1369015239772439
0,0.14312606031047587
1,0.29142937643151495
0,0.13676610333562028
1,0.6383121068041885
0,0.18655814383140829
1,0.6652262900206641
0,0.15675031241951368
0,0.23657866156281082
0,0.14098459722134826
1,0.4054339207637107
1,0.19599539627028564
0,0.14683196599727144
0,0.1617682758854511
1,0.3130988755740782
0,0.562344638510219
0,0.2457001686770978
0,0.12199309844673727
0,0.1332000234915287
0,0.20614327267225288
1,0.17533385176523067
0,0.14179169824335816
1,0.3991891312883067
0,0.1362111706499535
1,0.12882748698849827
0,0.15345612442630888
0,0.1408543732235293
0,0.5898414407041969
0,0.6803340356949765
0,0.167251243249434
0,0.1226771424745035
0,0.18038814926446092
0,0.6961425728259835
0,0.2167170616458071
0,0.33719477539285275
0,0.16020182007891337
0,0.18723168512525187
1,0.3723751999333866
0,0.16401602995487233
1,0.8711166759254255
0,0.20581515739558953
0,0.14315148689033025
0,0.13654906025092323
0,0.22865343456927645
1,0.148676366155055
1,0.2027927502720294
1,0.3737047135121163
0,0.13815923359935883
0,0.598492517281741
0,0.11894783098149356
0,0.13755090841249806
0,0.12777199611820966
0,0.1369015239772439
0,0.1414806591166174
0,0.12229951001772624
1,0.1439775854666798
0,0.19815068560433544
0,0.1305048852510218
0,0.1504518936777687
0,0.1369015239772439
0,0.13676610333562028
0,0.131631476543801
0,0.2882526164774276
0,0.13886451061348964
1,0.6392329480282399
0,0.13172822270127654
0,0.13335782540329988
0,0.6251589028010298
0,0.22009131955699154
0,0.3081717844632476
0,0.13287528290389025
0,0.15044670489701997
0,0.1707547166258572
1,0.6148356015724874
0,0.12771251485951354
1,0.759992728484187
1,0.6069268770138065
1,0.13949484608833168
1,0.1399657049436074
0,0.23154689204475928
0,0.1414806591166174
0,0.17930961733570502
0,0.1414806591166174
0,0.23168128874828378
0,0.13050113096793764
1,0.8428078671942119
1,0.8101490849425211
0,0.14830919765007705
0,0.22986079270874238
0,0.13676610333562028
1,0.1823456155133945
0,0.20946756808983516
1,0.6719748949646301
0,0.13805561358380516
1,0.7037743252264004
0,0.1427735965841552
1,0.8740253145946052
0,0.15302321849534073
1,0.15059359375331874
0,0.15142074677753667
0,0.12382300866941623
0,0.1369015239772439
1,0.8740253145946052
0,0.1381943326012051
1,0.16374090199628372
0,0.1391028790002888
0,0.3463516674692721
0,0.19778135375471426
0,0.1381944614447817
0,0.14427391046334678
1,0.608452631352899
1,0.7069439033223291
0,0.1743438538957897
0,0.21019095469026713
0,0.1697684429981029
1,0.8482535882358677
0,0.15363647095964805
0,0.15916282527738354
1,0.2111596035755062
0,0.13616922980568394
0,0.164816731730167
1,0.7392208592233391
0,0.13680814336491975
0,0.12472986501293222
1,0.8943648344255769
1,0.6794392688378434
0,0.13195684431745838
1,0.7601869468739864
0,0.1369015239772439
0,0.23012409177031484
0,0.6872567944874853
1,0.6409854232141378
0,0.2677332615284359
0,0.1960019035818522
0,0.16103818568773695
0,0.17320899486617866
0,0.12004811179408809
1,0.34765134770960143
1,0.8571687277325855
0,0.44802717028735045
1,0.6438981747492887
0,0.1281199180119745
1,0.6436603919709798
0,0.2088379368046722
0,0.13632032739197472
1,0.16598179843205552
1,0.4362271970969401
0,0.12229951001772624
0,0.6535354783136279
0,0.6245640980342269
0,0.16866924804700612
0,0.15183609447864513
1,0.4637808338702511
0,0.17127004991563188
1,0.6010090835246515
0,0.30360312579922094
0,0.1523716982089207
0,0.16258473004869525
0,0.1697684429981029
1,0.5995130054600305
1,0.6502700169054341
0,0.12832019222713084
1,0.5618406648422304
0,0.22346198885047525
1,0.6724328300846645
1,0.6088448363167606
0,0.15228676479092262
0,0.13580211641947332
0,0.13759261372628734
0,0.1414806591166174
0,0.1467081970784344
0,0.1326859047556561
0,0.15632908773714763
0,0.4831191026117933
1,0.7109596016122864
0,0.16081649952287463
0,0.16417309898670066
0,0.1351066912555502
0,0.22165847441404476
0,0.13555201822896965
0,0.13312502833396553
0,0.598492517281741
0,0.15211166845041016
1,0.8943648344255769
1,0.8943648344255769
0,0.137511470005755
0,0.2426450090593713
0,0.14388256078911638
0,0.13623365247921185
0,0.32175987995007754
0,0.1413664865284283
1,0.2298971549921147
1,0.6652262900206641
0,0.36770963737947393
1,0.1690893238999391
1,0.8943648344255769
0,0.14656102905502205
0,0.17076447562471386
0,0.13398427957982229
0,0.15493915699960253
0,0.14093906909944265
0,0.17813733725073044
1,0.1360921673986698
1,0.22346440097645603
0,0.28742335375052763
0,0.1145623342955124
0,0.13953054555876288
1,0.608452631352899
1,0.7965976642673016
0,0.2951768386471636
0,0.14820376335248212
1,0.2433438349158269
0,0.1423209463674196
0,0.16590782056539022
0,0.1305048852510218
0,0.1768926473575501
0,0.24471491996079967
0,0.22886880071222152
1,0.6212928009346682
0,0.2751455085379433
0,0.19807012686970207
1,0.6533420340612122
0,0.14411401271381027
0,0.4524714683799126
0,0.22165847441404476
0,0.18528872305312696
0,0.1362488990520661
1,0.6569762813468295
0,0.18217165855084816
1,0.7950353926175099
0,0.14444365658450445
0,0.1389188693893195
0,0.3494782678304484
0,0.12897178125829897
0,0.1394612429597908
0,0.12564946614146794
1,0.7950353926175099
0,0.3010532644864062
0,0.16475055053788215
0,0.1339384719468052
0,0.19916079267189576
1,0.2940436027518963
1,0.5518335071379811
0,0.15971265802997994
1,0.619984448217565
1,0.31060986296667376
0,0.12338622871047582
1,0.7498699161849072
0,0.5600860809395651
0,0.14708632299618435
0,0.6437649770269379
0,0.1408543732235293
0,0.1369015239772439
0,0.1749643243793187
0,0.1369015239772439
0,0.1502265518200197
1,0.812634859929413
0,0.1692073185445095
0,0.13986805310168882
1,0.15686589993029612
1,0.4904741771260104
1,0.13868873679255003
0,0.21061157690844157
1,0.16985544004625813
0,0.13644643955880856
1,0.782742615790256
0,0.14107234723372483
1,0.651623200169472
0,0.5690205718528185
0,0.16706173212176645
0,0.26597984985965817
0,0.20352579339393018
0,0.2109215201979692
0,0.13485576878832756
0,0.140164603870629
0,0.2574865633431866
0,0.21981840082129112
0,0.14777512614864355
1,0.8711166759254255
0,0.15228676479092262
1,0.6780598929299007
1,0.17588199964122372
0,0.13565861521340095
0,0.18496728440383445
0,0.1362999420131899
0,0.1373983442354586
0,0.16171936580976157
0,0.13815923359935883
0,0.2347668911798001
0,0.1408543732235293
0,0.1384120311367109
0,0.2665304238676317
0,0.205202431980656
1,0.7419090749958169
1,0.13970545266860288
0,0.1369015239772439
0,0.13569500116251773
0,0.16396129199313125
1,0.5348320062531757
0,0.24826070424026478
0,0.12693570555374087
0,0.2677092067795686
0,0.16078928998665432
0,0.1299827591616085
0,0.13694886561769853
1,0.12897178125829897
0,0.13520209631746566
1,0.6494627449006067
0,0.13485576878832756
0,0.1484924228647812
1,0.6461164529640903
1,0.19466580395360342
1,0.5748090489228177
0,0.6230759091980203
0,0.24860283715950537
1,0.13560774685387747
1,0.7018721654325065
0,0.15127166409278722
0,0.1284482697081345
1,0.7644042065948208
0,0.14494201776069432
1,0.6875069550153233
1,0.17708864947668315
0,0.31923681233417167
0,0.22549509423318453
0,0.1364576204972711
0,0.36458303701829764
1,0.12740425351585866
0,0.13754348584695214
0,0.13031824116571875
0,0.1277998830725767
0,0.1938620073492119
1,0.13815923359935883
1,0.13676610333562028
0,0.21156192830268586
1,0.139628906042173
0,0.1779308569711992
0,0.14275498382831128
0,0.14542766859745185
0,0.13186730441943506
0,0.6899324006727907
1,0.7006088843627106
0,0.12777199611820966
0,0.18703824875116554
0,0.13404979588038218
1,0.2447470440849293
0,0.12740425351585866
0,0.1430247888550912
0,0.16103818568773695
1,0.6533420340612122
0,0.6251398179093627
0,0.16401602995487233
0,0.12390343299402999
0,0.14137193231173684
0,0.4316558400873345
0,0.1414806591166174
1,0.35823762003176596
1,0.13217731325638205
0,0.13477644336149994
0,0.1522991689769608
0,0.1408543732235293
0,0.6624704365755948
0,0.1707547166258572
0,0.12444036391404162
0,0.1414806591166174
0,0.6310642970054009
1,0.17964770913747868
0,0.20356366160076006
0,0.14700408846742308
0,0.13815923359935883
0,0.1414152477810401
0,0.1389188693893195
0,0.6856435776727656
0,0.13815923359935883
0,0.13196796564796134
0,0.2094582112249414
0,0.12229951001772624
0,0.13676610333562028
1,0.5990011850390624
0,0.13243012419421443
0,0.62994560666868
0,0.5836717152721903
0,0.1282695146311881
0,0.26459613643043467
0,0.11894783098149356
1,0.6620453418933812
1,0.6652262900206641
0,0.16620641434928626
1,0.7612293448417411
0,0.12261337001299409
0,0.5813585439522013
0,0.13913805257582296
0,0.13142531396804943
0,0.14418328937611766
0,0.14282983283578163
0,0.15272207578198574
0,0.5558996995358124
1,0.5961570860826846
1,0.5577964721767604
0,0.13654906025092323
0,0.15646014884785048
1,0.7255330390984095
0,0.14009991740016345
0,0.15168726511246242
0,0.254541085414232
1,0.7018721654325065
0,0.4824500064052692
0,0.12897178125829897
0,0.6494627449006067
0,0.22165847441404476
0,0.1407641227956708
0,0.1499676972023653
0,0.1525676288134668
1,0.20807739832785804
0,0.34276781425684766
1,0.7927027298614139
0,0.7498699161849072
0,0.20356366160076006
0,0.47869270434280037
1,0.6243833721479303
0,0.14746188168756433
1,0.6188125610398683
0,0.15164922252987678
0,0.1332000234915287
0,0.13931309380395543
0,0.27943133681053195
1,0.3447748355698165
0,0.6438981747492887
0,0.139628906042173
0,0.24454166161582905
0,0.1434790550907258
1,0.5577964721767604
0,0.13543145873542678
0,0.16572697711623788
1,0.48817344589235667
0,0.18458972425827835
0,0.1863750156403171
1,0.14578376328608553
0,0.27574930182358853
0,0.14062137715623066
0,0.1347235221432187
0,0.1432405741020604
1,0.5844423744175729
0,0.7118937100671489
0,0.18672960900395422
0,0.26852803818435955
0,0.12901193529122673
0,0.25244294618064395
1,0.1838261620145629
1,0.2676431416207921
0,0.1538724030193836
1,0.1904436883658082
1,0.720431468361302
0,0.13815923359935883
0,0.15011169966340604
0,0.12693570555374087
0,0.14191513397534986
0,0.15647462413010604
0,0.1381944614447817
1,0.6102442122439302
0,0.1545464869249936
1,0.20514432433412247
0,0.6997157639871419
0,0.4587931424815003
0,0.13676610333562028
1,0.5153186073781894
0,0.1369015239772439
0,0.5515367788106756
0,0.13275541643853545
1,0.7728751812435829
0,0.12897178125829897
0,0.1484924228647812
1,0.21161272282127794
0,0.13591521582667973
1,0.812634859929413
0,0.15203331871134254
0,0.12448544708854326
0,0.1348614452666801
0,0.12822419571252885
0,0.1228195304656395
1,0.14792415982673007
0,0.5754475052070913
1,0.6601218849369337
0,0.13616130349856917
0,0.2000103209628753
0,0.12229951001772624
1,0.2447470440849293
0,0.135551114894715
0,0.1490460888478244
0,0.2310672471491409
0,0.15272207578198574
0,0.1621808087991867
0,0.12891675563629573
1,0.21500234747757424
0,0.44802717028735045
1,0.2015315507966427
0,0.13778959515226544
1,0.16719805482016267
1,0.6872567944874853
0,0.14344429070613346
0,0.1627442729421457
0,0.20748058915900283
0,0.12659857261820048
1,0.8234779221823105
1,0.5212034755924257
0,0.13815923359935883
0,0.13596106288778181
0,0.13654906025092323
0,0.16735566200165378
0,0.14100977260777176
0,0.151465714003339
0,0.13096239230482704
0,0.13423638955403996
0,0.12966757363663456
0,0.2394805278982299
1,0.6591473812294457
1,0.13210922602401026
0,0.14312606031047587
0,0.1363393314202526
1,0.6654048867434746
1,0.6573595019673056
0,0.13773519467792092
0,0.14197026399451715
1,0.15832280310398777
0,0.3780612152438234
0,0.13730545370326558
0,0.1923929622907185
1,0.4279337485096442
0,0.16644865856366267
1,0.598492517281741
1,0.5602485714360134
0,0.14144106768827952
0,0.1687819776825568
1,0.6383121068041885
1,0.5665627050027412
1,0.8740253145946052
0,0.12722588601143917
0,0.17681581457465786
1,0.7398329138483721
0,0.15692817639292542
1,0.6655967289200917
0,0.15705560702605098
1,0.3379957882191216
0,0.13109849514752728
1,0.1448062560830139
0,0.1354429261441207
0,0.651623200169472
0,0.22449702892507867
0,0.14517387507200308
0,0.1414806591166174
1,0.1988798828813328
0,0.17286366201393918
0,0.1553667399337127
0,0.3098287698048237
0,0.14157935692363233
0,0.12472986501293222
0,0.12064809499019187
0,0.1369015239772439
0,0.5956659825955942
1,0.5516972860849548
1,0.5639959159032847
0,0.1377185714948803
1,0.6415292821386791
0,0.2216089506703951
0,0.14604616048580799
0,0.3494782678304484
0,0.505576397814135
0,0.1247736865698265
0,0.15193430106460196
0,0.1315486084639943
0,0.12472986501293222
0,0.1711842241118111
0,0.651623200169472
1,0.16642309935382063
1,0.2425448665064949
0,0.1237117604669319
1,0.6652262900206641
0,0.14779397976934824
0,0.130322915169512
0,0.18181602222882406
0,0.2066503461772178
1,0.7398329138483721
0,0.36458303701829764
0,0.13300244393407679
0,0.6804884304921913
1,0.8398131498483544
0,0.3218428898924579
0,0.12390343299402999
0,0.7971661099294131
1,0.759992728484187
0,0.5992862797034143
0,0.2530921205455975
0,0.16922049175581974
0,0.1512615095369453
1,0.6454101030669989
0,0.1414806591166174
0,0.16695487078637575
1,0.13572515675208893
1,0.5428677640038316
1,0.21094320939490993
0,0.15230884339909775
0,0.4050348667192348
1,0.6770881933272734
0,0.1312791264550151
1,0.19941436681523625
0,0.1386358155742688
0,0.1409038606610485
1,0.8023426136520174
0,0.3254708809622391
1,0.7064358262902414
0,0.15334776362608407
0,0.5526369276497796
1,0.6959172517213722
0,0.1236412686524615
1,0.651623200169472
0,0.1354622644237972
0,0.4649922759520821
0,0.1351066912555502
0,0.20191168786798586
0,0.2336231590435952
1,0.6731705879761288
0,0.2311100842205427
0,0.13654906025092323
0,0.12693570555374087
1,0.6533420340612122
1,0.6349994425582726
0,0.13332034527354705
0,0.12598270301341563
1,0.7054712592816721
0,0.2002447955978033
1,0.22346440097645603
0,0.13461326938974463
0,0.2300103785966868
0,0.16620641434928626
0,0.16475055053788215
0,0.24362095078356594
0,0.23820066091119985
0,0.12609072042230332
1,0.6142537102319209
1,0.8740253145946052
0,0.14059818715280087
0,0.1380761923670353
0,0.13815923359935883
0,0.30252391685956015
0,0.12529656325776853
0,0.20221210176237298
0,0.4907579022369469
0,0.1255086759974338
0,0.14180754092508746
0,0.1389758982998767
1,0.2935804738792717
1,0.23124216752534985
0,0.1653680333417277
1,0.6279029698306281
1,0.6062120745085929
0,0.2913279492410649
0,0.6494627449006067
1,0.8721550755612455
0,0.19995849029387372
0,0.13654906025092323
1,0.8672608956670658
0,0.1309714902004832
0,0.1369015239772439
0,0.13676610333562028
0,0.17468466874776714
1,0.12199309844673727
0,0.1679650385476962
0,0.17195717022804172
1,0.7167257276243352
0,0.15856412280208462
1,0.6732696678615194
0,0.22165847441404476
0,0.1369015239772439
0,0.23792170272712646
1,0.134748093850718
0,0.1255086759974338
0,0.1369015239772439
0,0.1414806591166174
0,0.12897178125829897
0,0.12382300866941623
1,0.812634859929413
1,0.6383952972808697
0,0.27784470750900153
0,0.2677128048128409
0,0.12640103785600448
0,0.13654906025092323
0,0.14162798823864026
0,0.13464852698565552
1,0.759992728484187
0,0.1351066912555502
0,0.26852803818435955
1,0.651623200169472
0,0.1369015239772439
1,0.6918564875835241
0,0.2713051735161355
0,0.12390343299402999
0,0.16262085966855627
1,0.25094355182405703
0,0.18704155640337586
0,0.13676610333562028
1,0.6732696678615194
0,0.14107234723372483
1,0.7141469684564288
0,0.13569500116251773
0,0.1586267852664873
0,0.6861242056213657
0,0.1503225826099809
1,0.6418767168139339
0,0.1469835996361548
0,0.1351066912555502
0,0.1255086759974338
1,0.6918564875835241
0,0.1407641227956708
0,0.15561113019170172
1,0.6494627449006067
0,0.12822419571252885
0,0.20581515739558953
0,0.1298572649305512
0,0.4804629194991043
0,0.15812660286371222
1,0.62460707328028
1,0.13850564140247285
0,0.1458487063588086
0,0.15268997459551453
0,0.2069684777002181
0,0.1367573683046391
0,0.13863738843420148
0,0.2677128048128409
0,0.5711986554342912
0,0.14376105372790338
0,0.1320773648810956
0,0.2272848156157615
1,0.6655967289200917
0,0.1304372608159559
0,0.14789551661806075
1,0.30135408267239194
1,0.18616931206472956
0,0.13848825506944776
1,0.6654048867434746
0,0.19799917477896523
0,0.1414806591166174
1,0.5440547032466371
0,0.6447061673549511
1,0.6732696678615194
0,0.20962683555392025
0,0.18313719944207094
0,0.25513573534728556
0,0.15405021153136933
0,0.12897178125829897
0,0.13848825506944776
0,0.28803070132362496
0,0.20540873129646903
0,0.19644611497078723
0,0.15118092966181013
0,0.15871439952770686
0,0.6872567944874853
0,0.14158940698519765
1,0.6610150053125025
1,0.3526111326350246
0,0.7137536688063038
1,0.15242790536876005
1,0.6062120745085929
1,0.20279706126186112
0,0.2310672471491409
0,0.19392592105528295
0,0.13698752109399026
0,0.7498699161849072
0,0.16240005705851018
0,0.5951417100812237
0,0.3190354299915441
0,0.14636248407229768
0,0.12529656325776853
0,0.1295918130886869
1,0.3740988604668292
0,0.24303142144615283
0,0.5164645201831288
0,0.1633408528835644
0,0.14162798823864026
0,0.1316322687926118
1,0.3279453152562004
0,0.12693570555374087
1,0.8740253145946052
1,0.5739960567626043
0,0.20901728660526134
1,0.21680120409953899
0,0.13686795682211136
0,0.26100697933885164
1,0.20660476538328246
1,0.16598179843205552
1,0.3669897064370802
1,0.7430508532374787
0,0.6303364876076458
1,0.30629509169810054
0,0.16066692542369868
1,0.812634859929413
0,0.20423027293370521
1,0.6494627449006067
0,0.13516334815392964
0,0.1681443491639693
0,0.17975056182681146
1,0.48135574410150106
0,0.12390343299402999
1,0.21756655925201704
0,0.13485576878832756
0,0.20654770213520654
1,0.6260323326660076
0,0.12777199611820966
0,0.6652262900206641
1,0.6872567944874853
0,0.608452631352899
1,0.32641230293146467
0,0.24689805888605024
0,0.2242866285611792
0,0.1725215291038377
0,0.1373315146660349
0,0.13676610333562028
1,0.13815923359935883
1,0.1350999706980912
1,0.3447748355698165
0,0.26357540492044507
0,0.6652262900206641
0,0.20683133739367993
0,0.12846814944150167
1,0.13813760287724827
0,0.1575473423218783
1,0.3338905133651983
0,0.1369015239772439
0,0.13676610333562028
1,0.12777199611820966
1,0.22540576601295492
1,0.7388335557709166
0,0.19910285473991712
0,0.14153483033410122
1,0.6918564875835241
1,0.24091220876073952
0,0.14856007188493434
0,0.15667877795098406
0,0.18927602358545778
0,0.1350544530782507
0,0.12387592988769747
0,0.15539044671674018
0,0.12898880437757587
0,0.13448848324828303
0,0.12692063991488486
0,0.13569500116251773
1,0.1309714902004832
1,0.6652262900206641
0,0.1369015239772439
0,0.11703849997026106
0,0.14052853116933764
0,0.1330721071156843
1,0.7612293448417411
1,0.7804296391961729
0,0.12529656325776853
1,0.19945977495831185
0,0.13065381460469205
0,0.15987572673035041
0,0.23025857686405793
0,0.5978437586160915
1,0.2626660971292762
0,0.13815923359935883
0,0.13565591613708927
0,0.21468508115668544
0,0.1378359184493919
1,0.35946874467744155
0,0.19150736712397298
1,0.14312606031047587
0,0.12228960449320131
1,0.17262548975590028
0,0.14936360539735066
0,0.12716409933701248
0,0.22009131955699154
0,0.1454123652938459
0,0.13189569108347338
0,0.15759331356956532
1,0.7064358262902414
1,0.6494627449006067
0,0.13713106112649126
1,0.12870817007970733
0,0.1828626900290883
0,0.15376138185710134
0,0.13338146799848535
0,0.18027767814272638
1,0.17358678092992727
0,0.1255086759974338
1,0.5754412191418772
0,0.12864833510823243
0,0.14267097589204053
0,0.1345495900751063
0,0.6806175919187721
0,0.13410810697135428
0,0.23792170272712646
0,0.12693570555374087
0,0.1315486084639943
0,0.14770519544984936
1,0.6551124498138072
0,0.20808911002734518
0,0.12399805111393354
1,0.7790425784210512
0,0.3030281134057413
0,0.1298572649305512
0,0.13070316871694534
0,0.24495619149931477
0,0.12822419571252885
0,0.3387819366115901
1,0.7137536688063038
0,0.12926663421725423
0,0.14158329366157382
1,0.582769224411565
1,0.7901639865598283
0,0.2168472199562565
0,0.19600006777599496
0,0.1315148406931144
0,0.16552058125449945
0,0.16372720028060436
0,0.2102515901341276
0,0.1414806591166174
0,0.15826293778533967
1,0.6714448916141332
0,0.6364625598799417
1,0.20255852449683395
0,0.5018181433798137
0,0.24737547675503582
0,0.1343778109941816
0,0.13007531229787295
1,0.24947874491307812
0,0.1351985410309094
0,0.5509556174592147
1,0.6350673216576028
0,0.16924446426998618
0,0.22324173786698534
0,0.1372752633736623
0,0.1377549629239497
1,0.40694300015474094
0,0.13928351627094368
1,0.1442163491850161
0,0.14176363062011368
1,0.22801838221041582
0,0.18655814383140829
0,0.1414806591166174
0,0.2749171146252794
0,0.13676610333562028
0,0.15576466534890715
0,0.22324173786698534
0,0.16807882138578648
0,0.15918034034461342
0,0.18732664296675244
0,0.13018983452358995
0,0.15686589993029612
0,0.17722344711660248
0,0.1356955165794831
0,0.5896500397906077
0,0.21258694686325108
0,0.141472328383132
0,0.25023817085759587
0,0.3017054571716037
0,0.14878199906350914
0,0.19665864770264874
0,0.13508719385367712
0,0.4093968432508284
0,0.1369015239772439
0,0.2297704719401828
0,0.13174267197913989
0,0.1394612429597908
0,0.1408543732235293
0,0.18329830464184366
0,0.1713121404876555
0,0.13993402644562566
0,0.12726534060876132
0,0.11957351810991547
1,0.8693772977834677
0,0.2452025851716284
1,0.5748090489228177
1,0.5602485714360134
0,0.2853769672663291
0,0.14782671515067825
1,0.17853990891796237
0,0.36458303701829764
0,0.14092367582250143
0,0.12882748698849827
0,0.6732696678615194
0,0.1322762460410812
0,0.14153461629657532
1,0.651623200169472
1,0.2328317669430689
0,0.13009286721644053
0,0.12777199611820966
0,0.25216529090958756
0,0.25115697431871203
0,0.14275498382831128
0,0.14816557010362244
0,0.5915830406023725
0,0.1407641227956708
0,0.26089846909191156
1,0.6386384269783395
0,0.1553010346160172
0,0.6462818756279143
0,0.12199309844673727
0,0.20507490446892568
1,0.14164192901349337
0,0.11894783098149356
0,0.13083100325338576
0,0.1260852496016847
1,0.21337601913158416
0,0.3295880505197551
0,0.1421469750001954
0,0.20977209104258393
0,0.18261162832899064
0,0.12390343299402999
0,0.651623200169472
0,0.3309196859509961
0,0.6630785109839795
1,0.6365972056213649
0,0.1369015239772439
1,0.7950353926175099
1,0.23994845432042552
0,0.1354429261441207
0,0.3520709427299121
0,0.2533208631791737
0,0.14936462236019557
0,0.12382300866941623
1,0.23218867203444993
1,0.1421417959498949
0,0.2822210637150212
0,0.12455629242393408
0,0.1484924228647812
0,0.6459968589677552
0,0.13676610333562028
0,0.6610150053125025
0,0.1369556585816713
0,0.15083306648321299
0,0.12897178125829897
0,0.33430508329444036
0,0.26139654720399036
1,0.1484924228647812
0,0.14815689965764928
0,0.12115859402489239
1,0.7518790510423087
0,0.15397568646569987
0,0.1378851106690492
0,0.13464852698565552
1,0.6102442122439302
1,0.19339356543430802
1,0.8101490849425211
1,0.812634859929413
0,0.15871216551688697
0,0.13517957147983853
0,0.2834100624082295
0,0.1996391871684359
0,0.14092367582250143
1,0.22633202752978251
0,0.1315486084639943
0,0.12740425351585866
1,0.6918564875835241
0,0.5183820020302949
1,0.16263229632515383
0,0.12740425351585866
0,0.1308545055884917
0,0.38051804697072367
0,0.13627121536660367
0,0.1215546208989976
1,0.6732696678615194
0,0.1334163109636564
0,0.13676610333562028
1,0.651623200169472
0,0.14691621981655933
0,0.1414806591166174
1,0.14202881812600407
1,0.7788644975342842
0,0.5855739743764005
0,0.11801624216249329
0,0.6581625455682756
0,0.1953790128081843
0,0.1863856091898815
0,0.13441729124058788
1,0.37678579523052086
0,0.5677306470000519
0,0.2519106397094515
1,0.32035945398370375
0,0.1362488990520661
1,0.23124216752534985
0,0.31562131120795817
1,0.1549991608776288
1,0.14041800764009535
0,0.12894828117592042
0,0.13375390306070611
1,0.14263654945666987
1,0.13168244952733446
1,0.6494627449006067
0,0.13740859985338014
0,0.1315486084639943
0,0.23082788373120414
0,0.13676610333562028
1,0.2441916915214092
0,0.15812660286371222
0,0.13328869810819371
1,0.6107986822084057
0,0.400140351773693
0,0.24091220876073952
1,0.20834309042941945
0,0.13898168885971354
0,0.23168128874828378
0,0.6229360784459637
1,0.1377185714948803
0,0.13312502833396553
1,0.1380247340702357
0,0.1681443491639693
0,0.13676610333562028
1,0.5708884873902069
0,0.6731705879761288
0,0.19325462486542877
0,0.15510753945384326
1,0.6303364876076458
0,0.13432119180840918
0,0.1555852569018756
0,0.2394156951437937
1,0.5984393494502136
1,0.7430478005811147
0,0.14772295930369178
0,0.16757650340848065
0,0.13423638955403996
0,0.14566485256844164
0,0.15183609447864513
1,0.7950353926175099
0,0.20726949280339863
0,0.21424085368095813
0,0.13186730441943506
0,0.16457744230499718
0,0.13760719938550775
1,0.6895998325806529
1,0.18339791911787942
0,0.1315486084639943
0,0.14106783824177813
0,0.15489850305528804
0,0.6201853150891241
0,0.14218366316112596
0,0.13213576322500992
0,0.45018980289966876
0,0.6959172517213722
0,0.5300875112960933
1,0.6392329480282399
0,0.12259927689247886
1,0.6576755919734965
0,0.5915830406023725
0,0.47176811936103275
1,0.5651096132498398
0,0.14312606031047587
0,0.24250457132779138
0,0.11894783098149356
0,0.13404979588038218
0,0.13992034304035006
0,0.14970498946601965
1,0.6171974134322408
1,0.7711894589128991
1,0.6462947721415478
1,0.3737047135121163
0,0.13210243670521904
1,0.7141469684564288
0,0.14263688959868404
0,0.6613299349673657
1,0.1340561539061853
0,0.13654906025092323
0,0.16663516620275695
1,0.8178515809805939
0,0.593980459884194
0,0.2071291415159865
0,0.6359737056862973
0,0.1407370714988412
0,0.23720813730663423
0,0.12777199611820966
0,0.1407641227956708
0,0.23433784951470207
1,0.26953071280871493
1,0.8234779221823105
0,0.2537570077461166
0,0.21349663749842304
1,0.1529758298056916
0,0.1247736865698265
1,0.6918564875835241
0,0.3111138294405642
0,0.2620864636111241
0,0.12702006507653055
1,0.6132734075963888
1,0.1867711785525103
0,0.13901268687803553
1,0.7250875408475674
0,0.1414806591166174
1,0.24845065454303575
0,0.6352143975782276
1,0.6366445985101524
1,0.9123706695972373
0,0.18040537856182087
1,0.13654906025092323
0,0.16551874060506477
0,0.1391764873288447
0,0.1398797287086456
0,0.17587980548541424
0,0.12777199611820966
0,0.1635439066648709
0,0.2554331413337582
1,0.31060986296667376
0,0.14291821233653704
1,0.7983089445889093
0,0.18840499521809043
0,0.29224154322414775
0,0.6054657360849375
0,0.13196992511154973
0,0.2781274563054913
0,0.18645389476548027
0,0.7612293448417411
0,0.1347235221432187
0,0.6652262900206641
0,0.14189034171724238
0,0.14204795849408627
0,0.13417863113050107
0,0.1662015640467558
0,0.19423963112575252
1,0.14086372531118635
1,0.15354720301492017
0,0.16203368100918647
0,0.1498182387518088
0,0.13654906025092323
0,0.3647166210064098
0,0.5288609800895653
1,0.5870967959005715
1,0.6714448916141332
0,0.16551874060506477
0,0.21507869447107325
1,0.47512237955052605
0,0.1390133412752087
0,0.1347235221432187
0,0.17941088746913572
1,0.6150232938586125
1,0.6652262900206641
0,0.22791919242776382
1,0.23218867203444993
0,0.16696312088124854
1,0.18745676932916447
0,0.24737547675503582
0,0.27768627103598537
0,0.13746583815181
0,0.19821361513265587
0,0.12670846113752313
0,0.2769578798988358
0,0.24362095078356594
0,0.22165847441404476
0,0.1697684429981029
0,0.1278139761930919
0,0.16847148787738586
0,0.17390839795743415
1,0.20765467975083143
0,0.1408543732235293
1,0.6452628467904793
0,0.1343422086338572
1,0.16599357414522734
1,0.19686245777015302
1,0.1414806591166174
0,0.14503753040333206
0,0.1369015239772439
1,0.6872567944874853
0,0.1747389712945237
0,0.4491143070749243
0,0.15777413913739155
0,0.15450529594980464
0,0.11801624216249329
0,0.5758841026574021
0,0.2128397807016429
0,0.22331248455669955
0,0.11801624216249329
1,0.3120322252513765
0,0.13654906025092323
0,0.15008329661518818
1,0.17065773846172225
0,0.1420783165088173
1,0.35712050367428716
0,0.22556037992041894
0,0.29938709847453365
0,0.25861298807323985
1,0.21120079313985976
1,0.2594404242320238
0,0.6327117621790594
1,0.14633313566455636
0,0.21621905969507202
1,0.17731139595558568
0,0.20726949280339863
0,0.15648120166985374
0,0.20388158218084151
0,0.650958908803519
1,0.7392208592233391
0,0.21094320939490993
0,0.1560789601762806
1,0.6310642970054009
0,0.1414806591166174
0,0.14649354654096405
1,0.2605557862999204
0,0.1670288726324225
0,0.17136602456384314
0,0.4950004415889581
1,0.29407321981017864
1,0.6303364876076458
0,0.15867194028597978
1,0.7398329138483721
0,0.131631476543801
0,0.6856435776727656
0,0.14098387802103662
0,0.13815923359935883
0,0.6601218849369337
0,0.14268085136871406
0,0.13848825506944776
0,0.14978782292643794
1,0.6279766535684204
1,0.5791443432993574
0,0.1423209463674196
0,0.3036836324160598
0,0.16688822878856588
0,0.6083156072428233
1,0.24799369097282273
0,0.1372592949719042
0,0.1369015239772439
0,0.1346671026904059
0,0.12475688410729452
0,0.1306933007715703
0,0.13195684431745838
1,0.1439132877254077
1,0.6077419818526751
0,0.12897178125829897
1,0.6652262900206641
1,0.22482833998283158
1,0.4279337485096442
0,0.145378133089894
0,0.13132882331231618
0,0.5690205718528185
0,0.6565115090826675
1,0.2908273406979335
1,0.651623200169472
0,0.23958268142474373
1,0.6806175919187721
0,0.14218366316112596
1,0.5013805259972116
0,0.15574027237472884
0,0.5975693310600209
0,0.6733655482865721
0,0.2639020837469183
0,0.6803340356949765
0,0.20405670944631005
1,0.3771037306070618
0,0.13202154711505373
0,0.12693570555374087
0,0.13863752440325117
0,0.254136146173372
0,0.14770519544984936
0,0.22324173786698534
0,0.1350544530782507
0,0.12777199611820966
0,0.14191513397534986
1,0.5580899009131123
0,0.14092367582250143
1,0.27795312405284106
0,0.1315486084639943
0,0.13644643955880856
1,0.16297484875274565
1,0.6918564875835241
0,0.13283071219556997
1,0.13186730441943506
0,0.16103818568773695
0,0.13142531396804943
0,0.34146332983515393
0,0.13644643955880856
0,0.15882984519457793
0,0.17086617090590947
1,0.6263969325590971
0,0.5751803008451664
1,0.1295918130886869
1,0.19313336374304116
1,0.22511392609126712
0,0.2133399901899726
0,0.5503770434939951
0,0.20448846943036098
1,0.25123715934472146
0,0.1482569608686717
0,0.13056965416013958
0,0.13386202558766283
0,0.1401186545294088
1,0.8721550755612455
1,0.230168102414551
0,0.1372592949719042
0,0.1707547166258572
0,0.1474436506179505
0,0.1637073346043682
0,0.13146765523402232
0,0.13220046602260527
0,0.15763932662569355
1,0.6359737056862973
0,0.15519976456667336
0,0.20906760456973447
1,0.812634859929413
0,0.13737318172365096
1,0.3424020363767464
0,0.1328433711347743
0,0.6647853809918184
1,0.6467313705488453
0,0.14274848178741742
0,0.19750875835264636
0,0.14711878801828782
0,0.1786400226650454
0,0.14484266425041326
0,0.1328433711347743
0,0.19345834404859233
0,0.1394612429597908
0,0.18092016170559796
1,0.7167257276243352
0,0.22009131955699154
1,0.8174802969414073
0,0.16144682083093326
0,0.1319692995540928
0,0.1315486084639943
0,0.12966757363663456
0,0.12670846113752313
0,0.12508274097874478
0,0.1427735965841552
0,0.23005153099787007
0,0.3723751999333866
0,0.14455840787421592
1,0.7037743252264004
0,0.15088852328909233
0,0.1728966374133904
0,0.1321312283777968
0,0.12229951001772624
0,0.7398329138483721
0,0.14137193231173684
0,0.2769578798988358
0,0.17942206914364034
0,0.15932942382085366
0,0.27003008345068374
1,0.7310291113256223
1,0.6652262900206641
0,0.28946064752335804
1,0.21526516140332605
0,0.1350675903104494
1,0.6872567944874853
1,0.5516392704501457
0,0.15493607576640683
0,0.1605476373524152
1,0.73319116997082
0,0.21094320939490993
1,0.13815923359935883
0,0.5482018249801132
0,0.1369015239772439
0,0.15045451276961608
0,0.6610150053125025
0,0.16401823257139658
0,0.16145636454434947
0,0.21159090458343272
0,0.15686589993029612
1,0.7601869468739864
0,0.14869742618329165
0,0.6203368873123509
1,0.2140567795490784
0,0.12777199611820966
1,0.13031729600790007
0,0.1315486084639943
0,0.1332000234915287
1,0.38434334293590433
0,0.17123229824402353
0,0.15916282527738354
0,0.6733655482865721
0,0.1449769836961279
0,0.24187559095894173
1,0.7617069697220495
1,0.6610150053125025
1,0.5965925023475204
1,0.1369015239772439
1,0.8706360483525489
0,0.13410810697135428
1,0.21094320939490993
0,0.16590782056539022
1,0.38195638101748947
0,0.6418767168139339
1,0.6217973366949184
1,0.6203368873123509
1,0.15815883739783393
0,0.13222581754789575
1,0.6359737056862973
1,0.6872567944874853
1,0.7617069697220495
1,0.6161059337078242
0,0.13485576878832756
0,0.1369015239772439
0,0.13477644336149994
0,0.13301866670111986
0,0.127991702881939
0,0.13661404839302865
0,0.13654906025092323
0,0.23792170272712646
1,0.21474463808509908
0,0.21452227298979504
1,0.13487399457726748
0,0.14574313096536004
1,0.7950353926175099
0,0.1369015239772439
0,0.13538923669332587
0,0.16270771854037924
0,0.15947147837711156
0,0.15787947442561248
1,0.7430478005811147
1,0.2252469460936434
1,0.1441481140920498
1,0.37961481226222904
0,0.1344761416061511
0,0.14322568837926422
0,0.23852223394102584
1,0.8038672207258194
0,0.14119595943174734
1,0.6485913838043115
1,0.44227136610415685
1,0.15815860799712664
1,0.7786997204322618
1,0.6348806880533777
1,0.6654048867434746
1,0.782742615790256
0,0.1414806591166174
0,0.46631512739526093
1,0.22629500697039423
0,0.5403983480277817
0,0.2747762403810402
0,0.1302530036347959
0,0.13701762160017206
0,0.19466580395360342
0,0.18370780599834102
0,0.1306134991638465
0,0.16643742429279085
0,0.13437778277375625
0,0.26705662372298217
1,0.14613143702058168
1,0.7888107259271703
0,0.14932656982663853
0,0.1315486084639943
1,0.7909026817679597
0,0.21680120409953899
1,0.21487333605037917
0,0.155399895330202
0,0.12897178125829897
1,0.6776208198753929
0,0.17443743736873518
0,0.650627334689693
1,0.18040537856182087
0,0.2310672471491409
0,0.139628906042173
0,0.13250695669329515
0,0.207455669630926
1,0.7536258990838115
1,0.1366555492685436
0,0.1711842241118111
1,0.2757867147859136
0,0.15821560609902155
0,0.12912946121588254
1,0.12539942853938746
0,0.13055546902445944
0,0.14312606031047587
0,0.14174355999797122
0,0.3098287698048237
0,0.31930853936875253
0,0.6698563122529483
0,0.16446341550962157
0,0.1516756017023369
1,0.5440547032466371
1,0.6009014444965851
1,0.4060355819912523
0,0.259090596046254
0,0.1330721071156843
0,0.13737686764462614
0,0.18620534550042997
1,0.79078359477893
0,0.15357970225846043
1,0.5836790144441348
1,0.7950236358379289
0,0.150382400506169
0,0.22165847441404476
0,0.5754475052070913
0,0.3848662736177313
0,0.1369015239772439
0,0.1362111706499535
1,0.8105510193874205
0,0.16405303571366642
0,0.16073924514735477
1,0.7150700588960275
0,0.13055546902445944
0,0.12472986501293222
1,0.6654048867434746
0,0.12951773496312696
0,0.6731705879761288
0,0.2840758918076457
0,0.18728205739224157
0,0.14197227980424107
0,0.15239891323183388
1,0.8101490849425211
0,0.12828310578167654
1,0.8168753624971012
0,0.12726534060876132
0,0.12736910869855184
1,0.14770519544984936
1,0.5602485714360134
1,0.6620917825050586
1,0.20494077048946177
0,0.14147248877572277
0,0.1397284136151
0,0.13676610333562028
0,0.13147113345119263
0,0.14194709952598333
0,0.23354553362948058
0,0.15153874551016575
1,0.3858631272527226
0,0.13815923359935883
0,0.13676610333562028
0,0.1351407086181792
1,0.8711166759254255
0,0.13238423226281293
0,0.17667677666776851
0,0.21094320939490993
0,0.13815923359935883
0,0.4519773135454915
0,0.137953243396553
0,0.16133028696472188
0,0.1332000234915287
0,0.1565014956676877
0,0.15189638866563504
1,0.7950353926175099
0,0.6961425728259835
0,0.17114569338297939
1,0.6494627449006067
0,0.3367376408736261
1,0.16146506223820706
1,0.6591473812294457
1,0.5991578553064862
0,0.12777199611820966
1,0.4145564522315864
0,0.13766167877642102
0,0.23172874150682818
0,0.13301866670111986
0,0.13652426516287805
0,0.4804629194991043
0,0.15545420597395823
0,0.6303364876076458
0,0.5751803008451664
0,0.1414806591166174
1,0.87142012210085
0,0.3290470592167772
0,0.20141958375040311
1,0.28425164486885646
1,0.12152653113834888
0,0.13815923359935883
0,0.21727026067636704
0,0.13848825506944776
0,0.15368186240064777
0,0.15464904306313
0,0.13761582001790842
0,0.13715292815049032
0,0.11595546455925092
0,0.6918564875835241
0,0.1414806591166174
0,0.13954884858203484
0,0.13815923359935883
0,0.2117403059183923
0,0.8663523756531774
0,0.1547460480676448
0,0.6540940323855915
0,0.13243012419421443
0,0.3323972099459522
0,0.3036836324160598
1,0.8502261146070665
1,0.14191513397534986
0,0.18538031640692615
0,0.12693570555374087
1,0.616172188579751
0,0.6856435776727656
0,0.2171225082261901
1,0.13778959515226544
0,0.17778100243915226
0,0.13485576878832756
1,0.6663528861852731
0,0.12064809499019187
0,0.2747762403810402
0,0.1479244646425741
0,0.1414806591166174
1,0.5104553204417369
0,0.6956537617875935
0,0.13332034527354705
0,0.12864833510823243
0,0.19263371141011196
0,0.29764108506461895
0,0.28772618275334466
0,0.2075430363249561
1,0.3491341397914615
0,0.22324173786698534
0,0.18034091685009604
1,0.7648335700832259
0,0.12229951001772624
0,0.1231125085894922
0,0.1323884133210179
0,0.13636097384260693
1,0.2181816684775989
0,0.19033930576580313
0,0.14356082399908704
1,0.16469145269268304
0,0.5698612420304935
1,0.6654048867434746
0,0.15401880760550957
0,0.1414806591166174
0,0.587264830131113
0,0.1301111399732345
0,0.13616922980568394
0,0.13676610333562028
1,0.22829633878713182
0,0.19899251677013202
0,0.22539585819937666
1,0.7950353926175099
1,0.19381323370675294
0,0.13154707360514403
0,0.1369015239772439
0,0.13454507287348114
1,0.5754412191418772
0,0.14421013932162724
1,0.2182664977790469
1,0.6274439998975809
0,0.20259930454216235
0,0.1372260479745058
0,0.1484924228647812
0,0.19197979551232552
0,0.13815923359935883
1,0.3311260711420557
1,0.8234779221823105
0,0.12891675563629573
1,0.1385786784048068
1,0.12897178125829897
0,0.13837800231597372
1,0.705445772974626
0,0.13815923359935883
0,0.20006265052111064
0,0.6645812290947984
0,0.13815923359935883
0,0.6739770739161288
0,0.18712536777806654
0,0.1976161096921162
0,0.25537104727752086
1,0.17869585689902656
0,0.1351407086181792
0,0.23473337886534013
0,0.6410844899036834
0,0.6809626207349151
1,0.24322083791602844
1,0.7235740517197058
0,0.1355021730632384
1,0.13719129018509382
0,0.20155868638464466
0,0.19541172581668045
0,0.1320804909288891
1,0.22346440097645603
0,0.21956635007459294
0,0.21094320939490993
0,0.14543515599668416
1,0.2391147973039247
0,0.12897178125829897
1,0.7122685940706867
1,0.15943689481549883
0,0.15564633572301872
1,0.12670846113752313
0,0.1322762460410812
0,0.1332318347847487
0,0.1352241395737285
0,0.13477644336149994
1,0.13477644336149994
0,0.3394299504206089
0,0.12505527088417093
1,0.1564851598157143
1,0.5748090489228177
0,0.20897628692337453
0,0.127991702881939
1,0.131631476543801
0,0.14959351357312625
0,0.14548058981573309
0,0.19997829177855134
0,0.48987868724343525
1,0.7706887064996941
1,0.6996181244993858
0,0.20726949280339863
0,0.20215660010375933
0,0.1260852496016847
0,0.13568144270037913
0,0.16735126891006064
0,0.16640767509054757
0,0.21094320939490993
0,0.16078889820235417
1,0.6952716099148044
1,0.8057828073543236
1,0.7950353926175099
0,0.1414988127956349
0,0.16956388095766084
0,0.164816731730167
0,0.13610107064169596
0,0.17070129410421947
0,0.13441729124058788
0,0.19646288069583925
1,0.1389188693893195
1,0.5827407785768437
1,0.6394808052037212
0,0.14267097589204053
0,0.6103217947200738
0,0.21995456173982014
0,0.16924446426998618
0,0.2331194978542886
0,0.1263740760418562
0,0.12897178125829897
0,0.1885122644061443
0,0.1427735965841552
0,0.14735516592522843
0,0.15596576887026925
0,0.16383778165487292
1,0.1369015239772439
0,0.6770881933272734
1,0.6758772029592376
0,0.23426993219574832
0,0.14000567905673117
1,0.812634859929413
0,0.23785234260342106
1,0.15995763795203177
0,0.16186534487867613
0,0.14542766859745185
0,0.8740253145946052
0,0.1435916689908301
1,0.6918564875835241
1,0.8101490849425211
0,0.20520139943697815
0,0.18038814926446092
0,0.4731328291861165
0,0.17533178324580023
0,0.13654906025092323
0,0.16469145269268304
1,0.14691737604208796
0,0.15960067211072812
1,0.8006266945280994
0,0.6890995499305165
1,0.6590590691693398
0,0.3036836324160598
0,0.28803070132362496
0,0.15006897935450372
0,0.1692678670433669
1,0.23674763434763282
1,0.6530864284542863
1,0.6652262900206641
1,0.6652262900206641
0,0.13777372979968694
0,0.1369015239772439
0,0.1414806591166174
1,0.21431296749823017
0,0.16276419355703783
0,0.14145627338299685
0,0.13676610333562028
0,0.2182664977790469
0,0.2044381514658878
1,0.705445772974626
0,0.34936111667909353
1,0.6613197562391517
0,0.2617252672960899
0,0.1315227003096013
1,0.15613812821855655
0,0.13991125048855677
0,0.1304402542879857
1,0.5635536225555975
0,0.12405740604247749
0,0.13953738975742863
1,0.6671354284211166
0,0.13935602081822446
0,0.13450577597879954
0,0.13537731049755408
1,0.6647869221292291
0,0.1369178958599417
1,0.6180981513249038
0,0.1332000234915287
0,0.19646288069583925
0,0.1308890558837624
0,0.4649922759520821
0,0.5983944759739347
0,0.18618365364151326
0,0.1401186545294088
0,0.1599859181903333
0,0.15726763543318845
0,0.13696475641775777
0,0.18007879049008504
1,0.14002111123754063
0,0.5557202736810188
0,0.1522186911598148
0,0.13654906025092323
1,0.12897178125829897
1,0.782742615790256
0,0.3536941177855864
0,0.6652262900206641
1,0.5992567051445736
0,0.13989894421402083
1,0.4587931424815003
0,0.1332000234915287
0,0.18625931254329142
0,0.21708390374045494
1,0.8234779221823105
0,0.12397373928979323
1,0.6655967289200917
0,0.6652262900206641
1,0.6880620425272918
0,0.1484924228647812
0,0.14285852770643812
0,0.16401602995487233
0,0.1369015239772439
0,0.21234417031449268
1,0.20636206849734098
1,0.7801570280756586
0,0.21369349261788972
0,0.2520191756471511
1,0.6146353218859779
0,0.6262110376504691
1,0.6530864284542863
0,0.1406766465346822
0,0.16156636247451592
1,0.6260602645127501
0,0.13676610333562028
0,0.1995208553143403
0,0.6102442122439302
0,0.4362271970969401
1,0.14413620731245
1,0.12871567593000383
0,0.18821881841589574
0,0.1351066912555502
0,0.13654906025092323
0,0.15866254408414698
1,0.5335078269853981
0,0.1556819959086831
0,0.12506205775812915
1,0.9123706695972373
0,0.13654906025092323
1,0.7078771226882082
1,0.8293691377642082
0,0.1231789827933156
0,0.15544233486491274
0,0.16105641883043054
0,0.2964636080960587
0,0.15422168394091282
1,0.20266865466046
0,0.195257868511697
1,0.2585551421214251
0,0.141472328383132
0,0.19140851334441328
0,0.1414806591166174
1,0.13698752109399026
0,0.6815983084277824
0,0.13777207149090906
0,0.1340760112994767
0,0.1541211455847773
1,0.6754764072839624
1,0.7706887064996941
0,0.13654906025092323
1,0.9105004305638776
0,0.1315486084639943
0,0.12534597826242033
1,0.6652262900206641
0,0.2669099615761229
0,0.13815923359935883
1,0.5754475052070913
1,0.6652262900206641
0,0.18095863754134509
0,0.13196992511154973
0,0.13815923359935883
1,0.6493580834032214
0,0.44918854667088487
1,0.12656874389815917
0,0.11894783098149356
0,0.13235102845747612
0,0.12382300866941623
0,0.26183635136426525
1,0.8168753624971012
0,0.5764941131279505
0,0.22629500697039423
0,0.13947059504744783
0,0.15564633572301872
0,0.15763932662569355
0,0.16207342361424643
1,0.1573623822570287
0,0.13429555726216416
0,0.15943689481549883
1,0.23099981156019384
0,0.12777199611820966
0,0.16270573800308571
0,0.1334429955193358
0,0.6551124498138072
0,0.1233341858704156
0,0.13676610333562028
0,0.16942368562494498
0,0.1278139761930919
1,0.5104553204417369
0,0.12777199611820966
0,0.22083257347729843
1,0.6751938610086143
0,0.14560788133861263
0,0.14782562594593243
0,0.13086735877672384
0,0.14142730111420462
0,0.14428747815983928
1,0.6533420340612122
1,0.1369015239772439
0,0.1427735965841552
1,0.13784973397482292
1,0.6872567944874853
1,0.24270017888611917
0,0.28074030352771356
1,0.6321649322691384
0,0.15197584070362133
0,0.1380761923670353
0,0.18587837710922653
0,0.35755256347092307
0,0.23904774526352596
0,0.4617576599656458
0,0.37966730492261036
0,0.1748319828301015
1,0.7310291113256223
0,0.14933321276887077
0,0.13096239230482704
0,0.14142320133167474
1,0.7398329138483721
0,0.2672676973525707
0,0.13815923359935883
0,0.16590782056539022
0,0.3702500996820238
0,0.16963618687302565
0,0.1692073185445095
1,0.8132216602431349
1,0.6573595019673056
0,0.15622456029083012
1,0.5748090489228177
0,0.13142531396804943
0,0.12777199611820966
0,0.136397079898643
0,0.2893244264703318
1,0.1591802451092604
0,0.16494597552177984
0,0.21068927247126445
1,0.7612293448417411
0,0.1293823946392716
1,0.1504788232227365
0,0.1428494036467354
0,0.2940508309786905
0,0.1589818103970635
1,0.8502704980768734
1,0.7936197701319853
0,0.6154778095335158
0,0.13861048451288835
1,0.2733540803221387
0,0.14372751683299992
1,0.19158411676886533
0,0.1347235221432187
0,0.1295918130886869
1,0.6212928009346682
0,0.23814937520974247
0,0.1347235221432187
0,0.1388821598099504
0,0.1285456155720256
1,0.7971661099294131
0,0.1432044081086115
1,0.13094569454363683
0,0.13792263039413807
0,0.5522586257671998
0,0.21094320939490993
0,0.16238216074838344
0,0.1334280669797897
0,0.13469344431499033
0,0.1454285906668508
0,0.2252469460936434
1,0.6654048867434746
0,0.1427735965841552
0,0.15450529594980464
0,0.13942360810544493
0,0.16742488929252605
0,0.18468046644322306
0,0.2434786838051378
0,0.12891675563629573
0,0.13448848324828303
0,0.1385266044412782
0,0.20906760456973447
0,0.21799306518363354
1,0.22026169887618752
0,0.20266865466046
0,0.12390343299402999
0,0.2588331161127264
1,0.137234822994193
0,0.1363393314202526
1,0.1427735965841552
0,0.13815923359935883
0,0.1315148406931144
0,0.27931358775780163
1,0.8234779221823105
0,0.6601218849369337
1,0.651623200169472
1,0.5602485714360134
0,0.18023577091807919
1,0.5602485714360134
0,0.17845481426102713
1,0.812634859929413
0,0.5032928757873313
0,0.2338572393393127
1,0.3417619322012491
0,0.19036056481395275
0,0.19742737272724903
0,0.2893244264703318
0,0.16948755234444773
0,0.13245064298396333
0,0.1514469821120449
1,0.19929477543820814
0,0.4437423675474687
1,0.2000093064199673
0,0.13104493933358755
1,0.7019842464974654
0,0.1228195304656395
0,0.18352313443222124
1,0.5748090489228177
0,0.12733149136514235
0,0.13339702777449933
0,0.15202537716068448
0,0.19047569078468726
0,0.11953974081418327
1,0.8234779221823105
1,0.8943648344255769
0,0.18081133462798904
1,0.1422361993504384
0,0.20408568773956717
1,0.21794862252236177
1,0.20221210176237298
0,0.1384120311367109
1,0.1351842756266186
0,0.1681276044986128
0,0.2472366881169512
1,0.6714448916141332
0,0.1228195304656395
0,0.5446133459314475
1,0.28387932608855937
0,0.651623200169472
0,0.13186730441943506
1,0.812634859929413
1,0.7612293448417411
0,0.22886880071222152
0,0.13583252392997663
0,0.19421268094904148
0,0.3348583725396011
0,0.13981499638804143
0,0.22165847441404476
0,0.1372849600073397
0,0.13186730441943506
1,0.21511782505843047
0,0.6300733910221231
0,0.14860347922218692
0,0.6087266795163384
0,0.15781901191784378
1,0.759992728484187
1,0.6454101030669989
1,0.24781426733575815
0,0.14367750417307748
0,0.2171543970583641
0,0.1228195304656395
0,0.15781195914465407
0,0.13816719564689628
0,0.6563444735856288
1,0.14141348311917692
0,0.13815923359935883
0,0.1278139761930919
0,0.22329867741020792
0,0.12390343299402999
0,0.22541096760140977
0,0.1363393314202526
1,0.6652262900206641
1,0.5075428907476259
0,0.1597727847135869
0,0.22009131955699154
1,0.5998984224155631
0,0.15420321943926393
0,0.1332000234915287
0,0.1347235221432187
0,0.14523910361243533
0,0.19411280575924506
0,0.16992522273208377
0,0.254660126811144
0,0.21327104136174807
0,0.258757384127078
0,0.35425674398944107
0,0.15534862040135264
0,0.13389448864886958
0,0.15815883739783393
0,0.1687819776825568
0,0.1369015239772439
0,0.19150760398763228
0,0.13397430888406078
0,0.13815923359935883
1,0.6551124498138072
0,0.15305606965711094
0,0.19285519089246378
1,0.13833491789514807
0,0.6895194026855738
1,0.13908489580913852
1,0.557912184022688
1,0.1369015239772439
0,0.12693570555374087
1,0.38938792262325983
0,0.193179395574847
0,0.14096295018801322
1,0.15995763795203177
0,0.15420321943926393
0,0.1347235221432187
0,0.14095097772481852
0,0.13569969763768808
1,0.14098665155937973
0,0.13815923359935883
1,0.56780355582349
0,0.16706173212176645
1,0.1881561582438146
0,0.7970222076339721
0,0.12332960070452907
0,0.12736789799252057
1,0.6652262900206641
0,0.14186511656646028
1,0.7927027298614139
0,0.1812977821285464
0,0.1500867187428556
1,0.6791162488728628
0,0.1398797287086456
1,0.7181161891763018
1,0.7728751812435829
0,0.22526151566849614
0,0.14456287128925435
0,0.18651531287267756
0,0.17986486336802246
1,0.8668409745033842
0,0.23353615108194317
0,0.21094320939490993
0,0.14025170139123144
0,0.13031729600790007
0,0.3415191606650089
0,0.2123486933420942
0,0.2550076975247212
0,0.1741206749504874
0,0.11510783409371371
0,0.6347293413814946
1,0.20058155100343147
0,0.13345095512559385
1,0.15464593796749132
0,0.17081533616536876
0,0.21244773145575477
0,0.13719129018509382
0,0.1302801306384076
0,0.13596413546476938
1,0.7950353926175099
0,0.20655777572859127
0,0.6306053064326946
0,0.2286298652097882
1,0.5780309271280791
0,0.15916282527738354
0,0.14648710117901143
1,0.6652262900206641
1,0.6918564875835241
0,0.14255189722026831
0,0.12777199611820966
0,0.35042550748580026
1,0.6624427251003101
0,0.14218366316112596
0,0.29077077926201006
0,0.15138322106740507
0,0.28204418403275416
0,0.2803154507591583
1,0.645576751897937
1,0.13875333161989428
0,0.25058178441757456
0,0.17420802771609348
1,0.5751803008451664
0,0.15004051369326457
0,0.1414806591166174
0,0.1407370714988412
0,0.13676610333562028
0,0.6918564875835241
0,0.14041153024807662
1,0.782742615790256
0,0.1480309368519503
0,0.1414806591166174
0,0.1376598645119011
0,0.25407487111984595
0,0.20352579339393018
1,0.6179747374262831
0,0.29271629862801135
0,0.12693540497558942
1,0.651623200169472
0,0.16369150100276736
1,0.1664900170664412
0,0.5558996995358124
0,0.13759836080727236
1,0.22526151566849614
0,0.12726534060876132
0,0.1401186545294088
0,0.17048695570476372
1,0.4637808338702511
1,0.7492609597780435
0,0.17960842986089187
0,0.5946213979448199
0,0.1330721071156843
1,0.6136547362684209
0,0.6731705879761288
0,0.16762688440427892
0,0.13889841969481936
1,0.8234779221823105
0,0.185691719067057
0,0.3516506611776996
1,0.19231533580301235
0,0.13604275604522137
0,0.3040636407793293
0,0.15272207578198574
0,0.2017983612171171
0,0.1915364340337672
0,0.13783340179667256
0,0.3193898539962489
1,0.87142012210085
0,0.13441729124058788
0,0.13811823702716625
1,0.7018721654325065
0,0.6087266795163384
0,0.1527029168128178
0,0.13562707098161664
0,0.28357886239041563
0,0.1255086759974338
0,0.13571427524636973
1,0.26479086251165507
0,0.1321437013481958
1,0.14195425246843052
0,0.1464901462652431
0,0.15821256866754402
0,0.5344468230586532
1,0.36096870375919277
0,0.12693540497558942
0,0.15821560609902155
0,0.13300244393407679
1,0.7141469684564288
0,0.2285326483299104
0,0.24557457457035697
0,0.13196992511154973
0,0.6872567944874853
0,0.2749171146252794
0,0.1420874090606106
0,0.13051224196694222
0,0.15312117707335138
0,0.16551874060506477
1,0.1523478951613541
0,0.3734870591674933
0,0.1380761923670353
0,0.17686287353413016
1,0.7523112331707675
0,0.12229951001772624
0,0.1278139761930919
1,0.6480764006984419
0,0.12390343299402999
1,0.8234779221823105
1,0.6652262900206641
1,0.7617069697220495
0,0.22808325281679978
1,0.13319758560867134
1,0.8101490849425211
1,0.6533420340612122
1,0.2357639355020225
0,0.13703868429376842
0,0.1414806591166174
0,0.8234779221823105
1,0.6494627449006067
0,0.20221210176237298
0,0.36180072455435663
1,0.1254776319915242
0,0.204949613674723
0,0.12182184230913427
0,0.470379583004727
0,0.23354553362948058
0,0.1369015239772439
0,0.1693978650813071
0,0.12749702507439625
0,0.15993715670098335
0,0.14009085405929636
1,0.7207392156250901
0,0.1501241125202502
0,0.668145659364736
1,0.1440824024717328
0,0.1454285906668508
0,0.5978947178766372
1,0.4873713405359986
1,0.5447200821861748
0,0.1369015239772439
0,0.1748596199507982
0,0.13654906025092323
1,0.14192010850414186
0,0.21094320939490993
0,0.12382300866941623
1,0.5827915778336452
0,0.6654048867434746
1,0.5577964721767604
0,0.13760719938550775
0,0.6610150053125025
1,0.6494627449006067
1,0.6203368873123509
0,0.2039413162716894
1,0.5708089926395644
0,0.19773214032086428
1,0.6918564875835241
0,0.23449328239693512
0,0.3463516674692721
0,0.1317575654516406
1,0.3520709427299121
1,0.7955869878538396
0,0.17199635943179928
0,0.6494627449006067
0,0.21586417794832188
0,0.1278139761930919
0,0.12064809499019187
0,0.22046733410333955
1,0.5640754106539271
0,0.12387592988769747
0,0.14565507464347147
0,0.6872567944874853
0,0.19612261953228877
1,0.3364294110008218
0,0.14107234723372483
0,0.1332000234915287
0,0.6218084286211909
1,0.5915830406023725
1,0.35294207640495806
0,0.13321805122149277
0,0.45655247020934125
0,0.14770519544984936
1,0.6515180592080465
0,0.16718556194049422
0,0.1310128309998126
1,0.8153776688635431
1,0.8740253145946052
0,0.25169312028766894
0,0.15190206653048025
1,0.22026169887618752
0,0.1369015239772439
1,0.6494627449006067
0,0.13441729124058788
0,0.1805995782359728
0,0.31442620497103646
0,0.27848450902818234
0,0.1432871942006999
0,0.15580531432229422
0,0.13828429192549505
0,0.6780598929299007
0,0.16103818568773695
0,0.23433784951470207
0,0.15363647095964805
0,0.6731705879761288
0,0.13766167877642102
1,0.19349618420070358
0,0.13245064298396333
1,0.8234779221823105
0,0.13088274867306413
0,0.14257235329013146
0,0.1275810513576261
1,0.3247159985375933
0,0.139628906042173
0,0.14609585384912727
0,0.16105641883043054
0,0.1697684429981029
0,0.21094320939490993
0,0.1400735075059569
0,0.18280174024607831
0,0.1884812302959618
1,0.6150232938586125
0,0.4476319415951742
1,0.6360705814678832
1,0.7108412800724189
1,0.8740253145946052
0,0.1414806591166174
0,0.1776689483512753
1,0.9046977306558095
0,0.1538498502189395
0,0.18081133462798904
0,0.1915364340337672
1,0.6776208198753929
1,0.6217973366949184
0,0.4015188249912525
0,0.2292106267244522
1,0.14018457750110455
0,0.11833256994060917
1,0.7378113629950795
1,0.5602485714360134
0,0.13644643955880856
0,0.12612299527667073
0,0.1663551593977506
0,0.1369015239772439
0,0.1351842756266186
0,0.12237008792945356
0,0.5294345249933721
1,0.6009831415214945
0,0.1414806591166174
0,0.18705598433241738
1,0.16996260847370645
0,0.16401602995487233
0,0.13533924511049764
0,0.13570055121863125
1,0.7357521835642966
1,0.22549509423318453
0,0.1364454836192152
0,0.17427523686521101
1,0.6996526044031666
0,0.13664113559673882
0,0.2093330698558272
0,0.16076902058006104
0,0.1255086759974338
1,0.8943648344255769
0,0.1518187135538195
0,0.13079350384476177
0,0.18293939173096582
0,0.6652262900206641
1,0.6530864284542863
0,0.16475055053788215
1,0.22221371571036364
0,0.23025857686405793
1,0.20266865466046
1,0.6409687639888134
0,0.13986805310168882
1,0.7909026817679597
0,0.14771438099959391
0,0.12273884906510266
1,0.23795198389676608
0,0.1399657049436074
1,0.3737047135121163
0,0.20408568773956717
0,0.12891675563629573
0,0.1358755802501915
0,0.1362488990520661
0,0.11703849997026106
1,0.1309714902004832
0,0.7498699161849072
0,0.4612391908208454
1,0.8943648344255769
0,0.21094320939490993
1,0.7617281230366327
0,0.29988058749917723
0,0.16830974144697664
0,0.13671179366835648
0,0.1369015239772439
0,0.31022302795157436
1,0.2798943628424042
0,0.13760719938550775
0,0.1369015239772439
0,0.12983545986545336
1,0.5640754106539271
0,0.1428431000161234
0,0.1376891449452982
0,0.13929522903495914
1,0.3564423887008001
0,0.29304090845475167
1,0.6918564875835241
1,0.22026169887618752
0,0.19764303147376244
0,0.13508534109622453
0,0.12372814078202574
1,0.20089528561035558
0,0.14697046766478608
0,0.12529656325776853
0,0.14307649173276707
0,0.2392619886132662
0,0.14785424384132778
0,0.13186730441943506
0,0.12693540497558942
0,0.14809333872657518
1,0.7392208592233391
0,0.17578954194254884
1,0.7927027298614139
0,0.20768431450781125
0,0.1803156086463525
0,0.19753515375281885
0,0.1397517864104313
0,0.12777199611820966
0,0.5620680597881119
0,0.39078374816488154
0,0.1262490314170285
1,0.6795515187207023
0,0.2412488810260798
0,0.13992034304035006
0,0.19488682355886006
0,0.16403909493881327
0,0.1669009562565781
1,0.1414806591166174
0,0.1472734438205177
1,0.5018181433798137
1,0.14359090343747674
0,0.1408543732235293
1,0.8234779221823105
0,0.16135423584329223
0,0.14624184251652275
0,0.7128656044896817
0,0.15042686984634734
1,0.6361522681898889
0,0.15528675980815523
0,0.15193430106460196
0,0.259090596046254
1,0.13676610333562028
0,0.1484924228647812
0,0.1497921810370654
0,0.17693972223413867
0,0.2263500235561589
0,0.16188088040529602
0,0.15307372411618858
0,0.16248119361109759
0,0.14102203630591154
0,0.4453921877670596
0,0.14990796827715666
1,0.6795541677663927
1,0.21030216558290768
1,0.6953699542668713
0,0.1228057528080126
1,0.7255330390984095
1,0.13776530593148192
0,0.1282695146311881
1,0.7927027298614139
0,0.20448846943036098
1,0.5705611497953376
0,0.12901193529122673
1,0.28102995313027845
1,0.651623200169472
1,0.7711894589128991
0,0.3301121049338326
0,0.1527029168128178
1,0.22324173786698534
0,0.19647642924800063
1,0.15676318829867453
0,0.6070842932243992
0,0.12621180344877633
0,0.12966757363663456
0,0.1347235221432187
1,0.6589931215658527
1,0.39078374816488154
1,0.8718639257212916
0,0.20581515739558953
0,0.6719748949646301
0,0.7409905097665906
0,0.139628906042173
1,0.8398131498483544
0,0.13267391504852638
0,0.1411792230263929
0,0.1976161096921162
0,0.1978187595880911
0,0.15733663864562392
0,0.17845481426102713
0,0.1514469821120449
1,0.3295880505197551
0,0.26191422147320653
1,0.20674121141143534
0,0.29228882203548623
1,0.14171093274478894
1,0.6533420340612122
0,0.12698832619387065
0,0.13901268687803553
0,0.21818610711180034
0,0.17541366832593372
0,0.6652262900206641
0,0.19785799941996235
1,0.6436603919709798
0,0.13815923359935883
0,0.17929379977390592
0,0.18220325491727724
0,0.14484266425041326
1,0.1690032067188046
0,0.1332000234915287
0,0.28883349104022005
0,0.12897178125829897
0,0.13974894843024646
1,0.14137193231173684
0,0.22420703439767048
1,0.6652262900206641
1,0.7150700588960275
0,0.13351077721692312
1,0.7018721654325065
0,0.17509488613730753
0,0.14488256745983794
0,0.1458487063588086
1,0.6436603919709798
1,0.6714448916141332
0,0.20228178985312942
0,0.13815923359935883
0,0.20352579339393018
1,0.5827915778336452
0,0.17339145110976129
0,0.12707846983028315
0,0.1420570602632086
0,0.14797681332914642
0,0.13301866670111986
1,0.6279766535684204
0,0.13689441892121007
0,0.1305048852510218
0,0.15561113019170172
0,0.1414806591166174
0,0.1414806591166174
0,0.13537731049755408
0,0.12390343299402999
0,0.6663528861852731
0,0.1654068918696066
0,0.19350659372547352
1,0.5791708880210553
0,0.1277998830725767
1,0.1427735965841552
0,0.1519232513235733
0,0.1369015239772439
1,0.2052253788808197
1,0.2485127134210635
0,0.12670846113752313
0,0.18187709633572888
0,0.13848825506944776
0,0.2241560677238581
0,0.1369015239772439
0,0.14189034171724238
0,0.1341813485562157
0,0.23367929616712657
0,0.1453824729071776
0,0.16439373361738077
0,0.14732578892667267
1,0.6336066329942565
1,0.6303364876076458
1,0.2316452730434597
0,0.1754473498636282
0,0.13952100587557123
0,0.19520426570309704
1,0.6533420340612122
0,0.13816106735041422
0,0.1384120311367109
0,0.12382300866941623
0,0.16537745760488815
1,0.7167257276243352
1,0.6203368873123509
1,0.6654048867434746
0,0.16401602995487233
0,0.14542766859745185
0,0.22009131955699154
0,0.7006088843627106
0,0.1736025714219002
1,0.8740253145946052
0,0.11959266203246452
1,0.6761649015243365
1,0.563389441369028
0,0.1427735965841552
0,0.130636397756119
0,0.13039358821134658
0,0.22122932527100697
0,0.6494627449006067
0,0.6872567944874853
1,0.47512237955052605
0,0.4619644217730748
0,0.13886451061348964
1,0.6918564875835241
0,0.15071327264345255
1,0.5602485714360134
0,0.12529656325776853
0,0.13096257475119352
1,0.6732696678615194
0,0.13421570727409168
0,0.1356822791789946
1,0.745819102589703
1,0.8740253145946052
1,0.63309462157561
0,0.13398427957982229
0,0.2435467711105895
0,0.14312606031047587
1,0.8101490849425211
1,0.7801570280756586
1,0.7498524668159924
1,0.6872567944874853
1,0.1295918130886869
0,0.1330721071156843
1,0.638433244539143
0,0.2100666765667989
0,0.1277998830725767
0,0.14189089286237527
1,0.8101490849425211
0,0.39342875298510155
0,0.1448062560830139
1,0.21081059488248063
0,0.1345271551236494
0,0.26459613643043467
0,0.13067225587204312
1,0.13662103720527824
1,0.15790447140986133
0,0.14911129547850022
1,0.5559858133918909
1,0.21068927247126445
0,0.2240032526456378
1,0.6849349037513683
0,0.20542961266176848
1,0.25709879561857535
1,0.7018721654325065
0,0.14204795849408627
0,0.12919764590785793
1,0.5515367788106756
0,0.14252257851645891
0,0.6449918058150239
1,0.8101490849425211
0,0.22009131955699154
0,0.12229951001772624
0,0.16716349422617327
0,0.13486287702477845
0,0.1332000234915287
0,0.12856768313260986
1,0.7430478005811147
1,0.7896962659134147
0,0.14275498382831128
0,0.1443500007016215
0,0.1484924228647812
0,0.5926029198805759
1,0.7951734762099022
0,0.13196992511154973
1,0.7612293448417411
1,0.6751938610086143
0,0.13477644336149994
0,0.1422864948359069
0,0.13676610333562028
0,0.13521195351693915
0,0.13086735877672384
0,0.1335952546161166
0,0.1368220932807873
0,0.1605476373524152
1,0.8234779221823105
1,0.21330148957865783
0,0.2099916727154226
0,0.1389188693893195
0,0.16349296541801756
0,0.20001088812459136
0,0.15470140969702226
1,0.20961769239807185
1,0.8718639257212916
1,0.6762413814055975
0,0.1433717861588527
0,0.12841258033015296
0,0.14833304844796416
0,0.2280069743336216
0,0.1439606369593704
0,0.15259114995009057
0,0.22116901237151163
0,0.16590782056539022
0,0.16628054241556656
0,0.6347293413814946
0,0.4453921877670596
1,0.7927027298614139
1,0.25000646732253484
0,0.12529656325776853
0,0.15647462413010604
1,0.2610676406348855
1,0.13815923359935883
0,0.6610150053125025
1,0.6347353531760754
0,0.12702006507653055
0,0.16358506140590562
1,0.6654048867434746
1,0.17069638273475649
0,0.3527249962848458
0,0.1798989221410403
1,0.651623200169472
1,0.2408702044900047
0,0.6409854232141378
1,0.14086372531118635
0,0.25918293130723435
1,0.20360523202611153
0,0.24117085958443246
0,0.22324173786698534
0,0.127025141518141
0,0.15943689481549883
0,0.6892529745139384
0,0.15283393274456114
0,0.13275405390978265
1,0.3767648475121882
1,0.19575410425598577
0,0.6731705879761288
0,0.1322762460410812
1,0.13196992511154973
1,0.41173981047593183
1,0.5515367788106756
0,0.12259927689247886
0,0.31606147954308506
0,0.1630904362635281
0,0.12173224659068003
1,0.177766480374021
1,0.661391043401714
1,0.1364344478890645
1,0.5658598136069705
0,0.18406490416491322
0,0.5174873999422204
0,0.13771014538507156
1,0.3212325586171727
0,0.13113884727855954
0,0.12472986501293222
0,0.27263957394095173
0,0.13815923359935883
0,0.13815923359935883
0,0.14336536595904667
1,0.43393661630470526
1,0.14499119097825014
0,0.13123295016897352
0,0.1836817007140395
0,0.11894783098149356
0,0.1328433711347743
1,0.7137536688063038
0,0.5650051833953572
0,0.16192058619334598
0,0.12670846113752313
0,0.12927065797682835
0,0.5979549272909609
0,0.1414806591166174
1,0.6184247853094517
0,0.12606424294395535
0,0.14147248877572277
1,0.3711623775232608
1,0.15334815212490485
0,0.28633791478454657
1,0.21548184545512683
1,0.3858631272527226
0,0.1394612429597908
0,0.14432672156924475
1,0.2347240491390907
0,0.2704193078535181
1,0.6087330242877395
0,0.1889282484659343
1,0.8101490849425211
1,0.6492878525602962
0,0.127025141518141
0,0.12794648108573117
1,0.5874328460462517
1,0.7498699161849072
0,0.3760988816310966
0,0.14620478681946777
0,0.7906921239289496
1,0.2810007767142722
0,0.15193430106460196
0,0.16898834334409318
0,0.15993715670098335
1,0.2460129547405694
0,0.1369015239772439
0,0.19284030165983448
0,0.6693630108888527
0,0.21619293626075953
0,0.6663528861852731
0,0.13512728736527205
0,0.13811142239002255
0,0.14092367582250143
0,0.1389188693893195
0,0.1389188693893195
1,0.6508890385275706
1,0.1484924228647812
0,0.1328804606237697
0,0.1369015239772439
0,0.15766245821573355
1,0.7279104372576854
1,0.7601869468739864
0,0.15746908401306406
0,0.20516658220230383
1,0.5965469762642394
0,0.14789210768844102
0,0.6711262436030863
0,0.12928364863590608
0,0.1308078565042941
1,0.12229951001772624
0,0.14927090697032666
0,0.21956741890429213
0,0.15537964448629343
1,0.13031729600790007
0,0.13186730441943506
0,0.1401186545294088
0,0.14072982034720316
1,0.598492517281741
0,0.17525455685724867
1,0.6140645032419271
0,0.12497506677638903
0,0.13815923359935883
0,0.1414806591166174
0,0.20352579339393018
0,0.13374264222955135
0,0.4576382342495304
0,0.20906760456973447
0,0.16618369791310628
1,0.2015315507966427
0,0.15886791020042149
0,0.13018732286318746
0,0.6113860859514468
0,0.16576638667993915
1,0.5589864326557902
1,0.6299863358864365
0,0.1280116991018529
1,0.6995297347675485
0,0.14524107911428538
1,0.2287481307915138
0,0.27207338617697613
0,0.13499315929977823
0,0.19773214032086428
0,0.15802682215369063
1,0.13676610333562028
0,0.14315348407959813
0,0.17752586854580163
1,0.6485913838043115
1,0.6028893496287622
0,0.12964781975695341
1,0.19394277500499832
0,0.1742966204179843
1,0.6610150053125025
0,0.1548343767101232
0,0.16401602995487233
0,0.1414806591166174
1,0.87142012210085
0,0.15433277368815243
0,0.27326158161542274
1,0.21400765128959492
1,0.6714448916141332
0,0.18537035612626285
1,0.6357760860317506
0,0.17033849073530077
0,0.1492510733888751
0,0.1427735965841552
1,0.23883197318628036
1,0.13477644336149994
0,0.13929582426763484
1,0.26852803818435955
0,0.13597167768114254
1,0.7326759668162833
1,0.23581049298570558
1,0.2491520404231981
0,0.13463369419582166
0,0.5937026762585498
0,0.19659620244980702
1,0.1581031182883464
0,0.1617682758854511
0,0.23931559493615503
0,0.16234381553085936
0,0.21981840082129112
0,0.12740425351585866
0,0.17613531014401557
0,0.13441729124058788
0,0.17498646074356966
0,0.18712536777806654
0,0.20653261906250414
0,0.1306933007715703
0,0.1614616779384073
0,0.13196992511154973
0,0.12390343299402999
1,0.782742615790256
0,0.20626115481782709
1,0.1541473699347886
0,0.22247212372056097
0,0.18887772398162855
0,0.1791124410942831
0,0.13196992511154973
0,0.2272848156157615
1,0.7743896012900858
1,0.6686477774834281
0,0.1650861873407129
0,0.43041280954701616
1,0.6652262900206641
0,0.23794200676200283
0,0.15648120166985374
1,0.6378904392738913
0,0.1369015239772439
1,0.172047654093395
0,0.2733605627440718
0,0.15440267525769
0,0.14353492621363345
0,0.12891675563629573
0,0.18386126037847764
0,0.1876676490798592
0,0.1834535162057001
0,0.3047259853833257
0,0.15360038383519664
0,0.13196992511154973
1,0.3225922401010038
0,0.489913031574397
0,0.20334783360263997
0,0.12670846113752313
1,0.8502261146070665
0,0.14107231691857433
0,0.5931237378526875
1,0.13861763454506446
0,0.13428303539661277
0,0.22009131955699154
0,0.22009131955699154
0,0.13676610333562028
0,0.7601869468739864
1,0.8178515809805939
1,0.6654048867434746
1,0.14770519544984936
0,0.16808210681265737
0,0.12670846113752313
0,0.1472669555034616
0,0.15430594050327853
1,0.14635059514124965
1,0.5602485714360134
1,0.7332821259490588
0,0.1876986287475947
0,0.6652262900206641
1,0.5866111257305576
1,0.24838747091901642
1,0.1969895518780869
0,0.13993402644562566
0,0.21475272686666494
0,0.21680120409953899
1,0.5387881682215202
0,0.13057294009174625
0,0.13581042150432643
0,0.16020182007891337
0,0.2662879845696707
0,0.12084340849991844
0,0.15692817639292542
0,0.15193430106460196
0,0.12693570555374087
0,0.18144330587067306
0,0.16590782056539022
0,0.27876932349500505
0,0.1255086759974338
0,0.283708735882941
0,0.1315148406931144
1,0.7498699161849072
1,0.5558996995358124
0,0.2090320821852632
0,0.13654906025092323
0,0.13067225587204312
0,0.16623645536548326
1,0.5889280769558942
0,0.12856768313260986
0,0.19621734433166121
0,0.1427735965841552
0,0.16450197975499858
1,0.677215295649984
0,0.13807032305019443
0,0.18007879049008504
0,0.13815923359935883
0,0.15738984357815075
0,0.2766972389651078
0,0.1668053549121395
0,0.6774790490240388
0,0.6310642970054009
0,0.5516972860849548
0,0.13046007086328848
0,0.1414806591166174
0,0.1392773337190391
1,0.5748090489228177
1,0.7972910081005514
1,0.6246204177587904
0,0.8081853689908212
0,0.16439406248766741
0,0.13730585626238356
0,0.2661549394800282
0,0.1608173874936933
1,0.12710331438796096
0,0.2569101436527516
0,0.12670216842423276
0,0.19610032032063182
1,0.14548133878462835
0,0.1413477024112422
1,0.7731136008011931
0,0.6494627449006067
1,0.3598975190147578
0,0.5212034755924257
0,0.1417733879393029
0,0.1282695146311881
1,0.6107986822084057
0,0.11858008837914254
1,0.41151789728078486
0,0.17150822869149365
0,0.1366555492685436
0,0.13654906025092323
1,0.7050272515303224
0,0.11703849997026106
0,0.4015188249912525
0,0.15005967913466775
1,0.7137536688063038
0,0.16077314560526518
0,0.15202537716068448
0,0.17509488613730753
0,0.2095941125188025
1,0.46334675088769783
0,0.1347235221432187
1,0.6168737777108945
0,0.12328985528259771
1,0.6872567944874853
0,0.6731705879761288
0,0.11918038483644101
1,0.7470472095730809
1,0.6872567944874853
0,0.16405303571366642
1,0.2069225527739014
1,0.1484924228647812
0,0.24551039401291966
0,0.13301866670111986
0,0.5129862360512427
0,0.2232818958455958
1,0.8156313870918186
1,0.6419090708981465
1,0.6116269609202365
0,0.12311474381667414
0,0.2049852357067248
0,0.6269153609322529
1,0.7601869468739864
0,0.17468466874776714
0,0.2272848156157615
0,0.1369015239772439
0,0.14438249003792397
0,0.1381944614447817
0,0.17633096599318054
0,0.1303374123184618
1,0.15840121287020423
0,0.2272848156157615
1,0.13815923359935883
1,0.7398329138483721
0,0.13995045656771213
1,0.6057358626756643
0,0.1315557834485677
0,0.22733534527651525
0,0.1307021030456739
0,0.1754473498636282
1,0.8080467027894389
0,0.6229360784459637
1,0.16320151880693262
0,0.140047937424541
1,0.15065903848271792
1,0.5874328460462517
0,0.28447075284639023
0,0.15987806230131935
0,0.1332000234915287
0,0.1472525452331138
0,0.14457162723641498
0,0.25318253760625214
0,0.12472986501293222
0,0.18296774373532482
0,0.15557561335895045
0,0.16062924447380822
0,0.14372751683299992
1,0.6620917825050586
0,0.7137536688063038
0,0.14524844169542572
0,0.7861546255034931
0,0.2280385844608072
0,0.23514317075973243
0,0.29676161228902964
0,0.12698832619387065
1,0.8718639257212916
0,0.1278139761930919
0,0.1332000234915287
0,0.2224015036311107
1,0.6176163424716422
0,0.17051575099793406
0,0.13845228922400174
0,0.1414806591166174
0,0.15908443108917816
0,0.12975316055581324
1,0.1738388873480967
1,0.6436603919709798
0,0.13517957147983853
0,0.21680120409953899
0,0.17866066774311176
0,0.16601783872229137
1,0.38934644002498936
0,0.12909000051215652
0,0.18542324480576386
0,0.20352579339393018
1,0.1331464353622989
0,0.16662822622092796
0,0.14814992670950528
0,0.15986100729288003
1,0.6376494531861662
0,0.1959718406226073
0,0.705445772974626
0,0.6310642970054009
0,0.6981279304585636
1,0.8101490849425211
0,0.3323563247592837
1,0.6135687266743154
1,0.5991578553064862
0,0.15648120166985374
0,0.13703868429376842
0,0.26077029280963004
0,0.16777633469249742
1,0.6316493764983483
0,0.13675180336905896
0,0.21504570090757968
0,0.1255086759974338
1,0.8740253145946052
0,0.25828277923089654
0,0.21094320939490993
0,0.21524843853514145
0,0.15180076485639507
1,0.1414806591166174
1,0.3666922549800749
0,0.20662399165696732
1,0.7942805492348134
0,0.1381944614447817
0,0.45208476620716054
0,0.13623365247921185
0,0.3065460476126771
1,0.700076382037346
0,0.14218366316112596
0,0.13568352687235347
0,0.7064358262902414
0,0.6590590691693398
0,0.6161059337078242
0,0.1330554435433743
0,0.15993286589265948
0,0.20448846943036098
0,0.13654906025092323
0,0.13794932282132982
0,0.24028478931556646
1,0.2310672471491409
1,0.2844018365646365
1,0.14881295356051283
0,0.2704193078535181
0,0.13410810697135428
0,0.1484924228647812
0,0.13270425323875729
0,0.6872567944874853
0,0.1325106918441524
1,0.7612293448417411
0,0.24708112240740632
0,0.3447748355698165
1,0.22118410219623458
1,0.5936424928217044
0,0.1347235221432187
1,0.1484924228647812
0,0.12472986501293222
0,0.13818398959367287
0,0.1384120311367109
0,0.7018721654325065
0,0.3385675518056742
0,0.1414806591166174
0,0.18424579009726885
0,0.30857518051978217
0,0.13953798461890576
1,0.7617069697220495
0,0.19466355244900382
0,0.13579136004310538
1,0.2241560677238581
0,0.14770519544984936
1,0.2904889260642635
0,0.1277998830725767
1,0.22629500697039423
0,0.16269674445082097
0,0.15284694738082932
0,0.2280385844608072
0,0.34144178167689576
0,0.1509805961302887
0,0.29694452257945386
1,0.2262691984698717
1,0.7951734762099022
1,0.24071805790894765
0,0.5602485714360134
1,0.14167929700391488
0,0.12860403865594794
1,0.6732696678615194
0,0.1394738534244717
1,0.14770519544984936
0,0.24019712083501407
1,0.5589864326557902
1,0.21023665153846485
0,0.16777633469249742
1,0.8943648344255769
0,0.11858008837914254
0,0.1396498981369316
1,0.20660476538328246
0,0.16271187732805814
0,0.20558787142303325
0,0.5391644419592684
0,0.13570724613072602
1,0.3527249962848458
0,0.11595546455925092
0,0.15980258852581597
0,0.12897178125829897
0,0.13633238810287154
1,0.4707746157538996
0,0.25189389701369874
1,0.6390047883116199
1,0.7927027298614139
1,0.1322649141913809
0,0.16472576413866086
1,0.5748090489228177
0,0.13676610333562028
0,0.1366363609997607
1,0.3281730207845206
1,0.6881256373650495
0,0.6741335353073246
0,0.20020745232424214
1,0.5928705178012132
0,0.5815607361866448
0,0.3618249378111321
0,0.30252391685956015
0,0.18554198609481087
0,0.12777199611820966
0,0.2271083830017284
0,0.14503753040333206
1,0.651623200169472
0,0.33131863069267686
1,0.782742615790256
1,0.6770881933272734
0,0.20354370558009566
1,0.6652262900206641
0,0.11964428635170488
0,0.18855651192505105
1,0.6410117703350069
1,0.5335078269853981
1,0.17359084637922906
0,0.17048695570476372
0,0.15047332248607212
0,0.13936772784503712
1,0.1360921673986698
0,0.13815923359935883
0,0.24145020527642191
1,0.6142537102319209
1,0.2418056288996713
1,0.7927027298614139
1,0.8038672207258194
0,0.13313168481709284
0,0.13815923359935883
0,0.2619718381604122
0,0.13703868429376842
0,0.12199309844673727
0,0.1361994834625488
1,0.14275498382831128
1,0.5013805259972116
1,0.7321272506938108
0,0.13196992511154973
0,0.13654906025092323
0,0.13815923359935883
0,0.7927027298614139
1,0.5482018249801132
1,0.6870137738496047
0,0.15071327264345255
0,0.1255086759974338
1,0.31491374871952427
0,0.15363647095964805
1,0.6652262900206641
0,0.12374302642850463
0,0.13911332705609383
1,0.27263957394095173
0,0.24757312110628757
1,0.2452025851716284
0,0.206726252565703
1,0.6327117621790594
0,0.22181422873263074
1,0.7388335557709166
0,0.15389011449510606
1,0.7804296391961729
0,0.15287889834646307
0,0.6977360557537863
1,0.1804693183947451
0,0.6330569129024896
1,0.5631123503817335
0,0.16221993982856184
0,0.12508958500000383
0,0.1341813485562157
1,0.13410383301801412
0,0.1424715508820949
0,0.3830714718576065
0,0.1369015239772439
1,0.13298156341612638
1,0.7518790510423087
0,0.13698576307548718
0,0.13125085784387402
0,0.12390343299402999
1,0.651623200169472
0,0.1704636031155935
0,0.12345156812469904
1,0.5842728301232326
1,0.812634859929413
1,0.17288856035762673
0,0.2716045133246538
1,0.42810282143971584
0,0.13771014538507156
1,0.6256828486245576
1,0.31422051978066
1,0.18389588028221235
0,0.1343462205023882
1,0.6347293413814946
0,0.5288609800895653
0,0.1612785917729622
0,0.13676610333562028
0,0.12529656325776853
0,0.15499389107519565
0,0.6731705879761288
0,0.1255086759974338
0,0.15529615075599282
0,0.2854891969377083
0,0.12777199611820966
0,0.19466580395360342
1,0.8943648344255769
0,0.3557010130464821
0,0.29094295741052406
1,0.6131673811715924
0,0.13921835264408638
0,0.24757312110628757
0,0.13270425323875729
0,0.14574313096536004
0,0.2246158011747106
0,0.11927999266937427
1,0.13654906025092323
0,0.1401186545294088
1,0.7119189967236957
0,0.1366555492685436
0,0.13698576307548718
1,0.5946213979448199
0,0.13934467137886725
1,0.16004110860292362
0,0.19798272070188314
1,0.5635051532149556
1,0.628378911407644
0,0.19522816092708528
1,0.812634859929413
0,0.1427735965841552
0,0.23212421033888384
1,0.5626791295525948
0,0.13196992511154973
0,0.6533420340612122
0,0.4468795869718283
0,0.14820376335248212
1,0.812634859929413
0,0.15510753945384326
0,0.13815923359935883
0,0.14367750417307748
0,0.13676610333562028
1,0.6844628217136923
1,0.6571736918707911
0,0.20906760456973447
0,0.2181139663790385
1,0.7601869468739864
0,0.12472986501293222
0,0.17947616431894925
1,0.34920448423077577
0,0.16103818568773695
1,0.15971265802997994
1,0.2639020837469183
0,0.1414806591166174
0,0.241669566495354
0,0.6749020827484042
1,0.6604414041187754
1,0.15477370916023225
0,0.16626962317629507
0,0.25097054021656984
0,0.18447697184740572
1,0.6381544220098758
0,0.14326897443983158
0,0.13815923359935883
0,0.20303354736507323
0,0.13086735877672384
1,0.6347353531760754
0,0.1799084011615542
0,0.16387094433874633
1,0.8398131498483544
0,0.20231016375025318
0,0.1407641227956708
0,0.14315916392239336
1,0.15430563583429097
0,0.16874184437994313
1,0.6962275338700743
0,0.14249115467121007
0,0.16494546079080075
1,0.6360705814678832
1,0.23433784951470207
0,0.13196992511154973
0,0.15510753945384326
0,0.167789306061688
1,0.8943648344255769
1,0.6319195830182355
1,0.20774620875238395
1,0.29676161228902964
1,0.7398329138483721
1,0.20945123907231825
0,0.13901268687803553
1,0.7348099626304646
0,0.18393281849012633
1,0.1389188693893195
0,0.20520139943697815
1,0.7562297594255621
0,0.14162798823864026
0,0.17020905400403152
1,0.22670737280028674
1,0.7398329138483721
1,0.21680120409953899
0,0.6310642970054009
0,0.22165847441404476
1,0.888110638533343
0,0.2158831141980232
0,0.13146765523402232
0,0.45874005562641246
0,0.13604279922638182
0,0.14191513397534986
0,0.13676610333562028
1,0.782742615790256
0,0.13596139540717583
0,0.14648710117901143
1,0.38525058739140344
0,0.22165847441404476
0,0.15561113019170172
0,0.21061157690844157
0,0.2310672471491409
1,0.20624611463122292
0,0.6918564875835241
0,0.14427145548464423
0,0.12897178125829897
0,0.1369015239772439
0,0.13149058293993024
1,0.3591922630670549
0,0.13470343163256512
1,0.5748090489228177
1,0.13937603235288912
0,0.1228195304656395
0,0.12805959504873612
0,0.7530418726067697
0,0.13698576307548718
0,0.12919764590785793
1,0.6363922478398932
0,0.15055570234464435
0,0.19312021605448415
0,0.12742202991683307
1,0.8298504522283995
1,0.8122245491294057
1,0.8174802969414073
1,0.20266865466046
0,0.1240192059980582
0,0.20359963172131426
0,0.14421675503999137
0,0.24339292156533307
1,0.1884045757111322
0,0.14587319156442646
0,0.17235553796785505
0,0.18121680177842484
1,0.12860403865594794
0,0.12529656325776853
0,0.23791613361191952
1,0.3915290804693718
0,0.1327495197024927
0,0.14092367582250143
1,0.14118482728308046
0,0.4559844579697326
0,0.14770519544984936
1,0.228803617141884
1,0.6360705814678832
1,0.21238391942807697
0,0.1347235221432187
0,0.13759261372628734
0,0.16525778756308873
0,0.1369015239772439
1,0.6319484844095888
0,0.2024145778398927
0,0.12710331438796096
0,0.12473910962170107
0,0.16586663051250541
0,0.21139371427802625
0,0.24719812068115338
0,0.2819357439326083
0,0.2132633667438321
0,0.1323958510551338
0,0.13116623549525322
0,0.1332000234915287
0,0.1414806591166174
0,0.1250761925420703
1,0.40741505984386883
0,0.1316434208000909
1,0.1281379159769837
0,0.15307372411618858
0,0.17136602456384314
0,0.3120322252513765
1,0.6494627449006067
0,0.21094320939490993
1,0.6459968589677552
0,0.12897178125829897
1,0.8657392480768733
0,0.13805561358380516
0,0.286128451239293
0,0.23354553362948058
0,0.1255086759974338
0,0.23229373944777246
0,0.6714448916141332
0,0.5394599692535089
0,0.22886880071222152
0,0.1499676972023653
1,0.22833558908902768
0,0.17924090253387898
0,0.11595546455925092
1,0.6436603919709798
1,0.6652262900206641
0,0.29487362351978263
0,0.14680028333524134
1,0.6988555900647195
0,0.12777199611820966
0,0.1724286199469155
0,0.4338364569162514
0,0.6378685506805485
0,0.1412803698760521
0,0.24471491996079967
0,0.5231654485458663
0,0.12622850077216213
0,0.34144178167689576
0,0.1971220611530865
0,0.20626115481782709
0,0.20581515739558953
0,0.19562909335181206
1,0.2643465866932259
0,0.13815923359935883
0,0.13441729124058788
0,0.12529656325776853
0,0.15043330101273658
0,0.14029405795553715
1,0.25527717752478507
1,0.7731136008011931
0,0.6973510298464883
0,0.1279677055612948
0,0.13831543153834036
1,0.7430478005811147
0,0.13029081373800783
0,0.5288609800895653
1,0.37077548477865674
0,0.127991702881939
0,0.1484924228647812
0,0.22886880071222152
0,0.23516492492799565
1,0.6394808052037212
0,0.1791124410942831
1,0.7113534971282888
1,0.2544804259055564
0,0.2902462917462068
0,0.12777199611820966
0,0.14593971553250915
0,0.7176167579506779
0,0.29122557122851206
1,0.7950236358379289
0,0.1689460048562064
1,0.23911862947208523
0,0.12052094083868058
1,0.7137536688063038
0,0.20153921044148274
0,0.12390343299402999
1,0.812634859929413
0,0.18521241441394526
0,0.1392773337190391
0,0.1332000234915287
0,0.205968002138364
0,0.1408543732235293
0,0.14036076599640512
0,0.1278139761930919
0,0.1315486084639943
1,0.5807318263455682
0,0.217562398394493
0,0.15966132231378735
0,0.1332000234915287
0,0.19868739725689238
1,0.8038672207258194
1,0.6054657360849375
0,0.1369015239772439
1,0.8657392480768733
1,0.5572902552772224
1,0.7137536688063038
1,0.21094320939490993
0,0.21500234747757424
1,0.14298698994141307
1,0.27300028246096686
0,0.16803694320932555
0,0.1414806591166174
0,0.14746188168756433
0,0.21487333605037917
0,0.14218366316112596
1,0.7927027298614139
1,0.7562297594255621
0,0.12451051138206067
0,0.218750277458842
0,0.14006148416121283
1,0.6528117980588465
0,0.27751514163633684
0,0.1885122644061443
0,0.17468466874776714
0,0.15815883739783393
0,0.1536118214235533
0,0.1283762950243678
0,0.12529656325776853
0,0.22420703439767048
0,0.2899376875444702
0,0.14345820330697237
0,0.18644392979848212
0,0.12529656325776853
1,0.36734290438833744
0,0.15490558504646168
0,0.16311046343206553
1,0.2190338458776777
0,0.13657840413180533
0,0.2592223509777734
0,0.1929005742473839
0,0.2501433189291264
1,0.29676161228902964
0,0.1373015513298069
0,0.6310642970054009
1,0.7612293448417411
1,0.7612293448417411
1,0.14191513397534986
1,0.6467313705488453
0,0.16578142501926352
0,0.3479068749908965
1,0.6166589468189987
0,0.15908443108917816
0,0.347920888964452
0,0.2547818014920788
0,0.1355756002479402
1,0.5813585439522013
0,0.1378043651684518
0,0.16735566200165378
1,0.7230102275292084
0,0.19736417497546482
0,0.13469344431499033
1,0.6459997420809372
0,0.6687334237573068
0,0.17829026212473464
1,0.28711757541071725
0,0.1347235221432187
0,0.12529656325776853
1,0.1898910328399087
0,0.211998332853567
1,0.6652262900206641
1,0.6359737056862973
1,0.7992685584311896
0,0.2064283329200718
0,0.166096194837342
0,0.12693570555374087
1,0.5602485714360134
0,0.1332000234915287
0,0.15804324988705148
1,0.598492517281741
0,0.13191650687907633
0,0.15093515790062656
0,0.17553800761405244
0,0.2030736141143058
0,0.16376741569763623
0,0.13534922220514725
0,0.2180761964310374
0,0.1369015239772439
0,0.24335787289528818
0,0.2277294922312282
1,0.6959172517213722
0,0.16415765252029804
1,0.3711623775232608
0,0.13312502833396553
1,0.43130938567832044
0,0.16621853350434335
0,0.14240093497235223
1,0.18360810787439047
0,0.13132882331231618
1,0.5558996995358124
0,0.13974341614639577
1,0.6009831415214945
0,0.2913279492410649
1,0.5827915778336452
0,0.12529656325776853
0,0.15344148652761305
1,0.7398329138483721
1,0.1443500007016215
0,0.2663226525262781
1,0.8398131498483544
0,0.13745431382758194
1,0.1373112823511473
1,0.5751803008451664
0,0.19038817794135138
0,0.2675906742893996
0,0.2148088476940299
1,0.32025240491488344
0,0.13370291259539732
0,0.14469918011371524
1,0.40741505984386883
1,0.8105510193874205
0,0.19929477543820814
0,0.14193624810697725
0,0.13404979588038218
0,0.18116956980619542
0,0.14276373742368448
1,0.6663528861852731
1,0.6959172517213722
1,0.8007458124154496
0,0.1278139761930919
1,0.1651733036408917
1,0.17151771326366919
0,0.13410810697135428
0,0.1236412686524615
0,0.17818170656127366
0,0.17283563913934546
1,0.6565115090826675
0,0.3968369050681127
0,0.1992875536765689
1,0.8965204461936089
0,0.6959172517213722
1,0.608452631352899
1,0.2114719232123705
1,0.782742615790256
0,0.13537731049755408
1,0.1859259776545036
0,0.1484924228647812
1,0.8711166759254255
0,0.13469344431499033
0,0.1408516137977672
0,0.23135978990184106
1,0.1414147433650428
0,0.185971248908158
0,0.6336066329942565
0,0.16483244167424826
0,0.6533420340612122
0,0.6804884304921913
0,0.2518492881213338
0,0.15193430106460196
0,0.12777199611820966
1,0.22527826152721075
0,0.13654906025092323
0,0.30396078744637
0,0.12338622871047582
0,0.2182664977790469
0,0.13570055121863125
1,0.2182664977790469
0,0.47512237955052605
1,0.12529656325776853
0,0.14928150317703912
0,0.13127036691901256
0,0.14942179938978675
1,0.6652262900206641
0,0.1369015239772439
0,0.1341813485562157
1,0.2328437193500735
0,0.1414806591166174
0,0.16481023383071136
1,0.1441481140920498
0,0.1414806591166174
0,0.13703868429376842
1,0.6652262900206641
1,0.6732696678615194
0,0.11818214871513608
0,0.15154960280415958
0,0.7498699161849072
1,0.5719110513223136
0,0.1380355715163656
1,0.21853310616270907
0,0.1414806591166174
1,0.812634859929413
0,0.23433784951470207
0,0.1369015239772439
0,0.17068881073717393
0,0.222145313130228
0,0.1145623342955124
0,0.14092367582250143
1,0.19009227160447248
0,0.2777711396072283
1,0.24454166161582905
1,0.6895998325806529
1,0.6654048867434746
1,0.6880620425272918
0,0.2272848156157615
0,0.12966599256105465
0,0.1351066912555502
1,0.557912184022688
1,0.6227591560509993
0,0.19279815457242633
1,0.18374502572471244
1,0.19699724725994863
1,0.616397440972848
0,0.15699720334393866
0,0.1414806591166174
0,0.144689290160984
0,0.12702006507653055
1,0.6087937651206797
1,0.6452628467904793
0,0.14574313096536004
0,0.6746336676241909
0,0.21094320939490993
0,0.12456175094999472
0,0.15013782405863968
1,0.6102442122439302
0,0.16762688440427892
0,0.13267391504852638
1,0.13816106735041422
0,0.35391057917555285
1,0.17867230359156458
0,0.1318004328785848
0,0.2929495096318583
0,0.15781195914465407
0,0.13563340053719025
0,0.13328869810819371
0,0.13509010275271613
1,0.29676161228902964
1,0.7786997204322618
0,0.1484924228647812
1,0.7949812151000578
0,0.15289080423005186
0,0.1923865358441616
0,0.1389188693893195
0,0.13517592779608695
0,0.1549991608776288
0,0.1473200223167436
0,0.13189792497314173
0,0.1495322092948017
1,0.8234779221823105
0,0.20448846943036098
1,0.7137536688063038
0,0.22862844990424083
0,0.21492433650173529
0,0.2280385844608072
1,0.8038672207258194
1,0.638469412523649
0,0.19729328307485416
0,0.127991702881939
0,0.139628906042173
1,0.6494627449006067
0,0.1277998830725767
0,0.1332000234915287
0,0.12897178125829897
0,0.2429248575534474
1,0.13618061484861044
0,0.15081093167391812
0,0.9123706695972373
0,0.13669202535923206
0,0.20514432433412247
0,0.1369015239772439
1,0.8718639257212916
0,0.2128397807016429
1,0.2976521522624721
1,0.7498699161849072
0,0.13848825506944776
0,0.24099375619645022
1,0.6437649770269379
1,0.16390855896022719
0,0.1321312283777968
0,0.13676610333562028
0,0.2182664977790469
0,0.23346113828392898
0,0.14315148689033025
1,0.8740253145946052
0,0.13970917161887075
0,0.1374656221711915
0,0.2301686080856441
1,0.5879190030610782
0,0.5702987470948527
0,0.15164922252987678
1,0.6652262900206641
0,0.13632032739197472
0,0.12777199611820966
1,0.6918564875835241
0,0.17843996951917998
1,0.6310642970054009
0,0.15883860337359837
0,0.12693570555374087
0,0.14198225118492608
1,0.5698612420304935
0,0.1679650385476962
0,0.26214729779837737
0,0.13923653951274978
0,0.20257738701499142
1,0.4279337485096442
0,0.12659857261820048
1,0.14312606031047587
0,0.15498522633758954
0,0.6902388227752746
0,0.1369015239772439
0,0.47512237955052605
0,0.5643064492578626
0,0.140206183150968
0,0.13132882331231618
0,0.5786955483216526
1,0.7492609597780435
1,0.7398329138483721
0,0.1366048664399436
0,0.14107234723372483
0,0.1305048852510218
1,0.21959675796597428
1,0.8573431199788555
0,0.12382300866941623
0,0.5646095489130402
0,0.1283165526848026
1,0.2262076380522163
1,0.6409502574998869
0,0.1452706701754743
1,0.29605825594864926
0,0.1728966374133904
1,0.34146486316254426
0,0.2076231623890544
0,0.1415855584784789
0,0.12897178125829897
0,0.6394808052037212
1,0.12856768313260986
0,0.6703336902790926
1,0.20579370616234602
0,0.14006788355907956
0,0.23527103727704032
0,0.16372720028060436
1,0.3621476925584009
0,0.14609585384912727
0,0.5679095531134878
1,0.14578376328608553
0,0.14137193231173684
0,0.13429856583032446
1,0.834995478965925
0,0.1684768259863709
0,0.14484266425041326
0,0.3025878924744194
0,0.12736789799252057
0,0.3281835401536256
0,0.13264714341030384
0,0.13517957147983853
1,0.23756506955029077
1,0.14664473097019246
0,0.2699956178028564
1,0.7970222076339721
0,0.1694087256235619
0,0.1421972618339366
0,0.16205789184692088
0,0.20514432433412247
1,0.651623200169472
0,0.1451547964684369
0,0.17480266255591168
0,0.1369015239772439
0,0.21488128492544795
1,0.8178515809805939
0,0.1473539695897913
0,0.14484266425041326
0,0.13196992511154973
0,0.19402737762246047
0,0.19088397149360098
0,0.6436603919709798
0,0.16580057562058811
1,0.5021474246100591
0,0.12919764590785793
0,0.19781593327183522
0,0.1332000234915287
0,0.1439132877254077
0,0.4460893222608954
0,0.17787090908705588
0,0.3197864286185447
0,0.13186730441943506
1,0.6446542058650896
0,0.15912139397805383
1,0.3136896211557674
1,0.14942179938978675
1,0.15933720656890907
0,0.27405026245276914
0,0.18327499203840003
0,0.12537070189280122
0,0.13654906025092323
0,0.1972135979045966
0,0.26782634829150986
1,0.6872567944874853
0,0.1592398721193286
1,0.14202881812600407
0,0.1485640895971617
0,0.14984668950935634
0,0.18393281849012633
0,0.1362488990520661
0,0.1622600954181737
1,0.6494627449006067
0,0.12897178125829897
0,0.13643793723952177
1,0.812634859929413
1,0.5674563389926216
1,0.6749516072407272
0,0.16528119340946368
0,0.5983944759739347
1,0.782742615790256
1,0.7137536688063038
0,0.2611307783634527
1,0.6610150053125025
0,0.1359633770261703
1,0.7731136008011931
0,0.1439132877254077
0,0.1835976881847757
0,0.6652262900206641
0,0.20448846943036098
1,0.13569500116251773
0,0.16590782056539022
0,0.22165847441404476
0,0.17278357543330994
1,0.6795511257881773
1,0.17731139595558568
1,0.6001996674176625
0,0.14626388319650346
1,0.21255200459068485
0,0.13421591969263313
1,0.15943689481549883
0,0.13052076267604287
0,0.1347361041435884
0,0.12871932071023606
0,0.15539044671674018
0,0.15193430106460196
0,0.1562098442976124
1,0.5446339186005474
0,0.23354553362948058
0,0.14228515095311312
0,0.13465074026568313
0,0.13469344431499033
1,0.812634859929413
0,0.13528840705037795
0,0.12897178125829897
0,0.1978443544254708
0,0.21024660161052997
0,0.14086372531118635
0,0.1369015239772439
0,0.13644363163346848
0,0.7951734762099022
0,0.1315486084639943
1,0.8657392480768733
0,0.18325181162179355
0,0.14770519544984936
1,0.7481935749006902
1,0.6671354284211166
1,0.570190352001331
1,0.31121410373635505
1,0.25115697431871203
0,0.15686589993029612
0,0.1684723548682022
0,0.11953974081418327
0,0.21094320939490993
1,0.15059359375331874
1,0.21094320939490993
0,0.15357889086755103
0,0.13485576878832756
0,0.12897178125829897
1,0.7167257276243352
0,0.15658922851912255
1,0.8101490849425211
1,0.18145465184047663
0,0.21105460119201627
1,0.6461838328042477
0,0.12529656325776853
0,0.16546622872949243
1,0.5827915778336452
0,0.1696311347356773
0,0.49846994555674695
1,0.6151002708790664
0,0.1302530036347959
0,0.7498699161849072
0,0.18992382123256218
1,0.3197864286185447
0,0.321031419293437
0,0.1458501974825022
0,0.1711842241118111
0,0.22165847441404476
0,0.7861546255034931
0,0.32399491689087756
1,0.6218084286211909
0,0.193097535528815
0,0.1690904226328123
0,0.14191513397534986
0,0.16401602995487233
0,0.5871502486769362
0,0.22549509423318453
0,0.14779297960131363
0,0.13000905487729286
0,0.13696475641775777
1,0.30309952731822376
1,0.17851323967742266
0,0.129940551169274
1,0.2890087100272692
0,0.13676610333562028
1,0.315246384919009
0,0.13109991263167128
1,0.2844018365646365
1,0.2100090689264148
0,0.14785817722760433
0,0.14770519544984936
1,0.21800508823324838
1,0.3036836324160598
1,0.6880620425272918
0,0.25406732377910807
0,0.18406490416491322
0,0.1322649141913809
1,0.6654048867434746
0,0.1414974570698599
1,0.6200475232935855
0,0.1568060805500506
1,0.6661304723977042
1,0.13654906025092323
1,0.7985488593008571
0,0.21453255005153166
1,0.789783632275202
1,0.13992114854016924
1,0.13477644336149994
0,0.1423196281222567
0,0.14503753040333206
1,0.17867230359156458
0,0.16103818568773695
0,0.6872567944874853
1,0.8183712309606396
1,0.17000890036638044
0,0.13669109474532568
0,0.13676610333562028
0,0.13186730441943506
1,0.6330569129024896
1,0.6510321572253339
1,0.6533420340612122
0,0.22346198885047525
0,0.1933137262143413
1,0.6959172517213722
0,0.13861166916431858
1,0.6379678637911012
0,0.13750600209811958
0,0.13676610333562028
0,0.1466283758069401
0,0.38509814852128377
0,0.14510360450083085
0,0.18276469598926046
0,0.13423638955403996
1,0.1557711440559722
0,0.14077809138440625
0,0.14484266425041326
0,0.1321312283777968
0,0.1482275908881361
0,0.14770519544984936
1,0.19023107694118974
0,0.2677128048128409
1,0.17217936387969995
0,0.12181287755760206
0,0.16986407444210141
0,0.13676610333562028
0,0.14075593272323642
1,0.13935543158297556
1,0.6394808052037212
0,0.1643400389519623
1,0.7927027298614139
1,0.7882176908266543
0,0.13100286561905475
1,0.6991410504469373
0,0.6761649015243365
0,0.37961481226222904
1,0.1741808422285889
0,0.14735516592522843
0,0.13073696051179465
0,0.6654048867434746
0,0.159182941028304
0,0.15845594435776691
0,0.7137536688063038
0,0.6953699542668713
0,0.13626759170905114
0,0.20462458422452312
0,0.12492973792399008
1,0.1254776319915242
1,0.6654048867434746
0,0.1378359184493919
0,0.1315486084639943
0,0.6226026999187152
0,0.1995208553143403
0,0.22165847441404476
0,0.3170534511429973
1,0.6494627449006067
1,0.15033888119431246
0,0.1965469603711103
0,0.12777199611820966
0,0.13567259980158644
0,0.21956741890429213
1,0.3491341397914615
0,0.13972939773062448
0,0.13654906025092323
1,0.13275117552828766
0,0.1369015239772439
0,0.15228676479092262
0,0.19079727161304186
0,0.22561691953648744
0,0.20683298449483856
0,0.1791124410942831
1,0.15258259271857894
1,0.7006088843627106
0,0.6732696678615194
1,0.282537653551081
0,0.18401573810073707
0,0.289409257389652
0,0.19513362606908227
0,0.13404358613498335
1,0.21255200459068485
1,0.6418767168139339
0,0.18038814926446092
0,0.17950739785933814
1,0.12693570555374087
1,0.6751143659536633
0,0.11656390628608844
0,0.13203491325365513
1,0.7601869468739864
0,0.12387592988769747
0,0.19068909405662582
0,0.21761848502082257
0,0.2504951229119601
1,0.3281730207845206
0,0.13815923359935883
0,0.13742703146565555
0,0.6227341417933074
0,0.12579897042041507
0,0.22830861721207346
0,0.13815923359935883
1,0.13676610333562028
1,0.6436603919709798
0,0.13570502677127247
1,0.6229360784459637
0,0.1347235221432187
0,0.1362999420131899
0,0.1368220932807873
1,0.8657392480768733
0,0.13676610333562028
0,0.20514432433412247
0,0.14407419130096058
0,0.13760719938550775
0,0.17132847585815536
1,0.23280985415796607
0,0.15055175178194533
1,0.21803781860494026
0,0.43130938567832044
1,0.6959172517213722
1,0.5348320062531757
1,0.13461254583881843
0,0.1749186572291691
0,0.1399446689736169
0,0.1502381107404294
0,0.18462424022579485
0,0.1322649141913809
0,0.12058093597879549
0,0.1557720855234144
0,0.17077135743555721
1,0.13583252392997663
0,0.15993715670098335
0,0.19997829177855134
0,0.1653680333417277
0,0.19144676332842334
1,0.6953699542668713
1,0.6950744269726307
0,0.1360837007338178
0,0.13186730441943506
1,0.6736249368061575
0,0.1701511462836006
0,0.12199309844673727
0,0.1711443870819088
0,0.14804573707063007
0,0.17077358203248968
0,0.13739460405136336
0,0.6959172517213722
1,0.6591473812294457
1,0.7564239679155087
0,0.2104893518322066
0,0.2554331413337582
1,0.608452631352899
0,0.1260852496016847
0,0.13671179366835648
0,0.16352518430193044
0,0.13676610333562028
1,0.2908273406979335
0,0.1328343882510584
0,0.3359401779717081
0,0.3883261380269129
1,0.18083087945833914
0,0.14783584238254652
0,0.6953699542668713
1,0.6610150053125025
0,0.1482986537399417
0,0.13596019239036897
0,0.14262329622316466
0,0.15763932662569355
0,0.14046701653019367
0,0.135754445978118
0,0.2630273753717536
0,0.24899506965201823
1,0.1237104336959214
0,0.3046998309756002
0,0.16857812622267976
0,0.7951734762099022
1,0.8234779221823105
0,0.11751132901485352
0,0.13667014503215277
1,0.14102203630591154
0,0.3494782678304484
1,0.438510789974255
1,0.41866661344926537
0,0.13947059504744783
0,0.1399739584181699
1,0.5827915778336452
0,0.12897178125829897
0,0.12390343299402999
1,0.18712536777806654
1,0.14196356880760963
0,0.14770519544984936
0,0.21620363183174576
1,0.2441916915214092
1,0.18615662621894555
0,0.12897178125829897
0,0.24362095078356594
0,0.14212988825827752
0,0.12088557813124186
0,0.14554454327090585
0,0.1553861674695036
0,0.16467847154804455
1,0.5815566643775086
0,0.13339702777449933
1,0.1396498981369316
0,0.41656317000595033
1,0.27906226101735826
0,0.6651157022804641
0,0.13815923359935883
0,0.2142019140885496
0,0.1278139761930919
1,0.23825294528716015
0,0.19046242930175764
0,0.6102442122439302
0,0.15012319190619153
0,0.16610436373769827
0,0.6731705879761288
0,0.26577112020426963
1,0.705445772974626
0,0.12229951001772624
0,0.1440206764580003
0,0.1369015239772439
1,0.8105341108498191
1,0.1752049083270475
0,0.13454507287348114
1,0.5602485714360134
0,0.12777199611820966
1,0.6218084286211909
0,0.26479086251165507
0,0.11801624216249329
0,0.1923865358441616
0,0.13792263039413807
0,0.23792170272712646
1,0.8101490849425211
0,0.25228718611253637
0,0.12199309844673727
1,0.2756770551922955
1,0.7672583855398882
0,0.16105641883043054
0,0.16429991931228796
0,0.13202154711505373
1,0.8385765334908003
0,0.1427110505078259
1,0.5005883093902427
0,0.16444947234000648
1,0.12897178125829897
1,0.13887906816759887
0,0.12096412746596623
0,0.13654906025092323
1,0.5141428225310755
0,0.134174726433272
0,0.1255086759974338
1,0.6714448916141332
0,0.16699684814295312
1,0.14804729901155042
0,0.12382300866941623
0,0.16097622169969605
0,0.13922288973407573
1,0.5221878114513757
0,0.13420146821990192
0,0.12382300866941623
0,0.20553865621238804
0,0.16672706627745973
0,0.1278139761930919
0,0.18262467786304
1,0.7951734762099022
0,0.2764070225521333
0,0.15002018772919493
1,0.7617069697220495
0,0.13031729600790007
0,0.1332000234915287
0,0.2243250197199879
0,0.1369015239772439
0,0.21094320939490993
0,0.2061153323803745
0,0.29171206213270373
0,0.16608019418001485
0,0.12897178125829897
0,0.20434014835337705
0,0.16191882620083659
0,0.1414806591166174
0,0.14428622670080465
1,0.6872567944874853
1,0.22136322189987548
0,0.20416986671531978
1,0.14244408805441697
0,0.15948166561681124
0,0.13404358613498335
1,0.593980459884194
1,0.834995478965925
0,0.19193091151647407
0,0.15279085519104488
0,0.1414988127956349
1,0.2344920190889757
0,0.22431302812184747
0,0.13132882331231618
0,0.18709571422439883
0,0.14542766859745185
0,0.24302939994340048
0,0.1414806591166174
0,0.14361161368149566
0,0.691918664409472
1,0.6124797999126724
0,0.19754111453455306
1,0.6950269500986456
1,0.1420783165088173
0,0.13243012419421443
1,0.8740253145946052
1,0.7137536688063038
0,0.14078246604483677
1,0.14312606031047587
0,0.24559479435874315
1,0.18454623268475118
1,0.2391147973039247
0,0.15763932662569355
0,0.13621639423822138
1,0.782742615790256
1,0.15630876827032686
1,0.6918564875835241
0,0.23482598825870377
0,0.14675546193042677
0,0.22903956662170197
0,0.12777199611820966
0,0.12693570555374087
0,0.13250695669329515
0,0.12906107678128279
1,0.8101490849425211
0,0.161935125665543
0,0.15243808957624638
0,0.15846732685659565
0,0.20262938446989695
0,0.707842114954789
1,0.7950236358379289
0,0.13729070435223814
0,0.13441729124058788
0,0.17634102656622447
1,0.278572409944981
0,0.15683934187597853
0,0.2310490284152097
0,0.12777199611820966
0,0.17818170656127366
1,0.2900877038940366
0,0.3010532644864062
1,0.19038465411535044
0,0.1277675621781797
0,0.17604731626268516
0,0.14510360450083085
0,0.13554507460225076
0,0.13250695669329515
0,0.13937414142126747
1,0.8657392480768733
0,0.21094320939490993
0,0.1919684776552722
0,0.14189089286237527
0,0.13127110440261566
0,0.17456046046440962
0,0.3262015613050789
0,0.16751706116510368
1,0.6247847572573662
0,0.16222889828643028
1,0.34111102812580363
0,0.22028872189807486
0,0.13186730441943506
0,0.1332000234915287
0,0.1389188693893195
0,0.14495733335163846
0,0.16283648099512155
0,0.36545403639658963
1,0.3311260711420557
0,0.1369015239772439
1,0.5602485714360134
0,0.27784470750900153
0,0.1309714902004832
0,0.13037661816556465
0,0.20269951436977682
0,0.13658029315365264
0,0.2302168511991252
0,0.5526369276497796
0,0.37961481226222904
0,0.1455196136336778
1,0.24264864156898067
0,0.1595607978100475
0,0.4520798121209583
0,0.16789200621210146
0,0.12817970941105955
0,0.11894783098149356
0,0.12211777000077152
1,0.6872567944874853
0,0.12076680792721077
0,0.6610150053125025
0,0.7498699161849072
0,0.16624059118456705
0,0.3134729586255616
1,0.5748090489228177
1,0.16755991034162415
1,0.16580614461525464
0,0.2061258504521301
0,0.1444628394829403
0,0.1531246178400251
0,0.1260834273815877
0,0.13846451116359984
0,0.137234822994193
0,0.1332000234915287
0,0.13196992511154973
0,0.5679095531134878
0,0.1363393314202526
0,0.5891036682187626
0,0.13115687639577814
1,0.6016082918712415
0,0.1592415001210065
0,0.13914224796004523
0,0.13050911581726238
0,0.13974894843024646
0,0.23792170272712646
0,0.1592415001210065
0,0.6654048867434746
0,0.1420570602632086
0,0.1484924228647812
0,0.2300103785966868
1,0.14762653274811963
0,0.13815923359935883
0,0.6409687639888134
0,0.14198225118492608
0,0.15908443108917816
0,0.1707547166258572
1,0.7927027298614139
1,0.8101490849425211
0,0.139628906042173
0,0.15174255186674945
0,0.5288609800895653
0,0.12777199611820966
1,0.8492406722881156
0,0.17048695570476372
0,0.5187640266109945
0,0.14257235329013146
0,0.11326032493508044
0,0.1401175714219816
1,0.8156313870918186
0,0.19976167787914714
1,0.14563166673676486
0,0.15781195914465407
1,0.5475080993452283
0,0.13339702777449933
0,0.15878078206415186
0,0.12693570555374087
0,0.6188819557779018
1,0.6383059188595923
0,0.11986508811743649
0,0.4466611832538047
0,0.1371040534709844
0,0.2563563749585368
0,0.1711842241118111
1,0.5845996502466949
0,0.1373015513298069
1,0.13676610333562028
0,0.6186322144054913
1,0.6449918058150239
0,0.14786262216851012
0,0.4420107109864268
0,0.1369015239772439
0,0.1307391238133009
0,0.23826119964643686
0,0.15696991804540153
0,0.15603377609856708
0,0.12777199611820966
1,0.21102321364844392
0,0.1673780350886682
0,0.13725952655640317
0,0.14291821233653704
0,0.1381943326012051
0,0.13033419295751494
0,0.1332000234915287
0,0.5602485714360134
1,0.1255086759974338
0,0.159804429672509
0,0.6977360557537863
0,0.6303364876076458
0,0.1964019675042035
0,0.1369015239772439
0,0.14196908502438174
0,0.22503037821129004
0,0.220453802260668
0,0.13676610333562028
1,0.17877894254810742
0,0.254541085414232
0,0.27253062781299114
0,0.13022739553577814
0,0.1414806591166174
0,0.12399082657598579
0,0.17154652142031834
0,0.1451869837995768
0,0.13448848324828303
0,0.1557720855234144
0,0.14338348454405436
0,0.14838524614025173
0,0.20456125057626
0,0.16873533159290807
1,0.782742615790256
0,0.16606304906343874
0,0.14295039215370695
0,0.1704022528995365
1,0.4019265810300612
0,0.12819522307991407
1,0.6494627449006067
1,0.22925982635365158
0,0.13861048451288835
1,0.15743600446799294
0,0.2300103785966868
1,0.30278960982802144
0,0.1378553344086329
0,0.15179327101395562
1,0.12897178125829897
0,0.13467953312147118
0,0.12946137532475316
0,0.13196992511154973
0,0.14311820692424704
0,0.1484924228647812
0,0.15908443108917816
0,0.17597538767904006
0,0.15464879788902164
0,0.19299754025799062
0,0.1599290619864407
0,0.12777199611820966
1,0.6553905923478734
0,0.14484266425041326
1,0.6418767168139339
0,0.20900345863628916
0,0.6918564875835241
0,0.14092367582250143
1,0.782742615790256
0,0.8712475368168273
1,0.13210922602401026
0,0.1380355715163656
0,0.12353895893912421
0,0.13487399457726748
0,0.1330721071156843
0,0.16270763685740378
0,0.17227116791251232
1,0.1778939800851055
0,0.1298572649305512
0,0.14582952020792836
0,0.3083425717380657
0,0.14698111209494383
0,0.47512237955052605
0,0.1684768259863709
0,0.13186730441943506
0,0.1472525452331138
0,0.1295658682500072
0,0.1937800371970485
1,0.2491520404231981
1,0.1529441172831227
