target,prediction
0,0.14312724776701652
0,0.014916957899686082
0,0.06297047073657254
0,0.09932762299432132
1,0.8023847387304477
0,0.07136249087611612
1,0.8611577419481105
0,0.013704779935293
0,0.1603105246440088
0,0.032799787130191195
0,0.022847070480704428
0,0.008607174632944138
1,0.04716150308595134
0,0.09392194472699379
1,0.861800531840525
0,0.07310369700339668
0,0.03208870069636685
1,0.23620156624593283
0,0.03479144672301444
0,0.09285432292152769
0,0.1619363980354322
0,0.3108897806774471
0,0.05823918596305631
1,0.5325100203816232
0,0.021804892759080628
0,0.3742863337045903
0,0.015762810735125116
0,0.04596763409558186
0,0.015742765997894075
1,0.8415041831054668
1,0.16220109277230646
1,0.8750226063357175
0,0.0650618244164286
0,0.06115455361690526
0,0.024196764330180368
1,0.9304515903766933
0,0.0212469535170309
0,0.028715648720060813
0,0.024653645198883356
1,0.9782393515003995
1,0.897674715931651
1,0.8850458549935369
1,0.24066930011019946
0,0.05691498230762903
0,0.02701488578598399
0,0.020956903939081412
0,0.06171034641613897
0,0.05904744391821046
0,0.06646152544223129
0,0.24155842893160212
0,0.09705074688858328
0,0.25021746737302075
0,0.059856288400248
0,0.03714655515766126
1,0.9214295220110962
0,0.038520661529212685
0,0.49394552122964
0,0.28802098153048633
0,0.6789073571925378
0,0.006284772920416748
0,0.018140652433397256
0,0.03392116035869145
1,0.9666707951632041
0,0.02618366528875306
1,0.8835698638180384
0,0.49954345257239413
1,0.959680089712547
0,0.12444890788024657
0,0.04428820971162345
0,0.23910074725168937
1,0.7621368018140586
0,0.023691412747501858
0,0.03551630189981641
1,0.4058713539119051
0,0.019620749910507038
0,0.04859025596865812
0,0.019124381913559963
0,0.012764133459173386
0,0.03302666977705861
0,0.06940707945319671
0,0.11421240703077576
0,0.2564629879994947
0,0.052247406078403336
0,0.0181407388375235
0,0.04142211293443296
1,0.9387150717292293
0,0.004466144183936532
0,0.7253943319682306
0,0.012651853759129264
1,0.42735582324708665
1,0.9619269781078243
0,0.5636080686963938
0,0.0705709577279104
0,0.03866620214385604
1,0.9111408922309387
1,0.9190360062888687
1,0.28038361656137956
1,0.8659770524444549
0,0.37853774108504606
0,0.07340270111892891
0,0.004406209108651756
1,0.9687996912602491
0,0.07058313485870726
0,0.009925273045562311
0,0.4001383502943268
0,0.5962698714447321
0,0.01989144662566066
0,0.8180493872009136
1,0.7825977290834587
1,0.343051519420335
0,0.014671730473278004
0,0.045714083762790056
1,0.9375846149891245
1,0.044177871468400506
1,0.6929939913640009
0,0.028138334551679172
0,0.01689748209401638
1,0.027829110695132424
0,0.04220251183865702
1,0.47763910642916635
0,0.17593110545336793
0,0.07658098745859353
0,0.025262988125123453
0,0.04252904118901032
0,0.37516224836284495
0,0.20001278616675477
0,0.02582124794961721
0,0.021482201926026713
0,0.01657287728632153
0,0.2108647431787346
0,0.0374334679394692
1,0.28030076114640723
0,0.030336897519721153
1,0.9818996757181387
1,0.7936686603329067
0,0.08424179631338878
0,0.03751064832709331
0,0.028488856165398164
0,0.005140839830629033
0,0.041974327771628454
0,0.025757317464467248
0,0.10408458046411237
0,0.05069717181554193
0,0.022405584273356805
0,0.010510210252800037
0,0.03681162068870837
1,0.5106525457784161
0,0.7426919004301562
1,0.17640858064395215
1,0.9351427254298047
0,0.0429691672646793
0,0.10791426332731681
0,0.23373398475616516
0,0.014225191216658729
0,0.045253461432407244
0,0.08014009483052685
0,0.0224982689819515
0,0.0209340061931603
0,0.026426277868045904
0,0.10940238668307221
1,0.6622279355268013
0,0.1612005551454187
1,0.7322419733673026
0,0.253015010476936
0,0.006156396835810453
1,0.318104400013538
0,0.07523875894143434
0,0.008445824288199929
0,0.02562538781786688
0,0.010293517959275363
0,0.013149631620088694
0,0.08039149029090188
0,0.0710195027048172
1,0.5609621351501345
0,0.27277943467870075
0,0.004139972391462522
1,0.9045630576321755
0,0.016109470312553744
1,0.6243444504936039
0,0.011997588298113546
0,0.025891867339536506
0,0.06775508835956823
0,0.028480971920424793
1,0.7558615948570631
1,0.9794766263857401
0,0.04614543510742841
0,0.015260143070202563
0,0.008877097418610624
0,0.022005662582137674
0,0.10062273792988782
0,0.019816620245121007
0,0.022200882223560207
0,0.10025325182847622
0,0.021112069306282132
1,0.7221742781342336
0,0.01977024537647901
1,0.9431327197989032
0,0.04250426646338433
0,0.011816457986218613
1,0.4907350825435598
0,0.03527222456813568
1,0.9245199301374547
0,0.015457414631056014
1,0.9460734264217755
0,0.04517087525075979
0,0.056690000731552545
0,0.0163190239657996
1,0.883318751380617
1,0.9418421834089137
0,0.014487780238337512
0,0.030668344184382815
1,0.8594870954498701
0,0.06578531862029739
0,0.04598829559932491
0,0.01655197366736544
0,0.00879200653847967
0,0.12971593426487305
1,0.2573035533551994
0,0.028172856882197627
1,0.5600028644807521
0,0.3055690232200867
1,0.8344738187830988
0,0.02650065971753832
0,0.03739103668793907
0,0.28832634284032727
0,0.049719235032418825
0,0.04867430888680195
0,0.014596093909018797
0,0.039495044530938536
0,0.15874765501287114
0,0.08848064845366137
0,0.1635447186361578
0,0.6612417927240205
0,0.04831816285928111
1,0.9565390366801453
0,0.01947922073329132
1,0.97438435752275
0,0.39933462976190043
0,0.023848701990457875
0,0.01689078851908628
0,0.01142064486423028
1,0.2341416289353661
1,0.9022015502203082
1,0.9538373484102671
0,0.026559792766763003
0,0.522445566691706
0,0.013167375746629621
0,0.032278724387645896
0,0.04820798599550642
0,0.02520613805510425
0,0.030086483976034112
0,0.008081192273885426
1,0.6802004643549391
0,0.005337105507580189
0,0.015137882129551484
0,0.02151682917526219
0,0.016738541350786423
0,0.13880488617029133
0,0.01764902787896924
0,0.17571421661237316
0,0.05321572575726658
1,0.9374531467549887
0,0.01859901623962878
0,0.06778862409174945
0,0.18024575405611018
0,0.07906297259853007
0,0.22655820191516332
0,0.006316998162429064
0,0.0563038866024745
0,0.006942495922619498
1,0.5652850411595235
0,0.011456603963726214
1,0.9742275020842966
1,0.911948015906325
1,0.3857685079378781
1,0.12971625174509088
0,0.09050553040079443
0,0.03086144790012896
0,0.04748096582679824
0,0.009582910171133293
0,0.02733017193346146
0,0.007705231410931719
1,0.9945228090800265
1,0.9505733806386065
0,0.006283117200675215
0,0.7596404408588321
0,0.0935995393118183
1,0.7646334349280764
0,0.01748967714391957
1,0.37789209774089744
0,0.021120883863452924
1,0.981995268550149
0,0.008243326177523764
1,0.9564777546581577
0,0.10829123256964712
1,0.48503793650676713
0,0.03834467448315497
0,0.02884815784622018
0,0.027805401809969488
1,0.95434106006192
0,0.1493046195441492
1,0.06415040210691837
0,0.009611953681147398
0,0.027957110508227443
0,0.28208276005940697
0,0.01970695241819415
0,0.007202539382762417
1,0.8703704948271028
1,0.3267224775116302
0,0.24761219425740294
0,0.04850528860063429
0,0.0150502853144161
1,0.9823761575797245
0,0.04325062596242648
0,0.12961471297697777
1,0.19309530282785145
0,0.0086039336439102
0,0.06637846792921127
1,0.9823151913671313
0,0.06025282619980955
0,0.002186242068034507
1,0.9622885184541338
1,0.9757074110579532
0,0.00934511014292423
1,0.8934938322705398
0,0.058829992342828354
0,0.01655667820781049
0,0.8834545606509514
1,0.8937359977077639
0,0.034512318083785576
0,0.06956583868125339
0,0.0276377385945203
0,0.4104392511493202
0,0.00717244862196515
1,0.8523626474343563
1,0.9907524829172224
0,0.08527633548349567
1,0.4325495141599126
0,0.016737385746334186
1,0.6341288840817425
0,0.076248955246264
0,0.015069444742867253
1,0.8555252060998573
1,0.795722820562724
0,0.020647215954397575
0,0.46463590797596954
0,0.05042613377718183
0,0.01640393474129484
0,0.2816432627245738
1,0.8799899992189082
0,0.032628991203261085
1,0.834292587870692
0,0.17166508093742316
0,0.07782407772620636
0,0.02436643703686565
0,0.02038468112406321
1,0.1569794438133616
1,0.7446278999758065
0,0.016382196155810883
1,0.8974616608767197
0,0.03191152919499989
1,0.6574278297150831
1,0.35816288759214293
0,0.13351587548010818
0,0.03128628685836562
0,0.010371388054080253
0,0.016121054865927572
0,0.021627755642928213
0,0.017228026450850982
0,0.021122345102770407
0,0.24389372070408596
1,0.9832226665766814
0,0.057714612768654666
0,0.01774276734153424
0,0.3869204582181155
0,0.023398039788626042
0,0.04211021384957784
0,0.04412526160832115
0,0.7706612213968561
0,0.1273858640470753
1,0.8870268398589238
1,0.9611650804624978
0,0.025721428991071476
0,0.08368106157563941
0,0.4100195963316274
0,0.04308235890757113
0,0.06529769924397658
0,0.02258441265994932
1,0.8070359402976068
1,0.8719429512050244
0,0.06008050569312403
1,0.0619416080339433
1,0.9321738933084373
0,0.5857745105231844
0,0.18057783559116364
0,0.03316987731133996
0,0.013983679627240534
0,0.01305742437153529
0,0.004665175388790208
1,0.21032667984244693
1,0.7131040941625264
0,0.15598110606061277
0,0.011331190658292693
0,0.012763368674529572
1,0.8143214932262838
1,0.9336204825231511
0,0.024710199648528965
0,0.23147359026735148
1,0.8854857880106225
0,0.007825575089347734
0,0.011578390367371637
0,0.014167057795533174
0,0.12211598270921363
0,0.005836640742060875
0,0.014620924800357864
1,0.7951278355800201
0,0.8430482311579353
0,0.28856349139825915
1,0.978447317160066
0,0.05782942844446509
0,0.05760938101136297
0,0.01459679498828495
0,0.5003816131641663
0,0.0242387933183054
1,0.887817915051309
0,0.038212539305436666
1,0.6890724992765696
0,0.04471697522941696
0,0.03543752631413172
0,0.0990140625654504
0,0.02535526198833198
0,0.04715685916550621
0,0.03538293802142711
1,0.9581795992152001
0,0.05093806491220878
0,0.04065901594556669
0,0.010220625474438803
0,0.20349922186242178
1,0.7118164477896736
1,0.5967178892812925
0,0.04867883833986769
1,0.8928099495795773
1,0.7858391066660068
0,0.02367490203937495
1,0.8430205042499126
0,0.19558970972061715
0,0.05802221555854331
0,0.9135522251683816
0,0.02487418143572436
0,0.014535588622702347
0,0.006583429152085495
0,0.027788006693634255
0,0.01855117421317704
1,0.9885164608137219
0,0.012446080399041137
0,0.01887436686924992
1,0.15676927746704067
1,0.8020525939073602
1,0.732117252998373
0,0.15885432974262706
1,0.550102420222587
0,0.02533694489155984
1,0.878049900643399
0,0.04185519490470744
1,0.6567506390378555
0,0.1282229461129661
0,0.05938934395608463
0,0.057016598913174676
0,0.019449174423964436
0,0.05647789405152046
0,0.010674512667326792
0,0.06470312189545561
0,0.015252635616756561
0,0.02610231567633843
0,0.05962705493694799
1,0.9747131809218459
0,0.032825577146433554
1,0.7888665751618082
1,0.8771937471845573
0,0.026247131504630723
0,0.01300641554348662
0,0.021873384838488816
0,0.027632909147252006
0,0.033087148497456365
0,0.00953135513244926
0,0.012588883752361673
0,0.07353095716068116
0,0.01000380818777301
0,0.03694839529594098
0,0.021156614056591347
1,0.962192758685257
1,0.14439772266393933
0,0.07847236799435656
0,0.047642116824837585
0,0.0466974235144826
1,0.7952195647787536
0,0.04545935012542262
0,0.007260834433681346
0,0.1775308150200993
0,0.09375604415483724
0,0.005408325697740682
0,0.05441770798510538
1,0.4133680608182084
0,0.03642624832648496
1,0.980064019437242
0,0.00531165587238106
0,0.005981343822208367
1,0.6573988663880999
1,0.2764736965970178
1,0.9876563419872905
0,0.5106462897486151
0,0.0199807244666946
1,0.22766523372688574
1,0.6199707792944833
0,0.11035021800725818
0,0.0131781444517438
1,0.9303049363004691
0,0.042324068973850215
1,0.9735438789792485
1,0.8460718149483532
0,0.11254803123035752
0,0.25209107102633577
0,0.01816629050633949
0,0.017969585928901653
1,0.5774905190723592
0,0.02720500391731142
0,0.05347993314917241
0,0.02485330418694713
0,0.061324286029980364
1,0.18583765261974758
1,0.24580568176742312
0,0.07492265136295592
1,0.5205364956379793
0,0.03404600521359566
0,0.0558021038815797
0,0.046862120131516374
0,0.08450822650376774
0,0.1209549740874676
1,0.8897099872135388
0,0.03218557103258419
0,0.07797549786284708
0,0.00884778490704566
1,0.508092437732854
0,0.033349718676263865
0,0.02846244709647475
0,0.01398190072376031
1,0.7540151950353541
0,0.07544625445150568
0,0.03278307622966108
0,0.04028040307862321
0,0.5963998124303191
0,0.7016710837256823
0,0.02554595257048806
1,0.8222962576103716
1,0.3153051133343603
0,0.019992162018928228
0,0.8713339363850335
0,0.08571072702170594
0,0.5071064200545262
0,0.08929619976003596
0,0.03831522803336681
0,0.004766349905876311
0,0.3227491640242763
1,0.0354795857015435
0,0.014112586077116586
0,0.12779562346430265
0,0.02079409391063628
0,0.03110708329501752
0,0.0269525443383715
0,0.3812732229869243
0,0.2466858962789164
0,0.02483073603277804
0,0.8093695917978253
0,0.012348073926112839
0,0.3214884133319897
1,0.9071530598283863
0,0.041433731038389335
0,0.29387110019630674
0,0.31980747297663037
0,0.018077900307967885
0,0.011046073493274158
0,0.01595519567922057
1,0.9146629117749092
1,0.25366530715147917
0,0.04082561463461318
1,0.9777624462630727
0,0.006021114851469735
0,0.10933826156627231
0,0.021892226277094307
0,0.03389142629320031
0,0.05675765775646633
0,0.03912850519064799
0,0.01482501013133407
0,0.05456628044221895
1,0.9928986164110594
1,0.45594937000425023
0,0.05657459614717357
0,0.041833406565776346
1,0.8904557470486943
0,0.07128566037303999
0,0.06322940717154918
0,0.05208437982334592
1,0.701245984003188
0,0.06968012067045037
0,0.0165878133188745
0,0.8440364365395135
0,0.017024655186889937
0,0.010658220588821956
0,0.5599633810767332
0,0.013443778063764756
1,0.677286621468592
0,0.06647764825593225
1,0.9950468843409137
0,0.9453279245572918
0,0.03945832209141147
0,0.625717308477046
1,0.8381469046747023
0,0.00840186811013819
1,0.5478351339653917
0,0.027656411463359766
0,0.028028335169320028
0,0.03202635257221864
0,0.039340277528703796
1,0.9560337592534567
0,0.7992933140463006
0,0.008277270765171799
0,0.25306745210205195
0,0.023608931836740826
1,0.4909014941442757
0,0.0215345269853363
0,0.1000042936283362
1,0.9116034975118815
0,0.014914695734612585
0,0.08016912788348711
1,0.32523650379061814
0,0.031255908171283465
0,0.5259198539993326
0,0.028535864778850444
0,0.018769668559147936
1,0.7402129892558355
0,0.22024577819002797
0,0.0546104352590167
0,0.7045873851449952
0,0.011248858137380503
0,0.2319410541999297
1,0.27123043370384897
1,0.852270851890089
0,0.19353809487356635
1,0.6402835170790616
1,0.9434475175791956
0,0.006504718539335528
0,0.17862291496302105
0,0.014761253194352108
0,0.03090411158004895
0,0.018209153524617955
0,0.015280951103651063
1,0.8909345861184741
0,0.0694542432867927
1,0.24449209764082128
0,0.6090907306775658
0,0.4853879862243219
0,0.01043704794075694
1,0.36371178149328737
0,0.006873436119211837
0,0.029765674701833562
0,0.01742991364291241
1,0.893564999172469
0,0.01952346792915994
0,0.18044347214613551
1,0.7663826533794066
0,0.011133901710910145
1,0.961725140357704
0,0.07964834206248983
0,0.017488341296150033
0,0.03323984184725902
0,0.022866368967248977
0,0.0035746435545154043
1,0.7647864734270249
0,0.5962896492953452
1,0.8903893594008995
0,0.004325007905717305
0,0.697896069544081
0,0.01572283662524002
1,0.508092437732854
0,0.6162446094934343
0,0.09796959603443185
0,0.6341222715835549
0,0.013746888505175362
0,0.02152887781214721
0,0.00915930228822773
1,0.28310154528935566
0,0.2187759893231937
1,0.3499247691569287
0,0.03901718753648501
1,0.6404580054027369
1,0.9460388599225522
0,0.025573119869658423
0,0.033167108537444055
0,0.06964464876331733
0,0.018502946111302356
1,0.9859525432064407
1,0.4075556938474383
0,0.01792531389428831
0,0.027120581778021804
0,0.011283674387375858
0,0.6644322629358737
0,0.02603382376421564
0,0.067481953702129
0,0.004477413735670626
0,0.03966717553977084
0,0.04270591346400356
0,0.4461639053368738
1,0.8706781878386913
1,0.13047720857491127
0,0.0714802096177203
0,0.01638771105405232
1,0.9469482392626545
1,0.607614386577502
0,0.02083797721345898
0,0.00951747838840949
1,0.534072815681605
0,0.7443542222809396
0,0.1477945125964074
0,0.32717648470770705
1,0.9185062754288641
0,0.017587832888493846
1,0.6810503115109094
1,0.9789366670352193
0,0.03638971263460627
0,0.25011063311938886
1,0.7646996602446888
1,0.9079635983326421
1,0.9869347599002463
0,0.030019435765958637
0,0.07811452331599321
1,0.6915255554097429
0,0.03470124032448782
1,0.54679845540974
0,0.03458272773827438
1,0.5448847338092111
0,0.055239664045466534
1,0.14434031271806116
0,0.008873437831515441
0,0.15461480395776533
0,0.008473629001744124
0,0.019851335620233383
0,0.010644079130423232
1,0.7389100899154978
0,0.06396003544658733
0,0.025888277959068843
0,0.010494863599710427
0,0.06396376397726801
0,0.0022614406914439706
0,0.2140040866123541
0,0.03948993867430867
0,0.059583766757795885
1,0.5214491105271469
1,0.3009927683313677
0,0.024700655924187343
1,0.8410149198482619
0,0.09722299271413738
0,0.08061490186018005
0,0.08755380893179723
0,0.11861152568767233
0,0.02830400640177921
0,0.04490388626636265
0,0.02113924666657734
0,0.004988121834323412
0,0.01172549853421802
0,0.8087256137078577
1,0.9369859673184167
1,0.2185449209839187
0,0.009268229492970783
1,0.5679132454951723
0,0.039867776016212594
0,0.019987742798957524
0,0.05293711372738779
0,0.03887645188127874
1,0.920666369570561
0,0.06051426582980009
0,0.00724529580531822
0,0.15611934729481716
1,0.9883306781151391
0,0.08156741665048128
0,0.008744434420492391
0,0.9262754286459529
1,0.8702043521354864
0,0.11576143970243087
0,0.2569816848593565
0,0.17825982462976503
0,0.095461531424033
1,0.38829497675622104
0,0.008759907628814633
0,0.020990991538250743
1,0.3126758166888548
1,0.6700818861909449
1,0.2164592020883789
0,0.30726046873750373
0,0.9255804877296485
1,0.9519904099335046
0,0.00915689473191338
1,0.7342097647653584
0,0.04466167046846128
0,0.07776477218882168
1,0.8267984815478849
0,0.8284872591402102
1,0.8313259161957894
0,0.14378197933358747
0,0.07555376598575965
1,0.8147105976243174
0,0.019940666535170373
1,0.6724364399452669
0,0.03753842109868708
0,0.06492790570131846
0,0.04298096714877285
0,0.04301117202702675
0,0.01741673986949372
1,0.7016317147667177
0,0.05074951418417254
0,0.025882524923511313
0,0.006217131887930669
1,0.8700631812083478
1,0.9501273714299979
0,0.030360089326223718
0,0.015970295050199965
1,0.9793105129648246
0,0.06781944510125161
1,0.48596874405561735
0,0.034858954985689916
0,0.01593695023956187
0,0.011563181513237781
0,0.06348093045318524
0,0.050358706705988084
0,0.6018683516791131
0,0.15626554569661844
1,0.9814443666835169
1,0.9207907843616651
0,0.3902229527730121
0,0.05073950580764863
0,0.025031962485669627
0,0.17200130858313722
0,0.004836907093127748
0,0.0408677662232117
0,0.12442558471749171
0,0.012586776098098277
0,0.038390556580275896
0,0.030695473659141218
1,0.6923754383805548
1,0.3222357257343049
0,0.048145991271423993
1,0.9168181682012932
1,0.8835723264130513
0,0.6306745437366962
0,0.7319309413122179
1,0.9780596889936971
0,0.07278940433344615
0,0.02946830962819429
1,0.8629069022000508
0,0.0164101010626486
0,0.023159844537590964
0,0.20620107446451139
0,0.07168573932881256
1,0.015458353265258152
0,0.015483273486162233
0,0.005768489171929771
1,0.9913563896942378
0,0.03386043037502778
1,0.8706310384152162
0,0.008855724538532592
0,0.01788242643752666
0,0.024213618023415807
1,0.28551500038942573
0,0.02285307073274838
0,0.014093573036445173
0,0.021199721973789734
0,0.19944017527637545
0,0.014894162903208621
1,0.9334720130915075
1,0.9590161594350735
0,0.03212281413023174
0,0.04815605323440266
0,0.06856008497569974
0,0.013154465602780906
0,0.02510538005008619
0,0.06443118810438284
1,0.952676958736038
0,0.016319343871620966
0,0.6901744756717253
1,0.9788818315507686
0,0.014336306823411088
1,0.8683716701035172
0,0.1831244718697076
0,0.011589177555465506
0,0.43032165685425117
1,0.3628108458352406
0,0.04665349137477745
0,0.009434738792662857
1,0.7656338324576946
0,0.08563074612593244
1,0.9418514373912034
0,0.022220708414353748
0,0.021856180876296573
0,0.8029269934162979
0,0.03598799093210966
1,0.8266236631037307
0,0.020874281581592526
0,0.024610941932372114
0,0.019298592080037882
1,0.21323046302739676
0,0.008203825732154457
0,0.14087444482841563
1,0.4543483094588748
0,0.013049436579339508
0,0.09966786239743217
0,0.011490299478418769
0,0.21092447171439904
0,0.12963074279778902
1,0.9808305331369126
1,0.5442282683963525
0,0.017342134858110352
0,0.052354454876235496
0,0.013039360893106528
0,0.01571197257230618
0,0.024624851355474136
0,0.013089269275844476
0,0.18930423557382262
0,0.08609613841952252
0,0.023472660241020366
0,0.07265429847446654
1,0.793090372893437
0,0.017146073436244098
0,0.32266920864077747
1,0.44154882827832953
1,0.9484498871166352
0,0.02052531888951764
1,0.9252380497702634
0,0.026088336442875334
0,0.014838324719260694
1,0.9230900668646201
0,0.33171216906061224
1,0.602856094294502
0,0.03499009758269611
0,0.015579167377725169
0,0.06474060292295476
0,0.014349453071394402
0,0.024989526947811418
0,0.03012277006443983
0,0.05492617108940064
0,0.015648069466804377
0,0.12741770301265828
0,0.014460728046934313
0,0.035442690455944496
0,0.7362621827535295
0,0.07188360441573992
1,0.7771215962587678
1,0.9036753314861447
0,0.6605869544575238
1,0.6811485764429991
1,0.41723946542358975
1,0.10714354494115078
0,0.05656250804754782
0,0.05589293918779508
0,0.08061624692693216
0,0.44478994420584955
0,0.03388091340594377
0,0.9330350411786242
0,0.40361186529644033
0,0.04759663043717833
0,0.04022744336625225
0,0.11771617669387115
1,0.8572742085449401
0,0.08921049945949074
0,0.18531155213575418
0,0.07185719493399077
0,0.03490618179889614
0,0.11891597272826775
1,0.796762383195807
0,0.020771668723643267
1,0.9868464684568862
1,0.9876809918703789
0,0.09422530154823142
1,0.5408349496839004
0,0.0231842318235869
0,0.010870797783612794
1,0.7157058697574658
1,0.832175585538347
1,0.691962751475488
1,0.9196329267914475
0,0.9621122769322897
1,0.7065642589227519
0,0.010505698601923057
1,0.9264847254258362
0,0.015514815660114038
1,0.675002540311359
0,0.0793228831702399
0,0.02433368847314919
0,0.07269609545865882
1,0.6491978364541054
0,0.012122396759893706
1,0.16709338866934828
0,0.00970147262322807
0,0.05915040221647971
1,0.9573209315284936
0,0.024672401189823407
0,0.707039605037116
1,0.8094964201781746
0,0.47585691380179773
1,0.6242565699763283
0,0.03509174801408972
0,0.017709091213999294
0,0.042147364307967096
0,0.018949516092809707
0,0.010512842615190884
1,0.04057066898737885
1,0.0388533311934276
1,0.9264961259118979
0,0.2399547812527127
0,0.43511633426605306
0,0.05212649898150946
0,0.011630941052457378
1,0.7893487463144155
0,0.047032373657099294
1,0.9488900333426137
0,0.00654935885148064
0,0.006726513025853939
1,0.23562807036267813
1,0.9457675985994097
1,0.7541321578661073
0,0.033090989781473644
0,0.025140734007006928
1,0.9061274022972532
1,0.5667071460859232
0,0.05098911550192489
0,0.03179323113866562
0,0.020135714989570935
0,0.011285593872235435
0,0.2542155140289634
0,0.06974221777928499
0,0.010494403910070216
0,0.03448422953426124
0,0.07665024554704045
0,0.2497949736170802
1,0.10327113091551854
1,0.9325428290403074
0,0.023460845671469287
0,0.0037139305621656815
0,0.15706726538124072
0,0.07637880443559492
1,0.9673197657007805
1,0.9730437487671553
0,0.014580476119485446
1,0.09101494534814179
0,0.025047606863130796
0,0.039798234939989664
0,0.09343292314511428
0,0.44304280847243943
1,0.9126791947116625
0,0.005271054584709331
0,0.014022686844293426
0,0.07687307286254583
0,0.022582327872881034
1,0.7306816745717923
0,0.016704537096848757
1,0.33431625930237635
0,0.0194106353405361
1,0.6318590278960713
0,0.02353045515073561
0,0.06044614945995434
0,0.03128004059640646
0,0.0279214655511452
0,0.08755951328040827
0,0.040405715831602095
1,0.7484641700460462
1,0.7239432941444963
0,0.062382550048816474
1,0.4520403569216974
0,0.031080538747995306
0,0.00828589375138118
0,0.0049239826691197764
0,0.047429626877128164
1,0.13089757095994886
0,0.011610834027494445
1,0.9342282004327132
0,0.018856689397363034
0,0.0664826877943613
0,0.04179440971278903
0,0.31428176855334217
0,0.07342962791313325
0,0.015590681437561732
0,0.059769451086455275
0,0.01761238096754694
0,0.2626778610235926
1,0.9399135013939105
0,0.02710879811294322
0,0.027592000700773816
1,0.8996790734029658
0,0.10417681326261422
0,0.01512763189607456
0,0.043329515937346796
0,0.033344686237551005
0,0.013565345747035513
0,0.053018210863416015
1,0.8644550669727532
0,0.016361255012631876
0,0.015573800208354005
1,0.7364417506186972
1,0.7303816984950644
0,0.0995443588825909
0,0.06222571962476941
0,0.0120116031265154
0,0.1098991968098582
0,0.02607978106616778
0,0.22087783667984368
0,0.7311070419590519
0,0.06143756041443777
1,0.8407253342956352
0,0.16032146876060022
1,0.7899147626359151
0,0.33618119686043924
0,0.021738015517256116
0,0.09100384692932532
0,0.01059239397031437
1,0.5090694290620017
0,0.010236925623151998
0,0.45513208206860295
1,0.8680942177986173
0,0.0346964624008337
0,0.4627255764926569
0,0.01775997297602714
0,0.04628258784383894
1,0.15829752425404817
0,0.02669935265924727
1,0.09095000298673152
0,0.1395756944857041
1,0.18290899871694502
0,0.018685026826804254
0,0.13560487480919106
0,0.013229410456470199
0,0.011497742051323253
0,0.008562669229533922
0,0.0037748252984525815
0,0.026656796657914542
0,0.07963055774324393
0,0.07235676208081984
0,0.016646658435075935
0,0.03817189387934881
0,0.023684008611429764
0,0.05388555071397006
0,0.09565433945550739
0,0.09337817263451598
0,0.02301805269040037
0,0.17995417233093547
0,0.13076736524007782
0,0.025324083772879657
0,0.01641777147112896
0,0.019855046285388523
0,0.21834158456828712
0,0.028759660592634653
0,0.017524564301178554
0,0.3029823751080728
0,0.017888122505915698
0,0.06581199561403421
0,0.07868467547682219
0,0.028005735477001553
0,0.2595869176179795
0,0.007023515081600921
0,0.026533664006895868
1,0.9675803265500029
0,0.355398131196988
1,0.9799548665314602
1,0.11122396488102339
0,0.038870323926469545
0,0.020760541670175207
1,0.14044718295424108
0,0.02700228171630072
0,0.0332052834365131
0,0.8344738187830988
0,0.6607875694796431
0,0.012321241492165496
0,0.040560757842619866
1,0.973139145531418
1,0.9737594195432296
0,0.048786709876720374
0,0.016296741337040684
0,0.1029039530452962
0,0.08579126057004198
0,0.28631971085550667
0,0.08697265779804647
0,0.7328289455332558
0,0.014380531665834374
0,0.2641567646280194
1,0.9098613482769268
0,0.02220595787270954
0,0.15149058810403615
0,0.02131241974859237
0,0.054984249175242327
1,0.12047083152526682
0,0.005896689330621876
0,0.024208258364732047
0,0.06776829942227493
1,0.8449083359834355
0,0.13005835458584414
0,0.03363231310771599
0,0.030283062683326607
0,0.1684585047767312
0,0.10661123484099629
0,0.4477083212847989
0,0.0254243654121351
0,0.6084978876041715
1,0.96670634139095
0,0.07858534177172793
1,0.9363118652337782
1,0.27879362401518726
0,0.01564870863574086
0,0.7500938309030392
0,0.027782747958131515
0,0.05565234381950939
0,0.06232756512199181
1,0.4457643675269483
1,0.04016657808682495
0,0.11446026394349679
0,0.03740400122145282
0,0.0193414610402519
0,0.47843383784138793
0,0.0074812025247377205
0,0.6712176618813844
0,0.0443815927798388
0,0.05101677408836829
0,0.030974123321736546
0,0.21849524788757638
0,0.06377788016535886
1,0.3868183458355467
0,0.08378095229349333
0,0.005463898530067309
1,0.7656936271353383
0,0.08680650184868555
0,0.34282005808646526
0,0.022997085975178612
1,0.6139606725915244
1,0.775909462681233
1,0.9449809444339402
1,0.9261013838496179
0,0.043544630309110696
0,0.017222002836804227
0,0.029191697818776046
0,0.016062816619666742
0,0.6269321468488894
1,0.9363561152945225
0,0.01946551140954995
0,0.05546115579619391
1,0.969073599479337
0,0.20230156767821758
1,0.4844422492237039
0,0.05001245477444275
0,0.08449154673577265
0,0.44762053430379084
0,0.01576954984147352
0,0.019719240895153835
1,0.743344360826388
0,0.039992848627202635
0,0.012151005183166419
1,0.5894135269613645
0,0.031244372897887784
0,0.031199345066374704
1,0.05728862997094749
1,0.9269755679767046
0,0.15361020570679312
0,0.011663362113576773
0,0.5803395412554171
0,0.35008467494786494
0,0.08742931140640613
0,0.010270719796729774
1,0.8975615242375028
0,0.38456931290143437
0,0.07696910389948929
1,0.4836513286152419
0,0.012258875330500265
1,0.3816547986861749
0,0.3279948813442238
1,0.0717692762641908
1,0.3888970988216393
0,0.001749641258398976
0,0.02047329178201423
1,0.01575025042699814
1,0.39824336980201197
1,0.4678985252495535
0,0.0855021596021635
0,0.07252079856155082
0,0.08776457421273677
0,0.01525358295245085
1,0.843640336520684
0,0.4887757737539329
0,0.025692685722695823
1,0.9668184811214457
0,0.11551404808659722
0,0.5716179186032552
1,0.8117819588891848
0,0.014841429469376631
0,0.03937909944666173
0,0.5795141506339934
1,0.04050186458356174
0,0.48031600984320166
1,0.2009895527357992
0,0.14469167259174948
0,0.040446909397780416
1,0.8785403287608222
0,0.086304264326711
0,0.031507994446370716
0,0.10155561187609319
1,0.7664287455052365
0,0.04247088930601166
0,0.030720704298320137
0,0.016008727160352412
1,0.38983622307745064
1,0.9729564804582133
0,0.007735328389240222
0,0.07257759220734322
0,0.045308230560106806
0,0.07357812268691734
0,0.08761782977980916
1,0.9528849291058414
0,0.190196660544064
0,0.1865014232068829
0,0.11566944480471232
0,0.002729020628357369
0,0.09372649903051103
1,0.9669992776383005
1,0.10164755371689771
0,0.05304671529257168
0,0.04199625154344506
0,0.04447156965698148
0,0.6200666605015552
0,0.025245995785957834
0,0.05827992956396948
0,0.03727665829419871
0,0.7928649689846985
0,0.4839001842351429
1,0.9029158277931404
0,0.004265160068513277
1,0.9042989555923058
0,0.12972012417991122
0,0.445455154576468
1,0.7879736768539122
0,0.020849708203316282
0,0.13223468594577042
0,0.006704812069504952
0,0.019003162815771243
0,0.03698636704314855
0,0.04484160854590325
1,0.8137928473539635
1,0.978482642285251
1,0.8733817305947028
1,0.8928590948916895
0,0.058832880921132216
1,0.9029577055790979
0,0.05721770834783217
0,0.10206210864195968
1,0.012891506764372267
0,0.02538534227011151
0,0.011098404135746939
1,0.9910141567135857
0,0.82314786450857
0,0.0816385444628601
0,0.6183410972794366
0,0.08217675818573442
0,0.016068577020393545
0,0.01664602738854747
0,0.011249907849619604
0,0.018885318451099906
1,0.8798119591861188
1,0.9825513538313098
0,0.4300730361975928
0,0.008886453660188028
1,0.05529861596191529
0,0.015410069115231885
1,0.34312016668973494
0,0.09477745068332677
0,0.010797531074526948
0,0.35922204825751786
1,0.9228807271057027
1,0.9504070085622327
0,0.09381543753793228
1,0.9484182640827739
0,0.03376358834422714
1,0.28386934712521666
0,0.8663769859325748
1,0.8651784872476493
1,0.9876438011740775
0,0.0536141112065643
1,0.941012507331226
0,0.039248602016259355
0,0.019582747898809424
0,0.02452780944873322
0,0.13200617516129437
0,0.017353818352067986
0,0.01293354995774196
0,0.10298181686776034
1,0.7657236676549564
0,0.040818257393517576
1,0.9674733377250443
0,0.028310283522778104
0,0.21989894703403914
0,0.4645641752471771
0,0.01280279886610506
0,0.05284187568729323
0,0.05568021591934934
0,0.8636924784409936
0,0.01718118158562056
0,0.7931501558367264
0,0.05507594328874876
0,0.03500617265802256
0,0.03712068237722762
0,0.05783419580017144
0,0.06602562712977819
1,0.5788088067784578
1,0.2068313672505875
0,0.7142504377633737
0,0.05561564515014154
0,0.004016858427954997
0,0.02648716352155314
0,0.03714313824834771
1,0.45979698286488524
1,0.6690832783411927
0,0.00656447587200258
0,0.011213809120480934
1,0.8648904958704945
0,0.10086391952733367
0,0.014369512074081893
0,0.03854016966113501
1,0.9437718907512914
1,0.8826634541679659
0,0.00770934640888591
1,0.7091111294133847
0,0.04862354837926102
1,0.043931720509765085
0,0.09691330804458902
0,0.15272821739520714
0,0.02015699707201828
0,0.13734366193373013
0,0.04552307648652839
0,0.021722100914215912
0,0.013755934457330365
0,0.016300086217629454
0,0.0130104741152089
0,0.0024441407060608357
0,0.052332940506339964
0,0.031887020002595766
1,0.9573890437776885
0,0.059711983902129395
1,0.9715731053535047
0,0.018016528926793368
1,0.04932000836703065
1,0.1280652977044044
1,0.8374345799261435
0,0.06728218911982665
0,0.037758183074226216
1,0.9607093033001384
0,0.05196430416543888
0,0.1368542311970837
0,0.022548582746625915
0,0.0070319864196292685
0,0.01184140083691992
0,0.5612702549055782
0,0.04244071213054794
0,0.1728058807103946
0,0.012965854871855368
1,0.9257625385285007
0,0.022609968005283212
0,0.031559804337419346
1,0.8201731757109416
0,0.07807656952116562
1,0.9153866431705129
0,0.015347267763094447
0,0.1925329593437664
0,0.055428567527689286
1,0.049224321084212395
1,0.44004527251651093
0,0.4700520675779533
1,0.07046340220592748
0,0.14877530806507003
1,0.7433452106056387
0,0.02154253499838762
0,0.013883728711439478
0,0.02206553804588062
0,0.7337256212928372
1,0.9688166418317775
0,0.030453583759956215
0,0.014532394492777823
1,0.612032323292386
0,0.03133129695911618
0,0.008095899221283839
1,0.11120817053819453
0,0.04061520981170197
0,0.03767298585571631
0,0.31588068274060566
1,0.897972124540265
1,0.8754002783142666
0,0.036697714976187075
1,0.9004999231946939
0,0.012163753337012539
0,0.32803043884433813
0,0.025699880109513015
0,0.006391413643408192
0,0.7179132576225864
0,0.0580023921665088
0,0.04872407480448048
0,0.0071288263121140165
1,0.9053176687734109
1,0.6512096573031886
0,0.00900189906697244
0,0.008932168798087928
0,0.028091943924522893
0,0.629903278175291
1,0.5131334705040143
0,0.025351707549715444
0,0.013516509802449686
0,0.05051440491169701
0,0.011612066932235928
0,0.08630015124909673
0,0.03085810776050081
1,0.04887143759039748
1,0.9806803038046829
0,0.013362161270983386
1,0.910274900256803
1,0.7396883866028745
1,0.9879168906087475
0,0.03656214600287799
0,0.014182769770126549
0,0.1153533186545175
0,0.806979336268064
1,0.4197097863246912
1,0.5798117983892618
0,0.017066245051590108
1,0.5357691884626067
0,0.034697171157310996
1,0.2800177947134817
0,0.017409142842034354
0,0.19778627597077486
0,0.6676419829936954
0,0.29527000745805554
0,0.06641251561229038
0,0.174662292163774
1,0.8030658765237694
0,0.01507304994435567
0,0.012997258614092663
0,0.04178162953203977
0,0.03364110803395211
0,0.10578622933478042
0,0.012559242798799304
0,0.02383675379838846
0,0.02914943791528771
0,0.03923892077140383
1,0.6803256471618374
0,0.013779951396593904
1,0.8100834550134338
0,0.022014948627678492
0,0.0055511494857013585
1,0.1938806696638171
1,0.6821861321668657
0,0.049238159347607564
1,0.042374617915779685
0,0.020290753745028613
0,0.007026388138458718
0,0.32450549991955957
0,0.026264304852487003
0,0.031871077497662326
0,0.01994907890114355
1,0.28020471877224973
0,0.5841260428777816
1,0.2167014418049116
1,0.27204361146820794
1,0.4556744005905837
0,0.12686118221268022
0,0.7954214396156993
0,0.09147501735919389
1,0.719774228410931
0,0.09779237134286295
0,0.020188340608815813
0,0.05100012154839911
0,0.023809159143498883
1,0.9259303060770514
1,0.8993087558861163
0,0.04610184468920326
0,0.009357058398879526
0,0.04452123856728545
0,0.01300042903675116
0,0.039421148835758056
0,0.043855134806914275
0,0.0322826667383252
1,0.9064570174903701
0,0.037538140722673884
0,0.02480542584378948
1,0.9009476196963059
0,0.012968377587363022
1,0.5866813877208922
0,0.016402835476609055
0,0.7081449406361922
1,0.7654573038941341
0,0.018976162888840895
0,0.06602378586459061
0,0.009126017126589857
0,0.13311390174740814
0,0.02497146251337072
0,0.011549148774284444
0,0.0419657536520935
0,0.03051353318720948
0,0.03789876885700859
1,0.9342853852945399
0,0.021864844205529862
1,0.9826903060305855
0,0.033570142922109886
0,0.017235511406519383
0,0.020602362501905173
0,0.021129948198443032
0,0.04240868112039306
0,0.012881528154229365
0,0.06410869511296917
0,0.08194688034726838
0,0.9261559536157888
0,0.05266526832670214
1,0.9808903960421432
0,0.1300499668072987
0,0.019005750480363768
0,0.00896444463234239
0,0.03960479005494531
0,0.8082249790196848
0,0.09792961523790474
0,0.018640083942684536
0,0.09896487314885109
0,0.03099835216865519
0,0.016183089919311465
1,0.8912724923905552
1,0.8109492931315239
0,0.008037486893817102
1,0.5201961012617545
0,0.02623712751265501
1,0.5500033884438642
1,0.9527965811891542
0,0.05380670395000108
0,0.009775671163855502
1,0.9448528785773069
0,0.0200579627966028
1,0.8470432102928894
0,0.5303084586648097
0,0.05479019249560859
0,0.13043892709253455
0,0.8921243184579093
0,0.012753094878215418
0,0.0239795532362152
0,0.011712567264003286
0,0.07589776184811353
1,0.9458167947123721
0,0.057288185793096566
0,0.8085241223845322
1,0.44276081589725497
0,0.04052734526397348
1,0.10173386129615052
0,0.015267925019213207
0,0.016950241733427504
1,0.7967683302388875
0,0.020971768836130764
0,0.059644260788667414
0,0.6520291544425183
0,0.02911867345951
0,0.05050693601468214
1,0.9588385516454885
1,0.48002012018126194
1,0.8418649484266627
1,0.4910128352386328
1,0.7537738704122651
0,0.0535422923678939
1,0.5222615270034426
0,0.029334594774774844
1,0.8983600249193183
0,0.17620002411752994
1,0.9563404649940743
1,0.242164224244798
1,0.7168648848941247
0,0.057065322373464976
1,0.7481955458780855
1,0.723158324107015
1,0.8733873542915519
1,0.6133575775611936
0,0.04169914104191247
0,0.08815201165302525
0,0.042882991945874104
0,0.05853980778734261
0,0.035188612352872524
0,0.009105356330255205
0,0.059732490570112984
0,0.20147541007866426
1,0.39280300309564653
0,0.01384057575689454
1,0.15755557291987424
0,0.016583360389361087
1,0.9609258601878709
0,0.05625883043955614
0,0.40006553021961516
0,0.5858951723135924
0,0.44294400071028683
0,0.08959629620677925
1,0.9881322074615031
1,0.6976041762212802
1,0.9031936273271245
1,0.8093998655444203
0,0.02197007752333997
0,0.1010769682827203
0,0.024518319997320417
1,0.9731615550308913
0,0.021547793957899103
1,0.08869283802632763
1,0.7196518377411172
1,0.4656949034286275
1,0.882239560992618
1,0.8718792909078379
1,0.9188247633311359
1,0.9883254667496798
0,0.02689486021636727
0,0.10163572174018094
1,0.2522329014723613
0,0.06886789315634688
0,0.2831894342310089
0,0.023956063642677296
0,0.04003176862182787
0,0.04188307740699319
0,0.022585963157493893
0,0.049239742027448095
0,0.025844802233495275
0,0.026877319316455973
0,0.006391101852111825
1,0.3567786153189312
1,0.830247474854888
0,0.04501543789726891
0,0.015727717930658015
1,0.8942506074621362
0,0.19807340758260233
1,0.06948835401695563
0,0.021162105533731813
0,0.027700057632714374
1,0.8422363053987442
0,0.02679700987854582
0,0.5190004188490358
1,0.13521815925510608
0,0.14358574604924523
0,0.023634184813622082
0,0.010390512971176052
0,0.3872743391983974
1,0.9079025601639209
1,0.09661537087515334
0,0.03022648342857519
1,0.8703128653719724
0,0.026692990829476133
0,0.022098351404091072
1,0.020990040077888614
0,0.024839580736066166
0,0.017098037036237926
0,0.5826132475413889
0,0.004108575494401424
0,0.03794269700262558
0,0.5891027258023206
0,0.19250852600535087
0,0.0103481619583241
1,0.9616997494451328
1,0.8541666054919456
1,0.5213730917013577
0,0.15105134463952558
0,0.016255078029373836
0,0.020365109258126204
0,0.00988776736725024
1,0.7671332320752569
0,0.16471763097858352
1,0.7287339450655848
1,0.947223761878852
0,0.02765442667280432
0,0.008357060649814969
0,0.2971893646355697
0,0.18438159584374642
0,0.013075882923120704
0,0.09411800514227622
1,0.9428321249913538
0,0.09774286445466364
0,0.07658098745859353
1,0.8749472865110882
0,0.061284899771009656
0,0.004536593314372162
1,0.8792402848036436
0,0.07046340024011649
0,0.6056023552225838
0,0.7343632749870426
0,0.023087783819699163
0,0.019782054935516238
0,0.018812100737628484
1,0.9556656218849857
0,0.01737533876017982
1,0.9631098624931991
0,0.0056404521146661835
0,0.05280884451751805
1,0.09776271876437223
1,0.9839931738599821
1,0.9727178853956094
1,0.7479116301001256
0,0.010636459427149095
0,0.008231906050565502
0,0.02053698218016798
0,0.003560028705055949
0,0.03597097221782947
0,0.01601011543870278
0,0.009601625050135173
1,0.9348120013900446
0,0.004994335069129881
0,0.0074308263779050655
0,0.035814153070672
1,0.9796816930633216
0,0.06144501609875234
0,0.017678879111223688
0,0.012121702990230791
0,0.07092385912045104
0,0.24363642078517242
0,0.014912943217369029
0,0.18214804861120312
0,0.014067112941470443
0,0.03158509675740514
0,0.2936785369617921
1,0.9786237514338977
0,0.7457434546288543
0,0.03545000585273104
1,0.9591104462822793
0,0.06509353436520082
1,0.5128374485889124
1,0.6904784201093787
1,0.9183349542283392
0,0.24130876256637573
1,0.8946739431488501
0,0.02331604717720424
0,0.03426276581901112
0,0.03893467182195255
0,0.01998810389523222
0,0.8307048727872623
0,0.04990051278447063
0,0.36670819036112234
0,0.7193052983719987
0,0.023319058199131038
1,0.8533590742436044
0,0.24567721716905574
0,0.14862669179431515
1,0.3135502644523512
1,0.04604875959990103
0,0.03492992954269339
0,0.08756581186284451
0,0.05766055964498102
0,0.033553496584796165
0,0.016417712938889363
0,0.04209920356376924
0,0.025409111244041025
0,0.011192992075005393
0,0.2952792926243759
0,0.01336835514127385
0,0.02804735524744895
0,0.00872275496953596
0,0.05820013683745049
0,0.9500241518891486
0,0.04225322788457919
0,0.7477795955913028
0,0.027082482184104195
0,0.11959591759882109
0,0.01558745899563231
1,0.9594206391964248
1,0.41260284060145
0,0.1943640214408047
0,0.01565526630375668
1,0.8636153054385428
0,0.31467173529929815
0,0.017278752646142433
1,0.40473126186765607
0,0.036574225851033496
0,0.011712958732739552
1,0.22352706691413973
0,0.00974777302110395
0,0.2977029937134152
0,0.07439298997884362
0,0.021448632284516597
1,0.8915005465063948
0,0.602156122487842
0,0.04211856634166226
0,0.012749716974179514
0,0.08235156636814439
0,0.22985118813202318
0,0.3575856517829735
0,0.09041731510474603
1,0.9943380612250671
0,0.013937725648227884
0,0.05380929415107679
1,0.9462038391484355
0,0.03943459023160225
0,0.02041824521773342
0,0.31718635371182463
0,0.015982349991523176
1,0.614258409406455
0,0.017292450180250014
0,0.011025072690365654
1,0.33756770347952686
0,0.4192001968284553
1,0.7979910637760917
0,0.009723283403575927
0,0.04201154116139199
0,0.6036635790166266
0,0.02578732368930974
0,0.02476740570283703
0,0.009419349309846912
1,0.5199077937530922
0,0.059955122613905655
0,0.044663235090742444
1,0.9631910651917402
1,0.483804880490728
0,0.011486027485017359
0,0.015391153117173548
0,0.017572256836100607
1,0.9262891107937353
0,0.2902302009615993
1,0.23851121812808743
1,0.4298545594847244
0,0.03996151488634396
0,0.38813568936963383
0,0.12683211968251798
0,0.12034582581602082
0,0.01612802061182749
1,0.9138958888589477
1,0.9461967130587546
0,0.00900138309357254
1,0.033758694290993055
1,0.19944017527637545
0,0.024331261086238544
1,0.7786226932158793
0,0.01796765627095602
0,0.7691290735989567
0,0.3345925993629915
0,0.014304074676513102
0,0.6122943479065825
0,0.22158471952826664
0,0.04751612090673898
0,0.7360908956383997
1,0.16435447826947885
0,0.04342029444626217
0,0.18311659834899557
0,0.3358557751955582
0,0.6092849200473833
1,0.6058041198756269
1,0.9115903228842641
0,0.056848232562849835
1,0.8678649018171015
0,0.0747419166025435
0,0.07073964529494468
0,0.0214174234032499
1,0.7007684375473445
0,0.028310687113113204
0,0.014064161510792268
0,0.026351714690685788
1,0.7121684999588669
0,0.07310369700339668
1,0.8566004806009848
1,0.2664997274825472
0,0.03844544274441662
1,0.36915890626009484
0,0.029062173116231365
0,0.019854027902083713
0,0.029764376987992145
0,0.03841338755102367
1,0.47544352951521307
0,0.6400880457354717
0,0.13911647209156947
1,0.9002885342938044
1,0.9853936687788508
0,0.06580393380660313
0,0.018068471525124825
1,0.024858418048092926
0,0.022108560252918116
0,0.055819634871534955
0,0.04299431204490641
0,0.4447197744390954
1,0.9234285988016597
1,0.6703969209861905
0,0.3852231638771588
0,0.30783187701851733
0,0.05041353858232652
0,0.06240550428844692
0,0.041927516927295246
0,0.1483773959723316
0,0.010200599641050453
0,0.03530901423088984
1,0.9882043781006358
1,0.9671820700250672
1,0.9724050799523951
0,0.026904592479846175
0,0.03562741568998737
0,0.0484985178168439
0,0.35187424213112756
0,0.10861307641869253
0,0.010139247359432056
0,0.018336447519506114
1,0.12965193184994836
1,0.8105722800504035
1,0.8642241790934216
0,0.04556715041456215
0,0.247621155689914
0,0.011010989212907527
0,0.03715851290701006
0,0.22374660339121794
0,0.015154462254691426
0,0.03895844307011594
0,0.044997243617441604
0,0.05018261185073928
0,0.026448006418477787
0,0.017927831813072167
0,0.04625959023033272
1,0.3341837346619608
0,0.7978963120353499
1,0.843140182980504
0,0.07082711549452454
0,0.02067067241678606
1,0.9813815930556636
0,0.015250062688616414
1,0.08789207005259074
0,0.03385889502025718
0,0.025613674144924964
0,0.7885975492415362
0,0.15048472309876565
1,0.693213364473889
1,0.9572660531326267
0,0.06265781239783486
0,0.027289582476015366
0,0.10945008657493711
0,0.20038694611573943
0,0.02607294796308898
0,0.04589423533849522
1,0.21668582877095707
0,0.017422968431573916
1,0.9399486820627395
0,0.7383818207754406
1,0.8150216287412694
0,0.02523556367039927
0,0.06092358932950302
0,0.03837907796524688
0,0.018233947603264255
1,0.7132085569596567
1,0.9089876497667085
1,0.5747240521936102
1,0.7005302159952941
0,0.022348864210067876
0,0.03073289999568667
0,0.01517366671930862
1,0.5954024744913542
0,0.026207678468908722
0,0.010994575754780361
0,0.026147282999039526
0,0.1261794531867187
0,0.5779525471064709
1,0.794566308353933
0,0.2620375561039185
1,0.8750220049117775
0,0.051369891352585115
0,0.053174702321257455
1,0.020718337978646313
0,0.04501869585196102
0,0.009047550226809087
1,0.9084440896010914
0,0.011517216892714613
0,0.029556593186123657
1,0.7254924164695078
0,0.06337149294769799
0,0.05923864616928611
0,0.025940993620467107
1,0.7996649864566389
0,0.046535735015203916
1,0.9738822892099722
0,0.0191739510753165
0,0.013334361992247544
0,0.031249649319674548
0,0.038823558438869255
0,0.14788582797796332
0,0.15540616585111092
0,0.048863387853482265
0,0.03230398915945964
0,0.015388001914743078
0,0.010829131823277436
0,0.029349645004021662
1,0.02701205852861974
0,0.3161134582625098
0,0.013278233954140852
0,0.012665841320673811
1,0.04531006143100576
1,0.8875189472369823
0,0.09620834789577522
0,0.20899942994167658
1,0.25187768452435233
0,0.03596389108016638
1,0.9090237221724875
0,0.014663203723997405
0,0.00996872203253354
0,0.0220272021554421
1,0.9049792488239471
0,0.011488259157735325
1,0.5620176756430467
0,0.6228629186858609
1,0.9347768575857714
0,0.029774135896118888
0,0.014962454284329827
0,0.019951468465548013
0,0.012591322959276405
0,0.003367061002659882
1,0.7722880592772021
1,0.7307945734701367
0,0.1026992454407193
0,0.06290256931238263
1,0.9607119952958685
0,0.754316848007187
1,0.9070795887080372
0,0.0041313287208201545
0,0.03295073570776296
1,0.4547695853265335
0,0.010538459556335918
0,0.037988939854750825
0,0.7903222426782579
0,0.795722820562724
1,0.044305630551510544
1,0.0805721547187434
0,0.009154692629519467
0,0.022485222335600106
0,0.004951677608161262
0,0.0831604134816764
1,0.6456137545852864
0,0.017096267030167662
0,0.010626437442764494
1,0.9930249906359275
0,0.11574407116883986
1,0.8229339775382858
1,0.9639296271371381
0,0.01462403547462606
0,0.009128185385659321
0,0.033321525923644124
0,0.05071229402796432
0,0.011775164240376905
1,0.7857007771285035
0,0.043980208503849656
1,0.47179201653478386
0,0.018682804515272766
0,0.03009065664182753
0,0.012047557632300466
1,0.4068036848628764
0,0.34591931329104114
0,0.09637019516758658
0,0.02260975331466002
0,0.029494729145711062
1,0.948306357194714
1,0.8941344279389516
0,0.00758496171170105
1,0.9829027243833136
0,0.008778998617975124
0,0.027063316320695478
1,0.9068536070011033
0,0.02841371156978212
0,0.043929971824244754
1,0.8176450348019897
1,0.8971554768377838
0,0.05263122363999677
0,0.01670284679469029
0,0.052741495038089704
1,0.7364856917108668
0,0.1368639784991686
1,0.014495912637635834
0,0.010558737413926376
0,0.034113604660788464
0,0.009644632044598384
0,0.11334251501935264
1,0.9443427070491176
0,0.5974272998007685
0,0.012580736162159184
0,0.01608911365771829
0,0.10761182483438907
0,0.06048931770179934
0,0.03793353052969962
1,0.825646943421317
0,0.013334421719141908
0,0.008958080408586132
1,0.7245967513084175
0,0.030999025927799073
0,0.0330895639021164
0,0.02232802484714415
0,0.8755028890238354
0,0.02083385784714807
0,0.0074308263779050655
0,0.03835755549693179
0,0.007148965948235522
1,0.929580149022801
0,0.013431178163568824
0,0.11648861479682006
1,0.9843385559292533
0,0.030522081374991378
0,0.14297732122920362
0,0.11432804203993761
0,0.036961480422101546
0,0.10437637991488807
1,0.8914585337844064
1,0.016606008066585264
0,0.07243477680799004
1,0.4890085513556811
1,0.9041470912601421
1,0.5528178015976879
0,0.04279528152755968
1,0.9545290752629881
0,0.010335435054217265
0,0.06086542006576795
0,0.09692732896511538
0,0.13371419514191576
0,0.16348336067940628
0,0.06285706621434271
0,0.08143217068593823
0,0.014443252422842527
1,0.8502595066754032
0,0.05106483222556106
0,0.005126896196967125
0,0.08137562666492855
1,0.9461330952366506
0,0.010273448449157943
0,0.005904765537895347
0,0.026135050590268286
0,0.07643352254157404
0,0.04571543476935747
0,0.056227801994318934
1,0.9743516054428105
1,0.6082957715911219
0,0.025772453455054474
1,0.9804387465930452
0,0.027676158835439398
0,0.014217570628975358
0,0.04884575398306467
0,0.015971849497059872
1,0.7454775251516285
0,0.009762861823590306
0,0.38562040889113
1,0.9149754102372168
0,0.013959099568765803
1,0.7491701989935755
0,0.014533114856492852
0,0.12678388501651544
0,0.007882401811086655
1,0.9774093253330493
1,0.9479480404149887
0,0.3876779173344859
0,0.2261024888512625
1,0.9076366662002399
0,0.02113060242715343
1,0.9025788424855353
0,0.06486190784703172
0,0.23314167011244374
1,0.8463887345928642
0,0.10101990128468187
0,0.04446191313204751
0,0.02360035754989352
0,0.05619487333198559
1,0.7262791370860209
0,0.05029377735952656
1,0.03921479755491211
0,0.11790856595451056
0,0.13702065752606588
0,0.055754914653504475
0,0.03777050575473161
0,0.03247730288028193
0,0.02630012500491964
0,0.025169352870538644
0,0.8319530260411997
1,0.770913737897113
0,0.04521203274760451
0,0.013186520824415272
0,0.09019272025099827
0,0.017342442260169767
0,0.12478220804020645
0,0.011589060757561356
0,0.021743351434164525
0,0.05860009116498932
0,0.030422193823358517
0,0.0063590731127934055
0,0.07676042973559093
1,0.9774081599682178
0,0.47876086730441164
0,0.023466568015208532
0,0.0289185563080198
1,0.03474187185496399
0,0.014610736480750416
1,0.031774935126790714
0,0.04082892558567226
0,0.013210605484233126
0,0.03229805379143758
1,0.9942583248626485
0,0.5509253148720488
1,0.8956269243296713
1,0.8431841328083789
0,0.027118160953586358
1,0.9901284638690127
0,0.029764947066643305
1,0.9408573781373738
0,0.31334676065275674
0,0.017037001997271806
1,0.9839468782246497
0,0.04596916087728778
0,0.06961562810059325
0,0.12895065982769893
0,0.06514181290076335
0,0.02480557112335713
0,0.009235721994908108
1,0.3882177792154196
0,0.08542890555369985
1,0.8288412739600117
0,0.05289308057270258
1,0.2861084944390637
0,0.00223819600323052
0,0.0472453692515659
1,0.9771111550730446
0,0.032936391446166426
0,0.16391664612561305
0,0.044266292860313576
0,0.04978783894811982
0,0.005370972385616053
1,0.9942130107365194
1,0.9916501321256797
0,0.12431315045342507
1,0.2910920502150996
0,0.025659391020675236
1,0.09651888203698769
1,0.23227763804313029
0,0.02111122767368188
1,0.08829029007031586
0,0.08340189948271348
0,0.24627878543120194
1,0.8025107596998695
0,0.002344596449838272
0,0.5164060666097103
1,0.9363455984732065
0,0.3236777788533412
0,0.014032070643549876
1,0.8829122671210846
1,0.9441558434280826
0,0.025617735056420243
0,0.013543588212998755
0,0.09591564151113828
0,0.08321362641750958
0,0.2508741031938969
0,0.016777101537862403
0,0.01130014770530721
0,0.01760119530547509
1,0.6686144060702983
0,0.07934983650676597
0,0.07088887796033913
0,0.6634955617989006
0,0.020650797353281104
1,0.9571241779883483
1,0.8748085819024997
1,0.27195359504070865
0,0.011431149329846704
0,0.06363317842920618
0,0.008953977789978513
0,0.014121928190494785
0,0.04485700785849033
0,0.7827206113060702
1,0.4048283900416392
0,0.3105736230930571
0,0.01957650706953949
0,0.04882483232202941
0,0.0055369979763425356
0,0.38208159916616774
0,0.11373431486667979
1,0.9898603408925674
1,0.27757680429827913
0,0.027145936484247554
0,0.03560680646405283
1,0.8876912320335001
0,0.017081596287805992
0,0.05144404869069877
0,0.013101015813133724
0,0.02356379263812464
0,0.011365953807757654
0,0.07068116181792183
0,0.01825333315470486
0,0.020966170447580663
0,0.027077372490808563
0,0.24050503021806022
0,0.0292235502098741
0,0.02166984019177401
0,0.9039527438242174
0,0.02810865593376052
0,0.00959361667705225
0,0.029160170869516232
0,0.32727765701036665
0,0.014232657996928438
1,0.9596742250488149
0,0.05174360201054152
0,0.35902552502690394
1,0.8707075347461144
0,0.2998473853805449
1,0.18906976366894698
1,0.9589315431930321
1,0.5652223941263635
0,0.010838119951648956
1,0.7625537634746403
0,0.014417468570442911
0,0.010622810795350796
1,0.23616938391496978
0,0.020928091646542947
0,0.007563471755856297
0,0.06091366179541823
0,0.17164368447449194
1,0.15059219720817466
0,0.024494062335313174
1,0.8862021393268448
0,0.04730612081000895
1,0.24121106184761532
0,0.9227576391168198
0,0.02238751076415876
0,0.02770591926768373
1,0.9585195997737415
0,0.0429191127087812
1,0.401429853650544
0,0.10886463997313583
0,0.09092137389985078
1,0.8624563809087433
0,0.06783515829421043
1,0.656103612915259
1,0.6898968453098924
0,0.6725684430200617
0,0.04765390758732877
0,0.03405210052596845
0,0.032276540208679046
1,0.9367796944833129
0,0.0529225590651103
0,0.0262586460619799
0,0.020245208032785404
0,0.02633073224247478
0,0.1726898368832885
0,0.28172977682567524
0,0.02387046925244065
0,0.03770880538589816
0,0.0068315313291055215
0,0.45371621970000486
1,0.5168499085996692
0,0.020581346064979376
1,0.2338114008593666
0,0.7634578680536359
0,0.009794844604512513
0,0.10143163913770162
0,0.009183697035607454
0,0.12111696078428454
1,0.9732370088039071
0,0.07849406004098908
0,0.16767857922066132
0,0.061845980900597494
1,0.8621141187822152
0,0.059644260788667414
0,0.061174377270125535
1,0.8737989005513359
1,0.9763585569536855
0,0.02318324461314777
0,0.022067092103278205
0,0.11616132078435516
1,0.914826930911896
0,0.03225172134429428
0,0.01921497310997596
0,0.05114133261100044
0,0.054023167329849735
0,0.06738896645805262
1,0.9326536777577921
1,0.3205031969284646
0,0.10117970828084687
0,0.061613957202434504
1,0.5203730702519395
0,0.03022738731724614
0,0.10841230199720071
0,0.19814778706603972
0,0.03167172521093824
0,0.6939578242046825
0,0.19490894425069222
1,0.9663810906588
0,0.034415334102836995
0,0.05348974046640839
0,0.01735734186739944
0,0.0721546660064997
0,0.016953031577508496
1,0.9363011545786775
0,0.033637095599199716
0,0.03492998076236059
1,0.7513292907065656
0,0.012300141467982629
1,0.018408013683197902
0,0.2082954426125809
0,0.036277877698470205
1,0.8013228066502796
0,0.0049883993183341795
0,0.013595386683618918
0,0.059910320055944696
1,0.8941995117712205
1,0.9637089552772884
0,0.03260224876032801
0,0.8210667131206472
0,0.04394345225302934
1,0.921603952086468
0,0.14231611160104074
0,0.01049329198973203
0,0.02562768503989097
1,0.8303441538415335
0,0.052396237842567674
0,0.016521517678363424
1,0.950345554153126
0,0.01770044082707507
0,0.26230215090102615
0,0.01130821295933337
0,0.03344377844869544
0,0.0245188813869365
0,0.027197688854083107
0,0.06444647363069109
1,0.9740885762458058
0,0.013741924988995948
0,0.030189580980284222
1,0.5773747502401775
0,0.7821197637354557
0,0.011013170485434695
0,0.012915022474352956
0,0.09674847032435786
0,0.01859034929169434
0,0.051809298452374954
1,0.15772681825466925
0,0.012132261596975008
1,0.10410133231162488
0,0.06950829665697708
0,0.03264701464689421
0,0.21052261194696625
1,0.8463447574375375
0,0.006086024555454524
0,0.019195636111747863
0,0.07029577642825581
1,0.9594104780617917
0,0.08477086529808157
0,0.012287264745783323
0,0.4918532738012941
0,0.12071037991281724
0,0.05770575418752013
0,0.05354506826516492
0,0.02918681520420417
0,0.016050383251315668
0,0.0108940897494337
1,0.4892243187960452
0,0.17861577111804616
0,0.08291274378008312
0,0.3935330841460841
1,0.9813358561087018
0,0.022942572331478717
0,0.002100502332335951
1,0.766463228988008
0,0.017791380616989087
1,0.9870856252139569
1,0.9616283121033461
1,0.9379530202396458
0,0.1402205491881284
1,0.295424371731587
1,0.9465867483957286
1,0.8900516117165052
1,0.24497580927707704
0,0.03455903438983407
0,0.006006097486479835
0,0.9916533945406414
1,0.4440046012437144
0,0.018457394231371847
0,0.04342165296120574
1,0.06684360539784796
0,0.018570635857459786
0,0.013534332536310246
0,0.213274772119
0,0.0195516504900699
0,0.2529020739627377
0,0.07794523679609562
0,0.018719948570194222
0,0.146886137254123
0,0.0028596798069907155
1,0.8706255577119189
0,0.10571189122781936
0,0.3792596181530672
1,0.8817176745855757
0,0.018762421122748833
0,0.19991452633148685
1,0.7591854864593364
1,0.963215310738379
0,0.020942706867137617
0,0.24301490915368051
0,0.011495732694619456
1,0.4644333185359287
0,0.009813700901360928
0,0.018894404429858
1,0.9395953212089382
0,0.6051361911104615
1,0.5615999922830568
0,0.026745727600193617
0,0.8578561887724961
1,0.7645015558707706
1,0.8576978893054478
0,0.12411015321517405
1,0.42528415558915095
0,0.061239289818107556
1,0.6473789758733686
0,0.8273436027880711
0,0.028958577624487766
0,0.019145009097312395
1,0.8734617380932794
1,0.9137803882743709
0,0.07591670753811242
0,0.44665648372354466
0,0.041045144924350574
0,0.0071207436697317
0,0.022730032585915563
0,0.8646331773819544
1,0.7564203675977721
0,0.08410402759032076
0,0.0738524205009949
0,0.3726537869657989
0,0.05280613433356683
1,0.33255962768775915
0,0.054530750236693556
0,0.02911931027662134
0,0.42942139288061143
1,0.4823522301071489
1,0.8820834763047727
0,0.06922326405836811
0,0.04169599625022979
0,0.17311133231761713
1,0.6382172401441355
0,0.054871226991052485
0,0.010821108564137908
1,0.9478599516923841
1,0.9857595500128624
0,0.6981991309356402
0,0.06555715450342978
1,0.960449839556706
0,0.012942662877651787
1,0.949504014399912
0,0.01139958325620595
0,0.04538608001996396
0,0.06064741525476509
0,0.04376447065466425
0,0.017655100799799744
0,0.013673527094989596
0,0.028451825271792065
0,0.7888665751618082
0,0.018509687645753337
0,0.014542926356058904
0,0.01462575001465474
0,0.8295871325274545
0,0.01670295312130696
1,0.980340291219634
0,0.013070706350355283
1,0.9038631166325982
0,0.008326234146297374
0,0.008699914553425562
0,0.10038852398168958
1,0.7183218096109506
0,0.028599918806242606
0,0.033910406651412255
0,0.032283458726263606
0,0.012897290914442654
0,0.007143138887780843
0,0.028986848261811936
0,0.042083127626479824
0,0.02702689768761772
1,0.9695826841070954
0,0.022333934226963722
1,0.9445752683518871
1,0.9132162544649373
1,0.9812562208637097
0,0.014667903944814053
0,0.01975830343156988
1,0.9908056301831114
0,0.18217176500883003
0,0.1771665916393721
0,0.12906639343240378
1,0.85863374655046
1,0.8727328534309786
0,0.7487312938042028
0,0.05259433891611417
1,0.16847149324090874
0,0.014318158318450873
1,0.6726542637909271
1,0.8560377345455908
0,0.010241830710468844
0,0.005924129897699383
0,0.2812503915376503
0,0.013566098100236838
0,0.13978773237193348
0,0.00731307161267574
0,0.06838931120370499
1,0.40145733377933257
0,0.03947442471543405
0,0.1489518135888618
1,0.26449494921967137
0,0.02145232164657493
0,0.02866733775165081
0,0.042502230906035714
1,0.5955944367490661
1,0.25209107102633577
0,0.027398044994524095
0,0.0181407388375235
1,0.9485695190005267
0,0.0030925252458688084
0,0.028903364687692244
0,0.05529171268627046
0,0.005925041080805869
1,0.9676890904170102
0,0.05677599207076008
0,0.007247454611692285
0,0.08356439592267968
0,0.3370167632482199
1,0.677637257457648
0,0.11759524431581084
1,0.28590707581559116
0,0.08971280642609046
1,0.8242237234877674
1,0.10797617769598591
0,0.034594500634248876
1,0.9417894628674593
0,0.08043253236220632
0,0.020250115822760175
1,0.38330546702013746
0,0.08342998110867367
1,0.9143595497128943
0,0.03754648544140979
0,0.014199592181215734
0,0.020685232459345317
0,0.01296979403249093
0,0.008818510958117694
1,0.08407301664512046
0,0.7535999155317276
0,0.4887371666456195
1,0.971037411202267
0,0.017218499536201533
1,0.7698939862168448
0,0.09260955781303133
0,0.004913040503592546
0,0.022810610453354276
0,0.035693057509907436
0,0.025833404356428027
1,0.072838212632657
0,0.22052269415812664
0,0.011843849594491798
0,0.015994654016493335
1,0.45470008370651155
0,0.016689406305634046
0,0.07130661968861751
0,0.04181081353315883
1,0.5919350031952764
0,0.09912239270136707
1,0.9554612085696946
1,0.9486462114251535
0,0.05744994847733661
0,0.673887888922779
0,0.010025377404776504
1,0.5785512576750217
0,0.024486339842402262
0,0.010079797634405188
0,0.055782078900676754
0,0.016644159758464533
0,0.04709012857760504
0,0.02579805542100439
0,0.047945542724895096
0,0.053898767298129584
1,0.9551455629402025
0,0.04169456962872542
1,0.9885329563607752
0,0.0501680108157136
0,0.06295907694772634
0,0.22500254431181885
0,0.03375806601986073
0,0.019463275669258172
0,0.06790236882537025
0,0.7810736465383188
0,0.01778594745197559
1,0.9184153243804236
0,0.037655515328335
0,0.0165059909240377
0,0.018494492930836638
0,0.13258766056634533
0,0.027242043052349632
1,0.9078829082209865
0,0.1439035074978459
1,0.638148261186192
1,0.44820353217723735
0,0.009278847866351383
1,0.9893554650204429
0,0.0652384096145898
0,0.008137919873431073
0,0.8776970237442718
0,0.11240040989796851
1,0.8039707128551571
0,0.03768226602917673
0,0.02057817499897337
0,0.24093860743298479
1,0.007470873399054898
0,0.026997563645135864
0,0.028876968202885427
0,0.3494919286766205
0,0.0273184417830922
0,0.15184440363035004
0,0.010741323498695244
0,0.013687673678412351
0,0.018987366292628916
0,0.026233342583663836
0,0.3097255413483081
1,0.8858525798810879
1,0.48505872784564263
1,0.9559608433421084
0,0.03692358470914361
1,0.9535411281678282
1,0.06042116762555389
0,0.006476235783086452
1,0.9573368817822405
0,0.056100154930170204
1,0.8325644227172999
0,0.027867837180823137
1,0.4936807874696058
1,0.9475609791135655
1,0.9640756831505866
0,0.08108081304738805
0,0.0077062501582191
1,0.5299797551823009
0,0.024215408885563828
1,0.46615836230461266
0,0.12077703861264626
0,0.04603566316047692
0,0.10442165115934732
0,0.039551378458121546
1,0.9659862249455364
1,0.933506955738292
1,0.9409425337787145
0,0.5953031262716431
0,0.4160844226509391
0,0.9044533969005123
0,0.03250381501949757
1,0.9799415215513211
0,0.03644607788940284
0,0.13084472904850816
0,0.05647953355692185
0,0.14263647855055753
0,0.05688068539659938
0,0.051948233915396255
0,0.005358171782652514
1,0.6188002279769755
0,0.2306544807953061
1,0.8083189596089307
0,0.079436384497995
1,0.2533046581195561
1,0.9437209133282745
0,0.01112600717262331
0,0.1435718496783564
0,0.020196793293506026
0,0.23729248178509554
0,0.4178336310164547
0,0.03899453071348029
1,0.8924650818615791
0,0.004776150856262153
0,0.1302076970024175
0,0.06551966396584281
0,0.747004511102391
1,0.9176547122010582
0,0.0719260529516468
0,0.25886222404387454
0,0.011117527782558518
0,0.0874762056099146
1,0.14788349146048171
0,0.025399232623601237
1,0.8017912147682749
1,0.8937586530776953
0,0.03497709471931217
1,0.806879554767317
0,0.08408699082101749
0,0.21920132527102057
0,0.014691369325547973
1,0.31681538526007097
1,0.7466943082905827
0,0.07208184475573742
0,0.016505619193080804
0,0.05412272465559142
1,0.949759448152233
0,0.4506789162895769
0,0.0100152465157034
0,0.06372870841287775
0,0.0709941289307413
0,0.05758896281546075
1,0.7705158983267884
0,0.018774298425612356
0,0.019181876805579742
0,0.4057982814449566
0,0.025346840583720904
0,0.012916864965243897
0,0.01385569879801329
0,0.007713833579026437
0,0.4344849752985621
0,0.01123644056098352
0,0.03966838656976603
1,0.42648998912243746
0,0.03219589158485463
1,0.08538226420379337
0,0.005897001521320694
0,0.6401992833155978
1,0.6317119825574748
1,0.6757824446250439
0,0.02756759705872898
0,0.040955496801099986
0,0.046239655547459534
0,0.3381788432655464
0,0.030202391398558938
0,0.03988984554855215
0,0.0228119855868928
0,0.12842458002693508
0,0.052956681719148496
0,0.03834558562452895
0,0.03241184461906998
1,0.8118341317205292
1,0.36670819036112234
1,0.9125018556888372
0,0.021008226651426695
0,0.17277218134893954
0,0.04228534691337193
1,0.8202965513333405
0,0.04333904613868428
0,0.022414916240858927
0,0.03146755787463395
0,0.018526166886779268
1,0.9204169616700254
1,0.9567927768466596
1,0.8993934902129979
0,0.04916379020548041
0,0.03026780530497636
0,0.03414097968549358
0,0.8797561781461302
0,0.6386062806587185
1,0.9748217398297161
0,0.04932242123618036
1,0.63725131769959
1,0.8783789073059124
0,0.022830265580409535
0,0.030438823512951595
0,0.007041420972917859
0,0.30591760647529437
0,0.7065941410305635
0,0.41386603665028526
1,0.9010211748490805
0,0.07963041042750621
0,0.05321572575726658
1,0.9705669973291564
0,0.00473269283162747
1,0.8693973960839853
0,0.005933208451066401
0,0.005425721889092948
1,0.743344360826388
0,0.02271790145932524
0,0.022383640059881544
1,0.8832795282042344
1,0.9588571213454755
1,0.8549834849530243
0,0.032948920748815745
0,0.3279415054020911
0,0.02178523298716781
1,0.9560521125897445
1,0.5694353641023054
1,0.9335322280530736
1,0.9174388460849701
1,0.05771708632301723
0,0.02917949793460277
1,0.684209368627144
0,0.3944595262810979
0,0.026926398440799495
0,0.0059182205960198134
1,0.9073700860815826
0,0.009358460377850548
0,0.21077817334355436
1,0.8061851698494843
0,0.42252964611285965
0,0.010224268533927812
0,0.016207832333256327
1,0.6369269649035663
1,0.38504637421519605
0,0.598573645076021
1,0.9702163890525096
1,0.5441968090357469
0,0.08388629352760114
1,0.9185360963786511
0,0.018251676011856198
1,0.8611664155955866
1,0.7680760881140645
0,0.050324212232136616
0,0.00970907121167232
1,0.29448899467327183
0,0.04366813295265203
0,0.38460351699371625
1,0.9703604310080488
0,0.5681498529646073
0,0.018669955456266134
0,0.006271284749531045
0,0.047899766753053574
0,0.033488831363327906
0,0.03245964048446748
1,0.9903189563122531
1,0.8752775345714745
0,0.00867762623027368
0,0.06814236599697229
0,0.13024520101878995
0,0.11323830828632178
1,0.9056784649994752
0,0.01670284679469029
1,0.9293602224345895
1,0.982491959109408
0,0.044116302887282584
0,0.014673385548820406
0,0.012890472819097058
0,0.030165608569062703
0,0.05075954611397915
0,0.03707321679327238
0,0.015317422362854344
0,0.01660361902619547
1,0.9785419481141835
1,0.6461638947763828
0,0.10183305187613098
0,0.045925016446186545
0,0.13578419190983435
0,0.01762772647347842
0,0.026628998931987648
1,0.9659734499125463
1,0.9917598817520075
1,0.8343149097385498
0,0.15486110769122663
0,0.07606000014959952
0,0.015020718373228084
0,0.029437984747841962
0,0.11930060572329641
0,0.03518941922677073
0,0.05330762312691538
0,0.014268227506106566
0,0.019400783348813552
0,0.44010637730513236
0,0.010677622158142414
1,0.9729072638658908
1,0.7849556254623645
0,0.0032041054937839977
0,0.03311143282429301
1,0.6574505137087755
1,0.09853280495586382
0,0.45893732409440685
1,0.829453322270308
0,0.11961460298433901
0,0.020828902487345976
1,0.9490315073148605
1,0.14622367297284541
0,0.11407081153045813
0,0.018691545649865728
1,0.7922568510671214
1,0.7411765999144192
0,0.3810578843954719
1,0.5788088067784578
0,0.026875625268036805
1,0.6202172433669747
0,0.05952555341729606
0,0.010559124931562474
0,0.007890875859075977
0,0.012090464780738596
0,0.036002409997596886
0,0.05151674552659057
0,0.01234153514363016
1,0.8632234089284964
1,0.6393340065586102
0,0.7038509233420748
0,0.039620745164467584
1,0.30881272183921515
1,0.9141773869295765
1,0.832672072011374
0,0.005279411401535157
0,0.06770602251211694
0,0.029213819747849815
0,0.01161266706308157
1,0.4466330570611218
1,0.7313873844116352
1,0.08877611046903117
1,0.7775568425684481
0,0.030922910466927234
0,0.29276131996731486
0,0.022355429723784445
1,0.4940910612454487
0,0.028245469791016293
0,0.005134342425245834
0,0.875675175007212
0,0.006899921343196112
0,0.0123889187453337
0,0.03679001866416124
1,0.8970716572475815
1,0.45881102987316763
0,0.02024597371876022
0,0.6493025256697138
0,0.020389054214768484
0,0.006472523975004024
1,0.7338070187923068
0,0.0996228945617965
0,0.08933330563748752
0,0.011589108037691996
0,0.028284640597286068
0,0.5322746086595709
0,0.01950258597349195
1,0.9221532601263432
0,0.01094470434585849
0,0.008874489179949195
1,0.7024507385600688
1,0.029188411414698044
0,0.050335465819445285
1,0.6812406587425737
1,0.8966066972988305
0,0.04018365335924465
0,0.02170255488210951
1,0.1689249041422991
0,0.059331913546241045
1,0.8443536961657784
0,0.7096913321199044
1,0.9207610468107224
1,0.5826365654344852
0,0.010344494877255122
0,0.02506144301471486
1,0.822991449317116
1,0.9534340773268433
0,0.2787582936614591
0,0.028378952537867097
0,0.4792587526970739
1,0.963139612912319
0,0.06663939793328869
0,0.04682449860548526
0,0.04783356755142555
1,0.4090369099376458
0,0.029428854479668125
0,0.03806253817417057
0,0.709787266974899
0,0.08788256462377887
0,0.18316893734505457
0,0.018390374852680195
0,0.06350031028059343
0,0.5284122533842398
0,0.09813996981066336
0,0.0675788460090567
1,0.9088491308684139
1,0.799946451285793
0,0.015046318554347113
0,0.004787399826164301
0,0.02944049089029893
1,0.5650825434105012
1,0.9693103182562475
0,0.023031299095827847
0,0.14165710427251235
1,0.7453318834168339
0,0.07733512528636853
0,0.11662303813122532
0,0.004743953933169524
0,0.0590952155500012
1,0.014158936153104634
0,0.02259695258159458
0,0.01592938507410934
0,0.02763766602169607
1,0.03143663684690738
0,0.0401705520517239
0,0.03816398549411009
0,0.022051431444825683
1,0.7076777550879284
0,0.05175599363996258
1,0.9848053992593799
0,0.006414383788637439
0,0.002282947750206647
0,0.03407485567461073
0,0.016333887445240405
0,0.006824780389455569
0,0.144128694269163
0,0.01896592993592678
0,0.0219322910655227
1,0.9111962837945401
0,0.025802623055280242
0,0.018337514062263954
0,0.20207933275928072
0,0.05627594543656339
1,0.7708282923937972
1,0.7381813840775977
0,0.001449266059208224
1,0.9780696626585406
0,0.18177420844182673
1,0.4686642010043536
0,0.1798313228438406
0,0.05878113194884741
0,0.061239289818107556
0,0.0533342789978796
1,0.25735375107119346
0,0.0060639809596951255
0,0.012285928809638018
1,0.28721003693302366
1,0.939017272130632
0,0.014502097075315424
1,0.05320098908525747
0,0.04989953382253711
1,0.8150486150449856
0,0.006401922980316405
0,0.03934146251376946
0,0.03585704660224947
1,0.9773665633108178
0,0.09511455178548191
0,0.0500921191482991
1,0.9231914382903623
1,0.8943382286791269
0,0.26505641329242535
1,0.9686904649472373
0,0.036266187145162304
0,0.06057818617947173
0,0.0296751334263475
1,0.46141750411202825
1,0.12647201903791158
0,0.01218987504402758
1,0.7601581139118511
0,0.03101253058513444
1,0.9661432500866829
1,0.7422769816333548
1,0.8189289530584278
0,0.07623403420222062
0,0.08748957002021185
0,0.0679205783381801
1,0.05418440966759453
0,0.029457230553200577
0,0.747872353850092
0,0.012230847229074117
0,0.05385896685846406
0,0.06430555425208914
0,0.009575749451917092
0,0.008377761894857429
0,0.034140850196846935
0,0.3437117019971328
0,0.029413415129120473
0,0.061267066429899195
0,0.0359555628034854
0,0.01069483875469448
0,0.0080031077340068
1,0.9067236714979173
0,0.03142869981448107
1,0.10079114987747426
0,0.1657066835137842
0,0.07233324090194027
0,0.04085978154741531
0,0.013102405260545569
0,0.018232474953362336
1,0.9757351991531549
1,0.38681866770429224
0,0.038168969874695355
0,0.08569139260069296
1,0.8830785646439314
0,0.02861322511393883
0,0.02171621051682797
1,0.9078370624755111
0,0.011338883062398986
1,0.5587575247591519
0,0.06698130485776621
0,0.005232080641132828
0,0.026060186385154588
0,0.01375382395028155
0,0.06366509409979763
0,0.410105566938134
0,0.29718964316318724
0,0.0949457502235918
0,0.10076538489070164
0,0.013307903940213387
1,0.1803488045253202
0,0.16149018022918535
0,0.038949189825495396
0,0.03118846505908287
1,0.9690106886545168
0,0.03195045851244869
0,0.04857131491135875
1,0.026066593127529614
0,0.4248112875783988
0,0.051229025984653516
0,0.021972749281179114
0,0.0736032590072321
0,0.8391468492038532
1,0.8945935395799819
1,0.8625475495701054
1,0.5186455376524404
0,0.08616155980597218
0,0.009400375848971573
0,0.11815659264844301
0,0.036612207275544775
1,0.1348833572206923
1,0.8931320609231491
1,0.9766959471648387
0,0.061672400530216887
0,0.805341238627597
1,0.6307141276079425
1,0.8473333723539063
1,0.44320798733865185
0,0.24365835507480285
0,0.04061263311327724
0,0.1780450196268741
1,0.6769806222779582
0,0.013898206268266756
0,0.0021226784400404128
0,0.6612417927240205
0,0.06547718748322243
0,0.015495169785504349
0,0.02784777975801694
0,0.14112866328280474
0,0.019557344606281186
0,0.0657878446647758
0,0.03868868917510849
0,0.35762912241023015
0,0.009507304975904534
0,0.018856784730940542
0,0.018368138412447246
1,0.875059494361367
1,0.874877439779773
0,0.036252494482856966
0,0.012656688389691084
0,0.008246281270747658
0,0.06478040954382543
1,0.9825703570949503
0,0.01844998892070918
0,0.013117104184525073
0,0.02488823905530407
0,0.006662586114355722
1,0.5322189096468766
0,0.03782264656159779
0,0.07452167590103996
0,0.09511910355828686
0,0.033943975237659456
0,0.3325065388214708
0,0.06215524064279629
0,0.8477852249351536
0,0.6867931092654826
0,0.2678610433471858
0,0.025833746371666192
0,0.02553212397133609
0,0.010761564644004514
1,0.9738375090744591
1,0.6886101020749987
1,0.7792890468529811
0,0.9073210921863641
0,0.015546626122904899
0,0.02070108590567625
0,0.3121696585217222
0,0.05225878075340053
1,0.06826583027620005
0,0.05534757906172123
0,0.09618470639742552
0,0.08733095981825477
1,0.2151165733977725
0,0.0451650839996478
1,0.9768880535748026
0,0.4975629856270268
1,0.8883089749242875
0,0.028661851098903637
0,0.05367364480432848
0,0.030167200697746942
1,0.9798970663770925
0,0.032414022947739804
1,0.7805544369158209
0,0.0557270527581152
0,0.041478576935489966
0,0.013891594609129617
1,0.5898164894798696
0,0.008709994879584881
0,0.5044690083796869
0,0.02320018920689914
1,0.8157216399087011
0,0.007300454706926864
0,0.02908700256596462
0,0.1524401780240199
0,0.169753931001201
1,0.46114810809263945
0,0.04604911092679482
1,0.7672363909412312
0,0.0148043393998043
1,0.7505060432341909
0,0.9264061769660438
0,0.008234893415302326
1,0.9738695423433805
1,0.7457394525938449
0,0.039772051734510414
1,0.7479595082326023
1,0.7732286444442588
0,0.029435269587317823
0,0.020926135543712962
0,0.08760700305045555
0,0.10376802093302524
1,0.9505398311054669
1,0.2254732580059517
1,0.9744147625015445
0,0.013479722554851794
0,0.05556312207182495
0,0.5514625064103564
1,0.7578925414797237
0,0.027962718593941487
0,0.012193267404278176
0,0.02008882202405374
0,0.11707280748481534
0,0.09245210593570674
0,0.03370634594954134
0,0.014673056129508134
1,0.5960780794655036
0,0.008228477755720238
1,0.4450600014173482
1,0.9262623032365946
0,0.026923558419490748
1,0.980981572751203
0,0.011556773181019515
0,0.02209225361060841
0,0.019516687664842665
0,0.05436732836743205
1,0.9734486781524544
0,0.38220195933757145
1,0.5493214142127331
0,0.02516937059207502
1,0.09184709628224552
1,0.7118559819209105
0,0.8158214747055189
0,0.028910017721560727
0,0.017973509591749776
0,0.008129003446164355
0,0.05816932665438951
0,0.003328132137669692
0,0.0047284311024752435
0,0.03174683392607101
0,0.043586994643373844
0,0.03561710715620852
0,0.017023829000535454
1,0.9663532339175459
0,0.7673083997787715
0,0.08031177599485012
0,0.7914765003904995
0,0.009497856698421818
0,0.0705330013897497
0,0.6103249394007044
0,0.04069181616707586
1,0.9270805615318932
0,0.005280841500188463
0,0.0719260529516468
0,0.022621293332922048
1,0.9426282443242386
0,0.006176213865538431
0,0.20389839261447024
0,0.014786187445881302
0,0.01732161996421083
0,0.02754978169293473
1,0.7937396973318372
1,0.8610308656790179
0,0.018210496560972646
0,0.48602845092920377
0,0.0382680015079947
0,0.09211190343023194
1,0.2652136566799048
0,0.0246994457762884
0,0.021637024313839376
0,0.03446553432510103
1,0.4243564519651079
0,0.05576163468097902
0,0.06471268943725611
0,0.05702610963558853
1,0.9625927468511707
0,0.06220637016517592
0,0.5573896051864953
0,0.9042740698273378
0,0.2685890818691509
1,0.9618483019423959
0,0.04923676709816675
1,0.8452567313550069
1,0.9015806121898602
0,0.024811031162784183
0,0.025682593458429163
0,0.11655114335135522
0,0.015821263038084385
1,0.9737078833948725
0,0.01507722234042509
0,0.07930874261950302
0,0.023541631709018566
1,0.9793995653403977
0,0.0767314459723564
0,0.0119978398859308
0,0.22072792722012052
0,0.038573943363869004
1,0.5698245295506702
1,0.6332662615044781
0,0.004445648097515232
1,0.9716640644283389
0,0.014819468881757595
0,0.4327577437035597
0,0.05804868569813263
0,0.5072867718097755
1,0.9173536928481207
0,0.03297690817016965
0,0.0249363535042665
0,0.7309696178400824
0,0.763960286389359
0,0.3403820413280534
0,0.017961763612070917
0,0.03897455693248839
0,0.035400291088592176
0,0.058867041852586614
0,0.020279667751003518
0,0.26135362032735987
1,0.8122564638823095
1,0.3791151985941236
1,0.2472574267415299
0,0.05443669110048612
0,0.19789678880002468
0,0.14324402319483995
0,0.017124575822638353
0,0.5101422060639406
0,0.03301646437596563
1,0.9442892816550611
0,0.1190028750764004
0,0.8150273602908557
1,0.15176210680168442
1,0.4968239783016449
0,0.011943666236806986
1,0.8065950865336264
0,0.006979522467761756
0,0.38470570085746675
0,0.028151964998930225
0,0.7283292157080614
0,0.11882604844868448
0,0.010428633818969376
0,0.05054408166706296
0,0.26699598984281797
0,0.016273908258436498
1,0.8733873542915519
0,0.02395022461358799
0,0.01983432054694194
1,0.3381788432655464
0,0.09804440210356447
1,0.8793102594373203
0,0.006970000067545459
1,0.23863439054745478
0,0.03419641453881985
0,0.05268038345866272
0,0.016484488709793917
0,0.0254036783185815
0,0.101781690233995
0,0.016740367621394497
1,0.9539609229996378
1,0.9554056912996625
1,0.13670937434828445
0,0.25481650861823196
1,0.40603647388770286
0,0.04694165620204124
1,0.8821740453690203
0,0.047689508346022466
1,0.40276583086037
0,0.05011402420658421
1,0.9491169537624548
1,0.9627967596450562
0,0.8496845317822332
1,0.9855708667536695
0,0.026970306595465898
0,0.07156491653029912
1,0.20535898778907336
0,0.09035930298667418
0,0.024784059339544865
0,0.07372625147616997
0,0.01707800272323472
1,0.5960794696949012
0,0.0032422612021451034
0,0.02558020639500923
0,0.0540215233829148
0,0.04792113282822533
1,0.7558792781965947
0,0.06124813878279912
1,0.9564397034780339
1,0.9799597410331387
1,0.11100741149876606
0,0.03225022045322974
1,0.955336334488583
0,0.005816395251025749
0,0.012652271662345834
1,0.6563625440983377
1,0.9527489987536583
0,0.2774025442245989
0,0.016462634917742972
1,0.9041343053900561
0,0.197602881096704
0,0.13740279450490014
0,0.20223655146783331
0,0.1552570579346571
0,0.02568864967561969
0,0.12333603181703559
0,0.049546787696581385
1,0.9709137185469509
0,0.06778510516768525
1,0.8677463694916728
1,0.9172834111717214
0,0.07421290248704006
1,0.9313505175225729
0,0.006601054371488975
0,0.012261855729649438
1,0.8871334725911203
1,0.5737604946055055
1,0.6286624280304524
0,0.0842940034466432
0,0.13473064228971968
0,0.0463927882650983
1,0.20856722867898872
0,0.029537944636354358
0,0.051884897487505036
1,0.9834786367547563
1,0.717553458882312
1,0.9910906825039845
1,0.9634891917792173
0,0.0329712381642273
0,0.010993304421211087
0,0.084142860850959
0,0.05434420870595431
0,0.0465260098562692
0,0.014170959590173116
1,0.009126547682265604
1,0.2800177947134817
1,0.8277569247330184
0,0.016447097857230593
0,0.7224108153483438
0,0.03923581627438967
0,0.9917136704314315
1,0.7265326632787931
1,0.7469523855213966
0,0.007663778142385215
0,0.0074911940882948875
1,0.7432936765732882
0,0.02749248099640444
1,0.8911619675192799
0,0.005076954110088273
0,0.06893067107696144
1,0.8596909388838827
0,0.09331356615133157
1,0.8184673627950607
0,0.1010927144089596
1,0.5865312525092677
0,0.01513946981140925
1,0.8678172036147753
0,0.04515789515233868
1,0.9125526020758066
0,0.0063020735398329935
0,0.295476902951771
1,0.4242295439681015
0,0.150072047608203
1,0.9261627702035587
0,0.11050267361129298
0,0.0233099976694562
0,0.0458772087257104
1,0.06770748115169825
0,0.01747894127376207
0,0.9494372255493536
0,0.09625949279461826
1,0.22478853461380496
1,0.7918308303156989
0,0.04492930505355497
0,0.022452981628911222
0,0.02012233770523925
1,0.9729517279428248
0,0.027059676065847135
0,0.02115439668200622
1,0.9542332558341594
1,0.9741248962285627
1,0.05357765166211996
0,0.08149078416156956
1,0.6719955859065943
0,0.0207723203575088
1,0.73229254023494
1,0.06713899961610122
1,0.6772683522825488
0,0.03458403266765391
1,0.9862428701061997
0,0.055094734559631466
0,0.07544382818484945
0,0.018559274013720813
0,0.007167544762867687
0,0.07895378504959048
0,0.5792592972133349
0,0.06081245762897245
0,0.01610703663827837
0,0.03819427435886718
0,0.011820463600787002
0,0.029682312240507696
1,0.9900259430588886
0,0.04544770071365336
0,0.09252928410346554
1,0.8900364029726178
0,0.03516938591238712
0,0.05891195337702866
0,0.008682589090033025
0,0.006002035640302209
0,0.05326651471507958
0,0.012556537484707964
1,0.014866495441366666
0,0.048073324759956494
1,0.8148317212419598
0,0.040244862967945744
0,0.03897620050151508
1,0.7991490307748392
0,0.00944906467038635
1,0.7003652089135479
0,0.01244128931317438
1,0.9162750806933774
1,0.9671376583398963
0,0.1371012742796845
1,0.9489086885301232
0,0.01986440604242268
0,0.026473005049493757
1,0.7859726376148111
0,0.021045787126187643
0,0.186131927467729
0,0.06383907491503868
0,0.08826671100645267
1,0.9890453321691425
0,0.04224297119538238
0,0.008808936182501548
0,0.12005184093505238
0,0.010984718622169395
1,0.46811300805574135
1,0.843157191020264
0,0.1481525908369537
0,0.09185706659127023
1,0.8859182397440218
0,0.0047385408227363255
0,0.011318689186655824
1,0.7189690622881755
0,0.024396607130389217
1,0.609053378330628
1,0.26214133238996523
0,0.04830642094685728
0,0.4639894831264895
0,0.025979529200316064
1,0.9604073227004869
1,0.456224921364009
0,0.2458415909016706
0,0.07415989264943357
0,0.07747169024869609
1,0.9873885430241011
0,0.014882582819722974
0,0.019268809946845225
0,0.03534552599171611
0,0.11004425037880998
1,0.7739103853553841
0,0.006734541871401963
0,0.11459167714992197
1,0.9867786877877357
0,0.04609820399253747
0,0.008053299810867576
0,0.011662431283419183
1,0.5578377917580772
0,0.19362885725950885
1,0.9237378681188417
0,0.030544123937671776
0,0.060960017954696376
1,0.9964584374406641
1,0.044717057533363615
0,0.008304795617806322
0,0.027052869928601526
0,0.02397172552717752
1,0.9674026825584536
1,0.9086832010380854
1,0.19118388675788406
1,0.0909889500622121
1,0.8848459400069453
1,0.30157281557993315
0,0.1753365644331089
1,0.9182825679086695
0,0.06014880466010419
1,0.46225615563490347
0,0.12661520054870504
1,0.8869181829268857
0,0.06667716368550038
0,0.12820598708718625
1,0.5456301351181033
1,0.8482190275323506
1,0.26264393851585327
0,0.3691298675887792
0,0.025345028029612467
1,0.9096747667537327
0,0.2694818428501518
0,0.05030820518046381
0,0.026997100884734417
0,0.021017983771521455
0,0.10844153421692611
0,0.07264331336231421
1,0.9257975673965362
0,0.010728365747620245
0,0.13270613277272558
1,0.8846647054848843
0,0.004627780887992126
0,0.05190241251247471
0,0.06400779506609813
0,0.02732116926380115
1,0.04990073275907098
0,0.6218269717980309
0,0.039625852831771065
0,0.012937243629391589
0,0.01127808062392019
0,0.02252463421840751
1,0.3989358765941097
0,0.028661302499558138
1,0.9848527441583828
1,0.7515121547085094
0,0.00408786505171769
0,0.03809948058564272
0,0.742424164428411
0,0.02978935194742532
0,0.008432904459553255
1,0.8512959151464732
0,0.03830724456323445
0,0.04192412100139249
0,0.0580076720901503
1,0.9291324520393285
1,0.9854805162586359
1,0.9910119413919842
1,0.611525469250917
0,0.009373176846747253
0,0.07469369508684892
0,0.009837302491981543
0,0.03220521712948528
1,0.7195542768960435
0,0.04180427888134466
0,0.014652896772817895
0,0.005970116508448421
1,0.01864324458785351
0,0.004891011659100969
0,0.0433042075915885
1,0.7495871557167292
0,0.08342975928591946
0,0.02578010813901326
1,0.18498605900233125
0,0.038321752233861646
0,0.16529722045466802
1,0.2767348012258725
1,0.980197940801222
1,0.7333074403845357
0,0.028358358274501446
0,0.018025332592932958
0,0.18246998747207863
0,0.43140932401838644
1,0.9753674566517476
0,0.32159586454071365
0,0.05112655264689512
0,0.027150964035226738
0,0.023346707568659735
0,0.07635454235741969
0,0.5616168582165596
0,0.13925090897113973
0,0.07672036221481844
0,0.013626755277720913
0,0.07158670073867122
0,0.20162636650853158
0,0.06990870609833158
0,0.016728702000097316
1,0.8323994643735604
0,0.00798760276472824
1,0.09625136721067998
0,0.013528882938569919
0,0.03426510043505191
0,0.633660607850463
1,0.9756732801230424
0,0.018934999813927943
1,0.8983000115094787
0,0.052599600469422386
1,0.9844386561522028
0,0.02135973714832142
0,0.013098721811372378
0,0.015524668709754039
0,0.044116580274941475
0,0.08530304933672776
0,0.7349166223154469
0,0.38833771627200486
0,0.01286538952485306
0,0.4590824012391758
1,0.7378822293262848
0,0.04368073545624966
0,0.03239849641631157
1,0.7737147235008384
1,0.957983464974286
0,0.03460678261861038
0,0.0538841398508458
1,0.7530423094385333
0,0.2381568013037217
0,0.03190637359312597
0,0.4245318039160823
0,0.14483055870996583
0,0.035949139195407306
0,0.019511659133808593
0,0.02008525773247301
0,0.024485903133981784
0,0.029510512149587317
0,0.09251822405063792
0,0.015561622885481125
0,0.6839176373424759
0,0.010298023477784652
1,0.20271807172665907
0,0.0022672866950671187
0,0.008292899564714316
0,0.016603104963728733
0,0.023376776081725857
0,0.6231476198532679
1,0.16615542474126305
1,0.9841533418832169
0,0.2060945879547161
0,0.014286728213547754
0,0.07983314940491393
1,0.9790866475761515
0,0.16567674064822402
0,0.03923968196167502
1,0.8195199198753225
0,0.08516510277669517
0,0.07042887794010712
0,0.014767030750043392
0,0.06682854976246257
1,0.9492549777311998
0,0.039020650939820295
1,0.9449586197040214
1,0.6538943089355441
0,0.07956282184036705
0,0.02734484306262114
0,0.08417230415406672
0,0.749527790248341
0,0.037684348692612675
1,0.9807951272674544
0,0.09891862097255052
1,0.6371839890842308
0,0.010064450387785164
1,0.8906611086649437
0,0.04266525015078941
0,0.005131039585053756
1,0.9857571696750501
0,0.027168147213967923
0,0.008675182630990158
0,0.03683790554778487
0,0.08755699093850715
0,0.050077675678426345
0,0.024150874396456024
0,0.004337243342849251
0,0.019710119590367177
1,0.7935660134153385
0,0.006706466527913177
0,0.030636182544287877
0,0.04809569893929555
0,0.10540145213707053
1,0.9369267258366902
1,0.39657603652476336
0,0.03562925487152755
1,0.9739844608115721
1,0.6979919913865651
1,0.8719435555664297
1,0.08470966486513463
0,0.198937936837094
1,0.7488037779197554
1,0.9169056451016879
0,0.026347278646720675
0,0.014829388499789417
0,0.02291187182322743
0,0.1163054069550574
0,0.037949057337224756
1,0.9760934131866833
1,0.5671340255894329
0,0.02400255129474356
0,0.15703519530618018
0,0.03090411707484374
1,0.6012668702693051
0,0.7182163062923433
0,0.044997243617441604
0,0.02176312128057409
0,0.5870150616601139
0,0.22818704988159222
0,0.024721576384523648
0,0.005199580166145793
0,0.017106042023848474
0,0.07558546469393443
0,0.012678243730301375
0,0.13194466810354347
0,0.015246377044788043
1,0.5762937497026376
0,0.034488397103791
0,0.3205771114864795
1,0.6586929927308052
0,0.034729182045554176
0,0.8012936142575047
0,0.13205306761559954
0,0.31056718403844896
1,0.1055052125113061
0,0.03482706699497131
0,0.41474043743910854
1,0.9161928517073256
1,0.9481835138578293
1,0.2749240814387388
1,0.8214851844849346
0,0.021911767727914734
0,0.06055136303836745
1,0.931871628369627
0,0.010320632243016131
0,0.10393355629125456
0,0.16767708502526096
0,0.09694402279120037
1,0.734969758398738
0,0.015946834897028275
0,0.09806869707090397
1,0.8481131583974894
0,0.05273428412145437
0,0.04407686871582751
1,0.8983774882164194
0,0.8051470707689666
0,0.10050169608189635
1,0.9366983586218218
0,0.5317680825460467
0,0.02195326809323393
1,0.4963635492448596
0,0.08713679343333074
1,0.9607976382432798
1,0.6778550717819525
1,0.9111472718930022
0,0.021667480867008176
0,0.08673156290390674
0,0.008927046354111732
1,0.9705801843958899
0,0.02255559329356723
0,0.030119293572690647
1,0.26783669555691625
0,0.016071408581960323
0,0.028510629986145418
0,0.08761120964168125
0,0.06847458783221967
0,0.07091653023641442
0,0.0070615021272793415
0,0.3372095274923347
0,0.15291393819173343
0,0.03992992181883334
0,0.010047056108305273
1,0.8524615767209082
0,0.024806866530727046
1,0.7719901568638885
0,0.017449449421673643
1,0.238724056968757
0,0.05118730690720036
0,0.02446105030782338
1,0.7769792319534125
0,0.027404493944517223
1,0.5392129213915542
0,0.1467089535073826
1,0.7061371495808637
0,0.08772948131202177
1,0.9449634397951949
0,0.004921405133587023
0,0.03345069469124573
1,0.944049442311042
1,0.875454491550633
0,0.8704619341374937
1,0.9876609491532556
0,0.00585593767253051
1,0.17953053917269576
1,0.7163182096374122
0,0.014937195266212813
0,0.4315648267169526
0,0.05542972742860903
1,0.9284869484727215
0,0.008872607762903526
0,0.03231118538614916
1,0.6856495400817318
1,0.9716684185427588
0,0.19387980099148516
0,0.11164648863088278
0,0.04252941608804452
0,0.0038245468079126208
0,0.02592859178827901
1,0.8145083406828822
1,0.9158296138019552
1,0.9359264604585434
0,0.004477545970672792
1,0.5252624016231828
1,0.21508578633418535
0,0.06794268132540489
0,0.022591378233019165
0,0.6058647975939104
0,0.15447741875361307
1,0.8496532177767202
0,0.06367951598927056
0,0.050606567266192136
1,0.9742937905884248
0,0.672650849598964
1,0.7639273673716281
1,0.6824178096537888
1,0.9755898971497486
0,0.004727201968184793
1,0.45756211940081104
0,0.009943021177906346
1,0.9797144303869738
0,0.02630012500491964
0,0.0292093495831455
0,0.1737410678664898
1,0.585120327660664
0,0.12093228596741211
0,0.8118341317205292
0,0.013197523011933209
0,0.6378527388496942
0,0.5992507735717327
0,0.03283459576321786
0,0.2061285309891669
0,0.024572934847167768
1,0.06131624980722765
0,0.039161766005434535
0,0.31332237098215004
0,0.022721484984068948
0,0.06742707319992423
0,0.05241212933576145
1,0.6823718880073165
0,0.03730742699976407
1,0.06205992917006305
0,0.582539810723553
0,0.043536636600614936
0,0.0330797331871754
1,0.8548926516709984
0,0.01693658759155599
0,0.037567319618098574
1,0.7268873360775858
0,0.03015429556826327
0,0.13808465087171665
1,0.8254845488652767
0,0.01089792064907985
0,0.04624377246338525
1,0.8334038030082358
1,0.8932851863961555
0,0.011566003908958206
0,0.024066259222497
0,0.7795094240881175
1,0.9606285996162294
0,0.24671979150416593
1,0.37518539780991567
0,0.622123131189187
1,0.9695608601605888
0,0.043411929356738675
0,0.011560140894917185
0,0.06852909700772412
0,0.042752708439196305
0,0.007282858769613555
0,0.5284122533842398
1,0.39693098293712936
0,0.09469392305687352
1,0.256526304428075
1,0.9733655218596052
1,0.958915845600317
1,0.9347768575857714
0,0.014451682002779062
0,0.011842987209446229
0,0.039235722417653204
1,0.9215486053990504
1,0.8806501201427608
0,0.17280783249090673
1,0.6602666076312967
1,0.08929617926953644
1,0.9381489210640409
0,0.12063605489907003
0,0.040207235723559845
0,0.028381180894043283
0,0.14493472634483662
1,0.9493220588330407
1,0.9668069970692037
0,0.011045240509584999
0,0.30653708943803415
0,0.012947543080536835
0,0.02200631949736508
0,0.02921335717022542
1,0.8236263045900691
0,0.011240381325141071
0,0.020885706667816504
1,0.09954609536334272
0,0.12316921245093193
1,0.9335441927051213
0,0.01838781979483822
0,0.08803150522994403
0,0.0270614337224782
0,0.029278240151109868
0,0.023272505922155507
0,0.02649085392490558
1,0.10194386163459535
1,0.9719457389917205
0,0.03228706239224415
1,0.980615244944997
0,0.02802088567283987
0,0.06454964522075772
0,0.06198504331700748
0,0.05246605466668535
0,0.0668577186468536
0,0.13834367971475484
0,0.1050713520630283
0,0.04267803410882549
1,0.9882308043656182
0,0.05377075115247079
1,0.6746817661511463
0,0.6573482891011242
0,0.1306735882197913
0,0.0085759289842021
1,0.9509018508831515
1,0.7557865599021659
0,0.3205667076063734
0,0.42375839184941816
0,0.037730880103851595
1,0.929416075249719
0,0.02018177216588712
0,0.02077234288048571
0,0.023860559374556774
0,0.37602900361003994
1,0.2011657213377904
0,0.03289034410444246
0,0.9896919638363431
0,0.1376789953918312
0,0.4227431327689728
0,0.012930000330243354
1,0.9268922849997665
0,0.07400545980804171
1,0.5602901048625204
1,0.974902039165713
0,0.016373767335428273
0,0.010652258305451866
1,0.8732053166545434
1,0.8511584508071461
0,0.00685611914101049
0,0.009825959774496204
0,0.07573262804813043
0,0.02781646650119335
0,0.06625654706548142
1,0.8795257300579318
0,0.08482834820527724
0,0.05548616060453191
0,0.05223004390939123
1,0.9081957233748931
0,0.11709692483990652
0,0.06486410478643416
1,0.8877234549899679
0,0.03678791289552592
0,0.03260973760909496
1,0.6846130491770531
0,0.040868506745892826
1,0.8022450212152312
0,0.07169511132251609
0,0.023671874373666486
0,0.08486100415814855
1,0.8745497281626217
0,0.017274042382967078
0,0.022069359587063554
0,0.04322402713840088
0,0.1090448595237841
1,0.9813263537977708
0,0.03279721877824343
1,0.4201015123758224
0,0.5110061804196578
0,0.22090810218983575
0,0.004082312073945136
0,0.023526983664861424
0,0.04068439463083821
0,0.11642986115316059
0,0.012870131719861613
0,0.03681807551758352
1,0.8529396784412298
1,0.5835004573700666
0,0.0385862294496473
0,0.07883223503023606
0,0.018137831438562235
1,0.6009032335424158
1,0.9581416196924175
0,0.016212008334989248
0,0.7470798503087418
0,0.011419769236977564
1,0.2627643699478256
1,0.7139445759416673
0,0.7788692321128153
1,0.9281296180154204
0,0.011480160887266387
1,0.3440208010358234
0,0.012648115682586081
0,0.014722013281034283
0,0.030438894276010046
0,0.815627380359226
1,0.1458736179086176
0,0.27100407368589485
1,0.8592201149364419
0,0.09925592677184315
0,0.09990600006930975
0,0.009679562286302627
1,0.6147719655802384
0,0.03857303558398865
0,0.2186809252141172
1,0.07554000328550933
0,0.06644214770026631
0,0.008502229220519228
1,0.9233084669722692
0,0.05674751288639108
0,0.09790727494824221
0,0.047812115571727376
0,0.01341140064273332
0,0.2955120173402636
0,0.09039196157040197
0,0.03404305429834832
1,0.14904893913853703
1,0.7597121396226862
0,0.8481008685765223
1,0.9524305776772908
0,0.058224574090605705
0,0.10381132643793163
0,0.22582280407246125
0,0.11176303418060594
1,0.7951830619165331
0,0.025877245197776698
0,0.021467124074056047
0,0.03442888662326224
0,0.06259019980948591
1,0.9855357274297294
0,0.008143678641788393
0,0.0804250581444479
0,0.015597039927513877
0,0.07261428171861647
0,0.009264687846294608
0,0.7439441050674894
0,0.010204711769175753
1,0.9813608151677555
0,0.006194443572857554
0,0.029899712486273104
0,0.012189530091740364
0,0.2669469434439654
0,0.05375937699859283
0,0.19526803019506928
0,0.9341474685808866
0,0.024619780815827393
1,0.9419950388651377
0,0.06695055768455377
1,0.7517310519692361
1,0.28753388870565444
1,0.2981858637097427
0,0.020894872255063795
0,0.03308892508599303
0,0.04842135074172389
0,0.01603330502265184
0,0.006366914944460742
0,0.03659507884510464
1,0.5003135976930423
0,0.0796809435545435
1,0.18720814049909248
0,0.01873754997352755
0,0.020782854662614487
0,0.12600798525734447
0,0.023621208188995838
0,0.023108002492526942
1,0.9499030967020715
0,0.019269488642960006
0,0.04950054864592155
1,0.8713514869312099
1,0.960309722326861
1,0.7960134424960419
0,0.07116363878043219
0,0.13272811746335744
1,0.9271122660716039
1,0.8195490967309442
0,0.050743177186521014
1,0.26907057886975
0,0.02269992060011709
1,0.9878772579592191
0,0.03781189580188853
0,0.0633410916332298
0,0.46061280857222203
0,0.029476361801245323
1,0.25886126674305754
0,0.06906818641203331
0,0.011323108491985229
0,0.0471481588291472
1,0.8904627401403074
1,0.6178688725308862
1,0.8242393531940609
0,0.027417358094560102
1,0.8005742723161865
0,0.019738163591211357
1,0.5438658971533737
0,0.005103412676224513
0,0.05504569987712778
0,0.00527812987487982
0,0.04688731953429229
0,0.08629024379350579
0,0.02300352064900914
1,0.6471216299851382
0,0.008015168684813936
0,0.01381155833276035
0,0.06003387773009506
0,0.026815151109893545
1,0.9667284697836135
0,0.01878786983727717
0,0.0208629364730056
0,0.4549223686567099
0,0.06286394779877628
0,0.5788088067784578
0,0.03487079562585482
0,0.04247826721937338
0,0.8526771030955267
0,0.03756296146245035
1,0.9914316144809655
0,0.021670402349143417
0,0.15013925571849118
1,0.9815846565835925
1,0.7810890817585032
1,0.9486001581495316
1,0.4152670619457814
1,0.499528154419798
0,0.07880436076235896
0,0.02897955822309473
0,0.011694387775227575
0,0.0883865980672718
1,0.8030682447290268
1,0.09590740546323703
0,0.08270356967773268
0,0.012699223015899213
0,0.025955170184412974
1,0.9913565194869456
0,0.08375907317461898
1,0.9454015920402139
1,0.4159998374196385
0,0.013552607038693354
1,0.9836660981385764
0,0.06131229096497614
0,0.0206967304192064
1,0.9677123565488802
0,0.06160429559447535
0,0.05394603084999008
1,0.5325100203816232
0,0.014443034695231142
0,0.3301471166208259
0,0.060024427280161205
1,0.8197858961633647
0,0.06665089530195957
0,0.036786911724991066
0,0.025968039983966282
0,0.019180010327953658
0,0.5645321907485629
0,0.5450320905165913
1,0.40200996188080385
0,0.13678439629351494
0,0.033577167790605794
0,0.016021638982624573
0,0.012810301198176091
0,0.2152646577628826
0,0.25209107102633577
0,0.09936757744234218
0,0.029754327243799315
0,0.07624613541344323
1,0.4172084701712366
1,0.7183504773659078
0,0.01596796143599205
1,0.8497249350644959
0,0.026342396254582127
1,0.8289481386716762
0,0.10618337213101886
1,0.3833880278837554
1,0.8312213109412979
0,0.015723873170857168
0,0.03595744249962572
1,0.41909648597430077
1,0.5059733431909262
1,0.9306000061511102
0,0.008258957711412046
0,0.03903795182840525
0,0.03507756629997518
1,0.9602070120205879
0,0.060919253552762315
1,0.9309377028686173
0,0.056748740934807765
1,0.9732200109367356
1,0.6159161506565807
1,0.8748915316374117
0,0.0943303596160093
1,0.8657900565666552
1,0.22878155050422547
1,0.0342482447803154
0,0.0558741941630141
0,0.14702082349206774
1,0.9257165634803189
0,0.009571931879448535
0,0.3629253180471879
1,0.9587902099626994
1,0.5320711802041439
0,0.039590887547528916
0,0.018571597280507095
0,0.6547543805419259
1,0.7228402007342135
1,0.954765342377172
1,0.8732202835748322
0,0.03391719066355672
0,0.008942454243063254
1,0.9511720961255351
0,0.013001641274680028
1,0.8268870628228255
0,0.007581428585703258
0,0.027400381289468777
0,0.013950533657129983
0,0.4860533706762566
0,0.1455194205631888
0,0.11547103825499572
0,0.059313938544350374
1,0.055127482387533774
0,0.724185088870594
0,0.08467806618898219
0,0.008469573487694908
0,0.040076762214054734
0,0.23018415620476676
1,0.5842235909134151
0,0.03205568339312602
1,0.4374729576842495
0,0.024693675615143035
0,0.03269260225097977
0,0.006923272417409127
0,0.02613469199257106
1,0.020423759672752555
1,0.9495104243234335
0,0.06516676509584665
1,0.9855977354072387
1,0.9633325517797214
0,0.011199243680826634
1,0.8144043901350743
0,0.5532242560417809
0,0.8985374357060648
1,0.15988862469942802
0,0.0165283679001059
0,0.10385928217311598
0,0.5798451246053508
0,0.04375327879774634
0,0.08888195929582797
0,0.560593265106733
0,0.38602537030632733
0,0.019878223808384318
0,0.04911087294149248
0,0.005897560129941684
1,0.0708944171430662
1,0.9612746020796715
0,0.03491749901521389
0,0.017922121458014813
0,0.22615014303170713
0,0.09552891574290363
0,0.014629044882563414
0,0.02911883745801424
1,0.7615348591065386
1,0.08418157299191271
0,0.025768742838003428
0,0.018087766871198428
0,0.03698241798611908
0,0.012783175725710293
1,0.9451725972840459
0,0.0221654064980901
0,0.02333516835183606
1,0.0045752230088744105
0,0.036902382378228106
0,0.18100624152102318
0,0.0691127443863879
0,0.20668314733292684
0,0.06387704585161758
0,0.03707650043644196
1,0.04358222040080787
1,0.9211828995638993
0,0.7064435859386122
1,0.8133539747046659
0,0.1715988793085676
0,0.0788414289281845
0,0.03406803359769425
0,0.01861181160548217
1,0.6238086382206267
1,0.9521489339919985
0,0.018073127979407123
0,0.01979378709432256
1,0.013346785511762386
1,0.9684814990376596
0,0.024528401803557903
0,0.016702164418586168
1,0.903912462448408
0,0.02043679131480868
0,0.04767311432146214
0,0.027560881066416278
0,0.8771131401348137
1,0.8587979484839692
0,0.006633678064100286
0,0.2109929236092
0,0.18190314488300255
0,0.005652205715491318
0,0.03796918719124479
0,0.05929039313991048
1,0.03579148962635226
1,0.8866421703593783
0,0.032839231353219984
1,0.7083626048467622
0,0.023986556726834023
0,0.03172518139320619
0,0.010681281572337175
1,0.9838370347274025
0,0.012154089307603543
0,0.03511349674034497
0,0.08076546364298441
0,0.06830958891303802
0,0.08480774366928408
1,0.5565426334757254
0,0.008629998008355937
1,0.28908319271667426
0,0.027143777761732144
1,0.9600549424291988
1,0.7123767317697298
1,0.885591056160127
0,0.037959650974055584
0,0.021183780635843683
0,0.021534942182270637
0,0.06352159231243686
0,0.023376918834740325
0,0.016767400840110566
0,0.042516755141388356
0,0.28162943730593526
1,0.005589419211584732
0,0.019588540297792726
0,0.03417154930046947
0,0.13804735599571905
0,0.02290153685297674
1,0.7292199605552268
1,0.9528188899728572
0,0.05049535135143125
0,0.01982486751930684
1,0.7600455567505345
0,0.2794913465125556
0,0.01507153471231389
0,0.22186080554487983
0,0.03572932294230363
0,0.01878234080609815
0,0.006590397804911063
0,0.7874357173564625
1,0.7212020190876818
1,0.8455176097321014
0,0.12456705694660473
0,0.054382255072811726
1,0.6765518050296694
0,0.051789443800125325
0,0.021557140155522635
0,0.07544904415531356
0,0.012271170853936527
1,0.4875428867079058
0,0.03322430571843102
0,0.09197575250187127
0,0.4887782738697284
1,0.7242127810335437
0,0.032925564159669386
0,0.9294886128770691
1,0.7690190179424058
0,0.025091634837145174
0,0.02078830270879398
0,0.02856643407720502
0,0.0322826667383252
0,0.0052613775836364935
0,0.020155767401675115
0,0.048204000024388245
0,0.07947289133196353
1,0.056390134742398595
0,0.06189584397077511
0,0.00783322474841024
0,0.8959373944008796
1,0.9816449628763123
0,0.004642082755509647
0,0.08561289674973693
1,0.2598899714584832
0,0.03258363076482428
1,0.8033781831245964
1,0.8318884943898743
0,0.011169662427836135
0,0.05918721448616561
1,0.9528021797262445
0,0.01803587084041278
0,0.031131073648187405
1,0.578118787208984
1,0.16163966318124565
0,0.36250732841071426
0,0.015936339691483323
1,0.9288806124540331
1,0.10773437860793142
0,0.016862293208413565
0,0.008369875243029038
0,0.05648575950057746
0,0.03906773983479143
0,0.12474724430582275
0,0.014835841751266116
0,0.0188006874672412
1,0.9493260678400487
0,0.06292556922168503
1,0.0588981073796711
0,0.3708198178946152
1,0.6907278023084583
0,0.4477927080381617
0,0.3105736230930571
0,0.25293999606635004
0,0.009793331295401367
1,0.8255296581179788
0,0.03278992271737807
0,0.5578371774611367
0,0.02206733057236069
0,0.5705934154547722
0,0.5907937528780942
0,0.1270270232000047
1,0.7641275297927346
0,0.045228752176071266
0,0.010029879044660408
0,0.033475792090571
1,0.9700033544954886
1,0.4048488054544258
0,0.022208648503378593
1,0.8977405993155797
0,0.01571841507380809
1,0.5745463856044634
0,0.15772681825466925
0,0.011126489905384535
0,0.04016796783099944
0,0.189878130745645
0,0.016383139653425843
1,0.9418869530104221
0,0.13407923247407294
0,0.006783539909023341
1,0.7110927700328856
1,0.9622876604775267
0,0.0479223585028177
0,0.010945267432921523
0,0.021893763099738957
1,0.9788061960126409
0,0.09845934431768323
1,0.09268255069033113
0,0.029370906551816508
1,0.024083320910019322
1,0.5432924848928856
0,0.012568290637555345
0,0.030674682584958746
1,0.9071137368130651
0,0.011667012199525782
0,0.030235010280008294
1,0.9336630525525222
0,0.057987015629659903
1,0.2662888216781701
0,0.025886515112293704
0,0.040170651402490785
0,0.08109590579706008
1,0.8367891626346489
0,0.017953942853630656
0,0.012074127475889191
0,0.042686938405358366
0,0.07762545619825931
0,0.00831479901701635
0,0.026378213416009322
1,0.8324290199878142
0,0.054689989017658154
0,0.04632100205953751
1,0.9693852180966858
0,0.8117117941343516
0,0.06450603286370235
0,0.31190804620624113
0,0.024710195966444543
0,0.017287031286432004
0,0.07004176735574794
0,0.6163167877156417
0,0.7724959845833739
0,0.037695264936401185
0,0.028071581503591958
0,0.07357791766554696
0,0.569001465304686
0,0.06248160348393853
1,0.4564613496335865
1,0.6414503292275225
0,0.11474497228661441
1,0.9008242298291914
0,0.008442057121031576
0,0.027773318621864884
1,0.2107470345043017
1,0.9875955312774062
0,0.012362406697512436
0,0.01676156519008638
0,0.023942010456792447
1,0.5849906432469063
0,0.022566447145243897
0,0.014254419685172588
0,0.04554158035619626
0,0.02946736645951901
0,0.015037986229845085
0,0.0355366428363438
0,0.05039032577186723
0,0.8949836260288208
1,0.425601479787122
0,0.5800093188161743
1,0.839105031023067
1,0.6083405753226186
0,0.019267903305338438
1,0.9500335795470031
1,0.9124963198447129
0,0.08945260144071877
1,0.10181581736350163
0,0.051062195560292366
1,0.2535283006624987
1,0.6124927675813961
0,0.02828497177460305
0,0.07076115496863024
1,0.8207053858300697
1,0.671412438480877
1,0.9677453086187434
0,0.45053787499858605
0,0.015373253774446786
0,0.04190760036067496
0,0.010231113164114156
0,0.01862172042385388
0,0.021198003517142933
0,0.0322077327749947
1,0.9153930813602592
0,0.03451902098273702
0,0.053061084306994084
0,0.018290684278913574
0,0.46574233846780466
0,0.7793606489793276
1,0.9586170688412006
0,0.01814341647267148
0,0.011049241969948383
0,0.0764208591415458
1,0.5385358787303445
0,0.013793189801784228
0,0.021822527331962084
0,0.04793910756387674
0,0.28187637127657816
1,0.590688659926326
0,0.2120879287886955
1,0.4827727461389009
0,0.016000340238553328
0,0.014097999880118572
0,0.009563589606614447
0,0.006867564532583414
0,0.022089229510090295
0,0.04882200925603084
1,0.9836127186257948
0,0.01353402846830241
0,0.010610151524706289
0,0.02622129897315725
0,0.020869390720175716
0,0.15107631148652917
0,0.18067215679414195
0,0.04907395042325846
1,0.9547341528444921
0,0.09824557155243609
1,0.5857044281060243
0,0.018997108712810185
0,0.005906898959331821
0,0.015870619837185136
0,0.030725742333120445
0,0.014482964746498002
0,0.037779590277214024
0,0.09701342031646033
1,0.9067990761365091
0,0.033457335060388664
1,0.7069600222555521
0,0.02745873946652359
0,0.03284785750952373
0,0.008489419001385447
0,0.09487922952150908
0,0.018687261859386198
0,0.09977043452608404
0,0.36774408594121105
0,0.6378323692639911
0,0.005579416766814273
1,0.8415585181943428
0,0.03819043576029472
0,0.09259626110819377
0,0.045904741462545494
0,0.022048072703103123
0,0.015656478341578493
0,0.010941922643119694
1,0.7505060432341909
0,0.009219016093475441
0,0.7228793792587804
0,0.9592124508932686
0,0.02123024660826494
0,0.056052737494234506
1,0.9879174563276536
1,0.9145285970998921
1,0.19592928249743674
0,0.022148069609594354
0,0.016712225735632816
0,0.034947775081475486
0,0.014163219286481529
0,0.019970077332793882
0,0.052897485045968654
0,0.0300932667965616
0,0.03672846492059324
0,0.1643571734316033
0,0.0797267217466789
0,0.0575650368933353
0,0.09147419986198665
1,0.8237240789457003
0,0.04069468841968528
0,0.13361016609189083
0,0.006460099890158629
0,0.11393353997761037
0,0.047115657379848595
0,0.04978613789486818
0,0.19961094595659515
0,0.02501457331797424
0,0.14287835146282266
0,0.05750728235823181
1,0.07297981552873234
0,0.01860379573492669
0,0.4343779451614534
0,0.059669665461513366
0,0.017824407980816453
0,0.012218969411097881
1,0.9282260328818431
1,0.9642279881352084
0,0.008277270765171799
0,0.06322956800146652
0,0.06414834525492126
0,0.006901745522849599
1,0.9566742195280752
0,0.02106097133856947
0,0.1915057856583502
0,0.005017349787800629
0,0.010628233719505973
0,0.055872382674362765
1,0.9683886382181688
0,0.07287618559445337
1,0.2118026247697082
0,0.02017740945464875
1,0.6118102539930438
0,0.02025549666490734
0,0.04365229147362429
0,0.007838386594288484
0,0.27392561916089075
1,0.9644208999777785
0,0.014725894595355128
0,0.05041157378328861
0,0.03714001583955352
0,0.8115779599381863
0,0.015107732801536038
1,0.8697630908600436
0,0.04178912604457457
1,0.2879171623364023
0,0.4767616426301685
1,0.3487110106656745
0,0.013761295420855815
0,0.03461042459825316
0,0.012338817638201561
0,0.04457985231957251
0,0.022316229892519072
0,0.023905592877609814
0,0.015369314053092518
0,0.018719653646006026
1,0.47179190284279937
0,0.016970671143226215
0,0.01655508622700328
0,0.06518929217330079
0,0.0863022728968751
0,0.011951559417981728
0,0.017022031488560904
0,0.35117509373339423
1,0.02058331311121385
0,0.029309965174584392
0,0.1070557561087768
0,0.9315366769471304
0,0.829323873665084
0,0.035942320902565605
0,0.01798387424666128
0,0.01648514350068367
0,0.023305540552585217
0,0.016053151440015782
1,0.46640145664074967
0,0.05208437982334592
0,0.1854192820741193
0,0.012885633397285217
0,0.018021797366542126
0,0.017338426664734726
0,0.08054877232245541
0,0.035961500913780614
0,0.03261459509859733
0,0.042516755141388356
0,0.013285818291612109
0,0.02686239792693175
0,0.04616285101763547
0,0.04180826530146598
1,0.953528393761492
0,0.03531464801023066
0,0.05674850574159185
0,0.030417263995583102
1,0.6503601013858632
0,0.013681771309144315
1,0.7514238699065126
1,0.8438527736986473
0,0.20140796609721495
1,0.06101948976767679
0,0.2253456935482612
1,0.4172849877199159
0,0.017493695067788452
0,0.019944118365946704
1,0.19944017527637545
0,0.09141405847780709
0,0.06939127737926871
0,0.00960282312021609
0,0.012123156594427632
0,0.06426429175308133
0,0.007692215378930572
0,0.19787734270326027
0,0.037806408917333854
0,0.2856219358445305
0,0.018434309144663423
0,0.015278165268154113
1,0.2927366682000261
0,0.02262754930093479
1,0.9525578272911942
0,0.03201451167212621
0,0.5873895875585359
0,0.02692510263036775
1,0.9433367819248446
0,0.9704204073961913
1,0.43339460667434576
0,0.23263375669570133
0,0.07170418377967774
0,0.4966960305171132
0,0.031203042610594773
0,0.017684487242255752
0,0.0190757777929506
1,0.3468235423925236
0,0.004065021539561839
0,0.04526469152808884
0,0.02771681402087185
0,0.009175258804543639
0,0.043001088158472374
0,0.305086395230698
0,0.06038362883609876
0,0.014156503895534125
0,0.02234885493441545
0,0.03322387399145738
1,0.7590455434931721
1,0.16958332428294645
