target,prediction
0,0.1750128165105418
0,0.08980043244559575
0,0.1107166902268362
0,0.1992137065981619
1,0.210255980202262
0,0.11719219207254913
1,0.40303607489153864
0,0.10457174000732207
0,0.12091159758379141
0,0.30990111410378496
0,0.0761273478370039
0,0.09326265188723369
1,0.1348964493813602
0,0.44467993223689833
1,0.8123886141451804
0,0.1399104414268061
0,0.21085452534349244
1,0.18127586631049397
0,0.11906129847055438
0,0.10648336222342016
0,0.2299747114730604
0,0.3824793417768839
0,0.18253935985540398
1,0.7117491469841033
0,0.09222874903498571
0,0.4142458465545608
0,0.08246582463878444
0,0.0830239504548595
0,0.11469112913973653
1,0.7746522339072083
1,0.14672850688297834
1,0.5439989659824972
0,0.10984060440502079
0,0.11879284200157884
0,0.10823950985410236
1,0.7550241749975722
0,0.0999565958937881
0,0.08714073500453894
0,0.1167370231933462
1,0.8914541604024085
1,0.6508764719020863
1,0.8033496566969919
1,0.14469981575820476
0,0.10766742764611324
0,0.1114607569667888
0,0.09327402309237368
0,0.10493814016476871
0,0.1082521694521178
0,0.16418179715476106
0,0.39159001785507547
0,0.1664057668455348
0,0.13154089872886518
0,0.2709056312860798
0,0.09115051150999245
1,0.8533566205327626
0,0.08330716290776807
0,0.14123299759401017
0,0.5443896006313207
0,0.46193768731148427
0,0.09872785506394172
0,0.31192449241004094
0,0.10438049073104307
1,0.9086930125734157
0,0.11928195977418737
1,0.838726299157641
0,0.13290031776457312
1,0.9034289746767319
0,0.1538752560935294
0,0.09966624279292076
0,0.3154730835668308
1,0.16123964763873802
0,0.10219191556334495
0,0.0946037479655351
1,0.19745204421363688
0,0.14883864717861198
0,0.11428814455623772
0,0.0853026576324609
0,0.14141310492448986
0,0.08803378926634964
0,0.10896636853514859
0,0.24490116379004814
0,0.27602189724375026
0,0.1476232725635861
0,0.09456343084026046
0,0.112558017554643
1,0.8724375165249291
0,0.07310921245621903
0,0.6722829598525512
0,0.14143580199752023
1,0.5600314719914118
1,0.9102699452376345
0,0.3643193922674259
0,0.11246758461066363
0,0.17484991076816747
1,0.377190026507194
1,0.4643156222513431
1,0.1784281057777639
1,0.8023252518435109
0,0.406699855960053
0,0.13560507347422798
0,0.07695445197749967
1,0.369561954719596
0,0.12409303649929594
0,0.11282668667393564
0,0.11082090728466772
0,0.21860846141254417
0,0.09899867402516827
0,0.6923800847809432
1,0.11243980135095828
1,0.11891156902258158
0,0.09885592931843759
0,0.1059228996118472
1,0.7677823020090381
1,0.08991105407541873
1,0.4378893114846559
0,0.09796042847614235
0,0.10411653595134329
1,0.07916408913876272
0,0.09740340008657834
1,0.590981741202126
0,0.1354410208324894
0,0.12952430341162285
0,0.08672392548514887
0,0.18053511964223948
0,0.6273715737827432
0,0.14123299759401017
0,0.2832269481511887
0,0.14815504324295992
0,0.08566825976614406
0,0.3543736153077869
0,0.1319996316862266
1,0.10029465616609408
0,0.12002735299530108
1,0.8642767522464033
1,0.7650751960472045
0,0.2325759607023453
0,0.11211109727856643
0,0.08353545311446726
0,0.07695445197749967
0,0.14162946300857504
0,0.10342999722617555
0,0.11034718295053778
0,0.11740936143847805
0,0.15406776615689455
0,0.09437704154094091
0,0.11610220090096976
1,0.5622450275283062
0,0.6973510233483838
1,0.17217428392616785
1,0.7278945940638566
0,0.1299909063114316
0,0.23013619731167034
0,0.2945743456439779
0,0.09199441570066648
0,0.10756491789462129
0,0.08617149785230742
0,0.09255691841881254
0,0.08022822095959196
0,0.08122888997396513
0,0.1953894495815095
1,0.6835202619045395
0,0.22643368976775857
1,0.26915634405041733
0,0.4278369355832187
0,0.07936854832996965
1,0.1649858406052684
0,0.15554951993511015
0,0.13159665603368015
0,0.11334121201688693
0,0.08466132698218845
0,0.08566825976614406
0,0.30401344235827776
0,0.10705274333351363
1,0.39721687841216013
0,0.2122157029881446
0,0.12675973153775738
1,0.7498196108649083
0,0.07695445197749967
1,0.1181638388623977
0,0.08329418329135856
0,0.08426686858440068
0,0.22503554778987486
0,0.14767516044807705
1,0.48658113561096306
1,0.8873603362471144
0,0.11903012342122102
0,0.08720668512585387
0,0.10612107592284221
0,0.12932556731245623
0,0.22206057323299153
0,0.0798691320451138
0,0.08330716290776807
0,0.2076372074609079
0,0.07695445197749967
1,0.8452489092173207
0,0.11161782088509581
1,0.4328531065039395
0,0.09187744895641362
0,0.11466406739300664
1,0.42435414071421884
0,0.11652425601499863
1,0.8290800749764832
0,0.15221125215243872
1,0.8351585428388709
0,0.09275523230003224
0,0.0768427569972534
0,0.1047155094900888
1,0.7329543564169668
1,0.3825262618528755
0,0.11860773171091517
0,0.0981715698846725
1,0.4934180557555688
0,0.33164019488279195
0,0.18577259566677515
0,0.09899867402516827
0,0.083964069734108
0,0.17730307230377199
1,0.22601454861097586
0,0.14182504277139185
1,0.4260994322496016
0,0.1274396194298731
1,0.16987783577303098
0,0.12979540048532795
0,0.1344840233986269
0,0.38936265532315867
0,0.5788793817174889
0,0.12602238092031437
0,0.10269624336623126
0,0.09116527577109164
0,0.6574382654091067
0,0.27645154682965145
0,0.21888036034004765
0,0.13595174811544072
0,0.1779586787454012
1,0.7980143010114449
0,0.09735903393496037
1,0.9451063825130962
0,0.36971889216740395
0,0.08952616362241916
0,0.12694213956381215
0,0.08207172280033555
1,0.2297076966335579
1,0.28763268977326867
1,0.6982247940541175
0,0.07695445197749967
0,0.5742912967012921
0,0.0817045308946849
0,0.0946037479655351
0,0.08258793491586548
0,0.0973992368091055
0,0.10983613234399747
0,0.09822407826621171
1,0.19231973548496226
0,0.07142713299290256
0,0.11242817084848689
0,0.11275119315670197
0,0.09367855827933264
0,0.07695445197749967
0,0.09273871746763272
0,0.12127232813959056
0,0.11237467918037125
1,0.7953863355950164
0,0.09887092966005076
0,0.17437671440640867
0,0.5251115559835006
0,0.3173195306258701
0,0.13836137381715288
0,0.11059883316881033
0,0.20961084321525505
0,0.12099574464772088
1,0.779620959733612
0,0.0950545213143278
1,0.9138656134606173
1,0.7634826981072773
1,0.11898520535249013
1,0.14165610552762106
0,0.1742673307453556
0,0.11791191913866571
0,0.10016543890733029
0,0.09321045246626948
0,0.1600921674479534
0,0.07522877456487381
1,0.9245842973786229
1,0.8793164302117477
0,0.10441167217842239
0,0.28788475527723767
0,0.11652425601499863
1,0.5466413270129444
0,0.23460042098500683
1,0.4316080142733035
0,0.1047155094900888
1,0.8361401592127548
0,0.09797239169241168
1,0.9426117404870886
0,0.1710549236082387
1,0.15423365038481907
0,0.10133825926338393
0,0.10162047366690408
0,0.08988461956296334
1,0.9511538099665757
0,0.12104232174383774
1,0.17427895513686179
0,0.16996409802844112
0,0.17051016718534423
0,0.20076458383507964
0,0.09462472575338723
0,0.12639087553784123
1,0.6863592274734921
1,0.6949314223608043
0,0.18095717306188097
0,0.1301415507286295
0,0.10887395058894554
1,0.7866221303731058
0,0.08302057407223692
0,0.11789208237683135
1,0.2488769311352294
0,0.09251579748416157
0,0.0761273478370039
1,0.9203263215019295
0,0.14740783031856092
0,0.07695445197749967
1,0.8658974287290961
1,0.7893727094723646
0,0.08372976611313143
1,0.8531298885037961
0,0.11408845797517606
0,0.09823156579111622
0,0.6916330069119192
1,0.6633143510423567
0,0.09957639689244104
0,0.19645462195083307
0,0.10138156755375241
0,0.18938664423579862
0,0.07941146466428545
1,0.759402294555638
1,0.8259393109287583
0,0.20419353084912886
1,0.7287057849508729
0,0.08332116218996456
1,0.8230390042450013
0,0.1208874918776519
0,0.08641459212027856
1,0.447321864140154
1,0.6585801905064915
0,0.09346356708831105
0,0.6049731682201347
0,0.2121486972961446
0,0.08698959384575139
0,0.2344748721867665
1,0.7012424024121139
0,0.14333170948177992
1,0.7573869953873479
0,0.2263733961870143
0,0.10944614064543107
0,0.2763646628519514
0,0.13834400568297725
1,0.42694639103119264
1,0.8290800749764832
0,0.10308775197978347
1,0.6413793407785341
0,0.16941154603973146
1,0.7734658738454829
1,0.5221639424959054
0,0.10366027941079256
0,0.09345482357175128
0,0.1311143878371552
0,0.10172145538593169
0,0.07714005538992502
0,0.0857680644756898
0,0.13056772457480056
0,0.4178673421767304
1,0.8025693368219686
0,0.12612263086732584
0,0.08443254280824175
0,0.1450933551082511
0,0.10088535715181851
0,0.09819899270105013
0,0.11485866927991852
0,0.5964533938295711
0,0.2595866522572199
1,0.7015920221799519
1,0.905269678705091
0,0.1035027464614556
0,0.10976577515930544
0,0.1906762037324444
0,0.11547793973001044
0,0.15797247899286124
0,0.09765879399253176
1,0.27186210584362225
1,0.6712073328795148
0,0.148349012074222
1,0.1789556095096952
1,0.9299491563178351
0,0.19300210871783657
0,0.15364253169751566
0,0.08848848787680377
0,0.10412846342968095
0,0.10096850555677064
0,0.14301775339098272
1,0.3219299242838507
1,0.35355455675698894
0,0.23476556717809247
0,0.14831203604739426
0,0.16846113869634396
1,0.5986272751897541
1,0.8167154279438651
0,0.19267599602993923
0,0.0981715698846725
1,0.3247715121329551
0,0.10050576009553872
0,0.09200978427522269
0,0.12027392535483643
0,0.09377664382503932
0,0.09136285898472013
0,0.09253305922762871
1,0.757702718633868
0,0.3484688134224023
0,0.2507630650324735
1,0.8168538861988509
0,0.12287731040298944
0,0.3219043695360076
0,0.10088535715181851
0,0.2227609874117567
0,0.07695445197749967
1,0.7713014625779234
0,0.12488672252244738
1,0.7093038507196555
0,0.11486509872409338
0,0.12598415332954005
0,0.20416485011263996
0,0.08373322128259587
0,0.0946037479655351
0,0.11016162418820682
1,0.912069124087777
0,0.14014258069600638
0,0.1256951922479774
0,0.1181027510569633
0,0.25072031410406415
1,0.4406374548082037
1,0.4633751941814247
0,0.13552640987966966
1,0.8357410150430925
1,0.4672834793646998
0,0.13551616212908962
1,0.713091022433565
0,0.4249689334981561
0,0.43804062181206044
0,0.8205842361863961
0,0.11821562769252274
0,0.08566825976614406
0,0.0761273478370039
0,0.13430248262828823
0,0.1407403977537649
1,0.8914541604024085
0,0.10560901339647703
0,0.1117591293214749
1,0.2119677799569357
1,0.5951586555617401
1,0.31283620692930114
0,0.17724689591937232
1,0.24062726816582783
0,0.16932693811221114
1,0.94991377196438
0,0.1354071082192951
1,0.6659108222519068
0,0.42666669892020653
0,0.14574166221964793
0,0.33978439919673686
0,0.08766413321240582
0,0.12050894831933572
0,0.0918947887066187
0,0.1243866805709303
0,0.18040935371019837
0,0.1280581855863907
0,0.21392919813888311
1,0.9451063825130962
0,0.14923263843969808
1,0.8148172733447967
1,0.5635421854311634
0,0.1342894046241619
0,0.09511950568440083
0,0.09006212137626607
0,0.10271208124436719
0,0.08591011707404143
0,0.10497852415875981
0,0.10088535715181851
0,0.19881466621498758
0,0.09480365141639428
0,0.25023252308358884
0,0.10314529588145771
1,0.9065918611056583
1,0.09475184279374937
0,0.09490087645704713
0,0.0881274722514794
0,0.07695445197749967
1,0.49262438243290546
0,0.2739794399394021
0,0.09652128953259088
0,0.1869934846133294
0,0.10586164000889567
0,0.08255830972196289
0,0.1086937983623217
1,0.16557826535805173
0,0.0946037479655351
1,0.8429732167078753
0,0.07695445197749967
0,0.08958823901898413
1,0.6908829332759795
1,0.2205065513171736
1,0.8154417611487459
0,0.715475669824381
0,0.10691004063543019
1,0.11462854877949759
1,0.6885342839907974
0,0.13982720170534765
0,0.09117369193488473
1,0.9237697184075992
0,0.08543041746743762
1,0.6866788202097042
1,0.24528501922479606
0,0.3758831938829172
0,0.35333593955909476
0,0.11569090429115561
0,0.18381937188380043
1,0.12907467454843033
0,0.0893472141142632
0,0.08943092634881233
0,0.09899867402516827
0,0.12361618938044272
1,0.13029826043346254
1,0.14123299759401017
0,0.11978939161430313
1,0.14409138901530916
0,0.0942274754543266
0,0.0759724197968284
0,0.18565199570069946
0,0.09159238136048625
0,0.3690904778686528
1,0.750572588537797
0,0.08513208274878763
0,0.10673958352184328
0,0.07695445197749967
1,0.2927174175043202
0,0.09836539867372023
0,0.1047155094900888
0,0.10614099139109
1,0.7978405922442087
0,0.590402130345979
0,0.11917528238565174
0,0.07695445197749967
0,0.1351365226712298
0,0.6304603756327839
0,0.09587364863027985
1,0.354354421345941
1,0.22500308574913847
0,0.09006212137626607
0,0.4547970514370983
0,0.11664797001320368
0,0.6326807183921782
0,0.22601454861097586
0,0.11304703699446371
0,0.08079840122370044
0,0.5804289682887587
1,0.09830236566255743
0,0.07624799263660138
0,0.10719352733477347
0,0.13492203074438203
0,0.14489287599623932
0,0.10031104758171218
0,0.6478072271904265
0,0.13029826043346254
0,0.16792507654018765
0,0.4386971223540198
0,0.0757939328287118
0,0.14123299759401017
1,0.6811609992373878
0,0.10916348743815167
0,0.473624027798168
0,0.4624221976032347
0,0.08178855453489353
0,0.18475085492280352
0,0.1084724662932138
1,0.772735941121434
1,0.614388883698078
0,0.1110236320160888
1,0.8364331848683133
0,0.1047155094900888
0,0.5362586774506491
0,0.12389184769936727
0,0.10742268635687889
0,0.0924789807313395
0,0.09195895538387833
0,0.08720668512585387
0,0.6097843142028306
1,0.7334803085371023
1,0.6288450112215738
0,0.09646860667641755
0,0.18426859663810174
1,0.8873603362471144
0,0.1127482672074855
0,0.12513924886342198
0,0.11421838965791117
1,0.6644960636874103
0,0.33826123062083824
0,0.09021593799707059
0,0.670490008007854
0,0.11196469444066848
0,0.08363530889843826
0,0.19705403629911694
0,0.10563859143795366
1,0.3183058951113664
0,0.1854255070667022
1,0.926146689373768
0,0.7059296513858957
0,0.09885248986707244
0,0.39669760999710096
1,0.7183151240424411
0,0.1047155094900888
1,0.44093788136380724
0,0.13992520860701183
0,0.07826826265383298
0,0.10678787069228725
0,0.15961959211734472
1,0.7500114158070565
0,0.8118479640210386
0,0.09144253190546087
0,0.36577000416780603
0,0.12264739723376368
1,0.5403792626105132
0,0.1733839520500563
0,0.08800418507439496
1,0.3670531597992328
0,0.11215215239944905
0,0.1045129137839035
1,0.16023062875355926
0,0.16517981612255525
0,0.10029465616609408
0,0.0920618973258176
0,0.09189148144328767
1,0.6187036477809161
0,0.518903658796008
0,0.11909978396501722
0,0.2526933494429293
0,0.0829018457950217
0,0.32495917352396864
1,0.4400030892679686
1,0.5219283905957421
0,0.13795449543415592
1,0.22242584415314767
1,0.8854780281376192
0,0.07695445197749967
0,0.10673502132112696
0,0.11009857977516091
0,0.07695445197749967
0,0.15165362950323547
0,0.09797239169241168
1,0.7406202173209273
0,0.12173890956441938
1,0.2488769311352294
0,0.6242102554176898
0,0.33879015715160815
0,0.07695445197749967
1,0.5712023339547152
0,0.09051005869158801
0,0.42221752769073334
0,0.0945866018067164
1,0.8581969710441334
0,0.08069542163815295
0,0.14097706375698524
1,0.49013252065015084
0,0.0939840767308018
1,0.8275108052825827
0,0.08264070900850255
0,0.1308639097864114
0,0.09935580527853358
0,0.11281452990570233
0,0.07695445197749967
1,0.3930053141203512
0,0.6055888412266143
1,0.7253670205754805
0,0.10096850555677064
0,0.25528149032920816
0,0.0928319341507834
1,0.2927174175043202
0,0.2014912132716343
0,0.07302696884121465
0,0.4162142120468944
0,0.08720668512585387
0,0.12829306379465813
0,0.07826826265383298
1,0.1765546212507362
0,0.2147371710304989
1,0.284160387173914
0,0.16245440243093445
1,0.39446559926977953
1,0.6999022088881158
0,0.09377664382503932
0,0.10440146131011423
0,0.17552571101775533
0,0.13047598266197105
1,0.9337628678084999
1,0.4525045355988016
0,0.13518374386946802
0,0.10652704416495958
0,0.09885592931843759
0,0.23984923825621535
0,0.08705014784818219
0,0.17818307046096207
0,0.08566825976614406
0,0.10427386896718081
0,0.12150888178779272
0,0.3976928830456202
1,0.8027512824880315
1,0.11610220090096976
0,0.12588715197530598
0,0.08892745852952934
1,0.7914681893288117
1,0.7933688982642563
0,0.09551447426432262
0,0.11545658548473187
1,0.2666491780341386
0,0.3161103269873836
0,0.15196744597916823
0,0.2742625652085438
1,0.7293396444676353
0,0.10902964601585845
1,0.6513353970320923
1,0.8236260145512221
0,0.0966388485682023
0,0.14123299759401017
1,0.7454120696217308
1,0.8022797383886322
1,0.9462937258434292
0,0.11975463653178077
0,0.16913452673039978
1,0.7524977084790206
0,0.10296837418124777
1,0.5317551885237868
0,0.14280201517264773
1,0.4285894207150953
0,0.1425001449758402
1,0.1611314681855105
0,0.09115051150999245
0,0.35132667326859857
0,0.08798276343840897
0,0.11480678571392308
0,0.08566825976614406
1,0.2646254882669759
0,0.12936730341911612
0,0.08596228803227474
0,0.07995203434524337
0,0.13523902246325875
0,0.1047155094900888
0,0.07402086336320879
0,0.11334294063742578
0,0.2733652065499306
1,0.5520124601274192
1,0.492526744312255
0,0.24164325849117713
1,0.7579251481438724
0,0.21904925450823556
0,0.12633135027213477
0,0.16523914702966963
0,0.3848764638104832
0,0.09663351498512912
0,0.0911642090530583
0,0.07826826265383298
0,0.1047155094900888
0,0.1105201732111067
0,0.7377402274146454
1,0.3718149047656691
1,0.3773737409874839
0,0.1205574012186566
1,0.6207992542812075
0,0.09296741809907674
0,0.085833793726824
0,0.31624289770853903
0,0.14707054722826815
1,0.8700578377851207
0,0.1738185457584712
0,0.12117057984674796
0,0.2559614962516632
1,0.7642862649805691
0,0.27290898836496297
0,0.07695445197749967
0,0.8914541604024085
1,0.9190275025493693
0,0.37520041065213255
0,0.20464647602036512
0,0.09101352427393242
0,0.1122359066115832
1,0.48436788264589165
0,0.09321045246626948
0,0.171881806043732
1,0.13288307174535324
1,0.21243596726484068
1,0.14185865911399195
0,0.25052650266387694
0,0.627220452283259
1,0.7660287483955972
0,0.08514474452614144
1,0.2331435838226591
0,0.09655800686981089
0,0.10424048632301965
1,0.8614363558105561
0,0.43061968209904067
1,0.7128071249702402
0,0.17017647917411396
0,0.3082448126245679
1,0.8145020731308996
0,0.12826213993092186
1,0.6702451007089922
0,0.0827927430842833
0,0.23364153977674487
0,0.12396600456419507
0,0.1859687841774305
0,0.10214924595072504
1,0.6703637603010161
0,0.11830372374053387
0,0.08920866224077738
0,0.08282603175325731
1,0.8031237571086579
1,0.736254081771203
0,0.10814396058377333
0,0.09134749798511367
1,0.8499142638959504
0,0.14755774147227907
1,0.2765489111255186
0,0.07636327893239118
0,0.10051492897923762
0,0.1110236320160888
0,0.1619813319753913
0,0.12355449647068066
0,0.25079447610474914
0,0.1301340962112721
1,0.8640508636381425
1,0.9489392011815844
0,0.12931549684697763
0,0.09556752379298235
0,0.07695445197749967
0,0.2200984739411093
0,0.09078246462626703
0,0.09617937412539962
0,0.24138530016516835
0,0.11667688225949575
0,0.12176051121310559
0,0.10342448720254209
1,0.2947826454806015
1,0.31382793452601476
0,0.2607195992903545
1,0.699107169624215
1,0.5875014204999032
0,0.23291693529323496
0,0.5909056029002084
1,0.9434716206175859
0,0.16845686717845648
0,0.10002314537998998
1,0.8202258522880037
0,0.0846730827162232
0,0.1455110653214169
0,0.13281467180851433
0,0.18285797191973843
1,0.07695445197749967
0,0.08190634945892558
0,0.12490238939260513
1,0.9047569898597686
0,0.10114414854460625
1,0.7049604069260419
0,0.11196469444066848
0,0.08566825976614406
0,0.10397786095854585
1,0.1555622964457081
0,0.13228711615864203
0,0.10140453318766704
0,0.10365367308430051
0,0.1903647438917654
0,0.07783963962449485
1,0.8233713717313845
1,0.76816711619342
0,0.11512826771357546
0,0.10201161883672281
0,0.1274734539980768
0,0.09456978902021358
0,0.08383035654214414
0,0.1313446852201715
1,0.8398414122486767
0,0.15703371605834193
0,0.3356563124058922
1,0.8546239383240439
0,0.10075350414510507
1,0.5969451024849237
0,0.15677943732998978
0,0.07695445197749967
0,0.2272345025993279
1,0.3835562059666595
0,0.15200379692636834
0,0.07695445197749967
1,0.7330151321750284
0,0.1387619316857852
1,0.8795050950357657
0,0.08394116493138762
0,0.07536230054514367
0,0.7153681941328209
0,0.08869450822471141
1,0.7849783061784117
0,0.21456254983545803
0,0.16400362380289732
0,0.08246582463878444
1,0.6438359612620144
0,0.10862348660056431
0,0.1447505963898974
1,0.5905462464837852
0,0.09165351866311239
0,0.2441093369674769
0,0.11296481976243905
0,0.5323587765580369
0,0.18949208583026245
1,0.8082645736446771
1,0.15163897351162087
0,0.08046412856596555
0,0.21383845653641265
0,0.10088535715181851
0,0.09144253190546087
0,0.13359586095170886
0,0.12945870878381274
0,0.47875090007418325
0,0.09581745175746313
0,0.13707791967446728
0,0.10088535715181851
1,0.5273451303805392
0,0.09874399596523382
0,0.12860906956897797
1,0.31320157760228734
1,0.5660149524918914
0,0.11365546825854565
1,0.7981653133223034
0,0.2864215206129953
0,0.08566825976614406
1,0.5943415627159442
0,0.5755982204311959
1,0.7214226479336379
0,0.2173009803952659
0,0.20402261100854371
0,0.1711715047368034
0,0.12805170760262308
0,0.09650922378005641
0,0.0963463770241978
0,0.3021386372840723
0,0.17057141002210685
0,0.13022239184196527
0,0.12103252655315237
0,0.15029642055102213
0,0.6926829578019137
0,0.15087663627068368
1,0.7487620370103544
1,0.7639772810692006
0,0.7886676328140226
1,0.2216900811744592
1,0.5157200435983429
1,0.14193698453037157
0,0.1371638401239722
0,0.10971203633886693
0,0.09935033878788613
0,0.7883175927096402
0,0.09832603360722737
0,0.6871632226025016
0,0.26857075265498126
0,0.12853660208463735
0,0.13670575180346345
0,0.11610220090096976
1,0.6829339799967222
0,0.17709853525310676
0,0.3595865257713099
0,0.15387077502282306
0,0.09159482245215576
0,0.13441723556145438
1,0.543539200148656
0,0.1459289185511802
1,0.9599900482057087
1,0.8070863953951575
0,0.23426512836510205
1,0.33843543927337877
0,0.087576836969814
0,0.170907867639449
1,0.3322471323338625
1,0.4073959525724514
1,0.21082668533632712
1,0.8702059605500428
0,0.819410129768685
1,0.3816464082091364
0,0.08305136990197416
1,0.8914541604024085
0,0.148446602037963
1,0.6848698034709201
0,0.12637263086717215
0,0.09042089712027548
0,0.15142648404504125
1,0.4291397762073363
0,0.12474046541389987
1,0.355395555879963
0,0.07695445197749967
0,0.20212304924857416
1,0.7852425622656025
0,0.08069542163815295
0,0.6433825712938723
1,0.6936047719815627
0,0.5270420747224686
1,0.48797148217470304
0,0.13086438391119062
0,0.1730275560945412
0,0.10834336640887277
0,0.09799827039682718
0,0.1022741882522024
1,0.11652425601499863
1,0.10908808406549968
1,0.7500114158070565
0,0.2941266524242908
0,0.7838597221909028
0,0.21245637004993848
0,0.10224162639690126
1,0.3240559593610643
0,0.10287480531735183
1,0.6983211448536053
0,0.09771180815689735
0,0.1895230779621466
1,0.0921085652382642
1,0.40602935870544404
1,0.8150830535527315
0,0.22275201869017042
0,0.08532507197288884
1,0.7430296801820975
1,0.3180386860289179
0,0.14684211669812772
0,0.1651560190428556
0,0.1363274595652723
0,0.12421648592156348
0,0.17396055327911764
0,0.10207459486910687
0,0.07695445197749967
0,0.10625821205096737
0,0.14399405195516304
0,0.07419245357008937
1,0.1770282483018349
1,0.801548584444559
0,0.08988461956296334
0,0.07936854832996965
0,0.13486559993916733
0,0.08266050956708984
1,0.9320840963916126
1,0.845112269540954
0,0.09078246462626703
1,0.2737692309070065
0,0.07408510558431378
0,0.11730431711063605
0,0.20483601495926496
0,0.5239128915017571
1,0.6792592745196646
0,0.07695445197749967
0,0.1050013879564531
0,0.16130150098258
0,0.09481758380038048
1,0.4099679608499621
0,0.09365161438001018
1,0.10500914646639943
0,0.08799535906593656
1,0.37943782854395774
0,0.2721482264238749
0,0.11715517929774759
0,0.13026124316164392
0,0.11548844288711922
0,0.12453880343475009
0,0.11896106294954863
1,0.7220251309970502
1,0.7282895523490062
0,0.14132384262942263
1,0.16566662558079479
0,0.10810373681453338
0,0.09872785506394172
0,0.07695445197749967
0,0.09628391668257197
1,0.18272294752513185
0,0.08776385794275589
1,0.8194243686605726
0,0.14332085357075186
0,0.1319943650808375
0,0.11138523587660497
0,0.5734795089653845
0,0.14425763654042525
0,0.08758729778567445
0,0.11853929461303112
0,0.07826826265383298
0,0.10633640755799033
1,0.8274350144972813
0,0.12796963478428341
0,0.07402086336320879
1,0.7958620306768108
0,0.19045612857062555
0,0.09876876022994624
0,0.096399183606457
0,0.18383660060661627
0,0.09410395621547817
0,0.22823880880407413
1,0.733865104957125
0,0.08734124215084138
0,0.08411235266877547
1,0.5448840930596637
1,0.8614363558105561
0,0.1356212228054496
0,0.11382423684133809
0,0.09891033056912034
0,0.11671767670804342
0,0.15229934004094497
0,0.16410961101531746
0,0.28159890434330054
0,0.1802627946673825
1,0.7964347407073349
0,0.5068444839061637
1,0.6273460315550059
0,0.44921099860116365
0,0.11202058824663078
0,0.13343986919783696
0,0.09005778148755113
1,0.37618937019339077
0,0.09747475177878481
0,0.4362129299000699
1,0.779620959733612
0,0.08413710530157183
0,0.3098356728208481
0,0.1060725984819233
0,0.10534400590742134
1,0.48994469743341396
0,0.10269624336623126
1,0.0969396150527893
0,0.12146753147814629
1,0.2501718066330776
0,0.14410856988359755
0,0.13764127423615646
0,0.11302062285230158
0,0.07695445197749967
0,0.09739846180446024
0,0.08228425687492145
0,0.1048156269460877
0,0.09439624930630337
0,0.1184967893073317
0,0.11076275090052615
0,0.10900346324260737
0,0.14972673943024503
0,0.1206254098727921
0,0.36673181782685726
0,0.19085074970789145
0,0.0910480084759068
0,0.2335070813107393
0,0.1857441577739626
0,0.1060201638539174
0,0.09899867402516827
0,0.1129293157427088
0,0.42437163094770747
0,0.08566825976614406
0,0.13612453967071364
0,0.12266711588184999
0,0.11243980135095828
0,0.1344840233986269
0,0.12604081253306884
0,0.1545058382637241
0,0.21719006643429173
0,0.08608363184276278
0,0.09620956101318917
1,0.8852689605138051
0,0.46236778773158477
1,0.7700413649261997
1,0.42221752769073334
0,0.22310368937031033
0,0.08416587972376376
1,0.12278393860923607
0,0.18823132171349038
0,0.1404746783962768
0,0.16987783577303098
0,0.748209243925276
0,0.08281925694937708
0,0.10495572388243059
1,0.851093652185062
1,0.44206255159974917
0,0.11834036668209852
0,0.08069542163815295
0,0.19827907770705333
0,0.15958684805910667
0,0.14123299759401017
0,0.09079543583303848
0,0.5783601710708183
0,0.08363530889843826
0,0.1298300474007504
1,0.8212390424266802
0,0.11894383294872395
0,0.5184139884050342
0,0.13058389866558515
0,0.17552571101775533
1,0.10939313424511339
0,0.08069542163815295
0,0.08937987238042361
0,0.08993451803627958
1,0.5997808135560654
0,0.30464203113176036
0,0.0913667839623264
0,0.12937258709189667
0,0.2908851159926706
0,0.1385684780626672
0,0.49211222515120195
0,0.24642670448751455
0,0.5276909105983032
1,0.8460232727957442
0,0.10934364796288594
1,0.912069124087777
1,0.5096558527789516
0,0.09179342138168647
0,0.3356563124058922
0,0.12515669789333958
0,0.17867885276213802
0,0.07402086336320879
1,0.2617797411328218
1,0.1978140740472224
0,0.15241598938675718
0,0.09645742526497099
0,0.10180260554406576
0,0.477485866911181
0,0.07695445197749967
0,0.6784922269442566
0,0.11740504129428089
0,0.09401264527688022
0,0.08865892002135937
0,0.22618444454403955
0,0.13372838472447088
1,0.1752681890878021
0,0.12117247994281159
0,0.08994057777139458
1,0.8777461854631123
0,0.15401499851856867
0,0.1626408462289743
0,0.10671334508080998
1,0.7415478239053345
1,0.2717313514887258
1,0.9194549114869001
1,0.8914541604024085
0,0.1929130272096271
0,0.08803378926634964
0,0.33021447952314525
0,0.17081397853856736
0,0.1299909063114316
1,0.41889570542952675
0,0.07826826265383298
0,0.11104113277413565
1,0.8342737481614224
0,0.5950759177808566
1,0.33315998391137425
0,0.11408640026384759
0,0.13328463842722224
0,0.5885670213728323
0,0.07826826265383298
0,0.09281245928889878
1,0.7477199801291867
0,0.10631594775032024
0,0.07695445197749967
1,0.6563824317711354
0,0.08383035654214414
0,0.1364817765890687
1,0.1165472347705186
1,0.825026248943641
0,0.5027352183781353
0,0.07764537323286512
0,0.4998212949744216
0,0.1804056931209681
0,0.33484047335611344
0,0.07695445197749967
1,0.49860174992344775
0,0.49831311645688736
0,0.21945008595300527
1,0.2821667121205939
0,0.07695445197749967
1,0.3298975202550432
0,0.24057545839824007
1,0.11245163096182759
1,0.23748178913275797
0,0.07695445197749967
0,0.08990644632720189
1,0.09078246462626703
1,0.12759483603191024
1,0.6269304641782766
0,0.11619791201864973
0,0.09485747205231872
0,0.19159022805818918
0,0.07695445197749967
1,0.5511045843327902
0,0.23965794774796323
0,0.09820081756771042
1,0.9008499252245138
0,0.4086035463621575
0,0.3100582084040713
1,0.6619669463532177
0,0.1126077262195021
0,0.1600921674479534
0,0.6884622515527072
1,0.24164325849117713
0,0.18943241482260167
1,0.14749603533878677
0,0.10563946359837945
0,0.1675097167571345
1,0.7364180241997601
0,0.5265768226935247
0,0.10977502428106309
0,0.11002813321474372
1,0.7755306096747173
0,0.1263278671196408
0,0.16131310490796125
0,0.09227099682831072
1,0.4680139490367151
1,0.8873603362471144
0,0.11587868987051629
0,0.10069265927126711
0,0.10427386896718081
0,0.12736278536239387
0,0.21921471406946555
1,0.8845092112337465
0,0.2602417491799369
0,0.2762756158719997
0,0.10297642491051766
0,0.0977161463263381
0,0.14188557080361944
1,0.7813143200212248
1,0.16281147115468955
0,0.13813383531187007
0,0.12934340707936626
0,0.15928295626362632
0,0.5084616360528106
0,0.09972724254018753
0,0.08855735898738146
0,0.19233537742658474
0,0.8250715654074838
0,0.566815302908
1,0.7443420789246706
0,0.09078246462626703
1,0.700628186668919
0,0.5783601710708183
0,0.4770683426841924
1,0.7922357837447569
0,0.10345598283359048
0,0.17229642017443703
0,0.08069542163815295
0,0.07695445197749967
0,0.09313011829600447
0,0.1064280557646538
1,0.5231619890084366
1,0.9106001941887563
1,0.5713738579714326
1,0.6692310622220727
0,0.11443683332362377
1,0.8186268705299594
0,0.12242651723812606
0,0.524061041038282
1,0.1083360676947786
0,0.1361690421907269
0,0.12329858122418487
1,0.9337628678084999
0,0.5451941339700788
0,0.13066561282434605
0,0.6962154380287424
0,0.12544793997499007
0,0.07380104261405303
0,0.10652878259996944
0,0.10862348660056431
0,0.12291350990054266
1,0.5530537820215758
1,0.9337628678084999
0,0.46199896270011614
0,0.17425714516021912
1,0.13081140793446513
0,0.08848848787680377
1,0.6089979277769015
0,0.12127232813959056
0,0.14053804607266274
0,0.11442869786728603
1,0.7587612963053313
1,0.6364711408147393
0,0.10745434563248209
1,0.8541453264199454
0,0.11084423213858913
1,0.12095580465181227
0,0.5977471392962465
1,0.8333827468009457
1,0.8776033525252056
0,0.146016662854189
1,0.19066687935472149
0,0.2648865766561859
0,0.09578623420621062
0,0.08319487702277242
0,0.2639355958775104
0,0.08069542163815295
0,0.10880536286060473
0,0.13843697369514588
1,0.4672834793646998
0,0.1562853874762568
1,0.867942032135973
0,0.09874858336730477
0,0.1969755200438419
0,0.54344365794021
0,0.08282603175325731
0,0.12815342266305102
0,0.12385623803490102
0,0.9128306118652719
0,0.08266050956708984
0,0.6644808754804118
0,0.12552386614729527
0,0.16846113869634396
0,0.12203071767168912
0,0.2554914938037277
0,0.241794539007989
1,0.2707328532457152
1,0.12006700736650477
0,0.17254691587594864
0,0.16165330522773202
0,0.11170307823049552
0,0.2193661840329287
0,0.32705306474310764
1,0.6022917407609872
1,0.7199031435359748
0,0.0761273478370039
0,0.08245255582026134
1,0.5318127496773375
0,0.1404746783962768
0,0.09364365132680469
0,0.24031008899023398
1,0.6986897901986431
1,0.6749365577756915
0,0.10088535715181851
1,0.4128189101422013
0,0.11499705636447045
1,0.34593615389281696
0,0.1395010201595052
0,0.4584952875496151
0,0.09989730755008622
0,0.1654304300467495
0,0.1183130468485043
0,0.1692593632406416
0,0.12200681548208456
0,0.11196469444066848
0,0.10887395058894554
0,0.1047155094900888
0,0.39439829436154916
0,0.1306389645598871
1,0.24071137449846014
0,0.0946037479655351
1,0.8252622403630471
0,0.0879215501200681
1,0.12604821988047205
1,0.26305698730498756
1,0.3041736396526969
0,0.18001228075414527
0,0.16021693579130433
1,0.6739792761053071
0,0.0761273478370039
0,0.19845967194416808
0,0.12588251709444961
0,0.08297612642686929
0,0.09298458734817777
0,0.49439888222841616
0,0.14118529008052694
0,0.23530863509402605
0,0.10333906264750362
1,0.5573502315519306
0,0.12480425981118361
0,0.17964546872194304
1,0.4836023398908042
0,0.10238904658762489
1,0.6824210087201901
0,0.12621863593250937
0,0.38458940272053693
0,0.11982843766787521
1,0.07373956493239459
1,0.28667581660745095
0,0.7917395410630004
1,0.09006212137626607
0,0.1582905734161184
1,0.49941867560441083
0,0.18967986071346998
0,0.11983741345829682
0,0.11569778503695581
0,0.5128805463392515
1,0.9012578158399727
0,0.10746317553442299
0,0.09144253190546087
1,0.708206304166983
0,0.1214034957297933
0,0.08390190691616911
1,0.2147578397162291
0,0.10829356191772121
0,0.128993946403701
0,0.44921099860116365
1,0.2902477071013948
1,0.819410129768685
0,0.18124560872421785
1,0.867058878597195
0,0.0984173496150923
0,0.6356667444617083
0,0.0926062327542719
0,0.07695445197749967
0,0.6803453380543386
0,0.10152557335602162
0,0.109420099483977
0,0.1431695607233636
1,0.8027182251335157
1,0.49429033359681057
0,0.12133786609446773
0,0.20403534418794633
0,0.12260970186094815
0,0.606501210914308
1,0.4653991387460394
0,0.11520849457483805
0,0.08566825976614406
0,0.12230149300774426
0,0.10723772983609949
0,0.10681243438255315
0,0.08480747772591428
1,0.14546771572935724
1,0.8226635570352319
0,0.14141310492448986
1,0.8223863104013273
1,0.2516086615322033
1,0.7243870527868226
0,0.08123638737970187
0,0.08104939164795533
0,0.404431036056428
0,0.8769882706723395
1,0.2611598815105293
1,0.7377402274146454
0,0.11502674752634899
1,0.523877478615389
0,0.10188885979856155
1,0.3887385495125213
0,0.10533137274128127
0,0.5919309059271255
0,0.6632792991486456
0,0.36546684998453105
0,0.519674191125437
0,0.1614397158594206
1,0.8032701005143447
0,0.08863916111482775
0,0.08282603175325731
0,0.09611578422259226
0,0.07380104261405303
0,0.13663466145170083
0,0.11374207436164345
0,0.12633153993353582
0,0.08069542163815295
0,0.07695445197749967
1,0.4871638498375937
0,0.1404746783962768
1,0.3255533095766241
0,0.08038782476248776
0,0.08026623845398878
1,0.13707115404516262
1,0.6709635452380607
0,0.08477263638611567
1,0.1446975355808233
0,0.09375301578270119
0,0.09287682088728995
0,0.3412363359801408
0,0.18138928448519875
0,0.11098322770002908
0,0.2081592527894947
1,0.5715667720597822
0,0.3667119771356778
1,0.11610220090096976
1,0.1728714488812711
1,0.4029547557963043
0,0.20857542019341194
0,0.7053994168476105
0,0.09822264283491292
1,0.2019418889243478
0,0.1912078746902351
0,0.10885595692334607
0,0.09880880438032942
0,0.10031104758171218
1,0.9490810045454977
1,0.545851847194978
0,0.11412353574879282
0,0.17855611579640068
0,0.09091911676729843
0,0.07977457156531077
0,0.08370044505133964
0,0.09374694656306226
0,0.1323493496617606
1,0.7238949492944893
0,0.14869009555264673
0,0.17443875733019246
1,0.8914541604024085
0,0.07695445197749967
1,0.2714167587661662
0,0.09373929785590349
0,0.8167747252415118
1,0.8293465982101447
0,0.07695445197749967
0,0.16139356807856994
0,0.11450932258463234
0,0.1577188579766378
0,0.11838281629003007
0,0.08203708087325581
0,0.20178453463780646
0,0.11243980135095828
0,0.09066314826781018
1,0.9029204727262837
0,0.1225737525086494
1,0.87142520504703
0,0.09630335587729898
0,0.12355397028382524
0,0.07826826265383298
0,0.08069542163815295
0,0.09286249582574628
0,0.09551262033963645
0,0.10043402382157947
0,0.1398322239353012
0,0.7721428413164558
0,0.1823560387381043
1,0.8374172914554808
0,0.17168997196287777
0,0.08413218282356466
0,0.08398679638205724
0,0.0927916491764075
0,0.7988784311850367
0,0.15544733132751548
0,0.16774626056584319
0,0.16157250258700617
0,0.3076682504117467
0,0.17787555878479766
1,0.7731605186832414
1,0.6838120207943712
0,0.1243192922062751
1,0.25698653118020776
0,0.11422484174118695
1,0.6069311543501598
1,0.4797454698508412
0,0.1020578191736434
0,0.24013265803665362
1,0.813451290430019
0,0.14016901110984176
1,0.07695445197749967
0,0.5741189604714336
0,0.09813841238117611
0,0.16185975638677647
0,0.7201232396907292
0,0.16293507021456524
0,0.10242115550783251
0,0.09811671269871762
0,0.1598384472324704
1,0.8771100766055269
0,0.12419486759917317
0,0.7742014451089726
1,0.13919564543407437
0,0.09323109967090623
1,0.09899867402516827
0,0.07826826265383298
0,0.10276956392977232
1,0.7461239802055073
0,0.1529209394137282
0,0.11426757250717505
0,0.6632792991486456
0,0.07686686874735887
0,0.14966650390989988
1,0.8858119502767776
1,0.6625094714707903
1,0.4983222603972484
1,0.1453072201996649
1,0.8686359898837266
0,0.15825549741080414
1,0.11785124742984783
0,0.11104237640220954
1,0.6812124356406613
0,0.7193570771799896
1,0.7374298981203088
1,0.6495234850854792
1,0.12573613756346863
0,0.1084917410196363
1,0.6873475878159664
1,0.6865067698734989
1,0.8520684304590447
1,0.5586539791465093
0,0.07695445197749967
0,0.14346499841360294
0,0.1639810348479575
0,0.0933320529710277
0,0.2817564661336153
0,0.08566825976614406
0,0.16038513404878468
0,0.372778795107222
1,0.6178908353425577
0,0.12651379733860424
1,0.10722439170265886
0,0.1421937251260052
1,0.8832772361466931
0,0.11408845797517606
0,0.1593192672052021
0,0.30016781653198565
0,0.22477868611553498
0,0.14025461406140755
1,0.8873603362471144
1,0.4589489371059779
1,0.29894021397919424
1,0.7565128780331648
0,0.09900986455611718
0,0.12364825689388236
0,0.1006970415038158
1,0.8587945466653663
0,0.1455088498720367
1,0.41124927251742627
1,0.6750162458196617
1,0.18771422110360134
1,0.7817338350950079
1,0.6096324352071333
1,0.789145561876706
1,0.9503018763317231
0,0.11315899594542612
0,0.4211884573568833
1,0.1635795340935102
0,0.5610189033166368
0,0.4939135756918393
0,0.09640265286944372
0,0.10545491355142034
0,0.18488947825618632
0,0.08905450173823973
0,0.14650057046162177
0,0.11970327155016851
0,0.10023571822386453
0,0.08993051391364314
1,0.11659689312091362
1,0.7681425867075129
0,0.19383894483023353
0,0.08642216152684587
1,0.8471993635133535
0,0.17489102566121678
1,0.14516334917468168
0,0.11207133780137293
0,0.1061277306473154
1,0.7055983808780031
0,0.11197716389368212
0,0.4503087243967268
1,0.11506695666387569
0,0.2082479800872161
0,0.12086600900162933
0,0.07695445197749967
0,0.3827372602321095
1,0.7366977274782347
1,0.1108261696301407
0,0.1481900469657175
1,0.7939116049293389
0,0.09883170882904037
0,0.10360388100027404
1,0.10225015586502872
0,0.09734255963420224
0,0.11714482491473337
0,0.16023641922692408
0,0.11587517553154246
0,0.24185266917633097
0,0.5718474002528221
0,0.32110282014335495
0,0.15705730435634457
1,0.7755918360795857
1,0.6350466597410386
1,0.502686184801767
0,0.21007015237286714
0,0.0888264495442597
0,0.11964969493672105
0,0.10164872246193457
1,0.8498515865207386
0,0.13611212475433784
1,0.6871632226025016
1,0.8672048695222516
0,0.10615130103205013
0,0.10088535715181851
0,0.6055888412266143
0,0.1824798549484127
0,0.08566825976614406
0,0.12001660204462464
1,0.8061426833024832
0,0.10685404602875635
0,0.12952430341162285
1,0.7559023277107259
0,0.08373322128259587
0,0.07695445197749967
1,0.8097745990256248
0,0.13839573950635023
0,0.6367472014630131
0,0.31247030793539077
0,0.11983629349825377
0,0.15729514657379326
0,0.11563948392577644
1,0.9269245660153781
0,0.09281045065465905
1,0.8625548199458293
0,0.08608363184276278
0,0.11222607395674962
1,0.1375009775365245
1,0.7475304257850681
1,0.8002051495286089
1,0.1560652134701723
0,0.0798095951768221
0,0.09087866402152497
0,0.07695445197749967
0,0.07695445197749967
0,0.10363887446721937
0,0.10088535715181851
0,0.1900054972163409
1,0.728851466803434
0,0.10056633170448731
0,0.1047155094900888
0,0.1156619903254463
1,0.9385243729023133
0,0.09804382875696811
0,0.10354169437852065
0,0.09464972286321952
0,0.10497852415875981
0,0.2920257478180989
0,0.12841494719300356
0,0.0761273478370039
0,0.07826826265383298
0,0.1858994409838583
0,0.11573249819729585
1,0.912069124087777
0,0.7175456398298623
0,0.16792083317721324
1,0.8276131664114893
0,0.3360463453866007
1,0.17729896706134443
1,0.7539594519581468
1,0.7773979373102469
0,0.0921085652382642
1,0.7342015219498466
0,0.10073670856032281
0,0.18854877424333072
0,0.13473143455627778
0,0.11043668597275018
0,0.5550678601914901
0,0.1601014153714948
0,0.819410129768685
0,0.5549914221086403
0,0.09007677904546188
1,0.8864199225443544
0,0.39257725576687424
0,0.2045969793878304
1,0.29132698013494857
1,0.09908895547111146
0,0.07695445197749967
0,0.12518535529340288
0,0.09864975056409118
0,0.12489214685377957
0,0.13335393346323784
0,0.11244460251408428
0,0.07695445197749967
0,0.18070164692272303
0,0.6274034591783556
0,0.10972773089354272
0,0.08428039124794554
0,0.10269624336623126
0,0.11301443248613272
0,0.7704849268144015
0,0.09494174100631989
0,0.7060030768109289
0,0.08654303938674714
0,0.3417672373069851
0,0.19364727229252152
1,0.8868076433486923
1,0.15722796591713661
0,0.11418821598930624
0,0.09873541128451652
1,0.576879287891271
0,0.6345526624652734
0,0.08482171529031415
1,0.16091566351583894
0,0.13927602588733712
0,0.0759724197968284
1,0.5294671503330718
0,0.07402086336320879
0,0.37897633631940214
0,0.11859537596366074
0,0.12182000390929722
1,0.7349481810463674
0,0.6813729914229062
0,0.10814396058377333
0,0.1040822097660496
0,0.13685887320381415
0,0.15148960187594085
0,0.4422116427920764
0,0.23327271410074513
1,0.7615070498693812
0,0.08555585554953939
0,0.14886167844785753
1,0.7916314092474785
0,0.10327161668433382
0,0.10028948876207112
0,0.13305291185772616
0,0.11045873925505369
1,0.2858576719765838
0,0.1886960896418393
0,0.10259897133106524
1,0.10710222162566123
0,0.6120004457285579
1,0.7298501724419781
0,0.08478584686690085
0,0.10513022173607699
0,0.6243932449996935
0,0.08480262258669938
0,0.10352070322111949
0,0.07695445197749967
1,0.1859665489997037
0,0.09992102884767035
0,0.10858953389822308
1,0.912069124087777
1,0.2611376895886799
0,0.09806012607809501
0,0.10778740501623701
0,0.07958295725151997
1,0.6955577380572919
0,0.1841388115624388
1,0.2036513820054126
1,0.60078433186555
0,0.1860838533423856
0,0.23048673296926642
0,0.155576772084289
0,0.172585149342004
0,0.07695445197749967
1,0.7074962290286896
1,0.8241949665739321
0,0.0933323712526363
1,0.07328080266309961
1,0.1903647438917654
0,0.07988836119561438
1,0.7255811726742953
0,0.10742268635687889
0,0.6545509416637666
0,0.5324946696300747
0,0.09078246462626703
0,0.6483922286271351
0,0.20260642459541373
0,0.1235286192875612
0,0.5835267528768796
1,0.1498968529808896
0,0.1156619903254463
0,0.3638095493028175
0,0.5694975123288318
0,0.6981632847427571
1,0.4272466652236878
1,0.750843281471564
0,0.08544407732671347
1,0.2789729828402131
0,0.15836959061858216
0,0.10763765118668181
0,0.0851855444061062
1,0.34146305348901507
0,0.10088535715181851
0,0.12919185061281563
0,0.12086600900162933
1,0.48354810546771404
0,0.1399104414268061
1,0.7975990510925085
1,0.10675304784284685
0,0.11504665917739543
1,0.21426033231349376
0,0.08791085157871532
0,0.08610057519636574
0,0.10558324684021014
0,0.09006212137626607
1,0.15016179607885038
0,0.5274198090613885
0,0.10150026230145139
1,0.40758460290993737
1,0.7847257363384683
0,0.2711537979801255
0,0.13047598266197105
1,0.08584293373201501
0,0.09313011829600447
0,0.1440113194190575
0,0.10576054088432225
0,0.406699855960053
1,0.8789269438444147
1,0.6178049629363326
0,0.3449625391143918
0,0.11723966517524814
0,0.11122490367306448
0,0.18000062012128976
0,0.08219135468878293
0,0.1377100425674316
0,0.11136685089090118
0,0.22882340952944102
1,0.8374450349153545
1,0.912976575471643
1,0.8534554891971544
0,0.1311129418584459
0,0.17841025016901174
0,0.0761273478370039
0,0.13457741991155117
0,0.0859950389392176
0,0.07695445197749967
0,0.1142296141810029
1,0.1530354991178767
1,0.6186963190602953
1,0.721689231632196
0,0.16098439171540657
0,0.5939906276775739
0,0.17251390427336985
0,0.09102210762162788
0,0.20691354359891062
0,0.07695445197749967
0,0.08644348571685467
0,0.21314857047012448
0,0.10654193245809293
0,0.09205424608860617
0,0.0997687988329204
0,0.15594925729692355
1,0.12724052712760592
0,0.7574340739750727
1,0.8080445196305358
0,0.32416449907177247
0,0.12691914103385743
1,0.8914541604024085
0,0.10088535715181851
1,0.13045681067873455
0,0.12194499161041383
0,0.10257890379190097
0,0.8984736395384414
0,0.08039761859915141
1,0.613208306354815
1,0.9048865468514232
0,0.15671856700684547
0,0.1250100106292269
0,0.48545978415802216
0,0.13989697094344167
0,0.10588404847548277
0,0.13509636624301977
1,0.13610828704148123
0,0.11757045189390256
1,0.9337628678084999
0,0.6284280066679983
1,0.8270932843201012
0,0.19808452655865277
0,0.2715749058793223
0,0.11160506976790419
0,0.12492331807625162
1,0.29706659674117214
1,0.6901828923323811
1,0.6019207976012022
1,0.619978027571991
0,0.10823120867994829
0,0.11827040464048225
0,0.08848929013704103
1,0.387941479310959
0,0.10471449064783099
0,0.10096850555677064
0,0.14555928495167822
0,0.16710551365807363
0,0.2707120819771514
1,0.7255811726742953
0,0.35012558527400195
1,0.7474741331263756
0,0.10651314959337167
0,0.0923335105146112
1,0.120623794233986
0,0.13568401170917196
0,0.07826826265383298
1,0.7639991114425093
0,0.09078246462626703
0,0.13700399536872876
1,0.6182871448293584
0,0.1018691392257355
0,0.11203549809742842
0,0.09115385966986965
1,0.8061750213539344
0,0.17121632708953213
1,0.8360379054685098
0,0.08004133211933598
0,0.13010686816323927
0,0.08073877517854719
0,0.3150030039450898
0,0.4394539999404793
0,0.20260642459541373
0,0.1317542662849551
0,0.09241257769620066
0,0.14337393236965013
0,0.08843738745616128
0,0.17299098596950968
1,0.11931190108258433
0,0.551883640994158
0,0.0761273478370039
0,0.09308568689882935
1,0.1061277306473154
1,0.9151508023093099
0,0.19193459247924324
0,0.5348382673590811
1,0.45214456205690284
0,0.10330400635166156
1,0.3202183358226288
0,0.07826826265383298
0,0.07766986113774917
0,0.09766523891165782
1,0.7792082345088969
0,0.10516822857662389
1,0.5410533187470855
0,0.6466975289579464
1,0.8216391728389982
0,0.11019806745654549
0,0.08705353805810814
0,0.08976464181387073
0,0.08566825976614406
0,0.0843043266762748
1,0.28710542285291407
1,0.796502480282449
0,0.27419955816511576
0,0.1766648647110542
1,0.8263589956160988
0,0.6436907771681772
1,0.8453400235326005
0,0.09899867402516827
0,0.10432222960408472
1,0.5303501524643205
0,0.07695445197749967
0,0.10509283675616134
0,0.7806761619677987
0,0.6585801905064915
1,0.11428814455623772
1,0.13249206524007237
0,0.09425651420495403
0,0.08507488051769874
0,0.134883809933968
0,0.17108799576109232
1,0.5714126686474973
0,0.14271934730761238
0,0.1022741882522024
1,0.9674531064369419
0,0.09042042387434696
1,0.7169854943517322
1,0.9292348562000069
0,0.10755731715417254
0,0.09992140395189715
0,0.08252666943396567
0,0.15390650331641847
0,0.0670706679001672
1,0.45483073944513236
0,0.10893762751645326
1,0.330581979353908
0,0.0910480084759068
0,0.18129129742574662
0,0.12682895311472384
1,0.10809325807659047
0,0.663471517902627
0,0.13085236600455724
0,0.10610558590094651
0,0.11099188624975818
1,0.8235595919955064
1,0.8942936985591312
0,0.09996919789181168
1,0.9204290675556546
0,0.07826826265383298
0,0.1273563136435951
1,0.8112050096368486
0,0.2246745060011451
0,0.11610220090096976
1,0.6800779271622207
1,0.6699606449967868
0,0.16362025655639115
0,0.10810032620728044
0,0.1612579535178212
1,0.7954168125374381
0,0.423106712142754
1,0.11598605767058924
0,0.08330716290776807
0,0.10591193005273006
0,0.09073784064511131
0,0.14335328510441625
1,0.8837173597454004
0,0.650911667176902
0,0.10219191556334495
0,0.15160249391204347
0,0.11763428814491421
0,0.11789208237683135
0,0.11992484059263399
1,0.34679073181234654
0,0.08674193624248114
0,0.16888397845688413
1,0.4397708468908766
0,0.0853026576324609
0,0.11806270251649759
0,0.13157478991126875
0,0.8274350144972813
0,0.09519373844839507
0,0.1047155094900888
0,0.133799807865761
0,0.1047155094900888
1,0.7891810278096257
0,0.08246582463878444
0,0.22068272744658934
1,0.81813224790435
0,0.1469687873715507
0,0.14859498419545308
0,0.0884455349964391
0,0.0876057974348807
0,0.10974251862777529
1,0.748180082024895
1,0.12198715418927986
0,0.11885803581039926
1,0.17598602478162018
1,0.6380020771703373
1,0.2089551384065525
0,0.13135237778317777
1,0.8522278092474965
0,0.1432496535376383
0,0.09556752379298235
0,0.15816791971102528
0,0.19548468901891472
0,0.22540823753863046
0,0.3855041148921346
0,0.19001270028532047
0,0.13858536827769818
1,0.7910989563651207
0,0.11224971215613624
0,0.08566825976614406
0,0.1492596692178752
1,0.8881689355231911
0,0.09876566869672632
0,0.09078246462626703
0,0.10877634961822948
0,0.19199666854316289
0,0.0761273478370039
0,0.13819577701407842
1,0.8747311027751209
1,0.7987043657845977
0,0.14321840724610005
1,0.7847257363384683
0,0.09287682088728995
0,0.08069542163815295
0,0.1511350886041663
0,0.1392340494554247
1,0.26383225651499465
0,0.11624549415332136
0,0.4195074675859333
1,0.9320840963916126
0,0.08620802135939862
1,0.1483329628046574
0,0.11516456508926343
0,0.30899530855019375
0,0.0869316230131301
1,0.9245842973786229
1,0.870239623292716
0,0.6570972189328445
0,0.185321268593075
1,0.6757501972826578
0,0.12323183584588551
1,0.39031073783753867
0,0.11315036368969128
0,0.11610220090096976
1,0.8071722010777124
0,0.20202838825794472
0,0.0794960102197489
0,0.1511001213280387
0,0.08822921644835811
1,0.8914541604024085
0,0.10464451772139857
1,0.09016324177344882
0,0.09650124035936399
0,0.3380176361787047
0,0.09464972286321952
0,0.13662594284184854
0,0.11466152975579486
0,0.10011325856513913
0,0.08764521038104267
0,0.4592894028367234
1,0.7601718349887046
0,0.09462472575338723
0,0.11762315677500035
0,0.145205897258307
0,0.07981588941735918
0,0.12473339723184915
0,0.11471336980058587
0,0.08266050956708984
0,0.11579139462570799
0,0.10924884775758853
0,0.11461664770225195
0,0.39724793990376966
1,0.4449131574476158
0,0.3396712388199952
0,0.11652425601499863
0,0.3772885142134335
1,0.11267088712502422
0,0.08412700281933222
1,0.10488438089895928
0,0.11652425601499863
0,0.09810690445848126
0,0.11302062285230158
1,0.9337628678084999
0,0.6505780765929138
1,0.8238892409226798
1,0.38472399107473954
0,0.16651011186860626
1,0.8236260145512221
0,0.10576897298504247
1,0.8914541604024085
0,0.34474088328549846
0,0.07734420299747244
1,0.5175716681125917
0,0.10512711488149741
0,0.12791774861413088
0,0.1417472915518215
0,0.14232669903510606
0,0.08209428310434472
0,0.1075276483997878
1,0.22559515569827898
0,0.3931683166632136
1,0.35337995633787633
0,0.08953123151103998
1,0.34300531516723115
0,0.07695445197749967
0,0.10094679036249297
1,0.766349726772876
0,0.088337482863711
0,0.09899867402516827
0,0.09400160526591432
0,0.0968470716522293
0,0.08180248122984912
1,0.9337628678084999
1,0.9523989922833498
0,0.19372778311515784
1,0.18457561376045484
0,0.17503051484106869
1,0.13004658642162018
1,0.24097717410502348
0,0.10454393968039065
1,0.11048024594707713
0,0.14015724389285159
0,0.3255999507652647
1,0.8166895340088361
0,0.07695445197749967
0,0.6582784183274628
1,0.6991746798454145
0,0.7117293769771015
0,0.11064948375363236
1,0.8104084087684215
1,0.807021420162431
0,0.1322483800132753
0,0.0852546448134021
0,0.27011429381007307
0,0.3365244474296059
0,0.11246426304057953
0,0.10088535715181851
0,0.10488925888965536
0,0.11268081973777606
1,0.4629934522782583
0,0.4464926805664387
0,0.09099388824437604
0,0.6561729635403949
0,0.1535540845074051
1,0.9190275025493693
1,0.6641312947699591
1,0.31767532854899194
0,0.07695445197749967
0,0.12204747697845993
0,0.07695445197749967
0,0.12553391335455474
0,0.11271174316557152
0,0.8201509530032486
1,0.15797490506996822
0,0.19797795113651373
0,0.07695445197749967
0,0.19291248946881992
0,0.07695445197749967
0,0.23959006134905464
0,0.12943327749124003
1,0.8440969916708321
1,0.406239481294995
0,0.13185586256540802
0,0.20065546549897897
1,0.7653452102218142
0,0.09219939373591324
0,0.1031139299376354
0,0.08391353733009266
0,0.11849165264199912
0,0.10014632290992942
0,0.10653732655391257
0,0.15157396528332698
0,0.15643717648024758
0,0.18475085492280352
0,0.24408575289015638
0,0.11117364925375173
0,0.11175546876221662
0,0.22890378804354486
0,0.10269624336623126
0,0.09775252777604168
0,0.135841002362322
0,0.12108170668583762
0,0.09899867402516827
1,0.8274350144972813
0,0.11663787269040185
0,0.33920515465040935
1,0.24793573677884667
0,0.5819893395666661
1,0.17761140364373895
1,0.8385977301364201
1,0.15902891593131874
0,0.10040761200461278
1,0.5628059669681224
0,0.1778772946622668
0,0.08705353805810814
1,0.19106311890330502
0,0.09601816999719927
0,0.08401233463214408
0,0.12443814277173522
0,0.13848959593402743
1,0.16018692209847685
0,0.07695445197749967
1,0.7492619190394367
0,0.1075907560967886
1,0.1424320418993565
0,0.8219748548706153
0,0.07402086336320879
0,0.11886623825121077
1,0.8434846145878667
0,0.11492081349870013
1,0.6753397192703702
0,0.13404707063465993
0,0.11014496838658529
1,0.7373495287587596
0,0.0831477096092758
1,0.6790003437190643
1,0.8581969710441334
0,0.47862362046948115
0,0.11850202364572889
0,0.12974940836853283
0,0.1968792831672679
1,0.8603204037742092
0,0.17001577893218278
0,0.10746317553442299
0,0.11252590792742569
0,0.09899867402516827
0,0.22893765794939724
0,0.5014282451485809
0,0.17241176860106192
0,0.15148523074236436
0,0.09916328371570732
0,0.5189837742184731
1,0.22116568325495548
0,0.10156273439027255
1,0.1773486560857298
0,0.41423142619954656
0,0.11984166878160601
0,0.19700224027500052
0,0.12261722683378665
0,0.13772754309785026
1,0.8997980972559916
0,0.21198200632339076
0,0.36942245926297185
0,0.1472558426406627
1,0.592714586147058
0,0.11426757250717505
0,0.1031139299376354
1,0.7355560096665528
1,0.7413997488423448
0,0.11652425601499863
0,0.08542261478940125
0,0.3460144991393916
1,0.8438089870871336
0,0.09313011829600447
0,0.29136578169278
0,0.10754200103018156
0,0.20966163280667108
0,0.47808284330357237
1,0.7399219334504311
1,0.18286856380510091
0,0.2239394480083688
0,0.1908736163114795
1,0.42221752769073334
0,0.17938978144643267
0,0.15085723267669748
0,0.15464793779055894
0,0.13799265371577002
0,0.6571536613631888
0,0.1518135760940074
1,0.9265347937411113
0,0.15683146454317418
0,0.11408845797517606
0,0.10813905249153229
0,0.17277426824456119
0,0.08149437328733626
1,0.5202894098858319
0,0.27408864543893424
0,0.07641988037698755
1,0.7377402274146454
0,0.16697477127196036
1,0.20987291816815373
0,0.5108157879056588
0,0.1047936139664732
1,0.47862362046948115
0,0.09384809775277439
0,0.10031104758171218
0,0.14245736606947745
1,0.7012424024121139
1,0.873979488854086
0,0.1400795742344808
0,0.7443991550499768
0,0.09575017021010812
1,0.7850320777348414
0,0.6543934645660977
0,0.11538725171768052
0,0.09506804371819859
1,0.8760247725704047
0,0.15885341928930868
0,0.1468137302377173
1,0.5846028425266387
0,0.09335614352386305
0,0.298023885189028
0,0.08720668512585387
0,0.09617937412539962
0,0.10902542540191655
0,0.10894399441070206
0,0.18298684105718016
1,0.8864199225443544
0,0.07695445197749967
0,0.11664797001320368
1,0.6654042195283891
0,0.7047225215507155
0,0.17162610463619962
0,0.09240552166333407
0,0.23291693529323496
0,0.16232786770198573
0,0.08803761857374973
1,0.10924073957298439
0,0.0967085573645403
1,0.13209564286263958
0,0.09477367541664412
0,0.11242265612152744
0,0.36869038235053064
1,0.7286665273461354
0,0.08574019732691888
0,0.09805112158173508
0,0.09437234532124844
1,0.9089405928744512
0,0.12401939687608847
0,0.09957639689244104
0,0.16205035120772182
0,0.559153710379777
0,0.1704939537884157
0,0.10804541622401498
0,0.12900300548223823
0,0.1394222295967696
0,0.1841527115407943
1,0.18613491149827546
0,0.5751392024867096
0,0.08690023597302901
0,0.24459599192937317
1,0.8779025608723421
0,0.10327161668433382
0,0.1047155094900888
1,0.7908349851110531
0,0.09078246462626703
1,0.9337628678084999
1,0.7879902148033913
1,0.8758779542685685
0,0.12978534806840256
1,0.13200241524031725
1,0.9269245660153781
1,0.8284161817834258
1,0.3323895200374384
0,0.11024522919059195
0,0.10585395869266342
0,0.9337628678084999
1,0.6083403800598938
0,0.09617937412539962
0,0.24787832137598517
1,0.09828836286683702
0,0.10007135882210616
0,0.0916101977499866
0,0.404246742096453
0,0.10088535715181851
0,0.1407147067310865
0,0.1138122250803301
0,0.12548507274359405
0,0.1018691392257355
0,0.11579484677893877
1,0.7524453060228344
0,0.11475123696511699
0,0.7008281147124997
1,0.25547971602349046
0,0.08264070900850255
0,0.43081897313768336
1,0.4325465053473472
1,0.6717618655325528
0,0.08566825976614406
0,0.17274284491534264
0,0.12698699915220382
1,0.17950838205413944
0,0.1098394351117553
0,0.07402086336320879
1,0.8220079659660469
0,0.7500878013752592
1,0.5176463605696198
0,0.11894508239311476
0,0.7398981441286101
1,0.7871703898834101
1,0.7653716975651348
0,0.1442978074467669
1,0.6175659265403093
0,0.127563724265922
1,0.6902694093605984
0,0.2940878099539229
0,0.22990095533390822
0,0.1206160173813293
1,0.3356563124058922
1,0.8850269945445187
0,0.1403914370371394
0,0.6194437178760008
0,0.16220527500015
0,0.0670706679001672
0,0.09945437817732725
0,0.6865505615228937
1,0.6662944221625581
0,0.10246594579018581
0,0.12552386614729527
0,0.6050679064730218
0,0.11609772396957174
1,0.2789998839456843
0,0.16142153359043412
0,0.11247806946653228
0,0.4695688231684062
1,0.4517706925590344
1,0.7639772810692006
0,0.10645668798917551
0,0.3021771272989998
0,0.18799652420020405
1,0.8070414677040904
0,0.18137620984436711
0,0.1148745969078406
1,0.8874935763819933
1,0.9146004950577243
0,0.21748008460832585
0,0.2173124215576135
1,0.3980710152418382
0,0.08566825976614406
1,0.8234135511769025
0,0.1047155094900888
0,0.10485851568440228
0,0.2774899497077773
0,0.20449821989112696
0,0.09313011829600447
0,0.08651649030303282
0,0.12666168596713218
0,0.8148172733447967
0,0.12244119604710117
0,0.1288627519997598
0,0.10099606516057894
0,0.7161898502076527
0,0.10073670856032281
1,0.5904552940114791
0,0.09021593799707059
1,0.7591062774835827
0,0.09105739861578734
0,0.07695445197749967
0,0.09755307227640035
1,0.40259850693399185
0,0.15341266552083205
0,0.11510697583186559
0,0.08090561570150134
0,0.10887395058894554
0,0.12579313830675037
0,0.10340988753705667
0,0.09672619407960806
0,0.09500240661407744
1,0.7057018608784402
0,0.36795213096313145
1,0.6874946649618531
1,0.7393269359129206
1,0.9073996929430586
0,0.09326265188723369
0,0.10318608791778161
1,0.7990544134519731
0,0.08451570489125909
0,0.1868486714647676
0,0.1221085955787991
1,0.7213949163855636
1,0.6995465978780195
0,0.7329543564169668
0,0.2664190542877495
1,0.13534430284711937
0,0.08332116218996456
1,0.6833942604799406
1,0.49831311645688736
0,0.09997861385542313
0,0.07695445197749967
0,0.1616271953851428
0,0.08566825976614406
0,0.15736961543540315
0,0.11319706837150363
0,0.289442121939495
1,0.5128841943574
0,0.08455499119276999
0,0.18932027735699972
1,0.21650910979063512
0,0.11837510288146189
0,0.09483404799215865
0,0.08889159927330405
1,0.6777582908520261
1,0.35333593955909476
0,0.1348880804361171
0,0.09456343084026046
1,0.7876685518047393
0,0.09948721062128392
0,0.12588609606943962
0,0.2507630650324735
0,0.09002309812242484
1,0.9239309205626829
0,0.10914636919507043
0,0.09431416518510075
0,0.14246925664974888
0,0.5892263895303984
1,0.8453400235326005
0,0.1309487920144414
1,0.23042920506090006
0,0.15896650414218766
1,0.4384318269389534
1,0.55906619443665
0,0.11875982457006411
1,0.8471993635133535
0,0.13096059729983212
0,0.10225015586502872
1,0.4008933281314629
0,0.12696053245896236
1,0.6982247940541175
0,0.1433339741137345
0,0.08994233521716281
0,0.11804700644417082
0,0.0759724197968284
0,0.07947895645151061
1,0.12807430036297288
0,0.6248838997519087
0,0.4244126077383621
1,0.9523989922833498
0,0.12942763542096902
1,0.7190541525040056
0,0.23254005423806998
0,0.07695445197749967
0,0.07896032833115173
0,0.09773613270715013
0,0.08502977272085258
1,0.15849560716004912
0,0.17487112881622902
0,0.0885012785668847
0,0.08023151539544644
1,0.5957134283975521
0,0.12262735348074408
0,0.13426290965777757
0,0.09888185125812826
1,0.4471185153090258
0,0.2747417341792577
1,0.8342737481614224
1,0.3219314791317225
0,0.12163675491568904
0,0.23701344760974388
0,0.08724107966518874
1,0.32367928430702353
0,0.1049780524443143
0,0.09078246462626703
0,0.10926255697577777
0,0.09531915712578459
0,0.18685438744749547
0,0.08988461956296334
0,0.07641988037698755
0,0.1335694722351335
1,0.8907012857691542
0,0.10484385961095102
1,0.9236587673447308
0,0.19629134399140252
0,0.1306484996236343
0,0.2792768743658372
0,0.151673615129776
0,0.08069542163815295
0,0.40855143917438963
0,0.4129126318295625
0,0.10494364009183905
1,0.8313128795254066
0,0.16888081444376513
0,0.09313011829600447
0,0.1792898210614501
0,0.13278208946964903
0,0.11501971460989749
1,0.2600770944683038
0,0.13793660739408006
1,0.5077259527121346
1,0.11850202364572889
0,0.136560865010617
1,0.9337628678084999
0,0.10238845241104981
0,0.09899867402516827
0,0.607615209995027
0,0.1639288617494206
1,0.7432721607805048
0,0.13495410664283625
0,0.1179800769740793
0,0.21330831132981132
1,0.10553958314176332
0,0.1093969976651554
0,0.09836680335658109
0,0.20102166113613157
0,0.16806839944339813
0,0.1308734884054565
0,0.10852597804018356
0,0.11654643728136227
0,0.10494364009183905
0,0.21377685293353949
0,0.22763425064878293
1,0.740894466780383
1,0.3799791248424564
1,0.8401793424497437
0,0.11119644667393193
1,0.8873603362471144
1,0.11772641660316449
0,0.10193040437500747
1,0.9301510341555017
0,0.11550148272670784
1,0.47647672920317824
0,0.10289199786420282
1,0.379923234498453
1,0.8238892409226798
1,0.9044862731213354
0,0.29759887074283875
0,0.18350507074051783
1,0.2593182269750968
0,0.15463244900074682
1,0.17360476066217997
0,0.5922939686209873
0,0.1440881228822841
0,0.08949910011782344
0,0.10780866916481882
1,0.8170609502794516
1,0.4703859627656766
1,0.7800681370760726
0,0.35635041263595063
0,0.5178354851395794
0,0.876461236545888
0,0.14409138901530916
1,0.9320840963916126
0,0.0863324858601618
0,0.11652425601499863
0,0.1235286192875612
0,0.13182918013697836
0,0.09785018201481006
0,0.16578586861858588
0,0.10712121496418223
1,0.4124150369264783
0,0.28158426660735625
1,0.3477863319215198
0,0.16301382514597418
1,0.10878282388643777
1,0.812747005579225
0,0.08570511490266743
0,0.12162322159569383
0,0.19939705787758677
0,0.14766460646300003
0,0.628500056490902
0,0.1357779768894548
1,0.8294802280775295
0,0.10056633170448731
0,0.34805765810613964
0,0.09550696468804855
0,0.12772519488555178
1,0.4005644808082053
0,0.12070444573276808
0,0.29729643063590144
0,0.11905290071534262
0,0.17900272282713142
1,0.12204682033090884
0,0.17259304828523014
1,0.6490456123170483
1,0.7144360037074682
0,0.11801244320339076
1,0.7487202280310716
0,0.10147841140623554
0,0.1946936088419792
0,0.08046412856596555
1,0.569287871659811
1,0.8266889483509388
0,0.19965023398288895
0,0.10497852415875981
0,0.09837136426974326
1,0.8270029955554753
0,0.16860641455888534
0,0.11356065861620908
0,0.09705333881353201
0,0.14169491070362553
0,0.08725161172612082
1,0.7936067437683078
0,0.1263799780637624
0,0.11242817084848689
0,0.1893248496098774
0,0.08566825976614406
0,0.08455499119276999
0,0.08137577947295531
0,0.1191262596213565
0,0.46791651310961546
0,0.1569156443498659
0,0.1627363146165723
1,0.40919126533170147
0,0.09899867402516827
1,0.09620614586486254
0,0.09830236566255743
0,0.18503293551869526
1,0.256109858813646
1,0.5483176319760311
0,0.08838783799707228
0,0.19353149974951564
0,0.10202236825151087
0,0.3028147400213837
0,0.10450949709502538
0,0.12552386614729527
0,0.10829571542602347
0,0.08744887401185159
0,0.11627155977801255
0,0.14001745988276312
0,0.08241563299792896
1,0.7297240138711383
1,0.819410129768685
1,0.5260558642807405
0,0.08988461956296334
0,0.1799823698145375
0,0.11889129193475637
1,0.6998558704937015
0,0.12017244494235468
0,0.10149563163537463
0,0.09019251874552424
0,0.1485357825667118
1,0.895124299926571
1,0.7899473630852908
1,0.8326361011267374
0,0.10346798876529952
0,0.09884863958618668
0,0.1538504822068863
0,0.7709027647051466
0,0.33881972208506234
1,0.915206082505011
0,0.12635035419658291
1,0.6819748765354138
1,0.7039143115099327
0,0.13228424571188732
0,0.09714211652065294
0,0.09328605310651143
0,0.26606916212057224
0,0.589505570740749
0,0.6130510574835821
1,0.5045724113049448
0,0.3380031808971417
0,0.11237467918037125
1,0.8144054349824924
0,0.11545658548473187
1,0.6110815944454321
0,0.09078246462626703
0,0.08908971767798274
1,0.7477199801291867
0,0.08867340777994176
0,0.1191262596213565
1,0.7825478501036263
1,0.9027469293923659
1,0.6828241844561831
0,0.10865412974562524
0,0.236943932299407
0,0.14290967627334192
1,0.9269245660153781
1,0.796502480282449
1,0.8804430461632602
1,0.6939014978317467
1,0.11610220090096976
0,0.13883812469443155
1,0.7453690521087093
0,0.23889268197859687
0,0.09899867402516827
0,0.08705353805810814
1,0.8972002953547328
0,0.2812373366821335
0,0.11411805261198288
1,0.7014432821074819
0,0.14173605570058057
0,0.18475085492280352
0,0.17576985199955378
1,0.1636477053672766
1,0.18701679558097778
0,0.25849207627719595
1,0.7108575365626774
1,0.4195074675859333
0,0.16537328231140774
1,0.837470650687421
0,0.13602980614783955
1,0.6688449764184669
1,0.7374438351058489
0,0.16846113869634396
0,0.12056822022010015
1,0.6110815944454321
0,0.0932943614351494
0,0.5949436899014039
1,0.9032981923890043
0,0.12690102118550395
0,0.09770236264514828
0,0.08980083784264267
0,0.11180221563328192
0,0.07826826265383298
0,0.09016318504231623
1,0.8873603362471144
1,0.8848126423976025
0,0.12421398245909135
0,0.24171089138398794
0,0.1142817762219687
0,0.623817125938396
1,0.9099333222849572
0,0.10810032620728044
1,0.9100252728622008
1,0.818251377681865
0,0.09796950085227299
0,0.1016449239184633
0,0.10269624336623126
0,0.10557830272025097
0,0.11104113277413565
0,0.08693508237655904
0,0.07695445197749967
0,0.32229935423843753
1,0.8536677453636509
1,0.23040483508632287
0,0.1543722700334952
0,0.10349877789681743
0,0.12258202436830316
0,0.182063391887517
0,0.08606805197860189
1,0.5665450935139381
1,0.9130287278089666
1,0.8376789624548464
0,0.22800254191714536
0,0.10364801818517518
0,0.08720668512585387
0,0.2097055380570492
0,0.1432502353837055
0,0.09484175787353083
0,0.1907103989085706
0,0.12779433248602656
0,0.09239057573333144
0,0.5696896226771305
0,0.1410479734708318
1,0.9418519265365537
1,0.4149442985424357
0,0.09078246462626703
0,0.18305379575971553
1,0.32644552637322055
1,0.11610220090096976
0,0.7222645461663385
1,0.7813798529930535
0,0.12794640003011837
0,0.09412454025477071
1,0.8248270972388211
1,0.168569876742527
0,0.3310755657950722
0,0.19112864906076443
1,0.7377402274146454
1,0.3997452185274995
0,0.5797153555884046
1,0.2707328532457152
0,0.09662315563535517
1,0.2901395485596121
0,0.1364141832882719
0,0.08768565174062853
0,0.08398162518854455
0,0.12665327806229007
0,0.5378129177095311
0,0.21356908303770433
0,0.09127286266651605
1,0.6694780677648957
1,0.3410242539903523
0,0.7191255615591498
0,0.08195759271986175
1,0.09789659362341392
1,0.6219677233526343
1,0.6110815944454321
0,0.09078246462626703
0,0.2551912814880803
0,0.15176475053758853
0,0.09379262462300328
1,0.29424938335160294
1,0.8194068920605969
1,0.1504013816238558
1,0.5571135394627568
0,0.1133990885261454
0,0.4678192171388961
0,0.11351943649521486
1,0.44781488964626237
0,0.09042200953532446
0,0.07695445197749967
0,0.7939116049293389
0,0.09078246462626703
0,0.09078246462626703
0,0.09555144843326215
1,0.7940217989586739
1,0.23713735123884883
0,0.15112931317163822
0,0.2504452191767654
0,0.0891517798098421
0,0.1257364075648265
1,0.6995414204861701
0,0.31721389626612534
0,0.1298816919315512
0,0.08483849805610466
0,0.1113592566511408
0,0.4103241418926616
0,0.10489627478677793
1,0.701104941357609
0,0.07402086336320879
0,0.0798095951768221
1,0.6691043823091442
1,0.12779795247104903
0,0.23152824230381963
1,0.2367427971915997
1,0.728851466803434
0,0.0946037479655351
0,0.14673164781219855
1,0.1927891993956778
0,0.20455380108414012
1,0.6609817496490021
0,0.15652548302812
1,0.8531285464041641
1,0.5885193997625796
0,0.09686272095904797
0,0.10606617593284129
1,0.5788169818308857
1,0.8143174509501657
0,0.2425973552668576
0,0.14482096033166655
0,0.6330026581296172
1,0.5501174758661258
0,0.09972638723998294
0,0.16799981736360123
0,0.0761273478370039
1,0.2950829370232024
0,0.09941119067716922
0,0.23687052459800328
0,0.6122332587859483
0,0.23617173502903288
0,0.55396877068071
0,0.10818051436445895
0,0.15382465453212718
0,0.1299909063114316
0,0.10819308961431971
0,0.09555144843326215
1,0.7394338832356274
1,0.23580824298979758
0,0.10186180191511701
0,0.08832370922014933
0,0.11517975082586891
1,0.8202898276987179
1,0.8297605880795679
0,0.08577376780232404
0,0.176853047978791
1,0.5563587366891807
0,0.11428814455623772
0,0.3652198199299112
0,0.09144253190546087
0,0.0867837618082231
1,0.07402086336320879
0,0.18227673861934285
0,0.07766986113774917
0,0.07606645471164143
1,0.09899867402516827
0,0.12315279647631942
0,0.10494970601975522
0,0.1112439149150668
1,0.5742912967012921
0,0.14881397393651882
1,0.8587213202362589
0,0.08425032941939516
0,0.1047155094900888
0,0.12617810736976023
0,0.08830412397530955
0,0.08764642315703793
0,0.3507886709749669
0,0.13209759956693382
0,0.07780366383042177
1,0.4228907229160634
0,0.10620511534177465
0,0.09021593799707059
0,0.34941398730594564
0,0.13157052291795
1,0.42221752769073334
1,0.6094722757308204
0,0.07302696884121465
1,0.8873603362471144
0,0.18820489669665755
1,0.18763258382987832
0,0.25379817923724474
0,0.14200380525051803
0,0.127563724265922
0,0.0761273478370039
1,0.13072031554749142
0,0.13190414648266366
0,0.09949667299137398
1,0.6497114233675899
1,0.7280281974038976
0,0.12313364060646652
1,0.12669307687088907
0,0.1342315314545022
1,0.7296358578989997
0,0.07695445197749967
0,0.1370881086693549
0,0.11496054431224496
1,0.8814365338400356
0,0.12535814460058922
0,0.2510525386046477
1,0.6830659641330226
1,0.8267735676222817
0,0.1500396098685931
1,0.7763493449023409
0,0.14955823980291688
0,0.16117799598228413
0,0.11034071370796358
1,0.19672189080954727
1,0.12095885057219258
0,0.14345990395681488
1,0.3356563124058922
0,0.09316669197571016
1,0.8465106224501528
1,0.5432223305418705
1,0.2972540591247761
0,0.10354280032474722
0,0.4040353080983091
0,0.18500026218282786
1,0.10543708007716322
0,0.0761273478370039
0,0.32119630076777844
0,0.10815308466157741
0,0.1067600111442
0,0.09776828718867007
0,0.07670436131963619
0,0.07695445197749967
0,0.1355239834622403
0,0.2386570658215443
0,0.17564627143396894
0,0.08881024008156037
0,0.12430451568469247
0,0.1024927034544009
0,0.08089868054893455
1,0.9133244396350434
0,0.17016821810024158
1,0.17828799675034748
0,0.29684667505551576
0,0.10339554028020582
0,0.12762747333625613
0,0.11153813841188508
0,0.10088535715181851
1,0.7868203786385819
1,0.5917877190096726
0,0.0761273478370039
0,0.3787748059133079
1,0.8133491272133413
0,0.10088535715181851
0,0.08312027078715489
1,0.7478323047086705
0,0.08566825976614406
1,0.23280505869170595
0,0.25958867139020786
0,0.09811859684210629
0,0.0945936781316442
0,0.07826826265383298
0,0.11950260703011732
0,0.16042112784567517
0,0.18675079188401453
0,0.09876566869672632
0,0.12084669191137098
0,0.08454578198062389
1,0.17297946536517553
0,0.4619897900697567
0,0.13268534979195978
0,0.09901358276083269
1,0.9134182876063954
0,0.1060011334326695
0,0.33856277526937145
1,0.09118168436391808
0,0.11114262786889587
0,0.11257998745876978
0,0.10219191556334495
0,0.11652425601499863
0,0.8734637587913467
1,0.8413220663513052
1,0.7295317181619391
1,0.18799652420020405
0,0.12435948234381089
0,0.0869236458564624
0,0.1602113069912867
0,0.09024694250921755
1,0.11892799058892954
1,0.590631417788408
1,0.8873603362471144
0,0.10812643373229512
0,0.6175914855902295
1,0.6019275247772219
1,0.42020550806619905
1,0.2281188555015522
0,0.19002311614258272
0,0.10819965653943572
0,0.18006630117418404
1,0.562065371560012
0,0.08679743432870148
0,0.1022741882522024
0,0.13595174811544072
0,0.18475085492280352
0,0.08408687837124876
0,0.06899785728484988
0,0.09972638723998294
0,0.09737782587079673
0,0.11417613171325058
0,0.11035776972970478
0,0.3710921590943159
0,0.08294598477839214
0,0.1494676673119919
0,0.09325093153499797
1,0.7588119003951103
1,0.5566989712725016
0,0.18586230548692106
0,0.09042042387434696
0,0.08039761859915141
0,0.12937258709189667
1,0.900479194239715
0,0.09986983146828605
0,0.17373341892782276
0,0.11034071370796358
0,0.14867938833188615
1,0.7130002377658274
0,0.09369882159120446
0,0.19513781176376893
0,0.15635430235856926
0,0.11018473180447352
0,0.3287584624440602
0,0.08774663849984647
0,0.5742471725681633
0,0.6963389746990803
0,0.5437581624991253
0,0.1008953120317991
0,0.09438381129438381
0,0.0818927725234893
1,0.7931406567989601
1,0.8068847773985335
1,0.627831411588212
0,0.6124153755104536
0,0.11849384060807083
0,0.1570940294665947
0,0.36496052804340984
0,0.14932995979090774
1,0.16180451987547229
0,0.20199357101520257
0,0.10080047295801776
0,0.15772075397773355
1,0.2550191817896277
0,0.15441424559370076
1,0.9146890527409067
0,0.66333742610669
1,0.4142279276493999
0,0.25890324291945754
0,0.11694383411379251
0,0.08609197342665872
1,0.9008499252245138
0,0.11102022475773389
1,0.46758278120506785
0,0.08655268535246469
0,0.10612981118025676
0,0.08282603175325731
1,0.7008549041147554
0,0.07936854832996965
0,0.7177126826502812
0,0.09619976819973063
1,0.7860775711050136
0,0.16061077135956162
0,0.08445064784218173
0,0.09989699129476023
0,0.15652490327228966
1,0.6526769830165734
0,0.0997591064711453
1,0.554843896966086
0,0.11603923097803734
1,0.5986436107969577
0,0.7379431822692296
0,0.12088817800937432
1,0.8498943504693313
1,0.6775093464609364
0,0.09484502364982489
1,0.4661184670708798
1,0.1266081868907676
0,0.2947247380766517
0,0.08443064874010785
0,0.3143222371308805
0,0.1381848175830198
1,0.8194694450076904
1,0.5802958801435205
1,0.8293248068335164
0,0.08580581350534117
0,0.1948006790359945
0,0.7050283026066244
1,0.8734981055012957
0,0.1319499299444175
0,0.20458471312208804
0,0.09972594932089864
0,0.10987854117619258
0,0.11246758461066363
0,0.1610520297798793
0,0.08349833088763109
1,0.2334426629923052
0,0.1805706595428171
1,0.13029826043346254
1,0.8382227827678762
0,0.10173763345283449
1,0.8463359015161461
0,0.09899867402516827
0,0.10954160387452275
0,0.10945770200670468
0,0.12772222439109626
1,0.8590258025158021
0,0.6713798630417472
1,0.24048516679891638
0,0.13057485582713413
1,0.10896636853514859
1,0.4799116186223578
0,0.25822738323230754
0,0.1267108445329065
0,0.07826826265383298
0,0.08971656278253748
0,0.14456858341215645
0,0.19716570277093334
0,0.1047155094900888
0,0.1945469532849999
0,0.14252339701299174
0,0.11484898571482924
0,0.11449608267039611
1,0.8458980947848729
0,0.7754130680888697
0,0.1261630982461184
0,0.8188905399839416
0,0.07380104261405303
0,0.10449786491304255
0,0.15360206187095507
0,0.10875195483066459
1,0.8857883014370754
0,0.12675973153775738
0,0.12070444573276808
0,0.28154205802444443
1,0.772111560349591
0,0.11273872900166484
0,0.11295949853106536
0,0.10324984001749951
0,0.12719472587535605
0,0.08776918313612517
1,0.4264643002905615
1,0.7535059328868164
0,0.08803378926634964
0,0.313084080571756
0,0.11334989531980869
0,0.2548663602251248
1,0.40186235759004535
0,0.08707158655323033
0,0.20153169601313664
0,0.11425393965838053
1,0.10391726713112137
0,0.1267801530255354
0,0.17914346291171898
0,0.09121578561313014
1,0.7875799622636743
0,0.10135521066416694
0,0.7038465583739553
0,0.7802858821107922
0,0.6459589284407811
1,0.9194549114869001
0,0.10523856147726869
1,0.6400602069165041
1,0.7515264776152577
0,0.09728337142717625
0,0.0945866018067164
0,0.32243144449635036
0,0.08836208027922471
1,0.7790168074574997
0,0.09219289524055044
0,0.2308149628217328
0,0.08519967618548059
1,0.9564386791650663
0,0.09894346115416273
0,0.09464972286321952
0,0.18140600038267904
0,0.09505793907279145
1,0.10066894560135022
1,0.4887691705744321
0,0.11196469444066848
1,0.8471993635133535
0,0.09797239169241168
0,0.40926830403175835
0,0.09425732866825766
0,0.4283314814909683
1,0.7844219926022109
0,0.09922971695142263
0,0.08301727738612599
0,0.7054194885162016
0,0.8320874334002989
0,0.39159001785507547
0,0.12728247146795948
0,0.11309275350875474
0,0.0975580559343314
0,0.13620296593884867
0,0.0931822269811726
0,0.20123088779513057
1,0.39338083627234216
1,0.18316665984760408
1,0.10747448040162318
0,0.20455380108414012
0,0.2252119328804328
0,0.13600186627205307
0,0.09990517820138932
0,0.5857539387991263
0,0.12241157787183282
1,0.9320840963916126
0,0.24592646713465938
0,0.7500114158070565
1,0.23519152805962243
1,0.43234644851645243
0,0.0920618973258176
1,0.25928886746707663
0,0.10553958314176332
0,0.2007922498829365
0,0.10149563163537463
0,0.7124458454401155
0,0.3507637749930756
0,0.11130292635875053
0,0.16129814626314468
0,0.30578084056376864
0,0.09335366710150718
1,0.8520684304590447
0,0.09739309879168531
0,0.10912299916026157
1,0.3028147400213837
0,0.12588715197530598
1,0.6741041269882923
0,0.09899867402516827
1,0.1981857997217624
0,0.12425125472978123
0,0.10184774967191879
0,0.07380104261405303
0,0.1275918027756164
0,0.10385405609489388
0,0.16745441574144937
1,0.18523320415833525
1,0.9099333222849572
1,0.14806602592781148
0,0.548884870297531
1,0.0998548400620265
0,0.09474525301815112
1,0.7080070407635499
0,0.12140907287621924
1,0.11443908982683149
0,0.16537328231140774
1,0.6294001682041332
1,0.2754654447576672
0,0.15644590474460993
1,0.9443371468555235
0,0.10253934224370888
0,0.11341325265435494
1,0.2830847578792739
0,0.16712689494423025
0,0.11922576347051439
0,0.3496685557431432
0,0.0934385479525093
1,0.5857860706342983
0,0.13047598266197105
0,0.08720668512585387
0,0.08766532938270831
0,0.14149485858811603
1,0.677091001247837
0,0.171023481974657
1,0.7712014853301301
1,0.9101768685297006
1,0.13850069553377545
0,0.13026580127530668
1,0.8154417611487459
0,0.07695445197749967
0,0.08803378926634964
1,0.3783999981435711
1,0.853725582889759
0,0.549434329903665
0,0.11870439200067293
1,0.7051008229720132
0,0.5134178611236532
0,0.29557861800407326
0,0.20991466204370834
0,0.10333944814601782
0,0.0955626134918284
0,0.21818170246821542
0,0.16183476307157837
1,0.8546239383240439
0,0.2727640247894353
1,0.8699947730113654
1,0.7818159456274311
0,0.11817526652392969
1,0.848702438591649
0,0.07695445197749967
0,0.1523687663063449
1,0.6029756682629791
1,0.5226734733119386
1,0.18022758902132985
0,0.13631294312021952
0,0.18349886798395015
0,0.14250201777654753
1,0.3219299242838507
0,0.07695445197749967
0,0.20574005095782702
1,0.8565077601898666
1,0.362162168615591
1,0.9503018763317231
1,0.8587945466653663
0,0.1915592396685519
0,0.12702274620642845
0,0.3005363746540658
0,0.14488808689540478
0,0.11652425601499863
0,0.11652425601499863
1,0.09479050536292287
1,0.3887385495125213
1,0.7958350705959525
0,0.1006688906105337
0,0.19858055744502595
0,0.11652425601499863
0,0.9503018763317231
1,0.45929159858899055
1,0.60313192497229
0,0.11545658548473187
0,0.08294598477839214
1,0.3645034266866177
0,0.07941709161300022
1,0.7580813060385467
0,0.10210482938992035
0,0.09282611791614603
1,0.7939116049293389
0,0.21114380318581355
1,0.46236778773158477
0,0.20473655225265536
1,0.7917395410630004
0,0.11735418929392177
1,0.7993076524832128
0,0.1451578942115305
1,0.7920514233957364
0,0.07965646183392444
0,0.5411945874723054
1,0.2100272547625419
0,0.5043202985670746
1,0.7920036220365412
0,0.09854491944627106
0,0.10045206989097083
0,0.1613068982153774
1,0.14769412572973437
0,0.07536230054514367
0,0.7980143010114449
0,0.11408845797517606
1,0.16265698450335067
1,0.8777461854631123
0,0.1229653541259539
0,0.08526685463428803
0,0.09078246462626703
1,0.8088153574659581
0,0.10407226859421642
0,0.09225833302765427
1,0.7383519318344618
1,0.7911982999752616
1,0.15914051852536076
0,0.3883028830288363
1,0.6935426523678172
0,0.11048938378564921
1,0.6362054586065186
1,0.20920134489578612
1,0.32600616218607675
0,0.11104113277413565
1,0.7433932928194336
0,0.4041496842253548
0,0.1421699152172851
0,0.0759724197968284
0,0.12675973153775738
0,0.11402383236726919
0,0.7038650226083174
0,0.09319304639494772
0,0.1669122730577567
0,0.23291693529323496
0,0.08069542163815295
0,0.14677664041646946
1,0.9523989922833498
0,0.21289021813277328
0,0.13278332971982698
1,0.6681250250976297
0,0.14234760248231595
0,0.20477547272109753
0,0.08519455573424137
0,0.1421937251260052
0,0.19107536424887922
0,0.08799535906593656
1,0.12405885832724624
0,0.1286306972826129
1,0.6349944574627455
0,0.1087415524498719
0,0.13301601610527075
1,0.7553054930051963
0,0.08821945376681309
1,0.3969597360467945
0,0.10826647679024287
1,0.8417920129116564
1,0.7467652687376708
0,0.18595341462797058
1,0.8914541604024085
0,0.10752116570987637
0,0.23646088537309662
1,0.6263845536981705
0,0.1190803311120105
0,0.6825668703554433
0,0.23192575856458242
0,0.12391336127340409
1,0.8914541604024085
0,0.10935732176478996
0,0.09899867402516827
0,0.11647024778469518
0,0.10553958314176332
1,0.747234263990428
1,0.7832031797905687
0,0.1866777418505803
0,0.07766986113774917
1,0.8758549591739389
0,0.07695445197749967
0,0.1480684325258585
1,0.341389552764211
0,0.09585825994237042
1,0.24375391204012248
1,0.3334818539628845
0,0.08566825976614406
0,0.42259868456894745
0,0.5037656032546978
1,0.6815760376200853
1,0.2181402951614461
0,0.26824128154932664
0,0.18603040340774407
0,0.17419579813632072
1,0.7596368639045757
0,0.09144253190546087
0,0.07695445197749967
0,0.08874919842659915
0,0.1372602329836831
1,0.7734088986625607
0,0.08656222634177582
0,0.12283355149040313
1,0.9332471106169106
0,0.18541607531989965
0,0.08363530889843826
0,0.1027528183376389
1,0.25743097941627485
0,0.12860263306780265
1,0.725305175631817
0,0.18166002542213364
0,0.1127505039005755
1,0.7596368639045757
1,0.10716698175834605
0,0.08564706212415428
0,0.09448547087417143
0,0.11010623181386428
1,0.8844102023181992
1,0.5794401362577913
1,0.2300651820570176
1,0.12564309717830344
1,0.8821983205138387
1,0.1820377411354822
0,0.1664585371335437
1,0.8821983205138387
0,0.16460442986988702
1,0.2097087074318096
0,0.21142246831290604
1,0.8875137331188011
0,0.1274716268244131
0,0.15064146139839898
1,0.1920052967665654
1,0.8045180355941111
1,0.3308410471522891
0,0.6204194670686062
0,0.10088535715181851
1,0.917178109627739
0,0.3676556033395601
0,0.08330716290776807
0,0.4270057448580442
0,0.11275297897795958
0,0.14937980340196083
0,0.11652425601499863
1,0.9116079500761531
0,0.15902941767460438
0,0.1328674193208555
1,0.7598813704810714
0,0.11196469444066848
0,0.0932586982228295
0,0.11511537664499588
0,0.2464551882770166
1,0.1812914670537873
0,0.6709635452380607
0,0.15654044561436078
0,0.09052613019406565
0,0.088940103868397
0,0.1482122993634906
1,0.29105337641678225
0,0.08889159927330405
1,0.7282682384822281
1,0.266756625122579
0,0.07695445197749967
0,0.08373322128259587
0,0.7832207486025855
0,0.08903163148675079
0,0.08838764693838023
1,0.7893319539901169
0,0.08894900997045734
0,0.14482961863337526
0,0.18739732434775014
1,0.8197340510470279
1,0.9001041053673581
1,0.87142520504703
1,0.35165390218854886
0,0.09375046337304582
0,0.15246485457825298
0,0.1145783457530441
0,0.14776614978617014
1,0.4874287944696139
0,0.16614916911023758
0,0.17226765645587264
0,0.12699683368494472
1,0.09294456441053309
0,0.09078246462626703
0,0.16787127639003477
1,0.30579898247721715
0,0.11909345124459769
0,0.1404746783962768
1,0.11043247223801429
0,0.22256220248789493
0,0.13805108166287094
1,0.3098089532326822
1,0.7596368639045757
1,0.3699040150367495
0,0.10172240876831143
0,0.13173127230291085
0,0.0946490185830849
0,0.15862828474807722
1,0.5754078823956088
0,0.2574602354644349
0,0.14099982979988102
0,0.1326508784672003
0,0.11531664345480255
0,0.20542470091674522
0,0.477488641584148
0,0.2203802696575728
0,0.14816400875249086
0,0.08313241616271498
0,0.11187075152032906
0,0.1553671576528402
0,0.16964476001176867
0,0.10879980749802788
1,0.7273139694875669
0,0.14442783149748378
1,0.18103687386680883
0,0.10069671418309957
0,0.128993946403701
0,0.5175756884216829
1,0.858930830781652
0,0.10219191556334495
1,0.583891928361102
0,0.12309813398287504
1,0.9245842973786229
0,0.07695445197749967
0,0.16209288396064067
0,0.10088535715181851
0,0.08209428310434472
0,0.26049192202480725
0,0.744682956147052
0,0.4142458465545608
0,0.16729437864543753
0,0.21864851225687448
1,0.32211825941633837
0,0.16705427397318867
0,0.11821562769252274
1,0.8294802280775295
1,0.8408000677391938
0,0.0892728156363726
0,0.12591580757593768
1,0.6652041246107403
0,0.0921085652382642
0,0.16216873573527527
0,0.5676980959757386
0,0.4866621662596752
0,0.10444561619620614
0,0.09136285898472013
0,0.2604287963183355
0,0.09345545339205447
0,0.1275918027756164
0,0.09088922572665893
0,0.2242023515877483
0,0.33410214917650183
0,0.08320421946605719
1,0.3552673882093773
0,0.09078246462626703
0,0.10553958314176332
0,0.11282668667393564
0,0.1421937251260052
0,0.19834849639804783
1,0.20590978807199067
1,0.9314106301982337
0,0.5778693634287604
0,0.08420983700381851
0,0.10647236558858551
1,0.8873603362471144
0,0.0946037479655351
0,0.34581512767690115
1,0.6743883029233405
0,0.11821562769252274
0,0.14016127629285421
0,0.09697095375053967
0,0.2230366223694931
1,0.721689231632196
0,0.11656255754061254
1,0.7412177289046057
1,0.32977782549949464
0,0.2300020920825725
0,0.0852247366592335
0,0.2015220165648163
0,0.8446134280569076
0,0.37834994731354904
1,0.8883149264482479
0,0.17545134060348494
1,0.2769837635762271
0,0.08667792836365143
1,0.7709519948864674
0,0.16697174781472396
0,0.10269624336623126
1,0.8914541604024085
0,0.11452031306251731
0,0.0818927725234893
0,0.07826826265383298
0,0.09617937412539962
0,0.0946037479655351
0,0.07714005538992502
0,0.1047155094900888
0,0.07826826265383298
1,0.7486849437237493
0,0.17347310955977704
0,0.14384682239259203
0,0.11080294797171569
0,0.1655320213915855
1,0.8587945466653663
1,0.6381134048449302
0,0.09997861385542313
1,0.9245842973786229
1,0.6782764416910174
1,0.7805932548261763
1,0.10746317553442299
0,0.18213129997398894
1,0.220439640625074
1,0.491493817554587
0,0.12572905364958734
0,0.08455499119276999
0,0.07695445197749967
0,0.1278838114614021
0,0.09313011829600447
1,0.9146618141160408
1,0.5173173698996212
0,0.07695445197749967
0,0.2950499517072865
0,0.10462705641629186
1,0.8197408331507676
0,0.35117198122484183
0,0.21314857047012448
0,0.13504333718123393
0,0.13718136611465456
0,0.0761273478370039
0,0.07695445197749967
0,0.09078246462626703
0,0.15718756241593373
0,0.28293359479467495
0,0.10776628276887242
0,0.3518004176692855
0,0.14284752549918422
1,0.3958796161646358
0,0.13310229007916585
0,0.2017960707581973
1,0.1514062289584087
0,0.10013677335173833
0,0.319846629704853
0,0.16539390197998982
0,0.3125164215621373
1,0.14434920438132015
0,0.14740783031856092
0,0.593507435715052
1,0.9167755876670218
1,0.9320840963916126
1,0.19529245276922047
1,0.8361324547340593
0,0.19500325694129628
0,0.21154653823114855
1,0.7057609272203632
0,0.10011929256542364
0,0.2739375124268606
0,0.1639445012371719
0,0.14831203604739426
1,0.6365330829513483
0,0.097466953766274
0,0.14729958980573196
1,0.7848950806907732
0,0.24267016869726046
0,0.10814567620050566
1,0.7947360087298279
0,0.735043442519995
0,0.16314002929219645
1,0.5443205918176028
0,0.14479821614870972
0,0.13136322541918544
1,0.18420272239591326
0,0.10823358942537976
1,0.8434846145878667
1,0.689376455189701
1,0.9194549114869001
0,0.309222010614169
0,0.13373675719538392
0,0.11433222225196482
1,0.7475304257850681
0,0.08216089422799078
0,0.09657994111942607
1,0.4543204144442465
0,0.12410859474531269
0,0.13856038108199636
0,0.10890241130718928
0,0.13180462740828788
0,0.07855032409607947
0,0.09133584118432267
0,0.4234630272313063
0,0.1451537871995623
0,0.14129068531027725
0,0.10296574609834004
1,0.8275673808068142
0,0.17757118908587763
1,0.6770478568097462
0,0.11459131548756982
1,0.31183507646431535
0,0.0928546497671565
0,0.11990151347776878
1,0.3310644287456804
0,0.08452716165019969
1,0.4364657148071921
0,0.19797795113651373
1,0.42221752769073334
0,0.23291693529323496
1,0.8282739171472523
0,0.09078246462626703
0,0.0926048049814493
1,0.8557277322785446
1,0.18951177980750436
0,0.20474821140039648
1,0.9320840963916126
0,0.09836680335658109
1,0.10651649864098246
1,0.4795615349580927
0,0.16393965803365657
0,0.30436582521792566
0,0.3051662475794327
1,0.4414501582306863
0,0.09035769798478858
0,0.08383035654214414
1,0.7144759215070192
1,0.7015089015386565
0,0.21279708950794282
0,0.10674457548520239
0,0.10269624336623126
0,0.24871021430903203
0,0.09672749808450508
1,0.5771225094653212
1,0.8356353298317432
1,0.8167154279438651
0,0.12675973153775738
1,0.25717896090562936
1,0.22263805781617438
0,0.13790467951280272
0,0.13222927165540654
0,0.16978515639548822
0,0.16419380942960227
1,0.8769882706723395
0,0.24802571828532433
0,0.12774759457508358
1,0.9606789379186772
0,0.7449925572711511
1,0.7052900982875279
1,0.2883122712975964
1,0.8363926617870298
0,0.08137577947295531
1,0.21629950881746518
0,0.09293653437346065
1,0.9331290305967199
0,0.10011325856513913
0,0.12530704735030504
0,0.16890847353103283
1,0.14017309159740537
0,0.20241080181143567
0,0.7297240138711383
0,0.10088418096091663
0,0.7556445845567908
0,0.6482964521362848
0,0.10171743787852539
0,0.16040055490857533
0,0.12687530055727053
1,0.205707741596028
0,0.10450977649775878
0,0.36570180270343733
0,0.07695445197749967
0,0.140508145421385
0,0.09096400360682452
1,0.24558591408462155
0,0.2981907686644196
1,0.1385684780626672
0,0.15781661689087598
0,0.09351055688754742
0,0.09750635233147459
1,0.6754746625447255
0,0.09326265188723369
0,0.09664268703999757
1,0.5865298329126863
0,0.12885205120473256
0,0.18976084497876478
1,0.11891156902258158
0,0.11167616346057793
0,0.170148655146122
1,0.64484594968689
1,0.7588206908489248
0,0.09774350548450245
0,0.10606252170015196
0,0.6689992391458575
1,0.8282739171472523
0,0.14299278926910125
1,0.29669459807554743
0,0.2865416252100912
1,0.8914541604024085
0,0.096248657906381
0,0.09681393492550619
0,0.09235364744043545
0,0.1120760657699898
0,0.13047598266197105
0,0.1299909063114316
1,0.21068792246791146
0,0.3131021424529594
1,0.358260301009211
1,0.8116160125005867
1,0.8392181107375203
1,0.8216391728389982
0,0.10088535715181851
0,0.09075076349924029
0,0.09278964632449765
1,0.8385977301364201
1,0.786914022729765
0,0.16410585821700896
1,0.12027987495465904
1,0.12336811034640985
1,0.830249842023649
0,0.16260922756581406
0,0.10234069642919773
0,0.08380684572067137
0,0.1705464962964192
1,0.777878203744847
1,0.8082130566785757
0,0.08803378926634964
0,0.5487219843077561
0,0.10219191556334495
0,0.08632696166029942
0,0.11982538220199454
1,0.7048891210621328
0,0.12599309832167205
0,0.0823423013319078
1,0.1440249709359292
0,0.1761576953418302
1,0.43994784933252146
0,0.0827695877480545
0,0.19431059097740289
0,0.1258914287770559
0,0.10266241732771114
0,0.1361687845148466
0,0.09664782170536919
1,0.12440558837938835
1,0.8670453121949332
0,0.12341291027978235
1,0.8954049353078005
0,0.0933154658328091
0,0.152438302613132
0,0.09620349797635731
0,0.10242130400310177
0,0.12220991016739632
0,0.11045133187655036
0,0.11891156902258158
0,0.09213249961716044
1,0.9337628678084999
0,0.15732468785611256
1,0.7886676328140226
0,0.1368084983381176
0,0.19737123793613334
0,0.07380104261405303
1,0.8587945466653663
1,0.8266462375811734
0,0.21641534811048055
0,0.14644930978819048
0,0.10340781829502448
1,0.8274766993466086
0,0.09899867402516827
0,0.07826826265383298
0,0.12072115822188974
0,0.4172306046552092
1,0.09791244907433347
0,0.12086600900162933
0,0.9596583336990103
0,0.1664585371335437
0,0.2720497920292314
0,0.08455499119276999
1,0.7751676010647144
0,0.18756984526451528
1,0.5024357335875675
1,0.8143174509501657
0,0.07826826265383298
0,0.12127232813959056
1,0.8019631768289355
1,0.5081660008659445
0,0.1159011892481198
0,0.07695445197749967
0,0.219588275957991
0,0.11714955349183294
0,0.13246113823513034
1,0.9362516537304296
0,0.14936106600960364
0,0.13005408758494064
0,0.12401939687608847
1,0.5991092323284263
0,0.31268408290606603
0,0.13338062398446576
1,0.8434846145878667
0,0.08641459212027856
0,0.08542261478940125
1,0.6709635452380607
0,0.12601317185217012
1,0.6907093680261104
0,0.09843201376882116
0,0.08907105749448072
0,0.11463744106168788
1,0.6881536282639222
0,0.08190634945892558
0,0.3061493060553676
0,0.1296913258350491
0,0.13664814054056587
1,0.7156297378742436
0,0.13047598266197105
1,0.13909082612224438
0,0.2251045747361024
0,0.5226836459487837
0,0.11299091979015281
0,0.2804030011911747
0,0.23540589978164506
0,0.13624020553748328
0,0.08738493923587683
0,0.33899741735290145
1,0.873979488854086
1,0.8821983205138387
0,0.11321606913061813
0,0.1387619316857852
0,0.12027392535483643
1,0.09071622658332723
1,0.8349900494930945
0,0.09019251874552424
0,0.720954125834955
0,0.09078246462626703
1,0.2313325204194632
1,0.791988102846712
0,0.16205687267006239
1,0.1859486133185848
0,0.0759982608051805
1,0.7573208072862867
0,0.10588800655032038
0,0.07695445197749967
0,0.1123302921054161
0,0.721689231632196
1,0.09530226200156523
0,0.6812796378601067
1,0.5523912617334676
0,0.16513937302530796
0,0.3371953381007272
0,0.11544748607112244
1,0.6493208256393923
0,0.1199804453924273
0,0.48476599711243934
1,0.11547198467315212
0,0.14188557080361944
0,0.0960376102191246
1,0.9292348562000069
0,0.1715398954653761
0,0.13452493261796689
0,0.39162038015493067
0,0.08732200963329949
0,0.24347652438099504
0,0.1498863863811844
0,0.08803378926634964
1,0.18014927153905
1,0.18925676634427133
0,0.44757538944884623
1,0.8219748548706153
0,0.18976076248876114
0,0.11223410112577524
0,0.10014140141627487
0,0.10241472102878357
1,0.7377402274146454
0,0.16260922756581406
0,0.13834400568297725
0,0.10461881683111188
0,0.1844536144052813
1,0.9337628678084999
0,0.09078246462626703
0,0.11401084130733465
0,0.10646393870519207
0,0.19691610789339287
0,0.07670436131963619
0,0.7508908560968531
0,0.12282806463582337
1,0.7752147528531868
0,0.08456887067709419
0,0.10569688324562308
0,0.08004133211933598
0,0.15405829187062206
0,0.31480134697725853
0,0.14855948612684888
0,0.7074962290286896
0,0.10830773553374963
1,0.8090746560303513
0,0.1579999877133639
1,0.21558088954918675
1,0.18121381761163502
1,0.20641719475787867
0,0.14451928310637327
0,0.17346086682172004
0,0.10112879060746949
0,0.11756633574564279
0,0.11799368237784617
0,0.14921179520356587
1,0.5986436107969577
0,0.10382026718316215
1,0.14356142252355308
0,0.0814046462461425
0,0.0807742226742994
0,0.16460442986988702
0,0.09078246462626703
0,0.19566827777299847
1,0.8437680310352135
0,0.1061277306473154
0,0.10320403361067156
1,0.8016414991531556
1,0.7326093503498329
1,0.8163877190125699
0,0.09294994752133308
0,0.43589801273470885
1,0.94991377196438
1,0.7754130680888697
0,0.12978291814673426
1,0.6487690647755426
0,0.09193402534661418
1,0.8687626055735153
0,0.13932525366193815
0,0.1572044249636108
0,0.5883606574401181
0,0.10653198269525153
1,0.09290572731831519
0,0.2561281973227163
0,0.11196469444066848
0,0.09541351151711147
1,0.8138191043933828
1,0.49026791349861654
1,0.5196740713808712
0,0.10182641594356326
1,0.4466206566417443
0,0.08191074251557795
1,0.14042812137923183
0,0.11916921214169532
0,0.10131300892042197
0,0.08069542163815295
0,0.10698864468084467
0,0.1300535484593458
0,0.21318682318923413
1,0.7689308960129764
0,0.10088535715181851
0,0.07624747956579095
0,0.1073143662558833
0,0.09429315274503329
1,0.8914541604024085
0,0.11177061126588668
0,0.08688832525739004
0,0.1592136373317332
0,0.21662710924904152
0,0.2707328532457152
0,0.09609567068797432
0,0.07854534379365911
0,0.7972649041360114
0,0.13813383531187007
1,0.9245842973786229
0,0.15519711079788687
0,0.12698515637263955
1,0.8917340419675931
1,0.6139676977039208
1,0.7530740249185011
1,0.23480108411619025
1,0.35059514158353694
0,0.16950903419177074
0,0.09885812860246505
0,0.09519373844839507
0,0.12539246353797642
1,0.15567465282996426
1,0.17198278875970047
0,0.13521934570072536
0,0.07695445197749967
0,0.09191389434058646
1,0.9047569898597686
0,0.1279490624345541
1,0.9194549114869001
1,0.19131219836766522
0,0.10625499230201281
1,0.7446239926707341
0,0.2007414130566385
0,0.08327920198956888
1,0.831841743945699
0,0.11726995266285947
0,0.5644570104160647
1,0.7117491469841033
0,0.1183321603206487
0,0.6248838997519087
0,0.20263705964888964
1,0.7074962290286896
0,0.4643783204822146
0,0.20389950293285247
0,0.13340418453216743
0,0.1630168764261949
0,0.8350611749045765
0,0.47720440289892047
1,0.4452599193411228
0,0.1780948252038683
0,0.10928346652590407
0,0.11466152975579486
0,0.09521203382104149
0,0.5302896187642865
0,0.35333593955909476
0,0.12210158121590976
0,0.0829018457950217
0,0.1300228893190137
1,0.439385583989881
1,0.3781264198380253
0,0.10529990882781634
1,0.6792574384842758
0,0.07695445197749967
1,0.7079892591735856
0,0.0977502764313378
1,0.17611851599019057
1,0.6165214500006932
0,0.10597359485298247
0,0.14885492859121055
1,0.258314095269275
1,0.1870868272667938
1,0.8174199919243251
0,0.13550234763276794
0,0.103215007453941
0,0.19904231335185513
1,0.797919797971288
0,0.13006834035028872
1,0.7767074168843459
0,0.10982774680370246
1,0.7318725319469086
1,0.2079316145701221
1,0.878272440075885
0,0.0761273478370039
1,0.8079392729659524
1,0.19516551966867243
1,0.10772408238984427
0,0.10922699649059663
0,0.20059393741842269
1,0.42817195242765144
0,0.0929316396643341
0,0.5920811040773039
1,0.9023698227448947
1,0.20784977911060626
0,0.09705370839061402
0,0.11347194008142103
0,0.1601012774587515
1,0.6708627153341766
1,0.7913379264452602
1,0.812747005579225
0,0.20387662054609193
0,0.14482961863337526
1,0.8414664263339494
0,0.10562143403045383
1,0.7771760558647992
0,0.23564273110314365
0,0.07695445197749967
0,0.0992077434522762
0,0.22678618647937918
0,0.1379201135740846
0,0.2139203131322747
0,0.10420203040999768
1,0.10875816278791187
0,0.20104944894735696
0,0.16248416810922928
0,0.10604524323010966
0,0.124951938073875
0,0.14241994888626341
1,0.17941656183468824
0,0.12945870878381274
1,0.2545555876455475
0,0.09979000787947523
0,0.133166285854748
0,0.07695445197749967
0,0.09899867402516827
1,0.13696514537604118
1,0.721689231632196
0,0.1201290482310048
1,0.9303875949759087
1,0.7727087112493899
0,0.1127206518095616
1,0.7544386512605257
0,0.6875623784044709
0,0.6918172990853725
1,0.1252497541542897
0,0.09205424608860617
0,0.12078821586835489
0,0.7405751831669888
0,0.11723359384427312
0,0.16260922756581406
0,0.7482553805611375
0,0.6251115443040929
0,0.1491294348283456
0,0.14947507720242573
0,0.08110276784753141
1,0.10373349129015982
1,0.8392181107375203
0,0.09020481504312636
0,0.11669061575347543
0,0.5424383325964941
0,0.16158904316326353
0,0.10088535715181851
0,0.17669875537136898
1,0.6306220342094799
1,0.08705175708567839
0,0.09727711258704516
0,0.08376231771246238
0,0.08853262963342569
0,0.07766986113774917
1,0.7615070498693812
0,0.15716383755156774
0,0.09583523697937821
1,0.08803378926634964
0,0.08566825976614406
0,0.1272278195454991
0,0.11998128584563375
0,0.1934130837779109
0,0.18263311450363942
0,0.11567252050506467
1,0.10381139426589148
1,0.750572588537797
0,0.7234478812191405
1,0.693925614988405
0,0.19315940816838795
0,0.25476684655997195
0,0.2452899810576304
0,0.09325466675239531
1,0.43542442187543623
1,0.7314484394654849
0,0.09116527577109164
0,0.11762000281373913
1,0.08440745186473261
1,0.7966461836789972
0,0.09589688372194155
0,0.08566825976614406
1,0.8830362187745533
0,0.09922727145572009
0,0.15046899170125752
0,0.22444449282302417
0,0.41142656474157396
1,0.4231931197640834
0,0.09078246462626703
0,0.16298869049006068
0,0.4695237648619379
0,0.09019823127151741
0,0.1192174328059784
0,0.09479050536292287
1,0.1047155094900888
1,0.8294802280775295
0,0.11384070495642656
1,0.7283541564438059
0,0.10743742106523857
0,0.1270323415767424
0,0.07695445197749967
1,0.7236605250182588
0,0.09899867402516827
0,0.10061125145364169
0,0.15032228302013229
0,0.14188557080361944
0,0.12408407701367195
1,0.4297461568141029
0,0.07695445197749967
1,0.3714914788744937
0,0.13060086383661038
1,0.8331395144324126
1,0.451272656872494
1,0.18998611325630516
0,0.09924072847259599
0,0.10843683197795503
0,0.07536230054514367
0,0.14451764442096934
0,0.09848297005505824
0,0.12171743777889087
0,0.13882056822902625
0,0.1984967469034026
1,0.10820987026581155
0,0.0761273478370039
0,0.12228098790943373
0,0.23510818079133092
0,0.14783713844962007
1,0.6914721409821728
1,0.8114089912806504
0,0.0827695877480545
0,0.10372825331301283
1,0.8408632224009864
0,0.1987634946347179
0,0.11861861227602155
0,0.14964112729652954
0,0.10890558142978059
0,0.12569151126549816
0,0.09899867402516827
0,0.7902888265270506
1,0.7816855613079186
1,0.7797225072202039
0,0.1320456803105598
0,0.15083377653766877
1,0.7114049875646367
0,0.08236412005494516
0,0.07896032833115173
0,0.10369481154991078
0,0.07695445197749967
1,0.2671147781044065
0,0.12388630688360623
0,0.15270286951701348
0,0.5196750829225105
1,0.2944191882924802
0,0.10767765664333552
0,0.6821605603576976
1,0.7201232396907292
0,0.10424631857268804
0,0.08803378926634964
0,0.08137577947295531
0,0.1323493496617606
0,0.11655842036196482
0,0.08594638403196815
0,0.11196469444066848
0,0.339481962382982
1,0.1184393814985265
0,0.10478834128868299
0,0.09707525658881565
0,0.8824487509228349
1,0.8948519330642318
0,0.0828257987262198
0,0.11394939416006009
1,0.1884934236416226
0,0.169560571705126
1,0.543431176897916
1,0.4239052179679661
0,0.11651951477423333
0,0.10247277643311191
1,0.8491318470960915
0,0.08069542163815295
0,0.13670575180346345
1,0.2954472601578684
1,0.11733303654821137
0,0.12591580757593768
0,0.11984166878160601
1,0.6247939292156862
1,0.18100745760194664
0,0.08487379536150812
0,0.09050077200975877
0,0.08137577947295531
0,0.10457359121999252
0,0.16057491858988798
0,0.12838765860903795
0,0.09846134038255845
1,0.7142988727730107
0,0.09899867402516827
1,0.09794126818740966
0,0.7273139694875669
1,0.4742427569883155
0,0.6969548828128883
0,0.19797795113651373
0,0.18050102363169493
0,0.07695445197749967
1,0.4493197835293945
0,0.16838687872842542
0,0.6261425184306896
0,0.14572722371646074
0,0.33339836826115155
0,0.7436271819067879
0,0.1698958737997806
1,0.7255811726742953
0,0.09519373844839507
0,0.09370681060215559
0,0.11581350807235419
1,0.9156865787569828
1,0.30556018497261334
0,0.12910216376253014
1,0.42221752769073334
0,0.08513208274878763
1,0.46769147749306045
0,0.10924073957298439
0,0.08822921644835811
0,0.13483463251754557
0,0.1553671576528402
0,0.0908362065633592
1,0.884117218830206
0,0.21996602295133838
0,0.07695445197749967
1,0.48935794807430666
1,0.8639819351595949
0,0.08926957221359515
0,0.14117048166902507
0,0.10715143507327801
1,0.8624804396033582
0,0.15943065348801416
1,0.5564226745718996
0,0.09242689077243568
1,0.12011110177354366
1,0.1679221047202738
0,0.08286094818786169
0,0.09691538437666913
1,0.5782280268719526
0,0.0851451763392649
0,0.11720580180490335
1,0.8246796050372477
0,0.16035317724077686
1,0.11808446488208582
0,0.10162047366690408
0,0.12271029810357416
0,0.14271262854149572
1,0.7119599823797358
0,0.09708856456747013
0,0.09019251874552424
0,0.11038895125434982
0,0.0761273478370039
0,0.12675973153775738
0,0.12994014796091088
1,0.8590016758191903
0,0.13225848981306762
0,0.10494364009183905
1,0.8286298107164469
0,0.09899867402516827
0,0.0814338681303241
0,0.3988129468119845
0,0.10113188436727988
0,0.12141510723235707
0,0.2914596621698027
0,0.19218748433104496
0,0.2085793427178632
0,0.10055106010772864
0,0.22930380894917388
0,0.12045027618170205
0,0.23646303317648182
0,0.13091956439331465
1,0.6224476350244498
1,0.398321916232299
0,0.12478088971201592
1,0.1579797908972221
0,0.08442440486701842
0,0.07419245357008937
1,0.376538412823842
1,0.9292348562000069
0,0.2015105479368982
0,0.12240131766101602
0,0.11547247664479186
1,0.20000771493830777
0,0.09464972286321952
0,0.0842614191646769
0,0.12896445364758305
0,0.09884863958618668
0,0.1435033975002945
0,0.10983613234399747
0,0.12037215208154677
0,0.8254866331176267
1,0.6039758186145139
0,0.24058918300788612
1,0.7996753515858669
1,0.1343354312562432
0,0.10034927556348942
1,0.9430133778707614
1,0.7440395596173753
0,0.13476662780637844
1,0.1326366108640931
0,0.21838827639798955
1,0.17495435532287962
1,0.36305039260952765
0,0.11426757250717505
0,0.12280983922733738
1,0.6890504679371061
1,0.2398766794079217
1,0.7923484028548424
0,0.19046849170984506
0,0.09706214135372235
0,0.15858236654854413
0,0.08069542163815295
0,0.10040761200461278
0,0.07695445197749967
0,0.10095224454434733
1,0.8929870999278904
0,0.1481911732163093
0,0.12473825178553233
0,0.10986312423683978
0,0.2795610151134269
0,0.7813584414935608
1,0.8522736438383379
0,0.11056083691931683
0,0.07695445197749967
0,0.09622590912291148
1,0.5049503899807795
0,0.08720668512585387
0,0.13884727443821943
0,0.08838783799707228
0,0.17599434558575777
1,0.43650391606806477
0,0.17971089736745105
1,0.2724450393305948
0,0.09070755521332695
0,0.07975991080551059
0,0.12352441320512147
0,0.24006248368831645
0,0.07695445197749967
0,0.11768750280204116
1,0.9245842973786229
0,0.09464972286321952
0,0.07695445197749967
0,0.0989672609571379
0,0.10175136144920564
0,0.25579995693576857
0,0.1870868272667938
0,0.08424560456805805
1,0.7726336112577961
0,0.15581084556193958
1,0.520200417377506
0,0.1582735336614815
0,0.08762753816200866
0,0.07826826265383298
0,0.0987822975882358
0,0.08787946723670156
0,0.10513166133536381
0,0.14535082192844823
1,0.7074962290286896
0,0.17194392168546813
1,0.6110815944454321
0,0.11512826771357546
0,0.11995845699339765
0,0.11992348424023781
0,0.21544978644688006
0,0.08027247607847753
0,0.19635572021963954
0,0.4186249159266301
0,0.7502350077576744
0,0.07302696884121465
1,0.4387541984385984
0,0.09755910749817173
0,0.2917513981250494
0,0.09926518006437011
0,0.08713813671740253
0,0.10713778597604923
0,0.11969906152203222
1,0.5986436107969577
0,0.07695445197749967
0,0.6915695242683215
0,0.8143174509501657
0,0.09637459557956973
0,0.27361615024431996
1,0.8154417611487459
1,0.3942380626978513
1,0.1752898818262047
0,0.15267500317743524
0,0.10761760332470006
0,0.11358599658972776
0,0.08030335395262957
0,0.11849337717508437
0,0.11304242865946393
0,0.08004133211933598
0,0.08038034256105327
0,0.43585636611084355
0,0.0886438011141055
0,0.4733050933410947
0,0.08261328827187041
1,0.706928508182678
0,0.08192453939428548
0,0.12233460177109409
0,0.20089677383306564
0,0.0759724197968284
0,0.10716698175834605
0,0.09475173273127624
0,0.5437141571336562
0,0.0937050434590555
0,0.11288204558926236
0,0.10823716934247252
1,0.2202515367652934
0,0.07695445197749967
0,0.5657856197437623
0,0.10628802087858004
0,0.10265554528887326
0,0.1792113120209383
1,0.8819249819992293
1,0.8731108773479958
0,0.09144253190546087
0,0.21355324279950486
0,0.4071846229761418
0,0.08838783799707228
1,0.6935035182501776
0,0.09788587663625849
0,0.5446633675562597
0,0.13295427227012385
0,0.16305235093468762
0,0.09610210928578233
1,0.8771152370212453
0,0.18868886899291915
1,0.19541643879824958
0,0.12191376769898564
1,0.674843803408805
0,0.09899867402516827
0,0.13305285795508603
0,0.08282603175325731
0,0.5622169220040446
1,0.819410129768685
0,0.10405995350727944
0,0.16484208830712935
0,0.11486700679038249
0,0.6254926525496938
0,0.11501971460989749
1,0.5906507010481824
0,0.14740783031856092
1,0.19348374089597198
0,0.4959924143465752
1,0.6056858222432213
0,0.09645554046401085
0,0.18138503962398506
0,0.08566825976614406
0,0.09794618059580726
0,0.07119948674775936
0,0.10315743386213334
0,0.12135869171698914
0,0.08367253003603008
1,0.4019081804456095
0,0.09593669677771999
0,0.09176334202910086
0,0.16688364443204698
0,0.11854612808047786
0,0.13792003280603354
0,0.09559140427028044
0,0.5433198278074639
1,0.08578740366255662
0,0.10364392346816327
0,0.6550453085182459
0,0.819410129768685
0,0.44235232760714976
0,0.11408845797517606
0,0.09331782852664232
0,0.12621863593250937
0,0.07119948674775936
0,0.11347194008142103
1,0.1960132175038146
0,0.11421838965791117
0,0.38875029973243386
0,0.09992752835737573
0,0.1389625077500035
0,0.08935895009588776
0,0.0761273478370039
0,0.11378074098817587
0,0.09499894588093744
0,0.13882056822902625
0,0.07695445197749967
0,0.08801203811905897
0,0.15564561377813405
0,0.11517192049244483
1,0.8489328228438062
0,0.10830047126988408
0,0.1060041798566985
0,0.2358772042303677
1,0.5846404636370381
0,0.08039761859915141
1,0.6715709152477705
1,0.6543967997592822
0,0.196054348740848
1,0.23160882285809284
0,0.15124652989589787
1,0.4403974300336812
0,0.10704376586590111
0,0.18368559897203404
1,0.1903647438917654
0,0.12193414769292889
0,0.13962614309429058
0,0.09042042387434696
0,0.11095547555421373
0,0.1320845817674122
0,0.09220874311777237
0,0.180447279450826
0,0.08532967949207411
0,0.2176937727607526
0,0.1336406387604645
0,0.08069542163815295
1,0.4279751864135745
0,0.11401084130733465
1,0.8112228949230004
0,0.1298908471415162
0,0.6534834271215407
0,0.13949264621560556
1,0.9284460116844249
0,0.8823861589036447
1,0.16388821433736994
0,0.14299278926910125
0,0.10451514604184377
0,0.13388975150665633
0,0.08548740666425751
0,0.18662328114508506
0,0.1408253456601007
1,0.1698987681049692
0,0.09876876022994624
0,0.15729563317114414
0,0.1651316966287163
0,0.10839723817202758
0,0.25825295224051653
0,0.22930267343886926
0,0.11336327972508817
0,0.107803713444818
0,0.09343585634655502
0,0.13427134110106848
1,0.2972540591247761
1,0.12993392439823442
