target,prediction
0,0.02624310291671801
0,0.4204951748864425
0,0.12127216621261905
0,0.024989260349560078
0,0.025750023650712356
0,0.30026544199663247
1,0.09147884791129564
0,0.5848107353978342
0,0.10903970520128685
0,0.03981708473981248
1,0.855658573914821
0,0.017465874959558633
1,0.08260088088829018
0,0.3431214940637137
0,0.11121328499300177
0,0.20052122840560924
0,0.01751700845848126
0,0.06784719750750645
1,0.922229527256841
1,0.9234388395316091
0,0.0789699055082676
0,0.016990023430166288
1,0.2348490740883015
1,0.9442466228942138
1,0.7956975361207738
0,0.9324021192417954
1,0.322535524822872
0,0.06353130114065127
1,0.6637391250892221
0,0.014873061459929374
0,0.06229226435929464
0,0.010284298568768781
0,0.021727198145873552
0,0.14289349152821995
0,0.08902275064312903
0,0.47146436548135773
0,0.029219329831108497
0,0.10921910872460991
1,0.8037571394475367
1,0.5440270612129553
0,0.2809425928350481
0,0.5362292259735647
1,0.8862595552613236
0,0.18124401108392282
0,0.13934373735272076
1,0.47694673073323735
0,0.09083427248938995
0,0.028957728237282928
1,0.9004499441966023
0,0.19749396078471168
0,0.010557390733968629
0,0.10607955191419655
0,0.00841600182899549
1,0.2787836575851223
0,0.04580668674684774
0,0.014976501453028028
1,0.7663954920896514
0,0.14584068994411245
1,0.7505506327409254
0,0.046744613895464214
0,0.041278122798890475
1,0.3235251826578117
0,0.21727651187451702
0,0.2426712721027757
1,0.3112269602294464
0,0.030939265170777257
1,0.5666311580405479
0,0.27301012277015974
1,0.4067027283718242
1,0.8318177167841653
1,0.8411438826094071
1,0.20319239619689045
0,0.0292723735061713
1,0.7217797810843964
0,0.07054487623920372
0,0.11456953175507124
1,0.9880218334472735
0,0.06186961313763478
0,0.05155862719264329
1,0.9050283999873121
1,0.39506026838092173
0,0.013231981497499181
0,0.08751341722650079
0,0.30346417396382763
0,0.41658325760843534
0,0.0426870593060869
0,0.023535659453271483
0,0.07884174625640887
0,0.825947433519338
1,0.9725346910390925
1,0.8742567908981542
0,0.026164008840166376
1,0.8102438829716385
0,0.012874675749619851
0,0.018143655998969357
0,0.2506302387910241
0,0.16448096174524682
0,0.3492880278290296
1,0.7762196343851334
1,0.7869331987334506
1,0.8500977246559588
0,0.039293521998728605
0,0.08637789895668548
1,0.8692779736782802
0,0.023037667655843534
1,0.5108305784293015
1,0.9522658662883517
0,0.009108101495380574
1,0.4397685791085224
0,0.3297929533281062
1,0.8991923730735258
0,0.2836108926457843
1,0.631780812594154
1,0.9451599620708264
1,0.8265986679839674
0,0.023324268267789112
0,0.028357815612038532
0,0.23277017408661624
1,0.6958148907633971
1,0.8623880916586121
1,0.1919202240899793
1,0.7664675593692952
0,0.029926578135536033
0,0.03185514131342512
0,0.023652849614865846
1,0.9670424249966164
0,0.019146666414627082
1,0.2553700380633028
0,0.02377772498137107
0,0.02289408685366939
0,0.3509052050264082
0,0.03584693395518132
0,0.44733055869691973
1,0.871851802445142
0,0.06678197889920147
1,0.6713530974604288
1,0.8701315776797417
0,0.09044986293949435
0,0.03957600871830991
0,0.40154886685478264
0,0.0739587726725163
0,0.3250354629347261
0,0.08562728530205822
0,0.015063898005965337
1,0.7407091846743934
0,0.05426251469363884
0,0.109116859531083
0,0.009295059887213573
0,0.013144932800011921
0,0.349711527152044
0,0.05003821536358822
0,0.2005248732098473
1,0.2313856417746082
1,0.6945649941782456
0,0.04964812623154692
0,0.03659583382328569
0,0.4852505068368542
0,0.028807597605759603
1,0.5547229352655964
0,0.026884946555992193
1,0.6807896686166435
0,0.048363751891049286
0,0.011721435837428707
0,0.1094955379069583
0,0.7854506846654624
1,0.13270516934648843
0,0.1262783801282563
0,0.08347824750450356
0,0.01748714525020489
0,0.2844410268983573
1,0.9082680552352437
1,0.42892647332242406
0,0.025641278149054928
0,0.018895515751404846
1,0.8337985704577808
1,0.39214489257550805
0,0.423585242258786
0,0.050905308498135224
0,0.017271665019693065
0,0.3566086706584192
1,0.7617430224357185
1,0.7229883459395662
1,0.955659756816168
1,0.9667745041338643
0,0.013452761128340724
1,0.9514840519809644
0,0.031851188833886136
0,0.05007745666879664
1,0.8209108101892053
0,0.09378972376044498
1,0.7865906815929281
1,0.15415306801851225
0,0.05723798880064118
0,0.21469832330332633
0,0.03167586061995622
1,0.7844065158776496
0,0.2626626816457836
1,0.4001127238670184
1,0.842705496566398
1,0.826352382529144
0,0.20459061738743786
0,0.061321025578552325
0,0.017033653227983163
0,0.10849598445259256
1,0.7568761625788816
0,0.29737284847631484
0,0.08321669446919372
0,0.016579411048043616
1,0.2577609984191982
0,0.033957751698642555
0,0.10509067440996307
1,0.27048994344199345
0,0.025312562862826717
0,0.165214869694696
0,0.011062918025253889
1,0.42467625546972104
0,0.7356253825989539
0,0.012194057586244091
0,0.6059393146204736
1,0.7639860322474513
0,0.03130929765006977
1,0.019582978893539438
0,0.012389708053170407
0,0.03761409701534412
1,0.7842483774687647
0,0.23240130690953079
1,0.7969862365525462
0,0.0781684623797871
1,0.9227426189402991
1,0.2332355050386252
1,0.9049150780665982
0,0.03698477202225464
0,0.0264922105321846
1,0.19175260763714994
0,0.06072922123098843
1,0.8907486062077676
0,0.15397558797603972
0,0.023710124651306636
1,0.710469259668862
0,0.5826881953385361
0,0.026328443104582065
1,0.8206628697912768
0,0.016503395876706465
0,0.12474932294097373
0,0.15658734336480198
0,0.00569333087223367
0,0.40570962504417996
0,0.008195751795728195
1,0.9264880353049808
0,0.022820784452453773
1,0.5205492323859732
0,0.3204878036687422
1,0.8655061890242497
1,0.9839819507785802
1,0.5297942494768015
1,0.7258053344086072
0,0.5677962676336206
0,0.012354304954143523
0,0.644954953876428
0,0.02299201417518203
0,0.6952203300802952
0,0.1343358811691082
1,0.6148490897294941
0,0.05595930347059264
1,0.7168041657296832
0,0.0046805127612225515
0,0.003685149114376522
0,0.7237025431139172
0,0.03822951840358129
1,0.45356774013442436
0,0.042770084394644706
1,0.7926129948907545
1,0.8750913843413525
0,0.06741632249966824
0,0.02027042472551353
1,0.7583970422123184
1,0.8183857188713863
0,0.5351581885909571
1,0.8482196858190152
1,0.9367639977432194
0,0.02677199708024499
1,0.6650362197846813
0,0.004725233452113752
1,0.6324411945762866
0,0.022795496689699067
0,0.02813268085269622
0,0.343351566570913
0,0.16363224796307885
0,0.048892073870273736
1,0.8092819565765662
0,0.12631115025910974
0,0.059761253256508516
0,0.33586565233263305
0,0.5672066892933678
1,0.8936736341591515
0,0.003246677889502234
1,0.9611614446905312
1,0.9662973917265115
1,0.8629561279687297
1,0.9604397568485751
0,0.4105581367103599
0,0.051875657701063706
0,0.014364810315374149
0,0.5761014347749525
1,0.8323642009904934
0,0.10612900679009833
1,0.7071565042710629
1,0.06794074967212871
0,0.034399208565362126
1,0.912572835157374
0,0.0600231083180521
1,0.8951417344808908
0,0.011557278730396015
0,0.00766124286831515
0,0.05555927563987309
0,0.054273039337928326
0,0.432878129037817
0,0.14587082816531632
0,0.07587728189514632
0,0.043758984907801564
0,0.08490277269944901
0,0.07384978153217842
0,0.028747107466980035
0,0.0210204175352559
0,0.4073599691056518
1,0.8722101514917975
0,0.006820361893386462
1,0.8184236034695641
0,0.014401468904212057
0,0.011832827153798383
1,0.6792793313673146
0,0.6554967217474191
0,0.036441973219368456
0,0.01281912190777627
0,0.37518288495784824
0,0.06563354818489399
1,0.5521566363692851
1,0.6147040444464448
0,0.3371877553270023
1,0.9028149055153358
1,0.21225497207262062
1,0.9500511177849278
0,0.021252819036488603
0,0.02363972687745768
1,0.7826373368598364
0,0.02022420133635603
0,0.6646441612391977
0,0.4623857625397829
1,0.7249036370030905
0,0.032394478408051375
0,0.006789832603069619
0,0.08156247743538736
1,0.31217344929803936
0,0.02120988094001168
0,0.1699229569223557
0,0.28205209888033633
0,0.16536674551408997
0,0.10105531868360952
0,0.9221533994783578
1,0.4376437463534184
0,0.1925002456877761
1,0.9620942152270582
0,0.0071678073361828845
1,0.29449038226550606
1,0.7820284297771533
1,0.9675971914700843
1,0.8843052817229736
0,0.28554696546907676
0,0.022607197337601238
0,0.19579557457055266
0,0.06058312024252961
1,0.9094904805955282
1,0.37392361588527245
1,0.3967125534770917
1,0.9211372392489281
0,0.3173412382176231
0,0.798955485597879
1,0.6935769878448753
0,0.2685614514553393
1,0.3897914871492475
0,0.060784393939832045
0,0.035736720298819184
0,0.032793246867145326
1,0.7243744545517614
0,0.1252322760575915
0,0.021740443045578907
0,0.08929888097333367
1,0.9444704657596523
0,0.03199145929231754
1,0.8131354604092307
0,0.006705169915363812
1,0.7430941330805946
1,0.978919286643848
1,0.6477690320648818
0,0.012947336551045427
0,0.2044158366816974
0,0.5999065419998492
0,0.05759624603838184
0,0.15715160978302864
0,0.17829211537786938
1,0.8506760777529059
0,0.06391942901636036
0,0.3554440086319771
0,0.34996209226899083
0,0.03573606525912061
0,0.30630673915158374
0,0.14536883696540717
0,0.8622238969589173
0,0.48095731623898735
1,0.831767406123637
1,0.06877203481342524
0,0.40011462463617237
1,0.7929715703056257
0,0.04953849614715114
1,0.9484304774674841
0,0.035212230402725406
1,0.6848705766039178
0,0.024074908962259733
0,0.2995077613521867
0,0.3575878812866946
0,0.198702316111638
0,0.2779230794900316
0,0.02334663063838386
1,0.8322239317297979
0,0.009447534497650017
1,0.9389639134223602
1,0.8548673046624857
1,0.6724815992052303
0,0.932182131769702
0,0.005693660383086601
0,0.13603174021851877
0,0.034775642541938
0,0.015047862603148086
0,0.006333557350598616
1,0.9759408152560495
0,0.12175101638876754
0,0.013637303998589811
1,0.479411888223677
1,0.9143631874739239
0,0.42984326350977736
0,0.22712631492588914
1,0.2968314995329506
0,0.06852825971806877
0,0.37195976878409914
0,0.08408771129752955
1,0.9323114272057457
0,0.03841848869644929
0,0.0901097152133436
1,0.8000378725663478
1,0.11775452291399953
0,0.05418429314086538
0,0.5395180853601218
0,0.007091725812111345
1,0.8221882278229471
1,0.7541520885958192
0,0.40570962504417996
0,0.03444213038908939
1,0.36951960794063704
0,0.009850340555033879
0,0.051543860955782415
0,0.07154720021629044
0,0.02151417851427158
0,0.16951949347701212
1,0.6522385698152802
0,0.3983303875683667
0,0.2195560577133372
0,0.5527924238473375
0,0.16387094509152716
0,0.14675297306857427
0,0.9517585572567875
0,0.09170939335739055
0,0.7225500895392016
0,0.05451699513675229
0,0.4856264167368572
0,0.0038075295310004554
1,0.11684614741758137
0,0.06123196164893667
0,0.06497211625642793
0,0.38588466730047266
1,0.947907069104652
0,0.005175655224297524
1,0.1950578508370863
0,0.05687067183927924
1,0.8552796776297632
0,0.02064536920431822
1,0.9122933118717349
1,0.7072918522627368
1,0.7643777976831655
1,0.24642877108417074
0,0.132459321788296
0,0.045953936286172364
0,0.06583475326759831
0,0.013206486120511151
0,0.22582385662876917
0,0.0023685257359419283
1,0.884904899259735
1,0.5270867097082411
0,0.01354981445548079
0,0.02975008416807878
0,0.3410204584509698
0,0.025826240469115632
1,0.6639881688194847
0,0.17370477289204675
0,0.09767459776724986
0,0.12309328663814961
0,0.015138912045999108
0,0.018596645460660626
0,0.4043504571529562
1,0.5724330676592001
1,0.46801144680419504
0,0.09074309445585708
0,0.05518005366290696
1,0.7595037541436722
0,0.1907175077588043
0,0.028280924031807556
1,0.5528015012467578
1,0.3055607517425089
0,0.014093169743087828
0,0.2819385571444396
0,0.07614278113430746
0,0.224269414041041
0,0.5612410568769026
0,0.15407410324944693
1,0.4330960654681466
0,0.23551119462374492
1,0.7636383822819528
0,0.009668550920582964
0,0.15975544648149123
1,0.3352245492314951
0,0.009917884780194133
0,0.043680578381843756
1,0.1569025547960313
1,0.9390574711652284
0,0.02931617091169819
0,0.2686297860423589
0,0.039075600576088616
1,0.9345607993427136
0,0.014227657815080496
0,0.2810416923578172
0,0.020682079515282094
1,0.5496282672698833
0,0.9109663489462478
0,0.08697234896406933
0,0.014509363758514027
1,0.9427486365368779
0,0.05273710426902469
0,0.47681931616422984
0,0.01330051339285555
1,0.450991428190261
1,0.7283175552356851
1,0.6516341509435046
1,0.3906378935802544
0,0.006882174272364718
0,0.03838980678407305
1,0.9432237864599845
1,0.9169342007764224
1,0.9412160751418801
1,0.25273741793854343
0,0.8505932117935266
0,0.15777226865330118
0,0.20879559289191976
0,0.042433148615753306
0,0.041975045406351295
0,0.14072152523437628
1,0.6855790212766951
0,0.01359462625043833
1,0.9272828858145196
1,0.7492005430350487
0,0.475177120835397
0,0.014345140715299801
0,0.03608596126984167
0,0.7481566230155383
1,0.8434714443114384
0,0.013536209527180543
0,0.1511525481152837
1,0.5211811569834063
1,0.845571141197107
0,0.022362885021739765
0,0.35358091283970156
0,0.02019158697332393
0,0.08126423505322648
1,0.889239587187034
1,0.6953373426505562
1,0.3534943206197955
1,0.9122694410085941
0,0.10098118434500605
0,0.06948174753768979
0,0.056671595640935206
0,0.8709000394677874
1,0.3401728711144555
0,0.026182358270136027
1,0.827222034860934
0,0.33412170588534884
0,0.020825096648507242
1,0.6197196139611617
0,0.026687452807320593
0,0.015305770561397996
0,0.12003996834085
0,0.06891766865985999
0,0.14217037888932674
0,0.011235468761775167
0,0.06438124168403793
1,0.4727606952883689
1,0.30401123589295903
1,0.1050333685962568
0,0.031229552243363417
0,0.6613160816738907
1,0.5570437914155942
1,0.05112138187032036
0,0.015646123697766155
1,0.8793670287104965
0,0.24902571522139483
0,0.23767853956438445
0,0.009381874340726815
1,0.1854577094660985
0,0.29858022593912964
0,0.010430583293769374
0,0.21396353850729224
1,0.9538620814947192
1,0.9143890437652725
0,0.3827694807737509
1,0.8027728772322266
0,0.002399739138589241
0,0.44703270912594073
0,0.4688474666204996
0,0.18497272399692374
0,0.12540965959036293
0,0.8572181106488852
0,0.44322576766393246
0,0.18511625688765357
0,0.053511060720016636
1,0.4102241587911066
0,0.006764765938512056
0,0.0819994029980121
0,0.06891010910283259
1,0.9411536952350413
0,0.5751693271580984
0,0.04309398023777562
1,0.817709276795973
0,0.1189799127590456
0,0.10572784592143175
1,0.8525944733528477
0,0.012869009469479054
1,0.612594165287354
0,0.18752724534461587
0,0.19800183689328754
0,0.04278239587823377
1,0.045373926984090526
1,0.9465279011364404
0,0.12427858651334206
1,0.8495335006546172
1,0.7458881438425469
0,0.0657075704918913
0,0.053354044517872616
0,0.22480908612829986
0,0.8738227551462054
1,0.18614944136221812
1,0.9249617988731191
0,0.08972530905561203
0,0.1733720772176282
0,0.017194753312240782
0,0.09346035228272957
0,0.03470085859541561
0,0.5349490883346238
0,0.6279178453669425
0,0.014307583788095685
1,0.8105123335550163
0,0.18210478759909363
1,0.9167527876532755
0,0.004234695255832971
1,0.9687393750007605
0,0.022195105689405463
0,0.008333978790520434
1,0.926012125358167
0,0.01786350542391765
1,0.8628907125143602
0,0.8533738784602533
1,0.9512148685806023
1,0.9037169091483334
1,0.7941966613195889
0,0.05863553414178426
1,0.10617422846667086
1,0.888772680478517
0,0.003678509270512867
0,0.26248696258033993
0,0.0704019701626824
0,0.0019587090530469344
1,0.9112148115182713
0,0.007902618100164677
1,0.18736995677719265
0,0.29785029103262933
1,0.8029480883387411
0,0.013732406319514633
0,0.1017968803012608
1,0.44263036475883843
0,0.1206608098701918
0,0.11788095252228002
0,0.02113369717554579
0,0.01909074308751732
0,0.1789803744749712
0,0.1823806267309083
0,0.07962320752420257
1,0.267689536063655
0,0.012440846303733419
0,0.7019673916233153
0,0.026825396405348367
0,0.013003045692243871
1,0.43058839807604987
1,0.8591503425427875
0,0.08463733301682701
0,0.09230282299801688
1,0.46456641712201613
0,0.003857949278729463
0,0.057034688951124964
1,0.6754793883067397
1,0.8090155921038569
1,0.7118056109682684
0,0.24731149562735405
0,0.6784067492897826
1,0.7193815411308773
0,0.137854674913073
1,0.3291242759209769
0,0.11576831733542896
0,0.07872438013472795
0,0.02492034729661184
0,0.1836287310837076
0,0.11980855399441731
1,0.13090012961966352
0,0.0373442168641754
0,0.10280424025740396
0,0.25494996084565247
1,0.9344212997753258
0,0.0522787351081914
1,0.7391728596347309
0,0.07517934590968688
0,0.5389337879562738
0,0.05277179007580283
0,0.17833343506003685
0,0.0642478400421053
1,0.2273885358878435
1,0.8192955544564859
0,0.023704876840872267
0,0.035287608300259954
1,0.6191927051087592
0,0.7912839989751096
1,0.9376033792053382
0,0.28840993088367367
0,0.009488244083132367
0,0.22894373909374907
0,0.08178851188356895
1,0.07056397419308692
0,0.04690566726962864
0,0.4594515579985819
1,0.30255700304012895
0,0.6028048551433111
0,0.060620809032583496
0,0.47847479734075776
1,0.9133353172562788
0,0.00813105739463323
0,0.8899728983609476
0,0.010343889138871246
0,0.023383477530863242
0,0.05015486971376858
0,0.0555523976456922
0,0.03198211546523259
0,0.07511234426193814
1,0.7625361675601896
0,0.0249199251513465
0,0.24412184028763126
0,0.012300960823483347
0,0.5179636236332765
0,0.1322274690770319
1,0.8867533724522304
1,0.9205372721513583
1,0.9405460334894643
0,0.5536851696050523
1,0.8780013888835914
1,0.8824613769614817
1,0.6797159771038475
1,0.7639636808358153
0,0.5519033636918315
1,0.7834493734512393
0,0.03444243572574349
0,0.02780025077270763
1,0.7846895098318919
0,0.09159522914262329
0,0.02908607831791732
1,0.29806057398059654
0,0.2037667659257508
0,0.01872681950837141
0,0.005557967428606811
0,0.022761466363177947
0,0.844733087064939
1,0.8746016016200587
0,0.861520264993067
0,0.05210225612505636
0,0.05792458450641673
0,0.7839897449856938
1,0.93221511735881
1,0.3029656307946313
1,0.5582639594287983
1,0.7842507508668247
1,0.5612672853891909
0,0.3804763949183601
1,0.2423943314317807
0,0.17224149740228095
1,0.6318149474502615
0,0.08116536321311196
0,0.17089416162687904
0,0.12375888993382952
0,0.7262689622863414
1,0.973160570332086
0,0.044055596046709396
1,0.7143775391062396
1,0.7510047568382471
0,0.9165855913405768
0,0.11643072240897553
0,0.7290586767021933
0,0.17190896254273028
1,0.5284516620307445
0,0.05771976386763526
0,0.004594326962018306
1,0.8743536029593749
1,0.8755271252265381
1,0.11698465146348716
0,0.08203390350984176
0,0.07345424590994258
0,0.31093734217550434
0,0.480267881243678
0,0.032495005617684605
0,0.16359097405470355
0,0.06545085587430767
0,0.10135768707504503
1,0.7394413447949363
0,0.01621091659159628
1,0.49774936925724544
0,0.23562988931209822
1,0.9066064799335433
1,0.9145939569600103
1,0.805562530128511
0,0.014441535673152319
1,0.830556733563454
1,0.934066663188294
0,0.019490849183963512
0,0.04741601364161525
1,0.5385398594619581
0,0.571466773692043
0,0.011307790291049225
0,0.008657110190324696
0,0.07462444803261528
1,0.815802194114793
0,0.6503045702439142
0,0.3490674984386335
0,0.03869053417590496
0,0.08004284020525458
1,0.42689111479572683
0,0.2560605157669692
0,0.09544434830742454
0,0.022085670375254853
1,0.8688310238423368
0,0.46133894367429723
0,0.027161962833946965
0,0.01506456087745022
1,0.13855676947661355
1,0.4916946327177424
0,0.009369784139857514
1,0.5276473722374578
0,0.0301709685871788
0,0.48025159097216574
1,0.9636241422332555
1,0.8306889565204124
1,0.8633755802629086
0,0.29562938818259876
1,0.7803058170310784
1,0.8835413163398448
1,0.22915627370233993
0,0.23356130573316167
1,0.2574558408470927
1,0.9314390584426322
0,0.020156427429135457
1,0.7580068525169047
0,0.16682784441049459
0,0.02594507136144947
1,0.7950053806467661
0,0.8966263937395872
0,0.1131487119199004
0,0.18174964679633118
0,0.11931419515261543
0,0.019588760238497562
0,0.08069932871787197
1,0.7546946932911887
1,0.909486051904164
1,0.9211732424116859
1,0.7969283486154467
0,0.00737864586926653
0,0.04923978307267565
0,0.11775546053105936
0,0.028559513154571805
1,0.06730541002547534
0,0.0440695087698486
0,0.014308995353741269
0,0.08297894409348835
0,0.01088078964505161
0,0.24316319852479287
1,0.9294022616900792
0,0.42730911943476
1,0.9352960050038969
0,0.04260788459484985
0,0.20551742575206647
0,0.02174902109712187
0,0.8553262615093092
0,0.0901350127237213
1,0.8225489051783522
0,0.9352232985848526
1,0.7569903701158214
0,0.04083940809323247
1,0.9415660213562972
0,0.010406166388317102
0,0.11041298880116586
1,0.9249567154818847
0,0.20209353605329722
1,0.8222139369677083
0,0.5660178264617074
1,0.6651465738654136
1,0.624027590803389
1,0.9723381211944729
1,0.15446002656835944
0,0.12161281702996021
0,0.25452188686250876
0,0.10586024101985551
0,0.014334318173589043
0,0.08835555856461065
0,0.09599102410500814
0,0.627058076477603
0,0.25297178263879627
0,0.21177082602144076
0,0.07470857078832373
0,0.19745212042542906
1,0.44086596436460224
1,0.5230532453315118
1,0.8701401104670381
1,0.7827301058382816
1,0.18710331913545175
0,0.09855168547342304
0,0.011340083148924322
0,0.38115962460215597
0,0.02695370901695885
0,0.011501751132508889
0,0.05743199397857667
0,0.022081028832795654
0,0.8163695440450244
0,0.2998216030605941
0,0.5313389280466119
0,0.278815618237719
0,0.2960157000223032
1,0.9540372317638202
1,0.8685108273708023
1,0.7784560791798515
0,0.0747411407464515
0,0.09215132523189191
1,0.9300651674523016
0,0.2587180918034783
0,0.010017884965592045
1,0.27467946994281145
1,0.9488643507669909
0,0.06920098793021869
0,0.6987041913200015
0,0.010971502022745912
1,0.7857695126994727
0,0.00799317240947666
1,0.8769611078344
0,0.6686892905180395
0,0.016242959261848215
1,0.9426660911816978
0,0.2929214438744638
1,0.8909765877168061
0,0.023360077100857874
1,0.9297769074245978
1,0.59094603162562
0,0.43512306304948806
1,0.3074102478323611
1,0.03227471258429348
1,0.5783765903091005
0,0.12503335490825665
0,0.06651639779726481
0,0.10056819810785853
0,0.014327719149801537
0,0.33397492607795454
1,0.8884216827457095
0,0.3220833578274998
1,0.5306546385424861
0,0.2091970483714089
1,0.6750112614811572
0,0.053502328893253785
1,0.684165387621761
0,0.008092348629919435
0,0.008310299084565946
1,0.7524225067741835
0,0.028558457769447296
0,0.027443332671193896
0,0.12144742044347408
0,0.007761362849221534
0,0.11916569152437934
1,0.943982521469227
1,0.2849173331327996
1,0.8861791911022929
0,0.006144093988657808
1,0.928258762592804
1,0.8347345171272429
0,0.034212802438198936
0,0.009993934241925724
0,0.562175918222242
1,0.8204587473669304
0,0.3790607664431206
0,0.8684044855463747
0,0.4993972190936531
0,0.06596823122991909
0,0.27882544642684143
0,0.15331348296450556
0,0.07380649786726352
0,0.15247593403206117
0,0.02032690029193493
0,0.12389110727454951
0,0.00572905686096307
0,0.007502453111743183
1,0.8901130287314272
0,0.21205256708245668
0,0.9297130737705036
0,0.014450746909292133
0,0.0666387993113764
0,0.9218535427861949
0,0.221444118811561
0,0.4609031352006576
0,0.016358292892826306
1,0.28553079623895533
0,0.00996335717166029
0,0.02083247837025455
1,0.7064668197470889
0,0.6648269803791423
0,0.04177844525530803
0,0.04516118555132673
0,0.4824800492172481
0,0.4147617666350927
1,0.8926264642690184
1,0.24046225232268092
0,0.14710062008670594
0,0.08778637014097852
0,0.06812632454693635
0,0.3570096872777369
0,0.11734407835767492
0,0.09078231922560179
0,0.5142541233394397
0,0.06374204367704008
1,0.8485013553084655
0,0.07428975247645189
0,0.18277939849605446
1,0.8632951263996052
0,0.06304548549505404
1,0.8386176602752459
1,0.9267808854964358
1,0.7772980533056091
0,0.4276167841095947
0,0.5630849554584391
1,0.71389746258456
1,0.32096078852332866
0,0.024601415548059242
0,0.009684940168093422
0,0.18363739254802144
1,0.8946529962211894
0,0.014628125730121164
1,0.9062134233116196
1,0.6496370549099559
1,0.5186462716813783
1,0.6142620015791929
0,0.07421752871565072
1,0.6758646739177595
0,0.2029495844364182
0,0.04895918591179567
0,0.07737790208973751
1,0.6593173897705206
0,0.6607413219068277
0,0.47049929770963844
1,0.4018398933558201
0,0.053281431535871636
0,0.040660015676350546
0,0.2563096071791863
0,0.010583616465785095
0,0.07080308908889714
1,0.2993099428789071
0,0.05684477509996249
1,0.1902586922340439
0,0.03569286463432136
0,0.004972035992635151
0,0.03253513385997251
0,0.12992772386022186
0,0.15325799160957274
0,0.01533405381046329
0,0.25032674149639633
0,0.60409186054163
0,0.17378489018468446
1,0.762213528871434
1,0.6725825228213897
0,0.534370384545395
0,0.011111776739549311
1,0.15162902133304196
0,0.0179942798781148
0,0.24438911840256908
0,0.017148353237106683
0,0.060621893162516136
1,0.2313012717644463
0,0.36839570014829476
1,0.9850785818175022
0,0.507028665555345
1,0.8699712998952269
1,0.8287492656766968
0,0.010795865454152526
0,0.01826664341331966
1,0.6159147517605614
0,0.013693898509936022
1,0.8750814104582586
1,0.9283024628564002
1,0.937951197463358
1,0.8097876668347638
0,0.11344473093094916
1,0.6997375863292022
0,0.15484183096426973
0,0.33963567756943697
0,0.7855718422324885
1,0.6193216449055403
0,0.12739026900755335
0,0.6374885167436917
0,0.06253382012682944
1,0.1304936311645589
0,0.11323140859398266
1,0.7163389427809251
0,0.013398902355019646
0,0.36216129736653585
0,0.15052925010800997
1,0.21044035064978572
0,0.005033905938416709
0,0.21716100978168693
0,0.015032047465462064
1,0.36504558996304687
1,0.8865022751874142
1,0.8430086282300862
1,0.7784560791798515
0,0.15285941617465582
0,0.4065074339891921
0,0.1867019938811124
0,0.443750402505989
0,0.2531875088102654
0,0.03136189239732218
0,0.20580713332840864
0,0.03228222109238858
1,0.6361045953468308
1,0.95359445783209
1,0.007725119559982104
0,0.020471240461997702
0,0.25267288724111375
0,0.08608812294329839
1,0.7823531824306605
0,0.007503743193081821
0,0.48814999066718023
1,0.7298705722434775
0,0.005949375669321795
0,0.04131318408152036
0,0.06447092967323005
1,0.6258723029582327
0,0.03465241109067112
1,0.5994804397096056
0,0.08652455533300417
0,0.1713380733257461
0,0.8627559453306889
0,0.08802450653915538
0,0.31788883642285576
1,0.22127344264485732
0,0.5233220492140699
1,0.906960409923514
1,0.7808533222640901
0,0.023745638023398664
0,0.08700910875254453
1,0.5675453107820282
1,0.8804498241974833
1,0.8524544489909975
0,0.11997968080246775
1,0.37167014979144986
0,0.09170609217868664
0,0.027744908572983562
0,0.019917199324852423
0,0.2059105427513269
0,0.5421420354173394
0,0.5256904461816081
0,0.01492937584928319
0,0.02313118342040781
0,0.726193875362864
0,0.02002196547116454
1,0.7637361128943599
1,0.7083792568517175
1,0.9748314476577528
0,0.08077190233448764
1,0.7519117047697637
1,0.8326355629942616
0,0.6883211422108314
0,0.06422797096730201
0,0.05052805461746396
0,0.02962881900780289
0,0.5287053462719845
0,0.607667458199207
1,0.9138151070200268
0,0.34192645616685985
1,0.9223249852063298
0,0.007267708621228888
0,0.015974845887993444
1,0.5306491021146862
0,0.02798432827359515
0,0.15483532589638727
0,0.016544580605300917
1,0.5212437559741486
0,0.10152389203798048
0,0.0475195906614184
1,0.5592594400908312
0,0.36555857845843825
1,0.3092133282202055
1,0.5449438875532614
1,0.15584294143873093
0,0.03052294950304926
0,0.08667986904682753
0,0.034155275780151914
0,0.02218772078987182
1,0.8564809343405771
0,0.36593382941177505
0,0.01453396223228638
1,0.7928442612459071
0,0.053448314596158404
0,0.015760516896677994
0,0.033427248099417446
0,0.1472164783528416
0,0.033629224776634194
0,0.30823079984430923
0,0.38716233521028265
0,0.46289784880982654
1,0.28922776954674595
0,0.009794986743146772
0,0.39475785337464886
0,0.3489496822464949
1,0.33606890554732505
0,0.050352252204085936
0,0.022482800151427295
1,0.7475230519043268
0,0.034420844813152225
0,0.06256238517304737
0,0.02352060679567788
0,0.06275625502711919
1,0.8965717128596675
0,0.04412131799363802
0,0.2945281522427057
0,0.03679332183386235
0,0.0892936095909733
0,0.09306869579542808
0,0.9426216881147161
0,0.052057229242384054
0,0.05144117997840592
1,0.20949547682696196
1,0.7649289574685794
0,0.04781076001618246
0,0.5103190606421141
0,0.11739531579274605
1,0.9138856622697803
0,0.15169144279648175
0,0.44462917627849885
0,0.26705103931202323
0,0.012689222870473041
0,0.02564608896195678
1,0.4275428495729715
1,0.9571498765303257
1,0.4716906198554785
1,0.8893845035824621
0,0.8940190467546762
0,0.09768414859402212
0,0.25836407348109225
0,0.37943833431784746
0,0.7879583210860546
0,0.016494804748495014
0,0.04577605935353139
0,0.006782035621884055
1,0.7849636922694201
0,0.3433823770780077
0,0.7450606626392872
1,0.1551434633812737
0,0.006871435698225214
0,0.6368038136497456
0,0.4389119343391411
0,0.005687579921817887
0,0.024909756503973906
0,0.10572116435383147
1,0.9023452059906846
1,0.8026603088381542
0,0.07493533525620028
0,0.017027736237857024
0,0.05143397303415033
1,0.553508831966039
1,0.94332875756963
0,0.29205597168706815
0,0.08450379265253877
1,0.9211060329018187
0,0.13514354077273585
1,0.91403845641022
1,0.5733812222694629
0,0.0696101680900908
0,0.03643753636230763
0,0.04462027061299465
0,0.12643805242044673
0,0.3393936562884378
1,0.17901576441442327
0,0.12423400981805031
1,0.8826173625618463
0,0.02273208344954452
0,0.04720725267506554
1,0.31310901927471113
0,0.010520569958547228
1,0.23974956056593108
0,0.007115228268145768
0,0.04403071807490032
0,0.7846845150820574
0,0.6484553111054007
0,0.03237287461280777
1,0.7188586518403639
0,0.00547221519519742
0,0.03684310772226613
0,0.047274576742175486
0,0.11165876376401053
0,0.5541276290047792
0,0.5337097785866185
1,0.025207278394685863
0,0.008192751806839451
0,0.10234543612872701
0,0.03496005515848645
0,0.018427320448624402
1,0.9371017253848494
1,0.9814719904151707
1,0.7512227848561807
0,0.05487231324954128
0,0.0063557944195831405
0,0.014911637000597238
0,0.044625967456109
1,0.11434075973747464
0,0.18866134543601124
0,0.13039216967255787
0,0.2573606583580576
0,0.2916957748226068
1,0.7290289242095453
0,0.036833918543171425
0,0.1245430382592065
1,0.5720560127724253
1,0.7833824626689402
1,0.4048698271017602
0,0.3255175105905697
1,0.5971940127993791
0,0.5948802644566246
0,0.03931543572493873
1,0.7365541155590373
0,0.2440964187431839
0,0.019276304171393362
0,0.11714537792303446
0,0.05258520351575652
0,0.05712218445961693
0,0.8258401903752305
1,0.18767296548821646
1,0.867996212012905
0,0.384847262247037
0,0.14846846014442738
1,0.5341396184446002
1,0.18532209398277458
0,0.06913925627575249
1,0.4436265216024622
0,0.042822663094630446
0,0.048611438019978845
0,0.07317991611009142
0,0.005845125557491243
0,0.5559502416591099
1,0.8778889422518584
0,0.02653231293740078
0,0.06561216610048523
0,0.07977552199910871
0,0.00925306102428664
0,0.057294533763551585
1,0.8977935844990982
1,0.31587339794261354
0,0.10810565078620832
1,0.45583363257731246
0,0.0793348646566486
0,0.012019233918716302
1,0.9420145894153649
0,0.04639412068369387
0,0.08471949375004918
1,0.5232041658491495
1,0.9279124143349925
0,0.8225704162812286
0,0.039906805817017665
0,0.08989468181679015
1,0.7326982692106789
0,0.010345314633010583
0,0.2287387989111335
0,0.03234952164965843
0,0.5571050069752688
0,0.04024011911516916
0,0.0577529054290796
0,0.06908626469950671
0,0.023358262399238147
0,0.15958709290614104
0,0.47377675236943495
0,0.005964189049470677
0,0.9158835105171967
0,0.07352560585798318
1,0.5466543049576943
1,0.6229616810633348
0,0.2261063701816256
0,0.20145871187905906
1,0.8518010055770923
0,0.7024257609544803
1,0.6075540817168088
0,0.18037829902457456
0,0.0167224933914479
0,0.008540344696091303
1,0.8388472591213665
0,0.21701490795084455
1,0.9363888177595048
0,0.013978604004055682
0,0.2444031844583866
0,0.022247332806702144
1,0.6652663416475507
0,0.713735226579615
0,0.24218212722690458
0,0.7372096741572944
0,0.0758098979223005
0,0.33725219528273115
1,0.725577838797424
0,0.02249675214328258
1,0.5315978520494403
1,0.9442316522257069
0,0.11250360840151234
1,0.4411479903640157
0,0.01733119961258916
1,0.7933797702471432
0,0.8257154307958623
1,0.740413551306751
1,0.6936015002319833
0,0.037909110880760974
0,0.006595633966119049
0,0.04268369796833637
1,0.8252126136019955
1,0.3352286131040613
0,0.01581469730986094
0,0.11816827707397004
1,0.9063295345590708
0,0.06671865318863371
0,0.029118720149514457
1,0.6573517062194664
0,0.0722514352531362
1,0.21918714012575236
0,0.02341522089876223
1,0.9583285459193547
0,0.047490223954588906
0,0.1669659473572207
1,0.8089349753589893
1,0.9034038810180056
1,0.2853352423083794
0,0.05470882490411929
0,0.5977131774532278
0,0.06983226000025619
0,0.44205037103035616
1,0.5641610455286113
1,0.8508054422755751
1,0.8392861188404603
0,0.7579154449939162
0,0.37518288495784824
1,0.9573434079155063
0,0.14099084087378447
0,0.10972728206432
1,0.5478455880629186
0,0.010766950374175334
0,0.011276542148005476
1,0.7698747425846154
1,0.9047157438768132
0,0.03471540962646567
1,0.9620241680117885
0,0.23257241496039735
0,0.036606504664066064
0,0.008510587399131473
0,0.017954447216437075
1,0.9087545534208259
1,0.6648764312244437
0,0.2108298082764088
0,0.11933127392598987
0,0.010214840200853025
1,0.9311113343035373
0,0.03908342977079813
1,0.5708628665353093
1,0.8619477534330844
0,0.01845088793350981
1,0.951107339135252
1,0.7282053556778589
0,0.6172906061474298
0,0.05940690275142116
1,0.44668222317728334
0,0.34414138824906143
1,0.7775727673233959
0,0.024710270348478936
1,0.7122925560550502
0,0.046202109083823696
0,0.2870076599681877
0,0.036352907757826604
0,0.026578415101535195
0,0.1904662380129621
1,0.8144876802052485
0,0.5869630544000799
0,0.05337817792759784
0,0.08679859588700761
1,0.6682443704662817
0,0.13532804424287986
1,0.3643320303246593
0,0.5101045524219247
0,0.08841512803424664
0,0.05504792099369451
1,0.289755431830467
1,0.7094701941492967
0,0.21265241790779807
0,0.10197434611768176
1,0.9621336298989805
0,0.03426211034284651
0,0.0066628807403936695
1,0.8752225263556898
1,0.9397536647443256
1,0.8502389940312001
0,0.1584816134932851
1,0.8802500084295216
1,0.8957522384326313
1,0.6695274461464594
0,0.11607517655470613
0,0.037783575211925
0,0.02674440424684186
0,0.07595784286925492
1,0.8212777019806236
0,0.13397071688115542
0,0.028657727746943817
0,0.42467877875952426
0,0.193102689160841
1,0.890683517533728
0,0.23788273512346422
1,0.7094743226689488
0,0.14368309460094028
0,0.003451246983840024
0,0.037914175129560364
0,0.006050341436620664
0,0.10910004442178332
1,0.8119710537754351
1,0.8042581302560825
0,0.022973907359112433
1,0.21052005880360905
0,0.20157827368372164
0,0.2563821541778728
1,0.9503188148454688
1,0.8280300562739927
1,0.7747067182685601
1,0.5048388424796046
0,0.06658913078123789
0,0.1463260532929405
1,0.9037557874601377
0,0.089816258480913
0,0.0259714163701195
0,0.02257883179316264
0,0.0057090752529164275
1,0.9159830339547584
1,0.37683458773217454
0,0.13186087937614516
1,0.6698697501375053
0,0.03808450216047057
0,0.025313918308123438
1,0.9756632762167657
0,0.4411013506904116
0,0.11958153617615011
1,0.9253591383599251
1,0.8575186660746656
0,0.12841528103876534
0,0.09903731271553612
0,0.11676357345517188
0,0.023119006003721625
0,0.16481815176184586
0,0.1606919168459534
0,0.40592861139453007
0,0.0214616018281428
0,0.01979893762877269
0,0.41579508028055
1,0.6400078984027315
1,0.8700330124828771
0,0.45091389881214516
1,0.8602911716402886
0,0.7767594760374664
0,0.2640868543407223
1,0.945240691861722
0,0.533252897313861
0,0.11185884505470221
1,0.9578254249992577
0,0.10430387038966307
0,0.1207725682381365
0,0.027253377627208607
0,0.01510282319783158
0,0.2585720655853208
1,0.8550414196839007
0,0.0043508028380301825
1,0.19704934223811352
1,0.7039878123463984
0,0.14270977394220227
1,0.9113716178582234
0,0.015729383499577126
0,0.8302898066461166
0,0.01710723100434046
1,0.7667876377469227
1,0.202995644895713
0,0.4184793704799048
0,0.274932332520038
0,0.02898398468621814
0,0.2927288789830604
1,0.9345750962999848
1,0.5352980756864845
1,0.33773057000179324
1,0.4364389015993486
0,0.05994172848686296
1,0.3612936335869243
1,0.8708587073057986
0,0.012502350509122117
1,0.9191514175380789
1,0.8233888447312457
1,0.689215734222647
0,0.9066618279128722
0,0.10134609374020571
0,0.19140636728339366
0,0.07052506058321995
0,0.04848835012472931
1,0.9273710865806176
0,0.026651133511043004
0,0.008988709122315608
0,0.025991120580251815
0,0.39123756849032715
0,0.0694896172574227
0,0.5611292240556791
0,0.07745794064354662
0,0.05052473357942233
1,0.5157389958505743
1,0.42955095607538357
1,0.7512826628883021
0,0.2111451469244411
0,0.023512145092189195
0,0.07914338440484696
0,0.01982149988916347
0,0.006541396225803845
0,0.0199232080134257
0,0.45323849710082964
0,0.6388884164399257
1,0.2482399209950106
0,0.23854108194533918
1,0.8855779680703304
0,0.1096639593879229
1,0.5515497135412046
0,0.059933316720735014
0,0.0119319883719677
1,0.8752225263556898
0,0.11786243555353128
1,0.4750431960929406
1,0.32914552146441567
0,0.012947336551045427
1,0.11881450262163921
0,0.03630206831287646
1,0.8040730467131839
0,0.1507155318610164
0,0.03320900823446294
0,0.44431430543895917
0,0.1114788530920247
0,0.06998553085187934
0,0.0331814453031085
0,0.0017894367306551305
0,0.24785088561430274
0,0.13896819633145063
0,0.4824455044262566
0,0.4010224885576779
0,0.08115142468861958
0,0.0028334872381522327
1,0.9100433715550038
0,0.09955515403062203
1,0.8567003130337517
0,0.008994501742700682
1,0.12015720089333069
0,0.059342718235934386
0,0.019132189377872852
0,0.011830931248490946
0,0.0197285714218983
0,0.04427814536078598
0,0.05097675725586221
0,0.04683230783841634
1,0.8762837200175122
1,0.847458585413239
0,0.06436794522887804
0,0.03388642516477805
0,0.06803959806140096
0,0.030732490153077302
0,0.9031146879930884
1,0.375686376557461
1,0.8471116539349753
1,0.94127862082143
0,0.24419242304441946
1,0.8035137571933024
0,0.017880331689668016
1,0.13750625257458995
0,0.6958657167611847
0,0.8211998705781715
0,0.004213094787109158
1,0.9780050573489676
1,0.7418448321943482
0,0.03354487651325848
1,0.784811477016563
0,0.04667008465096334
0,0.15997219599160784
0,0.11295309927278305
1,0.4805639681330678
1,0.6406389383084452
0,0.09980746705354925
0,0.40363172041112383
0,0.030655893581609143
1,0.8364724526134352
0,0.8158918948031765
0,0.01874365948759834
0,0.14075635907438075
1,0.9126892455322765
0,0.8045715928325329
0,0.05757413357066591
0,0.05051684227093903
0,0.2968576858539951
0,0.015982181156993153
0,0.4815802861212394
0,0.3272957093033571
1,0.6797983700355904
0,0.5141910537230715
0,0.3825509208011455
1,0.7964097628538206
1,0.7452710683335345
1,0.8938643477363629
0,0.15123999588340017
1,0.7863090536785274
1,0.12930084945542022
1,0.9595983859973798
0,0.047294524989850185
1,0.8820340557848799
0,0.2006673738901307
0,0.00623105255077607
0,0.006040566275689183
0,0.06433033278089843
0,0.026924904642869008
0,0.054983198827728265
1,0.9430805546837215
0,0.3873846150461613
1,0.8972402218410412
0,0.20073853936337527
0,0.047638428277032886
1,0.42818861449465384
1,0.1451785840512184
0,0.18854499308836267
1,0.6311096484589054
0,0.5549118237101293
0,0.006677266591587816
1,0.8011750702528014
0,0.04672012174230336
1,0.6644679666147867
0,0.005292219193298657
0,0.015241076782650641
1,0.9136078690584525
0,0.0471090037772531
1,0.8875874083889861
0,0.008730471042617769
0,0.4545464971093524
0,0.5195742166537822
0,0.00662479639821196
1,0.32815370198117366
1,0.27312229508571934
1,0.8351429195717479
0,0.40506371383473067
1,0.7845436579707047
1,0.4663950354015915
0,0.10160133631497362
1,0.9179204163358794
0,0.12984895208455277
0,0.02670803033005375
0,0.26647566443971454
1,0.9644733153773545
0,0.023607771095544395
0,0.581660953218937
0,0.05190691879707236
1,0.30992383793014405
1,0.7635815580580835
0,0.1340625865805969
1,0.754986388144649
0,0.006187022895353173
0,0.0363483106260717
0,0.022269399653661693
0,0.02129305907443699
1,0.6302329728247081
0,0.014206477548088207
1,0.9601582526100273
0,0.7733150653300737
1,0.878436552458512
0,0.3793948656260996
0,0.026459715350489174
0,0.06351109201367666
0,0.027682585710290614
0,0.09830677626153746
0,0.02259366873373532
0,0.014227289143847669
0,0.06122317724713406
0,0.08872219082564171
0,0.018890802602296607
0,0.16698475565375726
1,0.04349298025450262
0,0.06189933419377134
0,0.020837915109136077
0,0.08146419290989974
1,0.8802272948865791
0,0.01229192304964433
0,0.07547458139625242
0,0.03395590587928379
0,0.03545463910246881
0,0.09323999926333737
0,0.08120882864923241
1,0.9679405024768999
0,0.25273741793854343
1,0.7806081319344226
0,0.028715773344606208
0,0.12018745632361053
1,0.950533098598175
0,0.26386471755931895
0,0.07022802360871894
0,0.041461038229323455
1,0.9571867818863471
0,0.010528750579679768
1,0.6685058302357517
0,0.03872803873282046
0,0.16287503902392392
1,0.941272828933223
0,0.32826634497614027
0,0.10326478523146561
0,0.012391924057617574
1,0.9019230191617228
1,0.5148129107642596
0,0.0092247425084548
1,0.11242182115117562
1,0.6085635578855504
0,0.29893936502651736
0,0.23378091782883906
1,0.9035903648250672
0,0.11779824652038773
0,0.09504303212721919
0,0.0877492943398805
0,0.31418190534415036
1,0.9253010243209779
0,0.009587314730339276
1,0.9502311485581959
1,0.18467241659559513
0,0.027524119450650784
0,0.07851006231359983
0,0.09587662080465632
0,0.7254406997789188
1,0.8332076645606233
0,0.15734137057581643
1,0.47152644199006843
0,0.016434246694756644
0,0.0023493910992767927
1,0.8314433457098018
0,0.014106910750233008
0,0.013776327968344956
0,0.03496786154556051
1,0.7350940622028419
0,0.08636096444312709
1,0.32053287650767104
0,0.0586525185769109
0,0.07423658922382659
0,0.10333187766486453
0,0.3390094926609181
1,0.8019466302449543
1,0.9362842243037184
0,0.6160911186958657
1,0.17175937848951495
0,0.7696038890816319
1,0.40499889240838727
0,0.003637400925868029
0,0.01417970274187807
0,0.06471104320601904
1,0.7128559198087134
0,0.012361037847446224
0,0.07885258084138062
0,0.842057328640146
1,0.2740835058227597
1,0.9587322909948295
0,0.23419061495711177
1,0.45160709483490735
0,0.11184093488414139
1,0.1434704721939019
0,0.015246184380443584
1,0.8550077915969183
0,0.28328623529316055
0,0.7882762835902544
0,0.7668355474424431
0,0.4437263520147342
1,0.3737687890404694
0,0.291730226033542
0,0.33912971498901506
0,0.11815651390641448
1,0.895709734877078
0,0.08485221588677522
0,0.25816366605367286
0,0.8856029540497965
1,0.8661162181515547
0,0.02412879133011327
0,0.0041326982866339654
0,0.0078845521982063
1,0.9259014389954758
0,0.055618819766441494
0,0.7336174743523586
1,0.7309759316280532
0,0.1435610355284656
0,0.05834301345809906
1,0.8875989516557223
1,0.03181120141486061
1,0.7210229213484699
1,0.9305899636022399
1,0.46289951253751044
0,0.3337521333277482
1,0.9506940847015433
0,0.08069643682239899
1,0.8147449018694494
0,0.3169767159140163
0,0.5685893069094337
1,0.6447989442276696
1,0.7714303819213606
0,0.5391195085238344
1,0.9800218782523433
1,0.9456655842539857
1,0.8150562572179436
1,0.5569749466899026
0,0.8016066319183387
0,0.20698019831584535
0,0.046128745457811766
0,0.7811392380521257
0,0.01395210535052963
0,0.1637690293014464
0,0.4990833885363942
0,0.07792824366731141
0,0.025982746442067262
0,0.24265797067559486
1,0.30103973227375186
0,0.292615263455388
0,0.005639486449643007
1,0.8828656757398449
1,0.7672805405136369
1,0.49413735238528417
0,0.08072660171773445
1,0.7159679787767262
1,0.7201021741373619
0,0.22679173612715353
0,0.5137272401486738
1,0.759237579164658
0,0.4553582604099617
1,0.9291840294874202
0,0.005919261490825083
0,0.16470433924996014
0,0.32085268839823966
1,0.4203845472596853
0,0.4067614945135651
1,0.21316380299288334
0,0.09994288717568876
0,0.07998665428776212
0,0.02505444479830075
0,0.49399042216678635
0,0.04024279558628998
0,0.0828619166418336
0,0.1035996942443806
0,0.7189798042916845
0,0.8162783039861093
0,0.527307665748278
0,0.017858836744663112
1,0.951616703591875
1,0.8171245255288134
0,0.15452215037699615
0,0.6487756486939458
0,0.10111618418727576
1,0.8564578228944832
0,0.02557213518076371
0,0.03639369949269946
0,0.29717766050547145
0,0.7099804151891174
0,0.015308156892631012
1,0.8886738445831281
0,0.2967817225944528
1,0.48646153305801076
0,0.012253234925368391
0,0.5311717409859628
0,0.28701831947795453
0,0.40593026947739547
0,0.11293033044903043
1,0.26326333556321196
0,0.5860987600454071
0,0.032062012851440426
1,0.4875382907374711
0,0.040841350526772964
0,0.16939623224489633
0,0.04545748643411783
0,0.34386527033867126
0,0.17046207650920672
0,0.04509437482857705
1,0.3171200098051042
1,0.5083731773838204
1,0.6282214940495096
1,0.4667072267238237
0,0.005514108562555153
0,0.10549313979378715
0,0.12322431733306666
1,0.21602067428951585
0,0.9031146879930884
1,0.8926821276912904
0,0.43725884961497374
0,0.06621210452275549
0,0.024559106467250715
0,0.008504167116673036
1,0.3484395792272342
0,0.22689586715800691
1,0.8511307414112546
0,0.06097658451644958
0,0.5854285053439469
1,0.7980080422413048
1,0.9634299731109145
0,0.03112578768524367
0,0.05352584486121521
0,0.42013787685805404
0,0.03428790893593396
0,0.21100273386332896
1,0.570284247552781
1,0.911416470888509
1,0.5547229352655964
0,0.12942399702354976
0,0.15313465811978044
0,0.06787562107498486
0,0.12276677925211761
0,0.4934764684548869
0,0.01090033473753386
0,0.048232518520800016
0,0.058086425484383794
0,0.35208206450128576
0,0.006116125863468934
1,0.9432172241353151
0,0.2237517327090454
0,0.03900715759478983
0,0.010331662362928764
1,0.9145018096597749
0,0.34286015832534683
0,0.009806286698462233
0,0.033901940277474577
0,0.04405542864656073
0,0.09778586439304977
0,0.7606835501244447
1,0.8527223453066165
0,0.443218479200219
1,0.5736972111344892
1,0.9277206717531822
0,0.41501438474235125
0,0.015282982847107471
0,0.20445727957998203
0,0.16376927587490328
0,0.01764064918799666
1,0.708602348565818
0,0.09976200539852319
1,0.844662385315076
1,0.544441373128196
0,0.08882620391180873
1,0.9486810662792866
1,0.7531850221245133
0,0.06822082085438255
0,0.21909857479683512
1,0.1824174048371641
1,0.9273169993931439
1,0.9245686177713333
0,0.01535792458878449
0,0.1473525963445552
0,0.015797259671169676
0,0.46365118222454754
1,0.8758532331048968
0,0.05160976887335762
1,0.8797449552381786
0,0.007530355915589729
1,0.9119249734764953
0,0.09501703791911706
0,0.13714731479427622
0,0.09556209370568153
1,0.7817765286785295
1,0.8238717575397415
0,0.11586101784797435
0,0.6044302909001269
0,0.01639763133154664
1,0.8024206315482371
0,0.0329418316252631
0,0.4326276256433251
0,0.5267305837594174
0,0.017728535629627142
0,0.0063989389673872014
1,0.7615222283828523
0,0.09101680801234976
1,0.833542589502138
0,0.15216266282610916
1,0.8877013556613328
0,0.022355057310606916
1,0.6714334623601438
0,0.017152373984622667
1,0.3107820863333323
0,0.43509853389325626
0,0.04839631249167604
1,0.748774541534643
0,0.2428788446426362
0,0.030320344704343218
1,0.9542814546735234
1,0.7703155713062703
0,0.008846785668591864
0,0.2462496497974857
1,0.43888693676705887
0,0.020757181199405957
0,0.008626339221683198
0,0.18551431452338626
0,0.06722224609995672
0,0.290772361199124
0,0.03863431426665935
0,0.14747490039657274
1,0.9464307325267023
0,0.3189059079903911
0,0.019153012250483954
0,0.04857346850347639
0,0.038941858715634804
1,0.8477846860881172
0,0.1727938035603082
0,0.09457998173162316
0,0.050300874607054756
1,0.8994817524154444
1,0.9030668099441553
0,0.07348851348268394
0,0.03191076207836319
1,0.7719242559093367
1,0.6352686100490681
0,0.008101549079234391
0,0.01535053006292342
1,0.13976061321298727
0,0.14094172336505206
1,0.011020652120336245
1,0.30803928693455207
1,0.910933414385216
1,0.43661562536806187
0,0.4518890829418239
0,0.6515216244349268
0,0.1518523168141552
0,0.04659609782277031
0,0.015133953255691193
0,0.4679466753760254
0,0.0378344053206806
1,0.8252147565247266
0,0.040317551931824826
1,0.7098004202592058
0,0.07597973288090548
1,0.898941727441373
1,0.8549752887640313
1,0.18196248564974754
0,0.20089745293718467
0,0.0561597066967508
0,0.049477944564978456
1,0.9312027423535386
1,0.761288438503344
0,0.06434892498495404
0,0.0028439491827446043
1,0.9609602431409656
0,0.25334461941524755
1,0.9022768840159061
1,0.8376540325820419
1,0.6719952445829588
1,0.1318422510185668
0,0.01363557248049751
1,0.8785607278938375
0,0.09713886475012386
1,0.7632265264020616
1,0.6465935424381006
1,0.8119634786129742
1,0.8078721548234374
0,0.04266425123249369
1,0.8584761982285015
1,0.8755841029914445
0,0.1753088139365968
0,0.578779600047992
1,0.8076344483439505
1,0.6779858760960087
0,0.004579966852869346
0,0.03418231216587152
0,0.05301968618475157
0,0.013056975761356542
1,0.9732227247012668
0,0.3218850215051095
0,0.209719911791945
0,0.008866220977754647
1,0.9881642754365639
1,0.11199675542873308
0,0.5489885137245801
1,0.3171335227936539
1,0.8793641192376517
0,0.006645669444649818
1,0.8055019036664773
1,0.5435529702307441
0,0.07961219664066649
0,0.0141477798786538
1,0.9065196075511825
1,0.4267502695205296
0,0.051183546217117584
0,0.2391563099218852
0,0.08696992174334356
0,0.7879383726544924
0,0.0405127306575695
1,0.7449824564587089
0,0.010584956031476628
0,0.8872942925655484
0,0.06646056927611642
1,0.5775727750340117
1,0.9821002376166129
1,0.9316062579454691
0,0.11727217344114362
0,0.06535351123701147
0,0.08468033374577058
1,0.9242072686415116
1,0.823886374103526
0,0.01495544832096087
0,0.07551983880344224
0,0.023109980280517018
0,0.05371999337870727
0,0.02706803595249228
1,0.41450002472791214
1,0.8411372588121797
0,0.6077130172081221
1,0.8399916203665017
1,0.28417154875953743
0,0.03360117934375693
0,0.11120698297690719
0,0.01865744807435569
0,0.29906325756192703
0,0.011775609694259507
0,0.03401571253816069
1,0.9418116297294977
1,0.5376916997334645
0,0.23273125990040158
1,0.3118421651958855
0,0.9595226603033105
1,0.5169130285494463
0,0.061205913080935696
0,0.41194672137864924
1,0.21840608390229369
1,0.92419440914449
1,0.9453031431056447
0,0.022930838203440662
0,0.050378861440235546
1,0.45486111801701834
1,0.9176662501554765
0,0.04129175283823759
0,0.05338757460083048
0,0.02523337916725641
0,0.018840803471159188
0,0.028928293533987716
1,0.5644269379573642
0,0.08515272795854693
0,0.043077748016129215
0,0.017589010475224383
1,0.3378950511964348
1,0.9193245610048285
1,0.7719476573482226
0,0.07273976519161994
0,0.05053187029779089
0,0.007577791131739357
0,0.10356217053137479
1,0.9126571574946765
0,0.0566298552674197
1,0.5098315212901349
0,0.04601241353112836
0,0.0224195393329913
1,0.10074881669685852
1,0.4153592730950965
1,0.2044587757739498
0,0.13352215690548752
1,0.5948048696790266
0,0.0670554148599847
0,0.42177835710412875
0,0.06757540919597549
0,0.04158692965305159
1,0.9377310455304104
0,0.014803650299688088
0,0.08487802022227726
0,0.017756560158905033
0,0.024598395254086428
0,0.013058293681973785
0,0.09731415668842684
1,0.8016066319183387
1,0.918628518404578
0,0.5828465569461418
0,0.13917447170153335
1,0.042832466428702504
1,0.11666363871686397
1,0.840500122452919
1,0.6660187246751048
0,0.02188742802897913
0,0.18748365538442693
1,0.7885615426029604
0,0.048433770476788485
1,0.8699190860343465
0,0.6798718230323135
0,0.0314723504300278
0,0.730820520915522
0,0.7304481721996026
0,0.008950526054856838
0,0.5092756687755413
0,0.05460586164586575
1,0.8014188906794371
0,0.054495363351586806
1,0.9115336157564664
1,0.7297442878077941
1,0.7362152352837895
0,0.05090725421548238
0,0.4988162708465901
0,0.3164081573526355
0,0.0322279231146054
1,0.810710132767352
1,0.6038486089278344
0,0.07786807757043991
1,0.8744342014750401
1,0.40667000809850784
1,0.010743895453273804
0,0.21254937856392797
0,0.01124667769498672
0,0.009249618598115988
1,0.9287978717494917
0,0.7269128877325792
1,0.1255614572870139
1,0.9000479310910249
0,0.060178538782683456
0,0.053352214077533516
0,0.0191926778637847
0,0.05892122229707847
0,0.08674571936865877
1,0.4636379839926508
0,0.8984624354302979
0,0.04439800130165835
0,0.07822720658595836
0,0.07567572797996996
0,0.34103547874335327
0,0.15410027574165552
0,0.0734492357261416
1,0.08139236105075014
0,0.09235903603292063
0,0.5484411531058107
0,0.02672614270678866
1,0.7469935436028163
1,0.6545995110857098
0,0.1324201180926072
0,0.005617475732336874
0,0.07744864770391673
0,0.4922761102927091
1,0.21822166228582499
0,0.07637110147469015
1,0.023767110280840012
1,0.2791631469047155
1,0.20984735298958918
0,0.12008609999347754
0,0.034684216670192225
0,0.011752787730821295
0,0.069026781829187
1,0.8588250510165613
0,0.06899973897739618
0,0.2014432966557059
0,0.2948856457784071
1,0.946184212814291
0,0.05132967381186816
0,0.14442203847409385
0,0.48224667731046916
0,0.16788921788994254
0,0.02322396918917034
0,0.012273485632850622
1,0.6796225021086493
1,0.9778254458799905
0,0.6464042829733537
0,0.2988985676233669
0,0.06322739155510552
0,0.047470978241553226
0,0.8034600838790781
0,0.14711963593351984
0,0.033599613303608465
0,0.1704357551980831
0,0.13422019088563814
1,0.9439247572437179
0,0.17763966792508576
1,0.8308024645338814
1,0.8752225263556898
0,0.20407453540943105
0,0.036726329717591225
0,0.7569417643204345
1,0.7101916649144165
0,0.006257493771383876
0,0.13098892447463428
1,0.9589095341780178
1,0.4128658688761169
0,0.012112442158084302
0,0.04844721034226599
0,0.02852400630511325
1,0.3402055117567027
1,0.9566080329794228
1,0.35736507439826565
0,0.14733073586427506
1,0.9316659388172095
0,0.16237768435710373
0,0.02424773757670353
1,0.9785015198576898
0,0.01820141323162027
1,0.9513046954174773
0,0.0753829272786855
1,0.8752225263556898
1,0.6976533610680533
1,0.482948336143943
0,0.022560440441872973
0,0.16159857667747138
1,0.2763306103145189
1,0.6723671011719693
0,0.03339649612585143
0,0.024267747052764792
1,0.8117107717227351
0,0.028227882406519515
0,0.16900486877685453
0,0.06543404373869093
1,0.8176575063718637
1,0.9143842990980638
0,0.11185834062517658
0,0.19575757374889885
0,0.04245915385723893
0,0.007892251896555734
1,0.03341825881573817
1,0.6455579505157074
1,0.6907981401333294
0,0.019682816556910003
0,0.3399191358846892
0,0.08048112757693018
0,0.021820787817771855
0,0.030355930345730957
1,0.8761546907238591
0,0.0314723504300278
0,0.23929099287241237
0,0.0018698456467800464
0,0.022550210283314928
0,0.13341847788083538
1,0.9256953866526177
0,0.10487883364183452
0,0.8585209499239493
0,0.06779801967277828
1,0.9723299089961653
0,0.01624961621139424
0,0.3813749746938848
0,0.08766023251362283
1,0.5011661665487985
0,0.01845488538528424
0,0.03664642787226524
1,0.5040899000592286
1,0.4723642294891842
0,0.06695620809131818
0,0.07208682145345593
0,0.008063929201305269
0,0.02267626533317922
0,0.11438253242684775
0,0.2743699341746321
0,0.018383051028109543
0,0.24570517354534707
0,0.02031166133818778
1,0.9341758885004465
0,0.20521958826984393
0,0.2080944627109658
1,0.04995098092741664
0,0.01133914450084316
1,0.8839800104255385
1,0.36125781416623215
0,0.11124421753046346
1,0.7653823386336115
0,0.6511701600079985
0,0.32331841485742585
0,0.0761137358707591
0,0.10685216768362321
0,0.07555068697679286
0,0.07760419129759887
1,0.8403915904048375
0,0.03533031361578921
0,0.15454221311515973
1,0.6035147400770398
1,0.25399072185085786
0,0.024235941897864224
0,0.1533409320268608
0,0.016895556508529294
0,0.20754361346056574
0,0.4665881719247628
0,0.14530045773042938
1,0.9093360686467351
0,0.050560016979174414
1,0.9083131231530799
0,0.010721969648832647
0,0.14045874085756102
1,0.4819972153251875
0,0.22370154207554394
0,0.08813344782477688
1,0.262678874298285
1,0.9407734739598689
1,0.8153648369448755
0,0.06751587608864337
0,0.0512218039698938
0,0.028592749874345867
0,0.05256874555575243
0,0.6797282651733987
1,0.8602851148351067
1,0.7839572695982591
0,0.6422545541355594
0,0.2762835915957063
0,0.1864228239216275
1,0.49944919646887803
0,0.03852938870863683
0,0.05275689934192961
1,0.9632139061042465
0,0.17459273930023542
0,0.01743891463409904
1,0.9383183130437488
1,0.821748786439688
0,0.003601413491703965
0,0.01997016196673812
0,0.12243480462420223
0,0.5278524728889754
1,0.08138109932242475
0,0.013583214796324173
0,0.5208546578924894
0,0.03374362345016345
0,0.7140276596525753
1,0.9582449425452404
0,0.2366260121122535
1,0.03784038726043249
0,0.019011618062749383
0,0.05819733925139578
0,0.006330535788293389
0,0.5736725623362058
0,0.9254969363765759
0,0.5318271292171494
0,0.12750668393037182
0,0.0035387061046565377
1,0.8803027551770701
0,0.07880431355468183
1,0.9519499178431022
0,0.0395125808040512
0,0.7694458637920143
0,0.007453959255383711
1,0.7519976561046164
0,0.0213456767202491
1,0.7637145810846442
0,0.25943897065061333
1,0.48761735814138235
1,0.7848243721034687
0,0.023225404635282512
1,0.17607593299596438
0,0.014099461441671516
0,0.014501658709214717
1,0.24221332776507942
0,0.19234296660066147
0,0.04198537024895546
0,0.24345364089897
1,0.25273741793854343
1,0.8251152496806735
0,0.018792371502776895
1,0.932184520563752
0,0.04732063860173815
1,0.31937725724025745
0,0.07394730947693604
1,0.5897962099580946
0,0.1120363445209981
0,0.18406369440406384
1,0.7638804873907603
0,0.6693376203991092
0,0.0735367886136298
0,0.004925683809721249
0,0.007286365197602243
0,0.005381805970665222
0,0.01295087933281578
0,0.40166627471321437
0,0.00809748648181382
1,0.7707935211086722
1,0.6996830312798432
0,0.1261064760991247
0,0.06036218982699169
0,0.05579796038494704
0,0.18213536622039145
0,0.0056609351181380625
1,0.06759337434013059
1,0.8697018001277359
1,0.8958553634475472
1,0.2893890240589126
1,0.9058785625118465
1,0.46933720281960767
1,0.7639561239890497
1,0.9548069076810853
0,0.009700208395875525
1,0.7670480044575584
1,0.3870452064602417
0,0.22348975171041788
1,0.7874182322261661
0,0.49498288948423236
0,0.777268232036932
1,0.3349386130024233
1,0.7231768363819362
0,0.8391811183370623
1,0.760784359630851
1,0.9540882131847463
1,0.7589545163894457
0,0.027556944162766897
1,0.6006082895313438
0,0.020619765626970918
0,0.24371417666846448
1,0.909347760912503
0,0.022498024036493064
0,0.5617419506838109
1,0.9216059504864953
1,0.16191995524141492
1,0.581918586795211
0,0.22414754335499368
0,0.07112671701612912
1,0.6381352268263656
1,0.7625389289831817
0,0.1844835036939944
0,0.10944407655546841
0,0.41280473778862536
0,0.3207237273951741
0,0.0026534141882125794
1,0.8504965923951436
0,0.010313039685048054
1,0.7614355492695452
0,0.2714724134703325
0,0.015272888814732757
0,0.056421016948120385
1,0.13517825235389422
1,0.5087676710996827
1,0.6767092216447304
0,0.24819815647831742
0,0.7166784089500801
1,0.9356594206908985
0,0.04411823853060314
0,0.14280790757787745
0,0.02101980221720206
0,0.050529951790934155
1,0.14057935606378516
0,0.3074448951528016
1,0.44915399855086907
0,0.08324383587242201
0,0.015180732488548026
0,0.041724725520078776
0,0.045002498593859665
0,0.006324710298689048
0,0.05214444022299912
0,0.4361029746587338
1,0.8573975080610471
0,0.014917096380205339
0,0.05133571003530896
0,0.07775954177662488
1,0.9448384539925665
0,0.3490925643154318
0,0.00619459620523274
0,0.006141521903306935
0,0.07950106336892877
0,0.03059314456852627
0,0.1768242349446642
1,0.5468739409752589
0,0.10955429813833738
1,0.4156518606459421
0,0.1477418758916699
0,0.05314653227549145
0,0.03722912878675622
0,0.19853044768547182
0,0.12467174361270314
0,0.02128218503706301
1,0.8386154831752408
0,0.19899554802875283
0,0.0064799025716176595
0,0.1410378089501965
1,0.6368038136497456
0,0.023940810216206837
1,0.7673550727184054
1,0.6565271897772287
0,0.007818683528233188
1,0.42898291236013336
0,0.0837162171081429
0,0.1429489615717832
1,0.2160035073468061
0,0.6163982461933533
0,0.020063977901128183
0,0.01768818026619939
0,0.09577588845266212
0,0.06815524812504263
0,0.011296521531115706
0,0.004061555815937372
1,0.6363826621910827
0,0.1594633479405503
1,0.7035819610283144
0,0.8981301434500011
0,0.14175215450418388
0,0.02363564491244346
1,0.7953382259481347
0,0.2322374566231593
1,0.712916307741356
0,0.05757212594562829
1,0.8998449596605831
1,0.926956957964343
1,0.8791278196899012
0,0.022944402631010767
1,0.9492760320592557
1,0.9144733094379061
0,0.441854126230195
0,0.8596354285131363
1,0.816339850633578
0,0.01705841612797482
0,0.13422276613207051
0,0.05891525769125983
0,0.05956019963058385
0,0.7321338672163603
0,0.09119337251532868
0,0.2365837388731108
0,0.29888075783702484
0,0.07795047509703763
1,0.9922304172196379
0,0.017672492463491844
0,0.05322814322064339
1,0.6310880618944023
1,0.5642433498314303
0,0.03520684371568252
1,0.30775406147192397
1,0.8500375991452022
1,0.47898361170770465
1,0.7070041753619518
0,0.8788233488466146
0,0.08164432344118677
0,0.17110935892034948
0,0.010356346505471632
1,0.4266321065738151
1,0.8542196457157742
0,0.010873066133374607
0,0.07324553405434628
0,0.8246425461171255
0,0.6385792678166076
0,0.07003849391240802
0,0.47613628232097627
1,0.8377779031618993
0,0.03248414679827241
0,0.07650860145014779
1,0.583968900230856
1,0.8353777449349259
0,0.008013219940775427
1,0.28187656537991584
1,0.869213838757711
0,0.036163548998988854
0,0.19263371912721064
0,0.06785633637041434
0,0.12597238934856578
0,0.09361223258940092
1,0.915999770485267
0,0.3940934775375447
0,0.35667300540083113
1,0.8711080626195463
0,0.330157578599667
0,0.20873570285203516
0,0.016765870102702
1,0.5736109134805333
1,0.10310272871301374
0,0.7147107060521801
0,0.06279235343602209
0,0.010639183822881187
0,0.8119009212250835
1,0.9415866652424048
1,0.7458423077265115
1,0.11186283906707005
1,0.9334297771285854
1,0.8308860641704388
0,0.06005629155730014
1,0.785870234197071
0,0.024849626083752744
0,0.13142500584498706
0,0.009292126829796334
0,0.21360434625309935
0,0.025280488148145024
0,0.05989014077975357
0,0.037880144541688095
0,0.06862254291647112
1,0.8835645281030354
1,0.9572798007798354
0,0.014727217854108432
0,0.06023658418282932
0,0.03536807919764903
1,0.8496354621608241
0,0.31171348132020593
0,0.11870802691174072
0,0.010910606414567847
1,0.1421958341991891
0,0.058352867984151534
0,0.003208530742254454
0,0.027683594694451908
1,0.8044350940347786
0,0.0491865898105297
0,0.013093753927916542
0,0.01535662816555184
0,0.007821031143759536
0,0.20367906452675089
1,0.7214202664028463
1,0.7333493319464748
1,0.5849196945417384
0,0.31703942284219433
0,0.055023728434389685
0,0.05768298537048352
1,0.25867022252335853
0,0.6506690803919504
0,0.03911398899193491
1,0.7327530857037909
1,0.8574390412206201
0,0.008834196048746773
1,0.8860572114161392
0,0.011266620855513988
0,0.11103257500415775
1,0.8531871221188513
0,0.13935659971255768
0,0.18783798151122577
0,0.2426814966552904
1,0.9257532984299259
0,0.03624826738974699
1,0.9394185663692165
1,0.48805968425123275
1,0.3759916293724572
0,0.1559774544947281
0,0.0697639657933283
0,0.0328732293633789
1,0.656621666823608
0,0.44600854479508517
1,0.49255307962227735
0,0.11296908299529278
0,0.07487757306851779
0,0.11215141970629731
0,0.757344206499024
1,0.46556817216514795
0,0.14543750266308508
1,0.22400410358784892
0,0.003583935787680671
1,0.7597365566673518
1,0.8505648805537908
0,0.015387891831932305
0,0.5344378046034909
0,0.6785835297114482
0,0.01642160541276919
0,0.009623350867505084
1,0.5046596330765231
0,0.1135212128634954
1,0.9188273180391403
0,0.04781313223418909
0,0.15581793957800533
0,0.24479965135533768
0,0.025491016593085013
0,0.025169905274145123
1,0.8126105948219368
0,0.08099803288881643
0,0.09083427248938995
0,0.952892145591962
1,0.3540540252749796
0,0.05467718930565067
0,0.121982994172339
1,0.8732126492149617
0,0.020650810292668968
0,0.030341520227991473
0,0.3602545170417148
0,0.05420768157590874
0,0.12815783024460406
0,0.0403667258910063
1,0.9595431310865985
0,0.17461597862581027
0,0.044365657171850315
1,0.3383657518621717
1,0.8993374567062166
1,0.7799763030079302
0,0.028527527725732537
0,0.060194673527231166
0,0.12191926741890155
1,0.9041840463975953
0,0.13303130324259282
0,0.8564102410120695
1,0.9625488017863236
1,0.9416020041167176
1,0.9533061094953674
0,0.009416763795279866
0,0.6431360443123626
1,0.889621116259493
1,0.9792112013313771
1,0.9867458471729583
0,0.059668322640649495
0,0.01818557542740506
0,0.015371090221196997
0,0.29131177391972024
0,0.01667610722648874
1,0.06330602879653924
0,0.884034733788889
0,0.5291169813261478
0,0.04401397480224172
0,0.009612397558183435
0,0.09666570105990199
1,0.7039329396718123
1,0.9485978989655753
0,0.8070012784126165
0,0.27400726905360945
0,0.05607654100480401
0,0.01742926765170384
0,0.007802076466849308
0,0.06776757229237457
1,0.8797468651323158
1,0.93271322013057
0,0.0726540312939965
0,0.007876672327705399
0,0.05946738165245663
0,0.20433934133264092
0,0.5071850728182736
1,0.8326406282191627
0,0.02841519563877766
1,0.7227723325457052
1,0.556256014754071
0,0.11867983617531869
1,0.7202678745158109
0,0.013087547059495561
0,0.9066064799335433
0,0.008308490063182695
1,0.8015499951103788
0,0.04922885426294738
1,0.04306098844144191
1,0.8051719565619126
0,0.28682085964128134
0,0.8699207428636702
0,0.6283030086095603
1,0.9232027269961791
0,0.208334478094118
0,0.4108521640577682
0,0.059163185131107646
1,0.7709191024902995
1,0.05468873633015434
1,0.2873792368752315
0,0.6915565232103451
1,0.0977687592732912
1,0.07707018859640928
0,0.15132606526915107
0,0.1384019196123511
0,0.15294060657592
0,0.009246790840610508
1,0.9725172655659128
0,0.017331611366799424
0,0.2289336693013624
0,0.002797039039783486
1,0.6878134276492294
0,0.1099985543591628
0,0.4180696306577961
0,0.09173496952094616
1,0.9385104207010362
1,0.9251017388984152
1,0.10118244530242203
0,0.01775659302528419
1,0.958370764958135
0,0.024872790393092488
1,0.37991996055852284
0,0.018880597055318284
0,0.7722536107235577
0,0.19988991077957521
1,0.348049208705772
0,0.1903613140247604
1,0.9213949702372846
1,0.7477374023293524
1,0.8730820634056773
0,0.02092114333517661
0,0.014819769398326231
0,0.006116189387001071
0,0.029799647877570834
0,0.10390300992755457
0,0.028965331992935474
0,0.8586826228771056
1,0.27149029205300895
1,0.9231183701213248
0,0.373060159628434
0,0.138219156598603
0,0.16594889329035428
0,0.032043375927624324
0,0.10128527775158731
1,0.9518274222561987
0,0.8140942989108626
1,0.8710029940568874
0,0.6946427266282889
0,0.019216660469440112
1,0.2877028191819815
1,0.892839153477046
0,0.008953419691930031
0,0.39451453731314523
0,0.41107345794771794
1,0.16086745168944155
1,0.42546911521523484
0,0.16899937910088833
0,0.6932208133705668
0,0.35905569507111873
0,0.8629135581329264
0,0.07975666541622645
0,0.02631388944647241
1,0.7310868449600022
1,0.7316104904111937
1,0.9492284398972949
1,0.14177992969601405
0,0.3684380406943066
1,0.9583440740775564
1,0.6459382651355245
1,0.5308958688834566
0,0.26699098871628224
0,0.2248176186141321
0,0.02028673078931679
1,0.7982345184351632
1,0.8450719837246273
0,0.762490155935047
0,0.03150142314925284
1,0.928258762592804
0,0.07404395636426432
0,0.5875000095553996
0,0.4382327917684889
1,0.45830039637159525
0,0.020991915232978
0,0.38764258865941087
0,0.027892556771111833
0,0.01317709626499736
1,0.49181483527333525
0,0.056452860547557736
0,0.08258314103201733
0,0.12886278867804385
1,0.7660290622271226
0,0.1127189304678865
0,0.10755110916241957
1,0.7735664687868098
1,0.40623889821768083
1,0.9435219721437859
1,0.5993738958943449
1,0.9049500514359641
0,0.015325187315843675
0,0.06980652236227641
0,0.14767664727505
0,0.08112547614138305
0,0.6179965606271275
0,0.02939498379389791
1,0.9426940556788139
0,0.053268838714423776
0,0.04344695920323112
0,0.01668190315935509
1,0.4202051811936744
0,0.07582198738678196
1,0.5915103315652103
0,0.12310849230952933
1,0.9304073712917363
0,0.8625781709366006
1,0.10589531316046316
0,0.03584482072346456
0,0.0137658508718988
1,0.8629491280039885
0,0.019528052630021008
1,0.9374138058179916
0,0.2659658486137206
1,0.925386907261048
0,0.29414085830213654
0,0.043537938715611554
0,0.022916165096836718
1,0.9205835927882635
0,0.011705836662521105
0,0.01852820334638456
1,0.5839815998670993
0,0.2892391354477272
0,0.6799552061042204
0,0.044007284855129794
0,0.016554015241050237
1,0.918699368126259
0,0.39084921901560643
0,0.36441555058413205
0,0.02721840732087242
1,0.8824065593365481
1,0.9050839960954475
1,0.6741663223911161
0,0.020672410760382134
0,0.2110607423168328
0,0.29319593608516753
0,0.04594426842576539
0,0.004516266813497635
1,0.9788063464934912
1,0.8507052963011521
0,0.024252267238791824
1,0.2355251810140878
1,0.8722519896511858
0,0.3734234953752108
1,0.7281814174963784
1,0.06886139316655869
0,0.08134441444249708
0,0.28204930728796884
1,0.3526289494290847
0,0.09280676136829674
0,0.020446910213274706
0,0.007512236908277831
0,0.8067880029902399
0,0.06331799005905253
1,0.6829259977325155
1,0.8793293883171416
0,0.013434286328833058
1,0.9846686140345198
0,0.2072473472591331
0,0.6775045878318641
0,0.31362753656026715
1,0.8552486613489548
0,0.27876075321447913
0,0.1987562990416642
0,0.02333117808118444
1,0.8028600342857487
0,0.4114265319111631
0,0.026091837848642215
1,0.9762035064739103
1,0.5102194668852321
1,0.05323726103514722
1,0.5187270360444873
0,0.012982646860405966
1,0.7094870659504725
1,0.9374632586645935
1,0.9740010127171294
0,0.11040111753048451
0,0.18543332910533028
0,0.32720299578603645
1,0.8951842346835951
1,0.6944766803247255
0,0.017884690528611857
1,0.5650822445098381
1,0.8517011069848146
1,0.6178381562033411
1,0.4313862465617852
0,0.13435311950338738
0,0.1266455760577712
0,0.026902922345488085
0,0.021114727641340324
0,0.04175558286905473
0,0.011322714936935175
0,0.5459462123616301
0,0.22241009255314503
0,0.04105977523143503
1,0.815738204371097
1,0.9563568229671576
0,0.029354931463172758
1,0.9747186967111718
1,0.949040017137955
0,0.00574420575253008
0,0.011105150721812966
1,0.65933719268492
0,0.27941934030176246
0,0.0239101237286796
0,0.04727739854631787
0,0.11480562143114516
1,0.7547187197235184
0,0.020095056455018558
1,0.9649075845755437
0,0.022790432113992582
0,0.04883843102033732
0,0.009207211527637057
0,0.06436774360559172
1,0.8869567806627893
0,0.6405075183907031
0,0.05491268090569318
0,0.03179456122425786
1,0.49645310803485065
1,0.27268208202485217
0,0.028226573040042953
0,0.0560841384570772
0,0.02302914437529398
0,0.055647174284309445
0,0.015931422599328136
0,0.7358780972694958
0,0.06152045781063324
0,0.038030661638762654
0,0.19315818833038093
0,0.15428767017989553
0,0.07566357686223947
0,0.15138749059133855
0,0.029906351998266474
1,0.8537973229242113
0,0.8935127260030464
0,0.015510567249756916
0,0.09772194586446402
0,0.7499326837933783
1,0.9238231461337273
0,0.1322606077091786
0,0.032685859035377796
0,0.29920828856631737
1,0.0741953132040972
0,0.6405529658429302
1,0.3924994297969679
1,0.9179829784333422
1,0.24873329847741055
0,0.3491429471874303
0,0.09701045938419857
1,0.9506229858787725
1,0.8772017139072866
0,0.0656342803973054
0,0.07897851465100764
0,0.6489606506310495
1,0.2788007966026049
1,0.5345793634214346
1,0.833542589502138
1,0.25016582383768654
0,0.13929427080828632
0,0.01871326186282017
0,0.02922805839956095
1,0.9791983589728687
1,0.8582149354880637
0,0.1739310810038635
0,0.017573799557182294
0,0.0661836839010919
0,0.08333557762930784
0,0.13570552369333136
0,0.06185309874617719
1,0.44969464977693047
1,0.957949719825741
0,0.15982455348938404
0,0.4285559479253952
0,0.043592061395033244
1,0.917457511107714
1,0.9280675984829103
0,0.08351207361427962
0,0.2858681535660183
0,0.18516956136326423
0,0.015652623562194223
0,0.039717602428416134
0,0.011770293723556048
1,0.6142828761694122
0,0.08698428153432772
0,0.5500149631120613
0,0.507028665555345
1,0.18413115511478123
0,0.04098591645801188
0,0.07969738487379571
0,0.016214081094272616
1,0.9382052162675059
0,0.0586704673814322
0,0.007099653678923207
0,0.013613647532794055
0,0.059523161692923016
0,0.02351584576233834
0,0.03931788428246173
1,0.4392641668329094
1,0.5432816015518442
0,0.005841223492584175
0,0.07580751243220242
1,0.481888962850185
1,0.8920116097942103
0,0.5940812006058988
0,0.27096536279138683
0,0.05789319238728693
1,0.7132018112408052
0,0.05444819572589662
1,0.9029227103337425
1,0.9194919645142755
1,0.9659944024526943
0,0.08846149723504618
0,0.09802755338546341
1,0.9343826789040036
0,0.021705198760536375
0,0.09666570105990199
0,0.06971335206337805
1,0.5708628665353093
0,0.007660378597198834
0,0.12895544464200892
1,0.9933177572751689
0,0.05746888602040682
1,0.24540746232033303
0,0.5783215718076168
0,0.5565090214853922
0,0.31529264567955206
0,0.3860522862662063
1,0.6244630264830411
0,0.19004412241993146
1,0.10791758442700715
1,0.5010214327400971
0,0.33799698149732893
1,0.7325963622143948
1,0.1458115709067919
0,0.0647190448266147
0,0.16519937530406528
1,0.928383508561391
1,0.33555562580749676
0,0.2151589002825342
0,0.021592368353579496
0,0.009401882065121596
1,0.9379835612945647
0,0.5559169255493082
0,0.09878283576468384
0,0.14678562990056943
0,0.054952984138873576
0,0.0488761207224085
0,0.049535970622944465
0,0.029177374506776606
1,0.3595097946867082
0,0.33146069831256664
1,0.1937754417188761
1,0.5538439497472867
1,0.5230134385221655
0,0.30923293345223996
0,0.025958878949573994
1,0.7554926054083518
0,0.2803305545148031
0,0.07883139170358341
0,0.00961098533320944
0,0.07074423383579394
0,0.4840069262878498
0,0.030268101747951175
0,0.4676485846758706
0,0.024013122610335207
0,0.006590094090249931
1,0.9836325044365888
0,0.032388236452824105
1,0.17588242109805433
0,0.2614224333639641
0,0.06509208706301985
0,0.005660034607047485
0,0.016056898306118124
0,0.010342252860189038
1,0.8093175885113062
1,0.1917458806701283
0,0.033613388371141674
0,0.5410763290939207
1,0.13825667562456426
0,0.019512219307009
0,0.07621702035674065
0,0.7439243732659292
1,0.8465886236482157
1,0.9258350509357952
1,0.12350097152487845
0,0.03574454993586262
1,0.669670831931193
0,0.6944342234360044
0,0.2601646889304631
0,0.0765010933197512
0,0.25316902484750686
0,0.013635472248922535
0,0.016703596009836917
1,0.29854462499239554
1,0.34593972193375255
1,0.1687359766962877
1,0.9503073677924919
0,0.7660820240504537
0,0.2535075749188933
1,0.8462811080672423
0,0.017066803252734283
0,0.03124685620378134
0,0.5129063798352314
1,0.7216724519679041
1,0.7510457663656215
0,0.03501132258701958
1,0.7306864406756182
0,0.047971804708128216
0,0.010673369770963817
0,0.003807681928997138
0,0.008729232820777614
0,0.23705539414000873
0,0.021516882603489416
1,0.4769691557111791
1,0.5130394356737181
0,0.046354848575675185
1,0.9075905656005276
0,0.08690718611136584
0,0.06327856091490294
0,0.2921645116335287
0,0.012294118960901027
0,0.7989439590287046
0,0.12345364402697442
1,0.933455554883112
1,0.713754137325749
1,0.5624903750540068
0,0.34812946518434346
1,0.9320559501806526
1,0.6616205343870972
1,0.9715361532115793
0,0.04236399472820149
1,0.6160251158540926
0,0.03690964504317731
1,0.6700126466918127
1,0.948978246073539
0,0.14947241922074556
0,0.038203352196692665
1,0.9429370954665203
0,0.07449869287748483
1,0.9426346527553076
0,0.19019688988543193
1,0.7788924153242679
1,0.7218242656261651
1,0.650897559330327
0,0.18217609850763838
0,0.05963804614946669
0,0.005142767267731911
0,0.014370798493168293
0,0.04018467617567558
1,0.7522163480365972
0,0.007958935529978372
1,0.953002715928837
1,0.8157517817519051
0,0.06866786844005186
1,0.5431640234846622
1,0.8412064505648028
0,0.38972429422779725
1,0.7243818358964716
0,0.031237723534098486
1,0.9222965815473786
0,0.33951857528774654
1,0.29440095890858636
1,0.7116339020284365
1,0.6351570251215977
0,0.34000328606593844
1,0.9469705332804695
1,0.9044933516899035
0,0.007956157775257832
0,0.12737577228126612
1,0.2991569742840214
1,0.9135490016789043
1,0.7983605377034979
1,0.4686443304629646
0,0.017465498596357393
0,0.0945243251338032
1,0.2500437490350098
0,0.01687472926933684
0,0.7379035585089846
0,0.005520500704778819
0,0.028688371709218317
0,0.39373529188784084
0,0.7009891818133724
1,0.4045545217625965
0,0.20648863987793012
0,0.9387342209542086
1,0.8011719420105233
1,0.8373791588121792
0,0.04544798377913057
1,0.7601662626825128
1,0.9321712341491848
1,0.3613302738347325
1,0.7337962197104088
1,0.8544716911590848
0,0.08274546899594903
1,0.7112290597523819
0,0.031081326087621097
1,0.5841152904752019
1,0.08833674630743245
0,0.05600131768269495
0,0.020437425882106196
0,0.07094713908725268
1,0.8325510935639403
1,0.8977905472467376
0,0.27382710266259425
0,0.07302041405331115
0,0.11781201457132748
0,0.06254022529794356
1,0.8526513616505376
1,0.17365812813068318
1,0.8347242798854531
0,0.0450708453690578
0,0.3377163325793472
0,0.015387133443118923
0,0.24276824286191667
0,0.045661080540146864
1,0.8250049622174406
0,0.04110627159144688
0,0.047332773386913336
0,0.0793501550562566
0,0.035934921310106754
0,0.04619081042097785
0,0.3317212641481506
0,0.006289486041193824
0,0.058350819119834786
1,0.9563483826974871
0,0.008233916835034152
0,0.058210014323474175
1,0.7210627204453521
0,0.630535129585315
0,0.009919288569798566
0,0.005990384370178906
1,0.049084788748220025
1,0.8666608361846171
0,0.5038951189649243
0,0.013487105418786342
0,0.028010767161192253
0,0.007425171653007343
0,0.17455639200084955
0,0.022628299445210883
1,0.9620700085117404
0,0.060481445264865215
0,0.0819481714698178
0,0.536524660854524
0,0.12129140961416753
1,0.5175622901917434
1,0.6396231024976221
1,0.9485082982584454
1,0.268465308205254
0,0.014038294700126219
1,0.1637450132241877
0,0.09982322271117139
1,0.407729441760739
0,0.12912328453048344
0,0.5876283565385367
1,0.9328923136551563
1,0.9462023664673741
0,0.10244563887392945
0,0.3829081100866917
0,0.5320200360070444
1,0.8818178693464371
1,0.8314856469497788
1,0.14477396647702548
0,0.06065186589878063
0,0.024807515524066646
0,0.2398185372966419
1,0.7877097581060603
0,0.019647019973031667
0,0.3445014012519509
0,0.6722357182373554
0,0.19791994303200514
1,0.9378911532083158
0,0.09648355162570776
0,0.04304784897292538
0,0.0027454732057383582
1,0.9093640414324313
0,0.13261396565485328
0,0.04249345426930397
1,0.7795093015847399
1,0.5790715161151951
0,0.017622421899584833
0,0.10212536634791929
0,0.015146892010695506
1,0.2279299978321512
0,0.5781920372385944
1,0.9423544742682101
1,0.6085114879246779
0,0.08050650774323244
0,0.03546449493240266
0,0.2073688560492487
0,0.00542852991978199
1,0.9341637611855572
1,0.8897364716162212
0,0.21977204524043836
0,0.3834678613057324
0,0.11597228809261863
0,0.5285176456317106
1,0.8327338139142002
0,0.04279982842750433
0,0.11498364362252704
0,0.02495327257283431
0,0.6823078732755097
0,0.09440566591866621
1,0.7653239727647421
0,0.043257072715489106
0,0.4069870324733308
1,0.17857043310507043
0,0.01042296128029173
1,0.9307962621133438
0,0.021849505404224964
1,0.6278956948577045
0,0.15448387980896006
1,0.008848960045324487
0,0.33425040482382207
1,0.4733702600282663
1,0.678798738875914
0,0.01222422665563601
1,0.957213164452356
1,0.940119791708209
1,0.4866735929360084
0,0.35937020355631494
0,0.06372523775889961
1,0.9281909148437566
0,0.07101769801611907
1,0.3072722997459364
0,0.1724967047930109
0,0.03536429396512832
0,0.01802911193909759
0,0.03605324973761237
0,0.15614301230595612
0,0.079676094338658
1,0.9707199090259843
0,0.876012949849499
0,0.29231738539955004
1,0.9281716784247525
0,0.035972489753957324
1,0.9520248128455291
0,0.024677937681406012
0,0.7115855326628479
0,0.1277602514503231
0,0.07055370009804468
0,0.08966757102059776
0,0.11437474556990658
1,0.07067396004348317
0,0.17200180946361135
0,0.10441751051598624
1,0.9609994480147067
0,0.4613041500723002
1,0.5606211566654429
0,0.06257843478826881
0,0.08842488961649841
0,0.6686820970380077
0,0.0037411412967022985
0,0.11458383627717211
0,0.08128507800176539
1,0.9188441681515164
1,0.9777197226269558
1,0.823400608902124
0,0.08237135948914155
0,0.03372754139615444
1,0.6883052241242044
0,0.03951945085119167
0,0.026949492177028345
0,0.13436055449704806
0,0.1280484216167889
1,0.4429632346520487
0,0.37133967017363945
0,0.06146860730521136
0,0.3317990658616222
0,0.052133233899379586
0,0.30238998626171376
0,0.575875070556633
0,0.01207474986887894
0,0.528290009963906
0,0.48318206988783313
0,0.02098762776186249
1,0.8675707712139138
1,0.37784473061179924
1,0.059738001267714884
1,0.9707552114586941
1,0.2375404192985109
0,0.29061920327550367
0,0.29803366185488434
1,0.6844151479767582
0,0.23173404354295657
0,0.025325207965586738
1,0.8376540325820419
0,0.08569678091323357
1,0.22330193498941056
0,0.13448903013249036
1,0.8368263299969136
0,0.4766430647170061
0,0.03769222876485556
0,0.37560454400736554
1,0.8625093676895926
1,0.13525065466605918
1,0.9501431651894622
0,0.05735149932189152
0,0.08662743187496988
0,0.009964948786119466
0,0.09328515952171021
0,0.8186653422669433
0,0.017122364181545453
0,0.018111325608769848
0,0.4175384899003481
0,0.06158567765019814
0,0.08121690786801522
0,0.015739591490207133
0,0.025469569291470595
0,0.07188529876362122
1,0.9537385300650109
0,0.05973453965364447
0,0.2384464049486269
0,0.10290087398681007
0,0.008949475125357386
0,0.10861772332107122
0,0.09449641467555536
1,0.88093894148748
0,0.16013242344094422
0,0.0488450521839359
0,0.016575008878744253
0,0.7897870548547468
1,0.41204878499886133
1,0.7811117066578023
1,0.4839034283500571
0,0.17033555378024606
0,0.14472383309470344
1,0.6245962656106023
1,0.4960633683234648
1,0.9702070764447353
0,0.2760793622475857
0,0.7841088534427937
1,0.2965281552084052
0,0.4713452299197439
0,0.3029141608868264
0,0.3580855308903921
0,0.21714267607245719
0,0.74258991563564
1,0.8385053701722706
0,0.18011651495695957
0,0.03276346978385775
0,0.47391943958020805
1,0.5469001671248229
0,0.8169534477960565
0,0.5503623193925958
1,0.49313340411520074
0,0.003289694522442626
1,0.5098547105227985
0,0.6850014172078905
0,0.04153129238748257
0,0.04943644254971357
0,0.006101332111341591
1,0.15145415311584412
0,0.04164195689381305
0,0.03442317641948034
0,0.23963283331636553
0,0.01287202821544372
0,0.07219682952576473
0,0.005755753035629739
1,0.9182136505490102
0,0.2564287593609001
0,0.07035993787586257
1,0.6486667793982575
0,0.3517125576225327
0,0.19826987848623712
1,0.25230666122278755
0,0.2741033805723811
1,0.3841088380831628
0,0.08787782199242139
1,0.8575544796187986
0,0.06857152217183214
1,0.430260613050238
0,0.09294607321580155
1,0.27967213534388513
1,0.4262521456451641
0,0.019615524275047824
0,0.013652156824962994
0,0.01936611183819014
0,0.05478325234308117
1,0.6895615530054352
0,0.9196427427104032
1,0.5186398952024522
0,0.0014876015019338253
0,0.012947336551045427
0,0.02400338064676675
0,0.06398340437702495
1,0.24467491685433682
0,0.007096222847909074
1,0.4042196224820475
0,0.05236591718128161
1,0.7239957671238374
0,0.701765792858072
0,0.08798241138861058
1,0.8349603101916963
0,0.14660981104617712
1,0.932791384245242
0,0.03448152032327489
0,0.2918119336398743
1,0.3962239375605418
0,0.6243747163206593
1,0.9655689675307547
0,0.013910178259503964
1,0.8131270947839995
1,0.34752044171032126
0,0.07592073555376255
0,0.011686964893461639
0,0.04956685471219751
1,0.4872654794749178
1,0.9293544359278838
1,0.13035287814127786
0,0.883205788050719
0,0.08872720579091288
0,0.40025692724428885
1,0.38996284154035266
0,0.05210225612505636
1,0.5197003334204943
0,0.03923769922101707
0,0.4149186108736896
1,0.5291300451010985
0,0.23078629325311706
1,0.8885784339246129
0,0.04967129783904343
0,0.027830570392730476
1,0.6749904637886213
0,0.007114964989604782
0,0.017657002748428584
1,0.7425422968137319
0,0.014036662345329068
0,0.36499255967407324
0,0.012645048476301773
1,0.6193686012728307
0,0.0844361693228195
1,0.6388815041586671
0,0.8714091059576636
0,0.1745077498968743
1,0.8705813901918041
1,0.6407344414659695
0,0.08048460490408885
1,0.3841088380831628
1,0.2877593221024537
1,0.790815606563508
0,0.49310201791339603
0,0.24994020549479107
0,0.3629083749810104
0,0.011273763910105497
0,0.07844959095232817
0,0.007172122202172859
0,0.005541118103106236
1,0.9107384369080072
1,0.9440421789532273
0,0.18891125590552157
0,0.7560015613494293
0,0.8431602822308177
1,0.6432831114997487
1,0.7925286525074212
0,0.6386481304043191
1,0.8840300915357566
0,0.14329431639336612
1,0.9917387095706595
0,0.040323526926590365
0,0.03501541964642362
1,0.17956434965946363
0,0.03356889353900838
0,0.2146705698330264
1,0.6251614169775113
1,0.13590017512158414
0,0.030797358841053533
0,0.012293880828071178
1,0.5304679238209409
0,0.011135097266917738
0,0.16329362927146293
0,0.0809679679370559
0,0.03030294717120444
0,0.04309135495471268
0,0.15419237001362485
0,0.014121117017432485
1,0.8456242475484704
0,0.06483369013904244
0,0.03901649547015403
0,0.04939569338527969
0,0.01544277436067149
1,0.1740275527683071
0,0.3276066254405293
0,0.7598981234985439
0,0.06275904613120493
1,0.3249722955339776
0,0.013829742309321805
0,0.03843256756731002
1,0.9575201072354435
1,0.9457424785492228
0,0.10157422168771833
0,0.0734186034437867
0,0.3450399016634565
1,0.97541347401572
1,0.8726197390319775
0,0.08792138656230128
0,0.13173695108006292
1,0.9460301771929742
0,0.016796195386999734
0,0.44712235637877634
0,0.8139180185324354
0,0.1070336097365931
0,0.13629159582694064
1,0.8881437804028037
1,0.8088564519479149
0,0.10604154673779209
0,0.005118434537205576
0,0.03788439170556692
0,0.010619609739489033
0,0.1672536712182127
0,0.8173381307644453
0,0.03610138724689079
1,0.8386919230887058
0,0.03598670345681515
1,0.9089282061579645
0,0.013362986079658886
0,0.5834910326887353
1,0.4754418279714874
1,0.8378712349066929
0,0.35935075147816176
0,0.15512173291261339
0,0.9192562424432983
1,0.13351388697234942
0,0.2773500012127787
1,0.5254947285696018
0,0.014424555426922381
0,0.03902665826557676
1,0.8934392494821611
0,0.07438423370873194
1,0.4376887985229516
0,0.016159210528541475
0,0.05780476390935785
1,0.7164907577046824
0,0.03712930242451295
1,0.6878134276492294
0,0.04392500498397312
1,0.9286976075529138
0,0.007950615455035238
1,0.2623101394387603
0,0.04439498214088653
0,0.4750029424408563
1,0.7214140569421338
0,0.00930806908437097
0,0.06799792030992699
0,0.27888123288529365
1,0.8894104973801851
0,0.017480368316087715
1,0.9705274228760975
0,0.027369520784342426
0,0.008116937504697488
0,0.49984449252130714
0,0.07474943082150298
1,0.43367996572136847
1,0.5770041259365873
0,0.5158163756177496
0,0.06234795069218719
1,0.860758446292347
1,0.7503780435121171
0,0.013830812368052933
0,0.17751414165036272
0,0.4981528259502824
0,0.008351292322281394
1,0.2448285962955598
0,0.009964948786119466
0,0.20847839428321122
0,0.02515780886341733
0,0.03782935401649253
0,0.12544156717099192
1,0.7102256961736698
0,0.10362853434787966
0,0.31965734480698205
0,0.026743695983835487
0,0.029280490420362713
0,0.06852290587559651
0,0.02866527405922953
0,0.12166137489409973
1,0.7813699658528602
1,0.7694515655458457
0,0.7982630430937693
0,0.3625097950505392
1,0.8996586840036661
0,0.28256695552726424
0,0.7346753482004047
0,0.6155748907235686
0,0.011331845407867294
0,0.07140898661897355
0,0.1613173545404236
1,0.9557516351263564
0,0.017342668613324477
0,0.1739706656344424
0,0.6205898873074851
0,0.24487211547141008
0,0.017035707250504052
1,0.8537090283418981
0,0.16083029507716326
0,0.11008946079055074
1,0.5909751912376896
1,0.7273451148865651
1,0.8752652255403167
1,0.819368162417131
1,0.8574463925440367
1,0.7806714681991712
1,0.5886286989124286
0,0.07251259825977951
0,0.0863599674931501
0,0.06877781382966217
0,0.30598688719054207
0,0.026532357285288303
1,0.8854986349360654
0,0.004664028158713216
1,0.39131502800750445
0,0.01891602524263869
0,0.021904170697813155
1,0.7550311300486247
0,0.31050828530951574
0,0.11912006074877678
0,0.07756426144092678
1,0.906579050505786
0,0.17851518387124357
0,0.014590521084646904
0,0.01901736827086626
0,0.22189942865430892
0,0.02998766270308537
0,0.06626590594593296
0,0.8932987927323236
1,0.26748192085490546
0,0.06684298567208505
0,0.03436711213073762
0,0.21867774635798487
1,0.16094043987080495
0,0.013005998322198122
0,0.39781187306443616
0,0.24235124188494753
0,0.047046861156690274
0,0.49516417914499267
1,0.6940088918175962
0,0.14838732027886134
0,0.09124409064093107
0,0.3268410299465422
0,0.137854674913073
0,0.55212349027003
1,0.9508916408557629
0,0.060767964357773395
1,0.10332531421267384
0,0.2960356598994175
0,0.3501426411131049
1,0.8599979744969778
0,0.1225902716911947
0,0.02906291370288319
1,0.8391654210781195
0,0.013651251584725318
0,0.42632571281217563
0,0.020992868974571834
0,0.40316989150602717
0,0.10861772332107122
1,0.9895566745370427
0,0.011486004070603304
1,0.6662068448398815
0,0.009908415357614095
0,0.024392048473702157
1,0.8929867724477543
1,0.8750767742135639
1,0.8157058237088721
0,0.03937169645345597
0,0.05420687727187886
0,0.07030654402074935
0,0.0203669802511215
1,0.5647414302652828
0,0.30260351652862943
1,0.47174393699234934
0,0.16454722789357287
1,0.5198001864960632
0,0.00849024535860377
0,0.042734154170999294
0,0.11677845983208981
0,0.02094115133763009
0,0.47045643844619206
1,0.387800783634705
0,0.5399154229153935
0,0.803757751898714
1,0.9075272338820932
0,0.27895948549735505
1,0.11291050969740857
1,0.5604042353639695
0,0.1156594144648069
1,0.8645612355813356
0,0.35784465502864954
0,0.005217782236094443
1,0.7280663005733921
1,0.7092138678398109
0,0.008139137581905773
0,0.5405944402681334
1,0.536216177296118
1,0.7983099826780622
0,0.9161356125564617
1,0.8829153423195044
0,0.1642955318844944
1,0.6877554429589638
0,0.8162395762575595
0,0.036311735815076
1,0.8088564519479149
0,0.006651826651173954
1,0.9387358743114823
1,0.7220598792817094
0,0.11350422158888099
1,0.5495135329761031
1,0.9045555452765016
1,0.5284917755790871
0,0.10038859902543429
1,0.6774666497797898
0,0.014341666139650605
1,0.8248894434784798
0,0.022500801427322137
1,0.8686767539950585
0,0.03493301900894185
1,0.7109168937270484
0,0.4941214147537828
1,0.41530793701706875
0,0.027858384913506482
0,0.061312947342945755
0,0.6308436528848571
0,0.45815213056766096
0,0.9079267597970616
0,0.04079041052313349
1,0.5032904988796632
1,0.9479975685308369
0,0.6173914585663841
1,0.9476224715425314
0,0.057593643143659105
0,0.006072372039214756
0,0.00755890893769738
0,0.7491906090498441
0,0.023011788081205402
1,0.6052283819173296
0,0.019287213064477487
1,0.1285529466369911
0,0.020921798324014564
0,0.007338587716787409
0,0.007853908935063183
1,0.06990645130413756
1,0.9519262379332882
0,0.08873330817065693
1,0.42501242098827074
0,0.029769786178791013
0,0.08740473080614561
1,0.4860278882073598
0,0.006649173462126141
0,0.18754892029099932
0,0.011595319697253954
1,0.574071728818952
0,0.31732049181893496
0,0.00960655372126292
1,0.8961737501303054
1,0.9850219848222195
0,0.24018314101261515
1,0.8888804000118499
1,0.9634422960239037
0,0.022168086484155948
1,0.8443297604822194
1,0.5223880015720376
0,0.03314657537067133
1,0.8362896887132495
1,0.8255450339736423
0,0.1265235213110413
1,0.5014952865946343
0,0.024358089085594142
0,0.12829579084204515
0,0.5143680119349565
0,0.17828734320650616
0,0.006914617977987084
1,0.24180844072723975
1,0.7885411914855069
0,0.32425594773996447
0,0.021436142269375544
1,0.8844732604085209
1,0.9471095036629895
0,0.14736682960582054
1,0.7533367432123457
0,0.449957437377625
1,0.5235001483561305
0,0.1058499330008556
0,0.053690449770536816
0,0.02437298270030417
0,0.007584802340905881
0,0.15608769404774864
0,0.4751340298225873
0,0.13013944410706102
0,0.03252921956549185
0,0.37543769986155856
1,0.30115365165995767
0,0.8052058480461018
0,0.006706764419462729
1,0.38610292229694126
0,0.04669258390836259
1,0.7993345145079331
0,0.004727253765375541
0,0.10146119442729547
1,0.6402778018291521
0,0.07367667520981318
0,0.011850650727774359
0,0.011116559341533421
1,0.6819404098251517
1,0.903175115843751
0,0.08151452959743243
1,0.8518855025257135
0,0.8452755003253265
0,0.05940940582641032
0,0.023596453178293685
1,0.8604218941032251
1,0.2684604678231004
0,0.06257421858804223
0,0.056971059514135586
1,0.8022140644626673
0,0.09293716890100985
0,0.039792650629774586
0,0.11138706216479691
0,0.1609078766445622
1,0.8926427117662067
0,0.006740802291765487
1,0.17176547534712971
1,0.6076240372762475
1,0.405636183133285
0,0.027077291117825482
0,0.022808945629588098
0,0.0802340342466628
0,0.0036304432277898973
1,0.8279779752505869
1,0.6354033170133758
1,0.9379717795861021
1,0.6813937895660249
1,0.8265986679839674
0,0.0531299652297208
0,0.4167481072670239
0,0.012247363498050494
1,0.8519824277693916
0,0.22201737874509805
0,0.6445466466681484
1,0.8251906061112848
0,0.22392697055648375
1,0.5075619433425894
0,0.03504650605388976
1,0.7843018020911835
0,0.13330445784962414
1,0.9529776996814584
1,0.9406676968528155
0,0.04295339926236309
1,0.9846746235335229
1,0.16557359298616847
1,0.8544710389702629
1,0.7500558127886504
0,0.7643778047241119
1,0.44201243272882046
1,0.42368677478107514
0,0.02652152395002186
0,0.19875816808440716
0,0.09154171778685397
0,0.07803707871581235
0,0.053495526299326635
0,0.009747395436805535
0,0.017401828729645154
1,0.4819459675161812
1,0.9254066374532662
0,0.11796351695579765
0,0.03695231540034403
1,0.7935388776869128
0,0.028174213368015455
0,0.47502742235353146
0,0.05349798205221062
1,0.8997209973100547
1,0.9311396386360665
1,0.9598830146573312
1,0.7336214245407312
0,0.7762371420016189
0,0.05808046976368161
0,0.06610683902883206
0,0.6156284240225679
0,0.13908742132032406
1,0.9741792463309807
1,0.882824449878191
1,0.09773371242227569
0,0.424630458534041
0,0.028776805951170666
0,0.03677238190341086
1,0.6664400491456515
1,0.8196398909512119
0,0.14178581995145526
1,0.949977143768925
0,0.11686372060747319
1,0.9740010127171294
0,0.1300722360880715
1,0.8905814748974391
0,0.7311866002361115
1,0.816351430891202
0,0.6871880863815991
0,0.05783551778113222
0,0.05858323127104213
1,0.7315679325858504
1,0.5451246936642448
0,0.8216410720447758
0,0.5826881953385361
0,0.048974650383103016
0,0.008560234911450675
0,0.040966584553534226
0,0.023535090843059492
0,0.24607668603186603
0,0.09808551300012382
0,0.12398194773019452
1,0.8225630872302494
0,0.02222960523000286
0,0.2319766574515583
0,0.053345928085256566
1,0.7271798219337774
0,0.04241009835531104
1,0.6332031950879391
0,0.013372610437532904
0,0.20044345957435897
0,0.25388537843296155
0,0.03700823990492748
1,0.545988107624231
1,0.8347544638774052
1,0.4800014326352983
0,0.01813725026135991
0,0.04678949652790487
0,0.6792714612380975
0,0.02128923416889778
0,0.01772369430769321
0,0.38117476924308413
1,0.8449693419816173
0,0.22103072974593369
0,0.11314441586488816
1,0.9114049835195351
0,0.04745671182088751
1,0.5479585260758749
1,0.7816838714606424
0,0.04315847256309877
0,0.19743949555448817
0,0.2482371057589614
0,0.043897906844557806
1,0.08337344186129796
1,0.33772267011370266
0,0.04152729593299498
0,0.36658076556915176
1,0.7910580766336694
1,0.6824759429374253
1,0.5555583854556345
0,0.3930894441416918
0,0.16223966530832315
0,0.07524839603942045
1,0.8191550703742841
0,0.03117596442950398
0,0.19410910256127029
1,0.8151054408626737
1,0.7068306145340849
0,0.9063280676171139
1,0.522890274072477
0,0.4482118114411767
0,0.04241748625381973
0,0.29333461062468374
0,0.2726829813389424
0,0.007832424993118097
1,0.6326694698152616
1,0.1726922220852387
0,0.07140285002426638
0,0.24163763143500167
1,0.8937977067235535
1,0.9637229935942907
1,0.9065400959437822
1,0.7121542869196013
0,0.11907873924831307
1,0.9360160482697792
0,0.07539303154494133
0,0.05164665522798879
1,0.9075739350714706
1,0.013830755061558198
0,0.5810425739181589
0,0.03268543315867401
1,0.6887774080250457
0,0.005519222349284922
0,0.7925019240278066
0,0.15147298739676487
1,0.9333065351351854
0,0.029425550032940177
1,0.8953145563535925
0,0.3072275231992592
1,0.13274424274964883
1,0.18512814018788876
1,0.5700228888671716
0,0.2526846936429073
1,0.043642752975943756
0,0.025228621952188793
0,0.09289708432360229
0,0.4241656076667602
0,0.09182733786604112
0,0.015102364360567869
1,0.9551748025000223
0,0.00629669002933797
0,0.45545778223579003
0,0.013207309569801236
1,0.3984595846719544
1,0.5870239791286157
1,0.9298453172248106
0,0.04197449375315161
0,0.03124455304279188
0,0.058662746394899656
0,0.07813305561286013
0,0.02434453515545319
0,0.17691955989830352
0,0.006172480558497574
0,0.1309069991709785
1,0.9436726846613238
0,0.014759061420116897
1,0.5307560955317088
0,0.10850806626300051
0,0.14447465934309947
0,0.007233311650857787
0,0.24842521195852157
0,0.024522597532104447
0,0.01162556442824684
1,0.9243656469401204
0,0.4981260970243126
0,0.009446138340566979
0,0.6851976396833228
0,0.08837720845715229
0,0.004503093772957527
0,0.12898765145793503
1,0.8195156559453524
0,0.015478990885103601
0,0.1709121845577217
1,0.9319951931487649
0,0.09856460039078928
0,0.13726305985612292
0,0.049614883486053654
1,0.7651564749838259
1,0.913129534961457
0,0.0913118305460148
0,0.006939131415618039
0,0.887819674467909
1,0.8796897886422168
1,0.7074804710215744
1,0.8007332404120383
0,0.039599132895899926
1,0.8938923863730045
0,0.49188456298099525
0,0.05120709888384747
0,0.5410763290939207
1,0.9670896779584359
0,0.12316675786501934
0,0.020222199366499244
0,0.1580419617559369
0,0.00714987209615132
0,0.03872205155384086
0,0.026669601777473666
0,0.1839238813368116
1,0.897004939971044
1,0.2634063340249762
0,0.011602013828539877
0,0.0156726184191933
0,0.47954204371589654
1,0.8790528960564672
0,0.040576657531903614
0,0.9450289984813599
0,0.18380968676769177
1,0.7086425552773836
0,0.0023056764275278274
1,0.9266484552988865
1,0.8826371566498699
0,0.7067873361589083
1,0.8522311600666889
1,0.8188957946914285
1,0.9099039213351447
1,0.7336230732056325
0,0.7402666584055483
1,0.9227232855438612
0,0.03469977600588616
0,0.028414261581802838
0,0.24374317735357118
0,0.022859138814674246
0,0.036138457755257695
1,0.7621441621644444
0,0.11612723594751899
0,0.025836227551711683
0,0.00646421349869475
0,0.016851121699461204
0,0.01914968234060016
0,0.09251000855059863
1,0.17901576441442327
1,0.8934686495369922
0,0.09659805062156779
0,0.34707425363053385
1,0.9546560912282618
0,0.7878379637027807
1,0.7436530071974818
0,0.09852404951874293
1,0.8819254799868502
0,0.02878463473984526
1,0.7427241837750651
0,0.013773661094480489
0,0.023922419558639708
0,0.7110510501289733
1,0.3860329474924088
0,0.4192715807981714
0,0.06154502929171877
0,0.10438925468789999
1,0.7927210282295962
1,0.8779033897772442
1,0.8656775277318257
1,0.26799268261862946
1,0.9227579964935441
0,0.10106102809561152
0,0.014545643991539155
0,0.005516898624614015
0,0.09316640132715924
0,0.03729005834123091
0,0.7812772403514204
1,0.8382469827499593
1,0.6533682490598258
0,0.47593792851872596
0,0.0100511482965023
0,0.02303105207824755
1,0.9058144684332087
0,0.03319711473020806
1,0.21272575629526802
0,0.014938690787028561
0,0.12581281222904075
1,0.8982150344315954
0,0.03875492554945727
0,0.03822212258513938
0,0.7078749003326525
0,0.055466062398200795
1,0.7371177586603458
0,0.03484780370201504
0,0.07652775153850944
0,0.1775277066688482
0,0.10245609197558007
0,0.7787399622627255
0,0.055632824923467834
0,0.029487622090840052
0,0.025454246488315006
1,0.9695443379890263
1,0.8373133171137659
1,0.9211827028795073
0,0.8361373702152483
0,0.5024252418173634
0,0.17636640091493286
0,0.00810579836963355
0,0.04406707930204355
0,0.0021309569984184584
0,0.3758556523448535
1,0.6418754246430145
0,0.014112265564132337
1,0.2757505167185839
0,0.05841840218297133
0,0.007278966858769962
1,0.865039824735236
1,0.13315748393333185
0,0.023538732668865428
0,0.016180227050314508
0,0.02641569910902806
0,0.2019363938941768
0,0.6870411358545789
1,0.015041293841188581
1,0.7334003149934789
0,0.08846087900217868
0,0.02764586521471656
0,0.04048460707807298
1,0.9211483620346231
1,0.6788517779657609
1,0.8374993703265162
0,0.37892995603388324
0,0.4219099229690027
1,0.9272486478872128
1,0.22680000779294968
0,0.039655478786992306
0,0.79875836853064
0,0.3729336000303396
0,0.012272279897688703
1,0.6570543154227977
1,0.6530338517925794
0,0.074438940266384
0,0.06742033411870221
1,0.15710878633589606
0,0.03292115802503128
0,0.02904857879335497
1,0.8552834318029708
0,0.10358985566092689
1,0.8495675294552488
0,0.1446352161752616
0,0.013367563939703554
0,0.02843073730141618
0,0.3602575736836738
0,0.29233354365058134
0,0.1020629423902295
1,0.9363098171145336
1,0.9659761538738344
0,0.00724987921488777
0,0.026400285106565256
0,0.020483020488743706
0,0.08360970841030092
1,0.5497479900589297
0,0.1741508854290222
1,0.5130824999558572
0,0.12615570959437003
0,0.08772474743440967
0,0.8926307793254321
1,0.7126964478378359
0,0.017313469297625866
1,0.38940911127454914
0,0.07125337898585139
0,0.014582061201048324
1,0.7156251478629967
1,0.32054682112274807
0,0.24602547719185583
1,0.511808169345073
0,0.05698408103873605
0,0.04625851984452062
0,0.016739344968207757
0,0.18947032759297733
0,0.008809636065432811
1,0.33285228923227084
1,0.8098033034004115
0,0.736387490386599
1,0.8686323790042697
0,0.18920497220615065
1,0.846565402463509
1,0.8339615232966271
1,0.5541393931348354
1,0.9219871467298643
1,0.8441621226294522
0,0.011750919797753912
0,0.04911538831200594
0,0.11915005008289317
1,0.09410030751932909
0,0.41194672137864924
1,0.8074445267531669
0,0.9098366178164465
1,0.910271376330084
0,0.22207708066532503
1,0.26632589587099564
1,0.6949987935033384
1,0.4472744958496574
0,0.05432396610191659
1,0.8912448789289447
0,0.08381588562816514
1,0.5672091801063772
1,0.7734451157854076
0,0.09723996192101154
1,0.46838853818307
1,0.04384899821655777
1,0.9055158896216974
0,0.009988587603246144
1,0.7074293448229165
0,0.04610816953359159
1,0.08636096444312709
0,0.11946275104845006
0,0.023234536677989897
0,0.07113848963639208
0,0.1268727446366224
0,0.02367956683304777
0,0.27583791209427794
0,0.2099283819310315
0,0.018734578341946983
1,0.842354779730459
1,0.9514170991664572
1,0.3594408271563832
0,0.040585555613599
0,0.04649653232344821
0,0.1589527256538971
0,0.03447660806249257
1,0.7363802825941873
0,0.15412758071648905
0,0.01978675548728233
1,0.4019737609480934
1,0.9633194331921332
0,0.07950002456715484
0,0.27908707963591556
1,0.8430533862750407
0,0.12339637350476326
0,0.01741599506499081
1,0.5725708759257823
1,0.9394106070279745
0,0.05411333503792221
0,0.011097020980793878
0,0.07196834424479699
1,0.9366239608447776
1,0.11429571531945189
1,0.31302852759276967
1,0.7213820959349311
1,0.22657315445363385
0,0.41567565016190045
0,0.09187690935013006
1,0.051075771453635684
1,0.6506690803919504
1,0.4970555634444744
0,0.071103318221642
1,0.9428443451158126
0,0.056621880187220544
0,0.015755553374387617
0,0.03453213558602219
0,0.1411061801885684
0,0.06360169427375915
0,0.007373170967985325
1,0.9000691391464094
1,0.7033287776196627
0,0.03721740027192045
0,0.009664767091213637
1,0.6191262559797273
0,0.08715492893804586
1,0.8075639275339666
0,0.035589473983842546
0,0.008725801804502378
0,0.14983778778591245
0,0.42222634197718983
0,0.01815679963728653
0,0.30685046944171995
0,0.012318671879299421
0,0.031090511014550418
0,0.6427081370021863
1,0.6891496016625491
0,0.00668150841114551
0,0.03029999351878362
1,0.41685135834228143
0,0.33125483187688726
0,0.4171489489714902
0,0.10510362699614814
0,0.8344320983376763
0,0.06826175988831268
0,0.10192302520780455
1,0.9212731042990214
0,0.017850331515113838
0,0.09732552583708179
1,0.7179168577957609
1,0.19474248782923662
0,0.5002153180438443
1,0.6902559480789526
1,0.6307371720136382
0,0.012593350709703884
1,0.47658757152248443
0,0.10930332523281386
0,0.10980350620263989
0,0.5686274738711079
0,0.035740801382053156
1,0.9371432911654918
1,0.9579029106452054
1,0.5688429932613971
0,0.038310781722774745
0,0.6621323683689071
0,0.747935311533096
0,0.6655661581564556
0,0.1557260383334289
0,0.2780266106889461
0,0.11919801229094476
1,0.3901650528022929
1,0.9062280386889918
0,0.11789676837281286
0,0.006132829285865609
0,0.009063050273178814
1,0.3495417188888048
0,0.22494387499121782
0,0.027454539708893277
1,0.8099837023328502
0,0.009125880964011486
0,0.08724046813691268
0,0.7883444884446449
1,0.7914839524231817
0,0.00939208770114461
0,0.0139161249745316
0,0.004505851956317741
1,0.7787399622627255
