target,prediction
0,0.3187234471935015
0,0.009324692221707896
0,0.15332129036854486
0,0.2521226331334539
1,0.5185887126382684
0,0.285266206098482
1,0.8972037343068489
0,0.0032627531973475335
0,0.22400959872542067
0,0.03269525539575023
0,0.01351890425730928
0,0.0069638982043847015
1,0.17494555860739314
0,0.1860129744248751
1,0.8959775438671348
0,0.05228197543180431
0,0.010046884073942086
1,0.05711843337709713
0,0.051068836697184004
0,0.13267131567137613
0,0.12114270906650672
0,0.22412788197376055
0,0.053837771729173714
1,0.7343473505318067
0,0.00521878837741448
0,0.25000689826352146
0,0.009077995816538995
0,0.015780602124459062
0,0.0016505039271390747
1,0.9211894601220143
1,0.2169928792571407
1,0.890829769925262
0,0.0061132865282614015
0,0.057527876230222465
0,0.0035292788821176336
1,0.9265837121073799
0,0.053198095321295547
0,0.01395011216933645
0,0.014728439653795939
1,0.9597316822925878
1,0.8327482962490633
1,0.9620346279256856
1,0.3107897959452999
0,0.07938273868484542
0,0.03524918524497193
0,0.002881041659812525
0,0.04551002165311342
0,0.07520981924765661
0,0.09713973490777161
0,0.3509044804517854
0,0.08442737783376418
0,0.33130599074520944
0,0.1511765128550086
0,0.0157101120384113
1,0.8762218986450132
0,0.01169915941569315
0,0.2485754473123722
0,0.32930565046615373
0,0.8780808640856299
0,0.007517926242118218
0,0.0045941371247981404
0,0.014348622102896131
1,0.9836953606329294
0,0.01053535402158592
1,0.9571290490951001
0,0.4622606446554979
1,0.9730056077832139
0,0.3989779443578658
0,0.014297529979184306
0,0.47364397537100805
1,0.6429240385542898
0,0.1252419329483557
0,0.010409097945063766
1,0.6716682881259834
0,0.041262536333109896
0,0.08867702796618046
0,0.0015848699747846476
0,0.011495109809061908
0,0.004431276836086544
0,0.005214349024604819
0,0.1077973815249419
0,0.16549925979105476
0,0.12099520409701342
0,0.021725198674158622
0,0.023355478903402248
1,0.8443755594610862
0,0.007432215349481543
0,0.7584667298988759
0,0.013493096025112327
1,0.5792584106413592
1,0.9694520724161078
0,0.18602495834714558
0,0.14850938878559664
0,0.024184924608835583
1,0.7665116872241088
1,0.21278735087691783
1,0.35360351821506397
1,0.9558639933679709
0,0.3522828418507162
0,0.04920213304191608
0,0.004211083136793317
1,0.8726064157079069
0,0.03998196902080554
0,0.010076828260328729
0,0.7430394420658111
0,0.3825069500387298
0,0.016672082777359775
0,0.847984684894539
1,0.640815886706968
1,0.3499350868506721
0,0.02323571134921355
0,0.12675423448999845
1,0.9250937564342997
1,0.02481248707956004
1,0.7113626047309813
0,0.011043558679380654
0,0.022779403199648905
1,0.012003920290020906
0,0.06300923133813323
1,0.5296149892816221
0,0.45490389474504084
0,0.09968757727093183
0,0.011682520096175587
0,0.007349232796729637
0,0.25873537077533365
0,0.1744263746102134
0,0.05350582762716159
0,0.005762362099944096
0,0.009934495232456245
0,0.05439105602951236
0,0.017662903151677217
1,0.17996147446387764
0,0.010076781967663923
1,0.9924748657170623
1,0.8315737671460045
0,0.2772816571432694
0,0.0017956884556285422
0,0.021440609490990976
0,0.0030987731422966237
0,0.11617522725148906
0,0.010114993309327249
0,0.13104624431121215
0,0.009477004255645767
0,0.009085363654362797
0,0.004697922669152214
0,0.06136901135941951
1,0.6774676911620302
0,0.864155391794288
1,0.20205517635270762
1,0.9339676539118306
0,0.017035075236559782
0,0.09956214925389906
0,0.1586142654243758
0,0.008264567432412861
0,0.027310266244957644
0,0.025351291242232985
0,0.016392591516662492
0,0.00979964991319902
0,0.005542158520900424
0,0.03815477777993112
1,0.9463126112106439
0,0.4440321681379805
1,0.6465832151655991
0,0.23205080248530663
0,0.0004176890145238878
1,0.5321462976114496
0,0.1720322729518004
0,0.020886489240860374
0,0.018738253804075733
0,0.0009449897779303608
0,0.019108073305662658
0,0.2943785484924288
0,0.1662490831065087
1,0.4626426502096195
0,0.3026274959091365
0,0.08924749070744566
1,0.8753003307238315
0,0.00022616124982574972
1,0.4746106300927789
0,0.009395243335071052
0,0.017960368036923788
0,0.005788298373594026
0,0.04118734596034111
1,0.85363946149833
1,0.9782886238420115
0,0.043347819934201455
0,0.017230050807823465
0,0.005173845364368414
0,0.04707078267739742
0,0.19125049100240746
0,0.003049912173675456
0,0.0007739156393795376
0,0.3389569223571776
0,0.0011132549197675067
1,0.8306138817937941
0,0.005069997559698764
1,0.9655904096718178
0,0.00455771548615575
0,0.006427156631464413
1,0.3456641995908554
0,0.01137173249830939
1,0.9655635867063671
0,0.004169413834736804
1,0.9164706107918925
0,0.03601822309716112
0,0.061989804997801025
0,0.06932226463425907
1,0.9678488594691854
1,0.9592689611336669
0,0.0024074467555322775
0,0.02186397860824578
1,0.7293716989099044
0,0.02497003067271603
0,0.13952180524085359
0,0.018882495871934017
0,0.007089556537512647
0,0.07964234462453383
1,0.251119756306494
0,0.08445371477881229
1,0.6790403074501538
0,0.4665053175759733
1,0.8093654859552964
0,0.007543137257801493
0,0.023259931720501222
0,0.24709345651174042
0,0.017924832594037304
0,0.018891651687799518
0,0.01544592965046478
0,0.020614279905972827
0,0.2863777233725141
0,0.1702848620741597
0,0.04387575852756543
0,0.4756769040200037
0,0.04633310795436637
1,0.9408710724228764
0,0.025318869488564294
1,0.9777371034345307
0,0.3701873923276515
0,0.011436066988659909
0,0.05583690351916452
0,0.002867619867615602
1,0.36844405693464494
1,0.8718841676431797
1,0.7929691466182947
0,0.01348520826395216
0,0.33639452783909995
0,0.008123258016248846
0,0.018099281885630945
0,0.021948346534799795
0,0.010275536930495838
0,0.0062009838807485385
0,0.008704036294748899
1,0.8051698550529514
0,0.00532684266912781
0,0.010419467171366574
0,0.035214582460880016
0,0.008779476334710035
0,0.07686671560442279
0,0.00989099199909837
0,0.04140768637838568
0,0.03501131957959471
1,0.9806827704738456
0,0.004599043077612184
0,0.11951551278583164
0,0.4920052715119067
0,0.28124416825294707
0,0.1452055567253115
0,0.004741555271412112
0,0.009629287609707092
0,0.006814010689978329
1,0.502172481216933
0,0.0033186191678130496
1,0.9705463794046115
1,0.9402923196401795
1,0.55667071340686
1,0.14774584977972094
0,0.06402296679791511
0,0.009620638016384039
0,0.011517839647647968
0,0.010810319657085973
0,0.0013618178835633073
0,0.016670421950368632
1,0.9957320440237978
1,0.9546666467118629
0,0.007611144562709615
0,0.7386857952799417
0,0.12440792761133662
1,0.9192894485348054
0,0.022891202684552244
1,0.2440068885284993
0,0.018189527915851537
1,0.9672391974578297
0,0.002631814604361162
1,0.9822948013997052
0,0.1079916208936364
1,0.5467751120594649
0,0.06701644207207211
0,0.08923747640532269
0,0.00900198536489461
1,0.9639404916050248
0,0.27869780500902935
1,0.13093843475786057
0,0.002455552602391174
0,0.00968835566304083
0,0.12750804020002193
0,0.011808062395416413
0,0.0009340682710854018
1,0.8843756641373492
1,0.5523967444137765
0,0.2908354180356476
0,0.03763021151845039
0,0.036864553476877185
1,0.991812363136224
0,0.025966756165823845
0,0.07320115363136152
1,0.47231130327433685
0,0.007966305776096099
0,0.04954707208612885
1,0.996105107977635
0,0.027275588822541216
0,0.0014506363216215741
1,0.9378521104978572
1,0.9566271687378511
0,0.001283387354972429
1,0.7792143576148924
0,0.12951752126150112
0,0.0015463089699792908
0,0.718931568023427
1,0.9056360787649678
0,0.014305757502225803
0,0.07873664978923806
0,0.0049469324745570085
0,0.5397758673424676
0,0.0007271783531172512
1,0.9302628107843641
1,0.9938486144863453
0,0.08352567323779707
1,0.6926627257637086
0,0.005735665492849405
1,0.5766905684331264
0,0.02655064992276534
0,0.002785350076671221
1,0.8981038842343083
1,0.7123304732488651
0,0.005686090866913244
0,0.8574171026463063
0,0.16952555931994504
0,0.02171627484860952
0,0.4511567250542841
1,0.9194757922086159
0,0.029037580073455853
1,0.8472259841504605
0,0.11071671935653024
0,0.03659146721681139
0,0.02437182262327422
0,0.03579276056490575
1,0.29133718171776557
1,0.7028936313379428
0,0.053961085229154764
1,0.7277214001709768
0,0.01605536237221373
1,0.7978198968723078
1,0.34252505673883327
0,0.5364111332336045
0,0.003344749207383922
0,0.008699893272794936
0,0.021150004137942123
0,0.012528310526988714
0,0.003945866731202555
0,0.015007750013725717
0,0.22375696386425686
1,0.9851080738648551
0,0.01070399287010329
0,0.007405319751015359
0,0.3994292879014384
0,0.009322223017675607
0,0.013198418137489365
0,0.02753579305941035
0,0.8783456584264622
0,0.78978495383804
1,0.9134829453944615
1,0.960004604750848
0,0.006203141255465687
0,0.09231581358006477
0,0.3427536830914845
0,0.02366233010689795
0,0.025884813411771485
0,0.03207488017180387
1,0.9047930926768063
1,0.8289462924650749
0,0.25577818770862476
1,0.0563338889418895
1,0.9023854291024221
0,0.49667900578835306
0,0.35216775110369236
0,0.03282284913882414
0,0.01611876248596384
0,0.03057867586611203
0,0.009707081980146415
1,0.5974611883344925
1,0.5708958556228508
0,0.10035676021348038
0,0.022214466017616147
0,0.042792673968886356
1,0.7434753148645924
1,0.9900424683573175
0,0.04312255528251189
0,0.28493446918710813
1,0.8124971914007101
0,0.018877431353213497
0,0.020002513524570935
0,0.01553264174976367
0,0.21940739006316473
0,0.0009650186448501881
0,0.0017460697744462019
1,0.7545552925666831
0,0.8393806946214506
0,0.22699515659685487
1,0.9710868041174978
0,0.036703407056766446
0,0.40339745557562623
0,0.00512669691363208
0,0.42902936509089135
0,0.008965282446288487
1,0.8484867066804884
0,0.021211735245956317
1,0.892446390942751
0,0.1538565777053687
0,0.036081130913401774
0,0.0144880537498044
0,0.013010932109863088
0,0.0018102554735920037
0,0.019239413765304452
1,0.965902259830154
0,0.015058025826973371
0,0.07146261914722218
0,0.007383020374322469
0,0.16427370577727968
1,0.4350275582970631
1,0.7550733302951709
0,0.030116713074783977
1,0.9284378394612794
1,0.8883397745649966
0,0.024335058349518594
1,0.9636334679175299
0,0.2577162743757752
0,0.495486144418825
0,0.9640546620217272
0,0.02439474936680744
0,0.006522330476907776
0,0.005752842429865356
0,0.011876134696420196
0,0.03049454978496395
1,0.9597067010346995
0,0.005411009959692028
0,0.031907539430752696
1,0.18746681672160406
1,0.8760982459910532
1,0.8164110468453447
0,0.3422863532947581
1,0.42607584536061066
0,0.028184913334851378
1,0.9757555443663338
0,0.03527611066811735
1,0.9031992261429442
0,0.01592330574736502
0,0.023676038556144002
0,0.18511890687914173
0,0.013326337156990544
0,0.09446481334197307
0,0.004156560797897022
0,0.0950089478803229
0,0.010111365487262783
0,0.09549547918386163
0,0.12133352033773458
1,0.9869260379846349
0,0.023706133759138204
1,0.7969991499901978
1,0.926722136897122
0,0.013178599424113178
0,0.014240872868736912
0,0.02447896960793968
0,0.0102682561541809
0,0.006456416667620226
0,0.014725076124710032
0,0.03065751611757338
0,0.1556733306986112
0,0.02419007692559247
0,0.06094313728773954
0,0.014017366610236738
1,0.9530742325377398
1,0.08417170167931388
0,0.02779651812132018
0,0.1670182411142512
0,0.010977553258761959
1,0.8744316153844385
0,0.15722326774302625
0,0.0018457582167248044
0,0.2402950998813685
0,0.07056834527705082
0,0.007022579348350311
0,0.03293058443843667
1,0.44827155402723623
0,0.0007118661564923548
1,0.9782745315542529
0,0.00024459994243785575
0,0.0037259188187277513
1,0.466070191975408
1,0.10924498043358392
1,0.977440785655758
0,0.40496222266065895
0,0.0041263831357648785
1,0.3770072557275482
1,0.6589022226369405
0,0.15986911194865072
0,0.0017305948988931945
1,0.9670839544357355
0,0.006196298721428712
1,0.9812483040748596
1,0.8911176843826446
0,0.4440712845962525
0,0.11606316235686416
0,0.007887644579035576
0,0.02408613353229872
1,0.3117248894582048
0,0.00224540709856562
0,0.007253418075716434
0,0.025389750979888652
0,0.05249632300453232
1,0.24355188666521646
1,0.521488356273148
0,0.11262128347533006
1,0.7242855613123754
0,0.04875048053205407
0,0.03547744581242236
0,0.0302914618150138
0,0.19528104619459535
0,0.4729679628880582
1,0.8570301263506409
0,0.0661435807266414
0,0.18465469581017138
0,0.0025961696835078967
1,0.6717034063858375
0,0.03594127458555176
0,0.07149214942940874
0,0.005041854227177831
1,0.8071135937251003
0,0.2527108913640652
0,0.025523161200764838
0,0.18297807285054946
0,0.31098325421610734
0,0.7338788538275335
0,0.08933273012456482
1,0.919760623699189
1,0.3913877295873591
0,0.015037972599422923
0,0.718994213845749
0,0.11529401665244984
0,0.42448845376565547
0,0.17765090653936305
0,0.0020871209418821097
0,0.004852490032232063
0,0.38650000144762175
1,0.017675629177980573
0,0.007580833873395398
0,0.06311788492581318
0,0.031747596925530634
0,0.028226971921653222
0,0.04554026152942862
0,0.30651534446852374
0,0.16241008754515535
0,0.020245700333954602
0,0.8306501544798659
0,0.007197815483286313
0,0.3033468626062862
1,0.8131367597137367
0,0.011231809226142959
0,0.41567847604647457
0,0.16166693765175513
0,0.008598103139694441
0,0.008930249888875842
0,0.005110791839569064
1,0.8952706854202334
1,0.4758206413771808
0,0.008590314767870635
1,0.9472703685604531
0,0.002005664588987542
0,0.08436415537717125
0,0.004491556908041883
0,0.036186193025027895
0,0.027557289958355935
0,0.007940364384463532
0,0.015447793318175123
0,0.06929614488818951
1,0.9542892796461478
1,0.3351094750490088
0,0.13957721030649226
0,0.011355263769263737
1,0.9738166135554803
0,0.044327345120059196
0,0.02532281696707422
0,0.040412482067341875
1,0.5884022609293519
0,0.04196837539827169
0,0.006789039863711137
0,0.6454981518956413
0,0.007016596532377934
0,0.01155874669695846
0,0.16291631637262424
0,0.002295307822731886
1,0.6879993859679945
0,0.005020606852080661
1,0.9890500105924348
0,0.9562458158486329
0,0.04576753664475933
0,0.5987074795607621
1,0.8680661103482433
0,0.00740602733518126
1,0.4376177815788603
0,0.042944512921479404
0,0.008576847839801392
0,0.014220790082100159
0,0.0336548287259503
1,0.8991723673502362
0,0.9118299073745164
0,0.005666099731022744
0,0.3321005096961946
0,0.012165788955175439
1,0.5280853447390526
0,0.023548495923667888
0,0.050921573962467125
1,0.6564296889151593
0,0.017697312327921863
0,0.01155880652307233
1,0.36118597743378406
0,0.030192921968206977
0,0.1946739633907552
0,0.00858948033997938
0,0.0063169132696860595
1,0.6601694484370276
0,0.15016952503205672
0,0.18360040564589702
0,0.5911805642638536
0,0.00144955969020835
0,0.2243504294750157
1,0.38015082375727194
1,0.8507014003743255
0,0.2141499688686971
1,0.657978375711517
1,0.9671654947283101
0,0.003428518750482924
0,0.07534283213204862
0,0.00776217350925373
0,0.01668434543054755
0,0.014976940773224265
0,0.010728549993669656
1,0.8562828902096525
0,0.06976736671647281
1,0.38904442510474446
0,0.5389295370127768
0,0.3633289344674389
0,0.00012629482364876634
1,0.4627358222148771
0,0.00746037374968375
0,0.018886567638251507
0,0.013990636095133182
1,0.9148641985955299
0,0.0017946252018533062
0,0.17896068994828995
1,0.909382612751472
0,0.008249112904980396
1,0.9478728579630684
0,0.1274361606025413
0,0.008623849118667577
0,0.06885491606745955
0,0.004283108455063988
0,0.001387872180902542
1,0.6195237598275674
0,0.6222404344309856
1,0.8934070349440144
0,0.0034882763966755845
0,0.4481284826153623
0,0.005721076719003551
1,0.6717034063858375
0,0.30251304155421804
0,0.10707000232655274
0,0.26433784049489883
0,0.0027047044663887757
0,0.010806616552866381
0,0.004229096032184177
1,0.4699608655487099
0,0.31122862069560625
1,0.7432542073205117
0,0.04569068183994969
1,0.8964869641228648
1,0.9199977072779058
0,0.016584633651045465
0,0.006477865316613302
0,0.2687076899850387
0,0.01972709850190695
1,0.9916194193411917
1,0.2890340475871065
0,0.09035586317511844
0,0.005809324595541049
0,0.006382965666611649
0,0.3043597294062573
0,0.0016747675971110964
0,0.08088641193728363
0,0.0013969172936872621
0,0.03937744274277539
0,0.07498456469495952
0,0.5880484934051339
1,0.8974429101335009
1,0.18516774328353144
0,0.0965378613325052
0,0.05187081253831554
1,0.9078339704639232
1,0.6598452559463603
0,0.004948675294811766
0,0.004090798445947795
1,0.6700657547414804
0,0.5274243471358289
0,0.1848868849204655
0,0.45548880110933493
1,0.8745349087633061
0,0.005107079895331891
1,0.6890661309684059
1,0.9912447975890476
0,0.028453224046975027
0,0.28973329881235976
1,0.9666159315943653
1,0.9043539593161855
1,0.9933989817816952
0,0.06416854465247751
0,0.1555561313845984
1,0.8485693576457933
0,0.012088740757991252
1,0.45664276770446705
0,0.00938589227333858
1,0.40520767098027405
0,0.06540392587422376
1,0.20440124608984703
0,0.00953842181459393
0,0.1759169222366582
0,0.001479593108118611
0,0.014553799445169062
0,0.0005791340189291203
1,0.7984635995523158
0,0.04023621733225522
0,0.003876630880795444
0,0.0028763431992216326
0,0.10923112169750383
0,0.0008703774128948354
0,0.24300323128842405
0,0.08307564672454894
0,0.05041276555329148
1,0.17962541949485203
1,0.4367243584435124
0,0.02568101491535223
1,0.8957264712114918
0,0.08119657755137998
0,0.2097100069749561
0,0.033397343842578975
0,0.013509112697904556
0,0.01291868988340614
0,0.01585769948080995
0,0.002042127057857698
0,0.002098458547468948
0,0.005124283171330618
0,0.6917840932078153
1,0.9459418795191656
1,0.20903079340072717
0,0.00251152461482261
1,0.5382967558296675
0,0.01763649529376528
0,0.003396744845248485
0,0.03747035399327969
0,0.013962340476162512
1,0.9009856800661459
0,0.1515015981566252
0,0.018194109154459598
0,0.1418901292575325
1,0.9832803620304971
0,0.0192522557786454
0,0.0097972741376594
0,0.9390163748555395
1,0.8476914196404173
0,0.07210549317420285
0,0.4723983133830336
0,0.16523136470915767
0,0.06999297735522635
1,0.3952507783417698
0,0.029303549320727887
0,0.030340120141791427
1,0.2266482222186307
1,0.5460855703830744
1,0.3900570849800936
0,0.47996071254474104
0,0.9283198231563154
1,0.9433367675449192
0,0.0035421411444759806
1,0.7534674199086852
0,0.03382500542336887
0,0.07747291782549828
1,0.8404092905188255
0,0.8949120271176974
1,0.5752105375410245
0,0.22473395184521436
0,0.11455793571652313
1,0.7612178320163494
0,0.013631894192100568
1,0.6428230067411633
0,0.009343364504616501
0,0.03790949071040488
0,0.0899823143745323
0,0.09111819732369376
0,0.0011977293774381597
1,0.7573897765641647
0,0.02245784103884026
0,0.007914280797127825
0,0.00406021804356848
1,0.6687911158652763
1,0.9275210809576361
0,0.032223332642449684
0,0.0033611938792750067
1,0.9780303319290186
0,0.02526210676610517
1,0.5887289886687206
0,0.020924345323042035
0,0.020495345497082425
0,0.006413463336927414
0,0.06450100824553269
0,0.014556586016776427
0,0.3861116744762612
0,0.32898109590682256
1,0.9880868089695171
1,0.9581806640104288
0,0.3329577530429485
0,0.0851796239563683
0,0.024357039455877773
0,0.09318682967382867
0,0.003075039456429154
0,0.056041791169668426
0,0.022029377955722504
0,0.0028320039591572194
0,0.00930360030705411
0,0.00885035561054877
1,0.8167244657749595
1,0.49152741647928444
0,0.07331820782393643
1,0.9515001372401155
1,0.748055261645799
0,0.754724213566381
0,0.5295294022400516
1,0.9900206749431167
0,0.05959838729003403
0,0.0074039813971571835
1,0.7810792955495625
0,0.02538209822422261
0,0.040476997718873815
0,0.3853470299937761
0,0.03205922549736865
1,0.001612563246872554
0,0.005512809492270489
0,0.019995863440520213
1,0.9863128550548409
0,0.0013709072607011046
1,0.8698695527979485
0,0.004066507987809968
0,0.024162744215844034
0,0.011295276386180407
1,0.24352358991960546
0,0.011870614898394685
0,0.001956552900862051
0,0.002593268162334701
0,0.10597957942349262
0,0.03788972650140936
1,0.9070136035035449
1,0.9698396270932529
0,0.008239986570255852
0,0.00770851270042117
0,0.06708937499135248
0,0.013635171106823463
0,0.021549802783415818
0,0.04529498491868348
1,0.9582283276788643
0,0.11136846853455092
0,0.7203509708465696
1,0.988095610335488
0,0.009429137070714676
1,0.8931125890887263
0,0.09439085201266938
0,0.005019883718481235
0,0.47716168588475055
1,0.6717422690889828
0,0.04598479649861559
0,0.00027379921834880103
1,0.7581325083249362
0,0.12450226318794295
1,0.9211618949425481
0,0.010122318317295891
0,0.012947497199628214
0,0.9030462460938414
0,0.004948403312547594
1,0.9169981865551154
0,0.067851456360346
0,0.1613631860688925
0,0.006837956852040883
1,0.11431283418278705
0,0.024660844293540676
0,0.2548543465171035
1,0.4159009067322397
0,0.00651291912004601
0,0.08636433870133337
0,0.002406021172766693
0,0.5210145219754492
0,0.3178192868019293
1,0.9902516629745512
1,0.5402588118451387
0,0.008421533526496975
0,0.023676139384126327
0,0.0031084159025253424
0,0.027443385178469934
0,0.02095772628287492
0,0.0008598486504980676
0,0.26108338602097675
0,0.039210346033351336
0,0.008736756205935352
0,0.004067618029850061
1,0.9138485596996211
0,0.013835788870431806
0,0.4057728777420381
1,0.5439432591855361
1,0.9575131570115314
0,0.008296319884818722
1,0.9637332973403588
0,0.010867247897695859
0,0.008776131661878402
1,0.9256522875302193
0,0.40899676707222754
1,0.550563561351178
0,0.0869126177167362
0,0.012374195841753385
0,0.11664062724490283
0,0.05962199563655996
0,0.013753129815777521
0,0.01642734530864338
0,0.11801611847225386
0,0.011815670708161133
0,0.17705417486671784
0,0.0057733361926266945
0,0.014431571279081597
0,0.6674201495520072
0,0.32270601656722975
1,0.9490789951142605
1,0.9212562581991901
0,0.7048486246219968
1,0.4262048560588136
1,0.3235671949754437
1,0.03373078377277997
0,0.05517496769756493
0,0.02577390970284138
0,0.0680815408846515
0,0.6997053995421062
0,0.022512821479190006
0,0.9203106421788801
0,0.2904196709670407
0,0.12326023281147999
0,0.20164460153238364
0,0.16155213775865734
1,0.7454655402385758
0,0.05441737461991222
0,0.040733475690873586
0,0.08466997190184435
0,0.007103182573682775
0,0.13509577593952313
1,0.8580112357064629
0,0.006120472117130897
1,0.9628112358469436
1,0.9587388450601523
0,0.20737521119558974
1,0.80409383683711
0,0.037813399630322306
0,0.015311366937486203
1,0.6819317791024816
1,0.9302043477055182
1,0.721257935011231
1,0.8766834858916559
0,0.9094621922069419
1,0.8190387119823046
0,0.0025405434231761076
1,0.9547382946933247
0,0.009913334721171684
1,0.5896489115003201
0,0.04407295514859086
0,0.04194996824985163
0,0.12280546067012577
1,0.1530138574943922
0,0.036967878393661946
1,0.09089248329812666
0,0.0013752095281317873
0,0.020394647956000638
1,0.9805257909068833
0,0.0006098864893539558
0,0.6294112047128091
1,0.7169796639236338
0,0.3991616513672549
1,0.8015844711001663
0,0.01783208752581379
0,0.038688227397080284
0,0.02784634298798424
0,0.005026189093485897
0,0.07305685505322478
1,0.07381958470081641
1,0.007989065415248929
1,0.876881510808799
0,0.2338748069664159
0,0.6873379113806104
0,0.05173999651998965
0,0.014822521382690735
1,0.8909255043840374
0,0.03707903762364885
1,0.9842548267418438
0,0.003724170645964276
0,0.00541936107418278
1,0.43936256321018874
1,0.9423681709456893
1,0.8951403954241182
0,0.1211215818382442
0,0.005534154059183498
1,0.9446091700302041
1,0.7026582355096426
0,0.04505966417814182
0,0.017131322221326642
0,0.12524791983222108
0,0.027905644325768073
0,0.22032108602432454
0,0.016860473428279513
0,0.028899922561451616
0,0.018281893219925474
0,0.12824991719643952
0,0.3282700222447829
1,0.19283741395539397
1,0.952893064693223
0,0.005693076401384822
0,0.0007479405330613136
0,0.06031455967098518
0,0.04358309587609979
1,0.982047140208457
1,0.9213374640353538
0,0.004395368315278781
1,0.1332709840793743
0,0.007329358217607424
0,0.08110646487278746
0,0.07876257513470829
0,0.4620415822027422
1,0.8195081580114947
0,8.570511270956604e-05
0,0.02124332466259769
0,0.11982457424938894
0,0.07508511202804677
1,0.6942350909378541
0,0.004842942481543799
1,0.3433997464740064
0,0.003812002750845393
1,0.8914778833344871
0,0.04140304903626465
0,0.012377479763285335
0,0.10925906012741754
0,0.025558833116910807
0,0.05754587095923333
0,0.019925859297433377
1,0.7773529868759282
1,0.8966742354259071
0,0.05585134905207446
1,0.3799066247838458
0,0.0036319958838466108
0,0.006949186667278465
0,0.0017477436538096878
0,0.029921082041980355
1,0.39798556670793983
0,0.006046823704866678
1,0.9385626154875267
0,0.024018540953523855
0,0.0317773624602684
0,0.06173252983759342
0,0.33522750448814703
0,0.12712730431814614
0,0.005420688453736659
0,0.11773479582734882
0,0.015171860182027007
0,0.3041056425584592
1,0.941982589292852
0,0.013959095214036895
0,0.003610009697453943
1,0.9331175497845016
0,0.026824198644245886
0,0.020451863828304887
0,0.01045418650959637
0,0.019579512792312723
0,0.003609466946272503
0,0.05001787522139322
1,0.8975868060197977
0,0.0010439314961021749
0,0.048741981158786536
1,0.6097502303586544
1,0.7734963268114684
0,0.021108894214286023
0,0.01113751440519858
0,0.011216199205098226
0,0.026959212242949903
0,0.028764798991701365
0,0.06822325525350556
0,0.8410906363047161
0,0.03624991921998243
1,0.9239610932782525
0,0.026074165839133957
1,0.9435494524520832
0,0.4761173099458712
0,0.010435714919497619
0,0.06473799291554244
0,0.031120937700802896
1,0.28743890753673457
0,0.01274049280355903
0,0.37044129912180335
1,0.9141148642487723
0,0.014815910530428265
0,0.6709651595061353
0,0.0040405838072233935
0,0.04911337181747267
1,0.3391369269537395
0,0.06079707172536738
1,0.1310079600345837
0,0.10886397495491974
1,0.2442351957073931
0,0.003637446965681931
0,0.33213544144250434
0,0.004799263111202868
0,0.00035258900861868535
0,0.017346562328946175
0,0.000605527528315591
0,0.04813502423484319
0,0.01172786614236623
0,0.017387355793786585
0,0.004045921361236699
0,0.07601213318139917
0,0.006891784681992709
0,0.012637545664897595
0,0.06767447196235685
0,0.08000133272468157
0,0.007667831783057891
0,0.2060776768094337
0,0.04960854189357875
0,0.017108107263424398
0,0.0037996611653015556
0,0.013635061062084692
0,0.17625754861134063
0,0.04249817974773299
0,0.011421859308128222
0,0.3055595416257498
0,0.017857529180594207
0,0.003187174666530427
0,0.012793426159722275
0,0.04843086418577707
0,0.5384026249922567
0,0.0038895224468013176
0,0.008024795716248978
1,0.9392636562025972
0,0.5112973332493808
1,0.9606693253719475
1,0.08708780384696593
0,0.03354472026839067
0,0.002724474479721347
1,0.19589205592824396
0,0.017481486748776556
0,0.01983089889927302
0,0.8093654859552964
0,0.5813612115339216
0,0.0001920496653560873
0,0.05381062711906457
1,0.9953096291971236
1,0.964753291900456
0,0.055455226939269686
0,0.020161744406606365
0,0.12086961196081776
0,0.06527030068470585
0,0.2639120521634839
0,0.03799043752694877
0,0.7956029605254414
0,0.017829947575019812
0,0.39717975772592445
1,0.9692130413492692
0,0.02480704186400417
0,0.0532691477810313
0,0.020875966947604782
0,0.059744926644112156
1,0.08869993501721368
0,0.0016313460691268224
0,0.016448126587329075
0,0.05374330268331811
1,0.8639333807949992
0,0.11570787145058459
0,0.0009424182308387266
0,0.00896259010913552
0,0.04067650729133989
0,0.2942380194678692
0,0.5281562392054524
0,0.009286437611479816
0,0.5603616422964451
1,0.9722316366371692
0,0.01951583181512366
1,0.95821835009775
1,0.2775298551048203
0,0.003462755372720495
0,0.8260569786412079
0,0.052386757159540005
0,0.05076588355124199
0,0.027141240169462035
1,0.30430688719377286
1,0.033599960478406354
0,0.02365375652540784
0,0.011366473237614208
0,0.02037666801252855
0,0.6333113395076326
0,0.0010932279291498495
0,0.5607149114045173
0,0.02104253476319507
0,0.015567322101801857
0,0.004221746964061084
0,0.3738780943694603
0,0.023936630170576786
1,0.4656144380003563
0,0.057419435836100034
0,0.006732065762634842
1,0.8067509818850536
0,0.03399182353014908
0,0.42376265180307054
0,0.04644163787263919
1,0.5473661232674308
1,0.8270784448313185
1,0.969324175477318
1,0.983128707976983
0,0.006627504108151036
0,0.0015875274805666353
0,0.024593060975975772
0,0.008433256042081737
0,0.37505276553747985
1,0.7261419743551675
0,0.0006888798295799127
0,0.06907651527949125
1,0.9674970224458793
0,0.5422887129712951
1,0.5959174070367741
0,0.09863174122935603
0,0.03629541267344094
0,0.7747119580895329
0,0.00424075368168286
0,0.03134761720275565
1,0.6982615006106686
0,0.011814578318902041
0,0.003115129551746725
1,0.6010546010923947
0,0.026094918524282234
0,0.011378090187947863
1,0.11327344534681984
1,0.9551218929611707
0,0.04031633972057122
0,0.00379799984837868
0,0.3246253123619368
0,0.1357119962976399
0,0.12206901988066221
0,0.0002853442162430633
1,0.9161522584417702
0,0.15599204643655262
0,0.23305749092285094
1,0.35429851387543226
0,0.0184052959846494
1,0.3572019285450485
0,0.23045885032132432
1,0.10572490357440062
1,0.3436999540546448
0,0.0005455196494590822
0,0.009770925578621342
1,0.018387594972189353
1,0.3816148756570044
1,0.660279211847219
0,0.01911919051672683
0,0.02445713486762393
0,0.048303767579140726
0,7.005615806406534e-05
1,0.922144342120052
0,0.6737232312918744
0,0.028242245374339628
1,0.9831988892574719
0,0.4457688563735308
0,0.3796012362470793
1,0.9438214363071841
0,0.006444974539407983
0,0.07755526981362797
0,0.5419462969985983
1,0.05866028838822535
0,0.5972664715236016
1,0.21879052985170763
0,0.13137546892737742
0,0.03627383518442715
1,0.8254757309058661
0,0.15755304180492216
0,0.006258354284271
0,0.0703965002014167
1,0.7598923472440403
0,0.016889137802887574
0,0.021862135961318887
0,0.04035565168140243
1,0.4772695014206839
1,0.9299729723879709
0,0.011521043232410917
0,0.05518395341919976
0,0.04528706294895579
0,0.02169200059744111
0,0.2274406090145626
1,0.9458504172508883
0,0.28006656218335535
0,0.34425724822238557
0,0.18004605292240747
0,0.004997637601450353
0,0.07308852606384571
1,0.953177343154254
1,0.17058118392914837
0,0.011766796499942729
0,0.05855259104878175
0,0.02410525537773432
0,0.8132214349095084
0,0.047842550563858326
0,0.04071963529413188
0,0.014440186431228987
0,0.741942368736838
0,0.46441485728949183
1,0.7923372794062948
0,0.005267176713704594
1,0.9570673485158298
0,0.13629006762145507
0,0.21093256009059666
1,0.6447043148355674
0,0.003440321803381632
0,0.3225917841747272
0,0.0037407262841446494
0,0.00587797987754241
0,0.031991366888675786
0,0.0733026206955743
1,0.9627268422418995
1,0.9584472886175268
1,0.8348093779368297
1,0.7494347737700894
0,0.02098952676688978
1,0.9479864668013575
0,0.02351148103367286
0,0.21483585410764588
1,0.020749310579334754
0,0.019826463055561856
0,0.006533793671206916
1,0.9968738688767009
0,0.6885983047282765
0,0.06641344627348889
0,0.707328953099671
0,0.023997194181452273
0,0.007393665931673455
0,0.0016591352022721224
0,0.05400885368167326
0,0.007485091537664954
1,0.8283926151590114
1,0.9954903766098215
0,0.6565836784062107
0,0.016136811691492153
1,0.0576856630905874
0,0.012023353291244428
1,0.34629736557261304
0,0.004328274040994744
0,0.0030384266861427007
0,0.25969563226616743
1,0.9312245089107415
1,0.9046950528997912
0,0.034915282533434885
1,0.9781763767352001
0,0.015190568547536627
1,0.121483026412698
0,0.7929089640931973
1,0.8133779275919782
1,0.9937476031705065
0,0.050229467819112694
1,0.864557236762498
0,0.00877112814167435
0,0.003125139986424139
0,0.012676561564154884
0,0.117900533478395
0,0.01584535530227797
0,0.01706377901944932
0,0.014900850722232588
1,0.8901369848911225
0,0.020474194629316562
1,0.9492537056471543
0,0.006262615913263133
0,0.05763605389604367
0,0.3759067291829039
0,0.008867175653880188
0,0.010656291668232329
0,0.05475058825398334
0,0.9528692906811883
0,0.008469273820052725
0,0.7614023707265412
0,0.14620604431914952
0,0.2648039908531652
0,0.009450699460560421
0,0.055595417041013395
0,0.0717224285698892
1,0.8890253494850807
1,0.28823190121875925
0,0.4054380929479365
0,0.031952082221772767
0,0.0014306409305340027
0,0.22085569411978476
0,0.044882933929572454
1,0.45996912776155674
1,0.670669534007883
0,0.002787876141273272
0,0.009197546036065223
1,0.6684486927874301
0,0.04264138127761914
0,0.004235052684614205
0,0.060524308110075836
1,0.7760693433960566
1,0.8213474140544643
0,0.005449496413580094
1,0.7714790724767636
0,0.04497906200349226
1,0.07748495613879207
0,0.08730442860888599
0,0.2158583403364364
0,0.020622111723938633
0,0.16561073228765033
0,0.028072333587583178
0,0.014277951266101332
0,0.011163925815227417
0,0.012458501752133288
0,0.02413397554865089
0,0.0011285304446149596
0,0.013911394686737721
0,0.022856745634096145
1,0.8611904199844509
0,0.009841790246864329
1,0.9773813067956204
0,0.0054330171920931114
1,0.01317661781996423
1,0.10256207254642856
1,0.8584287865885013
0,0.14279048337789538
0,0.07279244840117871
1,0.9527514517499135
0,0.019714148519119134
0,0.0539633396501326
0,0.020489133859843762
0,0.0007692912128631107
0,0.007824776676185415
0,0.7904937436624613
0,0.03531557099426731
0,0.10038727537799202
0,0.005301203958899848
1,0.9391698661422146
0,0.060658672881220226
0,0.012300915934352553
1,0.6693486259956198
0,0.021441793074640704
1,0.8689384550000435
0,0.010699713960939624
0,0.7023737051658033
0,0.025924638191206505
1,0.17360323331071775
1,0.17628758153820148
0,0.7671912929975007
1,0.016216371667745512
0,0.07320622471944992
1,0.7905801562634867
0,0.02209746992970312
0,0.02418798351992509
0,0.008427142310947523
0,0.6795973934764503
1,0.976465484209844
0,0.04361530943454753
0,0.0027458924700137894
1,0.6295577757264772
0,0.016384916845193526
0,0.012614310351222784
1,0.24670823305708203
0,0.013124518029284615
0,0.06229927529686621
0,0.47354019695579297
1,0.8183007410799118
1,0.8213135063844568
0,0.025777541927897468
1,0.8652755766018945
0,0.003968700629315159
0,0.357968990383556
0,0.006368387907098352
0,0.009223273864682748
0,0.7006780295361782
0,0.026183116987660942
0,0.029882120623353256
0,0.012651368930288925
1,0.8892696458073285
1,0.8319313262431971
0,0.0065995991995656715
0,0.008566599915735636
0,0.008528319814412497
0,0.4832511542529025
1,0.4813309830376152
0,0.05883164662904273
0,0.0013706739842537206
0,0.08247290901869894
0,0.031481474518677964
0,0.06743447794109293
0,0.0063187118513007455
1,0.02346620987147445
1,0.9403093486070139
0,0.011495109809061908
1,0.8227059258384493
1,0.643939144072228
1,0.9853270586246444
0,0.041833790848407146
0,0.0024299171927372196
0,0.04492827439738227
0,0.8190415413002959
1,0.6049647662138296
1,0.5772136053495546
0,0.004209846432085541
1,0.5225840500179312
0,0.023785602355973705
1,0.19517296643870538
0,0.025862708513534245
0,0.5065524298145663
0,0.7478864228598787
0,0.36220062063332736
0,0.049238427065411025
0,0.16423770003527724
1,0.9026841567996434
0,0.007188641009537541
0,0.0031777080043250408
0,0.01673437299879402
0,0.015342024794808434
0,0.11136739055110913
0,0.0012469485838120017
0,0.02542872665595809
0,0.0005735699119480979
0,0.2612185754433581
1,0.8311532551077706
0,0.011548872685586612
1,0.3482844638894446
0,0.014710809565842935
0,0.024838432161620277
1,0.27159498416408406
1,0.4726789202228507
0,0.023957736138792023
1,0.05026370006303277
0,0.007075123482402244
0,0.048349663135129214
0,0.5190181956710042
0,0.15917220163938542
0,0.015298762617890423
0,0.01631675881055149
1,0.42708780340256874
0,0.5858512722748511
1,0.7010532865834197
1,0.3014549250821029
1,0.8307795358733288
0,0.06437001426162535
0,0.7525042163308601
0,0.0468726012362635
1,0.5729739355782033
0,0.041859577905049745
0,0.02172258200365072
0,0.05337599623079408
0,0.019979080274282454
1,0.9775524951039722
1,0.9363950049926674
0,0.05815498664765167
0,0.021276750362485455
0,0.02713563831673853
0,0.0057229628710750895
0,0.03062288682773297
0,0.009365436195418117
0,0.05599892120878937
1,0.9353443265787874
0,0.11833158051591973
0,0.024841698804392392
1,0.8894575452927211
0,0.0005461603193816477
1,0.5775751447409074
0,0.01512576690176827
0,0.6853438774448145
1,0.8495170112293557
0,0.1400140403855641
0,0.0704399776275184
0,0.030238206024542722
0,0.043075621199094985
0,0.017285088961751193
0,0.004298245684800534
0,0.04208283868682892
0,0.06519350616136682
0,0.023319816784249523
1,0.9777037999368818
0,0.019672241666335168
1,0.9963715511884926
0,0.020401714251681424
0,0.017913523119240965
0,0.011968365999758073
0,0.026880045757562202
0,0.08641314035306043
0,0.005250498460932373
0,0.021024140223888783
0,0.06758155445463769
0,0.8803914713000098
0,0.10292348183001816
1,0.9787043001008306
0,0.1878964094032773
0,0.010406312359278722
0,0.002233519068944909
0,0.02175527983373038
0,0.6751943970637502
0,0.36259426778540926
0,0.008753256855589588
0,0.0480890413802055
0,0.04260650934935806
0,0.017753991152778852
1,0.9220099087019514
1,0.7415037555795642
0,0.008370707249778966
1,0.5322483422698319
0,0.01182971408288432
1,0.804043022474398
1,0.5802258048278338
0,0.027075979195700418
0,0.011963973155385804
1,0.9840914860639932
0,0.003615503911983993
1,0.8729034125036473
0,0.6060910643207422
0,0.031637752476948895
0,0.16384798458595037
0,0.8808983315835092
0,0.020359741068925432
0,0.03876361653375423
0,0.00647835489871844
0,0.14814016648488232
1,0.935965866310998
0,0.12033097975271678
0,0.7874910020615117
1,0.5078098888968741
0,0.03153852610969482
1,0.21378162453699942
0,0.000672705233177336
0,0.018357873346368497
1,0.6208314359748289
0,0.02171040856586811
0,0.051923799848861064
0,0.7478864228598787
0,0.00845843408753479
0,0.06034601082825326
1,0.9168419099295902
1,0.4338469292713195
1,0.8786048170641457
1,0.5923292170747647
1,0.8758034269902278
0,0.13943462649625926
1,0.5951757994960953
0,0.006682501188531463
1,0.8175549449061638
0,0.6049747758680912
1,0.9716564297465173
1,0.34945056849320644
1,0.7097793635859672
0,0.04248641646125097
1,0.8538976117978073
1,0.5558493337978583
1,0.6744653181411151
1,0.42921139353812987
0,0.035752901734456756
0,0.12699439346805344
0,0.046419405485974986
0,0.01608809468237363
0,0.22354358402009866
0,0.0016834329704142226
0,0.11610533009829872
0,0.19177056358936886
1,0.48165113671991255
0,0.0047622090570392005
1,0.16865966431711193
0,0.025271521040117123
1,0.9533532117586864
0,0.05467309886268665
0,0.42939325059554984
0,0.6032834189068154
0,0.5596692323033268
0,0.18344984040171428
1,0.9895168841250659
1,0.6077129307100757
1,0.9330229207079367
1,0.7836202052788163
0,0.00707179798948678
0,0.1780577910197007
0,0.00808306841266863
1,0.9644608602387169
0,0.015527404148733798
1,0.2253743277996977
1,0.5189721048553076
1,0.399365421354013
1,0.9337363174408646
1,0.854739049256503
1,0.9389304377940567
1,0.9821315878185395
0,0.02113783746814363
0,0.21678187879614325
1,0.37946577169273843
0,0.11774172656431886
0,0.4703233107439497
0,0.007313536130601754
0,0.04369462042961998
0,0.023252120100841964
0,0.019059296344107503
0,0.044725817307438284
0,0.015937385727994056
0,0.0059879555775103465
0,0.003650616069295989
1,0.30422654706132435
1,0.9325385054679273
0,0.05111560919374371
0,0.0018763885493237066
1,0.9005514960358633
0,0.07751938654060386
1,0.0887373308452843
0,0.012302562704955144
0,0.02175164977751893
1,0.8900148787873098
0,0.005498832410042397
0,0.2426426584818566
1,0.03907101870966853
0,0.04118024949891594
0,0.01510048309010027
0,2.1539542018737576e-05
0,0.6503872443278255
1,0.8647840914134234
1,0.13081622780679286
0,0.011223259559329766
1,0.9310708874723184
0,0.011097052256174295
0,0.007640729002921907
1,0.012057571252266162
0,0.06179642098793467
0,0.0031375206077168608
0,0.7833771807475093
0,0.0008754243414679583
0,0.020320182626549613
0,0.6497892654657135
0,0.1564693141723811
0,0.023654221330145768
1,0.927119300007792
1,0.8354258912391324
1,0.420038200128018
0,0.09704772921414577
0,0.015712670678323767
0,0.023662067973404106
0,0.005876454665510852
1,0.8336392410984483
0,0.09254209391706397
1,0.8174070132782965
1,0.9601449037053502
0,0.011330259869396826
0,0.001732462109073365
0,0.5199202893028423
0,0.03140243201745785
0,0.0034850474379242505
0,0.02235074099874907
1,0.9234742867686643
0,0.06331894252004128
0,0.09968757727093183
1,0.7157158942177198
0,0.11504161628544353
0,0.002279740965946727
1,0.9823100307073088
0,0.06396377648750093
0,0.8289134608854555
0,0.6450220786788524
0,0.09311705430075856
0,0.022673933928279377
0,0.01595466218161933
1,0.9109245001542271
0,0.02051955505162097
1,0.9574654199210374
0,0.0024225579783943114
0,0.00659077213623894
1,0.15799831497181283
1,0.9748393333641374
1,0.988367310684947
1,0.8823755713662417
0,0.004994533974762616
0,0.0025811062955050416
0,0.0002759111736627713
0,0.00026758874654120925
0,0.016988929454834177
0,0.015071380525532276
0,0.0226089929990443
1,0.9141893541199477
0,0.003121056425539131
0,0.002117210849750124
0,0.08626417844264177
1,0.9717668555902188
0,0.007403667007731383
0,0.006282551473412627
0,0.010417756480333851
0,0.05642269480814382
0,0.22079885107295133
0,0.0017543435083110677
0,0.593590296485122
0,0.0011234157886386435
0,0.028953317115374036
0,0.14574035767639676
1,0.9783875938072467
0,0.6805748841878562
0,0.09963488760692231
1,0.9893976530206784
0,0.04327740426766258
1,0.5933114013240157
1,0.6649957391831515
1,0.8535812526373068
0,0.3035570316692469
1,0.9025379111998185
0,0.024902988611323888
0,0.01638533834988596
0,0.06210977544179345
0,0.015483601182272436
0,0.7639431251177138
0,0.017230669451452008
0,0.34604593495750896
0,0.5245831025907347
0,0.019196429319795774
1,0.9540999272608365
0,0.22622851298014665
0,0.1508032365807783
1,0.5010536787991245
1,0.013612045439153229
0,0.0006201424483604546
0,0.00746293607463484
0,0.1501625654383543
0,0.014658705910895272
0,0.0039750817064466565
0,0.027382056619989905
0,0.04049306283067818
0,0.011098467242884562
0,0.43092471653409903
0,0.02071114008773081
0,0.015554411308689267
0,0.0011164840074525098
0,0.062074111360415386
0,0.9559429135880895
0,0.03993025832257536
0,0.7408836446347918
0,0.014358829066512193
0,0.33729394087162173
0,0.0317104510863991
1,0.9782620622679684
1,0.6179590988614885
0,0.1883625670075549
0,0.03539581790730931
1,0.7291461194410258
0,0.4710091184219812
0,0.016689421971969466
1,0.5443645628758002
0,0.02555269632387487
0,0.0017945440348522714
1,0.14924553888352446
0,0.044121044611883764
0,0.30172257338310815
0,0.043711549585791425
0,0.08749099989622089
1,0.9428513755399888
0,0.7229535263247908
0,0.10762555421511148
0,0.003814730058100188
0,0.051866005677153555
0,0.25803633798962083
0,0.4207492529077038
0,0.057344905808468065
1,0.9874393206242388
0,0.008851762756892508
0,0.13801499131735082
1,0.967462649127942
0,0.03413219636420705
0,0.010447729496071173
0,0.23487643191445431
0,0.008856436099469138
1,0.7617243167459078
0,0.03421823214617022
0,0.02665376227447398
1,0.2737618047754306
0,0.46429364509480503
1,0.8173286460894368
0,0.007606599602369631
0,0.014716446617222302
0,0.6369530059640981
0,0.0027836613617927123
0,0.027590325214112994
0,0.00024368956333152897
1,0.7509406775576665
0,0.00760233303131571
0,0.017396775031064838
1,0.9571746105088839
1,0.634195867242794
0,0.006628993781173332
0,0.00533073126946905
0,0.024988442296175906
1,0.924860491939289
0,0.39009221746010053
1,0.480952478849402
1,0.3518516582231918
0,0.02167045886254452
0,0.3445103152336805
0,0.2182728182735461
0,0.1139216770087934
0,0.006163073614893989
1,0.8911115908237808
1,0.9159198387060142
0,0.002313193835160587
1,0.03575300482890176
1,0.10597957942349262
0,0.01283643418506973
1,0.6516082645535453
0,0.001058039113623567
0,0.8161676567302102
0,0.16582092790068131
0,0.003950325172402192
0,0.4730263509357634
0,0.23086636824358603
0,0.010350555720727638
0,0.8747163592906012
1,0.3254586376270517
0,0.060479612196514446
0,0.2501753186941833
0,0.2906502966338664
0,0.38351634184143724
1,0.4652647543372199
1,0.9578336788057842
0,0.008181709288559555
1,0.6512972646057674
0,0.02542244653521374
0,0.07621227776448937
0,0.022121608650546905
1,0.5957736920752849
0,0.02380089749887371
0,0.004766743568924733
0,0.004055710007909594
1,0.543578001043743
0,0.05228197543180431
1,0.8591093445502981
1,0.4065391611580908
0,0.08274556429545876
1,0.45111711724510667
0,0.005182931731033575
0,0.001773098226075399
0,0.020061103457932484
0,0.038496957090975156
1,0.6452754560015216
0,0.6059648773721287
0,0.1406056015988184
1,0.9433530925768105
1,0.9730283488300311
0,0.034983262520959624
0,0.01610322489546699
1,0.04196564218518923
0,0.012425989782409884
0,0.11004002666423882
0,0.016650822741684633
0,0.5352868227907142
1,0.9758534998213542
1,0.7008223407828398
0,0.4205124899209083
0,0.22225045581447817
0,0.033655402532214274
0,0.12119558554880033
0,0.009492166770051796
0,0.3084776456040899
0,0.008459677220605763
0,0.03367035243773863
1,0.9795651737481407
1,0.9356277778873422
1,0.9724039297279089
0,0.07562022498834244
0,0.01166339766444276
0,0.00810799318860735
0,0.29956833813087275
0,0.081909227764987
0,6.203681875237856e-05
0,0.04771059949587197
1,0.518976004226891
1,0.908696908483594
1,0.8836087894837851
0,0.04608100940910519
0,0.38578349260113415
0,0.017910231775152843
0,0.07614060901684296
0,0.5075010595194599
0,0.01296807574602839
0,0.006117823425752504
0,0.029744673555685514
0,0.034452259042455684
0,0.017721717614551078
0,0.0041561790062344724
0,0.03191754124863487
1,0.32533213948966405
0,0.6840110504257949
1,0.8715281886903291
0,0.055498717377490604
0,0.007351149686347085
1,0.9854627483775863
0,0.0014738264223761518
1,0.060981434991409296
0,0.016998051185733675
0,0.049623494862284755
0,0.8911839382784069
0,0.08390752928086805
1,0.6294987793728462
1,0.9768320322321661
0,0.04504561499352291
0,0.0055255277336383225
0,0.09347346761257228
0,0.23585365231101166
0,0.011714025974368152
0,0.02406063470472457
1,0.346311379793835
0,0.01752679495320012
1,0.9703967965396799
0,0.5212631874062412
1,0.915034114502397
0,0.019593850559315826
0,0.08761269473992958
0,0.026608511625796298
0,0.0054164721141035325
1,0.5290961695500387
1,0.8550042483176833
1,0.6392824945224539
1,0.3258451841105542
0,0.017368109632477306
0,0.07268546129112445
0,0.011918151319149063
1,0.6317801828097439
0,0.032853991293104984
0,0.0016354139746325516
0,0.2388256313309316
0,0.28526780482717484
0,0.677690084367461
1,0.6342105117372109
0,0.2044691348828941
1,0.9589523464090535
0,0.008195340190928983
0,0.0041894005488512754
1,0.008743913287003344
0,0.052040460460849515
0,0.0032111236480151214
1,0.951911767752425
0,0.0008533152836034183
0,0.004637209427767641
1,0.7102583886510693
0,0.06378698673996738
0,0.00386700831781452
0,0.01924115622929647
1,0.8222225724074453
0,0.0649543984229318
1,0.9863799302530959
0,0.0024637008370402623
0,0.004843075587915916
0,0.007433442795775047
0,0.02998524096753629
0,0.456043777217042
0,0.1380461404003537
0,0.0286535709207737
0,0.03439102291859564
0,0.006968688956737185
0,0.02483926641204072
0,0.03179014396550096
1,0.017497026196423304
0,0.3562738688971685
0,0.0009857790819468686
0,0.008218881192518918
1,0.06207679505714689
1,0.9564649703961835
0,0.03253487605266902
0,0.17896821076971361
1,0.06294626334904992
0,0.01031117310561451
1,0.8180215011927822
0,0.001170862169598604
0,0.0027534487728866994
0,0.04114989401086327
1,0.8885961004371318
0,0.006475338205192041
1,0.6033513153856446
0,0.7874911944887315
1,0.9693430319638295
0,0.061627628184237795
0,0.035317084142026764
0,0.022106193077632386
0,0.00076210555575559
0,0.007272742100284935
1,0.7866142106305547
1,0.8679692367535756
0,0.0667474387544076
0,0.07850021089676663
1,0.9738188317423299
0,0.4836173250887334
1,0.8384777633671634
0,0.009748373022131888
0,0.05403676424025987
1,0.26405154938702674
0,0.001049547288735392
0,0.06618425769596406
0,0.8198593111498687
0,0.7123304732488651
1,0.0034793154792436033
1,0.060709818696639946
0,0.008212942131860393
0,0.021298834525250387
0,0.004238362504820696
0,0.03934041107569442
1,0.5907027709674473
0,0.0026229245294524667
0,0.0010561203224590254
1,0.9975479094066068
0,0.16507207521065267
1,0.7740516643785913
1,0.9229886701112737
0,0.024186986953350365
0,0.030157317990134092
0,0.009441592032841162
0,0.1898614702038627
0,0.004097824536893857
1,0.7744315080765578
0,0.04767525370229601
1,0.3765155881740039
0,0.008176245570969362
0,0.2154695520112138
0,0.011103076587263165
1,0.6550841942688749
0,0.4285529842847615
0,0.09138198458626867
0,0.015627306912323172
0,0.05341625781064747
1,0.989116402203858
1,0.9861265757416146
0,0.006685084565257424
1,0.9934795634967355
0,0.008358211373690019
0,0.01420048252365414
1,0.9612641390787788
0,0.061517082446675045
0,0.04614000394593059
1,0.8257725195813824
1,0.7312401201431331
0,0.012538072945563201
0,0.0218362717353281
0,0.04567493299647442
1,0.8261244014141833
0,0.13225894058046125
1,0.025615918125434654
0,0.0024342474832466624
0,0.018089046020596477
0,0.013969797838107364
0,0.021250674921431643
1,0.9098509978697975
0,0.6367072220323498
0,0.024754581719647777
0,0.0020725987090599676
0,0.1767719908438268
0,0.03855845692739161
0,0.03366344340796112
1,0.6996666234896564
0,0.012343915673313078
0,0.005530503668119328
1,0.7304288179384203
0,0.00635649288099238
0,0.019419477302626536
0,0.02834281859609712
0,0.8751900820752152
0,0.005129633887509148
0,0.002117210849750124
0,0.0317503885660093
0,0.0009639380909822451
1,0.8457010828007607
0,0.0011742293162406532
0,0.1593927271297674
1,0.9939781987517488
0,0.07318892798040155
0,0.1618455585344927
0,0.2052635358277017
0,0.03248839310301584
0,0.1756272681947386
1,0.9609422383664815
1,0.008773463138064905
0,0.08443539723899614
1,0.4159504816496651
1,0.886580924222281
1,0.7532234098049786
0,0.004334536807907239
1,0.967978323864865
0,0.004861529572052508
0,0.06937787606826502
0,0.017837786771346575
0,0.11479299178845259
0,0.05381817921160007
0,0.05390454177493648
0,0.01976475749029903
0,0.08576584722242968
1,0.9395814148819331
0,0.03653065315343773
0,0.001206886786302293
0,0.06035117871218371
1,0.8373688848424999
0,0.01592122566385455
0,0.0033478281314697003
0,0.06895784310761909
0,0.08298271037624322
0,0.03395055298702592
0,0.013583538309314901
1,0.9809847555032184
1,0.5705023672678413
0,0.00652148510611148
1,0.961005514867065
0,0.08727495298524106
0,0.004604892764679952
0,0.04095090216291686
0,0.03410416619534306
1,0.4585075089820042
0,0.03068407833072172
0,0.2355439169223067
1,0.9699931068882693
0,0.004155007854675999
1,0.6683443165348735
0,0.003668244101374854
0,0.14093769036646137
0,0.0026797839490987955
1,0.9857529255062923
1,0.9460928783483091
0,0.257212436690158
0,0.1113145603979415
1,0.9716682848355966
0,0.02173798359624101
1,0.9144379777743693
0,0.06801414573332373
0,0.05870125739066499
1,0.8476271957789294
0,0.150867525314253
0,0.008912520754130675
0,0.05088468875066757
0,0.020296108351142917
1,0.7850540368303804
0,0.032655659008816985
1,0.04393063439237468
0,0.06557821680810805
0,0.05044000865026122
0,0.01126502858054205
0,0.025447091594723827
0,0.012426656790339831
0,0.010442496405347244
0,0.020152943361261486
0,0.7696359592253925
1,0.5672699390607867
0,0.029916538361990246
0,0.030642624343326583
0,0.10767385289352147
0,0.005869369262583645
0,0.07250783754235017
0,0.0010648688107352735
0,0.004199516118935328
0,0.07993291478342743
0,0.06478572555875879
0,0.014286136861154947
0,0.0517308369385978
1,0.9573837535817693
0,0.543058072289918
0,0.011512786809175573
0,0.023587002712719657
1,0.01968834353206108
0,0.010976060280108328
1,0.015365992573516563
0,0.03520211474077052
0,0.06431160650440865
0,0.0068592852082807534
1,0.9947385938874401
0,0.6495813476909109
1,0.9605564836216169
1,0.48776656870423246
0,0.05513672441092608
1,0.978837883780958
0,0.05309951805173199
1,0.9896593651503838
0,0.3052479891437675
0,0.0421832730302772
1,0.9462896646029252
0,0.009448732559237411
0,0.028209633349365097
0,0.10586053580717332
0,0.012621489401172912
0,0.010612645746302753
0,0.008665997314027936
1,0.3682914876729357
0,0.17787556244618768
1,0.7480676050765722
0,0.014488411205704108
1,0.3472509948296223
0,0.00024163937894400428
0,0.021155860196243475
1,0.9217436379702755
0,0.008528024439310751
0,0.12868487142585575
0,0.035646838515488645
0,0.01563039887140248
0,0.005102925921361789
1,0.9958417209324082
1,0.9847508220616583
0,0.3071510069276345
1,0.6636206063200838
0,0.03231039508349636
1,0.14735554172568033
1,0.3965134048843784
0,0.012864373252380858
1,0.08283450669568511
0,0.0629604822745947
0,0.287462736180609
1,0.8723230420431539
0,0.0009421743679952297
0,0.5434098363694694
1,0.9890386177310707
0,0.3860648345759244
0,0.007870740752163593
1,0.7794956757276639
1,0.9869147518495288
0,0.002851684986093348
0,0.010543016965881112
0,0.20622402824977382
0,0.05363496345081087
0,0.05526046870928945
0,0.0051474220842378585
0,0.0018293261849362872
0,0.007234325523306595
1,0.8067703881879482
0,0.042948747650724185
0,0.03015985840830756
0,0.6394851354179284
0,0.0057262224517322146
1,0.9642635970043573
1,0.904952599864966
1,0.198336403125578
0,0.0011072377139119082
0,0.04448896389498193
0,0.009314597684392785
0,0.03451992847540299
0,0.037398321620404434
0,0.8662643436885775
1,0.30275851265835435
0,0.2826745818301905
0,0.0032003754784322574
0,0.004281185554167223
0,0.00016997929975960386
0,0.305031505213259
0,0.06524698608613146
1,0.9869957437461928
1,0.5683846531557032
0,0.06430738014788581
0,0.07145911904010013
1,0.9358663667960435
0,0.021143016249241347
0,0.04350091758981824
0,0.0016261784807352403
0,0.0073084245077325
0,0.0044675280004870385
0,0.03898512944313204
0,0.007035237212388962
0,0.03631451268677377
0,0.018225366647365505
0,0.3017643772537874
0,0.07114927280457178
0,0.01873457501482273
0,0.7569814891692458
0,0.029020170742754595
0,0.0017694298646367082
0,0.008105983311267816
0,0.33229411359454764
0,0.0008702113518773911
1,0.983718009377303
0,0.0382104201145875
0,0.4407616223724328
1,0.8030808829402283
0,0.19418935066782655
1,0.3305185830826596
1,0.9529623447508643
1,0.2309892522459207
0,0.001690628814047051
1,0.7979355845291767
0,0.007095988122316173
0,0.011064119890743455
1,0.30671670216060076
0,0.07790135018501211
0,0.010203716425138206
0,0.141203108505451
0,0.32850542229467516
1,0.14721368474856397
0,0.018488340805554178
1,0.9746249675263238
0,0.07957615735258872
1,0.2547184271429022
0,0.9631809835155853
0,0.008788815914278646
0,0.005085727416333218
1,0.9563645990723463
0,0.07829145761143858
1,0.4532059103984033
0,0.03564838014633396
0,0.03296200029462391
1,0.9393488553903333
0,0.23153682881808757
1,0.8638691584996445
1,0.7350432363167403
0,0.5792126413873059
0,0.010612944874245465
0,0.028264746961964116
0,0.017973922752258953
1,0.9680309786918343
0,0.014492272248439589
0,0.06965569049671227
0,0.04710904565727021
0,0.02706996022781219
0,0.2096140080947006
0,0.09543100815931141
0,0.04458026208047364
0,0.02526182899147688
0,0.00026723907490870506
0,0.7334748565081907
1,0.4607021046637387
0,0.025287097799313804
1,0.2129228024760336
0,0.5862951502676158
0,0.00735106756315104
0,0.19478888765816574
0,0.004356921295868485
0,0.19639581101075046
1,0.9737640647963438
0,0.4511859383393492
0,0.25348324036656306
0,0.06751256512879618
1,0.763260712354789
0,0.051923799848861064
0,0.05577754002840376
1,0.8622410830133216
1,0.939537514472218
0,0.011636709013996242
0,0.0010802145212391687
0,0.04152349146441754
1,0.9312952379688748
0,0.016290116697121562
0,0.015594414284489152
0,0.020622007768967818
0,0.023665673216183538
0,0.03420440548445172
1,0.94235509616671
1,0.4119424621885297
0,0.06379602060788495
0,0.20090640923048886
1,0.6540489095731868
0,0.042104277262572716
0,0.09933061313557097
0,0.19377598709903787
0,0.0019309176276015266
0,0.6493646777342016
0,0.08318327770137743
1,0.956535671183679
0,0.04269217053294283
0,0.07509011379073992
0,0.010848756118907206
0,0.015881438642110113
0,0.008128006455569046
1,0.9349514605971778
0,0.011416033826225308
0,0.0214730193025924
1,0.19712953954994278
0,0.007964608147601469
1,0.029702974293332636
0,0.0882997512483344
0,0.002917556266939318
1,0.8444517339477571
0,0.003064077675170577
0,0.007942843659914276
0,0.14318697449076023
1,0.9494194856451769
1,0.972514931326397
0,0.06786979587676698
0,0.9077458276992497
0,0.018554007557726487
1,0.8459276319631671
0,0.1719975363011661
0,0.0016812923440920318
0,0.020776917121366256
1,0.9510369819444187
0,0.01366922711388216
0,0.0019629578660007897
1,0.9455127224692246
0,0.010804180191321627
0,0.35215201323185574
0,0.013637183497318914
0,0.008831160687739717
0,0.015222074151197963
0,0.07108211541173545
0,0.1203362917449569
1,0.9661924830321228
0,0.0010959251750802367
0,0.007494400304435095
1,0.4273527398862109
0,0.8069709929728175
0,0.03665220865005487
0,0.006785689208629788
0,0.23535578388066392
0,0.0228710770858295
0,0.02442113512108061
1,0.19116126414512297
0,0.007386188749238352
1,0.14103472103556164
0,0.0954168680508254
0,0.03395701064534203
0,0.3770118161417391
1,0.8946245922087805
0,0.003806443005083749
0,0.022449389190020166
0,0.013593464227387261
1,0.9673313753250201
0,0.05322802183025274
0,0.007872737190401723
0,0.5306305885126917
0,0.08657702808657422
0,0.004200408846171846
0,0.06932743075109976
0,0.004483427148566404
0,0.007809325652430697
0,0.03186737640528423
1,0.6819138849318049
0,0.21702722139821662
0,0.0884193018568954
0,0.3238901851645794
1,0.9954979125692645
0,0.035773504870538014
0,0.00044005775159969437
1,0.6689980738407822
0,0.008499882415315366
1,0.9917159224987805
1,0.9582459624255618
1,0.908308874312096
0,0.16834139936470427
1,0.2935950671940885
1,0.9741626225449357
1,0.9015469761511
1,0.17907463383178274
0,0.017973135468861028
0,0.011786527674729841
0,0.994448898648246
1,0.40709946988374884
0,0.003797415199620662
0,0.20217540981545587
1,0.10266480177442426
0,0.01924743335938705
0,0.0018976772279597509
0,0.1601340398452091
0,0.020959884899650352
0,0.09519670260472218
0,0.10971426643120442
0,0.023582625609540702
0,0.34772869387539185
0,0.00212816180846843
1,0.8484830453595774
0,0.21643021465061904
0,0.2967056325799468
1,0.8768529168933302
0,0.000594271271163654
0,0.22717916358537693
1,0.7086205200775532
1,0.9714836153233903
0,0.0011734002137174424
0,0.16670018745213874
0,0.018559077953646152
1,0.518287352105998
0,0.0031842480693556182
0,0.016419067059289028
1,0.9332433673969817
0,0.507688222315115
1,0.44560389603028094
0,0.04294470234376749
0,0.8158682418619071
1,0.8145140043178591
1,0.8554306544079212
0,0.30235266517914844
1,0.766291919771827
0,0.04770956347124076
1,0.6640533597448295
0,0.6714294702701123
0,0.008845728971744377
0,0.012438922192430573
1,0.8380683971729599
1,0.8414434558314184
0,0.22888340762712805
0,0.2984689423424488
0,0.06580480088695399
0,0.00328312705579227
0,0.044709972256183374
0,0.7376876283183181
1,0.7058478940409463
0,0.045350728139079824
0,0.05380630755460434
0,0.45882430801436397
0,0.0484053856012771
1,0.34511624012557895
0,0.01662647337050013
0,0.005024656264281405
0,0.5023134420942992
1,0.25633486957437274
1,0.8799690177392717
0,0.0186306860708648
0,0.010910786562845698
0,0.12426902207373702
1,0.8089020945686513
0,0.22633515400744023
0,0.0017380992017429057
1,0.9697972482838991
1,0.9951964684186961
0,0.7716093570700518
0,0.055412649819611345
1,0.9723066732429398
0,0.003456114246258831
1,0.9556599408031874
0,0.00028285619907303616
0,0.08907073187105566
0,0.03287055474861519
0,0.014546646608015667
0,0.046771458490063186
0,0.011807004650278122
0,0.03951844952078281
0,0.7969991499901978
0,0.011471852909812568
0,0.004555488262705291
0,0.0036126517311001424
0,0.5151745900313591
0,0.0248880361992444
1,0.9855449380194503
0,0.018388783905090352
1,0.9612845803086908
0,0.0022747123137747986
0,0.0008245529207433619
0,0.23752051301614935
1,0.7885687471669587
0,0.07056020599607056
0,0.005158649035388919
0,0.015439284786541657
0,0.02380839794485989
0,0.0014156154057700487
0,0.010277405959217265
0,0.05979001510328977
0,0.0011187034191117223
1,0.8886447505578616
0,0.030592917581644844
1,0.8154763833753362
1,0.9546959976013607
1,0.9924632240344969
0,0.019991790328651518
0,0.06049311791057256
1,0.9973493105873774
0,0.2765096837646566
0,0.3510067817687004
0,0.15413690885819165
1,0.8748520130434201
1,0.8974641108600085
0,0.901813475681521
0,0.027078373391489503
1,0.3572734196428488
0,0.008442983319320085
1,0.4629405096023764
1,0.8729250170504668
0,0.003146138543375677
0,0.0004153974248797625
0,0.04143388450498919
0,0.0009291012316647297
0,0.17963259910009302
0,0.002840431151911055
0,0.03746335059167469
1,0.4480886411183909
0,0.010881471992510426
0,0.22812015348033984
1,0.36495262799778044
0,0.011509327074524955
0,0.020359785902553978
0,0.04460295546953837
1,0.4353304770376947
1,0.11606316235686416
0,0.04520329628015235
0,0.021725198674158622
1,0.8686495208284277
0,0.004596714473897785
0,0.013829836830404252
0,0.034309523809561406
0,0.0064061820453871834
1,0.9848696633659572
0,0.18568771862123318
0,0.004006130655686366
0,0.048004281720738486
0,0.38378749514287114
1,0.4837191563247711
0,0.11916762460036154
1,0.6678699227674888
0,0.09469601936635103
1,0.732225634210394
1,0.1807751555988252
0,0.016774599303051058
1,0.954413418113436
0,0.14503402947224828
0,0.02900645650501786
1,0.5016538750005276
0,0.14341178483614447
1,0.5919557589667152
0,0.03214238429967189
0,0.007242756693245337
0,0.0028163417975823313
0,0.003287529224431
0,0.0010515174218498416
1,0.1196287896527004
0,0.792188209444166
0,0.5676587973709306
1,0.9267643291130981
0,0.025470543522575117
1,0.8519509128415447
0,0.25846469792012183
0,0.0009512119105213427
0,0.0367224235094662
0,0.021098831059496583
0,0.08237420823443214
1,0.017472779096663085
0,0.2039870078291834
0,0.005652998351148319
0,0.0009852073539425178
1,0.4887751069363004
0,0.042890357975175555
0,0.019121059300661658
0,0.022115202048572796
1,0.8167549725758316
0,0.27932841272855724
1,0.9770304538797098
1,0.9639801643836506
0,0.0349295699139952
0,0.7180937476646252
0,0.006984923434681992
1,0.7574972696606492
0,0.008867821748324414
0,0.008126104620087856
0,0.11469919233810727
0,0.03485168188475235
0,0.06103928568617562
0,0.015427117177931809
0,0.017703784502755098
0,0.034234584879464035
1,0.9741167009780903
0,0.10661144723930739
1,0.9844342383145945
0,0.011313276629907089
0,0.04141122120823314
0,0.26950710858811605
0,0.021434477208460027
0,0.007967380046196324
0,0.025151413120699045
0,0.5432988427402305
0,0.0011105190754644636
1,0.9693546112417941
0,0.028367257069100704
0,0.0044524499701704846
0,0.011025836488554817
0,0.1593849263592485
0,0.007562704418971467
1,0.811327022706689
0,0.217488206796865
1,0.6442569195342969
1,0.5063076903480144
0,0.0014442152230254694
1,0.994412192028262
0,0.005255674552197812
0,0.00412040468565807
0,0.6143391800690705
0,0.061450980484275726
1,0.8270210061335972
0,0.054312105675949275
0,0.02869113779655958
0,0.2370615249862206
1,0.005446292582683985
0,0.03958718498279757
0,0.0028952235357649213
0,0.46708104280907736
0,0.03278096469288925
0,0.08281591555313239
0,0.013291357834519171
0,0.011431492074595376
0,0.006749441258801644
0,0.0041114135306029925
0,0.1805017987317048
1,0.8722403094394221
1,0.4903802444130773
1,0.9862381947336482
0,0.007495250218477253
1,0.9721767443496315
1,0.14985443972557466
0,0.0010846801615187758
1,0.9684352191791905
0,0.05547562909616007
1,0.6530784285033465
0,0.007231045856167084
1,0.9147061410163745
1,0.892777299149073
1,0.9131336526539312
0,0.054419460233007935
0,0.04225210589653313
1,0.5355310695067257
0,0.12409896449291487
1,0.5412270670594526
0,0.25691126238426504
0,0.026550647884399113
0,0.12665414102899997
0,0.021048893986283908
1,0.9782667696830627
1,0.9329392566723027
1,0.980704253669726
0,0.6430772431224432
0,0.38964762460331553
0,0.9369902352101964
0,0.011954899238214535
1,0.973948037890267
0,0.005695847366683923
0,0.3587181871412188
0,0.009649539676279318
0,0.030480993232852544
0,0.001197868722061167
0,0.04855585238640919
0,0.02791282496198514
1,0.8995891701695182
0,0.16870535922160043
1,0.6307900890574397
0,0.0667072922946839
1,0.2277987030772337
1,0.9677465191771013
0,0.023798200894117383
0,0.108353685265112
0,0.00929188944880588
0,0.0902313690462206
0,0.40344317769825183
0,0.027440697020456453
1,0.8844066235350201
0,0.00037244267129540306
0,0.19714582405462414
0,0.02539394927326131
0,0.5385747504200614
1,0.8667236675650698
0,0.058558379000033536
0,0.24058455339566312
0,0.006164974711278031
0,0.04290307073073711
1,0.06363761989023725
0,0.05140640887840584
1,0.6343377050982669
1,0.8148957207868355
0,0.038137108098409
1,0.5743932691103344
0,0.22748634879729546
0,0.15464310168793494
0,0.008421533526496975
1,0.4317162751899626
1,0.9615732590060095
0,0.0944397746331223
0,0.008395974719660694
0,0.06726419059838934
1,0.9218153622455805
0,0.6631626432668354
0,0.008153241621759521
0,0.05869214760758733
0,0.03809229378717759
0,0.0013782508219715025
1,0.6421524794989051
0,0.0412467829398755
0,0.0280523806382203
0,0.6112279475325137
0,0.06100070633794106
0,0.00966161550892492
0,0.01861207499921863
0,0.0028502461200161813
0,0.08200133296098013
0,0.02923605637689416
0,0.06467421097121638
1,0.23597956947138565
0,0.039771484808545636
1,0.14857380050280564
0,0.004285658226164176
0,0.7566528348017422
1,0.4994802329445048
1,0.749657418571455
0,0.006201976922101492
0,0.08783169084224941
0,0.022319779028398212
0,0.46219298595774244
0,0.02304725783100224
0,0.03653717380985207
0,0.008281227504730407
0,0.2431357674507661
0,0.04611429660451136
0,0.045510994502659954
0,0.005133726116833024
1,0.8800313844572769
1,0.34604593495750896
1,0.9195239426758453
0,0.0076515479068427605
0,0.21512232868533376
0,0.03822451643071262
1,0.8310429083735864
0,0.03279508853620744
0,0.05844873330427237
0,0.07675727625854559
0,0.013751653189245124
1,0.9031522104746648
1,0.8734512182633967
1,0.9648834245667803
0,0.07866101598899777
0,0.09568066685733488
0,0.035982521935823505
0,0.9097096713635127
0,0.8224161750310577
1,0.9563104812967084
0,0.02788954410956063
1,0.6398850193237842
1,0.7666632831950453
0,0.00784105865695635
0,0.009672340507042352
0,0.0018911168226047796
0,0.6543055260761405
0,0.6855428302208314
0,0.12877496671914967
1,0.6840696720574726
0,0.029537264435197337
0,0.03501131957959471
1,0.9778694654084285
0,0.007988228202859668
1,0.8395673267959779
0,0.0026512786280875754
0,0.003246544986508421
1,0.6982615006106686
0,0.010295336201496941
0,0.01439040774372875
1,0.8963543988370902
1,0.9832607205340906
1,0.8687895656343071
0,0.06220050860059533
0,0.24110662161678684
0,0.01076484772773674
1,0.9614090631352313
1,0.8655227551722848
1,0.8511590386503624
1,0.8585714027777144
1,0.015290165019908545
0,0.10464169548494222
1,0.708324376602113
0,0.5357867256525664
0,0.02319668223555938
0,0.007357480201113574
1,0.956305473500257
0,0.03144302566697127
0,0.37383158179579534
1,0.7618685559370366
0,0.6858552416855466
0,0.03189700652021384
0,0.021759041401946556
1,0.7191066355740726
1,0.756527139200571
0,0.5504854199468915
1,0.9691122104094667
1,0.8898682964733178
0,0.06896412849869127
1,0.8435121053331694
0,0.010793603079877655
1,0.9800296856391355
1,0.8189998716301387
0,0.30662386601065544
0,0.0076344857684332015
1,0.47376739220597774
0,0.06387277192663247
0,0.24721371730100192
1,0.9544646572564055
0,0.48553594448708104
0,0.01698119645071719
0,0.00552280384844866
0,0.04409234351199735
0,0.019894428246376335
0,0.006424617145167182
1,0.9917569431387512
1,0.9355903660877568
0,0.003132783052752509
0,0.15756395139660806
0,0.09721474333134972
0,0.06268429816945766
1,0.9557357615752473
0,0.0218362717353281
1,0.9109697544941123
1,0.9895391699626481
0,0.00789566556504522
0,0.006719246666284312
0,0.037378500879015605
0,0.0045136740540133394
0,0.09466823577011986
0,0.0009042444011324228
0,0.013030004829243555
0,0.04075731276431088
1,0.9533032543098363
1,0.3926440244767725
0,0.20990398947609382
0,0.09359757880402327
0,0.3896013377984554
0,0.09382224848834697
0,0.028866479499765375
1,0.9682986415176809
1,0.990786894295655
1,0.8258631591334739
0,0.2398193972838414
0,0.07809281550493236
0,0.01907703586267987
0,0.057580810713101054
0,0.2204177126465935
0,0.015303051596582722
0,0.04398793180829173
0,0.018511032940703973
0,0.02626579625978608
0,0.4062229306101605
0,0.001862605951307243
1,0.9718872490641652
1,0.40562899338093034
0,0.018478090388342795
0,0.007922397946285653
1,0.6738387061512496
1,0.038050747288315784
0,0.8232119264246904
1,0.8792139492103073
0,0.34451186935303746
0,0.01052506925290508
1,0.9776102120200292
1,0.30070610071576215
0,0.1863832289826937
0,0.01081415222682859
1,0.6832763341369584
1,0.5167709673271513
0,0.3007124797428232
1,0.8890253494850807
0,0.009592296350757637
1,0.5642378540130047
0,0.0421865687742541
0,0.0015864299742381132
0,0.0005693073990434267
0,0.05885644747496993
0,0.026143738927946216
0,0.0868340219683476
0,0.00942719493088176
1,0.87314859322067
1,0.8776826429176123
0,0.5159150336773332
0,0.006262487055845749
1,0.21342074977500353
1,0.9469713671274944
1,0.843848447787181
0,0.0014103218629068106
0,0.02608548296343305
0,0.04834148268664025
0,0.016222812741860045
1,0.5701362200748858
1,0.6978869107072421
1,0.14757761642112566
1,0.6376770052141371
0,0.002483959615535048
0,0.20268886569347194
0,0.005980514002267863
1,0.8388500392606137
0,0.008733594310394338
0,0.0008152601857625879
0,0.8829106364626853
0,0.005666848081224889
0,0.011952341933921933
0,0.06287592226043084
1,0.9053832917926082
1,0.733813918379016
0,0.008840601195955864
0,0.6995234037035042
0,0.006011900290989873
0,0.008596349118911686
1,0.691072454472818
0,0.12638231285774662
0,0.025242351250473784
0,0.013067221693871933
0,0.03784965311053191
0,0.20463856184440063
0,0.05263174556467588
1,0.9057040026096197
0,0.0018866458240879226
0,0.0036823861187803278
1,0.7642121476182173
1,0.024661837246167585
0,0.045446894758517535
1,0.5065548075918146
1,0.9520908452599798
0,0.006907153000591854
0,0.06124297902694969
1,0.516754552690538
0,0.056686926168401756
1,0.9545414850164845
0,0.6341643017177275
1,0.9475112172743712
1,0.39169736266433786
0,0.0031650782821343584
0,0.031938082123200144
1,0.9324158327896509
1,0.9852238028193713
0,0.435363318497799
0,0.22326225702198924
0,0.41008439661488855
1,0.9585595275809707
0,0.08321574149354949
0,0.019690173683160814
0,0.01849004430988793
1,0.5081020012179648
0,0.0076133809083153104
0,0.012949243667791958
0,0.6631871932110524
0,0.07339946259997428
0,0.12497464883095591
0,0.004430358664364788
0,0.006963432848637627
0,0.39524623518956825
0,0.20589365344075233
0,0.09621848628556177
1,0.8673969944324372
1,0.884951285646349
0,0.008989132940080592
0,0.009888359129853638
0,0.04537334195260634
1,0.7271455481340128
1,0.9655704955496439
0,0.006317289308924162
0,0.08355546289269301
1,0.7719246197333124
0,0.021140301116226792
0,0.2327044483201946
0,0.011728857790268306
0,0.036047745388633735
1,0.006262152029362651
0,0.027288667135890336
0,0.021521860418586274
0,0.0017073415792171179
1,0.039958922009664985
0,0.024173999192075045
0,0.01202786320885057
0,0.04346279191096726
1,0.594961840206639
0,0.020723355158092507
1,0.9914145521180405
0,0.0036276088572030087
0,0.0010184703080326819
0,0.026709519042229058
0,0.014991530164932071
0,0.007745761502680677
0,0.06492426468839561
0,0.019673588111757238
0,0.019313640951680585
1,0.8380675932246319
0,0.007289615448322001
0,0.01217060169185445
0,0.07087795096883115
0,0.00951682945758609
1,0.7185744678746967
1,0.6147256067047537
0,0.0006014963575415471
1,0.8645895323072491
0,0.22753388742954403
1,0.6364294429051842
0,0.050032036664242656
0,0.038398375414470144
0,0.04770956347124076
0,0.009908957229512648
1,0.407284198906525
0,0.0018029564905166333
0,0.009540786863899652
1,0.4150428467455352
1,0.9540812642683015
0,0.020888698060175015
1,0.019553156484253972
0,0.0028567457298052054
1,0.6784358489686818
0,0.0060201192055132115
0,0.04569110304750949
0,0.020861083166544583
1,0.986903934757811
0,0.016812628095140975
0,0.22605607303744668
1,0.8496760303185574
1,0.9274801753862274
0,0.5390356681507245
1,0.9366200136644361
0,0.0026294909421873854
0,0.06270705065901451
0,0.007109984626133637
1,0.20132789461448497
1,0.29601149627416884
0,0.04486039064448051
1,0.8690835438536781
0,0.0070429974073401595
1,0.9317889651047455
1,0.9162909110726462
1,0.7181807332063055
0,0.07431873219464381
0,0.01995502824179086
0,0.051484606931451946
1,0.21985917140266328
0,0.0042777457961364574
0,0.8181803870921367
0,0.01001894326105273
0,0.012388653855283604
0,0.04815343425489643
0,0.0004308327695464778
0,0.00019125175288522576
0,0.03147481554392229
0,0.38081319914973555
0,0.054902451399166656
0,0.0327829924407953
0,0.0032989489024676587
0,0.013561973167038728
0,0.008770259185906713
1,0.9874735790630849
0,0.05735842415646238
1,0.20128777093306588
0,0.18327507545152047
0,0.014466363154909621
0,0.024270940259337147
0,0.0643685118879541
0,0.00773868117210184
1,0.9579911834627008
1,0.5871629332579572
0,0.04407125157013415
0,0.05478291793285037
1,0.8885922614722003
0,0.0018780776510058728
0,0.06498427297120866
1,0.8841143111322012
0,0.002990980762215421
1,0.5963289381482612
0,0.03388665958217309
0,0.0021534366650818133
0,0.003793818454094811
0,0.01393048806411718
0,0.09013018753787087
0,0.27455021641130195
0,0.3296789571721345
0,0.003545827058852238
0,0.056746621048943596
0,0.012740596189204681
1,0.05158554122857973
0,0.4648393773196462
0,0.04747227731234828
0,0.05354014525717274
1,0.957973883884374
0,0.008697483097687746
0,0.014075715911721744
1,0.009091369635574617
0,0.6207989491979204
0,0.06792304734776024
0,0.07417357284462987
0,0.09834580177095832
0,0.7290096202823767
1,0.8036336715686738
1,0.6119055374723382
1,0.7072977417160603
0,0.10750679056378204
0,0.013296077825697703
0,0.297388949794053
0,0.00429256341392356
1,0.3804192378463004
1,0.9225646042298035
1,0.8841490176654051
0,0.00411209290179507
0,0.7097689630856285
1,0.6391302225024035
1,0.8596290377423768
1,0.19160905325871178
0,0.16666022451808146
0,0.07499962689218372
0,0.08861748511993633
1,0.6043497235200854
0,0.0005821546441353936
0,0.0011727475142028156
0,0.4756769040200037
0,0.008928560771941726
0,0.010284868873605989
0,0.003033779714928681
0,0.1955240701387597
0,0.027888293087983004
0,0.04142388817170663
0,0.10163998715516816
0,0.4694259465864115
0,0.0022867673984979828
0,0.006076988274865997
0,0.031938258509916724
1,0.908971565762772
1,0.9455693635872531
0,0.027533742602371663
0,0.004472000748333515
0,0.006496977213385292
0,0.029548959055299247
1,0.9779282143404351
0,0.01612986395525923
0,0.04299312173127536
0,0.0065056807813979965
0,0.025023518131729244
1,0.6420008272399715
0,0.005523546559953637
0,0.14186635514218127
0,0.00264834191836917
0,0.05071167362298458
0,0.40422413194100143
0,0.04841965795327003
0,0.504651525002569
0,0.6605643515771726
0,0.25292294723539066
0,0.008280659864995304
0,0.0054152414616246685
0,0.004612099905872802
1,0.9689703934326176
1,0.9385295126612778
1,0.6384148298795139
0,0.982987653876682
0,0.0015201603852848977
0,0.006803637691453615
0,0.4723713360870104
0,0.05651589769595226
1,0.15061019319482563
0,0.022632834883682163
0,0.07549874177386322
0,0.17466012631805689
1,0.4162900207628371
0,0.02660039280501519
1,0.9401870794297356
0,0.33117273887677984
1,0.8615130064607639
0,0.32995996761363394
0,0.034527993538758246
0,0.003584005548140326
1,0.9866392165803426
0,0.027006031307736742
1,0.7380340147333966
0,0.07319920812976272
0,0.02403057477619868
0,0.003904507776636854
1,0.5073092212513169
0,0.00509362813012616
0,0.8288298668549554
0,0.016292187147416017
1,0.5856475917101888
0,0.004156417921667325
0,0.020758816825642
0,0.22763691488959062
0,0.057480072563600666
1,0.37282610754323353
0,0.08200078844422178
1,0.7511445213729137
0,0.0020034823112045465
1,0.6181068032070998
0,0.7850443796379072
0,0.014054324624603803
1,0.9726936430368429
1,0.6445406695199956
0,0.04537820780018508
1,0.9184666081313637
1,0.42965696903187817
0,0.06151725616803168
0,0.00040211488552629364
0,0.026554557788518753
0,0.08516661507208248
1,0.8709851567066508
1,0.4567907941907629
1,0.9851799955510872
0,0.01838414491966864
0,0.04678791359268372
0,0.5170684424142922
1,0.6922121317285933
0,0.027120441746488803
0,0.010384677586701458
0,0.0016383539055061225
0,0.1265133279486914
0,0.10356325902559199
0,0.051645814854348916
0,0.0015536883237947127
1,0.771919908503675
0,0.012235939050062716
1,0.3923095573220407
1,0.9189096070928854
0,0.03449550196797789
1,0.9814790376331121
0,0.03850420909947307
0,0.011122636917135486
0,0.0012580756502560794
0,0.08108002088940656
1,0.9703959077157162
0,0.4883327423427293
1,0.5811416641846857
0,0.03814195094660785
1,0.008412637726644502
1,0.5637288331120959
0,0.7207535382378043
0,0.007565908183047782
0,0.015290299368391803
0,0.0014610924038211497
0,0.03589255802683989
0,0.0018403409897100173
0,0.0015314784367665207
0,0.022513774218210127
0,0.0755605721005268
0,0.03943057886275266
0,0.013321293567195852
1,0.9933237505920328
0,0.7276684283117776
0,0.07913569709917834
0,0.9013881308627322
0,0.016843822915515005
0,0.052636493751018226
0,0.3654260202237832
0,0.08613264158717931
1,0.9710482810864579
0,0.015561822086215392
0,0.058558379000033536
0,0.13844389956018013
1,0.9241839982826657
0,0.01893815216307732
0,0.11071830272547259
0,0.03470089021496527
0,0.011452595758942464
0,0.007651481035854535
1,0.898250070205513
1,0.9247632204495257
0,0.0043137798162115265
0,0.46939090233554404
0,0.03358411427515415
0,0.03803575816203839
1,0.13015942010128104
0,0.0036026251545860596
0,0.017268608287915623
0,0.09538816254914147
1,0.556320381445451
0,0.024333537166632536
0,0.12000314435920884
0,0.02978694332035833
1,0.9870176850193331
0,0.007592535101827039
0,0.7676274282761977
0,0.9273787306252188
0,0.07718351686784931
1,0.9810182271423995
0,0.00360995286254284
1,0.8089644859429235
1,0.9157536747781281
0,0.018790279769405314
0,0.023675223507138306
0,0.2338438524500166
0,0.002041043658229361
1,0.8997748231521806
0,0.0030294018594089686
0,0.058113306806611115
0,0.013482636443903314
1,0.9845373794992294
0,0.013215800681299988
0,0.004995719410645057
0,0.26059539975766915
0,0.006728856039859306
1,0.5976347378930352
1,0.6999821740291895
0,0.027995487418889516
1,0.9595263902240598
0,0.012604707160808703
0,0.36733446931204805
0,0.007007874061282942
0,0.7996580198322453
1,0.9087925628039942
0,0.037045052620345284
0,0.0016598963663490471
0,0.5589103223715188
0,0.8961852198179036
0,0.5987419325228949
0,0.02437608427608863
0,0.035333131273845866
0,0.059486355809743964
0,0.21757384157130644
0,0.017432833755642026
0,0.1278770495849548
1,0.8424950995224512
1,0.29373630300871373
1,0.4868078070765778
0,0.06538786930380487
0,0.3065464660426523
0,0.19425211385708283
0,0.011241626255936613
0,0.6833914053547705
0,0.021900925032291914
1,0.9770703266455456
0,0.04316727810401772
0,0.371463947553126
1,0.10715876975278657
1,0.4582781638695023
0,0.0060768207121367785
1,0.9032683240167346
0,0.000895344543171705
0,0.5362860220809486
0,0.06862455964775944
0,0.6199511614813027
0,0.3221757057358296
0,0.009167793276752864
0,0.0280747440228358
0,0.28576772620246205
0,0.029211937834930164
1,0.6744653181411151
0,0.014461697490464396
0,0.02223715106021325
1,0.46219298595774244
0,0.12126065121990005
1,0.9566466135707581
0,0.02170146893918136
1,0.33967747816301547
0,0.016454439198737354
0,0.012683430022564059
0,0.059483789043148674
0,0.005765564448247227
0,0.03619339915008093
0,0.018336802517744295
1,0.9634471671186138
1,0.988274393768422
1,0.18115294359769432
0,0.24092475004919944
1,0.6623437547685275
0,0.03462923152198749
1,0.7966499008060696
0,0.028166849973469424
1,0.45658817993860257
0,0.08373683391375561
1,0.9461816817214127
1,0.9526986404326594
0,0.7355253563971118
1,0.9830552996227853
0,0.022116393053179903
0,0.09571276272471363
1,0.192043603345395
0,0.09339021618500881
0,0.028468931739812058
0,0.04207620543002001
0,0.013923337337744025
1,0.7563422711928774
0,0.003187938206869543
0,0.045419608658363864
0,0.0704887487301347
0,0.007958199484088583
1,0.7522556480310383
0,0.027577946884349537
1,0.9561094049804323
1,0.9735127647732432
1,0.1748554266840646
0,0.02764044127387048
1,0.9554772888751039
0,0.00026034566907116597
0,0.008210413781868826
1,0.8310361804024028
1,0.9688371788423749
0,0.47015260084496335
0,0.02726878214462597
1,0.7838604626362741
0,0.12384044596238065
0,0.08758613432156759
0,0.08088192999142416
0,0.2400510917115353
0,0.003941943854415131
0,0.11211598747005734
0,0.023419910439933703
1,0.9881260581513893
0,0.02083222445378562
1,0.9769292660658093
1,0.8870729707270834
0,0.04992136689625929
1,0.954948584638087
0,3.19689178926899e-05
0,0.05355796525649213
1,0.8112711581696959
1,0.605802819266457
1,0.5946310409840072
0,0.03994883609349449
0,0.4104691352048395
0,0.013636426598440778
1,0.5502774297062877
0,0.039739359509390906
0,0.005475676684966615
1,0.9673278391682733
1,0.8552306395295199
1,0.9859551843131157
1,0.9709711760583974
0,0.08849553762739545
0,0.002394389917854563
0,0.029226007735050324
0,0.019099657467987072
0,0.027011300341490133
0,0.007713596140869259
1,0.013929254690983134
1,0.19517296643870538
1,0.8300681243630046
0,0.02127697383729612
0,0.5594449760829192
0,0.03113764334767447
0,0.9843674291536813
1,0.5744383399796167
1,0.3305964127705788
0,0.005474898386587324
0,0.0036161209094907705
1,0.6132721783483078
0,0.014280756662924185
1,0.6963372722314704
0,0.0011106470131474469
0,0.08525915253433779
1,0.9519167854309469
0,0.018358852253923214
1,0.8479314843210993
0,0.041696401674561685
1,0.8705766491254603
0,0.012528417084458338
1,0.9402320206773352
0,0.011786605341353408
1,0.9586152540249111
0,0.004629693089698832
0,0.10503245108249562
1,0.25790103200016046
0,0.14858148243585806
1,0.9415849912094333
0,0.02242237232223691
0,0.03665476092019991
0,0.008767838387377568
1,0.1879050552930491
0,0.027677235328785257
0,0.879595851310111
0,0.10202897579101851
1,0.46891272225449754
1,0.7633925432853305
0,0.004708993855835062
0,0.015673369336740444
0,0.010598816529240038
1,0.9787165124172357
0,0.005354934747414676
0,0.01671148708402749
1,0.9444432185913737
1,0.9861328653447334
1,0.12366839436889422
0,0.20247545723504445
1,0.5203593024402383
0,0.010241095938378027
1,0.8010545911143326
1,0.12828232971458622
1,0.8206618827281401
0,0.0996007694607161
1,0.9836271594719439
0,0.10027258125206683
0,0.26000987328576103
0,0.0023784103127130643
0,0.0023492782040371693
0,0.02975550243565159
0,0.513724372900604
0,0.021577376464561128
0,0.0016055419788337513
0,0.02314701519620575
0,0.002075385998850694
0,0.025798097688954982
1,0.9770749100434677
0,0.015911789610635316
0,0.1982923769223617
1,0.8955789965401728
0,0.012925706589934426
0,0.013509463443991537
0,0.011241967757302237
0,0.0023199034653028907
0,0.027501234623669994
0,0.002394373504188803
1,0.014145111246963615
0,0.20746447730704481
1,0.8568586769670692
0,0.04656610192842775
0,0.026399665718108575
1,0.7446611381259388
0,0.010339569892205169
1,0.47061325239978885
0,0.008525605767179525
1,0.9560914863394898
1,0.9655523119336605
0,0.08699340480411352
1,0.9404406533609184
0,0.010413008676219186
0,0.08953002400597933
1,0.6523455576781775
0,0.02887418882190517
0,0.28242070588098145
0,0.018251966033472566
0,0.11938165866176963
1,0.9604644370008315
0,0.03401602062724156
0,0.00396194842671695
0,0.08102052214731117
0,0.0012136178208250108
1,0.2581208742509322
1,0.808812138415117
0,0.2517681493750553
0,0.008689047242892588
1,0.886587384076498
0,0.0015682485420327504
0,0.012835089127521652
1,0.7348242834890111
0,0.0007322623734563807
1,0.5590867379633881
1,0.32902433514484414
0,0.012612349285287233
0,0.692828531310418
0,0.006961814868748331
1,0.9515348471069219
1,0.7809156200050471
0,0.42167300941373487
0,0.019936975351916568
0,0.0737628025434469
1,0.9858092893840013
0,0.010434982995325484
0,0.009961381738212916
0,0.004038381350085481
0,0.11580296594381828
1,0.8132824928001885
0,0.0032726243799429586
0,0.12658132689391732
1,0.9783118929535993
0,0.008083189604650503
0,0.006098412585325306
0,0.0020118480221343613
1,0.24671917122079823
0,0.2772005965529256
1,0.8874406338520886
0,0.027945017110418496
0,0.00754456936129418
1,0.9920140968661402
1,0.07223098984203083
0,0.008881909469308818
0,0.0028179889382987586
0,0.01702526047301282
1,0.9481020714989662
1,0.88522803438615
1,0.7410219852239318
1,0.1159463146711153
1,0.8746030519199203
1,0.4289589430732323
0,0.1282488507643214
1,0.9349573782118471
0,0.04669554014883027
1,0.5586268197353299
0,0.14297551869288946
1,0.9296329688574614
0,0.018932194228674103
0,0.11730055247874728
1,0.5687057132968382
1,0.8342604029331567
1,0.3431789345577016
0,0.14771771511749432
0,0.022680948165332195
1,0.9815998575584161
0,0.36099212104749745
0,0.019034721438281527
0,0.01886557195977395
0,0.005689252262125878
0,0.12906073846752356
0,0.21701840095834993
1,0.9505397726903733
0,0.001971296570262227
0,0.24853957062028456
1,0.783930861808207
0,0.004639908744780654
0,0.021852872950685796
0,0.07517046950581556
0,0.024425798331208132
1,0.044417021904227985
0,0.6979864730161864
0,0.02316023214883549
0,0.0029646873082187514
0,0.011890976563803755
0,0.017553456890195312
1,0.21087106206601788
0,0.10251322989570459
1,0.9607968127155725
1,0.8963724192413098
0,0.0018351659864374523
0,0.01586859136135215
0,0.8086133014174692
0,0.019761877248621208
0,0.009330203038217395
1,0.7360277126846819
0,0.029569724894690685
0,0.11022054745798372
0,0.1829973578581538
1,0.9855393372841512
1,0.9920509146684107
1,0.9963715511884926
1,0.650792236342698
0,0.006175929442371601
0,0.03580406040462091
0,0.00018863976041107706
0,0.08081377722949307
1,0.8265232247336998
0,0.032709857338570555
0,0.023890314064004436
0,0.006462638787547308
1,0.0319366265555603
0,0.00874811228271557
0,0.032610423208121075
1,0.8378112053048711
0,0.11322987686603887
0,0.009633057684084758
1,0.1896278549872822
0,0.06266048243427674
0,0.2843077356341284
1,0.34077768998716745
1,0.9556198305573858
1,0.8894833138370738
0,0.04626081917381544
0,0.015828284033129334
0,0.10449704248442052
0,0.6586448521430566
1,0.9289013510714538
0,0.3016221739118915
0,0.011115118166223332
0,0.022026897772054674
0,0.05024531155285476
0,0.16298080654875674
0,0.6388300909642821
0,0.10592242323802488
0,0.020907377848877178
0,0.00834538393150331
0,0.13885023157534773
0,0.15658788134416943
0,0.12679612010761504
0,0.00037079140714758543
1,0.8546296796028375
0,0.0015220130891843008
1,0.147531659726019
0,0.019834018969955642
0,0.041543668507051
0,0.8815743296739926
1,0.9444145962037416
0,0.003857459768649081
1,0.8451440249023244
0,0.06784663443680766
1,0.9741468652458839
0,0.004505715709184592
0,0.003749126191195538
0,0.0054679280512650195
0,0.0033082175263868517
0,0.06179382560115769
0,0.8026724456842846
0,0.5020081721683373
0,0.0013899350835385757
0,0.2974516190084297
1,0.5628227761519746
0,0.07179809265818193
0,0.004979099987307072
1,0.6812052422788674
1,0.9318333193134015
0,0.003823969313081599
0,0.11108712131647147
1,0.5049304291766966
0,0.5107902760111934
0,0.008250808499403572
0,0.38405625592216025
0,0.13187446219873053
0,0.05970403055718015
0,0.012273040921373211
0,0.01792702512954232
0,0.009162990446489407
0,0.007909628978738826
0,0.09183425217136351
0,0.023032569176761664
0,0.7132192951797987
0,0.012653032388965016
1,0.2407485675490235
0,0.0028936117169932976
0,0.007565102379998113
0,0.004493726624844317
0,0.018136632321280217
0,0.6598495131794747
1,0.10136145007998452
1,0.9450309113536985
0,0.060218414412546856
0,0.012754445792476093
0,0.01898069495442118
1,0.9572016991770855
0,0.29655279099606774
0,0.03117828832002551
1,0.9012186455635731
0,0.027084316142333663
0,0.04222780461847639
0,0.001094511308472972
0,0.04933546436363591
1,0.8769695033966273
0,0.056721800132317576
1,0.9411245913839273
1,0.6278384022343844
0,0.07346858770265983
0,0.0005223140924294927
0,0.1351689780436804
0,0.8247301485864929
0,0.015420327705602485
1,0.9859880195173808
0,0.20092874214387849
1,0.680339692959664
0,0.004198522250032141
1,0.9254363872427378
0,0.0087008585065
0,0.010791373417136318
1,0.9946876994927191
0,0.01439294165452615
0,0.004070241152135273
0,0.0013690675450774448
0,0.018706515330537982
0,0.11937513103634098
0,0.00665051406285584
0,0.00041715145484042736
0,0.008944961996554888
1,0.7126218744183787
0,0.04595773751741392
0,0.011751108224859051
0,0.035850645082905315
0,0.04147701526064787
1,0.8923659656642955
1,0.2911885977968946
0,0.04234609758994606
1,0.9701332186220607
1,0.7282664541864199
1,0.7456636608912175
1,0.060185283780236354
0,0.4305309474733436
1,0.8727874380651008
1,0.9122255318194725
0,0.019471985824714426
0,0.03723570370317314
0,0.011489399658785378
0,0.11039162576057311
0,0.044035317553635406
1,0.9656577083982091
1,0.320324096539922
0,0.006254737181243924
0,0.2723298470919546
0,0.0156902920155351
1,0.6202765079105964
0,0.8456299368551861
0,0.029744673555685514
0,0.036718180850402654
0,0.621621981806868
0,0.4861162398252344
0,0.0019327549370046053
0,0.013800417912599885
0,0.04931340782925042
0,0.050576199813556495
0,0.016040321172251116
0,0.12742276484615905
0,0.03550348221086665
1,0.88535992057114
0,0.05368789271353127
0,0.7882946528575293
1,0.7581223103325128
0,0.06994952656026977
0,0.8171348220131154
0,0.17876527773445497
0,0.5578748414740134
1,0.21215170988808826
0,0.021038550007514988
0,0.3930831389922186
1,0.9566430686444697
1,0.9563908000493359
1,0.28853639410773585
1,0.7608817856706346
0,0.028903916109740063
0,0.04204498944263147
1,0.9789677136052553
0,0.014795417146603523
0,0.019407814863657617
0,0.02999780297458064
0,0.14816405098942353
1,0.8478014857594232
0,0.010997939627664112
0,0.2835317013136944
1,0.929346470544285
0,0.02445704536088134
0,0.04333171204658906
1,0.8148888170535848
0,0.5727107589492136
0,0.009840455439799875
1,0.5069324982158357
0,0.2165694181961618
0,0.016854206943192417
1,0.63230561248972
0,0.12608208143207936
1,0.9284965251484137
1,0.7972438180297847
1,0.9714795942072211
0,0.07518676764956977
0,0.239065338971957
0,0.0013807883615241437
1,0.9828367550691697
0,0.0016559187163514993
0,0.0037120844849817605
1,0.216428165136752
0,0.009398542994862298
0,0.03048389226271743
0,0.07042324292824458
0,0.016693876001117013
0,0.009578966496620834
0,0.0032085016867144218
0,0.3386079684259647
0,0.4082010203050199
0,0.02027124318547311
0,0.0027878935798508575
1,0.8757372320023957
0,0.02475862318398421
1,0.8455547149398094
0,0.010638448280316721
1,0.4239697518219662
0,0.010592584976603002
0,0.0015568716296873338
1,0.8017501785278043
0,0.002155356963003798
1,0.4496202063843547
0,0.19308512492186472
1,0.6823161044075233
0,0.16330202238416958
1,0.9725277380556678
0,0.004675140682425001
0,0.02756569809336835
1,0.9210823781725906
1,0.9251073710115555
0,0.5967195129412853
1,0.9915265535347328
0,0.010095578694310227
1,0.1617471170384358
1,0.7782475644171003
0,0.012810931577632084
0,0.40217768275024873
0,0.289635427939456
1,0.9556769540542226
0,0.006585425803588304
0,0.003431629147485251
1,0.6949084765309608
1,0.9598596415775398
0,0.1682139580361029
0,0.08760006547871728
0,0.0075224910910701125
0,0.004673714086921072
0,0.00969912430308091
1,0.7702134203228925
1,0.9423527946702387
1,0.9896067606580076
0,0.06146694546097442
1,0.1984595691972677
1,0.1587290045771008
0,0.07486637700348069
0,0.010192256437474014
0,0.3676583212725045
0,0.27014833193876747
1,0.8425740273979465
0,0.08752734684938547
0,0.014439997766523199
1,0.9912796192714386
0,0.5716107046839233
1,0.693654217761357
1,0.6050006998342333
1,0.9746548780556731
0,0.004309598038760297
1,0.2505353222878142
0,0.007050599857985301
1,0.980259037681589
0,0.010442496405347244
0,0.03726965607098549
0,0.040248564818919516
1,0.6610144534339593
0,0.2725571370617471
0,0.8800313844572769
0,0.05242560952062584
0,0.34643603850830235
0,0.46861559057094715
0,0.005317973628287841
0,0.36040740575402547
0,0.0016118600393517652
1,0.055131655086487506
0,0.0938511964992208
0,0.41294051563098855
0,0.00024083035474890547
0,0.017254817778072383
0,0.17143751883423583
1,0.4848593120458567
0,0.014450009598848942
1,0.04017934856471462
0,0.6686021061877713
0,0.14308782160336683
0,0.05721656598349379
1,0.7155532827385439
0,0.003224209033394844
0,0.009007974375080054
1,0.5761471750880929
0,0.018374694678814914
0,0.009522027831492731
1,0.7820071543315528
0,0.0108350813420394
0,0.02809788957767393
1,0.7462067362700948
1,0.8857059491211541
0,0.004595178542307166
0,0.017624272610091547
0,0.8925117535132495
1,0.9654655891591806
0,0.22079241533190352
1,0.553495817956618
0,0.9015708315665354
1,0.9583990733179696
0,0.012050263403789535
0,0.008960868245686837
0,0.036152863418907416
0,0.04184623904755775
0,0.007405630451012606
0,0.39524623518956825
1,0.43262914968422994
0,0.03271302520746485
1,0.3830887966394134
1,0.923400998692973
1,0.9799697364732187
1,0.9693430319638295
0,0.0018715443512028378
0,0.006463770732125004
0,0.03220000276125797
1,0.9547694727583489
1,0.9421707786082898
0,0.10661527349653233
1,0.5112807210002208
1,0.1982930036126988
1,0.767186996717576
0,0.05349633478657362
0,0.05621483451802582
0,0.012109737786718228
0,0.20492190831272394
1,0.9837060100754221
1,0.9812672376674509
0,0.003077023917602223
0,0.30137718134073244
0,0.010658730000116972
0,0.023763816304700525
0,0.013486310835141279
1,0.8823035044955357
0,0.0018018542959209855
0,0.0044980455950775836
1,0.26556713144595473
0,0.01377943735979864
1,0.9698214036737449
0,0.005130013560605036
0,0.009533852362414998
0,0.031880980477226574
0,0.01367823080987731
0,0.011205945616967241
0,0.01716253864305981
1,0.16351605368092206
1,0.9931349576901591
0,0.0906135296572704
1,0.9644488764749707
0,0.005735821649390801
0,0.14475550497526277
0,0.1001651856062951
0,0.06490346676926691
0,0.14156538901744564
0,0.11687773835827703
0,0.23192766879976434
0,0.007553952519385259
1,0.9904784335409993
0,0.04750392753744127
1,0.7048486246219968
0,0.8578063126748695
0,0.05538084410739517
0,0.01922431231074415
1,0.9580912884655608
1,0.4926035125341393
0,0.07232487787944647
0,0.4392417715967393
0,0.009570952340673823
1,0.955048727722619
0,0.05655317136173401
0,0.0036736047242880657
0,0.01813919240453549
0,0.3782643480985021
1,0.15747223167261384
0,0.02655601866639474
0,0.9951343362151446
0,0.09271995910603849
0,0.5114396151189943
0,0.010599879746865494
1,0.978740608347773
0,0.08605078377694458
1,0.8879697104449958
1,0.9882675000608176
0,0.01709897650847995
0,0.009898517475225401
1,0.8960884777676666
1,0.7621321023239981
0,0.007018186849140325
0,0.0018023288999824219
0,0.10011968802247656
0,0.06228308128018197
0,0.052094229912507804
1,0.9142314488803935
0,0.07139982020058977
0,0.028438833651547576
0,0.044329925436601254
1,0.8640674588760765
0,0.009373668942299308
0,0.057696552660119034
1,0.8898252102391054
0,0.004904212571318277
0,0.03062459976572842
1,0.8222579794425978
0,0.04909716289770187
1,0.898163966657261
0,0.025249934081575456
0,0.003340062276402039
0,0.039562161235171533
1,0.773168926871824
0,0.0037581710682987133
0,0.09746178314000689
0,0.015501675644851741
0,0.0452571941947494
1,0.9833548920913461
0,0.016032947616548967
1,0.4912271160050393
0,0.6937137343989052
0,0.3590110064160238
0,0.003074655925271769
0,0.014365219532147202
0,0.029622097516636664
0,0.18422625647814428
0,0.0017546033882634843
0,0.02138163274565385
1,0.9635533212973937
1,0.8209351364998213
0,0.011320496794136293
0,0.07294161130887392
0,0.01138693426491599
1,0.620307089083718
1,0.9871679305467677
0,0.013566326386114148
0,0.7812174624771739
0,0.006467706960416407
1,0.3207938184643588
1,0.9628206082251831
0,0.9036294660251866
1,0.8914281234757632
0,0.004302976836616207
1,0.5665547817861626
0,0.021864542153208866
0,0.00039263662140906117
0,0.02229212193698827
0,0.8419513682014986
1,0.2188786227345275
0,0.43265964298141324
1,0.7552684834955405
0,0.12891596894881902
0,0.1170001296293013
0,0.004806834266680397
1,0.3719877905367906
0,0.02781063008661263
0,0.36695889366810963
1,0.16701785056728252
0,0.2192043841350317
0,0.033833623405863406
1,0.9855294587226782
0,0.028023702472354337
0,0.10036613395182277
0,0.024354314323166242
0,0.006402402333165829
0,0.572584502412991
0,0.02552808115870288
0,0.014127245119577962
1,0.325927016973415
1,0.8246068274293028
0,0.7733244678108996
1,0.9537184850599233
0,0.019283290617895014
0,0.06157705867224829
0,0.8224875488350276
0,0.021873293830794237
1,0.6810378154444225
0,0.015478894466952029
0,0.026227455049786633
0,0.009466178656809042
0,0.097982245924192
1,0.994091072584652
0,0.010236453359999807
0,0.1556310474062351
0,0.0036073697894153543
0,0.069477333822918
0,0.005798039955588041
0,0.7328569267293279
0,0.007349551696869128
1,0.9878201959690791
0,0.0026713387042725566
0,0.004659498316860767
0,0.014329547306125602
0,0.1915636026091154
0,0.029887422920426798
0,0.08792859738005508
0,0.9762986120837266
0,0.002132537486055713
1,0.9923814485792162
0,0.07716972479084558
1,0.884489170459337
1,0.27622565490261974
1,0.6956720500285314
0,0.00508375180081551
0,0.060265523850187505
0,0.03382603152051593
0,0.007622630047178589
0,0.00354757414458656
0,0.010132618372942784
1,0.6459584243002346
0,0.07723238317414828
1,0.42377585892449415
0,0.0003471985311712301
0,0.0007133045504763087
0,0.0570856215187838
0,0.0019384053311514355
0,0.0033686969702929285
1,0.9871015736452919
0,0.0060725316403913605
0,0.012145983091959795
1,0.9362919422612633
1,0.9728829905588734
1,0.7224526675742725
0,0.03449491082991178
0,0.4161036534788336
1,0.9865484799178887
1,0.7276684283117776
0,0.006763678708710945
1,0.32283659319417446
0,0.026037157446529926
1,0.9558419947041945
0,0.022872300336995884
0,0.04886198089228085
0,0.48861829012375246
0,0.05554384281234443
1,0.2750378985736426
0,0.17791069069333984
0,0.014359390559021665
0,0.025925572895454985
1,0.9518411294372741
1,0.6690794212627861
1,0.9528896273638504
0,0.026764899521908497
1,0.6697631358724303
0,0.0035177106512769745
1,0.362407968070281
0,0.0011509055357116099
0,0.006898277986482251
0,0.002530177820787959
0,0.037815294490088185
0,0.20934003250974847
0,0.04256173750825303
1,0.6927490587729288
0,0.008719053939011437
0,0.01950611290222368
0,0.09206813508558417
0,0.013455624338883023
1,0.9837036879094335
0,0.020844655587976112
0,0.018378177897364203
0,0.4984621597799832
0,0.016223928279417738
0,0.8890253494850807
0,0.019246548296678614
0,0.00707864911704466
0,0.9333625010977576
0,0.05243528383387213
1,0.9970470845887613
0,0.08447153089909791
0,0.400960090150167
1,0.978654050207841
1,0.49361160692461803
1,0.9880279519645963
1,0.1716179098757159
1,0.38275559821475
0,0.07326801328199847
0,0.004600607944015149
0,0.01154942839778609
0,0.059168759429041
1,0.7264993809856257
1,0.08736184782515695
0,0.03069228433900093
0,0.013231452400422809
0,0.012926617291484106
1,0.990811323705836
0,0.4538831814668599
1,0.934644571256093
1,0.5919878907177953
0,0.009204746280179006
1,0.9683839909186341
0,0.027624134554277126
0,0.01881776817730428
1,0.9595553540851318
0,0.011211733236499528
0,0.06335641197253215
1,0.7343473505318067
0,0.0028040473903440132
0,0.41440780201339983
0,0.09071965678650162
1,0.9171471031073068
0,0.1190145212067299
0,0.06503035225507385
0,0.009199977785768967
0,0.02467796432825975
0,0.874065778352729
0,0.27729044746145853
1,0.6167604686777799
0,0.03175171920265429
0,0.00732122711028964
0,0.006213770633556572
0,0.034930233532296344
0,0.3949884554926341
0,0.11606316235686416
0,0.3225659891692396
0,0.001271221092662708
0,0.07871775731717547
1,0.306508964663988
1,0.9058768085802285
0,0.019054153811586733
1,0.9199818540067224
0,0.009772098115408981
1,0.8531539342791679
0,0.07232871247846519
1,0.40584161446051353
1,0.9196236796575621
0,0.016243032020296092
0,0.0754997429172633
1,0.2894648750461361
1,0.5470875497955435
1,0.7264488944883581
0,0.01542185687167148
0,0.006785353607630063
0,0.20026903911619331
1,0.9467284345398296
0,0.12594123343530458
1,0.9605629097355726
0,0.08486097343092874
1,0.9730805986098863
1,0.3722091589072307
1,0.9040722116672663
0,0.19332728781066458
1,0.5189718992072095
1,0.25155747724279726
1,0.0201861658694525
0,0.027356443135141427
0,0.19345904869334757
1,0.9337699364879617
0,0.001101187166265993
0,0.10415118041453988
1,0.95914208841485
1,0.6557014035193841
0,0.009991021839210185
0,0.006198581514756003
0,0.5845212360021039
1,0.7772768872825917
1,0.9398975800537325
1,0.8107380737135156
0,0.02010515920726948
0,0.001073913967988132
1,0.9698931228511792
0,0.014179131731501185
1,0.9107967303649857
0,0.003338945733823
0,0.012928229051814686
0,0.011738366550282304
0,0.5164301561029213
0,0.3131727799319379
0,0.07759510727901721
0,0.04215674165382528
1,0.1717007457578258
0,0.7912921943252751
0,0.18058575818367567
0,0.008762482369381505
0,0.020857842508361896
0,0.21157618443447984
1,0.4903969206545358
0,0.003329608550542861
1,0.5915711257545135
0,0.011248640052031014
0,0.013834751193997817
0,0.002197378173338397
0,0.011183990391401699
1,0.01772330572595624
1,0.874101601306603
0,0.03088835787894557
1,0.9626131534021338
1,0.9827937212901275
0,0.014492306944932047
1,0.8334172611238375
0,0.3581499699506969
0,0.8776879130749863
1,0.17256488313417626
0,0.01786900837754882
0,0.10211052948363285
0,0.7803408465180285
0,0.12581766504243505
0,0.15845774472711824
0,0.4304421445431914
0,0.3657138868979662
0,0.02013420417285031
0,0.04263195783363716
0,0.0038730082307790164
1,0.041811449695639144
1,0.9829594336537978
0,0.03860363834220785
0,0.021450097413738954
0,0.13904696320208995
0,0.11147009500645418
0,0.008548065049590296
0,0.021131433421837178
1,0.7365264890463136
1,0.12664821874463478
0,0.00985853182762574
0,0.0033881904708388533
0,0.02232258664526433
0,0.04337392957640307
1,0.934091281518141
0,0.02071756876648858
0,0.033875415651257304
1,0.002003685934050384
0,0.016725606406874753
0,0.2600379633611189
0,0.004455198542948722
0,0.1619347104868773
0,0.01970072635926575
0,0.045124941629782846
1,0.06894778493787503
1,0.7368825200041931
0,0.6549678517938066
1,0.9311163615998752
0,0.4176707984846245
0,0.0756272197298959
0,0.06414472226420696
0,0.006843277857586351
1,0.6062148968516701
1,0.9697770286389903
0,0.005438132088956368
0,0.006861093073050178
1,0.005793474489616682
1,0.9819277407461325
0,0.011868344811210322
0,0.05211270807190011
1,0.904437774014892
0,0.013117577156729522
0,0.12581871256839483
0,0.024448050163114254
0,0.8229056986717196
1,0.8706830199036258
0,0.002451473613059095
0,0.17814421600292282
0,0.16067401563014871
0,0.001002813159898374
0,0.007130836101783301
0,0.018836928264251398
1,0.07548996590131593
1,0.8925286341361517
0,0.011836818104033274
1,0.6945777542461167
0,0.027397882088600594
0,0.07020977649934901
0,0.016385405443722512
1,0.9838126320209803
0,0.004116239900674204
0,0.003074658944374141
0,0.011534050520516455
0,0.05920515827138619
0,0.07975449554993057
1,0.20183129198035454
0,0.010247335697581175
1,0.06848119577634447
0,0.006841171633062025
1,0.9477734381610662
1,0.7487801375526827
1,0.8204930602237394
0,0.05278456919643603
0,0.0010155285293485966
0,0.009366823580654287
0,0.05325772613511208
0,0.020065844487008492
0,0.006616818344189287
0,0.011214595191243836
0,0.2629603581088526
1,0.008434392499375637
0,0.004859048286954754
0,0.015007203300336808
0,0.2812189789233393
0,0.021769819635938707
1,0.5797799258484181
1,0.976506790629989
0,0.004284554419172033
0,0.008515848445477758
1,0.9032490340597572
0,0.3525948032282508
0,0.01734176484237123
0,0.033075347937228015
0,0.0812974891167351
0,0.03248538237606814
0,0.002365364037089367
0,0.7304402605399087
1,0.796623369546417
1,0.711406864856778
0,0.05365703702068446
0,0.006524678006936857
1,0.7774744778624678
0,0.06717800286226662
0,0.020030939823307864
0,0.03735085156551993
0,0.006768179051552553
1,0.31357610128058405
0,0.05639188919056439
0,0.027212770198698197
0,0.6115655158253961
1,0.7750611045780753
0,0.00707420136241018
0,0.9387288469869062
1,0.552183140797888
0,0.011505958113150465
0,0.006924636611892208
0,0.012670005983445575
0,0.05599892120878937
0,0.0033692772533705376
0,0.006225212376687319
0,0.005325541801744848
0,0.12623081625880747
1,0.008545049410465836
0,0.03075637906180313
0,0.004807422478060824
0,0.9783317457394946
1,0.9845559485743592
0,0.0014237511412537075
0,0.06066039429670358
1,0.20366030561035162
0,0.017267131192231232
1,0.9198331390124231
1,0.9134383779012173
0,0.0009288280058038757
0,0.04367665761833861
1,0.904665607277926
0,0.004394897881979064
0,0.03609105459291909
1,0.7270774443561479
1,0.18637488502315724
0,0.4445020813922057
0,0.011651559193439054
1,0.8913640444219261
1,0.17532622707744505
0,0.0191807920830495
0,0.009030883849890363
0,0.02320973200377337
0,0.006324899407446275
0,0.2086201801617782
0,0.009380028506946593
0,0.05427450053054218
1,0.8765731988508894
0,0.051221133198750074
1,0.02361303202877259
0,0.7340179016149755
1,0.7486089175675589
0,0.6986190253616693
0,0.2826745818301905
0,0.3359520292585543
0,0.001321739375799813
1,0.5112570695570859
0,0.08429535247848122
0,0.5745753510076572
0,0.11227042605582978
0,0.6256323247252851
0,0.5059287961729093
0,0.01615982902025315
1,0.480224567357023
0,0.027280360336086627
0,0.004445248104066258
0,0.06806451366162514
1,0.9725043965978315
1,0.6270539327206668
0,0.02724862516169477
1,0.7239633373709964
0,0.008563022779505861
1,0.6794324942861911
0,0.19116126414512297
0,0.005209855922745957
0,0.032539066084358144
0,0.2376705284349848
0,0.00485198883527493
1,0.988999345479738
0,0.22113357607084774
0,0.0009554714773525164
1,0.6432217568600513
1,0.9610561122210723
0,0.0110348171619374
0,0.0017564161953934226
0,0.0016214839224769114
1,0.978591787982008
0,0.07467478558683013
1,0.15906070412198983
0,0.017319751890716717
1,0.009849529647778408
1,0.6742189758912408
0,0.00046662745870758456
0,0.08758578303394161
1,0.9270835623268725
0,0.00031422720655529705
0,0.024064426525616203
1,0.9589451991725164
0,0.059226282918567685
1,0.3017313996176069
0,0.0927316648924737
0,0.0665751398887664
0,0.12807719048816035
1,0.6298619148314449
0,0.005240907451863927
0,0.018681372895614858
0,0.08013840812842485
0,0.02124048067102907
0,0.01326755823155611
0,0.026022854107490632
1,0.9526974317844629
0,0.010222422961103301
0,0.017170396498742496
1,0.9771694871033886
0,0.7959494044666795
0,0.03020890047312111
0,0.3408820621985185
0,0.030347668498560448
0,0.0055049605462454
0,0.0677806394481871
0,0.09905676255219634
0,0.553291454370416
0,0.049225606143210296
0,0.10711034240100809
0,0.2099153406906138
0,0.17568263081131907
0,0.14737138631126906
1,0.44374023693837805
1,0.769652454571572
0,0.05823305154069415
1,0.8392571856674319
0,0.0008619322511634631
0,0.024900430323299225
1,0.3244425116990242
1,0.9880879161534042
0,0.009508098850438065
0,0.002729507384207792
0,0.02353069086898104
1,0.3165451552825124
0,0.04082564516101773
0,0.001280571333675113
0,0.03377404696442795
0,0.017893228940009057
0,0.016669388860219996
0,0.006029338302162054
0,0.05691417109234837
0,0.895877804071572
1,0.6098583476885141
0,0.7346247778173504
1,0.9202566723807797
1,0.3901874255325958
0,0.009998883116558787
1,0.9743356708414291
1,0.7966763004638271
0,0.1409127314392832
1,0.05990475712320598
0,0.1532054677239331
1,0.48355357352758316
1,0.8130510624132158
0,0.021052217872032205
0,0.05020646367542526
1,0.6860343210416007
1,0.7547792336743355
1,0.978083872225272
0,0.27078778801778586
0,0.021862003911221162
0,0.008607237059874538
0,0.0005388933964794961
0,0.007117853537197556
0,0.0002767654208393485
0,0.03368329717954305
1,0.9679737204573011
0,0.06684405744205209
0,0.009851536961915697
0,0.009450664155233535
0,0.3884462934728449
0,0.9002167149256985
1,0.9770949720637799
0,0.02786180417075515
0,3.6290178916738914e-05
0,0.05040673136876393
1,0.6668175961013546
0,0.005737809505597807
0,0.0013537220214432499
0,0.009639485569122546
0,0.43526440631495705
1,0.8475085869662239
0,0.14741763905963984
1,0.296480904049221
0,0.0019907135522137637
0,0.00789324656761398
0,0.00888560024069645
0,0.005804806042258858
0,0.0011653651494184674
0,0.030005391700607974
1,0.9903664749515305
0,0.007340355342993411
0,0.0018667840800239354
0,0.03242735415926456
0,0.004000816225463968
0,0.6273618418167121
0,0.45580303951217666
0,0.020375692605731337
1,0.9722663421476277
0,0.041711603661407984
1,0.8222329249464383
0,0.030156604903040243
0,0.0012226290001002144
0,0.006634136175879065
0,0.021704728707635113
0,0.004905117846181582
0,0.06470012681317265
0,0.09399808677788576
1,0.970394223175863
0,0.004276502097770476
1,0.47898278731977795
0,0.00530632088748122
0,0.006600709201270454
0,0.01773306299591985
0,0.22891561356585544
0,0.00034973637845445583
0,0.12462207131286605
0,0.21143194338896582
0,0.778302823116613
0,0.00048223115351013674
1,0.902505000678003
0,0.017946183896841522
0,0.08061169623388717
0,0.002431986943172674
0,0.02313033464694235
0,0.007344417871989146
0,0.027190578043292498
1,0.6181068032070998
0,0.002929299782309291
0,0.9347215776677084
0,0.8768397115842417
0,0.016449418119538022
0,0.13982684903686707
1,0.977440785655758
1,0.9758491920869494
1,0.16976428283868708
0,0.019871124488828055
0,0.008834814610400015
0,0.021853113553015568
0,0.0016100800218466263
0,0.04657026520586553
0,0.016886390301375127
0,0.0015692362397358444
0,0.14004747974823042
0,0.23808877442971843
0,0.05048536824622187
0,0.0856179051899976
0,0.04515982517116631
1,0.9033719009169242
0,0.006511908298794517
0,0.17471200325638958
0,0.001481923160908853
0,0.3248508575708415
0,0.13460279700826736
0,0.017950448812783272
0,0.3330408891019278
0,0.01886711974724636
0,0.08710169343254213
0,0.031972882085026716
1,0.15958109296186007
0,0.010068861879880138
0,0.6002312275212071
0,0.05505094514728214
0,0.005676162915621409
0,0.018423839269717687
1,0.8824724920252499
1,0.9636454522296789
0,0.005666099731022744
0,0.017656286899777617
0,0.11871761381048242
0,0.002209673651372093
1,0.9406833868023462
0,0.004994862188828093
0,0.32131160114903157
0,0.001713737785955328
0,0.006643764565924775
0,0.01376340753155225
1,0.9256036503587537
0,0.03643098676737561
1,0.36741495313382805
0,0.06630448976842847
1,0.6901319831054502
0,0.006416000678530525
0,0.0462024633943277
0,0.0028598381155116033
0,0.26218912486428086
1,0.9633886031950586
0,0.004141375273566754
0,0.04064022197406148
0,0.0338555319081038
0,0.9156177858636546
0,0.008668279406689192
1,0.7777382751911938
0,0.011438248964896812
1,0.5840893071470418
0,0.485693574209924
1,0.2904357783952138
0,0.009012809527151219
0,0.04434098502278468
0,0.0031192253664312276
0,0.010614693159910666
0,0.006365968430234971
0,0.011904435514150937
0,0.11878841271094417
0,0.030786171512812672
1,0.541770111619299
0,0.027661118383109057
0,0.0015283200607658172
0,0.028430728418866638
0,0.1298196215408382
0,0.003631818758678176
0,0.01465613053600587
0,0.28214725386345435
1,0.005647939617027107
0,0.006746046079087542
0,0.22428251832074708
0,0.8976516878387231
0,0.830560932556743
0,0.044433417752806535
0,0.03234400196915592
0,0.009603502240479456
0,0.003868512335129689
0,0.014140613104113176
1,0.17354330591214961
0,0.040412482067341875
0,0.14185134722310563
0,0.0016826369729763032
0,0.014406823082697036
0,0.012889166053929282
0,0.023273831210579892
0,0.02682117891099841
0,0.05479983756876046
0,0.011214595191243836
0,0.008765939623545408
0,0.04141636555148031
0,0.011256496273407643
0,0.11827658550485332
1,0.9612361713236591
0,0.020789973431715212
0,0.021685739624364504
0,0.049152510410116944
1,0.7229305711227123
0,0.0014091833067747701
1,0.8347598422437104
1,0.902998550929724
0,0.2935590551590211
1,0.0460599612157836
0,0.2486418684560101
1,0.828549341997679
0,0.0091004172255512
0,0.04551474233065713
1,0.10597957942349262
0,0.011606452737547391
0,0.08140815779096011
0,0.014673112986144583
0,0.013636117489700459
0,0.0576576576449182
0,0.004874570754199937
0,0.10368224912112207
0,0.0015617038049141236
0,0.11997132629446912
0,0.0048972894605978316
0,0.0013459192109519596
1,0.42641542611664546
0,0.13536476318060878
1,0.9305386752559821
0,0.0243274819464917
0,0.7292341473813515
0,0.008415869987401578
1,0.9544521639084182
0,0.9473054439266089
1,0.48941710421212703
0,0.32630689899040244
0,0.03820368288807342
0,0.34140385402366874
0,0.06662073132660648
0,0.0025590900558223944
0,0.004855102129093077
1,0.3324272509212396
0,0.0016369025082772805
0,0.047912825529824773
0,0.016645768153822654
0,0.01549159814980556
0,0.013930044058358142
0,0.3066589402433283
0,0.020618840479906652
0,0.05420548347752708
0,0.002749692939967033
0,0.004788019483715392
1,0.7466608258278538
1,0.10181216334434241
