target,prediction
0,0.10653273695905902
0,0.32339495130625107
0,0.3465327736388069
0,0.22206662812553835
0,0.14607633527592145
0,0.3341495420499354
1,0.17399780962860176
0,0.4042635747319977
0,0.32090389104091993
0,0.037802712308385826
1,0.657310699260802
0,0.16503681677071613
1,0.4644505959559632
0,0.28980590313451526
0,0.2573823528162011
0,0.28065126414394087
0,0.2007897287991726
0,0.17024354441864692
1,0.8279471901775598
1,0.7976271872620488
0,0.22925274490815695
0,0.01013155959446779
1,0.3150243641905578
1,0.4442141218145789
1,0.7172015743362766
0,0.5504584246641195
1,0.4107780863667919
0,0.19495572854779902
1,0.7508646384450822
0,0.17041759687497265
0,0.2603622189231947
0,0.03072504989291246
0,0.16169253624731
0,0.33809888241856995
0,0.1833573454829626
0,0.5940524717424243
0,0.011150032467355256
0,0.1874713313202014
1,0.7136978010058812
1,0.5946407905469303
0,0.3932324459419638
0,0.5530939941397963
1,0.7780633920282192
0,0.2023711419633984
0,0.3660578763677939
1,0.25096330721319443
0,0.15909442843229332
0,0.27249636104071834
1,0.4528542771409867
0,0.2661417499372842
0,0.007743136773946981
0,0.4062638509198027
0,0.008327634793335087
1,0.36944078685726944
0,0.2390904024984202
0,0.17507457520504247
1,0.6293143940268361
0,0.3389432027572207
1,0.5723782916057136
0,0.2687596298317531
0,0.2134142070491023
1,0.3323454896569832
0,0.4934887689131654
0,0.28980243526641525
1,0.5378534206347784
0,0.2507391454565879
1,0.36228111333150415
0,0.466367470578243
1,0.4877525228937548
1,0.7231971718459371
1,0.7708530874803006
1,0.42907792691456675
0,0.10132876351587113
1,0.675101467491905
0,0.18568942383738724
0,0.2316106921285369
1,0.9335702225161885
0,0.21495370663483676
0,0.3322636220594249
1,0.43826110758443515
1,0.3050757402872697
0,0.2075148255468504
0,0.4585986552748649
0,0.4457584371631267
0,0.25327226807382225
0,0.21320308427676313
0,0.07156185263133834
0,0.20118447229733014
0,0.674460555814427
1,0.3882071198258491
1,0.7293298295142566
0,0.15446374909576827
1,0.28975036620437933
0,0.015171358102601317
0,0.07020837143981476
0,0.41096066023888317
0,0.272207877271179
0,0.27741504162567715
1,0.3653647757348903
1,0.3961387783479887
1,0.6679972849650673
0,0.22012215571137175
0,0.3078235130371701
1,0.6291929700307785
0,0.028072638925925913
1,0.5172617080785885
1,0.7551942280576862
0,0.029314280333360743
1,0.3286053121825988
0,0.5018231221005749
1,0.6996600434025496
0,0.343098781362467
1,0.5511993319878135
1,0.7551611562626365
1,0.4111663002348681
0,0.08885286505078954
0,0.2590688961555527
0,0.30404188800346327
1,0.3629709461322912
1,0.8317245785967154
1,0.27508265564543805
1,0.5306776662438871
0,0.23809592349499864
0,0.18402641590750443
0,0.009804481792328784
1,0.6317122451793524
0,0.03960134200876283
1,0.17910310475099775
0,0.11869718547205288
0,0.21941146738344244
0,0.2510749474536047
0,0.021099354562543783
0,0.3165455044430901
1,0.70544480906314
0,0.19191587299067964
1,0.3802350348463505
1,0.6848964572507779
0,0.3817521925262752
0,0.054258436490101314
0,0.6230441407803718
0,0.1558226413560418
0,0.3573184781111185
0,0.044298837725528305
0,0.22264403378130415
1,0.29670635117824906
0,0.17779756472581032
0,0.3102453389267394
0,0.010696014709004746
0,0.19690516826273566
0,0.47136534415165104
0,0.21459173833450546
0,0.27016131920862924
1,0.40453230316570615
1,0.45985699142231173
0,0.1960165659721478
0,0.24238258735137158
0,0.6581911749390307
0,0.038419328772634216
1,0.4405661573310047
0,0.10546633421728263
1,0.4269875474743478
0,0.1896761748407682
0,0.047135917437340004
0,0.2636175310178403
0,0.7269068014327177
1,0.23449352176088248
0,0.202616466563149
0,0.13940697371147773
0,0.18154630518734566
0,0.5093325346967623
1,0.8103503454237178
1,0.40819704087907505
0,0.018999331422427154
0,0.14698406727742797
1,0.6320745075537327
1,0.3744209313929784
0,0.3101480019173995
0,0.32363779465066245
0,0.1879385376287041
0,0.32607608791923554
1,0.518909639450765
1,0.4792816112887559
1,0.8942911862059312
1,0.6963247008639964
0,0.1409065322911913
1,0.9334796295965776
0,0.19044832086077804
0,0.17153735266027
1,0.6124601193695873
0,0.4682935687049461
1,0.43751551962717633
1,0.20163870228750502
0,0.12193451717671681
0,0.4370408588638067
0,0.14254043207374492
1,0.5723782916057136
0,0.2919362485461533
1,0.5825251643045225
1,0.5454879062839734
1,0.640204763939525
0,0.5445321264754677
0,0.2397900295581976
0,0.035066696416401005
0,0.26120118983196683
1,0.6609157688424415
0,0.2277306972062374
0,0.5547032611236585
0,0.014745053146134798
1,0.4308173434689342
0,0.1785069727432111
0,0.1552434120118126
1,0.3372677560043788
0,0.036717776289948316
0,0.32903896853039005
0,0.07072962916883108
1,0.4105519044481068
0,0.516865950826449
0,0.009187623113201662
0,0.5014318350439199
1,0.7014619006355592
0,0.016717994571076804
1,0.23168719018630118
0,0.25970793621474914
0,0.2457719125554445
1,0.3728058392864792
0,0.35157002783789437
1,0.728949773539113
0,0.03341008849708145
1,0.7956405652420123
1,0.23683594993402773
1,0.4321784758434779
0,0.016027725290597688
0,0.02141559346451644
1,0.4369139140328298
0,0.011659320079606263
1,0.5727314035796709
0,0.3775534530414356
0,0.008418037150449623
1,0.5443522508882082
0,0.434500594673945
0,0.18064489662082728
1,0.5361705608659263
0,0.0326288556157502
0,0.2383113477537931
0,0.2959286525999007
0,0.00961769623287475
0,0.300147277296966
0,0.00942911676271399
1,0.4745283625265846
0,0.1750654810556523
1,0.5968832764007361
0,0.596724600700342
1,0.5793404673257834
1,0.9082893924340274
1,0.5826823578879431
1,0.5513770633687094
0,0.6031062702910507
0,0.05696904260695563
0,0.3128931811770504
0,0.22411683876731145
0,0.3732535965600898
0,0.43623184999433035
1,0.41930620582014383
0,0.20688989251399592
1,0.5961060099369329
0,0.20782689784499903
0,0.02721798118568807
0,0.4254869473050759
0,0.22024325259129635
1,0.2652852675651439
0,0.1683055726463948
1,0.5943051037092782
1,0.6653606208314701
0,0.37024573288956725
0,0.1650891409236102
1,0.7612272205740216
1,0.4910363457600913
0,0.3275275110001475
1,0.6866393913746152
1,0.6657499251051762
0,0.26596343662665417
1,0.4370431164521944
0,0.007165839623326023
1,0.5627440408207931
0,0.1928830935012193
0,0.047629094060679576
0,0.41312181096197376
0,0.36079838493934463
0,0.23542755273649751
1,0.5178974415034182
0,0.24875868290085323
0,0.23733954622182885
0,0.7183155210973398
0,0.4173645130029957
1,0.7276776189952454
0,0.028126258072006343
1,0.494651037844926
1,0.6622601119762483
1,0.6068694784589637
1,0.8996362567109001
0,0.46620712386497287
0,0.1424412187624348
0,0.05356676030447563
0,0.7966653981872696
1,0.6727346439087406
0,0.09849626370299483
1,0.6472146223989198
1,0.3109974205377427
0,0.261977722837077
1,0.4810667991702835
0,0.27904540935201894
1,0.5308173405219689
0,0.026731057014630365
0,0.03413306791438323
0,0.19328407789708507
0,0.3921178845058033
0,0.5871926289511818
0,0.31229010284279096
0,0.1999705698128136
0,0.16130212399165994
0,0.3011742901879271
0,0.04628179766426594
0,0.05725345764081511
0,0.1464258862603538
0,0.30441508376284243
1,0.6665885272174923
0,0.046761893749740734
1,0.2915052644766033
0,0.1374789701049162
0,0.22943001580961356
1,0.461275332673759
0,0.41155711992636856
0,0.4219190534147647
0,0.017246921961714613
0,0.28911240726615456
0,0.2632616824600457
1,0.3195573626698464
1,0.5993657959675402
0,0.2534514573485635
1,0.5687723232702393
1,0.4101835725213586
1,0.8282769282576603
0,0.037734077588057434
0,0.22595267374248404
1,0.7813981544023216
0,0.09478894374503631
0,0.4313995354862518
0,0.4652751294585423
1,0.4594254840907955
0,0.10340109337400905
0,0.03523932322748872
0,0.23135689223245018
1,0.5239972574760299
0,0.14734388422268954
0,0.2531197330724086
0,0.5124962093355975
0,0.04634286111191829
0,0.15118006043760635
0,0.5397605856261636
1,0.4306058457145604
0,0.26098514667017947
1,0.9188562588780508
0,0.09018526091141463
1,0.11208635920475309
1,0.6269522997211625
1,0.9432769841995685
1,0.7090519000602308
0,0.2650237754765292
0,0.03139914809751993
0,0.3291794009478339
0,0.17363750226321295
1,0.754275774940065
1,0.326768519076801
1,0.5194314789608684
1,0.5576060852167021
0,0.45519987557934777
0,0.3849170583864896
1,0.33539846006495877
0,0.4225899231394357
1,0.333249989713855
0,0.2249300978923153
0,0.3008418098388482
0,0.22764211536125176
1,0.4576645724646848
0,0.24905204473383233
0,0.2936532790672876
0,0.24826267406250516
1,0.8439096566214943
0,0.16868342079710705
1,0.6270881209222419
0,0.01895582121492321
1,0.47693118034337295
1,0.7583761057148819
1,0.7016351235981465
0,0.008847095608543378
0,0.4463730493537713
0,0.5065697222819172
0,0.1582565337719
0,0.3041763526343092
0,0.37750802928948957
1,0.7865244977503243
0,0.31386171175862193
0,0.2789086637601869
0,0.6206627311841442
0,0.20703791579075198
0,0.39902120387607043
0,0.2345761135388398
0,0.69748203528551
0,0.49678228152592074
1,0.37793549764112033
1,0.21003964738936917
0,0.4855465363174355
1,0.5434614617421674
0,0.2476181629986732
1,0.6743298216669937
0,0.26649809302291855
1,0.4472811181600953
0,0.016956520734595776
0,0.32477126411527535
0,0.5784224550619866
0,0.26833315868197377
0,0.40849934101089624
0,0.03355330007995813
1,0.5777271682488225
0,0.016025456530517
1,0.7267648345064729
1,0.6689217848337504
1,0.5420277275429551
0,0.6973960089155729
0,0.013753454084650082
0,0.1781141665788609
0,0.22125304455778613
0,0.14641239225763986
0,0.11701590689540468
1,0.8060045996694452
0,0.22086774966794584
0,0.060313984873557935
1,0.37947196628316077
1,0.8472818575491733
0,0.4242879774649991
0,0.4260315387807281
1,0.2979912535477727
0,0.23435809396851198
0,0.5289902790450497
0,0.2798178129560414
1,0.788201413636519
0,0.2853202202686269
0,0.3778855835729083
1,0.7029462924215767
1,0.2620806122068969
0,0.23291395883168955
0,0.6260349301137068
0,0.009804481792328784
1,0.43861124616863656
1,0.5097988618678923
0,0.300147277296966
0,0.197449871950937
1,0.6031777190661645
0,0.013775669937273902
0,0.02237175245514173
0,0.24540892275964538
0,0.24851188408050007
0,0.2603960020159497
1,0.6146340258895188
0,0.3149387588710456
0,0.4906436037043871
0,0.6916393320069745
0,0.42101220589780336
0,0.2061428284412577
0,0.8634463684649317
0,0.4375246250869987
0,0.5123981016791733
0,0.16335421598356592
0,0.6566409637561539
0,0.012495021445932732
1,0.3760816573342249
0,0.34460997253997183
0,0.2539278327843944
0,0.5919530851868395
1,0.676431173097892
0,0.02491210632688566
1,0.2708658976318363
0,0.14489334725314684
1,0.6105263400365232
0,0.048794974906010084
1,0.6986728275521168
1,0.5285727105025787
1,0.5684892181555143
1,0.43103394670315254
0,0.39413414228513344
0,0.06316178898736866
0,0.29895933604365665
0,0.009498880892081292
0,0.23688404890555168
0,0.008431449398983663
1,0.7725949785837558
1,0.5242088960957771
0,0.06734015377869274
0,0.10886537803634436
0,0.41204601223020026
0,0.2696612054954644
1,0.4316511697447345
0,0.31077088625242505
0,0.12087920671192816
0,0.4176662114346458
0,0.06495650412652247
0,0.018188718935851902
0,0.32896396200942735
1,0.6337103926466477
1,0.3336551843021607
0,0.39062983957563563
0,0.054245428329421606
1,0.6876154610260494
0,0.27912404135941254
0,0.2895004281891493
1,0.4990931574913092
1,0.31132279771329613
0,0.1326616743326407
0,0.416217712187998
0,0.24161603859618747
0,0.5364496622307395
0,0.685127843843091
0,0.29922952659478896
1,0.2724473389993519
0,0.3529384248878737
1,0.5005355891014184
0,0.01025846889202262
0,0.031043259182750013
1,0.423289238970624
0,0.011913063200656344
0,0.11279159917204186
1,0.7147108014486834
1,0.834059451904255
0,0.34455904022051065
0,0.2277306972062374
0,0.06894087182056069
1,0.8982966935320885
0,0.07064891928806082
0,0.29670360024268455
0,0.04461015787876289
1,0.799630251517297
0,0.48572930381440466
0,0.26251079208899236
0,0.03289590293707011
1,0.7394197694887739
0,0.21477650276390192
0,0.6388820235643394
0,0.21625401963432164
1,0.5380837067151619
1,0.4931734910105927
1,0.4177988932793485
1,0.3744209313929784
0,0.025639063809493705
0,0.15197297479823493
1,0.8289950589418822
1,0.7979684019097056
1,0.6783605445742027
1,0.36729005730743114
0,0.6412447528835553
0,0.3330674770056169
0,0.38681490661738965
0,0.21460097593532887
0,0.2120904808556493
0,0.26452040002556565
1,0.5610960919385907
0,0.018798764863673885
1,0.726817509703633
1,0.3591780038814786
0,0.5159597224077825
0,0.1285213234554477
0,0.12669103707449397
0,0.4584471831093152
1,0.4377480476618255
0,0.17556498986311633
0,0.26292861703671555
1,0.2514870870099131
1,0.6231108144401739
0,0.2423441122228582
0,0.29209847654195314
0,0.026194656127943763
0,0.2287140288368895
1,0.5267843776970569
1,0.7254285897493663
1,0.4992738954236531
1,0.5802465044942235
0,0.18644087638786178
0,0.21007228339180123
0,0.19725774273003774
0,0.6778731126368224
1,0.4400871926922894
0,0.046019165240251375
1,0.7710981079429852
0,0.2761767138660162
0,0.15242468859658112
1,0.8941902581312473
0,0.2867319107752309
0,0.027607943207936123
0,0.2690126741290275
0,0.15799219932128591
0,0.3270976548925973
0,0.010335572198629994
0,0.2153613421098055
1,0.43033767303499054
1,0.43146814906829706
1,0.5216676756390601
0,0.009480654438140838
0,0.37275502311900294
1,0.26559788068243023
1,0.29593161274088875
0,0.20568920650021655
1,0.7433950744024468
0,0.3774618856488646
0,0.3473762624310811
0,0.025408405235208705
1,0.36347194063573474
0,0.3647541931141637
0,0.04018533455466262
0,0.2693502876624866
1,0.6898676765303567
1,0.8006480637276658
0,0.29550042910498014
1,0.6448458766105657
0,0.0065089744501585275
0,0.36078459285888026
0,0.29799096633874605
0,0.5293050516284257
0,0.36489846097143985
0,0.6889716980597437
0,0.382892724208222
0,0.3420494169495953
0,0.1958868652888001
1,0.3116023461284805
0,0.007786922910831338
0,0.29646238326278446
0,0.17092464222219236
1,0.7719143073974872
0,0.6000028609327875
0,0.261414831626622
1,0.40008639110404215
0,0.23502370375786885
0,0.1725342380539499
1,0.6132982766653909
0,0.006381797904672728
1,0.3353760545132706
0,0.3296037889714323
0,0.21782761050222363
0,0.048367974813182266
1,0.3612322208495428
1,0.7016194570420914
0,0.1545017651057018
1,0.6113029078959056
1,0.6547716163456101
0,0.3093683895847089
0,0.21638628493189185
0,0.2752780850400622
0,0.8076310828944013
1,0.31466332060178204
1,0.8233404252006755
0,0.2203704812619572
0,0.25019219999951237
0,0.12093526614724953
0,0.2680176107458194
0,0.14833191557360598
0,0.2596886425971709
0,0.5293684221554005
0,0.045976798172319346
1,0.6179292837792119
0,0.2897509491586012
1,0.7882910925632938
0,0.007165839623326023
1,0.866575573682059
0,0.019769266860124108
0,0.0342198988941599
1,0.5029426980911094
0,0.054240087536015544
1,0.6164324840698902
0,0.5718877156953799
1,0.9389152547905517
1,0.6870783498971548
1,0.5214717203517251
0,0.21651277933037907
1,0.2047565451658508
1,0.8157445675940631
0,0.0255978215357954
0,0.27023996103869
0,0.2364066791050016
0,0.04159885832227
1,0.5427924153975883
0,0.1416853111479718
1,0.30880513803247467
0,0.6592128588064368
1,0.4791085312367548
0,0.00842360710955834
0,0.5182819219504293
1,0.5571706086589442
0,0.2654738951893981
0,0.38735653844291507
0,0.02373262922191262
0,0.06700500209466484
0,0.32015483459931954
0,0.39382120652445346
0,0.35341864578046406
1,0.2851749282467884
0,0.027719907003884568
0,0.5537655754339967
0,0.2555463065212507
0,0.17410685149029667
1,0.59276098073681
1,0.66087178925257
0,0.29985164183155133
0,0.2160768720996257
1,0.2920093840648307
0,0.03979279184058058
0,0.034519244427210286
1,0.696612336961115
1,0.3318759684114735
1,0.4228572275854382
0,0.37815711922514045
0,0.17294466151621826
1,0.38796291035680325
0,0.17562798785648853
1,0.5616582360768841
0,0.2720274158119651
0,0.26307641491213823
0,0.21236346999969752
0,0.24538995866260682
0,0.3724560279124843
1,0.29809275377754224
0,0.25891187151126976
0,0.15786615268618645
0,0.5423370795872405
1,0.5307258081183566
0,0.27904540935201894
1,0.4704669212683163
0,0.2373857136513679
0,0.6051730824893632
0,0.24552337620172004
0,0.31909706448011277
0,0.11715614667906177
1,0.3221506298379539
1,0.5886284422036189
0,0.26733784131481936
0,0.1714364188192003
1,0.5070142623790956
0,0.4253901144672847
1,0.8688185927842831
0,0.2215603009472121
0,0.04849533712897108
0,0.3207536644562464
0,0.2750585575944842
1,0.21055239075414248
0,0.32692350863430797
0,0.5881282607758535
1,0.32013317596280194
0,0.506849858489247
0,0.26761545243292384
0,0.3886814175768949
1,0.7663166282976256
0,0.11476486512617216
0,0.5105371235498787
0,0.12830531225346678
0,0.00732516979365829
0,0.31157327611919705
0,0.21959935722215715
0,0.18735157091271396
0,0.4269718089654816
1,0.6576028309149303
0,0.019663236303161157
0,0.4083106241498935
0,0.18334584451010466
0,0.29771325403982357
0,0.33735326773538565
1,0.6830029740472121
1,0.5641235638031626
1,0.8354306155618294
0,0.5728669866989327
1,0.8540731745924904
1,0.32313537661919767
1,0.2728775090361015
1,0.6071425268866899
0,0.5683810305633891
1,0.6317932009400017
0,0.05909585413357214
0,0.18951686062364054
1,0.37302523610137117
0,0.17521481716936987
0,0.27514655508346114
1,0.3881525505282885
0,0.28887137441215793
0,0.057780928197905417
0,0.01518270203104411
0,0.011798099623343598
0,0.690633013257544
1,0.6282443940821295
0,0.8007586164168972
0,0.3261792722410199
0,0.26752757836522456
0,0.40813992695869256
1,0.6803333270230955
1,0.29728743298392507
1,0.3949985098308761
1,0.5662851119591843
1,0.6444699379271478
0,0.3969359704419355
1,0.3805307563770992
0,0.34554948972859595
1,0.4177988932793485
0,0.26655725070649033
0,0.28165418384278434
0,0.3153007681563561
0,0.5812664205122547
1,0.9243796973190403
0,0.21232593798777358
1,0.6681333877084452
1,0.5185024029037019
0,0.7967432639063323
0,0.26497317585746905
0,0.41976919019112063
0,0.4029497809250788
1,0.47768873468045575
0,0.2704653305973187
0,0.01704247604387846
1,0.6833334728491787
1,0.6679972849650673
1,0.23913345589259932
0,0.2394713452461574
0,0.21776145658618615
0,0.4098937426756307
0,0.3985297412951237
0,0.19488779321945252
0,0.4169299757878298
0,0.05539229599362089
0,0.35664055909824344
1,0.5638163105512277
0,0.05177696519906136
1,0.2906903248500341
0,0.27061602316023653
1,0.7065161997125529
1,0.6378819401237577
1,0.3848105543969997
0,0.17705319782626977
1,0.7400393113656134
1,0.6442006693478743
0,0.0973740869170742
0,0.24659153431604486
1,0.3132044482239298
0,0.44939178575755945
0,0.44341842069249954
0,0.01421952417597613
0,0.368806061778983
1,0.6174870368565553
0,0.6220708428452361
0,0.21788901033931524
0,0.21494727960134036
0,0.1988188457504095
1,0.4394169033136463
0,0.49311428434584476
0,0.03648256967736604
0,0.23692432281696546
1,0.7777887619024331
0,0.4783858656636962
0,0.04864005395862834
0,0.010572687323149851
1,0.3517023404356358
1,0.5823464415933346
0,0.019031007225408337
1,0.4309062755731186
0,0.27056872176407204
0,0.480363714806999
1,0.8485839094900085
1,0.6945949554224968
1,0.5741402711853473
0,0.3610756698533813
1,0.3997893054689262
1,0.671616676864173
1,0.32909663590467036
0,0.5146247629978078
1,0.29627827226735337
1,0.36674743837689
0,0.17345164108786384
1,0.31913795346395263
0,0.3624602224583298
0,0.07377622504622906
1,0.5886604072347675
0,0.8550436266225374
0,0.052680812972107055
0,0.08047109467601732
0,0.4257411104244418
0,0.05668659394189148
0,0.38523226179816566
1,0.6639413572224635
1,0.674285897878767
1,0.5793404673257834
1,0.6769750590010553
0,0.044457928856988675
0,0.1512070593362242
0,0.1867961490600681
0,0.24740157299202437
1,0.23297260577798115
0,0.20809189176079607
0,0.037427348826348614
0,0.3345813211375831
0,0.010758639535298658
0,0.3938476307304862
1,0.7381823080314509
0,0.4130180028445021
1,0.3492979024856675
0,0.22748012252449865
0,0.1155507287175163
0,0.030409589919191002
0,0.8012552009971541
0,0.327258101400903
1,0.8419593482115323
0,0.7640011873330709
1,0.6629363225440583
0,0.051029287370653556
1,0.722441445047937
0,0.20555572340497139
0,0.3953333834012721
1,0.768418034037387
0,0.2734473882706787
1,0.209520062833561
0,0.7432805877387219
1,0.726999677316128
1,0.3845518537741983
1,0.9053388274152299
1,0.23161348466551385
0,0.18104054863873742
0,0.4242431578312876
0,0.22703314625668106
0,0.05938136958007867
0,0.19365757959137703
0,0.23502511172247859
0,0.6587946752618326
0,0.22823318282110622
0,0.3708454209591979
0,0.16524759166934624
0,0.30513137155286735
1,0.5971144491722272
1,0.4000915661106792
1,0.4339068291395467
1,0.7058485579112737
1,0.4149070923007375
0,0.21415379596023498
0,0.1209339284158167
0,0.6135325318863278
0,0.09496017226974768
0,0.018063714336440957
0,0.16907407842968403
0,0.008847095608543378
0,0.62807495821347
0,0.34914600811538593
0,0.55462873186049
0,0.37088895741636907
0,0.4281532604200205
1,0.7663166282976256
1,0.48145196162768383
1,0.6035643490202611
0,0.16748311243050776
0,0.15989142144843238
1,0.7075545864278061
0,0.25683201166458824
0,0.09018526091141463
1,0.3325037552247342
1,0.8347439722679594
0,0.024056610990422538
0,0.4143009280672727
0,0.006797482072893338
1,0.523701272538826
0,0.006043100863466877
1,0.6594286615924331
0,0.42422829499074877
0,0.16173186288252173
1,0.6342174710584089
0,0.2867028796999324
1,0.5987125821936001
0,0.01197638530013165
1,0.6950895727642553
1,0.44969806827331477
0,0.5187788242283977
1,0.5276470484715594
1,0.21959935722215715
1,0.39583955132857884
0,0.25014974010453705
0,0.22330970683899992
0,0.2618572316723094
0,0.17585524974548436
0,0.36509703520809905
1,0.7815274731330992
0,0.44244956284820103
1,0.4939012897749335
0,0.32280705858440695
1,0.38528004549119954
0,0.16230778758424666
1,0.5596718107702986
0,0.11569063148260621
0,0.027054902879427686
1,0.6098705042357531
0,0.1650891409236102
0,0.2329825288166137
0,0.2275819551446986
0,0.023521777173986454
0,0.44130361289872766
1,0.8037897307145262
1,0.3317609650527834
1,0.806104731893768
0,0.01361078442542334
1,0.8387961411085731
1,0.7390979142541187
0,0.03921116925547673
0,0.009480654438140838
0,0.4375993594517172
1,0.407961692916332
0,0.563352393656572
0,0.8220170506262175
0,0.6159907102861691
0,0.23011542224793644
0,0.32338947388084494
0,0.2652372003131787
0,0.2061896778879451
0,0.23168822385725424
0,0.09823221219886179
0,0.20253638772684573
0,0.03271715587060429
0,0.06095363691223291
1,0.5108481584179425
0,0.2270320860533652
0,0.5947718088181585
0,0.02055123369603931
0,0.21366859720727469
0,0.5505531863288917
0,0.41546869251645324
0,0.6743448308980279
0,0.2185274564062003
1,0.31293642094047813
0,0.015171358102601317
0,0.3322636220594249
1,0.555715071615898
0,0.5833778241998797
0,0.13080953160030914
0,0.2390508574978692
0,0.38123582063049705
0,0.31817418652251933
1,0.5662171687205968
1,0.3903239146915666
0,0.440180357539285
0,0.22115738500542315
0,0.4435216515061336
0,0.4534783623212472
0,0.3407766012074984
0,0.1251400452801894
0,0.5941556971403902
0,0.20651105524918095
1,0.5215697479477772
0,0.13939687799431255
0,0.5429384069303868
1,0.6298815821725524
0,0.04028183646026741
1,0.7192371083680356
1,0.8605257552264239
1,0.586308093357955
0,0.5058817691583298
0,0.5376084048784789
1,0.3986061695759778
1,0.550723061563581
0,0.16664982001536838
0,0.017029402257297363
0,0.35914800569866834
1,0.3658923781168323
0,0.18189683977637372
1,0.7594808394480741
1,0.4808492492449684
1,0.45328975633105334
1,0.33642157902505054
0,0.381343698853054
1,0.7646983774222375
0,0.3473719723930556
0,0.14852660409829777
0,0.3139832426740301
1,0.3576025279333354
0,0.43918925759354854
0,0.5216819277876397
1,0.41150518872549596
0,0.1808536679593626
0,0.332498133645683
0,0.5282251003358874
0,0.03470549249126997
0,0.21469151202612408
1,0.41077520466847045
0,0.24590735819355
1,0.4105588278431676
0,0.1483572777108162
0,0.01753087510339488
0,0.1735444160977748
0,0.16968702374900105
0,0.24857023691960353
0,0.055527575549923894
0,0.20588701013046
0,0.18334192201188582
0,0.23100636094801774
1,0.604322246356926
1,0.4275087519442031
0,0.4921006926194337
0,0.014999255614623834
1,0.38973945274319677
0,0.014767414269872523
0,0.24105289972408972
0,0.0918859898506378
0,0.23887366006111324
1,0.33100862468592007
0,0.26618960673830816
1,0.9056767590555779
0,0.582247136012018
1,0.5808434018033407
1,0.7850047462448624
0,0.02756742471679434
0,0.007165839623326023
1,0.5105639422014294
0,0.08856232412547568
1,0.536055192380225
1,0.7098743902922157
1,0.5035018196901194
1,0.4003385766249347
0,0.2629736460140179
1,0.800949442304737
0,0.25605667459961856
0,0.54852842788442
0,0.6508711189786459
1,0.2893048995312749
0,0.2492628558152626
0,0.5827738704570977
0,0.1616579517046138
1,0.3317259800455843
0,0.2855910604474498
1,0.5964201284241017
0,0.026470812105337825
0,0.6523349395771028
0,0.27080445917119583
1,0.711003365597102
0,0.015144184365336575
0,0.09281035215747703
0,0.010065455929102487
1,0.28494409270757287
1,0.7801891640275519
1,0.6344568835307408
1,0.6035643490202611
0,0.27737102131286606
0,0.3682279369659379
0,0.20823571653007605
0,0.5060894326579404
0,0.3281320938179249
0,0.13655291760596242
0,0.3708846817692467
0,0.2921431282834361
1,0.45085357664184633
1,0.8336625161193326
1,0.00649243894992535
0,0.1326616743326407
0,0.4140825035285426
0,0.2600343819511835
1,0.6780413893603023
0,0.008984220847278642
0,0.36526223911612354
1,0.6259798957402948
0,0.04084451772989319
0,0.13303726620981698
0,0.26459286051667413
1,0.35039601212097493
0,0.23804653825193273
1,0.5850332613890694
0,0.22003039870896804
0,0.39720903579346656
0,0.49892735740532834
0,0.13304273945502568
0,0.3305823485282111
1,0.30166565365192466
0,0.38657285021578325
1,0.8410603842783505
1,0.7223592740659035
0,0.21463336619474488
0,0.11929452176582564
1,0.34075608503408306
1,0.622198613417378
1,0.8280150459366258
0,0.22688297225924342
1,0.39899642285416975
0,0.3456408136701476
0,0.23482131333760395
0,0.007212040515776557
0,0.22837576496299256
0,0.3446250763673599
0,0.36358040846178336
0,0.20184154950763594
0,0.17612518564839727
0,0.24279783092193996
0,0.15242468859658112
1,0.6460990878151587
1,0.19826480461013493
1,0.9448679812613572
0,0.2462231515750342
1,0.6035296030306216
1,0.608268297216326
0,0.6760653435766518
0,0.21649804934201705
0,0.33206739264772867
0,0.2553137600278244
0,0.5323312355630687
0,0.4569530686671462
1,0.7024897526038157
0,0.5683745971394177
1,0.32664950057538755
0,0.016026435896578883
0,0.08013470922168886
1,0.15664819609122244
0,0.22816604369192486
0,0.3482470891389684
0,0.007165839623326023
1,0.18853572465357935
0,0.269360752194614
0,0.18914859178009288
1,0.26662958314713814
0,0.31429493498620953
1,0.4025588958283407
1,0.48263488376066693
1,0.3981689290376053
0,0.1430977832501123
0,0.1853987418961162
0,0.18994277697671055
0,0.13019725469047505
1,0.7117304654560835
0,0.34034312036086817
0,0.16113740108853875
1,0.45882923618500543
0,0.05244108518200273
0,0.1394960511112975
0,0.1773485917496722
0,0.2493506654574334
0,0.008984220847278642
0,0.47427654826366783
0,0.3275010327812509
0,0.5876044439564875
1,0.4595850537782216
0,0.007870288793263548
0,0.48952664556067765
0,0.7143696914671676
1,0.26888213015651735
0,0.23700136083700443
0,0.03978993605968198
1,0.7695259912804092
0,0.4457026756472103
0,0.03185920179266962
0,0.10797143645770801
0,0.1684837917864506
1,0.7446259156034649
0,0.12423443503436574
0,0.3568445975115277
0,0.1707228115433924
0,0.13920683745690982
0,0.23773443281428933
0,0.6455143734880135
0,0.3326064494997698
0,0.18735157091271396
1,0.49766857967747147
1,0.372193223391569
0,0.3149748518342707
0,0.3712947506002371
0,0.2251763672812864
1,0.32594204426491225
0,0.28488697434135657
0,0.20316111434626652
0,0.3049293005237877
0,0.02068756132934538
0,0.030721050534984484
1,0.29106236726126916
1,0.9389152547905517
1,0.32019243540629627
1,0.8124693572912471
0,0.8241019320728546
0,0.21338578207700873
0,0.31619773259515926
0,0.5162903484147019
0,0.44664659053493727
0,0.20311275888726404
0,0.3903942389120376
0,0.1212941948135449
1,0.37302523610137117
0,0.43755210213425844
0,0.45360285752839596
1,0.09817215905702144
0,0.024738372033809783
0,0.45671143141295867
0,0.4641245659288405
0,0.12322180665290966
0,0.10414904285188434
0,0.334280431349371
1,0.5519623882114105
1,0.5318745841203912
0,0.19049153244266784
0,0.04010387567450925
0,0.1931113181394447
1,0.6796446306704433
1,0.825468888084624
0,0.37147246292443914
0,0.39294873201754144
1,0.46614739104221553
0,0.41497221110329013
1,0.7492082425953207
1,0.29693649817343926
0,0.25918883099470247
0,0.010027284717289545
0,0.020934187558061455
0,0.31250018618849734
0,0.41735892942169767
1,0.38066777244619354
0,0.4091222640254872
1,0.8053866292238459
0,0.2158836629548036
0,0.24929272994590787
1,0.31228019839866167
0,0.016903504633771164
1,0.3697781444889383
0,0.028018138668496402
0,0.27873078444871985
0,0.5329328903345906
0,0.7193821070718276
0,0.04753754035653956
1,0.48056507410521193
0,0.17353641748428297
0,0.1007022405293273
0,0.04289104679435692
0,0.23911992231629378
0,0.6464219392556857
0,0.34850514690318785
1,0.20736929559542377
0,0.0589989500730941
0,0.27808209597563993
0,0.08850194795918485
0,0.18957800555116644
1,0.4804681661162235
1,0.6810702890212466
1,0.703036014483768
0,0.1362743580987178
0,0.01448725224204039
0,0.027241273790877915
0,0.2770451290219212
1,0.4841370506073987
0,0.24279315604538917
0,0.34124655830214473
0,0.2637900385088489
0,0.29863199008076297
1,0.6201799636376579
0,0.2579602382657678
0,0.3458708597090393
1,0.5776395610843175
1,0.7057247700277002
1,0.49056680869347025
0,0.36485532481723065
1,0.5082176440859963
0,0.33735718769437945
0,0.2621685529873
1,0.44676896542717237
0,0.28878081824346613
0,0.25391872729021486
0,0.33604080635514516
0,0.11101431599113445
0,0.37637259957428226
0,0.48375694684740506
1,0.23376844255430002
1,0.6977515330473466
0,0.5376948921969614
0,0.263978727084362
1,0.3824874498361295
1,0.5788959474098545
0,0.2618211100901378
1,0.31786539687122817
0,0.16882081155347253
0,0.36407994801070415
0,0.24103451159762607
0,0.03849820674072941
0,0.3445006836095958
1,0.4552441420959269
0,0.16671623180353562
0,0.26284817391252746
0,0.12542843147331248
0,0.21568880204483298
0,0.17791052414266445
1,0.5462200827381926
1,0.4926325631138264
0,0.41074001189121634
1,0.3055375114529082
0,0.23794956895005392
0,0.033591771286529855
1,0.8589731676017561
0,0.0192430124403922
0,0.20821614246865774
1,0.5535015461348698
1,0.6593406311038003
0,0.6387654235763931
0,0.28193605845636605
0,0.27752627864400575
1,0.7013875710355029
0,0.09439010866649457
0,0.2521329115506804
0,0.1765053095466167
0,0.4514251426648469
0,0.21234961312992312
0,0.2124566769114384
0,0.10224213343716686
0,0.01390677366282568
0,0.3717898131156351
0,0.6201254410921241
0,0.008597319736108609
0,0.5793404673257834
0,0.501039354684256
1,0.61968997251156
1,0.38486202945869624
0,0.36247222068716084
0,0.3715786756580951
1,0.4313461796795034
0,0.4098449216256086
1,0.4195737040242844
0,0.22108325367375153
0,0.27201470179622905
0,0.007509344992605082
1,0.6998400001160245
0,0.35293760910129873
1,0.7997306974149311
0,0.011331586348415367
0,0.20448820209170399
0,0.24273839833744662
1,0.3108624706874343
0,0.6031233150350577
0,0.39601149028099863
0,0.6590084964282875
0,0.31760533101025346
0,0.5129138000375226
1,0.5726193892470405
0,0.10572950716509624
1,0.24146584083952052
1,0.8663021341739423
0,0.206604396756232
1,0.4259783756078229
0,0.18022203242966103
1,0.343987942126537
0,0.6632236947106633
1,0.5461358759488385
1,0.6208909461743822
0,0.20082412052964654
0,0.0775432292516621
0,0.214008582946187
1,0.7028927486096164
1,0.3238935310830056
0,0.030829106641916834
0,0.21681446569240526
1,0.8439206070709109
0,0.28221640371136375
0,0.1248374910211325
1,0.5977235950989614
0,0.27507054804784287
1,0.25994877929565396
0,0.14385971593331728
1,0.7148410318675044
0,0.15118240175854755
0,0.29733497573821316
1,0.6022367663138819
1,0.44999497507941294
1,0.494959588609266
0,0.22706381870563072
0,0.4163018349039258
0,0.1401178113312606
0,0.4736258729095048
1,0.254655945317402
1,0.47206180216573246
1,0.5893300843375979
0,0.6087350270615112
0,0.28911240726615456
1,0.9080285065858554
0,0.30215588850728564
0,0.21745731887925765
1,0.42219275930523803
0,0.14533224676249235
0,0.061298304200640356
1,0.5633674204387331
1,0.43742936119867765
0,0.1711875615163418
1,0.7045795138836987
0,0.2692008653189095
0,0.23172639013254423
0,0.021725863094542455
0,0.1023379156444075
1,0.46954023311549664
1,0.5953697117036184
0,0.3184075241403589
0,0.20829261003554442
0,0.008597319736108609
1,0.788216677032771
0,0.3654312495086814
1,0.48152037447674195
1,0.6374092574475323
0,0.16182143502357865
1,0.5987895182654085
1,0.4227095286596384
0,0.4655759185395067
0,0.20898435154765763
1,0.3846273416785885
0,0.2929951610675623
1,0.5223467018550731
0,0.2819903016225113
1,0.49139786928140855
0,0.2117169124087234
0,0.3573184781111185
0,0.3378523397411672
0,0.23219590147815244
0,0.4933238073501113
1,0.5980158965509329
0,0.3815650483756736
0,0.12687936244595108
0,0.2778993226090993
1,0.528564108415104
0,0.3582902545078517
1,0.3295039839826615
0,0.40479919034731565
0,0.25706279986841013
0,0.24778547410409119
1,0.27037053358982405
1,0.4704274641517601
0,0.30858257212471785
0,0.3170696937702303
1,0.8912756417433346
0,0.1979460825859171
0,0.018900281262194944
1,0.5710306313639648
1,0.3130875415472249
1,0.6522884658546011
0,0.519810265351596
1,0.7114951248860288
1,0.6609958347968521
1,0.4232420615032966
0,0.3474317531862548
0,0.2510311880945429
0,0.1039535740347689
0,0.24138334201238426
1,0.722622723694501
0,0.3506678299434593
0,0.1510838945094954
0,0.17568606659987102
0,0.45400775990355524
1,0.6654399394152087
0,0.46743015305334085
1,0.7365264200754957
0,0.34583221493737004
0,0.039244674387580086
0,0.07002825826077899
0,0.03951788582405896
0,0.16386216492096106
1,0.6678764267833674
1,0.6953030908579416
0,0.13214304072059574
1,0.2860208685810392
0,0.34825727189470773
0,0.33060504967472354
1,0.8464332838261235
1,0.6638256585493506
1,0.43987944903827675
1,0.30558180888484504
0,0.20346183964033968
0,0.3614089439421035
1,0.5776017554822731
0,0.23548810107503657
0,0.2696902216877814
0,0.1738839313204552
0,0.006797482072893338
1,0.6463259531337284
1,0.5125652900745752
0,0.49157301403866904
1,0.2666333077658867
0,0.22470398890291196
0,0.26011272362930915
1,0.4695041318123836
0,0.07906162624995898
0,0.3007851699314396
1,0.7047327380686549
1,0.667472475143149
0,0.13276609297675723
0,0.06293987813812114
0,0.22321294320719237
0,0.00943874555947807
0,0.42511018237240566
0,0.24817095548558346
0,0.3431462333955986
0,0.22362590208166483
0,0.03257232478538546
0,0.4848238638505876
1,0.6560169986119587
1,0.5423628192838996
0,0.4938290226509201
1,0.6579440754518437
0,0.39009808625233705
0,0.5048416994143422
1,0.8697109612502324
0,0.41321884273464293
0,0.1665311921974359
1,0.808942555121867
0,0.4088959252015395
0,0.149470441612517
0,0.05914065157965622
0,0.00732516979365829
0,0.3781714088994095
1,0.6780375672964287
0,0.01752684500281617
1,0.2676747921037652
1,0.3909868996622593
0,0.19081377675004202
1,0.7318623252362774
0,0.039982026409361875
0,0.6525826760576223
0,0.07462448368257348
1,0.5408399891341149
1,0.34491284588100113
0,0.4817806025721061
0,0.3836388118550277
0,0.0122624935478272
0,0.5987027801031752
1,0.5583964062480913
1,0.5758625602455603
1,0.2953157564806864
1,0.7905000676826264
0,0.1885221414243714
1,0.4506766338114953
1,0.5649852388042222
0,0.061076205616382585
1,0.6892824144881036
1,0.699931422311714
1,0.39041917944227245
0,0.808799832181706
0,0.035800370108754975
0,0.24916981353144876
0,0.26000189583347133
0,0.30047423791970823
1,0.6138154159873525
0,0.014347669345910077
0,0.0959573705452195
0,0.19390853091818602
0,0.40676388896854754
0,0.4023873712927767
0,0.461275332673759
0,0.20466328852896554
0,0.1805897962239228
1,0.38174161809597323
1,0.33567235233781945
1,0.6042164355279026
0,0.31158158963128213
0,0.1867961490600681
0,0.36770647820094793
0,0.20606645959966213
0,0.16343770058895174
0,0.011843020994147383
0,0.22696604075308652
0,0.4175396719400177
1,0.42771268206165886
0,0.350804039847237
1,0.6923313260785733
0,0.21414809671909835
1,0.5659671576853148
0,0.18370612094172523
0,0.14294911586664874
1,0.5710306313639648
0,0.246836338750704
1,0.5271178281016309
1,0.23656005219667756
0,0.008847095608543378
1,0.2700214238507672
0,0.029174713582826795
1,0.6790716773629913
0,0.06854024901803633
0,0.21937564102542031
0,0.2615466491982071
0,0.35379343489398263
0,0.22421199732221087
0,0.3279794515649229
0,0.019833791575520763
0,0.2922666961333488
0,0.2209014430655727
0,0.617983690423221
0,0.6102801735126782
0,0.2673190221759257
0,0.049429693236477106
1,0.6582760928029772
0,0.35319245908065383
1,0.8228530237793179
0,0.012532715933598556
1,0.36252356956133236
0,0.3186597883481851
0,0.010811680315252594
0,0.046148650377479984
0,0.017385897026466594
0,0.2872986258272634
0,0.060612472295465625
0,0.15917169980840082
1,0.6064734654783555
1,0.4533400623917746
0,0.22901039359488218
0,0.09102934968692171
0,0.24252042755181477
0,0.021966352109902696
0,0.6607394162245979
1,0.487554550596285
1,0.8566103598471586
1,0.7330237881519445
0,0.29625819304622764
1,0.38848915762740566
0,0.04082446174098708
1,0.3845497148041735
0,0.38442158951138933
0,0.4591567057697355
0,0.0236985700065084
1,0.9178428959810585
1,0.4336885274266209
0,0.033717216111381766
1,0.37806726335581886
0,0.11788025622200031
0,0.19532866350729272
0,0.3155740278680806
1,0.28763158562709873
1,0.2742535318906835
0,0.29336784950921324
0,0.3289212132326037
0,0.13327593844688682
1,0.7174153095303158
0,0.6703632344508278
0,0.009480654438140838
0,0.5325915469451299
1,0.7003599173125027
0,0.7065044048521744
0,0.18600462033537776
0,0.11523551230820513
0,0.3708405500030597
0,0.03806663201324189
0,0.3194409610171321
0,0.362841673658893
1,0.5606722072039122
0,0.5923406905997242
0,0.3179672319624127
1,0.6873542305632614
1,0.5223467018550731
1,0.3971425259635204
0,0.2856603191594061
1,0.6504230338285218
1,0.2353382152886631
1,0.6695515432310163
0,0.19590734882806599
1,0.728651993092504
0,0.3864997446800532
0,0.05767272903576266
0,0.015299148975457205
0,0.1371408583098865
0,0.01742463121643958
0,0.272700398070103
1,0.92278163173446
0,0.4301719012922097
1,0.40266401130140383
0,0.49511880021295823
0,0.41469915298752313
1,0.39973479056345596
1,0.2582327464802096
0,0.2985303471300078
1,0.42700246726037444
0,0.6290388496881785
0,0.15549173981555453
1,0.45942159065059385
0,0.1931113181394447
1,0.657265952712669
0,0.11398960347929879
0,0.1741851643633969
1,0.8526503188719466
0,0.2033343277000957
1,0.8972899105842527
0,0.22514339744659279
0,0.6156774116233078
0,0.3875478615119873
0,0.00878136580388186
1,0.32097881475038426
1,0.2927496247350007
1,0.6868554233563887
0,0.48664657664872246
1,0.6053716574187019
1,0.3644835947693423
0,0.1874337518043311
1,0.6616137158480968
0,0.22424686856259857
0,0.17654154368863592
0,0.2841842434103671
1,0.8605246423718863
0,0.010116681580901324
0,0.5354732436957081
0,0.061096112021724935
1,0.38315653739259886
1,0.5426788577111256
0,0.39294368472282015
1,0.35308947874294927
0,0.15939346092729365
0,0.168910758015601
0,0.02147500831588164
0,0.24099006313555696
1,0.39445506054932833
0,0.01975565039978206
1,0.8342392115744236
0,0.7119241760032705
1,0.7769271746718462
0,0.4670738420290344
0,0.047443759967844994
0,0.2899865615829415
0,0.16544031434198514
0,0.2876086505051031
0,0.026731057014630365
0,0.006554345106449923
0,0.24786423659664736
0,0.21275433067737742
0,0.03346673009588833
0,0.5427442279014529
1,0.23717236563604735
0,0.18345964179098878
0,0.03253658932372885
0,0.24317978258341602
1,0.8053744455223996
0,0.04234140571828301
0,0.15411381484097667
0,0.2591620204601382
0,0.022390213274068777
0,0.46180359080609806
0,0.3107696113904488
1,0.9614906496415273
0,0.36729005730743114
1,0.6706988625012703
0,0.25737313187345834
0,0.31202815281156543
1,0.6556373797722641
0,0.06910452145057075
0,0.19969967191538596
0,0.08757241728367496
1,0.8322502691856875
0,0.031867058129288986
1,0.6049712865445196
0,0.17161519908747386
0,0.18429102401145886
1,0.6925811571976244
0,0.40150896669561836
0,0.30352102326414193
0,0.03441174451617005
1,0.4002024229639189
1,0.6396297480975164
0,0.0873009065432515
1,0.26918206837536335
1,0.5907143325942128
0,0.6516996818027138
0,0.3041191704189552
1,0.7765474924531963
0,0.2532172549785331
0,0.29670602704191046
0,0.6029915077180616
0,0.44237374233174037
1,0.7234549813066454
0,0.017800569528507875
1,0.8042904349071796
1,0.4595494886981915
0,0.27473025367286236
0,0.12303903120323288
0,0.06142637740512373
0,0.5926340763193878
1,0.5887983369840306
0,0.2790227832578541
1,0.35456993789395763
0,0.01114810776089125
0,0.013220496020840513
1,0.6263390522613986
0,0.03913108111892811
0,0.01050744853279325
0,0.23271501599176628
1,0.4799723262155001
0,0.30821454005116034
1,0.4495692579701976
0,0.15224617975045515
0,0.2206682878411275
0,0.5836661403164426
0,0.5056802333309064
1,0.7136978010058812
1,0.7453511387442533
0,0.5535328679069077
1,0.34065293994922524
0,0.6370179125252317
1,0.326601745501703
0,0.030646701425743335
0,0.047083246695742174
0,0.2579145101178078
1,0.3201321404890356
0,0.059871963756718875
0,0.29145783215461596
0,0.7143114592423688
1,0.49514048685885953
1,0.7809917958934447
0,0.3311592417985035
1,0.5641235638031626
0,0.3258936193094594
1,0.05563705164314567
0,0.02612510998814361
1,0.43392232610521214
0,0.42187068576756387
0,0.49706198397058554
0,0.7676784620453587
0,0.37393737020980433
1,0.2676024981602283
0,0.2881473459892887
0,0.36054410550986826
0,0.05780315798174639
1,0.7722597282066334
0,0.2675571178517254
0,0.34810754684600853
0,0.7284968106496508
1,0.8275340605538142
0,0.13678657524707008
0,0.016660719345645975
0,0.00613236591565042
1,0.33807597035469383
0,0.18735157091271396
0,0.7154341143407714
1,0.7260410061571493
0,0.30035024490475004
0,0.21239286364568608
1,0.5266633391991813
1,0.1950918924972481
1,0.45081848214136416
1,0.6759853980559828
1,0.40999140065498685
0,0.39203300792953627
1,0.7950466117501223
0,0.22708979104672264
1,0.5114617325004722
0,0.2507793844817229
0,0.5885916234255602
1,0.5544993890048375
1,0.6707718635572844
0,0.5457755241732808
1,0.8238217907574669
1,0.7861048149022337
1,0.619063829851142
1,0.4701475342973874
0,0.6324776300911208
0,0.37108878138297646
0,0.21595340925519807
0,0.5456550067681378
0,0.31514229227599777
0,0.28068609766245733
0,0.44500120389040687
0,0.22074866582077413
0,0.2562804787662119
0,0.4118544307744544
1,0.30539235057218356
0,0.2594979222303936
0,0.037381658531785864
1,0.7867076579885133
1,0.38694639602298575
1,0.697237451582562
0,0.08593551915024952
1,0.6376791404278951
1,0.5390813800432943
0,0.32024772263282586
0,0.4365717184725183
1,0.6775479168898504
0,0.5750912490192255
1,0.7308741666306936
0,0.013922018996997342
0,0.4011890082610355
0,0.48364802499852283
1,0.515667839365196
0,0.26339095787332856
1,0.5168661887943021
0,0.2876086505051031
0,0.3667271968328465
0,0.02088875376464544
0,0.6143506348867466
0,0.2215055926081458
0,0.24354971134852174
0,0.27983990563890765
0,0.37807690901669655
0,0.6921414653650821
0,0.2696374083594125
0,0.007165839623326023
1,0.9366542306300636
1,0.7198806135505047
0,0.3974915204394391
0,0.5871911772870451
0,0.1870210595954574
1,0.8174406904437646
0,0.19580275468298436
0,0.23639842649065054
0,0.24352474061745893
0,0.7345470953862401
0,0.018081173855032613
1,0.25528454447256943
0,0.39688151298804314
1,0.3041027528371766
0,0.16370598698147637
0,0.2993755170707236
0,0.5562615470084715
0,0.5377598652591893
0,0.3475464139751985
1,0.33039950406741275
0,0.3019071604399481
0,0.21768229273997705
1,0.36450747186125815
0,0.27716810344086196
0,0.13673152568216349
0,0.08661060789540517
0,0.3251348259541905
0,0.5318447862452907
0,0.24654029480124548
1,0.2871187271936192
1,0.5994235853010841
1,0.3736150216377106
1,0.4003869519862319
0,0.014103283542401061
0,0.24100342783933998
0,0.24602093496129412
1,0.16347484747121707
0,0.6607394162245979
1,0.8194263148581677
0,0.465188105983437
0,0.1873088096373736
0,0.12845166344470185
0,0.015868495473308847
1,0.22196385474355154
0,0.4536479235542881
1,0.5876501366399168
0,0.42212700944510156
0,0.3763430427669144
1,0.6548874368489961
1,0.7377700408228844
0,0.11060047810643088
0,0.2148475930559899
0,0.5846073236258815
0,0.19326220939613828
0,0.4440105660233339
1,0.2993764967756313
1,0.8279688926760884
1,0.4405661573310047
0,0.052330747581895855
0,0.27280656710959356
0,0.037059426937901055
0,0.05063886084559197
0,0.662136638064639
0,0.21273296640618305
0,0.39655068450214453
0,0.20194372557458956
0,0.522475114632753
0,0.09617466559446675
1,0.7108992057562755
0,0.35465678730557626
0,0.03886094206069096
0,0.010214063948528257
1,0.3684256850471685
0,0.33292501865673463
0,0.012026240242827979
0,0.030722830830005987
0,0.03186180779734812
0,0.31485319623326785
0,0.6755982097584688
1,0.7010061634248363
0,0.7116329279456758
1,0.5658330576228964
1,0.5750574475175989
0,0.3103190800791325
0,0.06495650412652247
0,0.397704724740466
0,0.4774795535539467
0,0.007590319136187938
1,0.4012707544407186
0,0.40213418376440496
1,0.6687403957910568
1,0.5197901070995923
0,0.33642045889510364
1,0.7016194570420914
1,0.6833011815373585
0,0.2403626600912219
0,0.28468766086088676
1,0.2650993813690223
1,0.7046170830448231
1,0.46765965481124966
0,0.008590668655497888
0,0.2807960372273903
0,0.019343199677424483
0,0.37880908442027356
1,0.8432755676787951
0,0.24320347950953744
1,0.6128347883808499
0,0.019031007225408337
1,0.47383739934156915
0,0.4008286934081994
0,0.16844847151197548
0,0.18834494934670667
1,0.4981764301996819
1,0.5890410115524052
0,0.15097988677127433
0,0.6032747956323998
0,0.2514891703501396
1,0.5723782916057136
0,0.05104970817660416
0,0.558846582765134
0,0.48810791348219623
0,0.013843944524498813
0,0.014039396945716376
1,0.48780782756240915
0,0.28001870154543707
1,0.6929749331968924
0,0.15085826661507343
1,0.35754117473304153
0,0.0067779336776636456
1,0.45317075326400535
0,0.030801204962841718
1,0.5378534206347784
0,0.5257042210655697
0,0.18927352848663692
1,0.45408520994310114
0,0.5598260293965504
0,0.19029424785295018
1,0.6459597695327683
1,0.3982914839671926
0,0.027755283442063166
0,0.2637900385088489
1,0.517479542237892
0,0.09898638772838915
0,0.014999255614623834
0,0.21788901033931524
0,0.4283456264848201
0,0.3813000238058784
0,0.3338676195948532
0,0.2606056164680878
1,0.6945016497810784
0,0.4147071191846958
0,0.040110353981933335
0,0.2541294306845662
0,0.22118544489276523
1,0.6603763873359514
0,0.3248443869644869
0,0.365257722328601
0,0.2064023798509645
1,0.6570563724478078
1,0.8364602842584848
0,0.1854634715026805
0,0.18538410629558486
1,0.6016584921193417
1,0.6341736900363248
0,0.1209339284158167
0,0.02735375313070064
1,0.34180928490899465
0,0.2756668052864986
1,0.00989815517795626
1,0.29143085364298915
1,0.4887367909240702
1,0.5055486549468184
0,0.3754526921079934
0,0.1370458115761154
0,0.18003219965185951
0,0.2146363143502175
0,0.013466728864432986
0,0.6631589926263435
0,0.03651328143926173
1,0.5842671014601863
0,0.048122033854554574
1,0.35599228989963666
0,0.18805226296103394
1,0.4883746756025848
1,0.35369779414634334
1,0.4404052250615535
0,0.5396022296347879
0,0.22915842646658402
0,0.09429108723707116
1,0.8379061171355268
1,0.4335828403651301
0,0.19970604541508158
0,0.03897722654643821
1,0.8874042647835712
0,0.27037053358982405
1,0.7150119726157085
1,0.3658923781168323
1,0.7313546348754149
1,0.314429059369111
0,0.016503571760058698
1,0.8664923415195809
0,0.2537470490943786
1,0.6217910295386642
1,0.6744664415926623
1,0.5179386630043099
1,0.6830860366413452
0,0.11667763757219848
1,0.6874472808110013
1,0.7146248598325023
0,0.608957239064462
0,0.32961623314374433
1,0.5674235977215868
1,0.7620179783385412
0,0.03846792319674293
0,0.06503246997452829
0,0.16344833867212716
0,0.019506709862005076
1,0.7238911304096224
0,0.4785801646673226
0,0.5164061894439834
0,0.023010459183263016
1,0.9181584623739228
1,0.26481552752831816
0,0.6331957750983882
1,0.36408294835868743
1,0.5522169272361767
0,0.1211676953596981
1,0.7328176955329961
1,0.378359237885104
0,0.40213133523332095
0,0.1257570879239323
1,0.7005173350028923
1,0.4726692121612827
0,0.13020238056772757
0,0.3487620583679849
0,0.3213669209633315
0,0.5512776768066003
0,0.011602729716359504
1,0.5665958265949799
0,0.01763702620681953
0,0.6221490771242513
0,0.02051878025398484
1,0.37350650752560316
1,0.8276516654250309
1,0.8158269810732777
0,0.3433774926748287
0,0.21228243406343275
0,0.19242298894265766
1,0.4820199221239758
1,0.5221566588088588
0,0.049193514516479145
0,0.3429214414722976
0,0.1716309351458333
0,0.18839917420203534
0,0.2155039442981484
1,0.4939012897749335
1,0.6296138034624782
0,0.6260349301137068
1,0.6435011632118433
1,0.44877052828153985
0,0.19979885449961354
0,0.33201817407230344
0,0.010042334624860046
0,0.5699748801958137
0,0.03849820674072941
0,0.028515605047345672
1,0.5115181621024473
1,0.47780840335523267
0,0.32411460817979487
1,0.3598796424187621
0,0.8912756417433346
1,0.3234219617282268
0,0.19917558026069668
0,0.3733101047979689
1,0.028456248683068657
1,0.7514146314915179
1,0.8628144691932969
0,0.23502282823302256
0,0.2372577791264998
1,0.40271385971083584
1,0.8105868474499635
0,0.1236036777167078
0,0.04376705823249962
0,0.1515017462952004
0,0.09745275529364311
0,0.02854943823858299
1,0.4785906807266112
0,0.2626045750733837
0,0.17968791660069472
0,0.04989324389272643
1,0.44432833183874365
1,0.8564799073656735
1,0.5798197347743963
0,0.26284817391252746
0,0.10402288066612536
0,0.015171358102601317
0,0.2747660096819779
1,0.8169835788970305
0,0.4753724785411859
1,0.7154341143407714
0,0.2491181206671619
0,0.011299035662093457
1,0.2478442317438729
1,0.126681630214236
1,0.19062040034848202
0,0.3628138656708627
1,0.34610988657577757
0,0.21560725137620895
0,0.24786828175048126
0,0.2272394868508204
0,0.1567397155259447
1,0.7209261351763062
0,0.02831893292200276
0,0.2194648630581088
0,0.2021384342962924
0,0.023116672374837707
0,0.2551913002428312
0,0.23795872727673348
1,0.6324776300911208
1,0.7057953205601044
0,0.3527795838751636
0,0.2559686018923152
1,0.27968869457273776
1,0.16021520749769094
1,0.36362438828320715
1,0.4169239734806519
0,0.01586896982297261
0,0.2595364742213347
1,0.5334120906544824
0,0.16810595762696248
1,0.6389120518614354
0,0.6289138186679739
0,0.06339508862608867
0,0.49911205163604516
0,0.5308722193670838
0,0.020321701563009227
0,0.7050229340543743
0,0.1984720200448804
1,0.5206596018172843
0,0.22614735296986055
1,0.33047080079230984
1,0.6722666765406685
1,0.6995721607063443
0,0.21003298696946718
0,0.5704311519234792
0,0.4633152128665638
0,0.14572395512841727
1,0.7823068078983231
1,0.3170069347713673
0,0.3006523933348072
1,0.7912744187494889
1,0.33962837046000666
1,0.01463398658797009
0,0.3008812496812337
0,0.046986445338975905
0,0.022689480659632878
1,0.7772237569927442
0,0.44584562384770265
1,0.3578437297197345
1,0.622038566396131
0,0.01978085691296433
0,0.03234812793129518
0,0.17403946259782754
0,0.2522725695591643
0,0.2833221519026245
1,0.6626377650436841
0,0.6834611907229735
0,0.2825231649387655
0,0.26856118130243795
0,0.21994343262585525
0,0.36070269594335397
0,0.40326820197804264
0,0.4129727729209181
1,0.2986219493066459
0,0.2869165386406222
0,0.2509474275850595
0,0.026946100224206553
1,0.3642799993553844
1,0.7637312225483928
0,0.25491218022679263
0,0.008847095608543378
0,0.14436102411257606
0,0.38938858872615756
1,0.40948518343447626
0,0.22176205020198214
1,0.10704314065525974
1,0.4130593308420381
1,0.35773814115385605
0,0.32764522251981437
0,0.11935812812080644
0,0.022985046720935737
0,0.20298512309945957
1,0.6366834206726959
0,0.35453455916366744
0,0.4010203749592655
0,0.326190490737474
1,0.49282870056317424
0,0.26367076353972346
0,0.2789664484157212
0,0.4009630552921291
0,0.37846195493509094
0,0.07776130895242651
0,0.16056006120869173
1,0.4339875350309727
1,0.9098685793652428
0,0.30804844798021713
0,0.3383234081817224
0,0.17408898053376834
0,0.32453063800919457
0,0.5148914574866289
0,0.3249797509905864
0,0.3322636220594249
0,0.2564954330121786
0,0.3437431294291645
1,0.5992583377011825
0,0.29775843678188796
1,0.40487183523789994
1,0.5710306313639648
0,0.45948758222849573
0,0.02385297307254732
0,0.6342073360149286
1,0.5195748311881069
0,0.05393774154968639
0,0.4606327609214375
1,0.7067217175224675
1,0.5902894804371842
0,0.04586145330657166
0,0.2564498782823941
0,0.2191428581674467
1,0.5584028012644807
1,0.6645953792829885
1,0.4207304463950128
0,0.37752429237637436
1,0.6679098248274418
0,0.39409283943033374
0,0.026191652287579987
1,0.9116799358231878
0,0.035418348227179874
1,0.847974186222114
0,0.044055539079261345
1,0.5710306313639648
1,0.39728236393393235
1,0.6173913967540029
0,0.13510792621064727
0,0.2846913133627633
1,0.44388989750573143
1,0.5706424088951332
0,0.02712493002689166
0,0.21768229273997705
1,0.5723782916057136
0,0.039800969850432584
0,0.43543605949928144
0,0.03730785267136709
1,0.7447619585584242
1,0.6507832264777832
0,0.2052926393172576
0,0.38922570192584066
0,0.39572481959198075
0,0.01933392007496113
1,0.22107744976281474
1,0.29974749287720853
1,0.44792571670160625
0,0.02612510998814361
0,0.14050319738482508
0,0.23480782091925348
0,0.09817937805227288
0,0.3146818941823643
1,0.6766871203513394
0,0.06339508862608867
0,0.2812602925909556
0,0.013220496020840513
0,0.15549261475153522
0,0.3780929971538947
1,0.6227764764629781
0,0.4653487861966152
0,0.7290850391161159
0,0.20618607595270494
1,0.8496531855286978
0,0.025096530900090126
0,0.21364947112697252
0,0.21303429982300262
1,0.46725341388707375
0,0.029130918125396414
0,0.2412342176564429
1,0.4222055070672677
1,0.6281038454270215
0,0.2905928170036903
0,0.04493833058257929
0,0.015171358102601317
0,0.0758217325586882
0,0.17321849784551516
0,0.3495428745071039
0,0.06544534199337933
0,0.18077084672627214
0,0.010793515761732875
1,0.5397948559301036
0,0.42081305995681084
0,0.2631890324983251
1,0.3718554690260456
0,0.0419563345063211
1,0.6785152736204029
1,0.31926299412705283
0,0.2610717195075521
1,0.6610015124685069
0,0.6179772193072961
0,0.38467472427918875
0,0.32927415224362433
0,0.2485439662326041
0,0.21205913449755365
0,0.12682864782832484
1,0.6573584721703527
0,0.2394888357925282
0,0.24841754100696004
1,0.5443505185742509
1,0.19002117781338146
0,0.02407117107577602
0,0.2737206158194345
0,0.19769525173461075
0,0.316028258528676
0,0.3571963161560033
0,0.31552795768907244
1,0.6435099786932068
0,0.03341008849708145
1,0.7463852299650268
0,0.03477264302705229
0,0.047014782221513333
1,0.24676789691680362
0,0.24134856181145878
0,0.3335148564275745
1,0.3299206388223349
1,0.6793150350774656
1,0.24928973452021083
0,0.16378109286261114
0,0.26179849529968247
0,0.02065300497690102
0,0.1883864325791835
0,0.5423057084016435
1,0.6499241228876197
1,0.4878630571971714
0,0.4302274024896259
0,0.23908826587798118
0,0.3523769165613068
1,0.2826892545994725
0,0.22626425060437155
0,0.42093283013859273
1,0.4750923918731167
0,0.4880441955212387
0,0.007421297564948093
1,0.8208960609242473
1,0.8148810222539613
0,0.010929337713700384
0,0.011760757049091193
0,0.2785825549792639
0,0.42238168668948967
1,0.2351283327878412
0,0.08681370373885727
0,0.34537738709422733
0,0.17065610305485449
0,0.5773450184250853
1,0.8912756417433346
0,0.25153388496408335
1,0.05047030153265796
0,0.17083080484391713
0,0.20421626867715303
0,0.0242436086847213
0,0.3750109336490008
0,0.8933529607006047
0,0.3791464900148459
0,0.26221164197705515
0,0.009100170232628256
1,0.6456589350978298
0,0.2957815998119154
1,0.9290867674250821
0,0.1396661208416146
0,0.40642697764417124
0,0.03780184390296142
1,0.3811202120279977
0,0.18280584901968977
1,0.6187086155446349
0,0.3028523004271645
1,0.2662815999867473
1,0.5223429783441252
0,0.03501095746844386
1,0.269360752194614
0,0.03507968268191665
0,0.18428327311746517
1,0.39334337535005803
0,0.19649336390961922
0,0.2088149664905447
0,0.22741519755945006
1,0.36729005730743114
1,0.8933194886915029
0,0.2882388265998316
1,0.6909930901928469
0,0.18398687482634454
1,0.3894768824760154
0,0.17168964120060626
1,0.3460439681812933
0,0.07033844799516767
0,0.3299101024278138
1,0.2929121031377744
0,0.5661090561380401
0,0.3402138375140453
0,0.021734392371596988
0,0.23282745213462422
0,0.05223617156234681
0,0.1097178395907344
0,0.5602079622449134
0,0.02411323769433848
1,0.4831139426594236
1,0.8091396902516511
0,0.1852138089901343
0,0.18884650103184394
0,0.1276634219988316
0,0.4820800843194384
0,0.012833861693641467
1,0.18735157091271396
1,0.6477340006334156
1,0.4381923155594081
1,0.2694961540337703
1,0.36932452158569834
1,0.44924448996599414
1,0.47231072726249423
1,0.41211312963119584
0,0.026949663999895734
1,0.6757718195957754
1,0.28226460267500336
0,0.5293655397165421
1,0.7078453915591543
0,0.3287586369229261
0,0.7874313412462173
1,0.417398255042309
1,0.5351287988754251
0,0.6562020998198514
1,0.681126494395054
1,0.9130127788516035
1,0.7051971267416558
0,0.35985852657461614
1,0.5567792815551079
0,0.04699523008803555
0,0.28296713154014064
1,0.6547039596240718
0,0.11614646716804836
0,0.6298005989068013
1,0.8272168478323385
1,0.2848726357824865
1,0.48994545782082854
0,0.2420783417043093
0,0.2134176393302613
1,0.6731089972642719
1,0.6835180456101346
0,0.27847027346374825
0,0.2744660145706913
0,0.4211632777285119
0,0.4286095015306807
0,0.2109907619606474
1,0.3322484988974665
0,0.02762614564093634
1,0.4651778603380726
0,0.22709766714116958
0,0.14763007824894556
0,0.31653356924263576
1,0.3189732745767588
1,0.31108930073702123
1,0.3308394667829785
0,0.36184645101780466
0,0.5469050562271299
1,0.8743367321724882
0,0.24865413605764394
0,0.2921431282834361
0,0.149368636038398
0,0.22745312693083344
1,0.375669210215658
0,0.4511888553737681
1,0.49344407838915627
0,0.28984856221215444
0,0.1602635717859123
0,0.22724155973392487
0,0.14104571873362176
0,0.021331457308569224
0,0.23361712908272958
0,0.510088660878527
1,0.6830029740472121
0,0.008268202088155919
0,0.23811679422567594
0,0.37939467594672394
1,0.6685164365409682
0,0.43684298048556347
0,0.18779529441272977
0,0.009804481792328784
0,0.07904183265052206
0,0.23595769533783512
0,0.6015549395160262
1,0.4441779183641302
0,0.17585776161113104
1,0.585558701056478
0,0.3316316912905857
0,0.1979460825859171
0,0.1725455205896433
0,0.2761602227460158
0,0.2005852867548909
0,0.15242468859658112
1,0.6717623345410202
0,0.39782594182934755
0,0.03191112912140993
0,0.3391965353265382
1,0.45671143141295867
0,0.3521004473119694
1,0.45171525092073245
1,0.5215464167494985
0,0.020905775173441995
1,0.41115689102570363
0,0.3243563977064453
0,0.2603408968238811
1,0.3796684632183359
0,0.5078349803635638
0,0.19724863990101504
0,0.01586627674013292
0,0.13993786312288764
0,0.2674442520951413
0,0.04844755840623747
0,0.01618759201794224
1,0.1731976672986536
0,0.22180288504426987
1,0.6696541997325293
0,0.8029115516957549
0,0.38954511078108944
0,0.23365059697181884
1,0.6058418239603134
0,0.2675728995406274
1,0.4652646639392301
0,0.24198610057199504
1,0.6071358971483087
1,0.5481877372341954
1,0.7059399738469228
0,0.25074573164433955
1,0.820712218725065
1,0.7723140809590486
0,0.4766942602670793
0,0.896751546140169
1,0.5825311352578877
0,0.0111357117107547
0,0.16584155522146252
0,0.06659701003064512
0,0.18604812896205133
0,0.7282000847223098
0,0.15497960892233026
0,0.26306566848754337
0,0.7108262711865573
0,0.1881690971464759
1,0.894372561996148
0,0.135562452150784
0,0.08760950242566494
1,0.6799007611851045
1,0.5685113804626926
0,0.04340258858253216
1,0.35548229852985924
1,0.46064245116973357
1,0.34075608503408306
1,0.7260989523470268
0,0.628811125603205
0,0.1984938207964085
0,0.560961293480252
0,0.015171358102601317
1,0.35385797181762463
1,0.7946715630198873
0,0.015171358102601317
0,0.22732569263636632
0,0.3576025279333354
0,0.23989980130799488
0,0.25683246429389656
0,0.4926471740389918
1,0.8015045707816156
0,0.03282095825479883
0,0.49209503197776183
1,0.39353566516745786
1,0.6302138831564394
0,0.1714594366438058
1,0.31360151426696764
1,0.4772500502054509
0,0.14231475422975762
0,0.540006975861302
0,0.18921669081842382
0,0.37195972643084146
0,0.26497317585746905
1,0.6947635840336785
0,0.43686291736516364
0,0.4197864905856137
1,0.4918391030799081
0,0.3275010327812509
0,0.39941079290120446
0,0.05978150245169334
1,0.430307532747337
1,0.4369139140328298
0,0.35308947874294927
0,0.03413274036456882
0,0.2230332896414715
0,0.722826328247404
1,0.8933194886915029
1,0.5443825283721057
1,0.3262729599770852
1,0.795898104805303
1,0.5213695969829589
0,0.2736520271789925
1,0.24181708062253446
0,0.025511707189804105
0,0.22006502702845135
0,0.015171358102601317
0,0.27039541153735713
0,0.16905518829072116
0,0.17491481415010374
0,0.20747955085383246
0,0.22239855339594566
1,0.5002352874813225
1,0.8734608235734684
0,0.2990974491328515
0,0.21500657328882386
0,0.19094317768283142
1,0.5261864187929534
0,0.31890460440010504
0,0.2731118688458291
0,0.015292740044678253
1,0.5359165359467706
0,0.18610989166412095
0,0.015187089559615383
0,0.19250066122436213
1,0.14961092269816875
0,0.158554801950393
0,0.012119296607143597
0,0.03913108111892811
0,0.025022667328013684
0,0.40880265721364795
1,0.6142761861101961
1,0.46353074161713287
1,0.3213906898694693
0,0.1713580470001226
0,0.3685905155324172
0,0.04216967386884903
1,0.482613104762443
0,0.7005587581670719
0,0.012119296607143597
1,0.6857822451607655
1,0.4854092020008893
0,0.030477710713932675
1,0.6661113526136123
0,0.0206535679071561
0,0.05780315798174639
1,0.726999677316128
0,0.19008404072215104
0,0.3372525654933586
0,0.2639806568461387
1,0.6525539039546095
0,0.26144297873263217
1,0.7276418954789133
1,0.41412321761054427
1,0.5372490208546701
0,0.2782417990928122
0,0.20954010030857353
0,0.11244756514886275
1,0.5706710192081641
0,0.3221500453382973
1,0.7556284807392168
0,0.28725858746757676
0,0.17601885219480887
0,0.3241556322058821
0,0.5239353627202646
1,0.274354256541134
0,0.2825614272091651
1,0.26030667345480935
0,0.017376271983450584
1,0.43277979733160804
1,0.5497482453957171
0,0.19934048184428926
0,0.6697377459897197
0,0.7117109665662303
0,0.2526119333615962
0,0.02301544180091546
1,0.37610019712305076
0,0.3508503791025496
1,0.8385755526861673
0,0.20919565845622295
0,0.38091379484086757
0,0.1950479552669196
0,0.18577584516096474
0,0.1515017462952004
1,0.6584638880847062
0,0.22449196024880916
0,0.15909442843229332
0,0.662214731840624
1,0.30634611946814766
0,0.2501909239425378
0,0.27458368025886304
1,0.7214694000176718
0,0.08246326202162595
0,0.22457819962147324
0,0.24471931601961164
0,0.368806061778983
0,0.363005072410503
0,0.14209825978291662
1,0.7294742691067168
0,0.2421520385060059
0,0.36815233565726735
1,0.6018434685833716
1,0.6357737291175203
1,0.7000838179656539
0,0.06503246997452829
0,0.28391276719931463
0,0.18254049940680495
1,0.8350174465349569
0,0.23876959001928294
0,0.6174965740778147
1,0.832847888199164
1,0.3364057635089013
1,0.8400182068653154
0,0.02908256286387818
0,0.6396729397930602
1,0.5598176514408917
1,0.8132746826943575
1,0.903774411089617
0,0.1637011784812925
0,0.010812495834769517
0,0.008621399115312341
0,0.30415412814503995
0,0.020487730859885485
1,0.15539233632397595
0,0.63003670884931
0,0.3966175195605625
0,0.21510358283584727
0,0.027539184445799413
0,0.20378849363682
1,0.5478366421455848
1,0.6386499795193868
0,0.5456550067681378
0,0.5259038531277435
0,0.26549512797582386
0,0.053343183928534606
0,0.05427350217388778
0,0.18379296901118478
1,0.8497513576587905
1,0.7853653925112459
0,0.23932764405166285
0,0.008997247517429146
0,0.38355475289545204
0,0.24706518464150068
0,0.2509686275060043
1,0.5872723583151773
0,0.1483889816806953
1,0.530455091716636
1,0.5900643583470309
0,0.2632267227788119
1,0.39878635320174427
0,0.21816652807561768
0,0.7065161997125529
0,0.24552002764676703
1,0.6353256531722795
0,0.36438969660838527
1,0.026331425939130043
1,0.8419204511998342
0,0.308590170721387
0,0.817316313858297
0,0.6714692972192475
1,0.6701265394017384
0,0.2815599407097537
0,0.2744505858460081
0,0.2133990415089963
1,0.7769050824113098
1,0.22268428300048387
1,0.4257818468237604
0,0.46930420081794577
1,0.42657061966337007
1,0.3624299116492332
0,0.3362154641267639
0,0.356504221839775
0,0.24341110703815724
0,0.04673995589416084
1,0.9176927387744469
0,0.15802599338163748
0,0.46801150419106224
0,0.020132476026884446
1,0.5297323498991826
0,0.33177116113092514
0,0.3106180224913003
0,0.2258256178486523
1,0.7072497900506949
1,0.4818324951886739
1,0.2814010054265854
0,0.01912518607051778
1,0.7926537377932904
0,0.2692031453922758
1,0.2160768720996257
0,0.022354731292077584
0,0.6346092545206365
0,0.48825657692879204
1,0.22795472398483757
0,0.20998147092985067
1,0.8424991296732597
1,0.5149259582623954
1,0.6445333801290629
0,0.28242628741909265
0,0.011213323834126768
0,0.07220184033553098
0,0.01902844254195133
0,0.18374548397955182
0,0.07213795903096355
0,0.8933194886915029
1,0.3328136168742585
1,0.6531616160587508
0,0.7072091429696523
0,0.46453011360476537
0,0.21415420038368072
0,0.02702263963598154
0,0.44342636783949746
1,0.6867612231190502
0,0.6418637073446086
1,0.47540013487876664
0,0.40147841858084593
0,0.20793953422525469
1,0.345754355663239
1,0.6662678446493809
0,0.008416812416990372
0,0.6228476285348965
0,0.5804814879902311
1,0.35187337531772594
1,0.38120524490030433
0,0.22080339735139004
0,0.4609386027419664
0,0.17900539132910565
0,0.6709912330714479
0,0.22199521501306319
0,0.15299047320245754
1,0.7315741652484625
1,0.5481997658633638
1,0.8319062728781476
1,0.5361786141055419
0,0.2863552858226049
1,0.696675478806309
1,0.5710009807092823
1,0.4098308217517283
0,0.2996886324767988
0,0.24597670452744688
0,0.03931498629991036
1,0.6030947890625604
1,0.656805184417263
0,0.5291061642391696
0,0.08357813345080696
1,0.8387961411085731
0,0.2666691917843673
0,0.657151490929747
0,0.39560137400872214
1,0.49265681695971186
0,0.1848012356093152
0,0.44216001079501516
0,0.12142516660416443
0,0.03980772263073195
1,0.3053796301024082
0,0.1806996792002532
0,0.27634932613929275
0,0.20427469837587311
1,0.4130571024459597
0,0.06089085517741553
0,0.38104595996710294
1,0.6678597166531763
1,0.40255751140190366
1,0.7576842296780537
1,0.7424345528203633
1,0.3939765567077177
0,0.09036483864490322
0,0.23471436852889205
0,0.35741956939957586
0,0.24523363345740798
0,0.11182857898433021
0,0.21363504007683723
1,0.5477874220401235
0,0.31674643468718633
0,0.48966452592737914
0,0.00613236591565042
1,0.4246939590883199
0,0.2698214635201
1,0.2656641648282845
0,0.3097173041455592
1,0.6122339118132392
0,0.7386584677579408
1,0.3624050471305618
0,0.3181081623511345
0,0.015171358102601317
1,0.6373243214296057
0,0.4779753977311545
1,0.39291459994554284
0,0.34264288387872893
1,0.5517039247200788
0,0.6726216602240312
0,0.019963338288846128
0,0.0576599353342397
1,0.48200020788902714
0,0.3958232790110608
0,0.05237906650835772
1,0.29925937727779717
0,0.46700242533815584
0,0.4495907547022857
0,0.3266167833550724
0,0.05858909862066434
1,0.8649323770439553
0,0.44238579163275127
0,0.5350479829891566
0,0.17281381187254025
1,0.5063388043240352
1,0.8418574138755092
1,0.6709494045639643
0,0.024430664547410556
0,0.38329771812744645
0,0.2553119357096668
0,0.2230894033648772
0,0.01169781263128807
1,0.8993060654259996
1,0.3228473951714957
0,0.15157081748854
1,0.28304114833201943
1,0.7602886722296827
0,0.3900144679717456
1,0.339210947680144
1,0.14047064162423772
0,0.1423441476640129
0,0.4068896249675468
1,0.3555242630714298
0,0.2249456394760104
0,0.010796241833663834
0,0.08115186610830678
0,0.4165562561080951
0,0.333135720976992
1,0.5073382832743801
1,0.616330856489633
0,0.04239636478954913
1,0.903213672149769
0,0.4001198366309332
0,0.5073978943128897
0,0.4094460327701811
1,0.7201777829902283
0,0.5335071803004356
0,0.28809177404517483
0,0.23028179107725008
1,0.25974767799666604
0,0.48152037447674195
0,0.2181963831518696
1,0.6768680444974658
1,0.6207257206708767
1,0.19606238709863805
1,0.3231900128705843
0,0.024783836330721544
1,0.402255899691427
1,0.9239450671340623
1,0.8342392115744236
0,0.3442860000596667
0,0.35583323743365486
0,0.32579556137513466
1,0.38914890062450114
1,0.5887849227309226
0,0.09544879363849759
1,0.39554702286147664
1,0.6217410010186942
1,0.22945750034585516
1,0.4535044386286347
0,0.21272675036197275
0,0.3255748884465009
0,0.028317904055581614
0,0.2470658566226735
0,0.21940844393559675
0,0.028044724200208412
0,0.5092254267261743
0,0.33304357189953854
0,0.16370598698147637
1,0.6321175409899287
1,0.8884271168199569
0,0.022888028795752174
1,0.8556258879238522
1,0.6814105096440871
0,0.008984220847278642
0,0.04014139120352876
1,0.6395685308160401
0,0.36805766324007416
0,0.2692031453922758
0,0.22955502070972786
0,0.20699188264167265
1,0.3656986613535091
0,0.015171358102601317
1,0.8888378738381707
0,0.03088159736086906
0,0.23461936571608435
0,0.02411323769433848
0,0.25899829897076904
1,0.7690549764002846
0,0.6217449503967225
0,0.1770399018995625
0,0.027012309164677034
1,0.29220241344581377
1,0.3603893745392922
0,0.044500129682854904
0,0.1831811907325332
0,0.01494035085239949
0,0.3220142062285947
0,0.016120551080661964
0,0.32880618611743684
0,0.032037064399354706
0,0.06318966321127134
0,0.4196849039284868
0,0.4880441955212387
0,0.25694927768105214
0,0.2035089308226417
0,0.26141826685873837
1,0.6700562415360553
0,0.677281838528219
0,0.007684611898871057
0,0.3159105886124974
0,0.7150886637291449
1,0.8057542713001984
0,0.17041539282495663
0,0.10844533685399568
0,0.3013012274207592
1,0.27456759340815384
0,0.5884460462703391
1,0.6186370811119967
1,0.8004784092312331
1,0.211764497739641
0,0.3753122990722997
0,0.14907643652470118
1,0.8972035771363047
1,0.6304804629822118
0,0.31374841351748545
0,0.23974942088295662
0,0.4957073608727062
1,0.3480779927080827
1,0.4308973556913251
1,0.6929749331968924
1,0.2540707289389153
0,0.333135720976992
0,0.029695422936618768
0,0.1300802454868415
1,0.9176927387744469
1,0.5942861807308237
0,0.40979390889856093
0,0.012720534752573369
0,0.05694434969431678
0,0.22636108639530264
0,0.3246464042545427
0,0.2952835820841243
1,0.39564616547324555
1,0.9277773501108838
0,0.4713353821021437
0,0.3021208734661923
0,0.20430898031985434
1,0.7780281192941816
1,0.6670434598898111
0,0.2712629459900089
0,0.5182819219504293
0,0.3949316317819313
0,0.17077251228329912
0,0.33955234720822847
0,0.03570487010810644
1,0.6132890369392724
0,0.2067085910884953
0,0.688803105475978
0,0.582247136012018
1,0.3639051537681987
0,0.06377498692515812
0,0.25863159723237755
0,0.02647010722429788
1,0.762712301397718
0,0.3146818941823643
0,0.16054555946094443
0,0.022557861411167182
0,0.2697880463902036
0,0.010634955209559873
0,0.2511808198420673
1,0.35179193841879214
1,0.482650684822507
0,0.031613247911974604
0,0.28878969484257444
1,0.3759682772721044
1,0.7946475541334567
0,0.3907612444516731
0,0.39286330577221473
0,0.23266592345027587
1,0.20428051342268685
0,0.30289739850207376
1,0.6372840612506699
1,0.5398728592608864
1,0.8175382261070068
0,0.28852110775207385
0,0.21877561484726496
1,0.6703351455697362
0,0.17046917259862754
0,0.20378849363682
0,0.1598903781519035
1,0.48152037447674195
0,0.007332788757118901
0,0.4589043116004687
1,0.8342392115744236
0,0.022413123765603865
1,0.22377462954200208
0,0.5385951542490081
0,0.2727333900200444
0,0.4646267265597369
0,0.5164165511086207
1,0.5801352716500706
0,0.28798577957281485
1,0.04643399803404956
1,0.51243292577064
0,0.43598491595302435
1,0.5934413035506623
1,0.32376258482251963
0,0.07452926953189346
0,0.052089510960152116
1,0.6433553163314361
1,0.3529756657278396
0,0.35318655155647843
0,0.22681957159421873
0,0.01281403855712541
1,0.832983984773178
0,0.4915525248683961
0,0.2786916762546311
0,0.3081380779088827
0,0.1979460825859171
0,0.20488632765497644
0,0.08647444778682947
0,0.4255785762359975
1,0.5629127310815603
0,0.20121151886529126
1,0.30763807926146514
1,0.45058185099386033
1,0.32460685277384954
0,0.22621321401469396
0,0.015735043863297445
1,0.8032848819307149
0,0.38093691806527497
0,0.2497193997945014
0,0.020047977197586556
0,0.5814593811016199
0,0.5986640092962544
0,0.37486689039221416
0,0.5263324075772001
0,0.008984220847278642
0,0.01704247604387846
1,0.9618941712849608
0,0.18934164364416062
1,0.2202543527129607
0,0.2635650877043846
0,0.26476471030388526
0,0.3935505517383335
0,0.09769014758859398
0,0.009601813831037422
1,0.668964412606016
1,0.22520780747516816
0,0.1560050535060467
0,0.3851674096453717
1,0.2585193845212442
0,0.008847095608543378
0,0.25288877940033505
0,0.6433385368914156
1,0.6302721937541155
1,0.8479822817081071
1,0.32176749392983706
0,0.27599501791960107
1,0.34418731420260923
0,0.5652976312933762
0,0.3316130167820299
0,0.27299907315099403
0,0.38965417651249834
0,0.013868507249915807
0,0.01020295393130326
1,0.4894577820608686
1,0.26380621812668154
1,0.18718309737726335
1,0.6956058721449073
0,0.4470406153862541
0,0.1839003651915575
1,0.6084250983909902
0,0.01997518777061193
0,0.11376308276219203
0,0.35371724419709816
1,0.4466893422470786
1,0.5958284865470627
0,0.08014437982387598
1,0.4014418491509818
0,0.24921248465917195
0,0.008950904160599632
0,0.02591970746350239
0,0.23294145602152536
0,0.2726142502157632
0,0.045903846788734666
1,0.2838722300520959
1,0.2754989671874666
0,0.24694351208899898
1,0.42047695361293275
0,0.04721924407962936
0,0.238087423361781
0,0.324743720236606
0,0.007165839623326023
0,0.5484310808822221
0,0.3080683049791706
1,0.8278082033505667
1,0.48340677270947124
1,0.42219275930523803
0,0.4761083578164084
1,0.7163758024622353
1,0.30546529725050703
1,0.9151458773054734
0,0.27186681259081136
1,0.49246629682351667
0,0.02329184748695607
1,0.48007720260379994
1,0.8611459525686895
0,0.33317801825320886
0,0.24541938020950774
1,0.8190528826506374
0,0.16977167145848396
1,0.7933201088465914
0,0.30331829739477323
1,0.4475518338608005
1,0.5148816796310112
1,0.3733113675893657
0,0.36643300054859307
0,0.034754658872554196
0,0.01408948216125719
0,0.034697137488836634
0,0.2216811654422623
1,0.3787382994489111
0,0.19140223476069468
1,0.8127789479815735
1,0.6642538017608938
0,0.35038717781180234
1,0.6670569810156617
1,0.5299096166855788
0,0.23751538149040785
1,0.47870562195861266
0,0.3795274170016784
1,0.7550625541490985
0,0.23328630022332017
1,0.3066477997654167
1,0.5413270007425519
1,0.5124409799305967
0,0.33699786151801187
1,0.7108012178195113
1,0.4518056601328415
0,0.007165839623326023
0,0.2714931642932073
1,0.5769309543100165
1,0.8103014475561059
1,0.6430155478865599
1,0.5748501384970265
0,0.1888890734871662
0,0.24752555161441486
1,0.29217395430696774
0,0.20600107987857394
0,0.4320777335034385
0,0.033718193991930955
0,0.024847201361998892
0,0.27489852912465274
0,0.6278529303909763
1,0.17568606659987102
0,0.24323022060686714
0,0.7509137691701622
1,0.779988782323677
1,0.48345611918074305
0,0.2836294191243759
1,0.6667424723856997
1,0.8790859861978907
1,0.4741585095473218
1,0.657310699260802
1,0.7182661489141748
0,0.23642229044336563
1,0.5478061592402597
0,0.27791040842184517
1,0.5464059347832599
1,0.3592898379550564
0,0.28581557883411685
0,0.19619138738369826
0,0.2883188480196571
1,0.42709493285185746
1,0.851489761671486
0,0.48993265298280775
0,0.28713433665256904
0,0.27956000828675515
0,0.2751921687059785
1,0.8630509409607756
1,0.4806859290631677
1,0.6019450993739697
0,0.12107756722916405
0,0.272207877271179
0,0.1888628640088474
0,0.34264288387872893
0,0.3028185457225133
1,0.44910015138767967
0,0.10794289937183663
0,0.2576189702093167
0,0.2846645488107159
0,0.14794391659057562
0,0.23180060929691965
0,0.31557488134229855
0,0.01677340587415046
0,0.32820237644892175
1,0.6921166126768858
0,0.12057170219037776
0,0.27156070613486333
1,0.38965463269123285
0,0.8444645268594417
0,0.037516399567605586
0,0.03188504068427732
1,0.17662226209027335
1,0.8439206070709109
0,0.12021808519765674
0,0.010897736291721399
0,0.012351155375948317
0,0.011799209298968678
0,0.3309276276463972
0,0.18112997560849348
1,0.8642356355179517
0,0.2403626600912219
0,0.280964238881949
0,0.3652227891732721
0,0.26050188218375064
1,0.46389844064965474
1,0.3610239175374788
1,0.8251179104034062
1,0.26157168433974165
0,0.026301182803131665
1,0.18077084672627214
0,0.3238372827122058
1,0.37989875281187274
0,0.1721130688954793
0,0.2866852812745203
1,0.8053350732518447
1,0.6968575069931667
0,0.21232596953022334
0,0.4342213277094117
0,0.6167745066720074
1,0.7088815325319185
1,0.579816016900826
1,0.4269718089654816
0,0.3325693704120771
0,0.3932267243841456
0,0.36030912820912936
1,0.8208219799065972
0,0.254064748004752
0,0.3520699244137605
0,0.6237533362300578
0,0.27095636046699334
1,0.7567478301703161
0,0.15940753463154195
0,0.02124132333254978
0,0.01708624647387404
1,0.8022158456724247
0,0.33813452622654877
0,0.19009821728299653
1,0.6603667762519676
1,0.3389954114598499
0,0.017260527459057956
0,0.2401827607024558
0,0.00913098554617473
1,0.48715733220842944
0,0.5014935660707711
1,0.657310699260802
1,0.44436385686526264
0,0.30374973184195186
0,0.19164855120588511
0,0.38813510266453977
0,0.033696038206730686
1,0.6783638347902333
1,0.5561429653179152
0,0.41896672559814724
0,0.39793368650845096
0,0.4076236213052849
0,0.4575193534986623
1,0.6443591979404223
0,0.01742463121643958
0,0.3052125506148882
0,0.10894136071325314
0,0.40996311100145805
0,0.24735825005696754
1,0.6110421359279368
0,0.2960821417611656
0,0.3295209697016767
1,0.303558605687193
0,0.032097933324902905
1,0.837513016852734
0,0.04939821394690526
1,0.5230126294881002
0,0.23517396041151584
1,0.01020824553777931
0,0.3452717139543453
1,0.46340719373273065
1,0.7038318634792721
0,0.025125315958289447
1,0.6821300785033199
1,0.8780240492414102
1,0.2766394821707292
0,0.3603605664841648
0,0.2706939881838782
1,0.6809792789556309
0,0.1701204424935595
1,0.40399058927456905
0,0.2590388579741179
0,0.06698406479438668
0,0.052120299556979575
0,0.08170518728345291
0,0.48392091001914067
0,0.2418951158451524
1,0.8701158786929523
0,0.6156235155031758
0,0.4485703630604134
1,0.36605736027407654
0,0.12322142934232445
1,0.6303802041760169
0,0.02640616130033577
0,0.43291763298323666
0,0.28621865674789254
0,0.21314610039025195
0,0.2692764054738395
0,0.24276257845089727
1,0.11861018191974924
0,0.27110279120664516
0,0.2373417749057658
1,0.8144037318442825
0,0.3215186952748183
1,0.34404592927126
0,0.24330286598368323
0,0.3108622579995011
0,0.6740840011392352
0,0.007165839623326023
0,0.29465570192768725
0,0.18347978681336757
1,0.7209940278709833
1,0.7422698336977809
1,0.3210343328711695
0,0.28293623424955516
0,0.20284879357780172
1,0.5277656936885371
0,0.0461830802355502
0,0.022702535981526623
0,0.19341138419275314
0,0.23073050342166404
1,0.4295678132761626
0,0.49569128917817706
0,0.39576531701663176
0,0.3258545950079483
0,0.18324773884934006
0,0.44170035567829813
0,0.4831970782961039
0,0.19759112251108407
0,0.5762421219941516
0,0.30668410866851775
0,0.402353993609374
1,0.8728285028107343
1,0.33354835114244596
1,0.39657928861512065
1,0.7986866931755303
1,0.3228861602711747
0,0.4579877247711781
0,0.30018756876880254
1,0.6717423673742484
0,0.3932932155711005
0,0.15118240175854755
1,0.3658923781168323
0,0.30809074247862556
1,0.4124962308167565
0,0.36995941728840315
1,0.7111400871039765
0,0.3653651171706734
0,0.18084604402232407
0,0.5639910342903665
1,0.2916458532974831
1,0.29763026600865194
1,0.8760701290283891
0,0.1449523010375555
0,0.21710035725228266
0,0.04250883112913223
0,0.39532122284842813
0,0.7482670485051218
0,0.23573200137176764
0,0.027806365973360964
0,0.40819704087907505
0,0.14914714966939618
0,0.2598200254043262
0,0.0695538323215527
0,0.17156372098907866
0,0.333135720976992
1,0.9230511461892145
0,0.347544038993514
0,0.4665945604955053
0,0.1947742269751391
0,0.015553291747865357
0,0.1930828751585146
0,0.30491935644557133
1,0.4710023175518913
0,0.32094955848643486
0,0.3070300561012819
0,0.01046101835437112
0,0.6534772722577497
1,0.29220241344581377
1,0.4719324758856669
1,0.626287481591946
0,0.31726577168807096
0,0.28721745377584323
1,0.5925262941534981
1,0.4136710475760636
1,0.6481265073003797
0,0.5886701543643296
0,0.3634040439940391
1,0.28165925056399177
0,0.4120092713814776
0,0.29818146353006036
0,0.42979317226263297
0,0.37897438450221277
0,0.7114558570241427
1,0.5426762989636424
0,0.43199013344945625
0,0.25101542791137726
0,0.606551325015249
1,0.3090183163252883
0,0.5983736802402451
0,0.670878011310935
1,0.3775477701511435
0,0.04779880162394747
1,0.49327841988986476
0,0.5895893609509057
0,0.2815797229555138
0,0.4558135412918433
0,0.016172900565067806
1,0.6131925354065625
0,0.26436046503353455
0,0.11498461949484486
0,0.19364096303961234
0,0.013775882716348168
0,0.1150792288310612
0,0.018695850673948536
1,0.4738077852229288
0,0.2712768417023974
0,0.29943441363570816
1,0.29898841099389617
0,0.3776235809892866
0,0.41935198316209515
1,0.24309745334773575
0,0.6726216602240312
1,0.402619025582627
0,0.24546764082247086
1,0.4806258284882771
0,0.3548141969642656
1,0.43129969272183777
0,0.2072509711488769
1,0.33616596520094416
1,0.46274629648696936
0,0.27037989585008376
0,0.009657262471568971
0,0.10584950447136474
0,0.14068766043298453
1,0.6675122821943649
0,0.8115524048457655
1,0.507297705291078
0,0.07894662942483524
0,0.008847095608543378
0,0.2951000508397117
0,0.26278662122886487
1,0.585940993501076
0,0.31498733526345707
1,0.5505237553262777
0,0.24440212577630224
1,0.33667086039842403
0,0.3584093735168709
0,0.22902346565674356
1,0.41854975316946524
0,0.21809003866204685
1,0.8034643923223791
0,0.02988114804312633
0,0.21808684351969929
1,0.22806461150351395
0,0.7154341143407714
1,0.719052807048634
0,0.015171358102601317
1,0.5848526193369759
1,0.7782116238192994
0,0.12893138344805227
0,0.08418624448125196
0,0.21762993357848584
1,0.30510276198981595
1,0.6986489650455081
1,0.22255001840161237
0,0.5613845131687057
0,0.2761354059020742
0,0.4621003482367272
1,0.3158985651506901
0,0.3261792722410199
1,0.404316364255783
0,0.21811550720274173
0,0.5768427409021317
1,0.6811242358342613
0,0.24991168313761244
1,0.6105665829414353
0,0.22203114597237433
0,0.1496188425652219
1,0.39989987132774535
0,0.15549173981555453
0,0.18079665037566803
1,0.3179958837597938
0,0.022354731292077584
0,0.32132565440803307
0,0.012068294468211838
1,0.40695014337187757
0,0.02444457755942304
1,0.5916510339449556
0,0.6953862741602281
0,0.40377331525090027
1,0.70083597352625
1,0.436024452662054
0,0.26723445769400284
1,0.402619025582627
1,0.26104118503842416
1,0.46010749329501066
0,0.5828458299160304
0,0.2313988826352872
0,0.3239628442699596
0,0.2512343217481356
0,0.4680780920117552
0,0.011396535651391194
0,0.06166035966491594
1,0.735885155183758
1,0.4285687776885076
0,0.36648469666661726
0,0.43987944903827675
0,0.42181347112012574
1,0.4916785642758636
1,0.7242462728939639
0,0.6684950023310513
1,0.5196784969456574
0,0.2160768720996257
1,0.8238152638862616
0,0.22808999057862234
0,0.12658090301872682
1,0.04985736589016745
0,0.020186073119458792
0,0.07255325907755468
1,0.6661392007533208
1,0.26442909403002585
0,0.23272669053769868
0,0.3497911773911809
1,0.6191841768206553
0,0.026887958280504543
0,0.15534932569514906
0,0.23973711587607172
0,0.22024325259129635
0,0.14591108003594366
0,0.27190998857585025
0,0.013304119001498759
1,0.8324454055524327
0,0.4723073598978689
0,0.2073273398324084
0,0.11279159917204186
0,0.008173694935142705
1,0.3065539330858223
0,0.2642610479519838
0,0.3726438450419322
0,0.1421629955626801
1,0.20176385900613253
0,0.055237161053667785
0,0.323407822542793
1,0.9213414409878007
1,0.6236634736973032
0,0.25608602127510366
0,0.22833233741830344
0,0.6682683493947881
1,0.6534485857985615
1,0.30520198038694496
0,0.4008742962275083
0,0.2996852944474533
1,0.6515541745391412
0,0.017802230835097164
0,0.32808358151095013
0,0.4358184081012677
0,0.2780855376487524
0,0.21481315964398107
1,0.7273180309421511
1,0.7121713683159102
0,0.2151416711304055
0,0.006043100863466877
0,0.15410211254606312
0,0.011915147196580782
0,0.3007343279432512
0,0.8081377907375064
0,0.021526359871807545
1,0.377973044137493
0,0.1336595295539576
1,0.7394256981799168
0,0.13889293669725908
0,0.6256461239086879
1,0.5920833332847236
1,0.5257232797839121
0,0.25417690864171755
0,0.4596653602320278
0,0.8021732117771301
1,0.2393388491195198
0,0.14347278804526492
1,0.4083256198262557
0,0.013670032242207602
0,0.1765182582525181
1,0.7535707513234516
0,0.21789478893356945
1,0.6176059160384059
0,0.042407070996854916
0,0.2246560151006324
1,0.4348956234159109
0,0.05603820884108737
1,0.5297323498991826
0,0.21779328183871627
1,0.8341855567810826
0,0.013104733062219463
1,0.34781498367342506
0,0.29415998422084333
0,0.5328886332842566
1,0.43154780190344383
0,0.026335297198943758
0,0.025718647212485592
0,0.3784344361417579
1,0.8314541858666609
0,0.054338324748003
1,0.6143587534317321
0,0.17440550063628568
0,0.01797273822828308
0,0.44459522890879627
0,0.26614709626553257
1,0.45960012472131745
1,0.5298696460881892
0,0.4122034277561101
0,0.05790126076281976
1,0.7359477228888236
1,0.5003097058174233
0,0.01259514002122177
0,0.23150032003192628
0,0.6041982987927971
0,0.015743375231222222
1,0.43901685142340907
0,0.04250883112913223
0,0.4056281794056652
0,0.17712923322889984
0,0.23291820752708836
0,0.3252024502695969
1,0.3565150943864363
0,0.3380293506107203
0,0.2952952632215783
0,0.2584769230916092
0,0.27040196348564205
0,0.055409743729372164
0,0.06011742263198013
0,0.1945865205822026
1,0.7655702098303375
1,0.5432690200660256
0,0.5138989287125089
0,0.32990338133154545
1,0.6611166668709471
0,0.2782632915624212
0,0.31567194759745465
0,0.5932849364711753
0,0.00733566649676473
0,0.22889024177250267
0,0.4067036403205598
1,0.749883989294939
0,0.01057832823252539
0,0.25680821611268806
0,0.4698163707634019
0,0.21355255744871182
0,0.04691229707248088
1,0.6536885746363891
0,0.4645827535469497
0,0.36021267849698246
1,0.6955037225266808
1,0.4576645724646848
1,0.44696339817888825
1,0.5733753696998523
1,0.8204428881944767
1,0.5391529827058681
1,0.8024494918746524
0,0.3798450546315134
0,0.2206002414650165
0,0.229228711132015
0,0.6570750259536985
0,0.00649243894992535
1,0.7497804466694614
0,0.02390874522211001
1,0.3323994003722433
0,0.02420579992949214
0,0.16664982001536838
1,0.5155486835815561
0,0.2731677936862845
0,0.24317648890321472
0,0.2892308698060498
1,0.31313698145243984
0,0.2680868099413146
0,0.010572697334879245
0,0.21375423847118633
0,0.6176064003900815
0,0.03330179151262066
0,0.25995706368614824
0,0.8439883880340378
1,0.3489121292454558
0,0.22916667221074505
0,0.05600774273717295
0,0.29358500598553733
1,0.35084232005761334
0,0.10026956762578032
0,0.3937597974913639
0,0.3882615942147775
0,0.3182145316470968
0,0.5186248409083892
1,0.8055118767304258
0,0.3590198610247797
0,0.18098701879235118
0,0.29986409387472235
0,0.17562798785648853
0,0.4130860074247794
1,0.5648023171531199
0,0.13752987862131186
1,0.19819216978343335
0,0.38515241061496686
0,0.35753262398603236
1,0.6492091698641081
0,0.1657423449322793
0,0.014338507229500183
1,0.3019969249386532
0,0.021603375949082765
0,0.34702471041933264
0,0.02655430268683145
0,0.053590960457465635
0,0.1930828751585146
1,0.9126356878094661
0,0.029828259043237864
1,0.381473015623422
0,0.014834005434508751
0,0.01656957388676924
1,0.7695451051718522
1,0.6346646057922757
1,0.5990472086302167
0,0.18724122309877025
0,0.28170469007584203
0,0.2242211197186931
0,0.16034005494004908
1,0.31050816038427953
0,0.5251306319555691
1,0.48830898058920996
0,0.3044790768898887
1,0.43237897591696844
0,0.0395620223850317
0,0.21228328793215556
0,0.3656206577957243
0,0.04027069977614771
0,0.32339495130625107
1,0.46608287721725494
0,0.41956714300882747
0,0.6548654375705838
1,0.628811125603205
0,0.26368180949087383
1,0.24607122715031304
1,0.35771148626935895
0,0.1998574275679598
1,0.44923365555288386
0,0.6233787598912535
0,0.018577404249176362
1,0.593090568404226
1,0.32590107990376577
0,0.044524515500311605
0,0.3741036250852483
1,0.436011630639942
1,0.5051708221731367
0,0.5608485015987871
1,0.796875217937868
0,0.19621352251698365
1,0.5994264483162012
0,0.6793082019569754
0,0.18032009462654383
1,0.7121713683159102
0,0.03141973320890232
1,0.685909716499806
1,0.6471209851245306
0,0.3986028710777847
1,0.38332607612272696
1,0.5890556793950744
1,0.6030441145121046
0,0.20270841662797612
1,0.3913325807784019
0,0.00863414036971357
1,0.4747628692010956
0,0.05896043771696315
1,0.5840363366598637
0,0.03947275077360303
1,0.29622991543147975
0,0.42196093602591955
1,0.5911223443162473
0,0.26264192001697634
0,0.3631674896144749
0,0.3263239063793604
0,0.6443070738714757
0,0.6387120502161923
0,0.18287046484417555
1,0.6126385842110676
1,0.7302132888919216
0,0.36016066607745895
1,0.8933194886915029
0,0.2382754800882732
0,0.1734128601946521
0,0.027316108159877745
0,0.48423682631204445
0,0.008764075611668205
1,0.6290388496881785
0,0.17124775242640583
1,0.21708646689235303
0,0.38102692204137556
0,0.015171358102601317
0,0.007165839623326023
1,0.2614579877574338
1,0.7437906843507135
0,0.1646266153325922
1,0.24772565888709794
0,0.05542847733148196
0,0.2101541732997659
1,0.44035328308741334
0,0.05016135037391598
0,0.23236631063564062
0,0.1052917766548103
1,0.4817517430251054
0,0.3601668321476512
0,0.20557422502720482
1,0.39370475270116384
1,0.8459565914931106
0,0.47338907528452473
1,0.7519771355569287
1,0.6999734472542752
0,0.05204223274921198
1,0.6215455568665801
1,0.2599962722239294
0,0.025829673380218715
1,0.664026645610363
1,0.4922316935900016
0,0.2699099410982934
1,0.3744209313929784
0,0.03907245713296043
0,0.34996940441489893
0,0.4510909991480835
0,0.34677071580866764
0,0.024338551213578564
1,0.3462832035006925
1,0.5335877464593568
0,0.4743621232686843
0,0.15217989220805211
1,0.5327044293154929
1,0.6732130113729234
0,0.21693234439100328
1,0.5929054545079351
0,0.38639584123500037
1,0.6383775710737238
0,0.24062318407344357
0,0.33614501553974563
0,0.10572950716509624
0,0.010753353739815192
0,0.34462904081879614
0,0.4464513767521868
0,0.21985576080599278
0,0.1763127233139982
0,0.3068788684342292
1,0.3372677560043788
0,0.6157363304664785
0,0.05815158270642146
1,0.3926476709857727
0,0.07192228228807553
1,0.7091603080784504
0,0.03332084397281457
0,0.3550952852864993
1,0.3727572374436414
0,0.2887732466487101
0,0.012741873980086376
0,0.008416812416990372
1,0.7435980797071293
1,0.7851460509026288
0,0.3469303090208375
1,0.6846581191015014
0,0.8272070680650958
0,0.3492895578402905
0,0.03037887678404921
1,0.7925821312429703
1,0.25019219999951237
0,0.053684612248032684
0,0.17968791660069472
1,0.657109632137534
0,0.23564463642546757
0,0.09039931948109889
0,0.4518719887582165
0,0.3745687776332546
1,0.7572626796988124
0,0.013139300132668473
1,0.5010355772163115
1,0.5086959790609289
1,0.41374833024450064
0,0.03949828191386779
0,0.06544883863969692
0,0.22775442536909937
0,0.026503661309087597
1,0.38914890062450114
1,0.5738324049768015
1,0.7437417621341462
1,0.5968768309191135
1,0.4111663002348681
0,0.18601105669750984
0,0.2984373253295858
0,0.17071060882684896
1,0.6989600057168166
0,0.252282868252147
0,0.5970559317438163
1,0.5136821449484431
0,0.23606251504507345
1,0.11183216006961404
0,0.12246995544714488
1,0.55252215855247
0,0.2101679312089522
1,0.7359997423439646
1,0.7289844186692411
0,0.23837056310044136
1,0.8576084081086885
1,0.256838792279714
1,0.6777083937549656
1,0.6653850026956765
0,0.3690704638884479
1,0.31342412870618136
1,0.3983520204839718
0,0.22004236959951254
0,0.35121691119757936
0,0.23934211847465822
0,0.3020541024999173
0,0.23476759411769482
0,0.011707109879182028
0,0.2435070869790468
1,0.32190006629939694
1,0.8092926855808815
0,0.026285086041165383
0,0.1496188425652219
1,0.39216755668884706
0,0.2257557992367552
0,0.34165779129885726
0,0.17799208005083395
1,0.6914240948267845
1,0.8360626019694423
1,0.752521439648377
1,0.319099827546822
0,0.6820602462233527
0,0.42770590935691116
0,0.26276904659794803
0,0.3512643933980726
0,0.2821635925634617
1,0.681586880218538
1,0.5291555427979484
1,0.35577884012607974
0,0.4256954123110936
0,0.18927521971202768
0,0.03916601613037677
1,0.5563355453870055
1,0.7673205654314115
0,0.20510903005663395
1,0.7097604079539782
0,0.18217285453776472
1,0.8342392115744236
0,0.40167697309385075
1,0.4901813283385985
0,0.38371301848679445
1,0.6111054149289755
0,0.4889928244382459
0,0.037579766026725435
0,0.23700136083700443
1,0.3727316831006555
1,0.5189294816601541
0,0.655303392999653
0,0.434500594673945
0,0.20536173013563935
0,0.04262198672894171
0,0.18105214093433547
0,0.37232226698842347
0,0.2466447968071013
0,0.25267829325244195
0,0.21722469074135636
1,0.583448245634741
0,0.022338772000431543
0,0.425061598502987
0,0.15074040167514408
1,0.46201215403649887
0,0.26532106849898335
1,0.2935510250042459
0,0.07621438041488461
0,0.648064614086314
0,0.47042121264864356
0,0.23014898201265838
1,0.5080122300323374
1,0.7786470752996023
1,0.36296828225917765
0,0.032588010769411195
0,0.12605550974789628
0,0.6422299330555619
0,0.24267796311970807
0,0.2783022793654098
0,0.02924603238638827
1,0.6404673505797692
0,0.2376833966420008
0,0.29735870828906286
1,0.6323336927962416
0,0.25074573164433955
1,0.301721936208043
1,0.595039104955054
0,0.29024820784369504
0,0.2248468022869064
0,0.4463705968238346
0,0.3055227843031785
1,0.31819146539122545
1,0.2885269562231082
0,0.06322066868238287
0,0.4276829040214367
1,0.3874514048681259
1,0.5708753716604473
1,0.3753310129788236
0,0.32366912026570693
0,0.22718229787477082
0,0.18279118620907736
1,0.5623149149342656
0,0.20489037552033632
0,0.2834343194115011
1,0.5224132948286695
1,0.5182969146720218
0,0.8076223413237354
1,0.6414080193734295
0,0.4974696764354399
0,0.30106319585621727
0,0.3247793433683307
0,0.3857216334012009
0,0.04864730994481936
1,0.4851571337456774
1,0.39376868632280554
0,0.20677005004210605
0,0.5123112377594389
1,0.9519995651725294
1,0.8362133267323945
1,0.740013109229491
1,0.372193223391569
0,0.29443471677155797
1,0.7160727295063889
0,0.18156250749882802
0,0.21318083362236218
1,0.8630047906529952
1,0.012006214166615264
0,0.22769592869774286
0,0.19370016461183126
1,0.608355508858846
0,0.04148691373178062
0,0.26618960673830816
0,0.24575073935979586
1,0.8664334875177276
0,0.010448482017484561
1,0.6711208408714666
0,0.5818854473502623
1,0.22132772899644645
1,0.40410580473822305
1,0.18710213637561043
0,0.40230471163721265
1,0.05568964541466932
0,0.1496188425652219
0,0.3770265666111876
0,0.4448220742190248
0,0.20367955996645112
0,0.03269614265362905
1,0.911954086116377
0,0.014981736348938523
0,0.33038027110657664
0,0.013215381159797987
1,0.4915586739652843
1,0.5153853727803173
1,0.6590319008693648
0,0.02690642424934016
0,0.25424815949324214
0,0.3078270141228092
0,0.24863194897013252
0,0.25459768412662154
0,0.556444950235065
0,0.08337194794273696
0,0.2942784486896621
1,0.8665647437779355
0,0.10894136071325314
1,0.35286659243500673
0,0.2667981210756546
0,0.06793135096416905
0,0.024345687544996365
0,0.2089069699549226
0,0.0387160375201594
0,0.012388538432420918
1,0.5877163606181408
0,0.3425541507221264
0,0.18919225046083202
0,0.6557360818936945
0,0.3246360919765163
0,0.02310876140059473
0,0.32560123706764843
1,0.4514138381473111
0,0.03713243119408188
0,0.43135808285591254
1,0.8354647670608553
0,0.2902616491460674
0,0.35747767141062525
0,0.2757186637664083
1,0.7002172318154782
1,0.4683042251311451
0,0.2189857499623962
0,0.04910572603054166
0,0.6083825778646894
1,0.6756313421890786
1,0.48006342281818215
1,0.35057448304174926
0,0.12858363043154403
1,0.47243790775547795
0,0.3640205026619215
0,0.250707120161032
0,0.3851674096453717
1,0.7325209090192312
0,0.37931199461384024
0,0.20897019527953478
0,0.2542058462161967
0,0.00882301880977591
0,0.13861819757950886
0,0.38105457165679557
0,0.2751868978283138
1,0.4501705946615607
1,0.35043813696009524
0,0.21165031420210978
0,0.04893955254696258
0,0.5704309159361308
1,0.5615012431344093
0,0.24327682945437526
0,0.8610056690232761
0,0.3916983371384044
1,0.47252908129137
0,0.07800257228179523
1,0.35606127871032667
1,0.6049187669477224
0,0.33610719118378507
1,0.5290457628566982
1,0.8262460674353109
1,0.5315075596687089
1,0.46942838241675755
0,0.3717482286438129
1,0.6613613038804286
0,0.17912813764221647
0,0.24790694574934494
0,0.28470896968974196
0,0.24357344577215737
0,0.23418404715277757
1,0.5654589632179295
0,0.25755321051887387
0,0.01959287438656302
0,0.012538317286990154
0,0.20851588593851997
0,0.15084211713091533
0,0.00964963665420846
1,0.38066777244619354
1,0.6555907303827406
0,0.20738829803530723
0,0.49655105041505676
1,0.8288731618407468
0,0.6219253869952879
1,0.45717347029177635
0,0.43154096142888027
1,0.7054569202208483
0,0.010288595546003653
1,0.555631144818132
0,0.012427611893145991
0,0.1351088235098486
0,0.37722800001392737
1,0.3734861031576618
0,0.5385289511671242
0,0.2612569752920265
0,0.2915936149998562
1,0.5997853079016234
1,0.45428529796314354
1,0.5721428438924259
1,0.5004301512491548
1,0.6705390220405006
0,0.3506813087358294
0,0.009272741555187475
0,0.015329162477157014
0,0.2500063810639343
0,0.17417536561370411
0,0.5176913030511504
1,0.6740279398653832
1,0.589767723818755
0,0.5026953655866703
0,0.05793356855955144
0,0.30973033699203306
1,0.7164976659923415
0,0.23809592349499864
1,0.4204236126589065
0,0.31292926270948535
0,0.43860716833162217
1,0.6869248726682553
0,0.37486689039221416
0,0.10768432803906587
0,0.4930133636466177
0,0.3472424310473374
1,0.541403802307173
0,0.11539290806422318
0,0.23132259134550126
0,0.22464984533920088
0,0.3033382134475101
0,0.5550187522816835
0,0.25250817862534963
0,0.25555778284760966
0,0.08357813345080696
1,0.9155131797064374
1,0.57533103578517
1,0.6584638880847062
0,0.46136886188767096
0,0.5873551734320769
0,0.3928544068633517
0,0.15457738380240163
0,0.17965460250566506
0,0.014800586018331702
0,0.3849139698620332
1,0.3610239175374788
0,0.014618495871705842
1,0.527847952145053
0,0.3111785501771435
0,0.03260598657303684
1,0.5492473591496022
1,0.2973419041780676
0,0.023719608352088133
0,0.28925520709801744
0,0.07472717945153924
0,0.30072420774862585
0,0.5635483959137682
1,0.20775265264788995
1,0.44786694981432085
0,0.305767978910778
0,0.00649243894992535
0,0.18912830655398724
1,0.6932087811020373
1,0.33174556949973644
1,0.6907574641024788
0,0.3044033650936588
0,0.5674875137611853
1,0.6483028092170067
1,0.35674828491757304
0,0.2605845269163097
0,0.569822064301519
0,0.4529530174658102
0,0.010758639535298658
1,0.47274931299589
1,0.4222606814081801
0,0.3421023463371286
0,0.16203800980600722
1,0.35715620758683764
0,0.3345093946761373
0,0.06899648872155148
1,0.58988241128727
0,0.16545197497205363
1,0.5510570295960757
0,0.28480266513226377
0,0.08675179001382348
0,0.014492438949925348
0,0.47741791310007764
0,0.26268111480540257
0,0.30196934523721863
1,0.8084549800256853
1,0.912864354529609
0,0.0065089744501585275
0,0.18137823373665488
0,0.24153963397719935
0,0.31036768856925806
1,0.4606548068809554
0,0.445996336923003
1,0.212256023918779
0,0.37113592553405506
0,0.42552486393816064
0,0.5293487809587213
1,0.5645846853084479
0,0.042407070996854916
1,0.4180440870255105
0,0.17279393246645663
0,0.39273029079328337
1,0.4564836144568247
1,0.4316620294043026
0,0.33725001569544394
1,0.46725341388707375
0,0.20291200953580113
0,0.2403626600912219
0,0.057543805606957175
0,0.48932812767336853
0,0.01742463121643958
1,0.28133480516693904
1,0.6146592238230102
0,0.45114103578091025
1,0.5103415389483983
0,0.4278221490853088
1,0.5444367495769634
1,0.31678210323794964
1,0.2811976013355165
1,0.7384671596454616
1,0.48287078885071244
0,0.02278708373793593
0,0.1266570590182634
0,0.37929579765854143
1,0.28420834648859544
0,0.3733101047979689
1,0.5147239049930168
0,0.46692489106170126
1,0.5987250154670843
0,0.33060504967472354
1,0.23501891580641665
1,0.3726327068995322
1,0.2675155003101012
0,0.2789024671341432
1,0.719029549365838
0,0.09081949076790331
1,0.556039317140743
1,0.6876154610260494
0,0.2781619617283608
1,0.27131916822786034
1,0.38555358404622203
1,0.8281381300575937
0,0.22454991155035248
1,0.37866851995210504
0,0.13968297758434312
1,0.30821454005116034
0,0.3280734521999555
0,0.05152139652135613
0,0.23008493826383108
0,0.24588704035045528
0,0.055003328646159554
0,0.4153386947757441
0,0.3682565223526048
0,0.1638767439006374
1,0.7639916077787956
1,0.8488139941860083
1,0.665496767723456
0,0.01213241328552506
0,0.27830608711668725
0,0.4313406336631646
0,0.30330297782160065
1,0.3376521523054585
0,0.3692053937141572
0,0.01638828745366292
1,0.11183216006961404
1,0.7527070405299101
0,0.20769002694905253
0,0.48470654614722086
1,0.7339470241025017
0,0.2894450562988077
0,0.06429482685275675
1,0.5234264538744524
1,0.8464332838261235
0,0.13079819567359852
0,0.02633598860203632
0,0.33500149271908053
1,0.67687936987028
1,0.07769540997402498
1,0.23708884343022243
1,0.43064429026545253
1,0.3069516096193796
0,0.40301283613368816
0,0.25465320247125384
1,0.17797734768514079
1,0.7005587581670719
1,0.3101431484228205
0,0.27814826317220204
1,0.6892038920799872
0,0.22518460759082204
0,0.007165839623326023
0,0.25363197965085915
0,0.30483440140959167
0,0.21196423318099059
0,0.016144383555383685
1,0.5266633391991813
1,0.6753197263479964
0,0.16550711119839118
0,0.01260887090388404
1,0.3057689473268657
0,0.22524889565254966
1,0.8278127743953241
0,0.1410083853204511
0,0.015553771882333338
0,0.3248952107478329
0,0.6169098609607799
0,0.2905155545327233
0,0.42170268872216893
0,0.035142888708433795
0,0.21494742656696003
0,0.42522711200013336
1,0.6107095695582102
0,0.013271715782479099
0,0.28422880507408044
1,0.5377106819064255
0,0.2277306972062374
0,0.2859425171124131
0,0.2642667881187473
0,0.5596875339192873
0,0.032515009862812354
0,0.017281076695616782
1,0.490149134498603
0,0.010665476832496
0,0.21332064910932497
1,0.6386674653332438
1,0.36613791188896133
0,0.48079006136320673
1,0.3666656510034654
1,0.47237425512051195
0,0.03927694937089331
1,0.3795984276518217
0,0.04052824556836911
0,0.2196926573884654
0,0.44835988692509404
0,0.21746853709820796
1,0.8243228729944729
1,0.6896570761244772
1,0.445172618214513
0,0.06503246997452829
0,0.4080496939494049
0,0.5898289600812181
0,0.46447135418546875
0,0.5836661403164426
0,0.3784153246281695
0,0.34355266535908535
1,0.46981599655717493
1,0.6259471353299627
0,0.43252680055254916
0,0.03856431230644461
0,0.008114437379751262
1,0.3803348497644005
0,0.23934046591753577
0,0.027548036426294345
1,0.4956224975201709
0,0.009804481792328784
0,0.38823798209950605
0,0.3174431685015479
1,0.3658746038684087
0,0.03814832091166621
0,0.18395879473003188
0,0.009415689732078897
1,0.5550187522816835
