target,prediction
0,0.6422170466610148
0,0.00946317132291054
0,0.04402280918868828
0,0.1826589160327827
1,0.24368643786447197
0,0.23006684020502524
1,0.8407534996912641
0,0.002295914668763443
0,0.08619973098414307
0,0.015753130724745382
0,0.02290280216334398
0,0.0028571853861556465
1,0.20647849706746432
0,0.16815082363432632
1,0.8648711603384578
0,0.06187876433461384
0,0.018565076305531048
1,0.14859285301841654
0,0.010206679444640702
0,0.07248658292895431
0,0.1745930958731115
0,0.3620004229290798
0,0.053049295957469204
1,0.7213118052514098
0,0.03905535177754358
0,0.14787442762907754
0,0.014294617181295302
0,0.011937986196255952
0,0.0024490531693020794
1,0.8935590345084321
1,0.10839376899400213
1,0.7811432634124784
0,0.03812064359365916
0,0.0518499042728545
0,0.019334147627272754
1,0.8637202012413345
0,0.14784928406890943
0,0.005897662990045459
0,0.01311338364816137
1,0.9621225476747892
1,0.8329957166453995
1,0.9442551482215735
1,0.3444495517518975
0,0.06748874862338339
0,0.02275245195923826
0,0.007295574419749838
0,0.09929819833695859
0,0.09928575920109277
0,0.16016457692925895
0,0.3356379065215481
0,0.1336835899684784
0,0.25709598668045763
0,0.06781753031704578
0,0.06372010312481269
1,0.9021895311813567
0,0.008560987629009269
0,0.4684048671104417
0,0.3647594451675621
0,0.7341329695978929
0,0.0005642512203088256
0,0.011574303031878414
0,0.037959931307962415
1,0.9756016416798954
0,0.031096737289387607
1,0.8877595027318593
0,0.36678664710611336
1,0.9691315937799116
0,0.24156045950038244
0,0.03254265936853652
0,0.4450420287400499
1,0.8285480140990098
0,0.014970992759005323
0,0.018346408498070916
1,0.45257964932690037
0,0.0046250979047424865
0,0.12040783228525388
0,0.0025546222409824028
0,0.007194693925556777
0,0.016571179545785634
0,0.009410544302253913
0,0.04925428808840348
0,0.3052055007104064
0,0.040162758144059965
0,0.02262612430785622
0,0.0520243851925439
1,0.9365247368879364
0,0.007000931670853072
0,0.35948688259866907
0,0.016132485389357527
1,0.3131615032019058
1,0.9485139224501256
0,0.2630152736213128
0,0.025729364651927013
0,0.01250814799707525
1,0.8565965216934266
1,0.6825160998797667
1,0.05253083616661823
1,0.94512144482725
0,0.4789856017654035
0,0.13818619921054723
0,0.002516947530128028
1,0.9348674271989126
0,0.1277888047690947
0,0.007522748372897599
0,0.2822721114290233
0,0.6659933269905254
0,0.030783795877271643
0,0.7585782920843104
1,0.6153290376122359
1,0.5448067489790621
0,0.014434354641744298
0,0.03243399419832195
1,0.9604777783072587
1,0.03168447410594554
1,0.5684311335567016
0,0.016670994208992554
0,0.008733772672856964
1,0.01947990094167853
0,0.025159650783010915
1,0.5026706068585067
0,0.2522976579511032
0,0.09131735071689535
0,0.013649407332043688
0,0.016460742175837116
0,0.14156919899120038
0,0.20308122531252917
0,0.08263065422263077
0,0.007541216391226796
0,0.004021583935592762
0,0.489450855103599
0,0.012940361154969347
1,0.19690681011317107
0,0.033185069208568715
1,0.9831149428667773
1,0.8601808031774935
0,0.23196972004543454
0,0.014162599149950389
0,0.02849041463487304
0,0.0019994635773083135
0,0.06953580590334575
0,0.01695467371130541
0,0.05464210338089696
0,0.014580822853818365
0,0.008631526569309048
0,0.010011869063217807
0,0.09616237504834735
1,0.5899191906699892
0,0.7737534713030709
1,0.3133581798380454
1,0.9696720922410438
0,0.039288843008896866
0,0.08446149302419834
0,0.256836483507777
0,0.001975231804396779
0,0.052123575880784624
0,0.053388846345687496
0,0.042228631540755346
0,0.01372249462277341
0,0.0193475184875503
0,0.0472765417450062
1,0.9236894861622369
0,0.35033008217887057
1,0.843249628703984
0,0.1096059302404368
0,0.00767174859298351
1,0.18889188771784837
0,0.05530383386655903
0,0.004802288455867596
0,0.039679629624535695
0,0.006798023111247998
0,0.0006249326918274407
0,0.27582161419191314
0,0.030150861356343907
1,0.4375404053811507
0,0.27895971648962026
0,0.012781892951708148
1,0.8591323715732728
0,0.0015157643613397426
1,0.444371829197565
0,0.0008866235484187796
0,0.01153384465509692
0,0.005078810095966724
0,0.030272287685845466
1,0.8827405881669821
1,0.9949140016789181
0,0.02592803449305753
0,0.009496044169563025
0,0.004790798186125317
0,0.04415626546589698
0,0.031165523013329588
0,0.002893578708907247
0,0.00337892876350559
0,0.04374878337713976
0,0.0044191550487879165
1,0.7924823513210969
0,0.007220559508702758
1,0.9878834579657156
0,0.003808201229973558
0,0.008708125393970383
1,0.7709751668099017
0,0.033362556548426694
1,0.918490059788352
0,0.0005227325163025071
1,0.9154709941874153
0,0.07019193800800064
0,0.10585537231476798
0,0.035466999620097014
1,0.9484036056096301
1,0.8984804459674387
0,0.006783245233188491
0,0.07343059582491568
1,0.42465561086623016
0,0.0513203015238261
0,0.130329274401
0,0.01896779434822207
0,0.03270617333972167
0,0.06206395035690376
1,0.3639311115405043
0,0.0446445789503365
1,0.6417163997269014
0,0.27594157434882516
1,0.6271787569760744
0,0.02160619459570555
0,0.03926601575387167
0,0.32423109766040353
0,0.024082324711989907
0,0.06685664089715586
0,0.01588495395870008
0,0.027645150161946904
0,0.24426271791459117
0,0.12174265437720534
0,0.23202288123798093
0,0.3031541040789525
0,0.046053560281760206
1,0.9550645211042185
0,0.00950000518074835
1,0.9737494250248142
0,0.4108768236595394
0,0.03959743500177084
0,0.012214186223751276
0,0.023185912702310504
1,0.15300599395085582
1,0.9367118219558876
1,0.9045140466577561
0,0.006688313621266466
0,0.37807303024902306
0,0.003912755931516593
0,0.020360772683478044
0,0.005414616103986012
0,0.005196145627066984
0,0.0030875226077674302
0,0.024525053368711254
1,0.9274609701651304
0,0.005405193759322515
0,0.0096637161052624
0,0.02602436445035781
0,0.004415328315682517
0,0.2655739073496726
0,0.039164804157984734
0,0.09714409137718014
0,0.028400640783175442
1,0.9561072357499766
0,0.014355220453214962
0,0.12421730271273508
0,0.27057794958385933
0,0.08882349682571694
0,0.32344772255232096
0,0.010435008268409698
0,0.005600958478209472
0,0.001965768820336859
1,0.3619885701880688
0,0.017684700601054353
1,0.9704598478639358
1,0.8239689742767163
1,0.44926741695975303
1,0.09365856024984356
0,0.011824602698832114
0,0.00393546463336069
0,0.04613387279941494
0,0.0011920443617386776
0,0.0008307601021091843
0,0.007594844127264977
1,0.9824553005942953
1,0.9779073335690096
0,0.010327459168684477
0,0.6074476538322116
0,0.1401377834560736
1,0.9783364495955652
0,0.036000602753919045
1,0.3302957557444189
0,0.003828152795966259
1,0.9582768050742667
0,0.0023220058639157213
1,0.9867362642580063
0,0.08492483284509905
1,0.5288273345827815
0,0.11521552536075698
0,0.05957445369188207
0,0.003750019628247335
1,0.9313710781875706
0,0.09548319502747582
1,0.1973460258630315
0,0.036915350503871194
0,0.02832084218187911
0,0.31654475853885355
0,0.006604826350557609
0,0.008194223199712776
1,0.9494127083318841
1,0.7523581155670591
0,0.18807000578090483
0,0.022985737073348972
0,0.010111213373635254
1,0.9889676159249544
0,0.0021193928571883527
0,0.20270549993904594
1,0.2635919429565752
0,0.0098261874408916
0,0.02017232972269455
1,0.9847233700961744
0,0.08265115669992228
0,0.0006796726330737272
1,0.9809160556402462
1,0.9298584631462442
0,0.011917491405756753
1,0.8762540462912257
0,0.042437384407392864
0,0.00977847421412528
0,0.785808868100642
1,0.9470442872389269
0,0.005559406043330315
0,0.1000898436948395
0,0.029784344645572874
0,0.19927951888544723
0,0.012440313466415337
1,0.9670239434855237
1,0.995083694992736
0,0.08872685627649764
1,0.4960517843668681
0,0.01670796550151641
1,0.6086577922786076
0,0.0906698572108276
0,0.00725117155311516
1,0.8926926805633563
1,0.5807446774077953
0,0.024105762170376754
0,0.21722096759454856
0,0.11781542519699642
0,0.004226374717640973
0,0.2543102626041803
1,0.8316821271961072
0,0.02983748839737185
1,0.777277395364709
0,0.17617594574470014
0,0.09554812988061076
0,0.03703532664379025
0,0.0389913270222518
1,0.28619966916823975
1,0.7604487312173649
0,0.04131543881859612
1,0.8148550614305538
0,0.007141216789339687
1,0.7182003568058407
1,0.2919808971875512
0,0.2151502510510047
0,0.017440893608743412
0,0.008197400680775822
0,0.006434039267287996
0,0.009478234319200815
0,0.015790094390041143
0,0.02517519252785221
0,0.12443035773804846
1,0.975566471455887
0,0.033297090234135567
0,0.010432471563377595
0,0.467591326890253
0,0.014701602070045543
0,0.022526947301604726
0,0.02023254811671048
0,0.907745072183048
0,0.401352010630574
1,0.7602408767094627
1,0.9722511930814751
0,0.02363604074647653
0,0.06755612174259112
0,0.21440993943498476
0,0.06315970164157446
0,0.04530016060900267
0,0.07851250021883724
1,0.7296428608372785
1,0.8464539751620174
0,0.20637516104265238
1,0.050179345175361184
1,0.9078034536249926
0,0.42788823955289745
0,0.23299583321972558
0,0.01299201148940385
0,0.0190111977996419
0,0.015453213742493798
0,0.031168497301644664
1,0.39912239686896217
1,0.7288510905204714
0,0.1013250331644088
0,0.038317808100061926
0,0.02868468069790087
1,0.9552873104427279
1,0.9639732629135291
0,0.021428417261283715
0,0.19054046461857566
1,0.9078154395553708
0,0.0033164341986187096
0,0.00495440296478892
0,0.013679375485771542
0,0.23012590246153042
0,0.0005773987285459101
0,0.007798455217396246
1,0.789417625995524
0,0.6139850791929546
0,0.28975590876314067
1,0.9894956975312422
0,0.0699875098898369
0,0.16600563045781833
0,0.01990839373062652
0,0.5212870525727538
0,0.10285205982567655
1,0.8439389002272869
0,0.03687730599572175
1,0.8227909614535669
0,0.027150093531771325
0,0.12719794568833545
0,0.018005241625104234
0,0.017840994835315375
0,0.021306682263373254
0,0.01757528772215133
1,0.9189768972999435
0,0.030689761212907535
0,0.07267391839072875
0,0.007387188868930093
0,0.3670603625217391
1,0.8073603690240032
1,0.4532143133991258
0,0.05978875911245091
1,0.9368389646775105
1,0.8413623855805762
0,0.05271015857700844
1,0.8170057917061898
0,0.21092212759258439
0,0.07371716815586726
0,0.932445039655605
0,0.005810584159126081
0,0.00054792661945082
0,0.008330328956917009
0,0.006129281679745161
0,0.02492053159795968
1,0.9762945743462396
0,0.0009749328067587829
0,0.0314819644157458
1,0.1665364336178645
1,0.8656980601049107
1,0.788238946817865
0,0.20956223830357018
1,0.5304436352859478
0,0.03222445145691602
1,0.9916396267365215
0,0.05037365199702046
1,0.6927923027144183
0,0.005282555750070629
0,0.1459154013974686
0,0.022507533291228822
0,0.043651058100486584
0,0.05489882027879655
0,0.0012578758081872104
0,0.06905490529357207
0,0.004411895386701885
0,0.04412059021004205
0,0.04921451977418351
1,0.9845699378624297
0,0.021077821221639734
1,0.8159255496821701
1,0.9720105560318891
0,0.022000909341494172
0,0.0045052416566342115
0,0.04939232686456168
0,0.01726313541860654
0,0.015520320432377856
0,0.015187407931631213
0,0.019197913134889034
0,0.07334946289099595
0,0.011611821272362642
0,0.025193924534070915
0,0.007162486352899421
1,0.9423420607094463
1,0.08055446515981968
0,0.05260906129742481
0,0.046687946108082704
0,0.012844983891893999
1,0.7706489365271826
0,0.019545743141728147
0,0.0009113483314171308
0,0.16818585865689623
0,0.07083398506801437
0,0.0044414321448482
0,0.048716250800919146
1,0.2881786368577199
0,0.009836019561066658
1,0.9390169410901953
0,0.000364674039211573
0,0.0017518772764690237
1,0.6721376247739985
1,0.4844597284981691
1,0.9973749708519314
0,0.4657860139443287
0,0.037017262401490655
1,0.37877982467165194
1,0.6578950003685218
0,0.2327122837337553
0,0.006602988942341622
1,0.8748028898636154
0,0.014968534149910692
1,0.9800938988567854
1,0.8480861851237395
0,0.1051874017688888
0,0.2722112229297413
0,0.15246817497683227
0,0.01486815654221963
1,0.17509533269208796
0,0.022639829769360582
0,0.013887375851717542
0,0.05717341774038139
0,0.0337804270664251
1,0.2460526782632862
1,0.5184764974265931
0,0.030808114795590275
1,0.832774742851231
0,0.04239900198806757
0,0.04359061281765218
0,0.04951879803138584
0,0.07993867765607925
0,0.509772468544278
1,0.9121474752482325
0,0.03211468530706297
0,0.16147906112258112
0,0.006622212377478756
1,0.5011668277248403
0,0.023452614942497525
0,0.0729586759136861
0,0.008639508436018436
1,0.8708735559872004
0,0.17914257453281118
0,0.02760307908429796
0,0.0559323302153247
0,0.36452248878348
0,0.8187382104375936
0,0.051779845697780276
1,0.6829283572929529
1,0.47969218570893835
0,0.009784011128357507
0,0.6352100677183999
0,0.04004341339395681
0,0.272822990723173
0,0.1509006449193499
0,0.019038072506483122
0,0.0020966369921721103
0,0.4520571334413202
1,0.019912167122359527
0,0.03042549471709763
0,0.01875923985067078
0,0.015920472602209874
0,0.029659698146831077
0,0.02578756688470153
0,0.4202804818137221
0,0.34159404413018524
0,0.034813993762191874
0,0.8102016352602633
0,0.01113505700913166
0,0.4033789458641812
1,0.9383542136534634
0,0.011543838785655213
0,0.2305875759469618
0,0.1696430311218401
0,0.008652196969297494
0,0.020180089207825408
0,0.0135827411851464
1,0.9170606968380682
1,0.3312500171991857
0,0.05047343941491858
1,0.9376076502000499
0,0.0015831571275696894
0,0.1585857294359922
0,0.0033265393541445135
0,0.13363686601336913
0,0.02635442591569164
0,0.01195079519642112
0,0.01161740487543519
0,0.09961996611788951
1,0.9613511212298902
1,0.6744736668047758
0,0.006815604896137419
0,0.08636737810562435
1,0.9798580212715228
0,0.04377611293547582
0,0.0388352051103033
0,0.04318991322381572
1,0.6390218095712444
0,0.0830265653555279
0,0.004829229677771952
0,0.6736526757261142
0,0.013547169209103909
0,0.0035104464775904854
0,0.252378442175887
0,0.0008088161478132786
1,0.6063861361304721
0,0.017495370511865983
1,0.9963741806341644
0,0.9602402262698749
0,0.09079018267516778
0,0.4651503664997359
1,0.8226197768609
0,0.002490513074162461
1,0.47963459779030704
0,0.02301561341338208
0,0.03545498713139773
0,0.033727435055504136
0,0.06444873921686117
1,0.844447024859305
0,0.8449449000457117
0,0.00582177000170136
0,0.4053422785168579
0,0.005372188877279717
1,0.6221916539347044
0,0.021069697183890273
0,0.14178065811845314
1,0.7013152285062212
0,0.024272320116923103
0,0.07516882781167517
1,0.3792189463945135
0,0.032435555701474515
0,0.35829568423121805
0,0.01642747644736745
0,0.024460046182253923
1,0.642364165478693
0,0.058996396604595325
0,0.0699536872212365
0,0.8056567852460675
0,0.004803016127988718
0,0.5442100229289549
1,0.3466923966149557
1,0.7753561580195386
0,0.138784736484125
1,0.8683977881211391
1,0.8754229988316661
0,0.005968255220953463
0,0.17995671811908265
0,0.01080721925335403
0,0.01436405197907736
0,0.05038896455526508
0,0.0021217007157693962
1,0.8171949944812681
0,0.10008553636400619
1,0.6010553418209367
0,0.587631149038428
0,0.5280187516522002
0,0.002583738390631642
1,0.5584097978767035
0,0.0004432380404006086
0,0.03418351473960401
0,0.006734958244331442
1,0.9117611956439526
0,0.0014719135473359242
0,0.09164454202177133
1,0.8429124265883408
0,0.01561632058202154
1,0.9239936706308474
0,0.08115383295843893
0,0.012615179539700564
0,0.06079294527132104
0,0.02004569870016226
0,0.0018726610554208865
1,0.6103537399227048
0,0.429865063574916
1,0.8750847034156393
0,0.007194927192741314
0,0.7268602999924666
0,0.018257572526620344
1,0.5011668277248403
0,0.5620691615514044
0,0.10332378109249477
0,0.561522135058458
0,0.0047251467809486525
0,0.014706861027920865
0,0.011219720996075912
1,0.3242597525848442
0,0.12042033749821017
1,0.696773830500415
0,0.01807173979036291
1,0.8956683310719483
1,0.8629175874046383
0,0.034506633757725745
0,0.04896761473050161
0,0.1447233531456624
0,0.017654263466945357
1,0.9029635304241435
1,0.2778702008487154
0,0.012255950009491891
0,0.01818618979788731
0,0.00277489785356576
0,0.6658264407122064
0,0.005193354101509155
0,0.07465681052699168
0,0.0012957972316241827
0,0.03712325624860706
0,0.06434902065467063
0,0.5372804800928112
1,0.8001705900298239
1,0.3814587941223485
0,0.05467162549130813
0,0.03788607011420015
1,0.91731463973912
1,0.7027439754137048
0,0.008069749043110887
0,0.006337120760178253
1,0.5235734123371089
0,0.5234728088456558
0,0.12419503262227062
0,0.47696667374593305
1,0.9210774587318102
0,0.00249280416917571
1,0.823982742595413
1,0.9824787765911349
0,0.038964643400671815
0,0.5565402402199309
1,0.933201815564685
1,0.8187155269561138
1,0.983283051724151
0,0.09295469570858207
0,0.06988490006259371
1,0.7640620120852383
0,0.03567552859710488
1,0.4195912931756094
0,0.05407262738238487
1,0.4426671659879396
0,0.0777813996763692
1,0.16388761612850244
0,0.004999107109456791
0,0.2814527554927487
0,0.00600778074853963
0,0.05238611746178052
0,0.00013574283148857732
1,0.5952422979982874
0,0.00937707554143875
0,0.006421430872134675
0,0.008605578644434451
0,0.08419749804792803
0,0.0010230514588185316
0,0.1766861480464198
0,0.024946877212587384
0,0.12112052517983171
1,0.49496070049009433
1,0.39191557889494405
0,0.014391533065941459
1,0.9173536081187041
0,0.06045085673609013
0,0.08446999034356772
0,0.03222570909569103
0,0.048978638494813855
0,0.03049860076384192
0,0.0028480686843476662
0,0.003932307534250787
0,0.0025774618524801083
0,0.011952060853965165
0,0.6931435245321743
1,0.9483121971551048
1,0.12790639228032502
0,0.02483353802199368
1,0.5140083520333
0,0.09798471200213972
0,0.006680877879167275
0,0.014009851743760333
0,0.06629177987633951
1,0.9386171257404335
0,0.12311769898091347
0,0.020209041130764875
0,0.19096104433887068
1,0.9831323188424654
0,0.06971918190373919
0,0.027437559792762658
0,0.9490628870207194
1,0.825816687037691
0,0.14911449054210596
0,0.34164631578806404
0,0.0935823789845855
0,0.11625707158111535
1,0.5104567351991376
0,0.014706360645276185
0,0.001308032133037044
1,0.3034406343209941
1,0.5848103093415707
1,0.7018215612523439
0,0.4498672540436832
0,0.9345550387145521
1,0.9366152314876864
0,0.006530025138119423
1,0.8176588636255326
0,0.07190189002413874
0,0.07381264665177562
1,0.8555889265554439
0,0.8128214071429171
1,0.6971937734024094
0,0.11152018451941285
0,0.07158293742176923
1,0.72916719550825
0,0.0266775432936245
1,0.6112387593093431
0,0.011361234856432825
0,0.030583325354902092
0,0.021875530638774596
0,0.13901936645479052
0,0.005665136638942386
1,0.6086387533338256
0,0.10626196573523389
0,0.0016984394377095615
0,0.0029159068759933215
1,0.8164786014975194
1,0.8559118104789684
0,0.08150865805850825
0,0.00810678885442525
1,0.9738288839066633
0,0.043089117344006354
1,0.5750420666179122
0,0.019622695147319985
0,0.010643360301280044
0,0.0077689602276189195
0,0.07293167841895991
0,0.008764687105247845
0,0.4267383963053078
0,0.12358882052503381
1,0.9869685844213417
1,0.8974323102894763
0,0.29309048424169964
0,0.042306004880672765
0,0.04150611311883422
0,0.37880776809718064
0,0.0023208338808265354
0,0.038835469978733994
0,0.10874005102770531
0,0.014167312597268708
0,0.02668092085828686
0,0.023173897221477925
1,0.7210378480716733
1,0.34911165468443056
0,0.09323380163131918
1,0.8777363794971247
1,0.9260989344974927
0,0.5658668879261396
0,0.5768370109201414
1,0.9805717867731388
0,0.11820069066132616
0,0.009123764612956128
1,0.9316008468534613
0,0.011282714604067445
0,0.006393439687829747
0,0.3195690300043425
0,0.010794323622985097
1,0.010798223936187379
0,0.003371420997295618
0,0.013786118094787898
1,0.9597491359235292
0,0.010626766265187894
1,0.8258736862008876
0,0.00619762259059064
0,0.006601720338198929
0,0.008866542118165914
1,0.1453536947830094
0,0.030142006331736394
0,0.002503583067115222
0,0.003674607719807987
0,0.14761022794498832
0,0.020172515303196727
1,0.9080468335546172
1,0.9740037894425999
0,0.007499955674157566
0,0.0075541674689368924
0,0.08730644487154324
0,0.001183950604273925
0,0.030856984061454762
0,0.0721484053671793
1,0.9596330021090912
0,0.024996004669132474
0,0.40685859828590126
1,0.9864860901010281
0,0.002628613498000519
1,0.6647828754563541
0,0.09741958169922936
0,0.013797326357037992
0,0.4588465171841649
1,0.6186626240624068
0,0.08800374384520704
0,0.00571688531288919
1,0.6641232646884774
0,0.1726015390671713
1,0.9049767657744873
0,0.0460305724064167
0,0.012199360142355424
0,0.8268952832909632
0,0.011246803127775038
1,0.9597016267849356
0,0.06018514095986304
0,0.026772922491707
0,0.010669073657950189
1,0.3377250150174562
0,0.005120850228819832
0,0.4588425545580051
1,0.411871135700916
0,0.007159719370244644
0,0.12315331459456212
0,0.003993630889930478
0,0.24236815640118262
0,0.03697998383931836
1,0.9686068072533464
1,0.5848791194594526
0,0.011332973031101118
0,0.03926238010647849
0,0.004464022239835592
0,0.03784003575124618
0,0.023438804919191276
0,0.0031357030082402077
0,0.12340376659969657
0,0.029655815951749466
0,0.005669606092372254
0,0.009151583416416812
1,0.728962448563275
0,0.006835073005129422
0,0.2884061813811116
1,0.47395380361841566
1,0.9763403336587413
0,0.018377930768165265
1,0.9674061546649939
0,0.031379157118805664
0,0.0023717090043713085
1,0.8932322246933402
0,0.43023957288356723
1,0.6941351312858812
0,0.051542022599392036
0,0.01822769449527488
0,0.025011819946141704
0,0.046488666811293385
0,0.012796823117419885
0,0.03659075336639913
0,0.07242303019039094
0,0.021037877290502757
0,0.20862021121998806
0,0.049543191532356305
0,0.03670778284615119
0,0.8439271517116705
0,0.12026070087920009
1,0.9000878943574392
1,0.9489413334970617
0,0.725732307963261
1,0.24368643786447197
1,0.5610508285599294
1,0.048227672664806036
0,0.04624400870653323
0,0.1506245816931076
0,0.049977925075208395
0,0.5241099621255113
0,0.04027002856305159
0,0.7903227607862736
0,0.22764505016119613
0,0.11054682578547113
0,0.0772781003877416
0,0.31752162374841914
1,0.7431371607839269
0,0.04600684077564191
0,0.08990816635853782
0,0.042412877642667934
0,0.01676961505180147
0,0.10359724445180449
1,0.8022250722736188
0,0.0027718848827193543
1,0.9347041468863426
1,0.9815109177299987
0,0.03399759738127784
1,0.8994459812286116
0,0.021191251643755047
0,0.007198668560833184
1,0.5571925153096978
1,0.9007282006191201
1,0.815417026897192
1,0.9083753520647526
0,0.9546520228311501
1,0.652482020152786
0,0.004612265010577675
1,0.9204849349561267
0,0.007555965790311964
1,0.7147683005598637
0,0.17265424631471665
0,0.018664220158720962
0,0.10378904747093196
1,0.3384464831220586
0,0.018423445088104316
1,0.17582805729829015
0,0.004128116559465539
0,0.042332250346407196
1,0.9248348191123271
0,0.0019246020421108101
0,0.6904319624499907
1,0.7349051253591724
0,0.4212428456732279
1,0.5738406526369336
0,0.019787122234141964
0,0.06113867759326248
0,0.02918594609602411
0,0.021987984487503963
0,0.022578630414205134
1,0.12700766143175182
1,0.024229020518672727
1,0.8015547782118712
0,0.21148178477488894
0,0.3608060534217962
0,0.014818973275428355
0,0.020504531374459664
1,0.8555130370661282
0,0.02976436329929809
1,0.9410874761835396
0,0.003848317160281014
0,0.010607178645106526
1,0.33014694391038124
1,0.9862599998727335
1,0.9020404323132141
0,0.02802582629436855
0,0.04636842310708242
1,0.932293999690485
1,0.5773224593949348
0,0.14935165881337595
0,0.032516127659368274
0,0.02052730367052815
0,0.07199174182098164
0,0.42497907919532746
0,0.06777424376460596
0,0.01045489308916388
0,0.020288834522649766
0,0.16608915184228437
0,0.26509699631099465
1,0.21192769559224106
1,0.9647593901059758
0,0.0022552144670480692
0,0.005315124959484797
0,0.05553297729331564
0,0.05604747588695625
1,0.977455949209376
1,0.913457638982525
0,0.0060952488598909685
1,0.019413242097438624
0,0.018013431778091022
0,0.016050902687099855
0,0.10943043153031658
0,0.4417689490856203
1,0.8574792858695803
0,0.0008233100022410886
0,0.05773182216262403
0,0.13935463894868838
0,0.03030811168954477
1,0.6700736104084783
0,0.006125202096872941
1,0.2169174387407331
0,0.022388903754830748
1,0.671793347146991
0,0.010225468649224877
0,0.02478036894936658
0,0.08448388462110418
0,0.33188692910651507
0,0.10169212162709983
0,0.07651957578201159
1,0.7913884964168375
1,0.8564437043142366
0,0.052470330298384237
1,0.4775549124260048
0,0.016267667942437784
0,0.0006993334627773789
0,0.006094317446399631
0,0.015702233550278926
1,0.2023874472340421
0,0.0057300996887940745
1,0.9477315683448196
0,0.042559598269889
0,0.011486117433055656
0,0.1944849586487051
0,0.2564415223496407
0,0.16272029628904064
0,0.007182877987734415
0,0.0554255515427815
0,0.01921168893234375
0,0.20991257697087942
1,0.9577959225364263
0,0.05268626112195641
0,0.007513865188377178
1,0.8820479314757459
0,0.15841240187408406
0,0.010285367101931007
0,0.04095423772438926
0,0.03738653116878288
0,0.00858050462253413
0,0.03631897022779607
1,0.9116959992796194
0,0.009507562898449829
0,0.010673684836647275
1,0.4838534964191932
1,0.7484236493856897
0,0.06744689442747401
0,0.03510576667737906
0,0.0031488558735816878
0,0.03542714203905599
0,0.005491249929139495
0,0.18695232828877167
0,0.6168889209833159
0,0.020811990421455314
1,0.8789462011958546
0,0.15727541763937525
1,0.9267744090574558
0,0.3275546656503746
0,0.009468847783775632
0,0.05452429011587206
0,0.036667706554870845
1,0.4202855557135826
0,0.016453544317449425
0,0.37562463405957247
1,0.8801773346246723
0,0.016614930653273546
0,0.4980004070236148
0,0.013570863159186982
0,0.06576447411233653
1,0.36021202833925314
0,0.04432176814242208
1,0.11454287420134493
0,0.06140738708095723
1,0.27534115780200596
0,0.0020015178524679994
0,0.09767662195697392
0,0.008227967319265705
0,0.002680756412620261
0,0.004728821833772471
0,0.006323115523097359
0,0.10463684287601661
0,0.05600824273406581
0,0.05106266509254964
0,0.05068110088575261
0,0.022443852523807244
0,0.01772195002881465
0,0.04508131720369907
0,0.2403344941863903
0,0.02716824041295304
0,0.024485584507342308
0,0.6109712824221327
0,0.029313480742210143
0,0.03319209532332011
0,0.012135669776874799
0,0.006859215309494887
0,0.28697676469576944
0,0.029192201031649222
0,0.0027245580080138324
0,0.45412672537654447
0,0.04735750011817808
0,0.03864868850264756
0,0.01238471221876799
0,0.02219462705242943
0,0.3005937951988867
0,0.006510876155778058
0,0.010951686958141915
1,0.9748419352382919
0,0.49691783685702345
1,0.9911072447680127
1,0.0700650246690636
0,0.01803564272313342
0,0.01572008370198744
1,0.1460616839782523
0,0.030695784288722293
0,0.008271709608242722
0,0.6271787569760744
0,0.7147865519711977
0,0.005856192101963484
0,0.13845123338632118
1,0.9807216394635594
1,0.9745839064715391
0,0.03604898677819479
0,0.01198872678088884
0,0.12337888364900494
0,0.06886915877913027
0,0.3411432893755018
0,0.03467014406879121
0,0.913495797044442
0,0.0040183101604717286
0,0.46273953212988556
1,0.8689080452670039
0,0.024150632590912394
0,0.017917198612139463
0,0.014236399752524416
0,0.043521643311357855
1,0.11581065800272998
0,0.005381747198717623
0,0.015808992317253443
0,0.10252670802604653
1,0.870296484826258
0,0.07090606264523605
0,0.012881421719687166
0,0.005453622631074887
0,0.30095606335506386
0,0.343147852336639
0,0.3682598496857429
0,0.02786413235349861
0,0.474786007349623
1,0.9595755563168966
0,0.013802483340193638
1,0.9503781077057136
1,0.4188770941222351
0,0.018252943705818554
0,0.8944675835574328
0,0.09008986742893763
0,0.2912893011378568
0,0.06958657821655193
1,0.2078431383780772
1,0.013740884698031116
0,0.0661780828247495
0,0.05696280424143759
0,0.0032862785457212842
0,0.25265052129993365
0,0.002238554471404028
0,0.46936844310081116
0,0.05612816852467117
0,0.00864689412544475
0,0.0042298819482858435
0,0.25763739547947684
0,0.04574706785979418
1,0.5671301023923662
0,0.04118376045794054
0,0.009963182515372003
1,0.7472851510368724
0,0.16188637569069433
0,0.47741428056031165
0,0.09820809656716162
1,0.6300739251403974
1,0.8192776570788524
1,0.9685838631972357
1,0.9664154086293899
0,0.07808372935810366
0,0.0047208875290721715
0,0.048283050002887254
0,0.005710910827321848
0,0.46258535824845576
1,0.902666055682413
0,0.0033064323296529224
0,0.04597262940234552
1,0.9718542148975091
0,0.22541399908425716
1,0.4628004446976302
0,0.040082891130066474
0,0.10997300108934871
0,0.9039618070939152
0,0.008940776582879105
0,0.015941100165142684
1,0.5710133783804316
0,0.030306544165589706
0,0.002068735025633854
1,0.3460248435876093
0,0.047042430692661216
0,0.0035720133984450115
1,0.026095745761023467
1,0.9565725158106632
0,0.1697589042732649
0,0.01595505675239092
0,0.25568507165486765
0,0.4095887558748642
0,0.02740877262555489
0,0.0010378400202854245
1,0.8939458971220952
0,0.10813707488617665
0,0.0709786845192459
1,0.4779774376664369
0,0.017181568382060832
1,0.43281721732805334
0,0.2581567705702497
1,0.07149967706237993
1,0.5063414628302115
0,0.001464173019735191
0,0.08787298634352274
1,0.031626699139811115
1,0.8317868938098407
1,0.5944026680978911
0,0.05914997408267618
0,0.02739385531485919
0,0.058655988907246714
0,0.0007706445381984073
1,0.8852605584571694
0,0.8077816417798298
0,0.02217497859570865
1,0.9796696958290533
0,0.1976251671811464
0,0.2952582974441971
1,0.9515001122058057
0,0.0008357707993048612
0,0.009613492589857407
0,0.5212689547748287
1,0.06742947398882779
0,0.24678529397424176
1,0.13863669523150363
0,0.02016766031729553
0,0.031380647410590545
1,0.7696018065501578
0,0.21528832540953857
0,0.007070555397114051
0,0.12764995350127697
1,0.732619415588098
0,0.07343094083383152
0,0.09005067771233102
0,0.01747231845195432
1,0.13188414226648698
1,0.9188012448483309
0,0.022548654787820286
0,0.09490441530550273
0,0.03712325624860706
0,0.06443785781566888
0,0.13615251884945842
1,0.9658368583244291
0,0.15354416463433304
0,0.1945448497069441
0,0.3212689728204095
0,0.004499270999814111
0,0.14283779624621265
1,0.9676207193741907
1,0.12500269807487246
0,0.02404782764582033
0,0.032359921823695494
0,0.008215059503761146
0,0.8649237169043501
0,0.014405389194450906
0,0.10724434346667604
0,0.04669122147042846
0,0.8730046943204581
0,0.4782172855589219
1,0.8796310015932775
0,0.006634744002415354
1,0.8636795939128072
0,0.15953329810218797
0,0.4127852395683325
1,0.8006514326382684
0,0.002828949423253913
0,0.415465921673236
0,0.003744895191550861
0,0.006242850419768396
0,0.0656151711249923
0,0.05176199722265757
1,0.7474369240802239
1,0.9865777178335469
1,0.7704185711809162
1,0.876058675653002
0,0.1255083550826895
1,0.7478493784129742
0,0.014539048344162217
0,0.14592442959621035
1,0.014702525826635657
0,0.020760286083251003
0,0.010550287450813895
1,0.994810554235498
0,0.8490712800141189
0,0.07778547740912127
0,0.579019744320749
0,0.14271646390171028
0,0.01028948119810257
0,0.0078493772656173
0,0.004355535909681175
0,0.003758049290394207
1,0.7357130830461907
1,0.9808477324446482
0,0.276639895458244
0,0.010835945818767598
1,0.07540501063934237
0,0.01741429874427369
1,0.4364186387544775
0,0.0733497711135527
0,0.00900818047260434
0,0.38343827172666844
1,0.8900095069239995
1,0.9693568968043708
0,0.0336008370395437
1,0.9509930367622688
0,0.0029030913211870943
1,0.18027884335479213
0,0.7294431568886366
1,0.8644866832949675
1,0.9888718434250809
0,0.05754026313701
1,0.9380691156837466
0,0.017423812281919103
0,0.027413188469454754
0,0.022278645600714627
0,0.04237394722339826
0,0.004535134663807552
0,0.01214798384416678
0,0.0320445569636116
1,0.8113158646008023
0,0.046563697732795145
1,0.9400766386743776
0,0.01579621389316199
0,0.20338153649767432
0,0.3024743897345153
0,0.009083158122731172
0,0.017561330809852206
0,0.10575551988842348
0,0.9901182201006259
0,0.015458446414448756
0,0.755981703137798
0,0.08245494592574693
0,0.0900817511571241
0,0.019681383346553366
0,0.07759135908302994
0,0.060555655229632493
1,0.7443540791648636
1,0.4429476933223322
0,0.22523351958456359
0,0.0306671220858097
0,0.00226973232062627
0,0.004989745235527283
0,0.013555079695642888
1,0.5799957795176341
1,0.5258347300452485
0,0.006410747112298856
0,0.009934991910134852
1,0.5255989985087778
0,0.08136674864291968
0,0.010574544058198734
0,0.08035474355473446
1,0.9315907189419678
1,0.8833020493125664
0,0.006679503040820449
1,0.7641488922354237
0,0.024206778349016675
1,0.017480999034054458
0,0.04535263101451932
0,0.15196660694780229
0,0.005415513315494627
0,0.2702326539492407
0,0.06258028631897103
0,0.020182012478745966
0,0.008282149510148157
0,0.018466981484822412
0,0.009078425991273006
0,0.0027060891669350713
0,0.018157363819374703
0,0.012487718891466347
1,0.9025166144782152
0,0.02149318920714457
1,0.9403950920410253
0,0.03715440044571774
1,0.02614855976178276
1,0.19594515485969471
1,0.9522875120806329
0,0.06373184289120898
0,0.016796446244735527
1,0.9196042946300409
0,0.02685487385775987
0,0.035351558381439885
0,0.03569573241569917
0,0.0027648104543826347
0,0.004235014374609114
0,0.7000474739754149
0,0.07398260847586582
0,0.028346556665957114
0,0.009488934504302785
1,0.9382095580294163
0,0.008330669941460521
0,0.03919964615970682
1,0.5726550011604862
0,0.026006015778047904
1,0.8116259732126991
0,0.021626896769852806
0,0.20377998395784244
0,0.023838798207741724
1,0.141798788642874
1,0.20040271300025916
0,0.9214026808696963
1,0.01802941594946106
0,0.3654441725446564
1,0.7366890392713014
0,0.06719191580728325
0,0.022682680237028904
0,0.02830777905851961
0,0.6070632485437174
1,0.9724753604682226
0,0.043044155041668634
0,0.012049374910027617
1,0.4673694854320094
0,0.0020535608401113094
0,0.007369036914324739
1,0.1509190847894448
0,0.05834780728329891
0,0.047418572252141536
0,0.29985770730043637
1,0.9175718798123313
1,0.825597417533625
0,0.05391624821187359
1,0.9138866142512115
0,0.044591939643323426
0,0.37335272145617104
0,0.02212267689628745
0,0.010356499128998716
0,0.792476116287181
0,0.03582055381484151
0,0.04254412482224534
0,0.03744769292832254
1,0.9129212620848227
1,0.6227474089298
0,0.002676086982203694
0,0.006003382120391017
0,0.008928814759968132
0,0.6533940582590269
1,0.6067187738469887
0,0.0847856371594394
0,0.0013548573165995752
0,0.04816113905624306
0,0.02293820880950086
0,0.05007999304405556
0,0.008389325912474896
1,0.009637712298654845
1,0.9636588401547177
0,0.007194693925556777
1,0.9509209141230319
1,0.9143851311971368
1,0.974347584121465
0,0.035571923626496894
0,0.011666075513664182
0,0.008264148297288899
0,0.7969793138275558
1,0.5015591963993528
1,0.37431483928701104
0,0.010859048969461405
1,0.3383312088243975
0,0.033485294220561325
1,0.2621944408217016
0,0.016695911846111636
0,0.13778609902206468
0,0.784340542189722
0,0.2822035471653669
0,0.04317003600266802
0,0.2452775692613656
1,0.9478902065767305
0,0.007251136762731272
0,0.0008310855089359839
0,0.03825859304113837
0,0.007812632590873414
0,0.04961486708048641
0,0.007083112882180626
0,0.07472640350072052
0,0.0026212834083877323
0,0.0314754030087145
1,0.8182302706263698
0,0.007876368331723442
1,0.8989624766949327
0,0.04089078197187983
0,0.01850813969644626
1,0.5884827998531448
1,0.6912119200168556
0,0.06332156135625013
1,0.007236359081375172
0,0.012633153744403571
0,0.06517049946637571
0,0.4381898947476182
0,0.007998480656189445
0,0.025546997239475264
0,0.025240743597651983
1,0.1834339411133703
0,0.6917216772985262
1,0.35891769542347396
1,0.40272259932921134
1,0.652021788396792
0,0.09324123136869165
0,0.8245063134834572
0,0.007642368858422396
1,0.665212173546828
0,0.037318136373623585
0,0.04274267106518236
0,0.017646074401279965
0,0.023368172697264458
1,0.935018532321362
1,0.8597624281174472
0,0.09248923386945598
0,0.006435808963898936
0,0.011797656880835925
0,0.015327243841611462
0,0.018627472772331215
0,0.020028232079850723
0,0.032294721154889294
1,0.9137261215382035
0,0.070691386311767
0,0.028565903493185767
1,0.7211169837834298
0,0.0017493342528318967
1,0.6456476896740104
0,0.02467133993353738
0,0.7850454286727807
1,0.8209416972091319
0,0.05757823495239543
0,0.24293898664913316
0,0.015380412802287817
0,0.1262536024436134
0,0.011782823130702712
0,0.005578704732190855
0,0.012913856039621368
0,0.03907785727136984
0,0.02636388251951234
1,0.9640914122469674
0,0.007210625173407359
1,0.9845892589521266
0,0.024030438526295394
0,0.023398465426428493
0,0.02262534190594965
0,0.028309906262464633
0,0.025749701397267292
0,0.005374022547367795
0,0.025916508213581033
0,0.07880384932508276
0,0.9402983633881976
0,0.05148786527740337
1,0.9785015828629533
0,0.12380022806755114
0,0.0017446571093939387
0,0.010975709983111991
0,0.027239387543130034
0,0.8471877458285741
0,0.3166547571419433
0,0.024038222815636938
0,0.024611300249100562
0,0.007184346886973942
0,0.030561237476624186
1,0.6309275910261528
1,0.6837191082544601
0,0.012627591012453107
1,0.45969203586451945
0,0.020192001954848087
1,0.8359619093262078
1,0.7775080624144919
0,0.029398500484511595
0,0.037487093809791684
1,0.9663545204724513
0,0.002324518487914381
1,0.8714406701563502
0,0.5090136793127933
0,0.030345061179688125
0,0.1738125873845572
0,0.826922784573644
0,0.0459519799474291
0,0.03147536135093779
0,0.008654661944561397
0,0.04997412587664381
1,0.9424066185266613
0,0.2582858451947488
0,0.8263767172381868
1,0.254729069393823
0,0.048952115973325834
1,0.1750847603341296
0,0.0033064323296529224
0,0.009367985658234334
1,0.6815969671439964
0,0.026211988831419435
0,0.10493554675675897
0,0.6161172311924314
0,0.010419403948001602
0,0.0571983107259293
1,0.9165854236706514
1,0.4960592258325589
1,0.6390281987742356
1,0.8041961980483144
1,0.9057272804395574
0,0.22072705728939346
1,0.8145307890509967
0,0.011449588717830547
1,0.8948845626359655
0,0.6545539301178804
1,0.9348663554722925
1,0.5650412421250843
1,0.8506187701179823
0,0.10675428022623834
1,0.5163590610295751
1,0.38790790204185677
1,0.7243387444355384
1,0.4660285509403418
0,0.04482315026631177
0,0.12775608136164138
0,0.042320973984136166
0,0.022883402532975574
0,0.05892620838472065
0,0.0007798291995248314
0,0.07457433439278624
0,0.1292087178751704
1,0.6136013960344542
0,0.003118226432254849
1,0.181036370885398
0,0.006265410084090656
1,0.9060204022579859
0,0.032865565550193515
0,0.5380229952124378
0,0.6629932093829487
0,0.4860919042968444
0,0.11653721403335328
1,0.9816789794882956
1,0.665688461593966
1,0.9282286503341064
1,0.8064876799462126
0,0.05893871707223126
0,0.24420093932012718
0,0.010998870296363698
1,0.9697770844542413
0,0.024430582880061225
1,0.20739438176561617
1,0.741486277318128
1,0.4011518692000356
1,0.9107465741566408
1,0.8714986125850755
1,0.8602229201304131
1,0.9804430627363433
0,0.007914134033209591
0,0.1524173223451242
1,0.4064067762334278
0,0.03262090956338692
0,0.3305628376669197
0,0.04270882582888359
0,0.060838281440460995
0,0.07587722273934429
0,0.019703381548521484
0,0.040561366551127846
0,0.030257789651889223
0,0.011965499767949025
0,0.005513764377594208
1,0.3258865464897639
1,0.937317090314818
0,0.10037776306679706
0,0.007600405156267539
1,0.9076498941580188
0,0.18746306655576456
1,0.027193879359528102
0,0.008811720096413973
0,0.02915731458898769
1,0.8846484552716586
0,0.009712866298919706
0,0.16223652448447615
1,0.10490504690437572
0,0.019930322521186004
0,0.015489548457645795
0,0.0009016333510868049
0,0.15192269893332666
1,0.8581368406274151
1,0.10856537414950326
0,0.01204434222785375
1,0.9584209841333019
0,0.005748345824745903
0,0.030545572030728923
1,0.031770684252911206
0,0.03208490422257685
0,0.0008165489445288387
0,0.3569162220862114
0,0.010875044347702527
0,0.04342991827319949
0,0.5020813294820731
0,0.20930459329592557
0,0.00595644248182897
1,0.7622981620981149
1,0.7867885901836598
1,0.6630278722299798
0,0.141572550440621
0,0.02655506468363061
0,0.0286154197299379
0,0.01121774001166207
1,0.7615206387311785
0,0.03644946280141869
1,0.78510381347187
1,0.9668869011224369
0,0.018875983898857356
0,0.003156898359663502
0,0.3210887462478944
0,0.042019952730626184
0,0.000335404354326326
0,0.0349194622358789
1,0.9109260185268521
0,0.06870111277881734
0,0.09131735071689535
1,0.8590847932935782
0,0.05292982411187356
0,0.001799099535690393
1,0.982399820523291
0,0.09976717154338928
0,0.5993064002556263
0,0.706768960634517
0,0.014791585916282775
0,0.02012645467553379
0,0.02920381502063037
1,0.9384221665511544
0,0.04648887801996701
1,0.9631322164617333
0,0.01084663734100326
0,0.01477282632951391
1,0.09767553346455574
1,0.9633495175258595
1,0.9754264640694871
1,0.9131307656360583
0,0.009557377063863448
0,0.02872246090030079
0,0.001570524738760725
0,0.0042701454466092265
0,0.04719138344065572
0,0.009211345131318778
0,0.006616966632350671
1,0.9761087515623625
0,0.0032700290342729346
0,0.004432380800232249
0,0.12768709034392836
1,0.9790206814756528
0,0.0568651550676624
0,0.02945014028353503
0,0.007564683408165159
0,0.0789125340131771
0,0.26216805982009456
0,0.010167423581494502
0,0.18917097853993436
0,0.006018610488242688
0,0.031399836274323537
0,0.5070187889056587
1,0.9176622701047354
0,0.6934196330463491
0,0.07133196738149152
1,0.9610293354108493
0,0.028507820347087612
1,0.8163071770088577
1,0.39775347859575794
1,0.8853073595381137
0,0.35439540717890744
1,0.9309299062422135
0,0.02990321699280528
0,0.029159288985795204
0,0.05387160344655017
0,0.029623986699179563
0,0.7344635069856295
0,0.01955321670747642
0,0.3067677096215866
0,0.2859278532003601
0,0.003757825605569142
1,0.9658107460104467
0,0.3877717380547668
0,0.13430070243816472
1,0.14616569883440184
1,0.017291829928365685
0,0.004168719757022626
0,0.0488503256752987
0,0.11932126881439808
0,0.02861655797813855
0,0.012260279598433288
0,0.03508350220982238
0,0.0584342006174323
0,0.01013883983210236
0,0.534541646817869
0,0.030220571932237025
0,0.008949809659930596
0,0.0027551195313053637
0,0.08082088970120907
0,0.868032456858485
0,0.020349238985781497
0,0.6484048018879162
0,0.010991594241470714
0,0.526318915543316
0,0.006462443373470081
1,0.9599525584769963
1,0.09377741235195
0,0.17519959818722683
0,0.001004237592722262
1,0.7420648062680907
0,0.39118779115884633
0,0.02282509071615739
1,0.42759681807197997
0,0.031344061012838896
0,0.006253234943859619
1,0.2270931404772914
0,0.034900660803057315
0,0.10960869894232346
0,0.021422628775811796
0,0.007389658005832168
1,0.9187741645146816
0,0.3687552506142606
0,0.14825367263061817
0,0.01621156765002835
0,0.050751997514525284
0,0.23887367842671411
0,0.4875855729466439
0,0.16526774551173595
1,0.9845278388755332
0,0.009766651756688347
0,0.03025228825189977
1,0.9615743300541393
0,0.18006816680275714
0,0.021204161013859132
0,0.28355370495503135
0,0.01746776175462791
1,0.640864176843476
0,0.016905847239071157
0,0.008935347785251721
1,0.5087120801094906
0,0.514829176456029
1,0.7431970869513121
0,0.013860772043549232
0,0.06397492535838953
0,0.760269032736242
0,0.008267677326577067
0,0.04379194530909094
0,0.004219277484340064
1,0.711446740503286
0,0.025831623642167404
0,0.011158860107607183
1,0.9095267854571832
1,0.6216700709390804
0,0.011878045584073958
0,0.0010472468223286181
0,0.015472529627033299
1,0.8950059601263679
0,0.110282036090441
1,0.506490167702918
1,0.47630103562807546
0,0.038260400584150325
0,0.29612703876245283
0,0.0637952878978388
0,0.3502884880055965
0,0.0058953513639314
1,0.9132999637363636
1,0.94413891162079
0,0.007256516336955289
1,0.11012547322570443
1,0.14761022794498832
0,0.016194351989441448
1,0.4779601385251261
0,0.00208161627661979
0,0.8737272298361292
0,0.2925377134169834
0,0.011196424024997669
0,0.6025763895294484
0,0.16961692902023098
0,0.024788738103301018
0,0.9095655383590107
1,0.28509231310976985
0,0.0769962644704795
0,0.27969175060919527
0,0.3031832229969609
0,0.5074486152183629
1,0.6696455973665983
1,0.8977101826083335
0,0.046381624539658196
1,0.7389030136079716
0,0.016206636828048508
0,0.01590984499705981
0,0.07045881372315574
1,0.6378303697075527
0,0.006777583001920006
0,0.0022083218275355337
0,0.0070692385847637386
1,0.5433327498144187
0,0.06187876433461384
1,0.8724893675346047
1,0.16898499240468964
0,0.0372728182234524
1,0.32762689770559494
0,0.023062999836590003
0,0.008484607625460694
0,0.04618270662031682
0,0.01238644066703253
1,0.5836935140187948
0,0.8221212881706703
0,0.14484863845336643
1,0.9435328562608275
1,0.9880165979378646
0,0.041221773011849185
0,0.08757255855474333
1,0.04765857251026745
0,0.04562486886477478
0,0.0291165578438709
0,0.0332382192234603
0,0.5954616041007912
1,0.9255153020835062
1,0.6254450392456992
0,0.5689512075230805
0,0.25068148746567925
0,0.023346919506444002
0,0.044417338317292686
0,0.046730227517858595
0,0.2642790671767751
0,0.0022599000513260333
0,0.007141306218163581
1,0.9820072918315313
1,0.9190308956396623
1,0.9358900801627296
0,0.05103992335239118
0,0.029948567090584157
0,0.005790764095511024
0,0.32704273076456497
0,0.06352885639000994
0,0.0021809881575558404
0,0.00899385104975145
1,0.2616035762407645
1,0.6470912810960997
1,0.7332422229826976
0,0.027891436813719056
0,0.2321098761808728
0,0.05445106889886431
0,0.023190190981602868
0,0.3411208638617669
0,0.02503378456612979
0,0.006242355520553257
0,0.009649995195117517
0,0.02287280082245317
0,0.004462625263732299
0,0.00959325919619465
0,0.06493104818052707
1,0.5401515464295897
0,0.8534016215813494
1,0.8743668316200739
0,0.14778135137981685
0,0.016468455966513855
1,0.98334781683676
0,0.009140672521369552
1,0.12598615896865573
0,0.023481219721536398
0,0.055683209031157026
0,0.9282536542847649
0,0.05375920158388492
1,0.48858626258659016
1,0.9269956241203671
0,0.10052799041564323
0,0.006080589677578988
0,0.12702276608779767
0,0.17599204430579812
0,0.004838714565485604
0,0.025525713096598453
1,0.40262368741977367
0,0.019201620591317956
1,0.9284418704172934
0,0.5881634773945149
1,0.9567640259769302
0,0.021799389921565344
0,0.07267189962144506
0,0.05084416754853166
0,0.01594382338937877
1,0.7794488046744029
1,0.8609534729628121
1,0.6816013701062923
1,0.622402220494854
0,0.014869254572233618
0,0.04205706199650278
0,0.006247828304163385
1,0.677821915032693
0,0.02127708014253509
0,0.008913550360032448
0,0.3811284282089105
0,0.11827967448128601
0,0.8966089056048805
1,0.46690686766341877
0,0.23383890404998242
1,0.943769494569842
0,0.07442442965909556
0,0.01619564061817076
1,0.004794883525751841
0,0.05489941180542215
0,0.007044723789327817
1,0.9075744142969708
0,0.005126040197629173
0,0.007709724106605332
1,0.6994384999840987
0,0.051447683434385404
0,0.03206457552015803
0,0.048974976453629575
1,0.9487638910942999
0,0.18747888309487995
1,0.9477023611977725
0,0.003178776160633397
0,0.018688934716653532
0,0.009155423429569544
0,0.007534994399922641
0,0.19278513568466915
0,0.2404554599323866
0,0.032536303228218974
0,0.011947524631349104
0,0.008902072542475489
0,0.011811396237656714
0,0.020515840271586067
1,0.10521079250002421
0,0.35750741990570034
0,0.0019821653297803373
0,0.0012599468168899774
1,0.028851247320753934
1,0.9418040026972907
0,0.052912126637626004
0,0.10159742091683863
1,0.37047253148615106
0,0.016607357647432517
1,0.6693368633379776
0,0.0042051866160838424
0,0.0012563757121361817
0,0.05120304953077592
1,0.93115132106911
0,0.01836025946265511
1,0.46029722309097204
0,0.6312542714168389
1,0.9365413497534638
0,0.012147342655581036
0,0.04549152527480377
0,0.00900331289982685
0,0.0003739827875073387
0,0.004852753074069555
1,0.8097230264570896
1,0.8657140648887388
0,0.08862847255613476
0,0.05015281424759379
1,0.8889623688924093
0,0.34667579412394195
1,0.8818618471274297
0,0.008394345069609071
0,0.017133380988135213
1,0.4587667518128507
0,0.0019119562948086495
0,0.03654372399258719
0,0.826901819450527
0,0.5807446774077953
1,0.03155317730168536
1,0.03839219421856799
0,0.0019456396510232246
0,0.021895338155111146
0,0.0014084999788703252
0,0.07813737286907013
1,0.5215013030281712
0,0.0026361035523985994
0,0.015096693769375747
1,0.9927249830484852
0,0.1010555845392764
1,0.6837885533797091
1,0.976002831276085
0,0.014774336179478782
0,0.009446947492018694
0,0.018097534898244366
0,0.13274426588695673
0,0.004918695272372839
1,0.6202817169384878
0,0.05715372905230955
1,0.5383364245133031
0,0.024485584507342308
0,0.042227260193477514
0,0.0046774936105043
1,0.3757828818434103
0,0.5768588202924624
0,0.059895391671769334
0,0.00603959279593642
0,0.12515962785739695
1,0.9391610972851172
1,0.886874599443276
0,0.00333812493558007
1,0.9867811921439572
0,0.01870842241183671
0,0.008090463817782943
1,0.9717605759638904
0,0.046465528215116084
0,0.07349134093712922
1,0.9541636495755198
1,0.8669913305420174
0,0.010598558240797577
0,0.005507247601185618
0,0.06320400479533773
1,0.8578956737433849
0,0.036900788356218024
1,0.033409198380483646
0,0.004362322629238275
0,0.02204798650107344
0,0.006780832723414166
0,0.0663698979257765
1,0.9765326513416224
0,0.7691539762992219
0,0.009801748014606003
0,0.0035769437317665635
0,0.13909289374834238
0,0.1622400140707567
0,0.03068239370065328
1,0.8243548504206749
0,0.0132296448840258
0,0.006001226666193587
1,0.7531358574170961
0,0.006524488814640406
0,0.01630997884912582
0,0.022821064066784674
0,0.9351899961028607
0,0.006601803530519047
0,0.004432380800232249
0,0.030046533268166364
0,0.0025690811267588603
1,0.9122627283089998
0,0.006229402328894836
0,0.29085393389188896
1,0.9728724999554611
0,0.0802941687809126
0,0.2166949934827041
0,0.08595220730797695
0,0.05568933483291457
0,0.19007476097207754
1,0.904699382456329
1,0.00971046578371063
0,0.06266063747124752
1,0.6142364771693324
1,0.7210843466883942
1,0.7797184849653469
0,0.01568337855636428
1,0.9739803160991123
0,0.005085986281722844
0,0.11078318108542307
0,0.09836394237835093
0,0.22897591513921778
0,0.05089231965025993
0,0.0739418700674971
0,0.08102023436001611
0,0.03390093891971943
1,0.648089015364569
0,0.05826337993884069
0,0.0018277318747399415
0,0.24594407900562132
1,0.9273304241017641
0,0.0035129075000864983
0,0.005344739261376987
0,0.011014063186118202
0,0.09765150830837409
0,0.017066555705367463
0,0.0027846824025466463
1,0.9642874402539998
1,0.6650678683440107
0,0.026660507503176948
1,0.9878997593252276
0,0.09651929778613635
0,0.0023376519425146276
0,0.03168657216149139
0,0.03440093334636452
1,0.8068016394937584
0,0.02846714889361125
0,0.34989863799258664
1,0.993251343116025
0,0.029068168108976312
1,0.8036960326037128
0,0.0032360920993941664
0,0.07469492487437915
0,0.00541267491969535
1,0.9817616946826999
1,0.9517098382010428
0,0.24410068130579754
0,0.2811679404637453
1,0.9130058760013221
0,0.028284000559132935
1,0.8984641218092448
0,0.18990722938592586
0,0.13793298476889132
1,0.8997294409212253
0,0.06981994571137888
0,0.013885183122316376
0,0.04899648282450629
0,0.07751048853832815
1,0.8030282648762307
0,0.08597331957061813
1,0.11798331920009812
0,0.034301444098800024
0,0.04849391326898942
0,0.0017274509449245533
0,0.032498713284680084
0,0.03184049455466277
0,0.012320017250398607
0,0.07472351113482968
0,0.7667606639673975
1,0.6313769706817837
0,0.013340996770102653
0,0.006675283840630283
0,0.07527565688433811
0,0.01283266455336564
0,0.05200611753906995
0,0.004014253986290225
0,0.016980464030281125
0,0.08218605976234009
0,0.10962296317386344
0,0.010035890390887555
0,0.1014980558309736
1,0.9642870518010668
0,0.6112727041179526
0,0.021414468091722857
0,0.024681261157144196
1,0.008874061301148492
0,0.014072669294313297
1,0.011757373277195905
0,0.020933436830348595
0,0.006055748127478911
0,0.008726440042256804
1,0.9954563643412585
0,0.5049776215343643
1,0.9367303926329281
1,0.5312444297613539
0,0.040780484843397594
1,0.9821675861158096
0,0.0400225199154031
1,0.9790859038596872
0,0.09774158311401318
0,0.03580865331742833
1,0.914957718675863
0,0.07033188300564051
0,0.03045169560224626
0,0.05259800578503478
0,0.06299270453670192
0,0.0136927591228976
0,0.0038728856380526883
1,0.5658707160729074
0,0.061965919541852474
1,0.7683395406118625
0,0.052749717463702585
1,0.3287862129214218
0,0.0006850580437384961
0,0.02532749289349461
1,0.9848947573455198
0,0.06247583847533099
0,0.20790307024672308
0,0.01869447143316164
0,0.028972714915965675
0,0.006383858148505255
1,0.9751566207569659
1,0.9941374914899962
0,0.21435755979758453
1,0.6420374288412729
0,0.007839994066367349
1,0.02931806885565715
1,0.22286268913371515
0,0.10339472732397156
1,0.14356845826842599
0,0.051026696905463936
0,0.2586465050586461
1,0.8992225041247366
0,0.0012466520201377346
0,0.5694111857831328
1,0.9037074262751534
0,0.648860337654941
0,0.0023799044416135686
1,0.8472347360757931
1,0.9854010449370941
0,0.00824421859559277
0,0.003567082194001549
0,0.08638133312239403
0,0.031780866518651245
0,0.10033599799566953
0,0.00364089536296808
0,0.01202905809431509
0,0.003415054838145477
1,0.8096752881363066
0,0.016857917066260088
0,0.02453515869232537
0,0.6243901871296711
0,0.009614125550298855
1,0.9653019366038412
1,0.8941384930496252
1,0.26459225821946514
0,0.007272473109100659
0,0.019819000405161314
0,0.0043510209372975275
0,0.032302100172502506
0,0.07496838362184266
0,0.8247087938893961
1,0.3355525838586779
0,0.16921285497778624
0,0.016644033372043062
0,0.018075664487369813
0,0.0014716938360923915
0,0.2227306969655036
0,0.054132992849513735
1,0.99149107893873
1,0.22595531565383628
0,0.11836846876612658
0,0.03993141099955928
1,0.9408476981701457
0,0.015967331594008215
0,0.07039769774071251
0,0.006357156402084515
0,0.0049832896737268765
0,0.024973566222667335
0,0.03814887490787319
0,0.00155266495131168
0,0.0549728083593288
0,0.014883971130762366
0,0.12568656605069495
0,0.04001421084566129
0,0.0679582638898313
0,0.8701212767486566
0,0.07210398655774816
0,0.000491036558328905
0,0.01160503606447129
0,0.2803608011577841
0,0.014674140532489926
1,0.9659709964444694
0,0.06725983511749499
0,0.49917957763877746
1,0.8047819811431343
0,0.17754452762582268
1,0.40604742063711907
1,0.954314459001921
1,0.746193597504608
0,0.00030741150494045474
1,0.7700335967531984
0,0.003047159829113715
0,0.012050236665191963
1,0.3368373592938036
0,0.04177680545112693
0,0.009627241803480647
0,0.0662358681705058
0,0.36252780565870824
1,0.1367693192986474
0,0.04450097591919304
1,0.8896593096589862
0,0.10096470924389088
1,0.061854957682705644
0,0.9700985540437405
0,0.02261397218662614
0,0.012851050179677373
1,0.9618355574988133
0,0.03740988738367947
1,0.3482247241918197
0,0.03879268360171009
0,0.034558705248134695
1,0.9140690420960796
0,0.04042166556617368
1,0.8681752939068078
1,0.7951565301259227
0,0.7481119769479159
0,0.03353504226023773
0,0.04720543710632958
0,0.009075128818211433
1,0.9589345899354071
0,0.0024467564921950924
0,0.031241180450069107
0,0.06418324419491893
0,0.045718067307442066
0,0.2713620211412681
0,0.37518381982940946
0,0.00997276403129397
0,0.03209205136018701
0,0.00801639825606126
0,0.5144605683616285
1,0.5887430975962554
0,0.03388485570602474
1,0.3368512906461065
0,0.6666997251039302
0,0.019609564094910163
0,0.11780123492638771
0,0.016210116263303785
0,0.10996473121176985
1,0.9513383658667547
0,0.036680131770323025
0,0.23534499560188027
0,0.08132704634770087
1,0.8257917082407171
0,0.10493554675675897
0,0.11397312360952483
1,0.9812661387422996
1,0.9735990318985798
0,0.10457412464024493
0,0.003464338395253551
0,0.07764647810738155
1,0.9193099113108535
0,0.01661050475907278
0,0.020698174745167986
0,0.10982922504762599
0,0.12890338888653058
0,0.11231445584148704
1,0.9613017190991239
1,0.24191487012256652
0,0.05668559128999268
0,0.046994983866897856
1,0.41038249984217084
0,0.028003081141115795
0,0.11797226676628307
0,0.40793753691543827
0,0.015166276409076687
0,0.6674308032832559
0,0.19977020337264717
1,0.9668175657877172
0,0.0424996928861542
0,0.028787635207736844
0,0.03096615811307055
0,0.04731248869339152
0,0.032211131090595584
1,0.9218502516970862
0,0.0368269343669859
0,0.038559177139410726
1,0.33745335413601196
0,0.05353755550640822
1,0.01842658763514324
0,0.11489461878344989
0,0.016370116170460837
1,0.9097577426241483
0,0.005920573272662544
0,0.014854346611792774
0,0.07246577134663801
1,0.9005058099075363
1,0.975302827780038
0,0.0843477461430977
0,0.8810520929654091
0,0.03408051849703599
1,0.9173511535203472
0,0.286630939203718
0,0.005651718895465897
0,0.010330216282473529
1,0.8623547300278043
0,0.030322580111976593
0,0.02456099614598802
1,0.971168969896801
0,0.027880864233533812
0,0.26628746059958897
0,0.00708251278630553
0,0.018452895245359157
0,0.011623550035063383
0,0.01946451786564917
0,0.07818129163594482
1,0.9817924319820939
0,0.012462777960147865
0,0.018888655029377036
1,0.3895100856872038
0,0.696739069658872
0,0.022907548846532504
0,0.017789686821942572
0,0.15391693265761228
0,0.035506741681305104
0,0.021889924415051054
1,0.24936562087943404
0,0.0074410719778947275
1,0.22541526723432287
0,0.22621708086219586
0,0.050562675918612535
0,0.35692485992513207
1,0.8406667175665418
0,0.005789986802657271
0,0.02196250061302959
0,0.027209739865671392
1,0.9173295916853198
0,0.07860741998853511
0,0.020880235407597317
0,0.5033519902139992
0,0.0978885842363627
0,0.01671304589457987
0,0.08883224794750447
0,0.039674691718580846
0,0.0012552564147131314
0,0.012032417801875184
1,0.5238935654300234
0,0.1446849486042921
0,0.021240319488192223
0,0.20951515852047614
1,0.9681051205257716
0,0.051680249119946245
0,0.0016869318929757823
1,0.7184698676010357
0,0.014858640813430662
1,0.9859228997479133
1,0.9911671156799137
1,0.8480258339517998
0,0.10891663858935596
1,0.2717103939050997
1,0.9686433347192492
1,0.9129538648836081
1,0.2485946603122424
0,0.009027682900904149
0,0.002110445334240604
0,0.9402063500536689
1,0.42027603902277605
0,0.002816537497154935
0,0.2646369732248124
1,0.07679344638075725
0,0.012717844445859276
0,0.004907244898206405
0,0.07937397659239412
0,0.009127703994465669
0,0.12885201030188517
0,0.025761217461937984
0,0.02626524605286949
0,0.2623304216519072
0,0.00441545758901125
1,0.7108720461672304
0,0.068304404151707
0,0.350326119128971
1,0.8202357649737689
0,0.002749360107944225
0,0.4767455472272033
1,0.7307136841226269
1,0.9858187987230442
0,0.00042658874055804614
0,0.1509697690524797
0,0.007066293796639059
1,0.34707506151108775
0,0.003049373333976236
0,0.017990976791079024
1,0.9717947453006777
0,0.5070733401313549
1,0.47299158891503684
0,0.03154835961743839
0,0.775995559493734
1,0.7155457045938802
1,0.6278917831733922
0,0.10448399902214335
1,0.5469892460811913
0,0.014814327887209062
1,0.7422506168397789
0,0.8274459364351668
0,0.009204439173498419
0,0.031457230059048345
1,0.8238510605433924
1,0.8851401237157039
0,0.14565381542913605
0,0.5391867333249019
0,0.028452395668603515
0,0.012133740731379196
0,0.03281218220868323
0,0.8677587506630188
1,0.8776390313085379
0,0.04422996462437165
0,0.06235598425909758
0,0.33553937311776655
0,0.012635338655456007
1,0.3667392646005192
0,0.023440107433453324
0,0.017974743933364092
0,0.41791083395944995
1,0.6581183000397779
1,0.9453685677939444
0,0.018692419951823202
0,0.02087720050872153
0,0.03665897680596163
1,0.6799550131855102
0,0.07563312906507419
0,0.010595029326025055
1,0.9718679594265172
1,0.9377793297110457
0,0.7865785334176159
0,0.12112695692673749
1,0.9372901685607121
0,0.00595298709424144
1,0.9748867247859194
0,0.0011342096842618286
0,0.02513670065789917
0,0.03194595221021331
0,0.04499791329795239
0,0.019964932366801417
0,0.01599471871357651
0,0.05682442460337165
0,0.8159255496821701
0,0.016492452715150496
0,0.006947962807916113
0,0.0017121826285820382
0,0.8275374856099391
0,0.027007391629757516
1,0.9608497185656278
0,0.01182533592943357
1,0.8736252361141583
0,0.012079576490832385
0,0.006236342788283843
0,0.13866257207342672
1,0.7673338049019031
0,0.029048677346465643
0,0.05829598787358176
0,0.007470916936349344
0,0.02315417725278644
0,0.004288341733910238
0,0.0380169759195287
0,0.04381753349756107
0,0.014605172570316877
1,0.9510334868440999
0,0.009843310400098483
1,0.9645932053263206
1,0.9168629349943316
1,0.9544774308393192
0,0.0019594134701614893
0,0.08314180792167401
1,0.9596100476549342
0,0.32114218737453026
0,0.3181298558023713
0,0.06015490920699515
1,0.8853062257683512
1,0.9041560676318959
0,0.8971477770691197
0,0.028285351925984727
1,0.3571389901780218
0,0.01770498121088165
1,0.7233736895847728
1,0.8949147972100707
0,0.000863524497697305
0,0.0013474616969791913
0,0.11261862937549641
0,0.0005874673135532904
0,0.29309677962593655
0,0.015313466119413857
0,0.021061002671067832
1,0.6853209481389099
0,0.004640282235968541
0,0.37722773425202777
1,0.3253114173429907
0,0.010032516153364934
0,0.011937552354291118
0,0.032709170436973065
1,0.4937688338740067
1,0.2722112229297413
0,0.07210580848325406
0,0.02262612430785622
1,0.8713888771309305
0,0.003961217573680464
0,0.004460319100186875
0,0.06322924244664507
0,0.014537912302544117
1,0.9607273843269101
0,0.1765913040608105
0,0.013006380846365117
0,0.13246971943404323
0,0.4579033053107849
1,0.6985696847787402
0,0.05671551735580358
1,0.5764106601621308
0,0.23450726523117468
1,0.7594153268636405
1,0.15295924237267544
0,0.039912588936198076
1,0.9837953096176902
0,0.22992393411012005
0,0.017146493974832613
1,0.4250649190715868
0,0.0845136139264238
1,0.8118389671163989
0,0.009797277777956599
0,0.007652630150369371
0,0.017907705098686822
0,0.00455184649167733
0,0.006480400566257978
1,0.0811799338410815
0,0.8389825820551432
0,0.42029947621647823
1,0.9747015350855102
0,0.015367515461294482
1,0.6854116788728465
0,0.02358080667095348
0,0.004671338634417996
0,0.011549916247739643
0,0.007970927654846697
0,0.03498875783479817
1,0.017615169326600007
0,0.2920105614439109
0,0.001713333213497969
0,0.007566270535625316
1,0.6287520240639702
0,0.04002689838451171
0,0.04546018101868045
0,0.03284279599866458
1,0.7415389056182381
0,0.21076829156360877
1,0.9759530161230435
1,0.9602743505583494
0,0.054028709887132376
0,0.7400844110996587
0,0.020059730710919835
1,0.7650655241849948
0,0.0065805480802880656
0,0.023425230264985775
0,0.16778599059913624
0,0.04247835046901473
0,0.06408316181632444
0,0.0024467940974199007
0,0.028413070416727793
0,0.07608043844993087
1,0.9693818601180483
0,0.15669760530596516
1,0.9795721637286857
0,0.016143402626524486
0,0.06302606173324486
0,0.302395605512049
0,0.04992948193910599
0,0.004447599493589718
0,0.00926221257548543
0,0.8342616445944969
0,0.002917866397524888
1,0.9568075033476783
0,0.01894558563824611
0,0.00796911728910591
0,0.022225783549468765
0,0.3798941756606914
0,0.005823549439482022
1,0.9160276483283278
0,0.19220746390739418
1,0.5902374039097817
1,0.3739889894544066
0,0.006492758196954413
1,0.9846608985476227
0,0.11933415349091084
0,0.02173448173711539
0,0.5292922007806901
0,0.15259788375532432
1,0.8969268820678861
0,0.03497127047178684
0,0.007162520515815346
0,0.0710573063142547
1,0.0050435204637044465
0,0.005004117998753711
0,0.011477201755010569
0,0.3114854701091533
0,0.027509016670408504
0,0.1740961568106218
0,0.02847022492215619
0,0.009772431367629574
0,0.020502834106062514
0,0.003979506954437234
0,0.3984026254100349
1,0.8869575142323535
1,0.6219450545428064
1,0.9580963423427961
0,0.02191058723347689
1,0.9752154842446146
1,0.01721147956534187
0,0.006946542959780441
1,0.9113193224392089
0,0.014815756495505886
1,0.6163649612517436
0,0.02601373111052656
1,0.9123254897707006
1,0.9648754267811352
1,0.9748638117674324
0,0.036202529772794825
0,0.027806518432722423
1,0.6553156405411766
0,0.03564915788821052
1,0.5829656178949545
0,0.1361720646884565
0,0.04650793880843213
0,0.04707276490621071
0,0.02717563629079964
1,0.9715223103798648
1,0.9296052263728626
1,0.9691650461343013
0,0.6039665455070129
0,0.4761875868912037
0,0.9141111293860295
0,0.028929880918270832
1,0.988540337468472
0,0.013188936397236646
0,0.5022164232777413
0,0.022453671706524354
0,0.03242126253769682
0,0.01799545342767716
0,0.04216366294841794
0,0.002800398819048922
1,0.5426530416327839
0,0.17279995438068982
1,0.6265034631669
0,0.04650720485057882
1,0.41566241231428563
1,0.9832426691934171
0,0.01662519714297294
0,0.1902994775096959
0,0.02039617540493691
0,0.17442193833871436
0,0.40802758814593587
0,0.049688232397754745
1,0.7704638624100164
0,0.0012514867994762038
0,0.18764794750300323
0,0.018477450799242335
0,0.7687425387418169
1,0.9264631510743236
0,0.11591648523887346
0,0.341234706191838
0,0.009173680864812865
0,0.16298963894367857
1,0.18354530294277532
0,0.0083450022929927
1,0.5584830264547425
1,0.9265336415225093
0,0.034054772553915015
1,0.7746441829955159
0,0.09563007819148417
0,0.031507495939361294
0,0.00984479566190835
1,0.529383774388994
1,0.8296964479036315
0,0.0408135314458718
0,0.028821058209982178
0,0.03648705942757437
1,0.9761264901947534
0,0.342644322629443
0,0.008196721132544906
0,0.022376716972219084
0,0.03933948212343097
0,0.012905593907858637
1,0.8484307462357349
0,0.014486179535745809
0,0.012106762577961559
0,0.5875885712815946
0,0.014677278908303755
0,0.0028350271474276924
0,0.014637700658195288
0,0.007342982174610013
0,0.07358658505411549
0,0.0024790515220446505
0,0.018387774747083793
1,0.2221177925651238
0,0.022598459220592407
1,0.07181696213403932
0,0.015029400859798871
0,0.8810480276889048
1,0.7711693538583541
1,0.8768498999625803
0,0.01624608709803031
0,0.03148801634470842
0,0.053980212777409095
0,0.37564720228112125
0,0.010900038814041625
0,0.04718947181115839
0,0.022001492166168785
0,0.29033587457930904
0,0.08923443056406102
0,0.035324294408327364
0,0.015756456984712924
1,0.8714184148118689
1,0.3067677096215866
1,0.8984743674193004
0,0.0029759932302384946
0,0.24509187594676649
0,0.004018240513462301
1,0.8748901647429642
0,0.09935595238289092
0,0.015053603649291739
0,0.0656583539311647
0,0.012096918326290038
1,0.9069159145183329
1,0.8876782303395576
1,0.9887592203943709
0,0.028260148132627963
0,0.04538032584588676
0,0.013208099105250644
0,0.9285853390486789
0,0.7538516063670307
1,0.9370129177204909
0,0.02085962770132621
1,0.6792542586683891
1,0.8250919696948471
0,0.006664667802777735
0,0.0150385868958643
0,0.009501475535125304
0,0.25404006922165956
0,0.5935696803352211
0,0.18407157509134417
1,0.9128337958152551
0,0.05936170321144319
0,0.028400640783175442
1,0.9774297164791627
0,0.00793834359251801
1,0.9279364022237945
0,0.004267214107215754
0,0.0028310998161462137
1,0.5710133783804316
0,0.016591110983153773
0,0.030436601023186072
1,0.8665064099679363
1,0.955244220002239
1,0.7818455840234627
0,0.015345265220627987
0,0.1491811494669331
0,0.015659177363220308
1,0.9260821772479192
1,0.7717224341755834
1,0.9220149620536779
1,0.9600508301929399
1,0.08975305635945907
0,0.146897741258107
1,0.6688247280621458
0,0.2970836640266726
0,0.05945782204860566
0,0.006958722719880124
1,0.9440000319550725
0,0.020870511633051782
0,0.30918201144108265
1,0.7193929966604957
0,0.5016338341275038
0,0.024065606482947397
0,0.017943361019325515
1,0.5799599589265193
1,0.338103462449993
0,0.6275195148254351
1,0.952955200397437
1,0.7841294197437247
0,0.09836970214563551
1,0.8737273598531621
0,0.01949302853168649
1,0.9305526637088413
1,0.7006718847797994
0,0.11199165859312268
0,0.02231776523145753
1,0.3058810246577949
0,0.017894376828490977
0,0.33496465667716263
1,0.9484825005247457
0,0.736567522393896
0,0.014200303733350211
0,0.024901853659345437
0,0.039264746760315425
0,0.04697707411537033
0,0.015024670447598532
1,0.9786402857595479
1,0.9183696981809956
0,0.0042063120104857896
0,0.22390975553097506
0,0.12027429461348962
0,0.1377169820716944
1,0.8778228513034158
0,0.005507247601185618
1,0.9664099762423841
1,0.9769805981438318
0,0.029880075881758755
0,0.017689774406372746
0,0.009835998843361001
0,0.02703865299025784
0,0.02389634879371411
0,0.010160150268677065
0,0.00199103286469049
0,0.1253995754072028
1,0.9872853391744141
1,0.35714621469156593
0,0.2361171991900949
0,0.06194652534221439
0,0.4032136460384044
0,0.08197838304676634
0,0.003358240514239774
1,0.9617388786000609
1,0.9801692558720059
1,0.9241853001723215
0,0.12022103375230726
0,0.13558936447672718
0,0.02563549437660243
0,0.0115978982199251
0,0.13467538626554568
0,0.028014829373740478
0,0.0661882909271393
0,0.007285865303632674
0,0.05350752969333961
0,0.3469259353370562
0,0.006434649081331677
1,0.9800687423779244
1,0.49649359048007435
0,0.01111484997549626
0,0.14265688338966367
1,0.8545819186135892
1,0.10193854440370452
0,0.5770981210654991
1,0.9142682641650415
0,0.4333516370277865
0,0.02827616857083357
1,0.9805195744924419
1,0.19861450819130375
0,0.025465684148718325
0,0.008056164655275843
1,0.7165030368337325
1,0.6384240895657483
0,0.1758404032683208
1,0.7443540791648636
0,0.013101954726184983
1,0.448464555296985
0,0.04265020631777734
0,0.005493878260990235
0,0.005020388166540812
0,0.055291012086529936
0,0.011596794515863072
0,0.13453658993881035
0,0.01229787274167253
1,0.7758080438424579
1,0.8132561191114456
0,0.7872632827215668
0,0.019931576843092796
1,0.30999438874384033
1,0.92881728312762
1,0.8946109193614658
0,0.005290040138474813
0,0.004447092982658812
0,0.009266189812264276
0,0.014972837409615976
1,0.33266104807653096
1,0.8134090717653721
1,0.10394056442051172
1,0.5873554021201908
0,0.02330629965701742
0,0.20747583165984923
0,0.01180118221258115
1,0.748095494737818
0,0.058498582613358996
0,0.0015104021766855675
0,0.9009345593216046
0,0.027439736408185318
0,0.007521115228612445
0,0.03391075049825398
1,0.8915243850791323
1,0.5193294708019566
0,0.010171906152404394
0,0.4519858442252329
0,0.004127107583636667
0,0.02435101151188174
1,0.8149526955671555
0,0.09324914295182288
0,0.0421347234988654
0,0.0069470505448781614
0,0.041701257116453755
0,0.2762307062379433
0,0.02215850242990698
1,0.9232373762234916
0,0.00851758127254602
0,0.004361349944871074
1,0.7404343658333542
1,0.07948581025199093
0,0.07052190658207692
1,0.5408335927884772
1,0.9795842574128976
0,0.009644547555152825
0,0.09350450145361973
1,0.5198025567185788
0,0.07139180882379598
1,0.792576228006975
0,0.6781351784084455
1,0.9681168227155238
1,0.3834917831880776
0,0.018520138727223242
0,0.04221823330277726
1,0.8236754156385534
1,0.9818988762505989
0,0.1606288055171685
0,0.2350929629034145
0,0.6953781479282787
1,0.9895332722666453
0,0.01728527804665815
0,0.03597470576612751
0,0.022253507447655408
1,0.15760744970537752
0,0.001165878452404054
0,0.01580716851655098
0,0.6198875548824839
0,0.21017806355860016
0,0.22626542262801685
0,0.018552541067782268
0,0.06160854823914996
0,0.284964832049873
0,0.03380094143188926
0,0.07212885745075796
1,0.7673110924107822
1,0.8991078886800448
0,0.004250321483575357
0,0.004740234048283271
0,0.04555772383574433
1,0.6188650019982417
1,0.9304978375279039
0,0.013235550597420548
0,0.07056468542169184
1,0.8783457653546334
0,0.06411909405641812
0,0.19908788420349538
0,0.006639512791757738
0,0.028379096201818346
1,0.004338961062061245
0,0.05948615661189237
0,0.013366463924467099
0,0.012118743790567368
1,0.03775506821347059
0,0.005083526197286415
0,0.019427603380288032
0,0.03760515577882469
1,0.7099380801485282
0,0.021953649790194804
1,0.9750151989217982
0,0.008962667799042973
0,0.0021785633464311244
0,0.0031240873682841716
0,0.025830946857013704
0,0.013326837821261678
0,0.17342093706947076
0,0.05666521203032803
0,0.013109179794781819
1,0.9413974571238364
0,0.01221211844986593
0,0.04039115868425312
0,0.12274950432475103
0,0.019286424094791643
1,0.52139475879354
1,0.61776120147328
0,0.0011302611916127118
1,0.8881010512908896
0,0.05745420820234964
1,0.5471854191719577
0,0.10031457144300963
0,0.019816068244501245
0,0.014814327887209062
0,0.020431630158373158
1,0.43767577940967456
0,0.0022084939255648662
0,0.008004344172804032
1,0.35805304492456563
1,0.9625621830129956
0,0.021612007432151897
1,0.0505220126069634
0,0.019835272688608612
1,0.7199567974736414
0,0.019019483453054133
0,0.01999659722908307
0,0.0031528355201509086
1,0.9821393763312036
0,0.05349121955486318
0,0.11383256476546215
1,0.9267519187676014
1,0.9411850916632514
0,0.3718793977098134
1,0.9329311227529071
0,0.002902913695226785
0,0.09714701872488568
0,0.01972838715723428
1,0.3339676394509786
1,0.1407169807154708
0,0.02270789423510728
1,0.8706946323824251
0,0.051472155920872724
1,0.9492412877599887
1,0.9117018521149609
1,0.8181493886394283
0,0.2740518749064522
0,0.057192839152821445
0,0.06027703977513561
1,0.24233875152685472
0,0.021330936685007493
0,0.7476459097420842
0,0.00333178182853161
0,0.013032484763506944
0,0.058451911250617244
0,0.00372709362768388
0,0.0014609440907108115
0,0.027377478343798917
0,0.23553171114349056
0,0.031229277083887622
0,0.07399142689343653
0,0.010397174486688879
0,0.0026930118036300296
0,0.01381124325877125
1,0.9860781485612954
0,0.07312539641870405
1,0.13610285484144763
0,0.2903765202845077
0,0.11805885778601981
0,0.012912897305572213
0,0.009732809345644607
0,0.0035599074816346746
1,0.9382638913523671
1,0.43682227799958045
0,0.04184829086358602
0,0.09273591745872296
1,0.8967324477018014
0,0.007973788759818126
0,0.005539769647367664
1,0.8870239423657144
0,0.0009680029484591999
1,0.4672052584191527
0,0.025343290474602233
0,0.005069985144162324
0,0.014017446175145165
0,0.014480798118073854
0,0.0857577230603111
0,0.1943053240255192
0,0.263620418489997
0,0.025082250582376425
0,0.027060036249332512
0,0.004166749112580113
1,0.09780433882975569
0,0.17942591035726752
0,0.02450091132940357
0,0.13928545146207597
1,0.9726996989924833
0,0.02435389738260459
0,0.056030061184505646
1,0.019560713162263994
0,0.6771670391276264
0,0.027682959215645495
0,0.0169048903945935
0,0.053674712779977776
0,0.779042651933027
1,0.7933901825993199
1,0.8029520128640989
1,0.5516084562393244
0,0.11928791170657109
0,0.011805208691956217
0,0.236783085047512
0,0.016933907151387206
1,0.19012692587283123
1,0.7710605126596312
1,0.9588324792522248
0,0.019676467229996067
0,0.764004913169751
1,0.5598394721001299
1,0.709776856536622
1,0.44770959621132744
0,0.30150077179123747
0,0.08972313527142411
0,0.10134634109719802
1,0.4476929012288308
0,0.017707311707818734
0,0.0011870146704433015
0,0.3031541040789525
0,0.02129760649403555
0,0.02407870629423568
0,0.013839857735119074
0,0.07067247418924043
0,0.009829857227514
0,0.12626520345855557
0,0.046299297995880895
0,0.32892280864062373
0,0.003402565372246183
0,0.01937518872450148
0,0.017512299202605802
1,0.9190488749304819
1,0.9855536226643179
0,0.05125681455525999
0,0.0026446206878823738
0,0.015264976548579045
0,0.056810246514779214
1,0.989706564844903
0,0.015839115642943356
0,0.00480833195483309
0,0.03201838989170201
0,0.010639037300178178
1,0.6913040717334247
0,0.0189297624769365
0,0.028459302134039334
0,0.013205366320433808
0,0.010254167448128033
0,0.1893494871825848
0,0.03867789301794136
0,0.7223222155903952
0,0.575715007380685
0,0.17845471976866448
0,0.018105803585340405
0,0.0013289344899227807
0,0.00793907432980527
1,0.9942995049742863
1,0.8554680724398106
1,0.7885991671848616
0,0.9399317981059598
0,0.01512363668954213
0,0.025711009001359964
0,0.4380724567293134
0,0.06286381386034252
1,0.13841139919256512
0,0.013104790029335336
0,0.05015537939614861
0,0.11673044505248752
1,0.3606320608017554
0,0.1057869079111103
1,0.9793189048028336
0,0.6156521735473341
1,0.836325246863428
0,0.2175604699907953
0,0.07977496407690304
0,0.006787644498742258
1,0.9703832781504215
0,0.02946792149100965
1,0.6978756483557896
0,0.05401439881955441
0,0.0362077018979814
0,0.00826536428733673
1,0.5795352408883706
0,0.010537385501947213
0,0.6871942297579822
0,0.016461233901346586
1,0.6265856521902934
0,0.0019055484312905742
0,0.010853778454086013
0,0.16644695998068978
0,0.13808872434485767
1,0.4041422603664232
0,0.08260688416909058
1,0.8185519326006852
0,0.055814166601285645
1,0.6821572866284265
0,0.9136744257410194
0,0.012128369320210913
1,0.9759164888929798
1,0.7700424423436925
0,0.031875747010915306
1,0.7707830802461341
1,0.8158309574241025
0,0.05604625619082875
0,0.004321074743054627
0,0.007659204002593318
0,0.08232477185345312
1,0.9741461369771356
1,0.2595179334126698
1,0.9642035350035041
0,0.019230287745078505
0,0.04238671195458093
0,0.5127944443237933
1,0.6798487040325973
0,0.011574829615798381
0,0.0068703022277936164
0,0.0005347585736023584
0,0.07365968770316
0,0.048908354617104244
0,0.06326480548370136
0,0.006264685801363011
1,0.8321645937020896
0,0.006624017270397925
1,0.33729027067705497
1,0.9217333458319719
0,0.005272083258836274
1,0.9662999631253707
0,0.03403875904119765
0,0.0225255914642082
0,0.02532080352122607
0,0.031241062322618442
1,0.9808299696585823
0,0.42300719723737273
1,0.7750781168185521
0,0.031059449012218365
1,0.009410544302253913
1,0.6604156179712237
0,0.6397945294578768
0,0.017389517684865737
0,0.012009525805949032
0,0.004682956400002215
0,0.15924253091945276
0,0.0020238129524083872
0,0.0011057201030625762
0,0.05736738952625081
0,0.05040222693340202
0,0.0798885425850517
0,0.03357091742824393
1,0.9895969119717241
0,0.6788032566131349
0,0.15594163044148737
0,0.897402564041683
0,0.019944134615490265
0,0.07861009778908806
0,0.38085644416108083
0,0.057376346779856494
1,0.9326787165818821
0,0.012904616594146592
0,0.11591648523887346
0,0.07349505375673913
1,0.9561108699541105
0,0.003921147366758106
0,0.09059620525840378
0,0.009333184422497755
0,0.015486748746755385
0,0.011576736983210625
1,0.6779416387644145
1,0.9261259970517963
0,0.003216545115766243
0,0.6612016416207439
0,0.023694517582875548
0,0.06139458644946881
1,0.41456562465183
0,0.01142107100961756
0,0.01725652282128938
0,0.021681302636529294
1,0.3199962449672423
0,0.050524272375639105
0,0.19767103051104115
0,0.004867403097547526
1,0.963190312788458
0,0.02339333459018919
0,0.8459106682723371
0,0.8480289994907109
0,0.13170521700409932
1,0.9786812121290798
0,0.011065799468362511
1,0.8681776359021831
1,0.9349338718971942
0,0.007964161595851926
0,0.017326138100554618
0,0.3988724060829132
0,0.0017006513226349251
1,0.9376908731071527
0,0.009705587769710406
0,0.08840743668074945
0,0.01807769210635997
1,0.9604935523315151
0,0.027948281630505455
0,0.0032175820050844043
0,0.2795388389098121
0,0.012196802923837891
1,0.6361489757921426
1,0.8243416331867076
0,0.0066580502372265826
1,0.975654535690336
0,0.007160335777596773
0,0.48691265102488795
0,0.0344155805284228
0,0.6238087603185161
1,0.8468650964407359
0,0.008596233019290753
0,0.01550918813049951
0,0.801517801234104
0,0.8467954905157485
0,0.6158036628312604
0,0.005579639219571099
0,0.013313167219473006
0,0.028139033356201954
0,0.015400266599077457
0,0.027065868533122255
0,0.15595417226280023
1,0.9049648232003269
1,0.34259179619001373
1,0.43382585547676206
0,0.05368573812011329
0,0.31365285752232136
0,0.3220407027272653
0,0.005718286022647026
0,0.5150210397406717
0,0.01430857934402274
1,0.9925651644887903
0,0.04800095600444073
0,0.5404141925845095
1,0.1670041414757011
1,0.48260248321748256
0,0.01204322474310257
1,0.8842690364121023
0,0.0009673745291541892
0,0.1813003266948142
0,0.024851589186973295
0,0.7096572125959263
0,0.353463634071779
0,0.0012509816288951297
0,0.13301857188461236
0,0.24089865360418233
0,0.008178812940528675
1,0.7243387444355384
0,0.030281075688066462
0,0.03133024403977149
1,0.37564720228112125
0,0.05671721073985251
1,0.944762577589113
0,0.00822883155536009
1,0.3846435590617726
0,0.09565202560677852
0,0.035822162762935685
0,0.02185088943371506
0,0.007202769428135457
0,0.038754333917277506
0,0.017084528226350735
1,0.8881742636624909
1,0.9738385851666211
1,0.13362708556024486
0,0.07314559380293387
1,0.4118635502968795
0,0.03912248098616247
1,0.7315562695322528
0,0.10546759844874916
1,0.37336387136819127
0,0.042500230616023066
1,0.9701635631119182
1,0.9864546948790263
0,0.9385075750606975
1,0.9911309751166337
0,0.014817633225881829
0,0.11373653864526496
1,0.40857555119340894
0,0.05388298114526593
0,0.10096391649233713
0,0.043183526965942895
0,0.026981834141799773
1,0.7038752780723664
0,0.0022377508602093883
0,0.05813091130333295
0,0.07160211266603464
0,0.019394075906178195
1,0.773995151350327
0,0.03260930182592973
1,0.9326414280267918
1,0.9889593551796731
1,0.21377177633455605
0,0.03691249694253007
1,0.9919950457423933
0,0.0011872912966980436
0,0.014238674722239717
1,0.7799499190268717
1,0.941195898117248
0,0.3480301790516183
0,0.004482304724916049
1,0.9780356975762315
0,0.2696854377311387
0,0.3537574360593268
0,0.22557897904502194
0,0.3066581206501725
0,0.009450255416531116
0,0.10788399329312648
0,0.024103021110653777
1,0.9595488882507528
0,0.1201943895780037
1,0.9646093424357133
1,0.8851896958572224
0,0.019411877689979314
1,0.973330814616839
0,0.0006717751672236201
0,0.012291809044218739
1,0.8312706000780953
1,0.4533141857808203
1,0.5495348784082947
0,0.022201308714230927
0,0.3784553183294028
0,0.008071636622420003
1,0.3058911406448258
0,0.08040912928583335
0,0.05300516756717429
1,0.9796927552003701
1,0.9231289669175037
1,0.9968624429425368
1,0.9720584197407213
0,0.040276924889513316
0,0.002305332905640036
0,0.09422879940014818
0,0.04761671441824347
0,0.055991776111750824
0,0.03232393420616413
1,0.018354031430002637
1,0.2621944408217016
1,0.8442726582619514
0,0.0022655746780455245
0,0.710958859740093
0,0.06402961729260742
0,0.9871884898285225
1,0.7900705831454332
1,0.5091534022800914
0,0.006291261955374316
0,0.0036733530140175383
1,0.8223568271098687
0,0.00345529900309269
1,0.8957036893952867
0,0.004083891919415228
0,0.07274121918348454
1,0.9473027517297454
0,0.03014139783585171
1,0.7952427218452495
0,0.06602819385685749
1,0.6214856195537966
0,0.04210047463436615
1,0.8656557844876377
0,0.04071435208877621
1,0.9462606626672452
0,0.019447989236677312
0,0.08616650030811077
1,0.09391595191800482
0,0.3951080481382997
1,0.9080198179762021
0,0.017915064373111078
0,0.005755263499800523
0,0.02253519090443575
1,0.18734588673595093
0,0.04383783776252257
0,0.9520621108307094
0,0.08066773265228167
1,0.38406107630518216
1,0.737271617338467
0,0.03194401406015069
0,0.025381027858705017
0,0.009458804411079864
1,0.9851360729844267
0,0.04547695990279082
0,0.0232219807604946
1,0.944178825584993
1,0.9773923431599909
1,0.17082790790950597
0,0.1180943608823335
1,0.5487827902626198
0,0.015327667589396974
1,0.8425149241349502
1,0.09747700140070026
1,0.45385483336893606
0,0.053679355806192534
1,0.9646636611414088
0,0.09374461192627989
0,0.21939341575319818
0,0.01665866677899157
0,0.014932658695027275
0,0.03930478120717161
0,0.7877328667540412
0,0.02435293953662388
0,0.016104676841265448
0,0.03227519885391198
0,0.007100441646771531
0,0.01642155256673495
1,0.9842185555580107
0,0.07346995967559138
0,0.14084346491128902
1,0.9040573767429517
0,0.028753179121884877
0,0.014235240351744883
0,0.013864687022909666
0,0.0070616374020792535
0,0.06146067234638311
0,0.01432755089613849
1,0.005460063890815188
0,0.06808765333075156
1,0.5849443427874014
0,0.05778143417310997
0,0.01981832343223125
1,0.815634939327887
0,0.006673051856201473
1,0.8547876446198465
0,0.0051456656137468144
1,0.9320588826946336
1,0.9749477438723281
0,0.1396524605965001
1,0.9698815379932599
0,0.01766042501525262
0,0.019730816290941654
1,0.7868687436401556
0,0.005232005841164455
0,0.3007411798124841
0,0.018471508206670494
0,0.16094421767264164
1,0.9751477151369549
0,0.04824854683515815
0,0.005001099493794021
0,0.1280801673558384
0,0.005363204276115265
1,0.32228132008586813
1,0.8299476384459753
0,0.039130952105778403
0,0.04677838132009835
1,0.8649258880547898
0,0.0037280914061206794
0,0.033693905534063776
1,0.736279189323066
0,0.012729145364303805
1,0.532027179158587
1,0.41645726950778245
0,0.0026829450849674506
0,0.5305338892761637
0,0.004536936299092128
1,0.8910752602075657
1,0.5873973741223132
0,0.33398191372466907
0,0.03201097889973109
0,0.05319054849001645
1,0.9860525279935126
0,0.008953909938905134
0,0.017928493895268807
0,0.006990707968504083
0,0.05599270135907665
1,0.7811034377940066
0,0.0006633091515122659
0,0.18757225107990158
1,0.991113251293718
0,0.08354367068006072
0,0.002141415647772287
0,0.009236003858171127
1,0.4847037646542879
0,0.34087305390381023
1,0.8321448796838588
0,0.023434526982389518
0,0.013194023913329663
1,0.9922295460542044
1,0.02963233875266541
0,0.0018060768274943465
0,0.005400925969229492
0,0.05487159946265796
1,0.9749581886504293
1,0.8215728362932487
1,0.3770422537686175
1,0.15328014845480528
1,0.935486352210956
1,0.42881257256645866
0,0.20269605731376358
1,0.9148413870076197
0,0.1015665671035208
1,0.7124464525999995
0,0.2287435864470055
1,0.7857592380473901
0,0.038224659471595306
0,0.10826904538325283
1,0.3998535170771287
1,0.799133949456765
1,0.410666831303845
0,0.31285882040149326
0,0.018543225433567158
1,0.9332124369168376
0,0.34269780797737437
0,0.07641332790685067
0,0.01696764678948684
0,0.012871624270237681
0,0.09550950609599948
0,0.13237685347215788
1,0.9815159316203068
0,0.0029328192371426776
0,0.08222301248127667
1,0.7174084312000976
0,0.006401507657446353
0,0.06486315568807478
0,0.0513311693259549
0,0.014415419124589778
1,0.047331739996124125
0,0.5344527604309994
0,0.02847705133525517
0,0.008406212251558107
0,0.01270239014201477
0,0.011615272306776147
1,0.43544989244420984
0,0.02356380050640181
1,0.9958694181412985
1,0.8545848875917637
0,0.0030492345449503544
0,0.027403643300461755
0,0.7976687810653653
0,0.019882940399701888
0,0.023191513246673786
1,0.8916756772641866
0,0.01702147734662341
0,0.036347774118874604
0,0.06697694866865471
1,0.960956004394853
1,0.9923630674515684
1,0.980980795739773
1,0.6112727041179526
0,0.00774641941013876
0,0.06460791826133878
0,0.0020836963180213375
0,0.01800919313810996
1,0.7901208020267045
0,0.11958914724224244
0,0.0038671669001618583
0,0.0016957930014489821
1,0.018420823339194342
0,0.004261198811718095
0,0.0075501913384158495
1,0.325480119004237
0,0.045796378063121125
0,0.009284807846194352
1,0.2440515408099551
0,0.057256007770897864
0,0.3436592906231767
1,0.30502869940440347
1,0.9621408398692297
1,0.5286518616611203
0,0.03196602527690914
0,0.020127545141035617
0,0.05753110160780344
0,0.4188357741133984
1,0.9634121511514548
0,0.18828212325328406
0,0.01033515580941714
0,0.05213971888817019
0,0.021745290950595172
0,0.05476247259988277
0,0.6477817028075987
0,0.055138338337348415
0,0.06278900232790009
0,0.032255046767620664
0,0.09958182285965664
0,0.2353522966325005
0,0.026809550130587483
0,0.004719611010367367
1,0.8903394699968574
0,0.00603164186473071
1,0.14808660085468744
0,0.032706004788508596
0,0.05559704373519054
0,0.8459464286571184
1,0.9536268110308805
0,0.003211821598955559
1,0.7517531774911625
0,0.038920439719444117
1,0.9921652030220158
0,0.008809608819948973
0,0.008012826430003018
0,0.006695185923336165
0,0.006668564686503569
0,0.20314461029772646
0,0.5728714681574192
0,0.29592113401480047
0,0.007422926149771773
0,0.43984936919159034
1,0.6568707040882266
0,0.06399008883568413
0,0.020961439244083294
1,0.8758537086131478
1,0.9310908028020451
0,0.008960819379932898
0,0.10102193979641327
1,0.5184821075243737
0,0.2644460715916896
0,0.021732549129094808
0,0.40480984054726443
0,0.13339700626200723
0,0.13112480207490984
0,0.006791211698207848
0,0.02372718005498352
0,0.03232025442279875
0,0.01040982337839683
0,0.11242838918732655
0,0.03623733421803895
0,0.5457231866930753
0,0.010106131553297922
1,0.335683888169319
0,0.003080747103113015
0,0.002873730123531115
0,0.0071069207709460805
0,0.009130785009092285
0,0.5410591613042188
1,0.10041575164296533
1,0.9713270183949894
0,0.058827999388597375
0,0.011650150926128706
0,0.06678138362318078
1,0.9778262067974941
0,0.6426278735826977
0,0.020163298676110542
1,0.8157297609833517
0,0.12072552988201113
0,0.013330804614694963
0,0.007536957099108615
0,0.06195379521072871
1,0.9538931904802375
0,0.011641211785787817
1,0.8805607187008434
1,0.6888780141452613
0,0.18036282066256107
0,0.00509372831479704
0,0.14318819028754512
0,0.6945134374769727
0,0.051547738694391734
1,0.9718696994500328
0,0.17180946103170455
1,0.6128723038442946
0,0.006583887870655261
1,0.8654188466442948
0,0.0352692723449985
0,0.004268947043663856
1,0.9624588008833448
0,0.014581083241995705
0,0.00793907432980527
0,0.00824969903981495
0,0.016927649316401366
0,0.07483621489223774
0,0.005483027192161867
0,0.004512099263414421
0,0.010989796926658642
1,0.9465929538209501
0,0.01825915798646829
0,0.04011447842720962
0,0.03553294882331321
0,0.08294119698905716
1,0.9524437624374047
1,0.25509948601144217
0,0.029101350418492582
1,0.9682169493157035
1,0.8418170814151997
1,0.8392483712340821
1,0.1881929272201913
0,0.3416946167606411
1,0.7610649467780458
1,0.8956048288487892
0,0.009310612638519436
0,0.013598904935533323
0,0.024429636511100847
0,0.08160008515735101
0,0.01825092392080889
1,0.988778667948986
1,0.8078518347270525
0,0.02958289425847732
0,0.30325634464446444
0,0.02514786578201584
1,0.7421536379578005
0,0.7780068234239883
0,0.009649995195117517
0,0.014727871108304516
0,0.7178300011239638
0,0.20086797314490362
0,0.019138161631531977
0,0.008596977392265016
0,0.013631850717592176
0,0.06249757452178659
0,0.007037051529560034
0,0.03772886190116969
0,0.045882139193797855
1,0.3962770587334711
0,0.14221332266369302
0,0.7117159633652665
1,0.40026405863136294
0,0.1178127940940408
0,0.7825098030755949
0,0.047543913746058285
0,0.43210273203638155
1,0.17247004185017764
0,0.05873246022674409
0,0.43541654277490377
1,0.9814700042151929
1,0.9882448471061859
1,0.2234991805107434
1,0.8419167779667974
0,0.004937145732742894
0,0.057692168685245286
1,0.9312239047427655
0,0.009752455958124911
0,0.1709514347448449
0,0.05710627600053337
0,0.19978748330030136
1,0.900473635176351
0,0.002047965059159911
0,0.07644515541723669
1,0.8495371570215777
0,0.039140585814815165
0,0.03510320820901094
1,0.8523254695202327
0,0.6573874990474708
0,0.07172619581329556
1,0.8211881776437225
0,0.27427664120932504
0,0.009300825619000736
1,0.38947459754332736
0,0.03720214451704922
1,0.9394349591435797
1,0.7898724198124271
1,0.9629160430964409
0,0.005267279931284774
0,0.062471310586644145
0,0.0003694169629880508
1,0.9574152874316415
0,0.005296729843470246
0,0.005014541645405158
1,0.08447475839511018
0,0.010350301439653342
0,0.038973800425069545
0,0.2626831638452371
0,0.10260808034291811
0,0.04498622900581973
0,0.008205382473547093
0,0.06345309165046928
0,0.5068818046716866
0,0.0071250158917269745
0,0.006225286396877491
1,0.9342432417085808
0,0.027721001882344623
1,0.7070513704929319
0,0.02863543585254768
1,0.24673688109461597
0,0.03237968490268321
0,0.023773374918325776
1,0.540432148453338
0,0.0041842397584646454
1,0.5002278713752251
0,0.1720087398224548
1,0.8557258303708216
0,0.08809808672901807
1,0.9657377272296713
0,0.005758221995247911
0,0.05470792569049287
1,0.8741970688864172
1,0.903280809521959
0,0.2897209778666753
1,0.9940223919773777
0,0.005690231585204109
1,0.3282510172422476
1,0.8345122517461235
0,0.05043560236261203
0,0.42268202620222145
0,0.21135430126331956
1,0.9914333226911661
0,0.011986257834596269
0,0.021645874758115566
1,0.876678784647447
1,0.9867146244881302
0,0.38988906457869205
0,0.06386038622262268
0,0.04613672791636759
0,0.0032720315444960376
0,0.015980988921670984
1,0.8058773102763602
1,0.9255111708910674
1,0.9639732629135291
0,0.016716808001716488
1,0.3484236483080029
1,0.11943566085946204
0,0.10850153987056634
0,0.020821199510166255
0,0.6601883387012831
0,0.12093018846664408
1,0.8183200802055693
0,0.11795843442215166
0,0.015049109340601448
1,0.9832481865135834
0,0.7130102082419146
1,0.8021924366590739
1,0.6805660125699371
1,0.9828468409591092
0,0.006461982832591021
1,0.42123156888988017
0,0.003269525803460755
1,0.9577141850207475
0,0.012320017250398607
0,0.03019349844710325
0,0.03025536850608239
1,0.5688587707817445
0,0.24535197730662198
0,0.8714184148118689
0,0.03482153369647957
0,0.16035737458247024
0,0.5211783192065373
0,0.005670358030219425
0,0.2381693365012395
0,0.0028494381258763785
1,0.0594994810957539
0,0.03909653755375764
0,0.30956120370206813
0,0.0010894611364073105
0,0.00909703006717352
0,0.048850518591163565
1,0.6248518652902371
0,0.04409234198992023
1,0.024214322275473366
0,0.43829011271165647
0,0.05121802431836294
0,0.012406142841222562
1,0.8471768237671109
0,0.00294346261805251
0,0.02488417452344484
1,0.7279522400383167
0,0.009287807666534049
0,0.06228190207750816
1,0.8188297674951305
0,0.006525941838308853
0,0.01806941276162184
1,0.8762871717546948
1,0.8578942285798308
0,0.0077341161709004085
0,0.02608160631049887
0,0.8552574820958172
1,0.9581828288545706
0,0.3072829798303097
1,0.6239939574342089
0,0.93796214032663
1,0.9481209796679683
0,0.005178310040084544
0,0.0021283686661793316
0,0.06632666032206193
0,0.033065901036424615
0,0.034373065781058525
0,0.284964832049873
1,0.32528906296725246
0,0.10284152675981807
1,0.35691601843062853
1,0.9849022915555449
1,0.9676751596892521
1,0.9365413497534638
0,0.0025792025962428178
0,0.02412792813146567
0,0.014021896745733769
1,0.9080208348216038
1,0.9838101361374839
0,0.07186222545899988
1,0.45910530035593905
1,0.08227301355976678
1,0.8909492901710132
0,0.05205954644880381
0,0.02955194039854542
0,0.018988437408922275
0,0.15714471798139312
1,0.9374000718229691
1,0.9611775280265692
0,0.004859559133527622
0,0.2117403852460956
0,0.0040538456555857675
0,0.04490644898357772
0,0.007335340844484238
1,0.8611739017441102
0,0.0093368598179157
0,0.01839135205357925
1,0.12846576058276976
0,0.03636645988165818
1,0.957902514791789
0,0.01708771531459381
0,0.05254530175752898
0,0.035681815979982996
0,0.013941748072061201
0,0.011081166088336114
0,0.03520568395764472
1,0.12363362890287069
1,0.9764251511685029
0,0.07107295280214886
1,0.9822665702373872
0,0.021664254295431815
0,0.11488062655109037
0,0.06664586492629057
0,0.047459846969191026
0,0.06965870035201026
0,0.1147913431158858
0,0.1568972339773257
0,0.008176085740389794
1,0.9765122184041222
0,0.03201641855510507
1,0.7604420349791107
0,0.813938659409256
0,0.044448194726953646
0,0.013900933473151923
1,0.9485091096525009
1,0.6615338184468893
0,0.19976510038708087
0,0.2672981874232915
0,0.009699610720875718
1,0.9379099417181197
0,0.04035338585530537
0,0.007705439278106942
0,0.01146089383977633
0,0.5980828512976856
1,0.22228689633199825
0,0.03556496904034446
0,0.9932423803109165
0,0.09881329710137902
0,0.426203104873283
0,0.003656452587655834
1,0.9788501618091364
0,0.07285411198153859
1,0.9057092678813328
1,0.9772306110161986
0,0.05297049323136005
0,0.011283689013070468
1,0.8228836081779967
1,0.7848301459742407
0,0.021689962851933177
0,0.00479148384518597
0,0.07488336684097438
0,0.040159284476776094
0,0.017662713803742198
1,0.9109358378962279
0,0.07443302894678071
0,0.0343974157976182
0,0.0785030623986377
1,0.9521135803177703
0,0.084662778007118
0,0.1129381173785716
1,0.9574942633662
0,0.009394780745788122
0,0.0145576855283176
1,0.7072920114589409
0,0.07285612115097484
1,0.8521396421326157
0,0.05841242298056991
0,0.00469764160805321
0,0.020956421146579342
1,0.8862106164105423
0,0.004864135920232459
0,0.043192929111533745
0,0.03192873556222692
0,0.1752946023431815
1,0.9762129453882386
0,0.02775117783483407
1,0.37570793060706165
0,0.5668071627271348
0,0.10423150251726913
0,0.002027940599965914
0,0.03869602723892119
0,0.021541453476539178
0,0.23227151415612413
0,0.004140494251344202
0,0.022169482620472927
1,0.9652818294989588
1,0.8644019596698557
0,0.008348828023721012
0,0.1413900879857652
0,0.01446174414088236
1,0.6310497450384781
1,0.9770195247951882
0,0.02462851781273713
0,0.645422856812363
0,0.01011815511483493
1,0.21292850339512767
1,0.9200397256505783
0,0.8453959318986891
1,0.9421800656045536
0,0.0008592805011277573
1,0.48279453204495854
0,0.014264789826940669
0,0.005791323705068396
0,0.014728943601379113
0,0.8776930630097428
1,0.23842344433807888
0,0.4293272674076853
1,0.8762435466482115
0,0.23598482212226493
0,0.1748731945472224
0,0.0009249547456409933
1,0.5582988788324039
0,0.048472069088790044
0,0.14945984565637996
1,0.40217290685312945
0,0.18822543220249918
0,0.009055460827562143
1,0.9225868657806322
0,0.00741171625197522
0,0.10809885291438236
0,0.07017223243943246
0,0.006599131092490704
0,0.28671880146251566
0,0.06536788924191753
0,0.007398404806740036
1,0.19487828098271132
1,0.8016220503015439
0,0.793738489827539
1,0.9715278908719983
0,0.028629111096706728
0,0.09744810553954357
0,0.48307458497735456
0,0.04479021937363953
1,0.7162358028477763
0,0.028032594145498753
0,0.013147996646892104
0,0.01663247892284159
0,0.09597683351839419
1,0.9782781348693842
0,0.021740353013480554
0,0.22088901880470888
0,0.0030893896436584825
0,0.0613560713466781
0,0.005937953532405431
0,0.8170053404105125
0,0.007160415458627351
1,0.9701417032586649
0,0.011778370114252925
0,0.000900467674427554
0,0.006806908586365154
0,0.5948338089215556
0,0.07044243517186806
0,0.11286451331238152
0,0.9685472508896047
0,0.0014815754001172344
1,0.925080756599387
0,0.029885549458726596
1,0.6217433667097135
1,0.23958139228078631
1,0.6629260675543437
0,0.008399306743496177
0,0.014527677932219688
0,0.013920429810746428
0,0.014806743539845202
0,0.005607623693578161
0,0.01194850420922637
1,0.7603620081705136
0,0.023140626589412083
1,0.14400030719611387
0,0.0033352888882696007
0,0.016086058127996853
0,0.10963260578348608
0,0.0038411851646418037
0,0.008203547623034314
1,0.956415598045156
0,0.011707511148031651
0,0.0099107986749285
1,0.9513437773591933
1,0.9422859607444058
1,0.8485033421959233
0,0.10109254933251884
0,0.19278513568466915
1,0.9892526129806496
1,0.725732307963261
0,0.006859376458353117
1,0.45872252969603505
0,0.020526559769726005
1,0.9929004245047199
0,0.006317034985240468
0,0.028324898255638328
0,0.6286341088199182
0,0.0059748466771020635
1,0.39343812404733586
0,0.06765525455237816
0,0.04340965248507437
0,0.04909977624145121
1,0.8942864832705898
1,0.7503492340455225
1,0.7568876323062972
0,0.03386148187671763
1,0.818369066175256
0,0.009366801051073131
1,0.3695123885236954
0,0.014863666859860099
0,0.03816973815318174
0,0.0021270318347459028
0,0.10833766088060842
0,0.22604384069425731
0,0.005053473606014858
1,0.2124771529420725
0,0.011264191454140825
0,0.0224661594399525
0,0.0708282282344577
0,0.020744766242814017
1,0.911887252607948
0,0.027554670769205585
0,0.06323925921834261
0,0.22933185194256756
0,0.011519559906783826
0,0.7443540791648636
0,0.005041945340100424
0,0.02075394838917446
0,0.8550104994359313
0,0.0460350831072747
1,0.9904400344043479
0,0.030736047912628343
0,0.18847044964413012
1,0.9524487246104758
1,0.6375134037797644
1,0.9258076210429722
1,0.31597591238959005
1,0.6634855965771445
0,0.0284227041143563
0,0.007244728069078181
0,0.004467917451159344
0,0.024665034718754846
1,0.7475876684561965
1,0.03624121744213746
0,0.03085604633009751
0,0.01094357923067519
0,0.017297029705866628
1,0.9422738967065543
0,0.07502593321895899
1,0.9825770903024432
1,0.4123308241676569
0,0.026770117972289856
1,0.9864615210140769
0,0.12974566876630864
0,0.015634757557547434
1,0.9579196937107659
0,0.03617520885322595
0,0.09253182384382319
1,0.7213118052514098
0,0.04810335829745431
0,0.41402799612833224
0,0.1470560518032092
1,0.8789864451041263
0,0.030225794274737025
0,0.06946652564008628
0,0.015165902546890783
0,0.012707400737670165
0,0.8828657192250935
0,0.5378775559931993
1,0.529011517680265
0,0.04753262807200722
0,0.020025724218523742
0,0.00950141182135211
0,0.01069761628706912
0,0.4765712947444983
0,0.2722112229297413
0,0.0574589352966873
0,0.007866479016059583
0,0.04881337900635353
1,0.35670099068467265
1,0.7675553180324546
0,0.020095832292621935
1,0.8989407510658723
0,0.013790491510416553
1,0.9309481993883479
0,0.1110167033446847
1,0.3470200380023826
1,0.9357887930025046
0,0.010496101796817365
0,0.06153215922117547
1,0.2879940476145019
1,0.6622024706046853
1,0.7978199118827105
0,0.013132517827299819
0,0.03330133750847702
0,0.10900268296132322
1,0.9665139936741117
0,0.16967433660791373
1,0.9693177494294827
0,0.061377359988854616
1,0.956037618896044
1,0.5500318518842808
1,0.88941779657808
0,0.10998750552124095
1,0.6539011038503486
1,0.3782320561784833
1,0.04668386630245901
0,0.02626179039364515
0,0.23278659521815598
1,0.960297725667264
0,0.011609728883739729
0,0.05017666046274352
1,0.8793884903555416
1,0.5394517204169558
0,0.02172503646143539
0,0.016231208246980943
0,0.810530846160125
1,0.6613779055921605
1,0.9639904521012279
1,0.9025652429945245
0,0.00877714900196661
0,0.0013975492278922646
1,0.9480903092568979
0,0.053709432667848334
1,0.6555182655648027
0,0.004726587904585384
0,0.0061823141849129525
0,0.015422185232137137
0,0.16897041511041974
0,0.18839934955159005
0,0.13936719689375
0,0.08432090242318284
1,0.18853395628290445
0,0.8358715577028547
0,0.05532080575222159
0,0.01738414823105555
0,0.012737020451689535
0,0.10847841281202356
1,0.5141228630984171
0,0.01418395393903039
1,0.6867779061033921
0,0.011847914363135141
0,0.00669711416193805
0,0.002534378793527198
0,0.010317414782568696
1,0.05194085614292071
1,0.86844013400812
0,0.02609193729142408
1,0.9455540506724376
1,0.9615927856794456
0,0.019064135111340877
1,0.8615194261372727
0,0.6088286140388419
0,0.9587102915097362
1,0.07058393110949443
0,0.0027633060758325053
0,0.04690262947503613
0,0.7491776773728878
0,0.014006055775767976
0,0.12630420074691065
0,0.5922819220321835
0,0.43733933027447774
0,0.022080130638146567
0,0.13040326954575066
0,0.008156608249041335
1,0.055843529819266255
1,0.975650332632979
0,0.06170438034588007
0,0.020368374693068167
0,0.2322510700087891
0,0.030297035256890637
0,0.002153023396823845
0,0.005096237214531706
1,0.6859216634644434
1,0.03636958676903564
0,0.014122320275266949
0,0.0029066817533266857
0,0.0205512736409621
0,0.02289424849628018
1,0.6689970178437555
0,0.04031698700577874
0,0.014968890614400305
1,0.007061816294113826
0,0.005426439357644872
0,0.14297656042796336
0,0.02208848065663837
0,0.2934447107253192
0,0.03756054191832599
0,0.011389543880152769
1,0.021125400645932293
1,0.8509054108231319
0,0.6522114966954905
1,0.9029368715044642
0,0.2595588802645153
0,0.06200112432259907
0,0.055526671871676064
0,0.011531495317961328
1,0.8359766752411288
1,0.8818099742062008
0,0.0011777220658081703
0,0.022782166327857307
1,0.0011429970667677155
1,0.9877379601362776
0,0.010951686958141915
0,0.011798479049986455
1,0.8615865190408563
0,0.013034792453894837
0,0.03523922460992979
0,0.041821509938027385
0,0.9273879504898621
1,0.8149870160878978
0,0.007198947753103387
0,0.21870806960949374
0,0.10072903634459723
0,0.02834533039346036
0,0.05487965036041594
0,0.023173165431260023
1,0.06963106351693345
1,0.7512735989533154
0,0.07764310378069349
1,0.8002287506306558
0,0.036981174457221766
0,0.05599490183374744
0,0.007955112775079999
1,0.9835496044559675
0,0.019413770616532197
0,0.015593632067395629
0,0.03501995914886178
0,0.06402352931058185
0,0.15530341432086495
1,0.4076298910557475
0,0.009990534194432436
1,0.2689441662374896
0,0.002024773827237093
1,0.9322960189312531
1,0.6990054894890794
1,0.8043111700487159
0,0.02297004694712298
0,0.016530601995960882
0,0.022471769831662488
0,0.08893124436728382
0,0.030901578146030777
0,0.02224589457016042
0,0.07512966121050954
0,0.3057948159495792
1,0.006161990333972352
0,0.010453120822625268
0,0.01682257073732411
0,0.20793693605755606
0,0.06588926304427001
1,0.7251067058205316
1,0.94979711867741
0,0.010559556802192243
0,0.008344474625351744
1,0.9046608845765818
0,0.2320646237052076
0,0.04054128817002415
0,0.02289776301343969
0,0.0830102058753276
0,0.025033987926148173
0,0.008260433082057813
0,0.7148656158041026
1,0.7073035009386718
1,0.6979489994905455
0,0.06886569059359689
0,0.027311717330122824
1,0.8002888610536495
0,0.10556079031150875
0,0.008984026023712984
0,0.07826078371574066
0,0.01142194772541078
1,0.6234213054946652
0,0.03552423201131921
0,0.01352930380237374
0,0.7064776833634618
1,0.5214610750868788
0,0.02764091853505375
0,0.9579264202467026
1,0.8016237126474085
0,0.020168210269426525
0,0.004528550192943477
0,0.0516758443543613
0,0.032294721154889294
0,0.024843434839759575
0,0.013667284067318871
0,0.013088958732291479
0,0.27111523739690857
1,0.06454402487197476
0,0.027435177310997455
0,0.0018097416017733771
0,0.9701760990848917
1,0.9696054813029297
0,0.008867154414934745
0,0.03882747599019295
1,0.5942386424361383
0,0.012488590374321129
1,0.83501735580683
1,0.8185082246252297
0,0.007192550058380913
0,0.027223349975622552
1,0.9515060661706881
0,0.007596507534064676
0,0.01259807819710293
1,0.6175516247115213
1,0.0737810394981912
0,0.5735551524942653
0,0.05166853892130573
1,0.9050744822495935
1,0.15689625158955398
0,0.011249487141446935
0,0.008534440732032413
0,0.024232024525957317
0,0.01805774654479876
0,0.20200037413240315
0,0.032565818679720145
0,0.0479488130667299
1,0.97013405224045
0,0.1173823652461416
1,0.040462004375800144
0,0.2273267837279136
1,0.7366126916893282
0,0.6819945314839785
0,0.16921285497778624
0,0.1925562535642011
0,0.006626848577026396
1,0.727549251499214
0,0.0702174404346074
0,0.5373377838692979
0,0.025249473838666183
0,0.31685579514914414
0,0.7938494435465128
0,0.10725408977767192
1,0.5291896655261424
0,0.06268827599099115
0,0.0362693704639838
0,0.03195373270808665
1,0.94612153534769
1,0.4117175409320553
0,0.02254966476864841
1,0.7860091462196058
0,0.008507150286209674
1,0.7705326042694908
0,0.24936562087943404
0,0.01446386168581777
0,0.0597999572786731
0,0.28495885939257454
0,0.005904625616171652
1,0.9713151616568539
0,0.1368046051550916
0,0.0059004886011921
1,0.6569598351481655
1,0.921385600333836
0,0.039138589420234
0,0.020718227238166468
0,0.004646310994765711
1,0.9920504979736213
0,0.12499041944998383
1,0.18610224925655555
0,0.025727739362298784
1,0.008303371915517598
1,0.720993797382374
0,0.003652593586096496
0,0.03625347310836378
1,0.8584080456619785
0,0.0053409399601912055
0,0.03331376085875328
1,0.9582265089355447
0,0.07656127227288742
1,0.10822743454502178
0,0.0401973347858486
0,0.011507115371798564
0,0.0939859662220566
1,0.8179630067819228
0,0.012200857805881204
0,0.057253358107823484
0,0.04476579827760819
0,0.02478570312366078
0,0.03193037417969174
0,0.00948160794099452
1,0.9015179739018625
0,0.03740162843973362
0,0.021783718453744896
1,0.9801854359878721
0,0.75698928430377
0,0.03262861473843604
0,0.32837792817744177
0,0.009243236337642164
0,0.0027441433642965553
0,0.08735656074977596
0,0.4296619587914876
0,0.5102971205165461
0,0.09026635841388031
0,0.038766401883688406
0,0.2530357370306534
0,0.45069373940861135
0,0.1531977536849544
1,0.29483118897852556
1,0.8316042908499275
0,0.03703232044720638
1,0.7408284936321745
0,0.01205936165656463
0,0.0344417242712168
1,0.17288069479232981
1,0.976600728517285
0,0.023443952035289643
0,0.023483487557632004
0,0.039099343780005555
1,0.6650301853705971
0,0.0245251933611065
0,0.0055226723528515095
0,0.0525171944025692
0,0.027170730727230412
0,0.018307352711475
0,0.0016240390112588403
0,0.06482576692489582
0,0.9274523764867959
1,0.5913058315942679
0,0.1780010601568979
1,0.861872028824197
1,0.5819886632809047
0,0.035459049369921815
1,0.9792631089908428
1,0.8628732723526595
0,0.15044924197302675
1,0.04226823777869076
0,0.10051217336139281
1,0.1483131088718307
1,0.6796293151775233
0,0.0459876037193871
0,0.018931012729152465
1,0.40024904186318533
1,0.48186323440160705
1,0.975600113036355
0,0.36552255489489444
0,0.08348600572335231
0,0.02758656811949875
0,0.002368833425227102
0,0.0032171106702238565
0,0.001574959096484128
0,0.02050369284866126
1,0.9815092482575495
0,0.06357612120291543
0,0.014625415336832207
0,0.014201816591091933
0,0.5926820401860081
0,0.6972516407911956
1,0.9216596166386047
0,0.09228926744668663
0,0.0017353164371767522
0,0.044437534648870396
1,0.4943156626249093
0,0.016865333919781317
0,0.008850776254486967
0,0.025011810956619324
0,0.29802026288005784
1,0.8463344046403458
0,0.09932859321512556
1,0.4234580004480994
0,0.004964726442518983
0,0.026167558218680567
0,0.012888821658570642
0,0.0035325302907389376
0,0.010752114139649946
0,0.056263928134014776
1,0.9754969538582401
0,0.0036632331944867398
0,0.0033463083930897444
0,0.07823606665450049
0,0.016677295418187892
0,0.4575733166447994
0,0.18607283790907245
0,0.07764478066196248
1,0.9484960376723252
0,0.09824239397881017
1,0.8451256881476508
0,0.051668108806587704
0,0.000549339451789472
0,0.005095019827341935
0,0.015972125275377332
0,0.006902282785571635
0,0.08947112065361572
0,0.02511831802974822
1,0.9269617083645539
0,0.0017920150323925972
1,0.7791889846381806
0,0.007250996881228211
0,0.005043124842179658
0,0.04821399944745426
0,0.14498172426823955
0,0.003995809438398799
0,0.14037481593169424
0,0.456653923492554
0,0.6328576389197341
0,0.0048732546389267115
1,0.9097992804757923
0,0.014832968262518613
0,0.11670233005833751
0,0.01171889492093945
0,0.0627959609613296
0,0.012369523325559694
0,0.012060761321414662
1,0.6821572866284265
0,0.04526070230413339
0,0.9152255738918522
0,0.8823652974581886
0,0.020485863869713634
0,0.03746075623930195
1,0.9970851840914733
1,0.9013549502061468
1,0.12021392267707205
0,0.014624948906903343
0,0.00729490075280561
0,0.0042378558222147256
0,0.009781205188126743
0,0.033361106039909
0,0.006942140664742325
0,0.003530994449179103
0,0.17024541299183432
0,0.1226434217670145
0,0.013483017366010396
0,0.05514457232680443
0,0.01682216716222351
1,0.7242751595744438
0,0.013377591061960776
0,0.15597121715579543
0,0.013071018254035012
0,0.6121549505208843
0,0.041262306537309903
0,0.003195250140778353
0,0.27914261015169345
0,0.004072917492790102
0,0.1474786273927877
0,0.00323348359850742
1,0.24957676424999378
0,0.008095794648210348
0,0.468243053283362
0,0.01827593323426725
0,0.00651090358568113
0,0.004979362160319417
1,0.8978239785928613
1,0.9458086423910684
0,0.00582177000170136
0,0.044863058868223255
0,0.03863041810760473
0,0.00640814975632068
1,0.9119975509880127
0,0.010955306911309972
0,0.2462656221750094
0,0.027599613248970905
0,0.002279893386632972
0,0.037780287170659795
1,0.9937011307807624
0,0.08315367949820274
1,0.28472584922929484
0,0.07090428780265567
1,0.5457894440974385
0,0.03869336327620727
0,0.04045577632093929
0,0.00039212635796562185
0,0.19511564107938226
1,0.9662153310172291
0,0.011908953206636774
0,0.008845959872444735
0,0.05857292988966467
0,0.7871393097671767
0,0.015943350820550647
1,0.6177871984681744
0,0.062344445614871215
1,0.7049800524946352
0,0.4508495076848019
1,0.13788955790901983
0,0.008468811936532091
0,0.20692243991316575
0,0.0017378385792516204
0,0.014521558789789338
0,0.015547836686566991
0,0.09181994515958114
0,0.006061802779484208
0,0.005543175593436377
1,0.2838212239624328
0,0.035358152580172136
0,0.01808421046406879
0,0.07185331774165017
0,0.03305536323469539
0,0.006229798472684749
0,0.05184287112406883
0,0.28063214281156756
1,0.019064160048997726
0,0.029556457636783932
0,0.18972908524917412
0,0.920167119151347
0,0.7792838598278206
0,0.02209534996097441
0,0.030007187482486358
0,0.02664632777166523
0,0.023684021003085073
0,0.06627333218252712
1,0.45468532200963124
0,0.04318991322381572
0,0.10777842918074693
0,0.02538001748663766
0,0.01038652639915594
0,0.009196857297274869
0,0.09196388811674903
0,0.05216489659043058
0,0.01911795421960525
0,0.07512966121050954
0,0.03281977887033765
0,0.06420664755066233
0,0.006129135274141766
0,0.02504397013950757
1,0.9383716096477799
0,0.03527619399197152
0,0.030668069030504903
0,0.022886791679160072
1,0.7490614806251795
0,0.006723649159779058
1,0.8244593458902065
1,0.8773107208861866
0,0.4208382639282043
1,0.14475836129066078
0,0.034704995786947745
1,0.7955830773841954
0,0.04308999983999528
0,0.0514634134646979
1,0.14761022794498832
0,0.07387298419801178
0,0.10865210852274335
0,0.0014774975111299807
0,0.028748050835253593
0,0.011292652875417709
0,0.007723005195199713
0,0.05955853311756517
0,0.003848973839248196
0,0.16410416066274675
0,0.010888127084341687
0,0.0031442197108761017
1,0.23089516352297748
0,0.033657600337193845
1,0.8956814465416185
0,0.05674577245852916
0,0.6868554988798828
0,0.05561140414297347
1,0.986972046611909
0,0.967344244128457
1,0.6199302823735916
0,0.30198483937199416
0,0.03825036320256157
0,0.3677369092273607
0,0.05330032656220359
0,0.010800227748940619
0,0.0029834456276527544
1,0.41169883142344316
0,0.0041409345098469405
0,0.014011829180068361
0,0.030477654806185226
0,0.018502912300430926
0,0.04775475542300846
0,0.5318527405595836
0,0.014811619496330251
0,0.02268472257914069
0,0.009568152717697275
0,0.03563971707449054
1,0.8363967056327304
1,0.214072668284921
