target,prediction
0,0.006203214222750157
0,0.35844596760731395
0,0.08156510151497769
0,0.03651242340413388
0,0.006165584419473673
0,0.25689749637676823
1,0.06172049972102205
0,0.3976104677384466
0,0.15605366655825667
0,0.013824947795468136
1,0.8178343306774012
0,0.0024948022498827486
1,0.26749639264741537
0,0.5238417790779208
0,0.05231559007696427
0,0.1875669776597467
0,0.009075329525268351
0,0.015241080702423302
1,0.900907404663269
1,0.9397504985462624
0,0.07194817438891243
0,0.004530592544850376
1,0.5567548957117787
1,0.9092988938784451
1,0.8670184849994491
0,0.7398161367603707
1,0.37420369819883714
0,0.024571692692869036
1,0.6831510110090319
0,0.004016020682579238
0,0.00945537337841645
0,0.013294274391022818
0,0.023217058343496532
0,0.043069109156570265
0,0.011576888142163752
0,0.1423663343476098
0,0.011398483198626777
0,0.04156502564482799
1,0.910424782055087
1,0.7252985404766954
0,0.2052178324064474
0,0.7659512406340505
1,0.9059017083880565
0,0.2510226539787759
0,0.040835685513540484
1,0.7375662843500737
0,0.04490453738230984
0,0.01226607325030312
1,0.9514880694980166
0,0.08304092641196746
0,0.005276136157041999
0,0.16051451505776893
0,0.002002726584840206
1,0.2649962782712879
0,0.024341826784921833
0,0.003560686513769696
1,0.4217838166492192
0,0.02776131489248364
1,0.7154131109432033
0,0.019026140669070477
0,0.05920890355106661
1,0.23781086504709406
0,0.2631899935226473
0,0.23553408314850197
1,0.3015159495404096
0,0.02146396881768723
1,0.7146786215056732
0,0.12966842170002724
1,0.4388706680236271
1,0.9191227336624762
1,0.8959676485738456
1,0.19174757724635516
0,0.002790473009740716
1,0.5395544429683223
0,0.03204759914527901
0,0.05934805353552525
1,0.9976310481428148
0,0.05532980793804224
0,0.013725887375780137
1,0.867189145323775
1,0.4455481135038589
0,0.002956048069036599
0,0.09230170127432787
0,0.1410038195619143
0,0.28894436133257234
0,0.01241312213504054
0,0.03837310727870843
0,0.029444980534691384
0,0.9358551284166632
1,0.9755972156777519
1,0.9695752412038552
0,0.012751559223139444
1,0.7247178469301696
0,0.005705247370402661
0,0.006242752347250097
0,0.19829132389174908
0,0.2510479740950192
0,0.2617161280175345
1,0.8894169065748251
1,0.7665132531706609
1,0.9467014138958831
0,0.022758340043798033
0,0.1403483447905667
1,0.8467394336862105
0,0.00970610378346862
1,0.5782816143392931
1,0.9386172727443237
0,0.0038448979585697872
1,0.7372084974754799
0,0.3172123599734546
1,0.9757436923465668
0,0.6004948214808944
1,0.6196727031999395
1,0.9572658736423897
1,0.8490796219778387
0,0.018158808861240286
0,0.03893958592051919
0,0.435915972889235
1,0.6231333763910171
1,0.8741504849874591
1,0.15350710303933762
1,0.8655080945273069
0,0.03434518829195101
0,0.0087997500041969
0,0.02116628171726612
1,0.9519021820155654
0,0.011881352758923497
1,0.22161444132528288
0,0.06918100822238768
0,0.010393688663932282
0,0.19448242133052043
0,0.012917927782320001
0,0.6699540631958166
1,0.8870260520335779
0,0.10050980438606345
1,0.6373972316897331
1,0.7271141405814882
0,0.03239532719255288
0,0.019116188994841857
0,0.4486558774069486
0,0.034484744919110126
0,0.13194482687590434
0,0.0173774240882059
0,0.02050727050845558
1,0.8993755694234464
0,0.0053856744167829155
0,0.06049325730093267
0,0.01218862705022309
0,0.013633950143527234
0,0.3976042615017701
0,0.018274085963388063
0,0.016498958812447652
1,0.14094147699079332
1,0.6164695924935262
0,0.03869461602297775
0,0.05786975559846412
0,0.32886618912689153
0,0.00944625155891718
1,0.32498907585653136
0,0.022482474568922484
1,0.6017031953958276
0,0.10334885967193899
0,0.003956287677254687
0,0.09901228168108818
0,0.736638686754245
1,0.17630575447980523
0,0.18997834128401409
0,0.02265343711011224
0,0.007523542865749262
0,0.515061556422843
1,0.8916025225335762
1,0.4409807167244322
0,0.01931441377876542
0,0.013189838368086099
1,0.6106746463338225
1,0.49732962597127073
0,0.14379850438139752
0,0.015311427298554146
0,0.018271919317693903
0,0.17689327193795906
1,0.7238453506027367
1,0.8249561714550581
1,0.9938284110790346
1,0.9591581247298697
0,0.006789791388377153
1,0.9818598683966385
0,0.014321499093633738
0,0.01549613611731024
1,0.7882170178144593
0,0.09765096849703643
1,0.7338817960022543
1,0.15111785868539102
0,0.0051634251580073886
0,0.0668820776104154
0,0.015873205973714815
1,0.8768093953732465
0,0.08671214336939315
1,0.27623022738817893
1,0.7922484598332166
1,0.8354386880561654
0,0.13722097616165893
0,0.016748517325132082
0,0.003325805360847875
0,0.08440700555103887
1,0.7567074709543282
0,0.1441123684774071
0,0.03950946500312845
0,0.0032915244762973606
1,0.29928344430127896
0,0.029668445301850723
0,0.06618940069040115
1,0.41966786616489504
0,0.006156108694251396
0,0.02699984207294899
0,0.02168748613573137
1,0.5337680973936578
0,0.6865598357036533
0,0.0006563750614158028
0,0.4711305505629474
1,0.78542904346445
0,0.008894017113540141
1,0.027994994038078397
0,0.01882989461330525
0,0.02655061656188167
1,0.7537925614427504
0,0.15492622868310574
1,0.8736650882755069
0,0.0876347149289691
1,0.9185126910774711
1,0.17758756321590308
1,0.7466629355913866
0,0.009822435877913793
0,0.027237435919070147
1,0.10872406459081907
0,0.024634326595343658
1,0.9261133968606344
0,0.23240026559088028
0,0.002514513943894316
1,0.9044003837990522
0,0.6262389283960148
0,0.011705833037468874
1,0.8848850237811391
0,0.00381353512094786
0,0.2084430492627619
0,0.08621242508454614
0,0.003314886814696711
0,0.4209810048873165
0,0.002041182306532215
1,0.8927630840480256
0,0.01322408905483892
1,0.6760413850244881
0,0.39770758981369664
1,0.922375417480842
1,0.9784799267646337
1,0.6743649502919187
1,0.9070908024718951
0,0.3368302805240803
0,0.0013104143795959337
0,0.5079025214990041
0,0.044597787915120535
0,0.7679976303792965
0,0.037455817769168655
1,0.5895845010682321
0,0.013345030758501067
1,0.4637484670563011
0,0.007496417569548419
0,0.021728769376144038
0,0.6859029995562597
0,0.044843829237703706
1,0.41086650395164587
0,0.011617887834242254
1,0.7594279972990712
1,0.8875507997256564
0,0.07315817584567402
0,0.005852009185654042
1,0.9212964098133468
1,0.8933658987947302
0,0.4268290786354006
1,0.8961157577148443
1,0.9397649499528576
0,0.00657066294163555
1,0.6879250422344274
0,0.005643932888243665
1,0.8180683801895262
0,0.010969078803158436
0,0.1381265041746807
0,0.20661707205053864
0,0.05605312989674895
0,0.02067246755425039
1,0.9117735156475069
0,0.06412180773888279
0,0.0077951239751238065
0,0.5701095866164174
0,0.5201528228381942
1,0.944763592436905
0,0.0020251207563027128
1,0.9570049908096875
1,0.9669636157609175
1,0.927290571734068
1,0.9863210501846582
0,0.5394195307445959
0,0.01344168000107016
0,0.007239300836247785
0,0.4823924050800738
1,0.8659017253570115
0,0.011586691070814406
1,0.7825701345079948
1,0.07748711357811404
0,0.022271369454755986
1,0.5618782849442634
0,0.04772133648439286
1,0.8774694938853358
0,0.004314110151584501
0,0.012180857091059427
0,0.01720322420197362
0,0.061842602515630125
0,0.3197982739078086
0,0.08014196910575833
0,0.07412835516665418
0,0.004378915653565328
0,0.020463945614517795
0,0.03069879198683408
0,0.011516161754281782
0,0.02090479035979009
0,0.3208835196171939
1,0.8691650793828013
0,0.011004826438066948
1,0.9255435840563077
0,0.0028635679022615992
0,0.008220216520356463
1,0.7445738986929196
0,0.5367667545546831
0,0.061193468755762405
0,0.01376100117843402
0,0.2902443791476006
0,0.05909196053869201
1,0.7169634155147218
1,0.8097543554345575
0,0.2544428035612848
1,0.8877101935864281
1,0.041811451406192184
1,0.9635818372768582
0,0.006359999284676355
0,0.014005153160402737
1,0.6903034020712551
0,0.004649848846141271
0,0.67918039662866
0,0.5380130224717218
1,0.7034072261560537
0,0.021008761797678483
0,0.005829347670348028
0,0.08716119029001815
1,0.512598929656555
0,0.021162124045082272
0,0.16623878531854203
0,0.2606110702414668
0,0.06612684847065733
0,0.024498885061328714
0,0.807561572478942
1,0.38236079684141955
0,0.04464083139135838
1,0.9753003633685445
0,0.007942820022128129
1,0.06702845996133827
1,0.9236491563927605
1,0.9945224569892646
1,0.9475148913188827
0,0.27761242697027877
0,0.005557555698609571
0,0.022439400404112533
0,0.04260065411167824
1,0.9338880156333116
1,0.41882137885632575
1,0.5108008557942978
1,0.9041752916177401
0,0.20027369187281596
0,0.7228756711265912
1,0.6845746806375765
0,0.19094503501021612
1,0.6574173971259624
0,0.03596304298945034
0,0.020132626854229813
0,0.0733785177972834
1,0.7110682918831087
0,0.13633959392814518
0,0.026476957744506865
0,0.024705179460544683
1,0.9585129738253602
0,0.07827944676669304
1,0.743882286425383
0,0.002929443343407749
1,0.748367049082475
1,0.9867665284390296
1,0.6449086627296591
0,0.007454227526967792
0,0.21107132867904008
0,0.10595906416119244
0,0.008543043243721776
0,0.06388807005539592
0,0.15979245263491737
1,0.9493276247762249
0,0.08291870230818515
0,0.2930949977441127
0,0.30215190470061715
0,0.017542425555326556
0,0.6564714089092264
0,0.36838509482617404
0,0.9566710346777905
0,0.7482509911315769
1,0.7380044756033818
1,0.02803933750016271
0,0.40325867669921317
1,0.7989317070018523
0,0.018274417948592008
1,0.9894764504543939
0,0.03321131213573471
1,0.6035405666944221
0,0.007469853899682794
0,0.2031428788488185
0,0.3434924157940977
0,0.0967691711811731
0,0.35557778626781766
0,0.020770940517636928
1,0.8593714050457935
0,0.006927597922905595
1,0.9803990929701916
1,0.8982501878868706
1,0.7268604143473277
0,0.9307680225633284
0,0.003936672922213114
0,0.04991978191763413
0,0.015284702570282553
0,0.004787454574391394
0,0.026231296084984635
1,0.9803612190215044
0,0.18535670443007068
0,0.035235474836108095
1,0.49806410991437805
1,0.966921743947705
0,0.25012657984571307
0,0.4224417522678336
1,0.39758204120761936
0,0.05770616355241337
0,0.43832665445489616
0,0.07173473602475257
1,0.971212771632702
0,0.0490425092597412
0,0.20013755373060718
1,0.872519798712137
1,0.12914945527827384
0,0.009611316101125861
0,0.49386624245589444
0,0.017524137029977342
1,0.7252273961916197
1,0.7222040617233216
0,0.4209810048873165
0,0.0011208249386932512
1,0.2789521489361402
0,0.0022436153002346002
0,0.006692139262356399
0,0.018009305379426396
0,0.030211249409225874
0,0.12345780709694323
1,0.8666286467547635
0,0.4749551255906134
0,0.2158329429287221
0,0.5203509768374983
0,0.11448415702016783
0,0.16112730224239463
0,0.9676093798831958
0,0.3765441471634821
0,0.6589962397591023
0,0.026906576425358264
0,0.6209615081340598
0,0.0027479676948137543
1,0.1755860418434304
0,0.016676362094112718
0,0.24604312777825563
0,0.34250631646971624
1,0.9458741299379904
0,0.003893541960485439
1,0.4278910534603951
0,0.05424139706970742
1,0.8856488444691207
0,0.007325909013534818
1,0.9303365298181675
1,0.8218468841507424
1,0.7394240499356078
1,0.3284070035231295
0,0.16135127897446275
0,0.06645152404433935
0,0.05895635090357927
0,0.0030757811727853616
0,0.17565518653899614
0,0.0017697868521058474
1,0.8365169443916645
1,0.5635583482553471
0,0.047727564331936166
0,0.062610019069561
0,0.08767655737900255
0,0.02165640658884832
1,0.6402320570564237
0,0.2558461636722161
0,0.03522111244776876
0,0.0408244652263698
0,0.007344889359625503
0,0.0019300073626400617
0,0.6843620724836093
1,0.9247116975659275
1,0.2863749913009989
0,0.1273381060616958
0,0.012440326058473948
1,0.8817672472838723
0,0.28463974265765196
0,0.025561833563750618
1,0.44945472290935434
1,0.3271644004088942
0,0.010535966330343823
0,0.13163853507453638
0,0.056576105689062246
0,0.44617048412570215
0,0.7451685897701569
0,0.11398073578741445
1,0.5640407099459644
0,0.23278189175202013
1,0.6696765229102903
0,0.004311681726460351
0,0.07455239863052349
1,0.2769337284695813
0,0.008749970947542181
0,0.033697729592500066
1,0.21956758990191064
1,0.876200441055284
0,0.01349176703236437
0,0.1591667291761629
0,0.003156925058444281
1,0.9943692797838455
0,0.01805018677768837
0,0.38380943059464356
0,0.0030135286519784353
1,0.3604040075219689
0,0.9200696399291177
0,0.017831179688169097
0,0.002903652613272127
1,0.9517282302296942
0,0.14623675418764906
0,0.35710376429743285
0,0.005283185616419083
1,0.4890043734213324
1,0.7139766702675601
1,0.7060036604970165
1,0.5272783972173459
0,0.006259076428912084
0,0.025137712760611372
1,0.8460648853671672
1,0.8972143487094721
1,0.9395571369433919
1,0.2399295035431074
0,0.8464152150480252
0,0.07601001138916443
0,0.16980268935915876
0,0.005002871060221553
0,0.018228588792565125
0,0.03601555599849399
1,0.6021987136541509
0,0.007026249277856634
1,0.8286006713886421
1,0.5244850619476168
0,0.359572392942049
0,0.020219576346740556
0,0.005916785814027768
0,0.6318161917673278
1,0.7587335999027022
0,0.014861851248783486
0,0.16857719475561433
1,0.6358275236823943
1,0.8797407511610268
0,0.009503330761520608
0,0.5142213401339739
0,0.0026853687627551737
0,0.07421327636111687
1,0.8501718797283255
1,0.7441496228689735
1,0.488565328134816
1,0.9644895884835216
0,0.010336722227114653
0,0.08573130603360336
0,0.009709292333130788
0,0.8419131239412279
1,0.35856227615452985
0,0.017861639202242867
1,0.7062498721120885
0,0.4290071140187223
0,0.005482367911905213
1,0.5805984132611509
0,0.0184080395778876
0,0.013603572633712067
0,0.04572658469115989
0,0.045103173624306894
0,0.06354329108941587
0,0.0030863852773903113
0,0.011653787820281179
1,0.5413306254422167
1,0.4065425214787245
1,0.1719829078576944
0,0.010670755365004482
0,0.6450055262878034
1,0.6947263574844995
1,0.05738423748091497
0,0.007327425451183968
1,0.9434194497674631
0,0.11181903487808452
0,0.5437913193703461
0,0.00677816176481924
1,0.20892613807942886
0,0.18007563446872252
0,0.013013415213172445
0,0.393264874289605
1,0.984086165323382
1,0.9489746211648769
0,0.18019876211518315
1,0.867355674507424
0,0.0028688187925491096
0,0.5120189874608144
0,0.30795528593886967
0,0.6851866915479686
0,0.03203651065414705
0,0.912589222497722
0,0.3704455368026294
0,0.06529672756284537
0,0.012282245132540781
1,0.48632666347104614
0,0.0026934645177856737
0,0.004171656796926854
0,0.0916680709691188
1,0.9585005906431189
0,0.4142169926858637
0,0.0641333678640541
1,0.7496046335261118
0,0.06639332254968942
0,0.14778325528365593
1,0.8374165467224355
0,0.003804818980835474
1,0.5387043729408983
0,0.19096634869199577
0,0.0728270816097355
0,0.012552358767539545
1,0.22135771946030713
1,0.9568259151758975
0,0.02791839346446477
1,0.5990735461358383
1,0.9252640238086514
0,0.06363017170941551
0,0.005954077322790652
0,0.31565443155409956
0,0.9089644948262579
1,0.12174996626237707
1,0.9008797601969393
0,0.12309678301962643
0,0.25490787129998377
0,0.007787953017385554
0,0.09770430510197052
0,0.016973369559639077
0,0.19576040825106444
0,0.5457176327993283
0,0.011898214607856152
1,0.5408430829962207
0,0.14544283447073278
1,0.9148076948417128
0,0.0024384833474556523
1,0.9772416145848152
0,0.007622021854137231
0,0.01559130495710618
1,0.9247806056616322
0,0.0037687891460560013
1,0.9074374630684782
0,0.7515340077727635
1,0.8718308487222817
1,0.9491062802622009
1,0.4309556861017296
0,0.03582614956525197
1,0.05285760459317714
1,0.8673717117073219
0,0.005210620806928185
0,0.18393798379286383
0,0.056989817509058786
0,0.005782432741127558
1,0.9682540959331927
0,0.007651629097519739
1,0.15999500393909954
0,0.36330658403405874
1,0.809657720649434
0,0.0012760837906349396
0,0.20877356764261457
1,0.6720016045273789
0,0.012795760722978234
0,0.07143429989559572
0,0.012873503234164382
0,0.017138032958755746
0,0.08625635833269031
0,0.17438696550572053
0,0.15213579047729395
1,0.26590152868966616
0,0.003365915134543541
0,0.6816721209994855
0,0.013203648109084464
0,0.005889580486636703
1,0.4441598370348431
1,0.8903808700740714
0,0.03809243768790018
0,0.06948869968916234
1,0.61203072420677
0,0.002243510357264059
0,0.01977679338099523
1,0.7747935458547844
1,0.5541354046309251
1,0.7406256901980596
0,0.2351788027377275
0,0.7166383117913292
1,0.6610082513102662
0,0.015282596085121386
1,0.48913804303715624
0,0.033647430983045325
0,0.08387362566027434
0,0.011591277339520135
0,0.10311509081218351
0,0.1094700022859936
1,0.3116866511066891
0,0.1034694805208069
0,0.016174353109959756
0,0.3613996099115802
1,0.9023762821961225
0,0.021051385352856
1,0.818648896110491
0,0.03336741224891934
0,0.47209206342774657
0,0.0549646183171618
0,0.4191426181152479
0,0.05784207991627884
1,0.46210036489994255
1,0.8666186474107795
0,0.022229922926844625
0,0.015334471452741031
1,0.4987118634188555
0,0.7798644725804517
1,0.8861578159298499
0,0.10970649779805101
0,0.008833713497030595
0,0.1460612673189996
0,0.05034474464362469
1,0.23621340660503948
0,0.047024557439048126
0,0.5206397237033373
1,0.41701882438759363
0,0.48709563232203973
0,0.05427796644553145
0,0.4742305129344777
1,0.9440956730895569
0,0.009070392039854923
0,0.8692395865841072
0,0.028167371470799965
0,0.005617929302422769
0,0.02131466094910376
0,0.10066689306222663
0,0.03583680818003693
0,0.15496215681513595
1,0.9173361435660725
0,0.016688637030067663
0,0.24235721554096457
0,0.007596136826306773
0,0.4734531526349667
0,0.19446531265019584
1,0.9607034293175263
1,0.9061085470402158
1,0.8354549910627228
0,0.7109683019717238
1,0.8984186432211035
1,0.9504888961718088
1,0.7030563929217438
1,0.8703743669838826
0,0.5355124409582185
1,0.8514390498935335
0,0.011492438632046681
0,0.019169699297849122
1,0.7246502160830738
0,0.04046665734295925
0,0.010568015042497231
1,0.39063620110811476
0,0.14794161537449343
0,0.015730061239908406
0,0.003547357386968568
0,0.01196645579024434
0,0.9144146158037286
1,0.8465141380156744
0,0.9714702168779072
0,0.07237378864321699
0,0.049823027655648965
0,0.9197602485015414
1,0.9733103082360782
1,0.3809614855893097
1,0.5233614629557385
1,0.7925620896636846
1,0.6186906540611252
0,0.425893390254067
1,0.10660650539046708
0,0.06984385505289778
1,0.6686430509112571
0,0.2713730529302326
0,0.07580174851317342
0,0.12738831333792064
0,0.8339605349742734
1,0.9954917348597822
0,0.027849850718957268
1,0.8815448210441349
1,0.879574401341744
0,0.8378472803806538
0,0.05329675795601008
0,0.32059886069541427
0,0.19176386394778527
1,0.5948079240991075
0,0.08620019084330952
0,0.0014499467280516144
1,0.9333904107450053
1,0.9479889808585157
1,0.046945418779912505
0,0.008841150332420796
0,0.053466885634720074
0,0.31488171653863245
0,0.4996551357797236
0,0.012134473171600837
0,0.10687780959710497
0,0.04947996141407623
0,0.030265839475490254
1,0.34707566040055365
0,0.003418297683070974
1,0.6324225124244353
0,0.2835468287752486
1,0.8624272791175269
1,0.843555389412591
1,0.9270947366327051
0,0.00952997955563394
1,0.8832681890293663
1,0.9210084046734478
0,0.01757140488984264
0,0.028450690973125265
1,0.6016685372006136
0,0.773609015854948
0,0.011680204061757878
0,0.006332960757845135
0,0.010418649540490155
1,0.8283817593900015
0,0.5964987892491674
0,0.40299341476969763
0,0.0247582189017825
0,0.05517828402454722
1,0.451902072007801
0,0.11154724560651698
0,0.13872397922723728
0,0.008373789942173358
1,0.787600930185022
0,0.17406531237744857
0,0.012744031232159449
0,0.012662820918857554
1,0.20163741507021224
1,0.5010948625005391
0,0.049752772901624054
1,0.456611084419343
0,0.009339142294013763
0,0.21191923691344297
1,0.9863852272485972
1,0.8907223057117489
1,0.9424278142059166
0,0.2857670586255337
1,0.7414092469052178
1,0.9184191544458407
1,0.3356968106611496
0,0.24233138757174705
1,0.4460663889298745
1,0.8522159454308971
0,0.011709907605349542
1,0.837838384786538
0,0.07409732604500456
0,0.04299410844084012
1,0.8498615560479801
0,0.7702527684942135
0,0.052457862424610306
0,0.03092018715343656
0,0.1964317302645532
0,0.003180130305431078
0,0.032894566061647874
1,0.846817743949504
1,0.9614236437693346
1,0.9529036667799026
1,0.6854076197465754
0,0.005575794336485748
0,0.027768684564805524
0,0.07938247763403024
0,0.005264761300162981
1,0.1342104764873947
0,0.05277392225476425
0,0.01913180034212672
0,0.012127537785427467
0,0.004689827770836293
0,0.4382376290614087
1,0.9832453424210968
0,0.4871618654858495
1,0.9324474336608541
0,0.05460146806965892
0,0.19496448791269252
0,0.01685348861106979
0,0.5681570111295645
0,0.1039200834979474
1,0.8712102317169225
0,0.8629662665834711
1,0.844999216977396
0,0.004201874065288009
1,0.9577478937247395
0,0.008695296792858546
0,0.08100487663503406
1,0.9074719910298737
0,0.3172697208603865
1,0.5700193949187405
0,0.4036747794041019
1,0.6949363375787455
1,0.4829065509042942
1,0.9941212951691712
1,0.25724466927066253
0,0.07048517855689566
0,0.1837051265029245
0,0.035082945484175
0,0.018670665929243983
0,0.10970241167934754
0,0.19700731947645475
0,0.49225090921731335
0,0.3037737545119963
0,0.25171362148890597
0,0.011231451020671869
0,0.13938786599170047
1,0.6703548695985769
1,0.4119820579382437
1,0.9423487683157661
1,0.8469598761218636
1,0.2920024656720212
0,0.07396757587212942
0,0.010148203185312715
0,0.3416035594352384
0,0.013427198209218961
0,0.0091729584089363
0,0.007137019371805638
0,0.010829214965810567
0,0.9222804002876761
0,0.2256460442343705
0,0.4424736387730747
0,0.6401823371324314
0,0.20570260471142957
1,0.9799649298221733
1,0.749630357862502
1,0.8772560103139002
0,0.007331988589850528
0,0.012196794412519333
1,0.9657738962714697
0,0.15348449930754451
0,0.008209322883554521
1,0.18238291628021608
1,0.9704131553301242
0,0.09687049232597661
0,0.46359020716919663
0,0.004096655674585591
1,0.7507626523885053
0,0.001752351854414113
1,0.9051276050356802
0,0.7965740536171072
0,0.012159004181726385
1,0.963963023168959
0,0.2743116742959781
1,0.9266876300020236
0,0.006237600423267268
1,0.9483058917421822
1,0.481910255613686
0,0.5854190230953232
1,0.3153349497253471
1,0.01998765460499501
1,0.6067988626014411
0,0.05595411518019928
0,0.06529848825451118
0,0.08606935620354123
0,0.005467834929624009
0,0.5792622825506283
1,0.9399177494304171
0,0.24978970251580918
1,0.8526737469881097
0,0.06540398369478585
1,0.6792498340214091
0,0.020792950219048895
1,0.7879886877893297
0,0.012460711054717742
0,0.006580145117448687
1,0.8423175840630958
0,0.006313326206662002
0,0.006417889907425613
0,0.04675312370541061
0,0.001771705737481902
0,0.2013223767744171
1,0.9834215407511865
1,0.18673883820204892
1,0.8684850861874179
0,0.000985200340646063
1,0.9459625058711844
1,0.9591766103749655
0,0.05230977793041227
0,0.002970863631764775
0,0.7217622359294835
1,0.8227704403152297
0,0.44741423109990325
0,0.9425734726699079
0,0.5406596517404081
0,0.02809059679834141
0,0.12025847621644126
0,0.2172927342294424
0,0.13048415002824848
0,0.05879739395988736
0,0.018495933637987245
0,0.14034373608160824
0,0.003289549999938701
0,0.011379074957601348
1,0.9597067598311919
0,0.24268510779807168
0,0.9823670540016525
0,0.00844522346420227
0,0.08183118536936733
0,0.7987261444793349
0,0.514341610263692
0,0.2869169987196763
0,0.016804486444491486
1,0.10502642490745515
0,0.008412774758217792
0,0.006387700943307301
1,0.5831734995765634
0,0.8297379823265485
0,0.010422949420085096
0,0.015126114409810184
0,0.6404874690672878
0,0.41545169034134083
1,0.9452646486587092
1,0.26658439303143283
0,0.17422801642020982
0,0.12048212006659827
0,0.07886553236736164
0,0.12344446418741357
0,0.06002350236977891
0,0.13760329104593888
0,0.5141505770681722
0,0.07719925082676432
1,0.5803519766007297
0,0.04130199554705931
0,0.04123516075185334
1,0.7537343002258716
0,0.01857426685945249
1,0.9002885781050997
1,0.7390111996166293
1,0.8105533986801067
0,0.3669693589680854
0,0.27288145511550393
1,0.9086435704104289
1,0.5246173187015508
0,0.017819812365626662
0,0.004309044375415581
0,0.1651747851999182
1,0.79395280786889
0,0.010866769406043772
1,0.8796149694778748
1,0.8693421614629608
1,0.8785681868955696
1,0.6842679641913094
0,0.09856530940348272
1,0.7402095094240221
0,0.21050172026383362
0,0.013968343387885876
0,0.039235579261879004
1,0.7569585660819834
0,0.7301110886042911
0,0.3702259156831926
1,0.6453498927810912
0,0.09380095876968987
0,0.04065153460512375
0,0.2304521073487528
0,0.011239597773766638
0,0.27119661200550277
1,0.12270880830160703
0,0.08024315741319536
1,0.07544391825105125
0,0.01981480802171729
0,0.006632424768746392
0,0.0015482662581603164
0,0.035755016181802456
0,0.05333141773107323
0,0.004178714333007197
0,0.2903286778333295
0,0.3896325992416072
0,0.13382424345733354
1,0.8064449291227078
1,0.789146759841964
0,0.5371533969769348
0,0.0009011074799425347
1,0.09218232479318407
0,0.005884934149626193
0,0.24054700296698472
0,0.009164351928489314
0,0.013732633912945968
1,0.12188550513452542
0,0.4690206070924511
1,0.983957121182141
0,0.34437971052190297
1,0.7639032927509368
1,0.9037858456567295
0,0.003169841942545947
0,0.006354005364529164
1,0.8455481451315343
0,0.008690849100777446
1,0.9059130830041687
1,0.9487269245280792
1,0.7398220180335445
1,0.8923729279039053
0,0.08177900461688259
1,0.7727967518165182
0,0.20725284651081624
0,0.2204403006269725
0,0.7425854541882854
1,0.248345519052034
0,0.11244569760831799
0,0.570201152984931
0,0.00887020726762998
1,0.1933041876207804
0,0.055531197908586925
1,0.8141364987308103
0,0.00864838561379724
0,0.2970430328855869
0,0.06420696069588994
1,0.31349760435428725
0,0.005742333397808419
0,0.39128815519564436
0,0.02332109972346513
1,0.4193537386650804
1,0.9234202198379458
1,0.8402435970613609
1,0.8772560103139002
0,0.07681685508929581
0,0.5492319911029813
0,0.07823636191370846
0,0.6599518969885106
0,0.08074506814693716
0,0.0037447464868948194
0,0.0784226280134793
0,0.0372562597758233
1,0.5377281999019996
1,0.9799893040349691
1,0.0022659880319092084
0,0.018758305866143667
0,0.2230856108478462
0,0.011164214581610857
1,0.7544738555229709
0,0.00212318232639637
0,0.5015326588933826
1,0.48195235885972154
0,0.0048733851539663735
0,0.02419027257331574
0,0.029038188523870773
1,0.6213457492949935
0,0.04354215538849126
1,0.7891531534540941
0,0.06363324794799864
0,0.24251106654062837
0,0.892763096186354
0,0.07556819806598877
0,0.45447848984270717
1,0.09520506521925584
0,0.47296265196432014
1,0.9172982370560032
1,0.8667316279186785
0,0.008753360894928248
0,0.014361022266612828
1,0.555775095723391
1,0.7795680370409894
1,0.9344850758789559
0,0.023490960609597253
1,0.461752734025596
0,0.053890260712487564
0,0.013403011852061084
0,0.005154695098109844
0,0.5051285441613739
0,0.6189644100982029
0,0.7831638030950373
0,0.010696359557754812
0,0.025109045032215345
0,0.589551171606172
0,0.008528234211790234
1,0.7990738199750997
1,0.8611312829830348
1,0.9941060005777739
0,0.03203782046370899
1,0.469562323254656
1,0.8580276478500332
0,0.8170439485468569
0,0.05787219538724646
0,0.04289069289018782
0,0.07306540497800186
0,0.4640247830453996
0,0.6273395788332827
1,0.9016081583994987
0,0.34909142794805204
1,0.8947449307510027
0,0.00482361061212609
0,0.010127624104689065
1,0.5122081671083673
0,0.05620575981668795
0,0.0749515972065958
0,0.04418551492962873
1,0.4441266942215332
0,0.21774270878234425
0,0.04783748617353227
1,0.5292815340768807
0,0.3047706525785133
1,0.2735208636574494
1,0.6656616273990511
1,0.14210822268780743
0,0.011974128517595163
0,0.015424060716394
0,0.021204102483659264
0,0.015905027101789312
1,0.8363842704868756
0,0.19056568071534638
0,0.008870272125006438
1,0.8015094644246328
0,0.02976512186422635
0,0.0132302362751113
0,0.02018052178616182
0,0.05156286879112407
0,0.0033359461785416908
0,0.5123174695234297
0,0.24321370101512588
0,0.5560926057666982
1,0.7138446597081682
0,0.0037095216247534815
0,0.49554113425586305
0,0.4553212053474125
1,0.21161878838418974
0,0.022237031314537064
0,0.02488258595903998
1,0.8169600856291366
0,0.01257902129180367
0,0.11605183434456023
0,0.007601355436125059
0,0.06252239959648873
1,0.96264569037412
0,0.026148477621128294
0,0.15021751267399808
0,0.025525505070179665
0,0.09574473620148657
0,0.058262978413045126
0,0.9664373101764174
0,0.024979993708776467
0,0.02296657926871749
1,0.1934648573559558
1,0.7712078558396349
0,0.0887877587414877
0,0.5152443382806227
0,0.16508723914524992
1,0.9560637742088193
0,0.04523457756464492
0,0.5466403816439966
0,0.16282635181056276
0,0.007088900037911412
0,0.0263058704166411
1,0.4014596198527058
1,0.9141329720608183
1,0.34791604032480805
1,0.8532240635023087
0,0.9617745741826784
0,0.08444865352705973
0,0.5368719799516019
0,0.38721978116882255
0,0.8538018868315674
0,0.012376549173943423
0,0.034904081568559744
0,0.006714038791903118
1,0.7503065220010362
0,0.4679009090474134
0,0.4359779550468439
1,0.18515321346515698
0,0.005115953780348329
0,0.6797124015955592
0,0.7922433254461496
0,0.004458420225405477
0,0.009943371097853485
0,0.046084094606243485
1,0.9721826377142269
1,0.8450848612616999
0,0.04240485518114392
0,0.015181938018250024
0,0.010763390941587972
1,0.5735585861102739
1,0.9164523750770412
0,0.2041947654796654
0,0.08509276016880504
1,0.885871551376664
0,0.04093693367701285
1,0.9732580814512483
1,0.7651099679213434
0,0.09157449655639395
0,0.00522341023897096
0,0.023180330167616104
0,0.46672406251411747
0,0.29690885901698183
1,0.3631591176120892
0,0.061850637575283855
1,0.9029343010808332
0,0.0257568108769848
0,0.03728230524359971
1,0.3410257110364665
0,0.006183628647851778
1,0.36306955542241975
0,0.002820129018393469
0,0.02236747911702341
0,0.7356543282896547
0,0.6453352939005843
0,0.01414984041348064
1,0.5981881710468444
0,0.003875840324726121
0,0.007517677549670928
0,0.01002235392893454
0,0.04701048808247252
0,0.3933053025841998
0,0.6405630347682364
1,0.0191865596351903
0,0.0060329670710724806
0,0.2222358832153373
0,0.0247981694531316
0,0.013264483236960424
1,0.9591959515509829
1,0.9558040152165167
1,0.9121972423559542
0,0.027168181456500608
0,0.0022847772089179836
0,0.008607254945673727
0,0.028994095324729182
1,0.32799421764886555
0,0.12245750962205301
0,0.10253463264047581
0,0.2901754407583016
0,0.16112957413909038
1,0.7307916183362193
0,0.02441991138920373
0,0.04340072819050384
1,0.7519556215994465
1,0.9006345276121003
1,0.5204366810081255
0,0.21016808077360033
1,0.6779396970016276
0,0.3527024986859116
0,0.10558439388430471
1,0.876818095181596
0,0.28806738749572414
0,0.024016269776952526
0,0.028782666524380815
0,0.004461756986055832
0,0.0651195546272286
0,0.759202793822387
1,0.07428587615627093
1,0.967295875599572
0,0.15195739235210595
0,0.1588041613745092
1,0.5225129506309343
1,0.17444481228370506
0,0.10116509839561291
1,0.4549189662847434
0,0.01391951733169282
0,0.05056267025178044
0,0.03970351802311912
0,0.005928279290648185
0,0.6598312143391432
1,0.8047483712942374
0,0.0347341091260677
0,0.04428594735972269
0,0.027293197331274267
0,0.021611232781020673
0,0.09206566214317048
1,0.9335736053526907
1,0.26937333039504824
0,0.05485065192777699
1,0.5105218670957593
0,0.02733816907193723
0,0.0036917569962263306
1,0.9808185756640558
0,0.02744485555615533
0,0.2324673853990455
1,0.5708359659362193
1,0.9709929655520113
0,0.8680922141568466
0,0.07421917355436967
0,0.02374008994692461
1,0.8535821576528909
0,0.004153816062700654
0,0.1528492001907929
0,0.018662231865151643
0,0.6520650678679041
0,0.01682698690409438
0,0.046971698353746746
0,0.03803490435058135
0,0.001270878534463759
0,0.32718677424028575
0,0.2587375605542398
0,0.0029307170498121403
0,0.9288565895463885
0,0.060992129885239436
1,0.5851635295291321
1,0.43308242146765347
0,0.2500801148209631
0,0.35208080372086237
1,0.925231963419479
0,0.7686735630435861
1,0.7316473921736112
0,0.11837713869188354
0,0.025137713140382656
0,0.005709083663240717
1,0.9268944247423845
0,0.08094310500658208
1,0.9493235231898871
0,0.010553942524591044
0,0.17110312027136212
0,0.008019396672807117
1,0.7242916210963242
0,0.6369250814403901
0,0.10766982942996828
0,0.7987050172149972
0,0.013268466892983782
0,0.2799120797313975
1,0.65816172369419
0,0.0035906642862475312
1,0.5354807649377409
1,0.9712413849612056
0,0.2476072832885368
1,0.4133344084326422
0,0.022223141955836717
1,0.5876026713346759
0,0.8109141642364494
1,0.6873013265981878
1,0.679359048778218
0,0.05313435703177582
0,0.0032637780951464417
0,0.023795717087550336
1,0.8499118149157258
1,0.615502855808512
0,0.011996334597702368
0,0.18531678095374954
1,0.8924679017394479
0,0.08238896322368552
0,0.013821078562334551
1,0.8534786984058443
0,0.03400437288690042
1,0.13453437985780262
0,0.006751577061135251
1,0.9697265363521613
0,0.009255172441462614
0,0.06645137577006577
1,0.9386762125582139
1,0.851976428354937
1,0.5014165966833783
0,0.0353016943715445
0,0.5458011390260665
0,0.03717664697871758
0,0.17191896027885095
1,0.5845300785641903
1,0.9318966707777875
1,0.9271458766785114
0,0.7757268500736613
0,0.2902443791476006
1,0.974211996808004
0,0.07516731284633904
0,0.008519343464847203
1,0.5501407457118053
0,0.006216115122186582
0,0.0038537194464251315
1,0.7774511627029214
1,0.7879200816843391
0,0.01969751977248901
1,0.8814786791746154
0,0.08587665217082142
0,0.013039169675932624
0,0.002502315090946872
0,0.014566303780407958
1,0.9393279221411118
1,0.7030891137203651
0,0.1052311347730314
0,0.3859840670052269
0,0.0024986468791481776
1,0.8955544622718957
0,0.050903773647879375
1,0.36151316800506794
1,0.9524013734083266
0,0.01065271144003593
1,0.9505814084641709
1,0.6395366483363317
0,0.6382033831550575
0,0.006110752029826495
1,0.43471505204258615
0,0.396905445312583
1,0.8672312393691691
0,0.030423823539128036
1,0.8678848516401975
0,0.0280174798054819
0,0.07752482148613814
0,0.028611967401353848
0,0.020454137745575054
0,0.0772863025242377
1,0.8292741293348481
0,0.8884782830414274
0,0.0996416538976793
0,0.03248608251496998
1,0.4087803904017283
0,0.09332509899357015
1,0.726926957541145
0,0.3984980237802217
0,0.041656097188443965
0,0.017483980753978636
1,0.3207906808170033
1,0.8707673434184304
0,0.16946413483607192
0,0.02847558478714446
1,0.979491108184186
0,0.003817825238569449
0,0.0046593651515853115
1,0.8905827403720936
1,0.8495892618050394
1,0.7646805033516527
0,0.2532283576682648
1,0.9263236013587692
1,0.9423625721115838
1,0.5670774167197439
0,0.15725763520572078
0,0.033671978955307796
0,0.0278231271583587
0,0.044334446237193424
1,0.774076595162556
0,0.05363024564707475
0,0.02828770436641504
0,0.4234808481826776
0,0.10585576592379763
1,0.9565223566245633
0,0.12340949797956613
1,0.9538300178637139
0,0.06665853179190397
0,0.002928679270166036
0,0.017898887122728167
0,0.0036530174111901225
0,0.027042917897425824
1,0.7173642495094195
1,0.9208014880645192
0,0.051697452575149655
1,0.23573662492686015
0,0.1885858422951798
0,0.1532290299368588
1,0.9102822505453623
1,0.9349408415146361
1,0.8967333538590698
1,0.46807946726624305
0,0.06211140435032704
0,0.10584626552705001
1,0.9334686414919874
0,0.10811251921746629
0,0.002890533836628361
0,0.0045558769862072855
0,0.0024330936525874605
1,0.8559565434443803
1,0.2562562118489433
0,0.09995735911391085
1,0.8597071265105808
0,0.060470808765447324
0,0.029817639097922455
1,0.9566346893982894
0,0.15112283912781646
0,0.12298835057352242
1,0.943491188441417
1,0.922609565333516
0,0.1663251918670243
0,0.0868774435357942
0,0.06385683655936818
0,0.02110149495106694
0,0.19892801436448168
0,0.10175026213127512
0,0.3424573746321797
0,0.0053116667741175275
0,0.0029905405443194223
0,0.5430559703067817
1,0.849810005846884
1,0.9673448228008693
0,0.3006857647217156
1,0.9201916703566977
0,0.8269320140781502
0,0.16408766986327605
1,0.9767011451881837
0,0.3578542870186003
0,0.11519192324080452
1,0.9728692109147528
0,0.18251994263079885
0,0.06914258376428738
0,0.007341500868951124
0,0.0021292227505272225
0,0.20967061359390315
1,0.7912537068719528
0,0.0022922954255139368
1,0.3382448904630033
1,0.7743617295351477
0,0.07635560813751903
1,0.9330190719970929
0,0.0313621498366462
0,0.9339671041868032
0,0.04646449888905136
1,0.7998672079081796
1,0.11647347275785472
0,0.48473793318433367
0,0.43109449349784723
0,0.007136227601234926
0,0.2885177733005296
1,0.9746515999991793
1,0.48341927401777485
1,0.323863272451247
1,0.6068624668588029
0,0.023886369084733395
1,0.4357352089222344
1,0.9231448919920356
0,0.004040651046097157
1,0.9404169665074601
1,0.9523456716701315
1,0.4716250349616826
0,0.8914741638855408
0,0.05832292445954498
0,0.28490238654862426
0,0.040764383373316664
0,0.02325322409123746
1,0.88184099668635
0,0.004842223784403549
0,0.03449501855640444
0,0.04664949370495631
0,0.18377124049448176
0,0.023888354150282443
0,0.5442719839105415
0,0.08627499659237794
0,0.03797198936391241
1,0.44747327567858597
1,0.45075045224511057
1,0.735561577693636
0,0.22912029155420713
0,0.03698966104339754
0,0.05245936808537544
0,0.011886412887698537
0,0.003204018975199689
0,0.013751137699700714
0,0.38189192305871195
0,0.5393599311892476
1,0.22791371977164127
0,0.19007432126299173
1,0.9588737231409981
0,0.10082112593952519
1,0.3187973638253821
0,0.10839852328300005
0,0.002979621523682246
1,0.8905827403720936
0,0.07453042139613149
1,0.6355766593113903
1,0.3070795223522782
0,0.007454227526967792
1,0.20809811826100294
0,0.007846722836084853
1,0.6150935725697025
0,0.13034125576257727
0,0.0961465127216455
0,0.34587413979724696
0,0.024358959538717133
0,0.02250257468085984
0,0.010523558890831241
0,0.0005224960334526864
0,0.1758979348233421
0,0.1300326549628373
0,0.3661488526011071
0,0.6056768727188113
0,0.10446261882043639
0,0.002840018889835349
1,0.8339650259689432
0,0.16176753712973024
1,0.9269905023429833
0,0.005650364160946748
1,0.160042819180791
0,0.04438955079260885
0,0.00356944649154686
0,0.00946641019684394
0,0.0016517683273234822
0,0.024304254561660358
0,0.04537499935236101
0,0.04211579539342575
1,0.9310040822710498
1,0.8815915481850604
0,0.01987262097567936
0,0.00893270506110952
0,0.03989935007357545
0,0.0026571983446178394
0,0.9526616131426504
1,0.3511946785187896
1,0.9246221773593211
1,0.9729143425731447
0,0.3728971294546991
1,0.8307543985268366
0,0.01796398120052404
1,0.09062018283090219
0,0.5635009647878386
0,0.799635885472193
0,0.009106897362583886
1,0.9732114423869521
1,0.8368471805812292
0,0.01921792782374197
1,0.8612603368861833
0,0.007073393088404478
0,0.03357811488604988
0,0.10684280697733048
1,0.6385922870392823
1,0.6861255857604636
0,0.08977660050786829
0,0.3285538048899439
0,0.022973502298419525
1,0.8642278299822256
0,0.5672078823475409
0,0.0033451900970638665
0,0.08610241409468024
1,0.9705578450549776
0,0.9487651346746963
0,0.12433447472431318
0,0.010603569200034897
0,0.24530128483716282
0,0.005688855577767875
0,0.4618171112563045
0,0.3542362006834108
1,0.378080238447714
0,0.4209253192505291
0,0.351821504691892
1,0.84174911257534
1,0.8327026374334515
1,0.9199208866063968
0,0.25962596315079806
1,0.4763962419154333
1,0.138948060170589
1,0.9533445664678389
0,0.03274078725479403
1,0.9477840112269403
0,0.14527976115473545
0,0.01525689427424106
0,0.0018066211516388402
0,0.018108252865666946
0,0.012086272285574778
0,0.11905368556615938
1,0.9702538325308815
0,0.4187767665666227
1,0.9433204034782098
0,0.10888955534849486
0,0.0729481467069465
1,0.23484510438552567
1,0.10434107698813494
0,0.15276071676733752
1,0.8372437294672126
0,0.3744827226070988
0,0.008182670093195515
1,0.6617215442353303
0,0.007135815258460314
1,0.6729267991049492
0,0.007704376943840601
0,0.005463077834883776
1,0.8923117789280266
0,0.005326442368273427
1,0.9433023552054985
0,0.006391894321254397
0,0.47417991633502155
0,0.6529019269187414
0,0.005045682512922197
1,0.24215642750860447
1,0.2258145048195752
1,0.7471059220592754
0,0.4502971288885938
1,0.5456286295381578
1,0.6854607698396951
0,0.026769286277865106
1,0.9555576901326973
0,0.04306576707871936
0,0.005444040560362569
0,0.3115262388494946
1,0.967309285273597
0,0.005979476211497716
0,0.5239162245445368
0,0.013451880354822254
1,0.3520853547416401
1,0.8628396251113702
0,0.2428598403250634
1,0.9066825820281962
0,0.004168260211627211
0,0.022480543277432975
0,0.0038654419329486682
0,0.00415925639939532
1,0.6807673606572048
0,0.011546019108033519
1,0.9270501741060573
0,0.8197258122779315
1,0.7445919803947868
0,0.2716043750813292
0,0.039777221248092555
0,0.05395338373627601
0,0.0064001591386764764
0,0.11235095832990584
0,0.008698720178601118
0,0.0040428706135515425
0,0.043564292949874996
0,0.1907913292949569
0,0.008612826943360996
0,0.10227347556595474
1,0.0077134824386573065
0,0.0536238571729758
0,0.007679795136283059
0,0.0284501219379867
1,0.9311851329071869
0,0.013682223728142638
0,0.00857561671716419
0,0.03048186047080948
0,0.03185854390449905
0,0.2139315085638024
0,0.11134132141756871
1,0.976444292708239
0,0.2399295035431074
1,0.6804167300566218
0,0.017473884817312792
0,0.1073818839600697
1,0.9616287503636418
0,0.1365090936224974
0,0.11311618706356684
0,0.04141750178359351
1,0.9830061855880827
0,0.0027189697424437947
1,0.65504698946846
0,0.02914754686367481
0,0.03284783454876991
1,0.9013355932957796
0,0.3502218090989328
0,0.21846257752085765
0,0.005506252511904698
1,0.9592337552899797
1,0.3252434568163336
0,0.003869329168586115
1,0.1258037464668217
1,0.9125487429349848
0,0.2884703628149144
0,0.20094547644728905
1,0.9341735176380768
0,0.03754031416724579
0,0.040885475560652
0,0.18773170332760644
0,0.15278888705609386
1,0.8960790690768504
0,0.0030074781019147063
1,0.9665524740685196
1,0.37166489605739644
0,0.013142543429553706
0,0.016179185034919847
0,0.088730388931849
0,0.49993812846527996
1,0.8563214146119177
0,0.05824814431550534
1,0.6301290862209816
0,0.002780050257186148
0,0.0009312028839584605
1,0.6276488258744822
0,0.010948071352122092
0,0.006841160955704138
0,0.007010731604201864
1,0.5179723821865565
0,0.034482042987066926
1,0.433476148799114
0,0.004339927164130637
0,0.028675341716244366
0,0.1512970609113552
0,0.22787511123718449
1,0.8648086571465756
1,0.8950856251489773
0,0.3652017843190204
1,0.2768470692234063
0,0.8253836181074824
1,0.5948347484270436
0,0.0023457268754971377
0,0.007593148788294383
0,0.04378985043660198
1,0.5517337719942715
0,0.0047262929215893265
0,0.03211702484548531
0,0.8768500689245586
1,0.12082758683890002
1,0.987097320817878
0,0.2688447933130518
1,0.5078059234732109
0,0.025085098735669255
1,0.13358691023525418
0,0.003738621992843195
1,0.8743337539740832
0,0.16716188987978264
0,0.8029982468688557
0,0.4938250148131812
0,0.3496978793645906
1,0.376346358983479
0,0.40595207609456746
0,0.3921529436688712
0,0.08051265267354933
1,0.9463066785155647
0,0.19737917003689234
0,0.2844969409972472
0,0.7482189569628279
1,0.8938690480455058
0,0.017088013523461714
0,0.0009317424078409905
0,0.003207351564575132
1,0.9017034684368481
0,0.06482703632512934
0,0.676095915318471
1,0.6852175827314607
0,0.05585183359761701
0,0.02841004420048392
1,0.8645556465583526
1,0.03315509510586433
1,0.8174630212175207
1,0.8880746396849695
1,0.4818919734236696
0,0.3863000074821184
1,0.9539018209705044
0,0.07359490121898624
1,0.8758865036034151
0,0.39754330900033086
0,0.30378703159715004
1,0.6997103434294106
1,0.32508798937453326
0,0.34883996948062584
1,0.9545363950603117
1,0.9650168671246966
1,0.7641534178389509
1,0.5887748550004047
0,0.8765192874394453
0,0.07668724679638876
0,0.03158858796805002
0,0.8849791748398204
0,0.015644940003585777
0,0.08099269977183819
0,0.5864586674780176
0,0.08434894959354199
0,0.009591013401535078
0,0.13884131443823133
1,0.17955576717594224
0,0.2459669617386663
0,0.010642781281588458
1,0.9456208664026136
1,0.7934637214107432
1,0.3205276971168437
0,0.08028052905500012
1,0.877702983634456
1,0.8320482454700405
0,0.23807719972871463
0,0.6474306912400841
1,0.8431235149812791
0,0.6084279724890339
1,0.9389101530542343
0,0.0020805684056823155
0,0.10209106021148327
0,0.4163792583620566
1,0.674417303620505
0,0.19456047667344847
1,0.21923580650328925
0,0.09988095511757748
0,0.16619696497293793
0,0.004281023289413114
0,0.40829136891862405
0,0.018453251719748157
0,0.05948227824299964
0,0.0765129427557339
0,0.7671813698719889
0,0.8500153051918018
0,0.481674252849693
0,0.005542019239042506
1,0.9892684156997457
1,0.804420652072762
0,0.13294956745569805
0,0.6631450761352621
0,0.034280740912070125
1,0.8410807332787218
0,0.007681632267847668
0,0.01347540824100805
0,0.22898111105337576
0,0.8255930931310256
0,0.001330014246100085
1,0.8700844482525698
0,0.3412142414094213
1,0.5906381801257307
0,0.01570418349891643
0,0.2890878731659024
0,0.1490017734818016
0,0.5220167369748637
0,0.15820533061871023
1,0.2889253801183103
0,0.42462166963261966
0,0.030055615330156098
1,0.6891875782406044
0,0.018246804252064788
0,0.08077935056412226
0,0.023832943122967624
0,0.20108555966920125
0,0.11201935245465273
0,0.056866306165270324
1,0.45684462927408864
1,0.5924435998445579
1,0.38997276718542373
1,0.4278825233875781
0,0.001497999999869692
0,0.01780215665507853
0,0.14963428040280555
1,0.22790207850243377
0,0.9526616131426504
1,0.887955954566722
0,0.5303759553979995
0,0.010036016957821532
0,0.012499175686934346
0,0.0028708094798201565
1,0.4981967742577751
0,0.23118948778197262
1,0.8263226765489381
0,0.031135558072326004
0,0.22423729463392203
1,0.8391218155284497
1,0.9628394333326059
0,0.023489726127170166
0,0.007606570737396596
0,0.37888464975236386
0,0.035083934875454324
0,0.176096478130132
1,0.6062352488275569
1,0.9532173088127426
1,0.32498907585653136
0,0.05739935367499447
0,0.03556981997844767
0,0.028925947105078738
0,0.08566512087707408
0,0.38500304491559034
0,0.01096613874479556
0,0.08625263898391518
0,0.027697336079127124
0,0.5476927029518509
0,0.003387788811707865
1,0.9709239262577347
0,0.14761280632827634
0,0.032124412313348824
0,0.0007622785335871443
1,0.8132942074441154
0,0.34908853908781823
0,0.003686890184915576
0,0.016955219258390854
0,0.013104770867417242
0,0.05279924762188239
0,0.8457585297230046
1,0.975019311404475
0,0.708297425112839
1,0.8103671726121136
1,0.9519114534890093
0,0.7427485000853716
0,0.006812661102187655
0,0.19706807723278005
0,0.1451490551227971
0,0.00565954166681252
1,0.40883105477914405
0,0.08972821021180041
1,0.9401973773755623
1,0.7223248967768686
0,0.0485900900354395
1,0.9551381977426173
1,0.6914132077435308
0,0.030651768606693518
0,0.1093323901756268
1,0.1751840347956041
1,0.7782141615451108
1,0.941887988093147
0,0.001955066514317414
0,0.0863716973321109
0,0.004897368969039588
0,0.3229682469138634
1,0.9430437609542893
0,0.041620096783063755
1,0.9204668073237349
0,0.024909175556404935
1,0.8996167352907527
0,0.0837637657073653
0,0.09428476075149864
0,0.025999096351059583
1,0.8263144253561313
1,0.43327977563281117
0,0.05852803810454858
0,0.728535419159274
0,0.06298821455927454
1,0.8803922408052218
0,0.01967257517162024
0,0.4223772577494548
0,0.6027896824100847
0,0.00196500514139677
0,0.007058362779782217
1,0.5964113559754971
0,0.05268427400147485
1,0.8526858706791021
0,0.10667502385284884
1,0.9225291812421308
0,0.0034378957657565184
1,0.7983680845663049
0,0.01862058171289104
1,0.4160246972871986
0,0.39473119026270487
0,0.024215453754089736
1,0.6789369146352128
0,0.12117435901618519
0,0.012449258058432477
1,0.9761873072310875
1,0.7933658275928094
0,0.007651548724653128
0,0.1338497860462934
1,0.4218108731816006
0,0.009360448565565197
0,0.0016350432392859954
0,0.26574210944285664
0,0.026600452761326113
0,0.4032638896172362
0,0.024566956303664483
0,0.20638461928893595
1,0.915907043812265
0,0.15182147334836296
0,0.011273744779395604
0,0.09759927904461395
0,0.06173935850338042
1,0.9422106288664877
0,0.03220790566051301
0,0.0893599515696953
0,0.014555917270417615
1,0.898522657806078
1,0.9207993418219826
0,0.02944222785115567
0,0.020832099922886774
1,0.6078448346254686
1,0.7145168821534666
0,0.00830558730545926
0,0.003977406265079695
1,0.1099861358514652
0,0.0839903763679041
1,0.022065877664514323
1,0.0948102539566756
1,0.9402681718644288
1,0.30933337947073014
0,0.2084544427198244
0,0.5153402959505343
0,0.11293995246921062
0,0.007792844901324642
0,0.002719042895910575
0,0.3056630413552705
0,0.014359153581258654
1,0.8819162696005233
0,0.0252000437367301
1,0.8511859752281637
0,0.06245948347635785
1,0.9747391725039755
1,0.8841314592042939
1,0.46494244334764057
0,0.3512726329506724
0,0.04684033447123779
0,0.015196435695441723
1,0.8886208082561928
1,0.8579402585462294
0,0.017971904658660012
0,0.0018465884927878209
1,0.9874908204983964
0,0.36730940699858783
1,0.9347776083585643
1,0.825078864256764
1,0.8541115943457589
1,0.10935370832663048
0,0.006348738535626667
1,0.9354994554239697
0,0.31494938814101386
1,0.8037499196812949
1,0.717833911352654
1,0.7468335135398475
1,0.9805014468682979
0,0.017766222593660806
1,0.9578837377469999
1,0.8717618612682089
0,0.2874635283378249
0,0.40702371579591473
1,0.920208451520497
1,0.5808536702175265
0,0.005050427863538794
0,0.02948713693984732
0,0.02740929356693943
0,0.005114851979149942
1,0.9866823929070047
0,0.2726727412402112
0,0.1983985416060034
0,0.0013820290980770381
1,0.9912614026500267
1,0.19805053984258952
0,0.39866609216693744
1,0.447575248883849
1,0.9043661856570431
0,0.0020046606138477354
1,0.8811046807530871
1,0.7992593660983915
0,0.10470734606843345
0,0.002087474036271572
1,0.962578583950629
1,0.6017505576821249
0,0.013199393849130369
0,0.1274216369858838
0,0.018657431815323925
0,0.8750481191593721
0,0.005300780503259438
1,0.35401360738909365
0,0.004608435940821824
0,0.8856809572300337
0,0.04902211914094079
1,0.5310586378092783
1,0.9412718069787566
1,0.9731029659291273
0,0.438676697080554
0,0.022824491142922256
0,0.11509662072899571
1,0.9467366712770932
1,0.835317054379367
0,0.003207304909529729
0,0.022137905559604962
0,0.010378583743322118
0,0.030937411659072187
0,0.018263561386670867
1,0.6880436262425667
1,0.8150680798927289
0,0.3598369211441193
1,0.9384307893393485
1,0.6293787633125576
0,0.004386612142702575
0,0.028170076476700407
0,0.005659974802700754
0,0.2805557562050527
0,0.00980501095764306
0,0.02657053778054754
1,0.9186405810132492
1,0.8913913164590149
0,0.3845400130707554
1,0.31117451875814317
0,0.9508319867804903
1,0.41517073393687987
0,0.015840819910221605
0,0.39977397167459283
1,0.11177776671105807
1,0.9276720267578017
1,0.974546851604477
0,0.027461109710748048
0,0.013524858768440806
1,0.6317331381430729
1,0.9520294954850843
0,0.0035209750097921033
0,0.033940231609768785
0,0.0046715690610781326
0,0.007770063478433293
0,0.04501973915109951
1,0.5401732666968836
0,0.053249327411665257
0,0.018909736597531958
0,0.011757715861570468
1,0.7063869541443114
1,0.9309655196271517
1,0.8962644403475429
0,0.049278635092218144
0,0.025431930805725825
0,0.016269787467957698
0,0.020007000968776206
1,0.9717637551585131
0,0.07430228346662537
1,0.6781544211100979
0,0.02244467548855813
0,0.008322987575346915
1,0.24134043648354003
1,0.4098517816040539
1,0.3392665465321451
0,0.039567448368300166
1,0.8199502823079744
0,0.011842556085678498
0,0.28826380429183357
0,0.025791644436784767
0,0.15182239932683417
1,0.9629972704571917
0,0.009961595854584745
0,0.06680834490605472
0,0.013112880973222826
0,0.010107769171430038
0,0.004380754326112086
0,0.02461303557925347
1,0.8765192874394453
1,0.9862791024590079
0,0.5622823412664328
0,0.10546922743618979
1,0.07544298154812579
1,0.26736054470224274
1,0.8373258116651863
1,0.43047678123501354
0,0.0019812922744544825
0,0.3040522476452132
1,0.8766392249779336
0,0.023062156013904208
1,0.9720466269014831
0,0.5290223418564352
0,0.011406448621200068
0,0.8489445063924458
0,0.8198850506139046
0,0.006740615746168246
0,0.600932127081377
0,0.025014628521748974
1,0.810230002401275
0,0.015133614133802127
1,0.8768184036704765
1,0.8188148394957797
1,0.6591419794221965
0,0.016434960156711004
0,0.7198639590944887
0,0.3806907140259304
0,0.0029408198127447386
1,0.7436302263454186
1,0.7766953590204227
0,0.02837680208259872
1,0.7931433855729595
1,0.22899208405123456
1,0.005594525096596228
0,0.20574802827945182
0,0.0050959547919987155
0,0.003995677719297412
1,0.9383738161567845
0,0.5898918341950601
1,0.07939583930227845
1,0.8210560174965027
0,0.02900146217438332
0,0.050913531433885426
0,0.008193113299739235
0,0.06050407898865593
0,0.06037475795418346
1,0.6566979348386025
0,0.9296663871074627
0,0.016197080224147096
0,0.06787671395146216
0,0.03542708394224703
0,0.1434017120577176
0,0.12485994934300594
0,0.08876601389279702
1,0.06316421824597505
0,0.08920344285369998
0,0.5812788164426663
0,0.0021543284461494534
1,0.8719168912611831
1,0.8338595153851864
0,0.07284904992393394
0,0.0027927518130071013
0,0.07014293096588871
0,0.6966622595592086
1,0.16788878367700555
0,0.2088348984369859
1,0.04073881299820526
1,0.41306759652510855
1,0.40937336477754105
0,0.027655017552381412
0,0.01916953411014872
0,0.006258958698387441
0,0.010294361648679157
1,0.9208341778583209
0,0.01513036374547725
0,0.2749755770110583
0,0.16004179447136777
1,0.9782548174298958
0,0.04729025221814358
0,0.2567908753075306
0,0.5909828765079881
0,0.22945393659659866
0,0.03983957037783095
0,0.005376703976402445
1,0.5774752716887147
1,0.984478356009647
0,0.4625172550876988
0,0.19963271840478558
0,0.009382999329268322
0,0.014405007620262082
0,0.6283135266058713
0,0.05691796085016491
0,0.03009515372412072
0,0.08454256931321281
0,0.04715944727201287
1,0.9682131297730004
0,0.09624721700517631
1,0.8546415268945599
1,0.8905827403720936
0,0.04753339211394672
0,0.0328665118668968
0,0.8849199119656334
1,0.7533632034576974
0,0.010540028487980073
0,0.11841757028595708
1,0.9389604399104141
1,0.6330171386383162
0,0.004572966042080698
0,0.011103812129857272
0,0.05085686610770105
1,0.3154722611021024
1,0.9693010972534294
1,0.23921131019762526
0,0.1364261913420125
1,0.9797345258233223
0,0.06730701859567309
0,0.021650942046411575
1,0.9943888599741236
0,0.0055855551718509665
1,0.988317535147915
0,0.06019886582464956
1,0.8905827403720936
1,0.7103031627875173
1,0.7287205423301688
0,0.015564579528919247
0,0.04710680676194151
1,0.19152066105088925
1,0.7609111655949942
0,0.01959937358252621
0,0.016073374730202112
1,0.8980870416641825
0,0.05203100155051943
0,0.13623724273776297
0,0.008276558492023902
1,0.8540477309114262
1,0.7443093983892564
0,0.0775999711782942
0,0.07733930453475751
0,0.008228954292478713
0,0.009907948438522668
1,0.02030284474361085
1,0.4682252201121014
1,0.8345282769432372
0,0.00610098509157965
0,0.6891803417926227
0,0.048837426953538474
0,0.011613762273547582
0,0.02619110182753249
1,0.9205011463757972
0,0.011406448621200068
0,0.10394732021664223
0,0.0022333113048484577
0,0.018002243183464533
0,0.11055787747031418
1,0.8887547594622096
0,0.05936582905333481
0,0.8341492017389418
0,0.018975344670968442
1,0.9614460589224919
0,0.014873035770334156
0,0.3476134083930422
0,0.03223877231330881
1,0.5926747328700912
0,0.009121309194489198
0,0.025469320097948413
1,0.6210522101473742
1,0.633844458119545
0,0.03898155672893158
0,0.06186878391344087
0,0.00450977473708491
0,0.006415279701538584
0,0.017516719750274662
0,0.2936463987769881
0,0.008883920863944818
0,0.43726554566360004
0,0.0031377124364692973
1,0.884403707409112
0,0.06884157298102221
0,0.2156396967845476
1,0.053292480162481295
0,0.007088434039165676
1,0.9220116415438329
1,0.7417965266864552
0,0.08111179987074048
1,0.8455522207376495
0,0.6814325228303549
0,0.22093943247160278
0,0.07340133266733191
0,0.021550077694295143
0,0.06940400630399556
0,0.024061027574118588
1,0.8686776446040431
0,0.04367874109917975
0,0.13278609987305381
1,0.5824635234645814
1,0.14938900086781676
0,0.007949801449867394
0,0.32481204329803975
0,0.009709853920442523
0,0.13687781905823554
0,0.5149361923930094
0,0.20269284773069746
1,0.803815930887482
0,0.03679788520230742
1,0.9136304264792207
0,0.03969928492232524
0,0.08733365913446642
1,0.5049964710617004
0,0.021448037759321737
0,0.08926637918687197
1,0.0810014694929041
1,0.8845974649244022
1,0.8363295602945056
0,0.03904048555565246
0,0.05952903415830921
0,0.011756221178636509
0,0.09170568840791732
0,0.41454298348695534
1,0.8791287009646773
1,0.9013384637269184
0,0.6863771449949977
0,0.2824758400909485
0,0.06104897216180611
1,0.37247175154963397
0,0.0364070466795284
0,0.04166883235080225
1,0.6632868430374909
0,0.16458177344775354
0,0.007001717912730059
1,0.9831671766253637
1,0.8209808016643143
0,0.0005590217296618656
0,0.0037217851718347105
0,0.10733573602342872
0,0.24205766568127543
1,0.04269460197377168
0,0.007325406941212951
0,0.2525185313515126
0,0.0065400565350067765
0,0.6556158475239025
1,0.9584419419133896
0,0.08840098028489929
1,0.05179721739690553
0,0.006861248348737259
0,0.02910117749348491
0,0.0035335182078433626
0,0.4437376519656718
0,0.9466631230424597
0,0.808938443862433
0,0.027356978505935037
0,0.004213079818312316
1,0.9703584099183715
0,0.017160098258584208
1,0.994188465767919
0,0.05090121094297745
0,0.8655147684752867
0,0.0011628226212741612
1,0.8775756982177312
0,0.014336994687890023
1,0.9019367692161183
0,0.1401751140902049
1,0.5682490010662583
1,0.7858111522604647
0,0.025610511819957285
1,0.17131518787648764
0,0.004051004001052404
0,0.006542846403592647
1,0.1484653958014303
0,0.07294797155306748
0,0.02232919816427473
0,0.31048939548710724
1,0.2399295035431074
1,0.8316166500486801
0,0.04778098979831197
1,0.9827756296588592
0,0.014917201588595988
1,0.550521309287622
0,0.07395875760502967
1,0.8573428483818485
0,0.08382199814879578
0,0.13791413930870805
1,0.7489568719634137
0,0.5059340526132029
0,0.02289874464143833
0,0.0018820333647060151
0,0.00674891885596029
0,0.01311333803316094
0,0.007116949552573878
0,0.25438520212594834
0,0.0021053735639396296
1,0.6936386174364038
1,0.8827374134864414
0,0.04340972953131725
0,0.013829331285579557
0,0.027896653764906645
0,0.19375296010811496
0,0.0011722825875020658
1,0.05526634123303817
1,0.9322757214384323
1,0.911615260827569
1,0.2447669440144157
1,0.8714665307763809
1,0.19808696475256724
1,0.8434807176038748
1,0.8891963099703146
0,0.0009831171543309622
1,0.7654777688806035
1,0.5947745077082344
0,0.06130530042827948
1,0.33724445040337386
0,0.6772550264615402
0,0.6013281014064698
1,0.23299543546847873
1,0.5948099174585563
0,0.8167617133772191
1,0.7483217080877483
1,0.8908308819829676
1,0.7938189446995908
0,0.03497279735717993
1,0.7179377321574801
0,0.0431117575121245
0,0.08478898427316468
1,0.9266193704653755
0,0.007037940101949379
0,0.35713764090485517
1,0.9833091172986032
1,0.13329352055594795
1,0.4434104290727456
0,0.10217423815028333
0,0.036845638860724395
1,0.7828661624497171
1,0.811976217032501
0,0.17127293503432167
0,0.21148926655057734
0,0.5924299389500598
0,0.09805228649258507
0,0.00497129814549948
1,0.9587925261718023
0,0.0008540443890068619
1,0.9192950522149974
0,0.33995756656018394
0,0.009092370487784301
0,0.11679498121628015
1,0.056149311940979905
1,0.6131313131649369
1,0.5572371572747781
0,0.2536245965417917
0,0.8576091578497784
1,0.9023571641816747
0,0.004599331096400229
0,0.13337876486875647
0,0.007625766054943678
0,0.007393918406365824
1,0.19074734540422258
0,0.26231289391387114
1,0.3759728038784532
0,0.041669353649263004
0,0.0025622289224837367
0,0.028335042230390992
0,0.018853764044568535
0,0.0011860752816895562
0,0.023289653625190282
0,0.6072152555207543
1,0.9521958144960031
0,0.022826009254357977
0,0.11990141891149018
0,0.0907392217961442
1,0.9780292730870016
0,0.279277353907824
0,0.00484516123223499
0,0.0029715951471214305
0,0.085188811643767
0,0.014685474072518466
0,0.18308174355393636
1,0.6627111581555608
0,0.04936131525193697
1,0.4612596782587345
0,0.04575591560919631
0,0.03918546509606154
0,0.025803798630477527
0,0.20913844445033677
0,0.1559859593551167
0,0.005157111399918373
1,0.826727885043798
0,0.49662881151826377
0,0.007635630351740362
0,0.3455764306507753
1,0.6797124015955592
0,0.016221353985720725
1,0.8545480696760706
1,0.5710144990275575
0,0.0029358939253754683
1,0.5634922658699857
0,0.08411177888040418
0,0.09260112128751481
1,0.3205312139878524
0,0.5277919051999431
0,0.03013638378593214
0,0.012904883726293817
0,0.02160349308959285
0,0.06763254572075225
0,0.022473847950345575
0,0.0029632305801945073
1,0.49016316414414857
0,0.1226130891073874
1,0.6219269434208218
0,0.8705146402332375
0,0.08232196469649258
0,0.015013519536096344
1,0.6098204203782372
0,0.36481398305897106
1,0.8198875533010925
0,0.025250390488912016
1,0.9406277537702442
1,0.9843590474671655
1,0.6466102544698223
0,0.004855419408513048
1,0.9673977408724512
1,0.9663175611431138
0,0.42731910564387365
0,0.9465772192532067
1,0.7681212250698487
0,0.007369287753444604
0,0.04339846155889868
0,0.051858396042229034
0,0.02740026503158653
0,0.8712881434557346
0,0.025561577618416452
0,0.09769638790988905
0,0.368496891251563
0,0.04338249778495625
1,0.983767593848649
0,0.009181975142229638
0,0.022102246563453526
1,0.9672669597247404
1,0.3471171203237984
0,0.014327915214986402
1,0.3829629347635361
1,0.8983225539182552
1,0.571427111590131
1,0.7675599958219625
0,0.8718817268140931
0,0.02173273449749145
0,0.1590208899487472
0,0.012703900776220694
1,0.5327051233375738
1,0.92569034326829
0,0.006216971571745482
0,0.08844669269036007
0,0.8727011459517362
0,0.6626409964145706
0,0.015051359197596792
0,0.5379345252572232
1,0.8967232686684273
0,0.02889146663476416
0,0.07713753161425276
1,0.6614394109745007
1,0.879190501263002
0,0.019489902957075218
1,0.10883792902007404
1,0.8706720816554978
0,0.10071365205082429
0,0.21889992699961577
0,0.04573863868927439
0,0.14604234786734538
0,0.058590153314313234
1,0.9273161259547636
0,0.4673226054128323
0,0.331164631679251
1,0.9093478782754808
0,0.30387824845716943
0,0.030432867963231275
0,0.02947855253421153
1,0.6227997333323909
1,0.08265307620142526
0,0.8948911274977964
0,0.018037987004185966
0,0.02232117775371965
0,0.8023220797092377
1,0.947068172648524
1,0.4762780878275581
1,0.27041927380631725
1,0.9689521745781497
1,0.8392966639485487
0,0.04396939811876695
1,0.8438287779428558
0,0.020681583872414228
0,0.07806402971903521
0,0.032414186500614346
0,0.17252852783371772
0,0.011235782882982446
0,0.010213025917722007
0,0.029609933730081462
0,0.04715669742541789
1,0.8624261348910632
1,0.9743157553794813
0,0.029162688641069398
0,0.007950686201131457
0,0.03165513449310908
1,0.6706652770262821
0,0.42103600560612725
0,0.07441000689110569
0,0.007056908092171732
1,0.15157455142324408
0,0.018554217097003518
0,0.0038499419069814465
0,0.024998676506611257
1,0.6062234518831184
0,0.016583293879164643
0,0.006288805543245703
0,0.009748305110436293
0,0.0023972367926913935
0,0.1739447845049584
1,0.8253043411498855
1,0.7783505619420287
1,0.402855010442825
0,0.07898026985526042
0,0.07925258085832987
0,0.004171731202036195
1,0.7601048275710657
0,0.736619943505285
0,0.10039034121242035
1,0.8716078722734568
1,0.9200701845757646
0,0.007971837139346466
1,0.7836496181332334
0,0.0021012586423230025
0,0.04801529612285205
1,0.8548556933270233
0,0.12432506322524199
0,0.0671779881361092
0,0.23168002582369318
1,0.9483931774430325
0,0.04035297602650534
1,0.8827263279230827
1,0.7345372137586663
1,0.6132216015702812
0,0.06717780288594895
0,0.03797707334029546
0,0.01569526422236445
1,0.8459311198131947
0,0.546227748987234
1,0.6789763674546881
0,0.05786777642083946
0,0.018832159605860346
0,0.09289654297922856
0,0.7782974768565947
1,0.45571207796558083
0,0.10981673644753435
1,0.12433044163327818
0,0.0015222234060120402
1,0.4792354426126545
1,0.7871935687212955
0,0.006487611599900292
0,0.42994458655979007
0,0.6662558775648679
0,0.014210153373352425
0,0.0062620089514110145
1,0.6278927547622783
0,0.0850936325433794
1,0.9759224450494551
0,0.008620357440990116
0,0.050760261901646876
0,0.1551496988522392
0,0.018286249501136963
0,0.04441353733796808
1,0.8488211070546351
0,0.07564885560780323
0,0.04490453738230984
0,0.9485731000896767
1,0.4153896851721579
0,0.020068229798228445
0,0.03878434095525771
1,0.8884709301325708
0,0.02711302548548561
0,0.020659986913033
0,0.34687230180918455
0,0.018437769617198972
0,0.15892215461516745
0,0.014615818588854444
1,0.989866810024481
0,0.1226896860160924
0,0.0047659645118275605
1,0.2985930371119394
1,0.8706909777361409
1,0.9459654894972298
0,0.012108453437724353
0,0.04567684870693438
0,0.044367891703120145
1,0.8719411015957945
0,0.24725951439518948
0,0.831476872718531
1,0.9850400291624111
1,0.9223942622282764
1,0.9664877191489052
0,0.007251984041530989
0,0.7614696909563871
1,0.9370954928768822
1,0.9818276629908169
1,0.9895591571547508
0,0.00780087462236802
0,0.01719487202930418
0,0.0052788250219433655
0,0.35486902479429844
0,0.023339178372741347
1,0.04957936912842545
0,0.7526240141792442
0,0.7093155101169574
0,0.013717525413801713
0,0.007962259322430684
0,0.04441659766718516
1,0.7899103673871716
1,0.8785679156725221
0,0.9400260141104754
0,0.09161527966730293
0,0.04024548100858471
0,0.0023959250346677462
0,0.007144100576047077
0,0.10863224110067532
1,0.8543455092215234
1,0.9219694471495489
0,0.02003035305419645
0,0.0028385693818702915
0,0.020595339689351542
0,0.16703490485701275
0,0.5503075703633078
1,0.7868571612878239
0,0.05117275014795538
1,0.7139822602031756
1,0.604653677373117
0,0.044991299552360246
1,0.8551444443967249
0,0.03294857608932166
0,0.8624272791175269
0,0.004886520705656005
1,0.9127333935267342
0,0.03293334350559043
1,0.04320223913019485
1,0.6656531536695686
0,0.1460207687586957
0,0.5590591045458295
0,0.7243909265379278
1,0.782948187623741
0,0.31951952214001855
0,0.4004032140253804
0,0.02727955268714072
1,0.6511212129934806
1,0.017292983291967202
1,0.36901200982063437
0,0.7686155946164298
1,0.08837212464918338
1,0.03447377896921691
0,0.13185803057426643
0,0.10696842891371004
0,0.1551803025575436
0,0.005993726397130791
1,0.9773098107331819
0,0.0252044374356858
0,0.0773891907391678
0,0.0017960324298809537
1,0.68592583501622
0,0.0834796380303105
0,0.3807199824571374
0,0.059560942592479085
1,0.9317896865379798
1,0.9369593217210441
1,0.11983982697134515
0,0.005839711554899075
1,0.9681009385928553
0,0.01711914256785981
1,0.41924914952777775
0,0.02563902709726058
0,0.7974143208005089
0,0.06472137959283046
1,0.5286498663310855
0,0.05172175936590975
1,0.8847434923181997
1,0.7070811081653783
1,0.9382652806801589
0,0.02340971121527292
0,0.004860482736329423
0,0.003120995723246945
0,0.02598716069694102
0,0.0524221858603404
0,0.02079633478795794
0,0.7941247357068374
1,0.1689933767752079
1,0.9421827691583411
0,0.45934842225959865
0,0.06830850339851056
0,0.11185528069322698
0,0.013647547021613282
0,0.021356284862086076
1,0.8979128688902044
0,0.6888537025100839
1,0.7778159418144156
0,0.8603988808001359
0,0.010571851949582706
1,0.4972394380292592
1,0.8544028122699576
0,0.000855468285846309
0,0.6523448029034989
0,0.5756487325515847
1,0.26851016903291924
1,0.6073619015201996
0,0.04635955122933926
0,0.662332733143907
0,0.13214504017507128
0,0.837986816814851
0,0.10663239473100079
0,0.0054858990005316344
1,0.9246873844633545
1,0.5621676439483182
1,0.9382771533401733
1,0.5098274786753075
0,0.4394614675225909
1,0.9351498811113143
1,0.688710638769982
1,0.6779612605664914
0,0.31950421437630283
0,0.3322468953939154
0,0.003877606422995954
1,0.7744884513447375
1,0.9038322086841796
0,0.42202205013261274
0,0.019711155882085163
1,0.9459625058711844
0,0.020883985312223567
0,0.23445945072664331
0,0.21984774846653923
1,0.46233543682972217
0,0.004721275700908189
0,0.3199325011349806
0,0.0355621303353802
0,0.007504470848277678
1,0.8937311655231887
0,0.045462332841033265
0,0.13770821494698193
0,0.04775441532906046
1,0.7731943990267705
0,0.1049778846512131
0,0.019041281141091167
1,0.7977988016941427
1,0.41893672279253485
1,0.9603651123537067
1,0.6732107607836519
1,0.9424216615847523
0,0.01890178492623233
0,0.2554364637694897
0,0.02303868064717415
0,0.15541667337162476
0,0.7831324189032198
0,0.022032065977488528
1,0.910289666635131
0,0.13391624023529067
0,0.05036209584354551
0,0.002365210676255632
1,0.5125395140897556
0,0.07761177953265172
1,0.8375818637011562
0,0.09318094132035613
1,0.953663998795585
0,0.8331365018909832
1,0.16462238763668258
0,0.0649549879598488
0,0.007547330756357147
1,0.8699065270204452
0,0.04954302077953113
1,0.9394126035434434
0,0.5928147938382144
1,0.9309217314189862
0,0.5606604953838836
0,0.01736719705877075
0,0.022854647662144494
1,0.9537393894221534
0,0.009876041635432473
0,0.00512944935124212
1,0.7805792028117228
0,0.4002014236029645
0,0.6964950430310062
0,0.020802963354876684
0,0.023812853617279455
1,0.9100669384903133
0,0.524961747936625
0,0.5340724287723418
0,0.017374344796914087
1,0.8298236011035033
1,0.9203188365652869
1,0.44592349361706446
0,0.022692440870358956
0,0.11492297134701673
0,0.17992834232768223
0,0.050654499469507584
0,0.003917196719064668
1,0.9935422213288568
1,0.8555910577657129
0,0.006219307102100403
1,0.35919042086771913
1,0.8808672051968973
0,0.5805332128249017
1,0.583707166919514
1,0.025189490204555676
0,0.04888485644894156
0,0.12942936199400384
1,0.3341705152948929
0,0.04126728100662963
0,0.0033599296887484096
0,0.003374885563442047
0,0.6956935395321572
0,0.06492716855165072
1,0.714384838647607
1,0.8571038986238023
0,0.004518522165963363
1,0.9955555538107292
0,0.10536760539357144
0,0.8677295330658893
0,0.43549343072846586
1,0.8580924708449497
0,0.19863002390873405
0,0.168083775154896
0,0.014655246262544813
1,0.7569536258142195
0,0.3844856377576669
0,0.011621883167988616
1,0.9803812244672124
1,0.5961689155482666
1,0.048471085543076275
1,0.31921712312572165
0,0.008478346792216302
1,0.7657639297339874
1,0.9320289044907527
1,0.8770783230910246
0,0.13806460704907067
0,0.04662371664598852
0,0.5039705879160714
1,0.9091727583734042
1,0.7986148231499123
0,0.017126497312465728
1,0.5122069690438112
1,0.878521775949913
1,0.5658248179998628
1,0.5090738915082664
0,0.05500588074523571
0,0.09400332941540204
0,0.014745563127361732
0,0.008184804793887421
0,0.08100660988321305
0,0.002554376259376168
0,0.7354229899763473
0,0.13176772041589824
0,0.01522722276176596
1,0.5380095642563104
1,0.9626587612916642
0,0.011425712299254528
1,0.9796936031451946
1,0.9639564785871224
0,0.005562543945915005
0,0.00773229691168623
1,0.6558859504367017
0,0.13519549049827967
0,0.018479405296072695
0,0.033073038694233295
0,0.07780680676282671
1,0.7492480552422959
0,0.020924530611029953
1,0.9009381475616681
0,0.021074613950434442
0,0.0938720668817601
0,0.005743135550261709
0,0.026425340964904575
1,0.9267053129687564
0,0.5456043626070888
0,0.035571088674953254
0,0.01344078758862797
1,0.3925638437029126
1,0.2191093355463742
0,0.011658837916330796
0,0.03011058327464046
0,0.0013685943341992359
0,0.0754349192447226
0,0.004209256624516382
0,0.14089593613936766
0,0.003111036017458732
0,0.06643024896298731
0,0.05090514090601779
0,0.14538882632812142
0,0.02804907310268708
0,0.05246675017122639
0,0.01178601649563915
1,0.8701212071225422
0,0.9541325403401709
0,0.0009417234365058583
0,0.11247288277073406
0,0.5144393353085606
1,0.9372235236499156
0,0.17239874411729475
0,0.014380512631215729
0,0.3728345255233362
1,0.04286720910730242
0,0.7126855035595999
1,0.4624007188778556
1,0.8802865511333193
1,0.1964031746759094
0,0.21171196766446893
0,0.16205979646205604
1,0.9801928752004052
1,0.9062629755384537
0,0.05434436358015574
0,0.026789941771590248
0,0.7104417458467208
1,0.11263114919641082
1,0.44576137009803113
1,0.8526858706791021
1,0.21473795248933053
0,0.1437918603028229
0,0.021170881118461132
0,0.00880967841479521
1,0.9840050712681893
1,0.8786335834620962
0,0.10437512511173301
0,0.008590934254417069
0,0.04318132492762607
0,0.11912050502381431
0,0.044502909592224686
0,0.15719783332849804
1,0.30164973687087343
1,0.9929968549512717
0,0.13759827197711738
0,0.5116821861279854
0,0.013265917479075124
1,0.876763247796209
1,0.9527619602485334
0,0.010710940003511183
0,0.37117011166558717
0,0.2680260531969594
0,0.016552633574599126
0,0.03353126041107109
0,0.015352147070391132
1,0.5424396329281557
0,0.05766758506652545
0,0.5583654414968033
0,0.34437971052190297
1,0.11115292426614544
0,0.014622688367069968
0,0.059331812661261245
0,0.00471056331717139
1,0.9698388830177687
0,0.03556301478434341
0,0.004668806359257578
0,0.0033213394428438813
0,0.2163400801283354
0,0.015205998209903177
0,0.02266794826826465
1,0.739687679269533
1,0.5895213195516196
0,0.0017687588673915779
0,0.05462060275829037
1,0.5805544039065352
1,0.9318081526814955
0,0.5903192818915255
0,0.3982069517631927
0,0.005987157664192108
1,0.7774300436392729
0,0.060924950956692064
1,0.8511865234596196
1,0.8522015168124556
1,0.9521499054682485
0,0.11260119016831095
0,0.1397565222950674
1,0.9507585893260804
0,0.0033317929712427846
0,0.04441659766718516
0,0.007628153686842947
1,0.36151316800506794
0,0.003194996681422223
0,0.36414355594734277
1,0.951758983848492
0,0.014243049001704628
1,0.1890173555505139
0,0.46075395586728135
0,0.4866115784428411
0,0.3671427321755619
0,0.4627619823662643
1,0.6481639248535581
0,0.18076236526345354
1,0.11373617323750583
1,0.6151284554894653
0,0.38508899848377376
1,0.830659869153553
1,0.28138177772830386
0,0.031183149272153703
0,0.030603818746095423
1,0.9099209653620939
1,0.14198604219206235
0,0.207283986644236
0,0.036012925465613646
0,0.0036503425511960528
1,0.9621511261550222
0,0.43219827389675763
0,0.11380280847827384
0,0.09020675161772725
0,0.02229118614971064
0,0.01638962611321361
0,0.07554987262806108
0,0.005245763574936509
1,0.43577495536192834
0,0.3968697014423961
1,0.18796898054339706
1,0.47176989577005884
1,0.5002364638831138
0,0.289179719489489
0,0.006265060259945327
1,0.739418346839319
0,0.11917975542726049
0,0.1558940972219759
0,0.005371180913359385
0,0.20262005832831576
0,0.49612796312129764
0,0.021861742641317787
0,0.24844511200769395
0,0.007787895782764343
0,0.001222900210616765
1,0.9933334096938393
0,0.011398992975809263
1,0.11736972745274254
0,0.3154927626520901
0,0.014882753901867633
0,0.010238468435020222
0,0.009694158862704796
0,0.004329373921379019
1,0.8724587820027623
1,0.37510209449734927
0,0.03480237259967558
0,0.6265442196239915
1,0.1057326990261486
0,0.008460058855380337
0,0.02890664830367334
0,0.7857864892837901
1,0.8735503733859892
1,0.9374830630909087
1,0.1589761677328628
0,0.015672239433821303
1,0.689204405457699
0,0.7828376721070653
0,0.24276213656647397
0,0.029708497741805593
0,0.2334054366196113
0,0.002407946179702573
0,0.0042732581194756866
1,0.46797249653325473
1,0.3494579123809937
1,0.09069514058733948
1,0.9700329400987823
0,0.7296332630646237
0,0.30943853791690684
1,0.9283577906984739
0,0.0036639833648536685
0,0.00733253047181223
0,0.16816669020772873
1,0.6219334384196353
1,0.5396009218104828
0,0.017520511059005518
1,0.724696928306836
0,0.008515164830324912
0,0.006234398072453464
0,0.0023392184110383202
0,0.006488909418151375
0,0.16093455358834055
0,0.0045383745924919274
1,0.6240209063684683
1,0.35246777056547507
0,0.01965562837162717
1,0.8772800841381991
0,0.030526181016340016
0,0.047776279883319804
0,0.2002537484480836
0,0.003484668945879692
0,0.8272368301068008
0,0.021300095715671347
1,0.955813801260699
1,0.538825271105916
1,0.5597690664152535
0,0.2879675926536611
1,0.9749319618933089
1,0.7541833038257698
1,0.9439113738449729
0,0.006025904556865525
1,0.6873316995374832
0,0.0021006727726981555
1,0.7136237425605214
1,0.9606891686419856
0,0.08640606632112083
0,0.015103334559006224
1,0.9033390948192747
0,0.013361952366900527
1,0.9245925233020997
0,0.08232704861171962
1,0.8711492707401403
1,0.8001095538546124
1,0.5566289855672415
0,0.07400053435234752
0,0.030973547173322347
0,0.0036724191981547375
0,0.03658108000540703
0,0.028571017218242848
1,0.8637830660920196
0,0.004704753744361095
1,0.9370380394536365
1,0.8775951474444643
0,0.027317591003942043
1,0.835880119422805
1,0.9264980990598811
0,0.5405354755739094
1,0.62833620736745
0,0.04435271981204907
1,0.8039517719828391
0,0.31249419106767035
1,0.20974223278384296
1,0.6594660016106986
1,0.8844530084944573
0,0.4064317622034015
1,0.9425619664132383
1,0.9111457428962346
0,0.004053103041627423
0,0.07732011896863641
1,0.6890856329005116
1,0.767943557803528
1,0.7790742355445772
1,0.8813763591868142
0,0.0022102432834364407
0,0.055664219470569744
1,0.4121797070270734
0,0.058155592497532604
0,0.7123380848398574
0,0.003831976215935828
0,0.00736486154679718
0,0.5853713964836661
0,0.9269238426250938
1,0.5175211830050176
0,0.2678444532198291
0,0.9254592865382731
1,0.7637627495248287
1,0.7161012621916946
0,0.13316974571047913
1,0.936174326414928
1,0.9782070676609047
1,0.7409597208529954
1,0.6807897713382346
1,0.62424502327907
0,0.07247357406744988
1,0.8521859684706937
0,0.009283710259567549
1,0.6634714024708804
1,0.042238624753562916
0,0.04677516960423037
0,0.010780817451468592
0,0.030751098906789474
1,0.786941202502425
1,0.8795280706498331
0,0.17492838433250787
0,0.05427636026088272
0,0.010408905663069125
0,0.05441874325381872
1,0.8446641328324687
1,0.2306869676091311
1,0.9447021148532213
0,0.0079031466262059
0,0.2966735765868764
0,0.01329817613506138
0,0.49390772690147755
0,0.02558893155727092
1,0.8805937190543723
0,0.010397047247176824
0,0.017361613610208194
0,0.0735339323322874
0,0.010105085337128264
0,0.03353881261111921
0,0.33060349249252335
0,0.0020296328584345534
0,0.034260020567828585
1,0.9700739351370067
0,0.0044752919711837985
0,0.12176267110146187
1,0.8096783441459465
0,0.7008401235199151
0,0.008783382002841683
0,0.006458354434348758
1,0.01824101067463715
1,0.9581845492136019
0,0.5240172473585674
0,0.004817130059639045
0,0.004806007542937405
0,0.00239549420144304
0,0.06212361096937589
0,0.013351296516459514
1,0.9779345577900733
0,0.02655200391046703
0,0.08087187386233628
0,0.4476422038092534
0,0.1414208670843487
1,0.7619819111494034
1,0.719183023045207
1,0.9575457730903519
1,0.1087471156066349
0,0.0030823401965935347
1,0.1352800694522235
0,0.08444002437195983
1,0.6845075485126193
0,0.18745522250001137
0,0.5006353588218233
1,0.9641338870469407
1,0.9776190314131306
0,0.0490036692219235
0,0.3161311995038063
0,0.5299537966491067
1,0.9061765962814935
1,0.7469480066573478
1,0.35016568887243643
0,0.08234530548058991
0,0.012791271271095169
0,0.3300446491815481
1,0.8983653769486174
0,0.02376725330607616
0,0.10726882477335163
0,0.9082244637594803
0,0.32124499390215583
1,0.9747644905768142
0,0.02545372997948794
0,0.03724749010162759
0,0.002327897218550277
1,0.9307572508704829
0,0.09742969837459216
0,0.009139553033203502
1,0.8190291453529249
1,0.7741656134577328
0,0.0027589979292971414
0,0.170709524901967
0,0.004156342712798167
1,0.18135788373445372
0,0.8774928572015952
1,0.9401087703970608
1,0.761288042214117
0,0.0492513737199714
0,0.018432968645760054
0,0.1915893243422845
0,0.0056265392523296215
1,0.9450540743950698
1,0.9549977197377435
0,0.2522661723750938
0,0.6022252622896394
0,0.1354939257985353
0,0.3055849278729722
1,0.8469541913760078
0,0.012079069230680636
0,0.08032609573549591
0,0.014763969761483529
0,0.5110719776978108
0,0.051805210937984104
1,0.917449957144659
0,0.01394157752274886
0,0.6288948241461089
1,0.03774514803654032
0,0.008463615977895975
1,0.9670376072155996
0,0.013633511954242956
1,0.8330868826262355
0,0.14668973746606292
1,0.0028837846844221096
0,0.19865789879833462
1,0.5529743585399072
1,0.8938337721216841
0,0.003910825830187939
1,0.9853010902193738
1,0.9863791015290522
1,0.29397938589406086
0,0.4705723636950232
0,0.06335036258779159
1,0.967367418644467
0,0.2051204390426682
1,0.29202948202133955
0,0.06620735520161823
0,0.01701132433465611
0,0.03155376614210648
0,0.006315353717779904
0,0.19389294630139453
0,0.02765099834466282
1,0.9852882525846136
0,0.9081876526633893
0,0.5923696382107907
1,0.975515420551946
0,0.012186862156858916
1,0.9885370751281343
0,0.010566029562782003
0,0.8375861744615791
0,0.159640243077839
0,0.019747413870308
0,0.14117114744617856
0,0.04498408900385693
1,0.007802918213854855
0,0.10086566757550684
0,0.03240034992820952
1,0.9779125703931031
0,0.45480867533387354
1,0.7956763939954689
0,0.02799704462857866
0,0.07319586547268929
0,0.40808164987194134
0,0.0032779061270653363
0,0.042680025068138075
0,0.0730612947032219
1,0.9611066925752584
1,0.9695918414806702
1,0.8931981276326134
0,0.22477520186877376
0,0.015364790639562231
1,0.7112190345272335
0,0.019448861147981066
0,0.005002336311903205
0,0.03331658720519277
0,0.04487965652659956
1,0.6864395063562746
0,0.2031321064687647
0,0.028040305981286536
0,0.14863115024730106
0,0.015916951382158432
0,0.23102194793512232
0,0.7475864612687104
0,0.03329078683295933
0,0.3418578377278765
0,0.5045413541822518
0,0.008075331959974135
1,0.8419185535925238
1,0.40483984380544874
1,0.12872543574736997
1,0.9579995232295085
1,0.27742726057081624
0,0.3054985556789803
0,0.08206202904155062
1,0.618674832718357
0,0.07536365057276358
0,0.003982224182779964
1,0.825078864256764
0,0.026452044487691978
1,0.11367315671964084
0,0.023986881382101928
1,0.8563307040147813
0,0.47873103907761055
0,0.01415019989856648
0,0.3613609870897971
1,0.7954767890959912
1,0.04130688149562121
1,0.9558729000948061
0,0.023868777839222532
0,0.01628213423810296
0,0.0040438064663793835
0,0.02551501491086434
0,0.8344275588405545
0,0.0036025815028668485
0,0.0071633746957689695
0,0.22512676493657713
0,0.07972734097872511
0,0.056631733477877415
0,0.004102675856697799
0,0.015034226622476693
0,0.0653374387612207
1,0.9932366409979281
0,0.043783479222737814
0,0.08819927185559785
0,0.15091754226657714
0,0.016902648454134576
0,0.08458966038470694
0,0.055698359169445
1,0.9194891087106445
0,0.032990696160792594
0,0.016383571737303333
0,0.015824040085061518
0,0.7798764111988506
1,0.4014449996144979
1,0.9127848140387002
1,0.4235607274591278
0,0.3004595389674449
0,0.2422716139641611
1,0.6184145827387973
1,0.6968815553981623
1,0.8825305487106302
0,0.18357853030911994
0,0.817003414039527
1,0.18922085796528818
0,0.1475004790806082
0,0.29401768913507625
0,0.3498833328952735
0,0.2157831674735184
0,0.7979282226317279
1,0.8921874767683168
0,0.08523932562915904
0,0.11967041715877494
0,0.4593923180159266
1,0.586123883152661
0,0.8705735374193871
0,0.3533752682551019
1,0.2767304939821753
0,0.004267324800636958
1,0.7150742624744929
0,0.49581849255585486
0,0.19411843101955842
0,0.0564014473598857
0,0.0008172671065587699
1,0.19953586583081925
0,0.015792602467790424
0,0.03311748796689742
0,0.04755554627017512
0,0.0028176137612755158
0,0.05963899852868903
0,0.004885168645957794
1,0.7043646770180771
0,0.30073528826226625
0,0.04792496170893273
1,0.6645469871838586
0,0.6000210892164947
0,0.24192468322147376
1,0.1525368912217234
0,0.5763452673662788
1,0.4993836791957015
0,0.11088566081369615
1,0.7786933118280462
0,0.08483374258158312
1,0.583107443206345
0,0.014215578105781794
1,0.34202198902725994
1,0.2946059322803997
0,0.008356478943319586
0,0.003841028194381939
0,0.019567579604542844
0,0.0031015939580651248
1,0.8789612162394023
0,0.8910770410201858
1,0.3970764667594857
0,0.001407242117146539
0,0.007454227526967792
0,0.01610688030563126
0,0.009295893286740433
1,0.343462969786725
0,0.012869307911794005
1,0.34763718406812616
0,0.03837783626157905
1,0.6841979711747375
0,0.5091318387114921
0,0.006605467217787513
1,0.7646128014350895
0,0.07304189491092679
1,0.9791660857458393
0,0.010766233360297701
0,0.32202923200975925
1,0.5233712017918979
0,0.7026606734563533
1,0.9809356591918019
0,0.013240004631706487
1,0.8373403337204486
1,0.764735518925543
0,0.007959936317988017
0,0.012090536411655405
0,0.028292138903254525
1,0.3958110105154126
1,0.919579427164106
1,0.24679417771270487
0,0.930386626153987
0,0.07342582391767444
0,0.23656070140126473
1,0.3674264349969362
0,0.07237378864321699
1,0.8269645263366148
0,0.023772703212457197
0,0.44236305524147174
1,0.3573368749758288
0,0.20289088073079442
1,0.844027760195369
0,0.004346865744242645
0,0.050915984708000496
1,0.8556981346139875
0,0.008681430842345458
0,0.008033232530037546
1,0.8534513989146023
0,0.018388272550575895
0,0.13586338442850995
0,0.006731405823097934
1,0.689100265027915
0,0.012569099957084908
1,0.6208923445078556
0,0.908615581692443
0,0.22828393088328358
1,0.7961587030025915
1,0.5269980773935165
0,0.07129624962556065
1,0.4993836791957015
1,0.03038292476976594
1,0.7831427922969718
0,0.3002649752323073
0,0.09060341734981599
0,0.19851043182013575
0,0.011051907127950693
0,0.2945443223306642
0,0.0012657140996972663
0,0.005725468841550047
1,0.8997585904009531
1,0.9804887031732342
0,0.27511060108298124
0,0.8977693524698562
0,0.8771704854885838
1,0.7984248873950818
1,0.7231674590715997
0,0.6444474723479783
1,0.866278648019389
0,0.14633272711772677
1,0.956251481604345
0,0.05964861476375671
0,0.014581136374629315
1,0.09849097960768673
0,0.0027564792509333874
0,0.09499655787518817
1,0.669064050183289
1,0.2360702660714689
0,0.028346488079085255
0,0.015162334921300195
1,0.3417455030790435
0,0.001459509874790723
0,0.054879824511913526
0,0.09807860263694015
0,0.053108055145910306
0,0.024522045515007303
0,0.082834331622651
0,0.011406958385332113
1,0.9407791818136267
0,0.09417079200986488
0,0.030185053482844507
0,0.053102742817581164
0,0.005406518899503165
1,0.14074003194918
0,0.29542704235479345
0,0.8778324134701897
0,0.04468263272800984
1,0.2502098675872756
0,0.006882688910968415
0,0.021122232406440244
1,0.9675171337025064
1,0.9773506487734335
0,0.03703793233634206
0,0.027619898282459455
0,0.3385460876575381
1,0.9845867081012686
1,0.8437261247237019
0,0.05945571011590018
0,0.12625293331305923
1,0.9869073822552956
0,0.002006487247783667
0,0.38531697237432444
0,0.7723463815047181
0,0.22917607507291837
0,0.18123061585224892
1,0.9681265211492117
1,0.8386971041649046
0,0.0988677743609497
0,0.0017693104492436213
0,0.030669569837737897
0,0.009127424527994218
0,0.12166643099799758
0,0.9114971950113071
0,0.0260680828132989
1,0.6849435375150006
0,0.01517034421133257
1,0.9758114253118353
0,0.015119224327985726
0,0.6283847056980106
1,0.6760124082242609
1,0.8994862718147162
0,0.12912648896808737
0,0.07404704758596653
0,0.9189133130478625
1,0.13531176863600455
0,0.13990883110702448
1,0.5547691028287189
0,0.0013708047574322582
0,0.023208587664240086
1,0.9652000943787707
0,0.029840988541240687
1,0.6310988604618382
0,0.00791510389001663
0,0.03076037725375393
1,0.8333156940265408
0,0.04030200067596463
1,0.68592583501622
0,0.024816726515817795
1,0.9546259574865771
0,0.006190125227539305
1,0.2687905146319037
0,0.02513491141911841
0,0.5374789393747174
1,0.7163268129677716
0,0.0051777775011078424
0,0.024119988697840652
0,0.203094021753201
1,0.8908292553722978
0,0.008177737602907286
1,0.9367870359223188
0,0.007945213337987062
0,0.0038042989534012076
0,0.5124242421452886
0,0.056231005036253605
1,0.49038444992937047
1,0.7943515544417588
0,0.7417009960615872
0,0.013153248227580435
1,0.8063038839867674
1,0.9134981721676141
0,0.0034047461953930465
0,0.09990676351368859
0,0.576679292491375
0,0.003808373287610342
1,0.2071906304730119
0,0.0040438064663793835
0,0.3194157750232317
0,0.0507938167454082
0,0.012711311233294399
0,0.04659079795172222
1,0.6311347596359659
0,0.02588310575040312
0,0.23033059008242324
0,0.015117098545023659
0,0.034199789769010794
0,0.01271462554785202
0,0.012518462274602453
0,0.03394206445673592
1,0.8925509537200659
1,0.9442443290658201
0,0.9117520947360398
0,0.6531228491004741
1,0.942172648888249
0,0.23489823753136505
0,0.4965543609588524
0,0.6327592047458162
0,0.004074065550086147
0,0.07421936632967956
0,0.2747345353630561
1,0.9559775241157664
0,0.006881496449673212
0,0.1301452511029393
0,0.4168576238104857
0,0.2404515037834207
0,0.012883254320140307
1,0.9481823442392943
0,0.11788309941384675
0,0.10524617954915075
1,0.5834770567717198
1,0.7115114212707281
1,0.8588813420767076
1,0.7011937322425097
1,0.9215711900217471
1,0.7034042761758107
1,0.8086361136839654
0,0.1261703058882351
0,0.09536656050647009
0,0.041044669756721476
0,0.3678360357790906
0,0.005400064352748961
1,0.9392088955734404
0,0.003120720032128841
1,0.38047267925272654
0,0.024715157446892188
0,0.016047702505686795
1,0.4701745836355034
0,0.4780058570288491
0,0.14582711338084675
0,0.02157122735884234
1,0.9148276210699294
0,0.06708743174833505
0,0.003351587134432708
0,0.00334992769439499
0,0.20847716248663906
0,0.05107421140684168
0,0.009295893286740433
0,0.9248785071747613
1,0.30265454697219213
0,0.009129245684245757
0,0.012835083938499815
0,0.1394004268489169
1,0.0624342078455062
0,0.014133189536567276
0,0.2502700667822524
0,0.12150203824561465
0,0.060036790403474226
0,0.38952400908804335
1,0.8577675214198501
0,0.05012404195501639
0,0.03510392979011945
0,0.4225765306377067
0,0.015282596085121386
0,0.37811387458548923
1,0.9757066150147727
0,0.017980304266250868
1,0.13692708038349055
0,0.2637263262896003
0,0.26276558549374
1,0.8742103918034517
0,0.047669824343590864
0,0.01499543243231691
1,0.8612715908693409
0,0.005217232498447129
0,0.2443717592202953
0,0.00346143092719989
0,0.17245692654926004
0,0.08458966038470694
1,0.9933341678729279
0,0.017269165807750998
1,0.38031918133009424
0,0.0068037545568718875
0,0.00671968240496947
1,0.8449323243666514
1,0.8839726345554023
1,0.9334852098723926
0,0.02831397285430259
0,0.025238130388936464
0,0.023601465632080657
0,0.011529025191535806
1,0.7135569526400574
0,0.4207269425928717
1,0.5766789535123972
0,0.09695178697622293
1,0.5224996685349286
0,0.004875259222980365
0,0.00960884810494069
0,0.06740302201315895
0,0.009211046022533097
0,0.3521610677475477
1,0.48703650471210874
0,0.4561336687250342
0,0.4824178759408489
1,0.8670590480299906
0,0.22040930966698113
1,0.013918780028306512
1,0.3381948110925382
0,0.050981942076678645
1,0.8980750768544881
0,0.10347948538002957
0,0.0025454538280351327
1,0.8368888526329138
1,0.572903453946132
0,0.0016971178956099676
0,0.5232623535946641
1,0.845029292281421
1,0.8496295661764218
0,0.889702229316333
1,0.9480089021399802
0,0.10507084817255896
1,0.7950085793972899
0,0.9393344415109093
0,0.007536345214776073
1,0.8386971041649046
0,0.0007598314394030545
1,0.965807812772978
1,0.6807447648828405
0,0.04062355984330513
1,0.5722071175888698
1,0.926327297478571
1,0.7398691685050108
0,0.0702170269943961
1,0.6814623633304762
0,0.004176986252967589
1,0.9198998840837022
0,0.005838811158294086
1,0.8020954615148963
0,0.007599496642190061
1,0.6070668617207503
0,0.6778761995117227
1,0.30963134525539543
0,0.022293152925839742
0,0.10540191612914875
0,0.442034247053763
0,0.46511613959758485
0,0.8365144979698058
0,0.015037214513768531
1,0.6893989931532729
1,0.9700688162984678
0,0.5638431084046097
1,0.8462031980943946
0,0.0588619729479732
0,0.006464228009406099
0,0.010282209283822901
0,0.8531693250410444
0,0.010552852216753752
1,0.4433635023086484
0,0.014591269238927491
1,0.08803054227596695
0,0.011121010001978305
0,0.011082205813196286
0,0.004030973325521215
1,0.05850465627403489
1,0.9622012766765394
0,0.02272785747374523
1,0.5884577443834796
0,0.004657912075497815
0,0.2111380407092232
1,0.5412251415419861
0,0.00422864992102861
0,0.1870422381379236
0,0.0036110183405758008
1,0.5672001053761994
0,0.3296160286111921
0,0.0237111148434271
1,0.8990454970164956
1,0.9798652778872452
0,0.40591782925690756
1,0.8448319153806263
1,0.9781610068314098
0,0.017555129206539347
1,0.8605588684093862
1,0.8205321614596989
0,0.02860445407787467
1,0.9451848825179799
1,0.7644511944453691
0,0.0543596081209808
1,0.6355081957396885
0,0.009057306929140686
0,0.10673851853720831
0,0.74338590286094
0,0.1215344756228157
0,0.00845617866439637
1,0.24684438588817123
1,0.7663344614073171
0,0.45498366551672437
0,0.023252830617984072
1,0.87309132682857
1,0.9618601382977389
0,0.12393348591825794
1,0.779681427378145
0,0.26287600731992355
1,0.6407673006838599
0,0.20464775246233372
0,0.11761386326435878
0,0.016123855003172642
0,0.010247711195417918
0,0.36407150984814024
0,0.4939355265912964
0,0.05400437830699038
0,0.01417007651187
0,0.552855462361781
1,0.3600344698698782
0,0.6622530124552852
0,0.00856413136382373
1,0.38382301623006626
0,0.012251754241085808
1,0.8508682566316076
0,0.003881127604065885
0,0.016067055799932575
1,0.4870769827297119
0,0.06795451841020106
0,0.004722082717569376
0,0.0003111184299914001
1,0.7858243263673134
1,0.9051771256603784
0,0.03728778337121158
1,0.8765829473240847
0,0.9570947637894833
0,0.02670794801571606
0,0.02092458495976417
1,0.8314595630977828
1,0.3531001485231537
0,0.1538644573617908
0,0.019518618272729403
1,0.6899517030446831
0,0.059765839074318323
0,0.018885861199965614
0,0.04199926297361764
0,0.19279346605494685
1,0.9285347098844511
0,0.0014000327789595248
1,0.2335096369527444
1,0.6497044544152796
1,0.4131599089724256
0,0.025501414372180425
0,0.011696035427864519
0,0.13881825476451895
0,0.008478722101996483
1,0.8534915344486376
1,0.699026707573677
1,0.9281357000647898
1,0.7933859702991266
1,0.8490796219778387
0,0.016291227580909198
0,0.3202644913590941
0,0.0053106436510430306
1,0.8542985115333145
0,0.3036579832055322
0,0.43108636563956465
1,0.9282438067027953
0,0.05996015377038059
1,0.25592101411735485
0,0.012333573331722393
1,0.545027784488878
0,0.01622655850767779
1,0.9580895654674927
1,0.8766311700688303
0,0.012922609805919354
1,0.9856532191084616
1,0.07214003976175005
1,0.8786389070423805
1,0.7662398490412589
0,0.2865772238793944
1,0.5478857631197939
1,0.314518344539649
0,0.007760018234456584
0,0.022619024182928778
0,0.02474243738215695
0,0.021160219270581707
0,0.020181462282681393
0,0.00314239242993958
0,0.029709619905487945
1,0.5221965017333443
1,0.9126607848965966
0,0.11832345170031398
0,0.04877387452838037
1,0.7128034280330218
0,0.00652813933727629
0,0.6105132726054695
0,0.08362752159475267
1,0.9192246037809618
1,0.9314000013264528
1,0.9639738318187726
1,0.5097081771056114
0,0.6252755664588172
0,0.01448814807636804
0,0.019086760332342446
0,0.22557276872713866
0,0.1372304736830164
1,0.9661999857721776
1,0.9091065026477245
1,0.287028331634545
0,0.5223739539645543
0,0.03279791562122355
0,0.033499617585099055
1,0.5833145466734115
1,0.9043039674582796
0,0.4378478127983841
1,0.9106108738300616
0,0.012487627543350815
1,0.8770783230910246
0,0.1076476153291796
1,0.9245858070404767
0,0.799465761276176
1,0.8249605781877848
0,0.6917462138284339
0,0.02353285082549097
0,0.025595214704146708
1,0.7649197389309008
1,0.7219063658332946
0,0.9165360884123317
0,0.6262389283960148
0,0.018001055331179676
0,0.005982053692361559
0,0.007473329460030495
0,0.032325145287981784
0,0.07383381559826957
0,0.11413054484479865
0,0.06478082573615467
1,0.713601432945028
0,0.015326993261842822
0,0.08226656929969545
0,0.007884649114807067
1,0.7666713542555201
0,0.04188803679281086
1,0.7106780504573029
0,0.01101896557674387
0,0.21840949745264915
0,0.053087318614358205
0,0.057361148451254035
1,0.4129185350023939
1,0.7774236160003762
1,0.47759357618878345
0,0.008961411429900056
0,0.015708286725359146
0,0.8206041794153198
0,0.02297397319891696
0,0.018112098264376732
0,0.25179474861787843
1,0.8379048008351243
0,0.32313847039388693
0,0.09519274724623417
1,0.9003155034114438
0,0.006722778043383602
1,0.761142861540248
1,0.7463766804622698
0,0.05253548549603274
0,0.04079028500631755
0,0.35308694132449575
0,0.04036876491808095
1,0.049694184923032396
1,0.3336012129090798
0,0.0837142430092551
0,0.4297265594201035
1,0.8224972239044511
1,0.7412868429712338
1,0.707026672879438
0,0.5126885626339133
0,0.030819856783747664
0,0.023203109878767027
1,0.9141157967691395
0,0.02194064635225375
0,0.3091921430839935
1,0.8552576004344171
1,0.7129418323419006
0,0.9049615589783901
1,0.6212687095220181
0,0.2718509895019468
0,0.03975564216559068
0,0.1381008608082979
0,0.10565100353551547
0,0.006432668400439097
1,0.608579892788212
1,0.5971814394292377
0,0.03820029183256759
0,0.30254073207906673
1,0.8944982586227447
1,0.952901810604899
1,0.8802700234260877
1,0.6627346174609091
0,0.20018808399241952
1,0.9037055374679333
0,0.059860385459585684
0,0.012310347009067527
1,0.9868954166297959
1,0.00340376639482376
0,0.5107070721182898
0,0.009535548413564195
1,0.7142143344221219
0,0.006599450555589738
0,0.6917238436696193
0,0.09360373202521709
1,0.965359273827408
0,0.004834444104446349
1,0.860393905565655
0,0.3012900476985218
1,0.03755150470205591
1,0.32629493272298843
1,0.8218242238713871
0,0.2079534798857546
1,0.027793798788594646
0,0.037034928712992354
0,0.06962542208804263
0,0.6061032081849664
0,0.13058618821820084
0,0.006342295161329292
1,0.980138466047207
0,0.0027020712825662585
0,0.5122948520058861
0,0.0017602207882837773
1,0.4002666168650515
1,0.6657630479576347
1,0.9688752579834378
0,0.028568522981014567
0,0.01855350715235013
0,0.005524144582335702
0,0.01607237291939083
0,0.02283795371755541
0,0.17214957074303483
0,0.0053252707731430305
0,0.04314162110606359
1,0.9769274071364334
0,0.00275102946152243
1,0.47675615816111205
0,0.05693207683846075
0,0.06035421021939954
0,0.004194008234705168
0,0.16223124352338683
0,0.0033451697401192275
0,0.013967690048709569
1,0.9293433407138844
0,0.6396602913706949
0,0.012936524370871838
0,0.41970597179265834
0,0.0931232525018994
0,0.002330259642857062
0,0.055336708050151506
1,0.836785259683941
0,0.005653871421637453
0,0.015361467968919627
1,0.9772437566253133
0,0.21549194057318113
0,0.08065421765332961
0,0.07860181427574396
1,0.9018814143681397
1,0.9175859542492911
0,0.08859659319436698
0,0.0029836312905024013
0,0.8861044810741348
1,0.9159571835427284
1,0.8298996514854412
1,0.710562987276725
0,0.002912213051923852
1,0.9386022305799098
0,0.5663699076479516
0,0.016447063608535317
0,0.6265442196239915
1,0.9710220675806841
0,0.08450092237172606
0,0.013342130711898855
0,0.031028184951197316
0,0.005763873601749087
0,0.01684469505100223
0,0.016946705656309607
0,0.12633143986936762
1,0.8825793268867139
1,0.5945156804989624
0,0.006204707455028783
0,0.08513584167840449
0,0.2872178340006596
1,0.8386123526533763
0,0.008074543773084468
0,0.8290080504616825
0,0.12073875019646445
1,0.8504600527703192
0,0.005759442567666839
1,0.9048094895970321
1,0.928962919554705
0,0.5441586651126119
1,0.9512689391952047
1,0.9160782266680191
1,0.8540500766721295
1,0.9124814758621916
0,0.7551189656807676
1,0.8862550736477293
0,0.012442993268050064
0,0.047892514506464326
0,0.11571687937556413
0,0.019791376684477825
0,0.03459863373200731
1,0.8144050419580684
0,0.17614567115193258
0,0.003858475059884543
0,0.0020383176167470315
0,0.00729986846211744
0,0.020548465096428242
0,0.03746306617639175
1,0.3631591176120892
1,0.880850564130888
0,0.04097290682502821
0,0.5237162916527078
1,0.9858223746210195
0,0.6651749292417184
1,0.7007294872121533
0,0.13345703191631755
1,0.906709628974789
0,0.012261594397732934
1,0.8660963912333718
0,0.011862178355528682
0,0.01664591951367524
0,0.7859578578424153
1,0.20803568998188035
0,0.32539647588623904
0,0.03350684394297806
0,0.13768253009295742
1,0.8262096092729044
1,0.8320706881585527
1,0.7451902984770548
1,0.2798296424875574
1,0.9049507716786639
0,0.08351180559425089
0,0.0015360105927347213
0,0.0016134743819238503
0,0.031388045618572356
0,0.008781275729457725
0,0.7256718875052502
1,0.9349137099477616
1,0.7922916789667025
0,0.5015634485497615
0,0.009816856172266965
0,0.011806055909266219
1,0.8730664741465212
0,0.05014029775856301
1,0.17449059737248365
0,0.03040192270957125
0,0.03858496261850777
1,0.8638056168692684
0,0.0380414044216201
0,0.014242728859854338
0,0.7574064148527577
0,0.005285018743837299
1,0.6726937822451285
0,0.02119198004862904
0,0.04389099103998625
0,0.11515055415982185
0,0.06827186482557608
0,0.7701507070069711
0,0.010250935096485513
0,0.011709962552507221
0,0.012548679789632927
1,0.9795498441396214
1,0.9646902387457843
1,0.925177491888037
0,0.8733981055450813
0,0.33613677766921746
0,0.18260490730039255
0,0.022224328728877786
0,0.015087764558425438
0,0.004003408375436497
0,0.515533963107435
1,0.7666920376819133
0,0.004168765589616935
1,0.32434903229128026
0,0.02749004153124163
0,0.002253293155421196
1,0.905806503714746
1,0.13326843146763553
0,0.029218083282490398
0,0.03265750332779236
0,0.0073126383756039245
0,0.24783513459891154
0,0.7331021446150795
1,0.02180370580279266
1,0.8676259786775002
0,0.06694949391377045
0,0.00451658957760678
0,0.017703991254987974
1,0.9392620367713648
1,0.6584776836619889
1,0.7867129062664628
0,0.5241812630151256
0,0.26983478385762877
1,0.951125388092143
1,0.026363121789300167
0,0.06180777144417052
0,0.8756792254161833
0,0.1343229264213131
0,0.005435939553824887
1,0.6515844231288727
1,0.6670384009675357
0,0.11121180731501101
0,0.14871502204021753
1,0.17263105516112834
0,0.02917368737446888
0,0.004254111195906029
1,0.9411578856823143
0,0.12918945915692515
1,0.8185079063590869
0,0.05547382828882904
0,0.009976344656405478
0,0.00566074398427226
0,0.3193422228995315
0,0.12158322136562577
0,0.044142817373391825
1,0.9286884900318894
1,0.9847165079407845
0,0.00225213545363891
0,0.011505113385788582
0,0.036927579425821234
0,0.010696350003045516
1,0.8001320900660797
0,0.18262175317234478
1,0.5861799089461531
0,0.04707415895384026
0,0.08852002674279781
0,0.8173182367081978
1,0.6403519381824565
0,0.0106384321889572
1,0.45652536555027434
0,0.02320069817381194
0,0.0029006160762240205
1,0.5855115399709973
1,0.27860053398091367
0,0.36039038270584955
1,0.5996384966552581
0,0.014829180891945619
0,0.06650833254939229
0,0.0113515023817934
0,0.033485164797591234
0,0.00463296289765022
1,0.12298403625171446
1,0.8213008173625324
0,0.6706902858289895
1,0.9052437131752552
0,0.2055072218546559
1,0.9182829652866134
1,0.8932444226734527
1,0.36894472106830045
1,0.918996250630857
1,0.7139779182820767
0,0.0022762327707969753
0,0.022456614937369928
0,0.06114129350787433
1,0.035274306237329654
0,0.39977397167459283
1,0.8910105776228417
0,0.9433386801988561
1,0.9685597063115915
0,0.12299715496295575
1,0.2723258572768341
1,0.7172045822117824
1,0.39022511585362396
0,0.02233993111130305
1,0.9279789464809323
0,0.07489908467531381
1,0.6779928197847849
1,0.8891004361487396
0,0.09558739192854726
1,0.2458691651028343
1,0.05887674519210993
1,0.882637077981282
0,0.025473104158536597
1,0.7862635416886502
0,0.056626137543397556
1,0.034482042987066926
0,0.09156929707528304
0,0.019591193940171902
0,0.04558724167183574
0,0.039893163934540794
0,0.0011127659504692536
0,0.3707465558369152
0,0.104640794173988
0,0.015696696221033046
1,0.4334322451069111
1,0.9323116250450784
1,0.4390993474759511
0,0.008071150305038615
0,0.013853839241467839
0,0.11637581540095052
0,0.013976993953282797
1,0.8465122084133737
0,0.13983647748484695
0,0.004608334620740312
1,0.28624051735809464
1,0.9670062185826707
0,0.017459149307640035
0,0.29319812018558455
1,0.8802075183244554
0,0.14341926689503828
0,0.039448857742989556
1,0.5895585580041236
1,0.6798240978385788
0,0.0495655547771548
0,0.006055420695778042
0,0.047416879061885506
1,0.8303995707499369
1,0.10078519250936584
1,0.3326282864393168
1,0.7141531049658555
1,0.263915960274783
0,0.3240560088645812
0,0.08745132014585177
1,0.07634509215005657
1,0.736619943505285
1,0.7286730545406892
0,0.019282993871957126
1,0.9297368650328298
0,0.06083822930000542
0,0.007896744670364417
0,0.0630729684589149
0,0.07704230517258044
0,0.034696280918803064
0,0.0011336045718162227
1,0.8790881356267928
1,0.8286945659331706
0,0.018555911179121993
0,0.004285509672627277
1,0.6280931761742978
0,0.1201495031127628
1,0.8606507214312099
0,0.02959140911703343
0,0.0025390372306981555
0,0.06644886983464744
0,0.3323476989817423
0,0.018684200481048525
0,0.10370878307051075
0,0.0060521427891623335
0,0.03689044635734729
0,0.4842188909680294
1,0.9052335751675235
0,0.003999771689997345
0,0.0077473714476016114
1,0.40134292617291223
0,0.2892089216260667
0,0.1912069049122129
0,0.02735120664431788
0,0.7559837076017806
0,0.020101996793215653
0,0.0326705769512553
1,0.9715371342639969
0,0.0046346630425103215
0,0.05709501051566758
1,0.7468241778286273
1,0.1303700572370382
0,0.5430853335425413
1,0.7829062278966702
1,0.7809901969409595
0,0.015286912627401415
1,0.2597872869900798
0,0.0710331512469584
0,0.10761771295289065
0,0.3169694902333557
0,0.04546196481226833
1,0.9689636924122474
1,0.8995175359835903
1,0.3325317032730289
0,0.030732559222846755
0,0.775484722218285
0,0.6514813236444016
0,0.7633567215301389
0,0.23817502366058144
0,0.27775107659357856
0,0.08773909228956792
1,0.36206829267148444
1,0.8814029880999524
0,0.18199269773328874
0,0.01533546899341455
0,0.001639917538353548
1,0.47779430587112465
0,0.3806656492357221
0,0.00434810801903174
1,0.8845714722189634
0,0.004839184040659929
0,0.049212709427556546
0,0.5805313087725984
1,0.897994897753331
0,0.007823013686141184
0,0.0051371031635391836
0,0.0016572512750350416
1,0.7701507070069711
