target,prediction
0,0.03708216134261945
0,0.38171995728486835
0,0.12425640012166374
0,0.03392209119850043
0,0.019474228633908398
0,0.32219448783406507
1,0.12127856039747746
0,0.47668070267021295
0,0.11061592768921559
0,0.04023207111532014
1,0.8822657189141255
0,0.02327294240179921
1,0.11677970941024807
0,0.3109542439913481
0,0.10465765216346477
0,0.21366871367697376
0,0.024355913595601717
0,0.062142421666648864
1,0.9114365123115512
1,0.912491198364739
0,0.07127839243744988
0,0.014732753559592686
1,0.31983918692518964
1,0.9157887508496896
1,0.7832930592835542
0,0.8735559186917129
1,0.3468827865903872
0,0.04235970506772902
1,0.6856839539058351
0,0.009675944659076155
0,0.0719963181828618
0,0.014589166282207638
0,0.04492451980352325
0,0.16233834082389448
0,0.07571737618203268
0,0.4307786430342212
0,0.029206626868961902
0,0.0910988871679793
1,0.7396969807190408
1,0.5739609410420646
0,0.2650993060954432
0,0.6493702048463731
1,0.8171084673535409
0,0.19370953216023212
0,0.13587305707774636
1,0.5542149559128958
0,0.11988741453741467
0,0.030963597263301494
1,0.9058730970136655
0,0.197929575441535
0,0.029642751069354052
0,0.128099602285013
0,0.005899604807191884
1,0.24304808872309508
0,0.06412756515628908
0,0.016271449448607454
1,0.7789909271018808
0,0.1711913450381267
1,0.7874919453057345
0,0.06537659966181913
0,0.054704961883107875
1,0.42030351526234927
0,0.18579716555059253
0,0.2517820452387816
1,0.280442069279213
0,0.045743766393947956
1,0.5447553921876764
0,0.21870611987928704
1,0.4356741626248653
1,0.7501297670822576
1,0.8165526743566137
1,0.16578001511814755
0,0.033414965978528166
1,0.7261541069385297
0,0.05977051116059493
0,0.12267976988046787
1,0.9783125785973747
0,0.0947014287653526
0,0.05226123645019047
1,0.8978456260590818
1,0.3727833182011706
0,0.028079578863541184
0,0.06709372448060118
0,0.2271265124333057
0,0.4972795699496395
0,0.04266826012028287
0,0.031380029712372366
0,0.07358667386860226
0,0.8702640249947557
1,0.9656163099943519
1,0.8574135238289757
0,0.02554130077298824
1,0.8031608788622859
0,0.012462874757026067
0,0.02632990115379773
0,0.23918646462582796
0,0.17937827044270108
0,0.40753980371779086
1,0.6892832426265066
1,0.7512295583654238
1,0.8442374093981545
0,0.05785465362265163
0,0.1368830648927067
1,0.8488001580031376
0,0.024114594640260466
1,0.4660891775894712
1,0.9355459153710678
0,0.013957021252437763
1,0.40821971066958884
0,0.3809078661109716
1,0.9042437663553913
0,0.3220001930276768
1,0.5669856985325762
1,0.9297071131645247
1,0.8285549408731061
0,0.0327968161559907
0,0.030023326803202365
0,0.21180776639107665
1,0.6657295044040714
1,0.8790189153261251
1,0.1733789670320505
1,0.7606669336531732
0,0.03930952067654791
0,0.031287326081910254
0,0.021294648185752055
1,0.9607048392133452
0,0.023470969894645383
1,0.29515881294816015
0,0.02733043995551857
0,0.023600490796359813
0,0.27018323821570017
0,0.034668911711712755
0,0.6160908780440395
1,0.8767803711224844
0,0.05871553055260296
1,0.6503181395701537
1,0.9141677200352746
0,0.11090703565501372
0,0.03473903042916329
0,0.41331836582705855
0,0.06748914744379446
0,0.38821871327051016
0,0.0771686391240168
0,0.02637483735945621
1,0.7992604607940192
0,0.05248231404516078
0,0.17730025492735033
0,0.013279345671057527
0,0.021212173230416957
0,0.40778033451713513
0,0.03963840853481788
0,0.14732577147692474
1,0.3213061577360075
1,0.635780790809723
0,0.04168068031362203
0,0.057555042913286815
0,0.4534096746856983
0,0.028940732379316644
1,0.4713844244635189
0,0.036197514420906025
1,0.574923050712353
0,0.07994709325104428
0,0.016767869832894872
0,0.14158916573244232
0,0.7712695285549533
1,0.1487339153578981
0,0.1418749897280675
0,0.06431708202815023
0,0.022879618662059585
0,0.29224778520418315
1,0.9190950191609464
1,0.47997118477659406
0,0.02878528889181797
0,0.017123905036963507
1,0.7946185793013075
1,0.4047817322673014
0,0.3427141526236644
0,0.029263671214974613
0,0.0342554898644514
0,0.36248450654683895
1,0.7749967185874075
1,0.6545392971104012
1,0.9586476375286994
1,0.9343609200765698
0,0.009112880883845357
1,0.9270179527155601
0,0.07468124170456253
0,0.051862743716138714
1,0.7834855090097749
0,0.14018118005762625
1,0.7877244713705999
1,0.1901370050918049
0,0.06490828429911105
0,0.18387510845159516
0,0.038267427128378585
1,0.7806689575482199
0,0.23824162068528396
1,0.43694325819480057
1,0.7909850139712301
1,0.7993641552413412
0,0.16536390400577236
0,0.06270450531856425
0,0.019430376088359614
0,0.10595483926044644
1,0.7914501807591335
0,0.1567444148690543
0,0.07332832715179126
0,0.020904036030710536
1,0.27688367936337044
0,0.036462013091198175
0,0.1027980466168254
1,0.20045281935688855
0,0.028547463047480664
0,0.13733375770094186
0,0.013588108015480814
1,0.47795060381937166
0,0.7823747789399219
0,0.007465679957639573
0,0.5427271516552351
1,0.7267636376858988
0,0.024982743294445938
1,0.02993581823098605
0,0.014544089146420828
0,0.05988890670844624
1,0.6940415681303458
0,0.1713152933945207
1,0.7787339602695331
0,0.06585344542732655
1,0.9198127968117963
1,0.2666096733490654
1,0.8771019163157718
0,0.03222331669037136
0,0.02351828888644097
1,0.23765599389115577
0,0.03277365622118842
1,0.9008387272732504
0,0.20866865575226695
0,0.012419023801288722
1,0.720484413180467
0,0.6237306298786085
0,0.034473358209764035
1,0.8409861921031018
0,0.016308039800043878
0,0.13230767879081015
0,0.18910040756386662
0,0.009486479009018094
0,0.3733597518998783
0,0.020563928027371284
1,0.8986839924563098
0,0.017612711073253108
1,0.48279011290446744
0,0.35591336692400566
1,0.8330265026370193
1,0.9705497606390624
1,0.6886344260515164
1,0.7779663764377566
0,0.4905254541130373
0,0.016749623253162708
0,0.6051354868285199
0,0.0342222849079793
0,0.5930039044053493
0,0.10856855387623165
1,0.6125218096885242
0,0.07852445906813042
1,0.7800510111922612
0,0.006478985084767855
0,0.007663828966246845
0,0.6799805602776214
0,0.059037240709030644
1,0.4205805669066864
0,0.04449729680777504
1,0.7393570744328463
1,0.8936666487502918
0,0.17188621103710378
0,0.01700056877974285
1,0.8090392796667696
1,0.8684418739745356
0,0.4871496745423425
1,0.796119366979671
1,0.9310403012633917
0,0.020357761562817545
1,0.7770717860172854
0,0.00461805085817572
1,0.6917138225221876
0,0.028703668449473613
0,0.0417415869694065
0,0.35918341741521725
0,0.17887236439105986
0,0.07519968650859697
1,0.8689746340719895
0,0.07039583303121295
0,0.043802668812485825
0,0.48497530332379746
0,0.46907181461752107
1,0.8999568615094274
0,0.0048015841589028095
1,0.9456961363974913
1,0.9536058809923644
1,0.8028630557798163
1,0.9512128232340605
0,0.3358743395864948
0,0.04902953360524782
0,0.022169995115164664
0,0.6544416847035746
1,0.8155263372376883
0,0.13329040308853413
1,0.6614789953817918
1,0.08659142451025285
0,0.031442157642489844
1,0.8971483827001719
0,0.09009683667882425
1,0.8472142735034766
0,0.007448183020801392
0,0.010371014670999093
0,0.049039039414231156
0,0.06815383612638791
0,0.3208262879385611
0,0.18395468764280576
0,0.05980793421196697
0,0.05113611568976076
0,0.08821997062529212
0,0.07064711304243043
0,0.031154823418937373
0,0.013278027086973185
0,0.3371040540449733
1,0.8726397132929435
0,0.00948080320123188
1,0.8587187155821869
0,0.02080658754338749
0,0.03046631195491637
1,0.630669367082314
0,0.6139847727285274
0,0.0711777406125458
0,0.029687177442753246
0,0.34493286699679837
0,0.08396649700002033
1,0.6758310163289137
1,0.7204791990815738
0,0.3080006616267088
1,0.895967769960873
1,0.19856708227874928
1,0.921743291861023
0,0.03116888413303123
0,0.035915132031903114
1,0.715737626574842
0,0.025825114768582322
0,0.593770814632654
0,0.5614588758273752
1,0.6414355979517283
0,0.02807930622126121
0,0.013320212527530923
0,0.09032365110696508
1,0.2915743178601772
0,0.04175799716121229
0,0.23799584518110123
0,0.29609265547779556
0,0.1216152900817678
0,0.07031907918319572
0,0.8806098423735683
1,0.43167641117851036
0,0.24846892593881456
1,0.9591675001403737
0,0.0070758695228338685
1,0.25416741141134175
1,0.7073005987880614
1,0.9584355000053492
1,0.8420903518269837
0,0.34225039303350474
0,0.014621471329326412
0,0.14228044269205953
0,0.06278569903779116
1,0.8815544842452718
1,0.3445437582754846
1,0.3169117048450598
1,0.8347371751278273
0,0.2543623957567974
0,0.7028978274901336
1,0.47452470424169413
0,0.3126502367451869
1,0.4274312552157196
0,0.052687383358362386
0,0.050053434571682605
0,0.04875172097663826
1,0.7171913755480066
0,0.12622092767726514
0,0.01642969117225933
0,0.10020357908304728
1,0.9398521114566439
0,0.05825961323246538
1,0.648297319852843
0,0.014375361350113568
1,0.6947235012827284
1,0.9842805996825794
1,0.6855332180458342
0,0.026477846616898438
0,0.18723066624069967
0,0.6003411879855443
0,0.08779660014219512
0,0.09364098027629865
0,0.22533396988258236
1,0.8961614263451352
0,0.05370361332296253
0,0.2986872901138545
0,0.4426512432473523
0,0.037923452590903586
0,0.36859069532400107
0,0.1610464980096038
0,0.8971800610899707
0,0.5775462642342716
1,0.8021319511712244
1,0.07497431239661004
0,0.3758038334916616
1,0.8149999015976296
0,0.047432337847363844
1,0.9255843510386756
0,0.04332748282013058
1,0.5718891623543343
0,0.032703007872083904
0,0.27946123552023466
0,0.314217079264909
0,0.18728768918023356
0,0.35492557179924716
0,0.03490263725678829
1,0.8376541314120655
0,0.013130253650115269
1,0.9402959291945926
1,0.8459712747314154
1,0.6919736625222705
0,0.9135661366848593
0,0.00832902137704284
0,0.09577888559007655
0,0.0250092213967748
0,0.014197932059781933
0,0.008528476178220524
1,0.9499122701933068
0,0.1240289518243949
0,0.015235490550587013
1,0.47207108905286443
1,0.9246677092898937
0,0.3714613773703736
0,0.3149251590622415
1,0.3520260099948577
0,0.09001332173276219
0,0.3908059802623239
0,0.07625534191928186
1,0.9337323917276382
0,0.016966423017853404
0,0.12820328736144912
1,0.8063557478296731
1,0.13372810875131128
0,0.036188918207045805
0,0.6348568192377563
0,0.008484840386145628
1,0.6965722643934811
1,0.6696985697722053
0,0.3733597518998783
0,0.03761238148432807
1,0.3003852467241012
0,0.017743339922793755
0,0.049183864987602945
0,0.03284722705726871
0,0.032164716521754816
0,0.14531810015068417
1,0.7001719499433935
0,0.39802848926152273
0,0.2396382984215259
0,0.5599655958796209
0,0.1788456831900787
0,0.1427483401019282
0,0.9591370802493342
0,0.2759198560307677
0,0.7342998676091875
0,0.057491011282211284
0,0.4390834470969116
0,0.008155792974401421
1,0.14028051224227525
0,0.070785072024876
0,0.10283133181513741
0,0.458651235187762
1,0.9385051436071858
0,0.009676080754707479
1,0.18405292931176848
0,0.04306914127527773
1,0.8960336247460289
0,0.022019269470992378
1,0.9127321783483373
1,0.7143676273192993
1,0.6900684124043899
1,0.26074279138413176
0,0.14056431540442024
0,0.041342334664464735
0,0.09155481479728818
0,0.011489476069579018
0,0.17524449466242356
0,0.00504749438910451
1,0.8178998915047965
1,0.6480976396209234
0,0.02094076512219556
0,0.05310406095448212
0,0.32476654739551397
0,0.05730243081168632
1,0.6531726619399003
0,0.2028526781497123
0,0.08039843105933346
0,0.11740948591212502
0,0.017845445706362484
0,0.020273986354395482
0,0.43848861570742
1,0.7286798779140871
1,0.4441487373380005
0,0.12692949882174379
0,0.050592440498561736
1,0.800615016966676
0,0.19899520145050598
0,0.026673416108431162
1,0.5106946802565322
1,0.26632773941415566
0,0.015135131942824157
0,0.21509993291353752
0,0.07893652523246544
0,0.16315804539438578
0,0.5920617145094795
0,0.25231669373069715
1,0.39986279078666065
0,0.25169852597068443
1,0.7638194661536498
0,0.007853591515209321
0,0.16987660658638554
1,0.3140328513163844
0,0.014007694313362774
0,0.06976475219094248
1,0.16429354495659454
1,0.8826948045888549
0,0.028415670867162655
0,0.17636475502714252
0,0.03806108104817459
1,0.9544481249986724
0,0.018185411581291656
0,0.2865607828121143
0,0.013218687692059649
1,0.5825741606627015
0,0.8926920521863789
0,0.07826269844937153
0,0.032711489835508305
1,0.909865639923885
0,0.05727860964189429
0,0.4282127572825351
0,0.041508550270790215
1,0.44000054007564776
1,0.5498372288208544
1,0.6897980818375467
1,0.48287556874262827
0,0.00820064942889124
0,0.045843532186734245
1,0.9243833232856067
1,0.8969150251663054
1,0.953744531987624
1,0.26701022021297377
0,0.8512859400616732
0,0.1428131675995714
0,0.14966680122304274
0,0.054632885932780824
0,0.04599910879985239
0,0.11654197364010328
1,0.6874067573064645
0,0.018928176855714192
1,0.9203958353475601
1,0.7057745186766023
0,0.4450071166057302
0,0.01603536168149857
0,0.05127064974368672
0,0.7552767586314302
1,0.8144176574821504
0,0.0193635543399339
0,0.16263594235922865
1,0.5465426692438813
1,0.8668006234515477
0,0.03153301420792886
0,0.29012079537156166
0,0.011555696313327491
0,0.08845939799700758
1,0.9066793682697928
1,0.772748342539477
1,0.3152604059993939
1,0.8846008234615836
0,0.09710733714032345
0,0.10090084171042865
0,0.04373488538721729
0,0.7881790057930134
1,0.45804383905372065
0,0.04913663537954134
1,0.9082660451712995
0,0.4050284330325484
0,0.017846184381907104
1,0.6655472536432698
0,0.028975672203608447
0,0.014323487385067316
0,0.09762585846685759
0,0.07974070016802094
0,0.14874067626574106
0,0.009132519540041469
0,0.0828753311456915
1,0.5494827105325911
1,0.34979716947604744
1,0.1209820572256187
0,0.027404992180030247
0,0.6439992536504667
1,0.5058502373627753
1,0.09588323224785861
0,0.016099231485865288
1,0.8879057048120859
0,0.1385956992752747
0,0.34297464901073116
0,0.00644600172645847
1,0.1652171213862081
0,0.2588073906545416
0,0.012909003283521877
0,0.23545126619374335
1,0.9584885497931204
1,0.857721027680904
0,0.4660117532994401
1,0.8235618343640052
0,0.00387919106099235
0,0.522267943113434
0,0.44863120269631523
0,0.269253789634565
0,0.1277007592325095
0,0.838312651916946
0,0.5395731420836491
0,0.14564692604699866
0,0.061722252311824766
1,0.5474436393980451
0,0.012735265794271606
0,0.057695593767857226
0,0.0715655275021789
1,0.9125201316639101
0,0.5872325240493741
0,0.05888486917318223
1,0.7985235414693834
0,0.1255198279961065
0,0.11073884202835549
1,0.8579749012465773
0,0.009632128490159635
1,0.3788335853217714
0,0.30740381041427495
0,0.19786296174505913
0,0.05516442317533429
1,0.09699432366362258
1,0.956796804094037
0,0.09180684041980267
1,0.8338091908381603
1,0.7675641256419681
0,0.11154538466265958
0,0.03567350363754265
0,0.2635970102263659
0,0.9035237053891267
1,0.20203819259614492
1,0.9107395993436435
0,0.08104024551710681
0,0.2138064002147632
0,0.01610973607777889
0,0.0893872146178193
0,0.02817668920704976
0,0.45983115990617157
0,0.5838358722400241
0,0.02117548031324567
1,0.7948813059079067
0,0.15254027958775426
1,0.8799718346618516
0,0.0033392913289358897
1,0.9591197511702247
0,0.023818776208758254
0,0.010452405942693253
1,0.9322171820728024
0,0.01432960164035712
1,0.8693363907992641
0,0.8315373446643026
1,0.9703722930500617
1,0.883484989703828
1,0.7521180896203307
0,0.07077386298333507
1,0.10754394208455936
1,0.8357153804723731
0,0.005761665105243089
0,0.19529746600844813
0,0.08620267049668304
0,0.004636907107322801
1,0.8920084501206378
0,0.00883157838818437
1,0.15892171060538884
0,0.39805318912288984
1,0.7400712183935193
0,0.02165837398454695
0,0.13658922056842965
1,0.5849625450305567
0,0.12899985917348125
0,0.09464915389395856
0,0.029953731624984405
0,0.01591707233648984
0,0.1796455817382682
0,0.29527534686405305
0,0.16252077845129806
1,0.26734812185246504
0,0.015938486517583717
0,0.7065795704583495
0,0.044487267534827374
0,0.011241236672039037
1,0.3723989307108544
1,0.884168639250745
0,0.08522961161227441
0,0.1116448257139982
1,0.5316985752264912
0,0.005791553522715141
0,0.06787662818186564
1,0.745264975301675
1,0.786129467617048
1,0.8158852556206915
0,0.2749103300242604
0,0.5326835283088368
1,0.6634738343234965
0,0.10373441467222361
1,0.375289340060206
0,0.108145790758409
0,0.14648469941798858
0,0.015571831383245279
0,0.18916590321107923
0,0.13101450739997794
1,0.18156997910735453
0,0.03794054543953719
0,0.06286854472722943
0,0.29139754248432453
1,0.8884010884204382
0,0.07710282652436858
1,0.7230585425460055
0,0.059919832732163184
0,0.5156819609589209
0,0.058291987828332906
0,0.19077123425448755
0,0.07572132642979935
1,0.26429041549408205
1,0.809088927771506
0,0.04560731026704154
0,0.045583991866780256
1,0.5767615950468964
0,0.8119752502411196
1,0.9391952021810392
0,0.27822813347141284
0,0.011174428470983511
0,0.3094179136439282
0,0.0959327964849361
1,0.07563347411640725
0,0.08805524675204492
0,0.3889285601578812
1,0.3915272401177148
0,0.5842546982919294
0,0.07111465685587742
0,0.6060251550790202
1,0.9200073079476304
0,0.01364000041976091
0,0.8393790711571882
0,0.02029548003834507
0,0.02259236895312323
0,0.06411251993065255
0,0.042752229603291454
0,0.04982656442065631
0,0.07572511846010674
1,0.76707358679876
0,0.015335485003410983
0,0.2534300965485215
0,0.024228237231935366
0,0.49182261562314167
0,0.2603439500000385
1,0.8472504085296099
1,0.8895521781924371
1,0.9068354503051266
0,0.5900327232189331
1,0.8857335111348362
1,0.7687047376831013
1,0.7212103985334481
1,0.7648802832512596
0,0.5302827565266314
1,0.8713839416216923
0,0.03463453359167613
0,0.059358638320798386
1,0.8533146889798089
0,0.08043952279531798
0,0.025352596683569432
1,0.3061164904469134
0,0.1962896113073155
0,0.019674128324829905
0,0.006947211740120896
0,0.02331953082164905
0,0.9284375400340257
1,0.8853465640226424
0,0.8991283202441819
0,0.04255357336872016
0,0.07071193810072668
0,0.7989432470476369
1,0.907762912054375
1,0.332222315757229
1,0.6203526581154502
1,0.8120526115636946
1,0.5861926141779014
0,0.32647062904481783
1,0.203949064712809
0,0.12905362767259998
1,0.654486680760567
0,0.09770062458651357
0,0.14581387922337008
0,0.15850347473335058
0,0.646120184609562
1,0.9808762419581465
0,0.051276707272393675
1,0.8045110939700009
1,0.7581668523347703
0,0.9285085862859737
0,0.11415498063427561
0,0.6802458149499423
0,0.12849459747545577
1,0.5490230527685224
0,0.05201203893428155
0,0.006812530116965937
1,0.8493082969460274
1,0.8795565201720156
1,0.11699890452887755
0,0.09412304437479349
0,0.0663523566459481
0,0.3071364187687685
0,0.513668946349181
0,0.03510490382316617
0,0.18678149239114072
0,0.08266578664299122
0,0.1038798304409008
1,0.7009297764078964
0,0.012551840486424812
1,0.4451347249548176
0,0.2588036302531724
1,0.8944872619557971
1,0.881973962431523
1,0.8119436680493411
0,0.008193385732566469
1,0.803962880253018
1,0.9406383884478656
0,0.024069960962987486
0,0.056295991697786804
1,0.5737166795449101
0,0.5939851221592156
0,0.011641760116763518
0,0.015303774469363103
0,0.09387594843350046
1,0.74750717998189
0,0.6060267884448036
0,0.34663431915602294
0,0.03619938624696418
0,0.05386275159517948
1,0.45477646624687895
0,0.28562101687358593
0,0.10013870140477243
0,0.02677779645021467
1,0.8410232800843112
0,0.388102219562689
0,0.022239733654320838
0,0.015409117785567066
1,0.12714955368631314
1,0.6207500129366945
0,0.009925418724874485
1,0.5540632860072222
0,0.022498661154989188
0,0.38561837707322577
1,0.9495943045969961
1,0.8076832337312936
1,0.7962352607835469
0,0.3137038552471991
1,0.8039662428192946
1,0.9290386368468012
1,0.249326404980432
0,0.20666674576670901
1,0.2320939240209482
1,0.9361360705475964
0,0.017071264713851782
1,0.7495781164360337
0,0.15627917567639657
0,0.03253644060318845
1,0.770296014113052
0,0.8775495166562024
0,0.1188326009782944
0,0.17004381417143793
0,0.0935892494575524
0,0.029411855140642672
0,0.08360036208568435
1,0.7697290163057321
1,0.8990048189842081
1,0.8245880645653978
1,0.7327128921663281
0,0.014596311951115841
0,0.03394680874237353
0,0.14627041755255302
0,0.02779839073868318
1,0.1091104283045349
0,0.03774096294024379
0,0.012922793862197458
0,0.10906932045120511
0,0.017953778862883744
0,0.3101111515099041
1,0.91392673433839
0,0.4916122392179821
1,0.93115988303985
0,0.05896130811397498
0,0.23067794987869422
0,0.02740609111934488
0,0.7938312275417516
0,0.10196644957507976
1,0.8753317820785728
0,0.9492748077824946
1,0.7834167535197031
0,0.037902400934858874
1,0.9128480754411347
0,0.008524475762488
0,0.15862684035677216
1,0.8799555012452982
0,0.1651185659404482
1,0.7867818210451789
0,0.6897746686253422
1,0.6699268157112283
1,0.5913712331689683
1,0.9678912164693568
1,0.17648229527442516
0,0.16927035322210704
0,0.2451184196718513
0,0.10391700416902873
0,0.017332633994670874
0,0.12552691299302676
0,0.0837861094378828
0,0.6172702943081944
0,0.2759553443392076
0,0.3083338248220774
0,0.05350894984567291
0,0.2320646575033997
1,0.545223669537281
1,0.4402177376510486
1,0.8760418622285012
1,0.8307622986196883
1,0.24917411879597767
0,0.119656479103954
0,0.012552364319179747
0,0.3820676043480926
0,0.01953676498637127
0,0.009916122513375281
0,0.026127987391751945
0,0.017808249438903592
0,0.8237213105174003
0,0.3800566140594645
0,0.4017840091971858
0,0.3619820667265479
0,0.2776903599087892
1,0.9457949459165325
1,0.8269262293351549
1,0.7012160408340676
0,0.06006191956763176
0,0.05418436872344609
1,0.9199388960120006
0,0.26593167552212016
0,0.011542478361234499
1,0.22804499586748908
1,0.9244686401644653
0,0.10073731392953637
0,0.5358042407246839
0,0.010744022041544593
1,0.6453766220204277
0,0.009412672892074673
1,0.8937294709839982
0,0.6285431517201433
0,0.028066197873641105
1,0.8996939055955006
0,0.2933114249715644
1,0.909872475496666
0,0.022336572067606888
1,0.9373642883525746
1,0.5995032705636087
0,0.4473617393234069
1,0.4906562589217485
1,0.02347585561461612
1,0.6254688411019376
0,0.12197171344319463
0,0.07652814256492989
0,0.10794416338807572
0,0.02579781271740799
0,0.31985844770011906
1,0.9124479195834247
0,0.3596504457890161
1,0.5746737582888912
0,0.2080808067826581
1,0.6989228159733458
0,0.06511815349006479
1,0.7781652683709618
0,0.01207620949826321
0,0.016766952880403155
1,0.7777209226197017
0,0.018181504070592994
0,0.028965049012770187
0,0.13051314021396226
0,0.0074093492773762756
0,0.15769204303750697
1,0.9311104730609209
1,0.39202581904509837
1,0.85478279829582
0,0.011986690912568251
1,0.9153282285699651
1,0.895672041539951
0,0.03799589720131463
0,0.007140861448521178
0,0.5719801453659947
1,0.8311215704689717
0,0.505963175659462
0,0.9108176521441509
0,0.4236637822560933
0,0.062118778123936944
0,0.3374593157807555
0,0.28089527274491055
0,0.09139655242311773
0,0.12233311157860334
0,0.025646935883063434
0,0.1331327490593969
0,0.006376949673731244
0,0.008930582415869618
1,0.9009086285068101
0,0.2528896433084115
0,0.9153088553815834
0,0.01827800002186717
0,0.046510592352643855
0,0.819259312737086
0,0.32721829592820634
0,0.5722333274797666
0,0.03917097709028002
1,0.30210844280581384
0,0.01109450010363365
0,0.017003132829098454
1,0.6499152854343735
0,0.6705449253450667
0,0.05501836607423085
0,0.03796199372136941
0,0.4159040419945558
0,0.3668364857983008
1,0.8869294597037266
1,0.2732948351962437
0,0.21670119815664382
0,0.09803184150792608
0,0.11820973230250743
0,0.34506337965989675
0,0.11480820598713325
0,0.0889718318115574
0,0.5378647068603587
0,0.09880242572093317
1,0.8470114505835007
0,0.07188218590677158
0,0.18632251094097774
1,0.7740020055563217
0,0.04362167977478983
1,0.8109753965610662
1,0.9560624358964723
1,0.7092367932817214
0,0.42388041359552775
0,0.5813409785015736
1,0.7550188175631064
1,0.35023043930602543
0,0.023472145570014043
0,0.016093831439412908
0,0.14064263742208327
1,0.8263782615550291
0,0.02011894365792466
1,0.8827580199743389
1,0.5720420119968349
1,0.512838476405676
1,0.6688400531866607
0,0.05824203550759122
1,0.647668057578614
0,0.2449322088205861
0,0.034611843381367094
0,0.06724031481820356
1,0.6977828568875926
0,0.645870245486748
0,0.4117631624826704
1,0.462955390711307
0,0.050014214737486615
0,0.045565980156082805
0,0.29500337620602357
0,0.01712903416843337
0,0.0877308949367224
1,0.42096129192165654
0,0.0532246492769071
1,0.14324727486527444
0,0.025944949829272746
0,0.015181495627519343
0,0.03131130653498299
0,0.11637014879507057
0,0.09232101364715883
0,0.01440995594991129
0,0.25945140782726406
0,0.6708912063233032
0,0.17007833839006772
1,0.7190894170410723
1,0.7191343779260803
0,0.5356398320983248
0,0.01039402092269119
1,0.11881164448886376
0,0.01834052305890897
0,0.25507560767001586
0,0.018527215366530438
0,0.05056018227971157
1,0.23533966081685553
0,0.35298142805467675
1,0.9738482674835812
0,0.527837092882372
1,0.8797782511141939
1,0.8791620129444033
0,0.016597786699508798
0,0.012341484364359225
1,0.6812975572992556
0,0.014721918612430326
1,0.8763487754798416
1,0.8959838104905641
1,0.9126919557479176
1,0.8258908050248069
0,0.11399010728451181
1,0.7851351159231593
0,0.16763637754043706
0,0.39604357903314696
0,0.7777437796689786
1,0.5098862308890848
0,0.13806082499853625
0,0.5487101203628334
0,0.058283090141085916
1,0.1391126935395962
0,0.16033276445551034
1,0.716793439230231
0,0.018203873230164955
0,0.2833949662919616
0,0.155397634175075
1,0.27623760527722946
0,0.0070486201094993395
0,0.24693169267909937
0,0.023613407371388572
1,0.41815882563422424
1,0.8749684993157865
1,0.7904519465593712
1,0.7012160408340676
0,0.10649936095207993
0,0.3184949777016328
0,0.12486649440159543
0,0.4394791575990883
0,0.18391259652621808
0,0.05693195654701375
0,0.15560709714458174
0,0.039190879390583015
1,0.5594402867171487
1,0.9598655234165022
1,0.010684288311773288
0,0.01563970557303263
0,0.3052568379335143
0,0.10486971617378779
1,0.7018275057979605
0,0.004330892839963077
0,0.5374700035791286
1,0.7065995996173462
0,0.007465705402289294
0,0.04740847495662838
0,0.05781705291469983
1,0.5561344278164342
0,0.038724182418464405
1,0.5263139367843214
0,0.0809941756033447
0,0.12360492528227982
0,0.8579693352748473
0,0.141669940344353
0,0.3582995060156677
1,0.1888952456515042
0,0.5943746247160273
1,0.9075796314882157
1,0.7998885969151854
0,0.017238747797968752
0,0.08137818130462476
1,0.5363001712242058
1,0.905395922819417
1,0.8613485334661907
0,0.12378429155827694
1,0.4186105424891665
0,0.08387123763833776
0,0.051708547130814214
0,0.023365655317529807
0,0.20561309080547635
0,0.5420650891182965
0,0.3989637356022424
0,0.01984596071325736
0,0.024070233290292672
0,0.7126644635076363
0,0.02472028219645011
1,0.7480032207581023
1,0.6852680313954401
1,0.9728972910280764
0,0.09907882730287973
1,0.633407130382021
1,0.6765551858604837
0,0.733838193251987
0,0.061089411971840986
0,0.061304831993126044
0,0.028467556397119183
0,0.42412634119792925
0,0.5565678425377876
1,0.8726409594825827
0,0.3517772103738731
1,0.8935742351638415
0,0.008327388285148904
0,0.018684060748847892
1,0.626651495492549
0,0.05425809696467569
0,0.10563193599242146
0,0.018387435272108114
1,0.576555534055152
0,0.12034923700276981
0,0.08959035064002682
1,0.5333884690327186
0,0.3280469125351588
1,0.3266378706524821
1,0.5953744017422256
1,0.13666378419362646
0,0.019645647626338036
0,0.07319784788924422
0,0.02995804816606813
0,0.028394216214753774
1,0.8211773365073555
0,0.3072218185544809
0,0.009509187757417355
1,0.7625446849113444
0,0.0454540585160035
0,0.021449633305028738
0,0.0574804865045926
0,0.14086352899782606
0,0.02595794048257804
0,0.2692645733572905
0,0.4834693548869802
0,0.3994667921281296
1,0.29753776441562885
0,0.012304633702286065
0,0.3350869505484133
0,0.2944315225331675
1,0.2877892055915911
0,0.07820712498050923
0,0.029181381020991527
1,0.723358638721185
0,0.02690421064544408
0,0.06238424695101037
0,0.03760420177781097
0,0.08923233327096439
1,0.936219203845921
0,0.0475067347562438
0,0.2209026620952822
0,0.06609476651588252
0,0.13478090775415766
0,0.11676570590352668
0,0.9219026987360117
0,0.06301282327422508
0,0.06143036362975393
1,0.19742633412187977
1,0.714802585389768
0,0.10747391315285384
0,0.5318062137923524
0,0.18436631659947691
1,0.8808706431282733
0,0.12777031082231616
0,0.37755620811583307
0,0.33176574576538587
0,0.008582499779008684
0,0.030526260232292383
1,0.35989520176147505
1,0.9661939445390666
1,0.5219408945986771
1,0.9045477602600985
0,0.9158214743609049
0,0.1017811096394548
0,0.2857817282108513
0,0.3598378901594714
0,0.7808355197228579
0,0.014497142751888846
0,0.081958632889028
0,0.008050307702330046
1,0.8225250580919549
0,0.2501281892736241
0,0.7276167536479747
1,0.17086067196198257
0,0.013139677591276813
0,0.5877275031558648
0,0.3862976666836694
0,0.006392095233592786
0,0.019942549797390657
0,0.1532503346020275
1,0.9123208614599977
1,0.7489683453928642
0,0.07024402708910414
0,0.016892515554256714
0,0.05831151994912751
1,0.7580682925399904
1,0.9268950743900182
0,0.2130872321537382
0,0.13641816125829034
1,0.8202287350035071
0,0.17467654127469764
1,0.898835069375706
1,0.5916712200987599
0,0.09374592785750128
0,0.035384356561829255
0,0.041972813409154486
0,0.1581858192866386
0,0.3879641581305295
1,0.26017703590478647
0,0.1106204336437525
1,0.8278338760602951
0,0.023718628326344665
0,0.10436485275123535
1,0.3946505685570504
0,0.014762091022449162
1,0.3417843299109323
0,0.009861278315239369
0,0.06126383044850968
0,0.7660635904624262
0,0.6574550938589127
0,0.037695472433840194
1,0.7006128303356783
0,0.005422833012334749
0,0.0300500100072512
0,0.06623650220510535
0,0.14476066106608135
0,0.51683940631517
0,0.4853943439804853
1,0.043017533204895014
0,0.011883751547371799
0,0.20932807072144893
0,0.05161068986491247
0,0.013245414595102228
1,0.9035296647117184
1,0.9533157157515616
1,0.7174163410931891
0,0.07338553566690206
0,0.0075781437726608405
0,0.023370745074516974
0,0.05545251438807844
1,0.27055640794100444
0,0.22573631685126083
0,0.24279582698473193
0,0.23287074046636533
0,0.2525638615433299
1,0.7562182991447641
0,0.030669012668851362
0,0.1324284923955022
1,0.5967181268050674
1,0.7977835186269474
1,0.4288568896855342
0,0.3359055606964768
1,0.6949291954357604
0,0.46326175644340395
0,0.04527930709442844
1,0.7480549555314956
0,0.23757173461183778
0,0.0188275508155343
0,0.060682584306357146
0,0.04575313208481975
0,0.09195872852677721
0,0.8086419972510291
1,0.17026225977238776
1,0.8681645731378135
0,0.28910373367856923
0,0.14841479584953604
1,0.5108974759300154
1,0.2278989862230896
0,0.068810105374745
1,0.5123759964745785
0,0.05420118444953601
0,0.06517868545487392
0,0.058239117789411425
0,0.009689275966755563
0,0.543479330650592
1,0.8868718282545006
0,0.019832410568572986
0,0.07917179317853647
0,0.06530398059868556
0,0.011957365521644376
0,0.07306236161219207
1,0.8722683967015371
1,0.25574786578334113
0,0.1313329764966066
1,0.46743378332754415
0,0.08738132533076332
0,0.0120369191781139
1,0.9567175511780869
0,0.06228997917018538
0,0.1087578386550015
1,0.5728630633187934
1,0.8727644159476045
0,0.7931363972597605
0,0.0450685882033554
0,0.1121191366267985
1,0.7679035767731575
0,0.022278824766469366
0,0.19194962868011842
0,0.038055552307177026
0,0.5073885745685482
0,0.04245259481100894
0,0.04763309812376261
0,0.04391881054067486
0,0.02727927262806872
0,0.2250545002037545
0,0.43979558533064944
0,0.011216030275842566
0,0.8312238219648366
0,0.08642571797486778
1,0.5489771752553387
1,0.5398585022458439
0,0.25421735996170863
0,0.23838292009688056
1,0.8889952598696845
0,0.6375307639065259
1,0.5449436839652287
0,0.16607341824893254
0,0.02001433686039546
0,0.008438080348013466
1,0.8443388432568556
0,0.21096853253900216
1,0.9158345615778866
0,0.01887135845740631
0,0.25406096868667805
0,0.013362069066307906
1,0.6379534327903458
0,0.6531477932976401
0,0.16906660319808164
0,0.5636164453919503
0,0.1158013221702455
0,0.28712186210659724
1,0.7749834474377427
0,0.015706000480289226
1,0.6069177457030444
1,0.9080088054100024
0,0.12109590523779565
1,0.3944145508947563
0,0.012552931881482156
1,0.7404433336757015
0,0.8397828484733926
1,0.7217372337147194
1,0.7413519491842729
0,0.03885250104976607
0,0.013024688772985512
0,0.04276697334460331
1,0.8595902933955138
1,0.3759362877688994
0,0.0258656474121502
0,0.11951594186580973
1,0.8510467119085107
0,0.09305380709356868
0,0.03735392224534339
1,0.6620204301791531
0,0.07835856406215556
1,0.20959308881799502
0,0.022666267785075647
1,0.9519847706411652
0,0.06664610090436177
0,0.15789136887421043
1,0.7688382177958629
1,0.8754443947522782
1,0.312753461652754
0,0.06896267992684837
0,0.6890155597678003
0,0.07028063081127997
0,0.41671348833326716
1,0.5581093919293849
1,0.9152479731684773
1,0.7716015282656092
0,0.6809723482477023
0,0.34493286699679837
1,0.9268807388077722
0,0.1747020983067052
0,0.10878649778810691
1,0.5091138113258126
0,0.011571415222993727
0,0.019488075353158354
1,0.7182206088644536
1,0.9186626661706402
0,0.04167731947744321
1,0.9410205226096391
0,0.1756164155403559
0,0.04932548508042294
0,0.009043240856641502
0,0.012184952424394206
1,0.9057982423804105
1,0.5488361628612218
0,0.17543185062769548
0,0.18365574839900303
0,0.026104497473685345
1,0.8894074908046967
0,0.06426046286224475
1,0.37835903123425535
1,0.848236534015074
0,0.028511130343849077
1,0.9297549382357321
1,0.7199189326269761
0,0.660443699968542
0,0.07626852227968044
1,0.45394446186025744
0,0.3530166800310151
1,0.7623781963398694
0,0.04069443189899781
1,0.719107468353717
0,0.03319122359186767
0,0.3404709730418186
0,0.04315690387630308
0,0.04749950347616495
0,0.1482890571018879
1,0.8077143291003757
0,0.545480792170525
0,0.08737243932724739
0,0.06945853257322536
1,0.6075957146943636
0,0.15268623232175096
1,0.3397848908816687
0,0.5591145217615849
0,0.07978871013467304
0,0.058083993343886094
1,0.2532532058516094
1,0.64327583596458
0,0.32537115427691626
0,0.10789076871840365
1,0.9455644674225017
0,0.03455958832784363
0,0.02162008684909568
1,0.8924676585601446
1,0.9448099423478409
1,0.8762573023938012
0,0.26374489899904974
1,0.8261068439470203
1,0.8684177642914523
1,0.614896733219899
0,0.16354617840222194
0,0.03024649216824118
0,0.029550811908430834
0,0.08212113925707493
1,0.7052825991243811
0,0.16072361110813607
0,0.010146104872337813
0,0.4596085313836305
0,0.22712422723580544
1,0.8888600282771095
0,0.19171563856716822
1,0.725701879377215
0,0.17481646847921103
0,0.006901457657204765
0,0.05500431852511297
0,0.009148250827125184
0,0.09776066943497157
1,0.8139713102785608
1,0.8381828307661819
0,0.03216058978790909
1,0.13690780502175878
0,0.2634428749048271
0,0.2815938527893029
1,0.903524692779958
1,0.8528874437907356
1,0.8183583403401473
1,0.5039702575384397
0,0.0879095899566575
0,0.22877027946694653
1,0.857982880394946
0,0.08923560407403298
0,0.04558722628303111
0,0.025759272628278783
0,0.010209195623273675
1,0.9247385795308124
1,0.3167848510139594
0,0.10836901192177337
1,0.69613510031681
0,0.09034791528105392
0,0.03569394430997056
1,0.9582897481054801
0,0.3824729864539369
0,0.09639723501879348
1,0.9131978214077786
1,0.8649356952978957
0,0.15934666753702678
0,0.08079714129871474
0,0.15826554539810123
0,0.030807538031796203
0,0.11908604373648818
0,0.23745504355107658
0,0.23998919567979965
0,0.03036176683362172
0,0.020609652449918688
0,0.3199364628224124
1,0.705143754933618
1,0.8359930102197941
0,0.4310179171533494
1,0.8288963072695288
0,0.7440089677913073
0,0.3934504391264478
1,0.8920634907937649
0,0.4718839034778377
0,0.09834768210395832
1,0.9554112669601393
0,0.16776062210952933
0,0.08113455397042361
0,0.02069331474111258
0,0.011992865167356282
0,0.23618285570434802
1,0.9003365093829443
0,0.007967761205319066
1,0.2675456525101165
1,0.7028528134905534
0,0.12487621336326164
1,0.9085498712524767
0,0.018994247157851484
0,0.8001132161095499
0,0.02453650267985319
1,0.6503580626017241
1,0.25143016829243486
0,0.4422566975030526
0,0.33396456348163855
0,0.02532497816893045
0,0.30720085791666646
1,0.907438555066982
1,0.5433298658285625
1,0.2702055721169233
1,0.5556723680485968
0,0.038856400938481465
1,0.238232206096501
1,0.8919274280952669
0,0.011069539818934956
1,0.8850975457197087
1,0.8728805265668106
1,0.5798503582300486
0,0.8709339976580224
0,0.13849698987502618
0,0.21223440068947547
0,0.05667505580627276
0,0.03660489710317205
1,0.9420267720069248
0,0.03839403705530471
0,0.010355248460414293
0,0.03649219767526634
0,0.2418422992613922
0,0.04836370248023885
0,0.552784977082056
0,0.11076332284368065
0,0.07135221515915727
1,0.4999427056124223
1,0.43362005446790863
1,0.7370208528469082
0,0.2647640074918468
0,0.027825761151704872
0,0.0616915669228378
0,0.023029385332514134
0,0.008584619113680957
0,0.02993257209075439
0,0.31869421696762923
0,0.5319461382639745
1,0.19823681705316504
0,0.24230925487069352
1,0.9245766757633094
0,0.09977183531295766
1,0.555058947058413
0,0.0828474925757065
0,0.019371162101426528
1,0.8924676585601446
0,0.09840048062978353
1,0.41836992631156056
1,0.33443305101837917
0,0.026477846616898438
1,0.10388850358173309
0,0.04747924472011875
1,0.7536600440959156
0,0.2655385529788696
0,0.02293459439769796
0,0.4732028256387672
0,0.11434396678488837
0,0.08098915385916011
0,0.030873491055662193
0,0.006387032099512443
0,0.2758603593749766
0,0.17486281231246312
0,0.554554334033833
0,0.5178328207221251
0,0.05673436845660697
0,0.002556108776698874
1,0.9009514054910512
0,0.14210762728031584
1,0.8337908482130734
0,0.010574733658172058
1,0.16591679599124298
0,0.09905832876212572
0,0.01582552534193788
0,0.011561912418447976
0,0.018502807593715954
0,0.04916858733991095
0,0.06479547651488403
0,0.04980344561601709
1,0.8633753832012406
1,0.7760969488847242
0,0.07975315551387617
0,0.046785444090840504
0,0.09233461481097209
0,0.03129423015292187
0,0.9293082177120725
1,0.3949355333734708
1,0.868785096753949
1,0.9365907822099319
0,0.2634703381063194
1,0.7759272655259238
0,0.03370177366674649
1,0.14183722995735476
0,0.6413007807611534
0,0.8235548006691293
0,0.006587128635643302
1,0.9732724995516087
1,0.7377288459312266
0,0.03948757270030688
1,0.7603283119222332
0,0.056659532595881905
0,0.14439028866103104
0,0.12898823391035283
1,0.4647706314001936
1,0.6976297378925512
0,0.1564551503568461
0,0.3810107127304231
0,0.02402141136129568
1,0.7653746862923416
0,0.6359503256363748
0,0.0216146147149005
0,0.273369111808747
1,0.9475321603177526
0,0.8175065277500639
0,0.06447879383488801
0,0.07872962278751022
0,0.3083966815364368
0,0.018332376951313317
0,0.43456002856802833
0,0.3542555104734284
1,0.6328990974718325
0,0.5344222987431821
0,0.29826747013054744
1,0.756449087281461
1,0.7446684467047447
1,0.8448479478109279
0,0.16853109730723603
1,0.7062543104667649
1,0.09710619638247557
1,0.9647037341381648
0,0.0691284871470861
1,0.9428613446491552
0,0.316226917368893
0,0.008787249719125688
0,0.0101445096304423
0,0.047452896455297655
0,0.01812967023712146
0,0.05152642263685562
1,0.9207661114495617
0,0.3443087894610473
1,0.9125420143071319
0,0.18574226420984163
0,0.04216231614316092
1,0.32124558705018996
1,0.15313879846756961
0,0.15481183752624234
1,0.7678442079028419
0,0.4918181991584126
0,0.005861162798179118
1,0.7862744045762563
0,0.04618263165071871
1,0.7018573761126644
0,0.0035835241624211814
0,0.018909637219022286
1,0.8810873154707612
0,0.024707155945385126
1,0.898835171202852
0,0.007639831786788268
0,0.3654657619021496
0,0.6551310291733738
0,0.007608901117774852
1,0.3540310881046172
1,0.22515436140694717
1,0.7532642310401659
0,0.4624032736488502
1,0.6323330336389329
1,0.5169426548003889
0,0.09600878863296902
1,0.9172751233372726
0,0.14905191602230355
0,0.0192923107299321
0,0.3025531279462533
1,0.9532906455848644
0,0.03170023246279243
0,0.524027084667007
0,0.08229699436583043
1,0.30566421490739204
1,0.780936846794159
0,0.1652346753999831
1,0.6680044692081233
0,0.011587778556203979
0,0.05270600934333038
0,0.020640231928249132
0,0.030789221358715337
1,0.6024834745487816
0,0.02251023395812488
1,0.9419028631621188
0,0.7444543910777495
1,0.8569948009120808
0,0.38146154286336736
0,0.02374345729476825
0,0.07254009465684183
0,0.01888553258747675
0,0.0941593574196736
0,0.015416949615512546
0,0.016261939845923844
0,0.0997187769694347
0,0.09644602357923886
0,0.018288145170514483
0,0.1592688045158156
1,0.06058569287825785
0,0.043963319062187825
0,0.012275663680580286
0,0.09154724733392619
1,0.8549924690630892
0,0.02068524528884694
0,0.09230718611500338
0,0.04597040176201483
0,0.04582379207425862
0,0.1273097754474138
0,0.11897581876500803
1,0.978936703509049
0,0.26701022021297377
1,0.7328564232818109
0,0.012999559142173607
0,0.08633774148754547
1,0.9745829401444015
0,0.27429238073207823
0,0.08705624140327146
0,0.03197426140817207
1,0.9448636070575964
0,0.010596792665644686
1,0.6714143917731115
0,0.03059877515289034
0,0.1507568477078921
1,0.8989720055517302
0,0.3092433031191725
0,0.1601711928330947
0,0.025071059354439797
1,0.8741031936995004
1,0.5009617301775466
0,0.010744102432593121
1,0.08677726357308661
1,0.6169733897665218
0,0.3015743925751862
0,0.22667818033427728
1,0.9558800049518549
0,0.15557819665092082
0,0.2303776801232598
0,0.17766246110481604
0,0.3819176589240055
1,0.9351550672510283
0,0.009507017614246258
1,0.9594973584830052
1,0.2006512334161494
0,0.036268213299248675
0,0.06861639683381607
0,0.1048759187039714
0,0.5042329610761423
1,0.8049192528833095
0,0.1392402110966
1,0.5942967134817864
0,0.01623320929086064
0,0.0034965348527327854
1,0.8045122717160742
0,0.011432960857703631
0,0.013675373173259496
0,0.029196434835810026
1,0.6802814181182547
0,0.10196985684671894
1,0.3009708521240613
0,0.03799442863697812
0,0.06689833596088111
0,0.1603094508934769
0,0.3137042263889544
1,0.7350946485535829
1,0.9278234760229281
0,0.5472705435598759
1,0.22842775286225298
0,0.8085827308346449
1,0.4221592403320783
0,0.006709016775587303
0,0.015593944676441675
0,0.05884261703354583
1,0.6649038210257092
0,0.009562318551468774
0,0.10870377308624879
0,0.8305050173552212
1,0.2683990690092993
1,0.9160053854335992
0,0.18879126458324785
1,0.5970196391234789
0,0.12649096711582933
1,0.10751788193513974
0,0.014912518422642934
1,0.8666026353435352
0,0.21585167697545665
0,0.7711776278291849
0,0.6697402946861539
0,0.4092203103959019
1,0.3304343213908764
0,0.2863666455354053
0,0.2452536169118685
0,0.13852822868419254
1,0.8738803080697805
0,0.09903439018007262
0,0.18130504841103998
0,0.8600027460493144
1,0.8602535807333178
0,0.023887319779162298
0,0.006162877745781674
0,0.014128493309453824
1,0.8953326302059352
0,0.07375405420574899
0,0.6992325551399106
1,0.7942360144688505
0,0.13682115485074584
0,0.06753963324508738
1,0.9015293869119106
1,0.0401339541075095
1,0.664708799294747
1,0.9168713983394692
1,0.4780529424331182
0,0.3194855968694401
1,0.947322714410628
0,0.0682127594312351
1,0.7855550386784516
0,0.31226751372045647
0,0.5349716559052354
1,0.7558130577834902
1,0.6360809206695794
0,0.5644075695022176
1,0.9575701290110211
1,0.9357459316877654
1,0.8207259550774879
1,0.46769654374261316
0,0.8134545188109386
0,0.26808573719248113
0,0.05681669004008825
0,0.7483972646237498
0,0.01701212972784233
0,0.12187703200978627
0,0.49358735868797216
0,0.06202773366933614
0,0.034362183739855626
0,0.24850047441627796
1,0.3419743506335394
0,0.1962736588137227
0,0.0076641052852237344
1,0.8533943874313622
1,0.7004059063314669
1,0.48174786099968225
0,0.1262626295240002
1,0.7254073516589553
1,0.6183613339180639
0,0.2505156715242843
0,0.5097919499698501
1,0.7671705328275283
0,0.40306219651708824
1,0.9476601186513173
0,0.00631176015920369
0,0.18675217344852907
0,0.44505912903501266
1,0.4219815111026452
0,0.40067907918931683
1,0.36166947414970335
0,0.09006714659381626
0,0.12548004014555508
0,0.032570866279457
0,0.42819761782435
0,0.05334599590653832
0,0.07468339886246368
0,0.0804057696272174
0,0.6459550305663634
0,0.7927300710680792
0,0.4862245718019124
0,0.0136858809161986
1,0.9496958217623095
1,0.6933236357441858
0,0.12810736378847495
0,0.6709059546436329
0,0.1036802459592288
1,0.8600744645752144
0,0.045165513060494385
0,0.04279752926118778
0,0.23923951531475368
0,0.612693554765558
0,0.016389154390639926
1,0.9028186941701348
0,0.29049356954255473
1,0.4584967518063661
0,0.01373833127719415
0,0.4240376022439571
0,0.20803867201377715
0,0.403030988326217
0,0.21349892708145468
1,0.22779635536625537
0,0.4842848304953917
0,0.06455754942537667
1,0.5185504713118285
0,0.06882244071527063
0,0.18709299496653087
0,0.038668665873547114
0,0.33440716262105274
0,0.19339749294441014
0,0.04714002266650208
1,0.39384584856967203
1,0.6331789121171743
1,0.5289750872423481
1,0.5076145686937362
0,0.01173608790011314
0,0.12729442174093444
0,0.09148833978334638
1,0.15105153342336558
0,0.9293082177120725
1,0.8892420521532749
0,0.4784600395510179
0,0.05098095590078002
0,0.01305853950693491
0,0.0036783834871577568
1,0.3018029670973391
0,0.2633418792294806
1,0.8860439012295054
0,0.05722409067936369
0,0.4578989359785647
1,0.7472464898554462
1,0.9447095498257952
0,0.06754113960513398
0,0.053454894622305765
0,0.4605191240969041
0,0.03729431391392896
0,0.24104235350425887
1,0.5823248724927004
1,0.9117098241799202
1,0.4713844244635189
0,0.13512682427774284
0,0.14987105642903298
0,0.06236342937664072
0,0.12882985492647056
0,0.5071906438018243
0,0.005202953759114311
0,0.08959333152118648
0,0.05093754252977753
0,0.35200548984065877
0,0.01670477464640981
1,0.9040852599653318
0,0.22608767618579262
0,0.026727945329192503
0,0.008305059883577954
1,0.8952220240745584
0,0.3106525164412254
0,0.02296209128971712
0,0.039148772660452996
0,0.030806800761429953
0,0.13056150498224073
0,0.7109822583776989
1,0.874125839894506
0,0.39968596582125504
1,0.5287947361438644
1,0.9116131950359462
0,0.45833910689862
0,0.017528535901025512
0,0.20404034899351142
0,0.23183034193970736
0,0.01581883405449151
1,0.6744022944573254
0,0.11613664286840647
1,0.8309471458051871
1,0.5176862776859881
0,0.1001237651478292
1,0.9571256852983935
1,0.7071593331107541
0,0.06573467115176529
0,0.21696037781687494
1,0.1950187464277562
1,0.9204168942747861
1,0.9509110757463759
0,0.014361241572561535
0,0.15031926411508328
0,0.01706592197208949
0,0.5106154570578104
1,0.8688892208425243
0,0.10444111752462396
1,0.8766252397149497
0,0.008891799274901751
1,0.8240517572949386
0,0.17016253134823764
0,0.11471389390409334
0,0.08175625862997535
1,0.8057083600166842
1,0.7980201375376442
0,0.13557343295124258
0,0.47316478549330915
0,0.026608288038009815
1,0.8141309505464505
0,0.07001005907805714
0,0.5516879998193713
0,0.6677090735764184
0,0.015029135734000014
0,0.0042148193578132685
1,0.7123479246699784
0,0.09200286855475542
1,0.8187368860712063
0,0.1885052951679099
1,0.8817028618099325
0,0.028940459528426235
1,0.7403688306154966
0,0.01565700048299719
1,0.4044912347294548
0,0.44423645836619524
0,0.04240581808569538
1,0.6743733418617732
0,0.4807203996531578
0,0.036936441929033295
1,0.9533488631203296
1,0.7617384154954349
0,0.030192462040307445
0,0.20157930422025658
1,0.39116496081818036
0,0.036757734856000514
0,0.010714504056008036
0,0.19816609264483256
0,0.05250037380584499
0,0.3254501528446097
0,0.03571462325533655
0,0.18442554337200842
1,0.9422788591436363
0,0.30982103515826354
0,0.01769479059304964
0,0.06061584013670064
0,0.06155045975414872
1,0.7837851401365178
0,0.17477014611641742
0,0.14633197569602002
0,0.032776419717373155
1,0.913214051024843
1,0.8931514686725514
0,0.09015216545687414
0,0.047954164067756905
1,0.8384533698718615
1,0.7294599710068104
0,0.007834757455216923
0,0.012725401149265885
1,0.25094217003293
0,0.13273495180499476
1,0.013633518771830146
1,0.35838129887487463
1,0.846478842005083
1,0.48338927356812805
0,0.351892600816552
0,0.555427787648825
0,0.13813354705250452
0,0.06377653912858934
0,0.00934335409789646
0,0.41129569517415854
0,0.030530659674838704
1,0.7968200487935041
0,0.032521229449303315
1,0.710255498543631
0,0.031322366482341144
1,0.9014685281745264
1,0.7775006310231742
1,0.4690099770177981
0,0.28436372696831136
0,0.0764040933916876
0,0.04053185791463939
1,0.9205726942009872
1,0.7998660314752053
0,0.05218833082326812
0,0.0037409413902387964
1,0.9588991831144601
0,0.21532988650603213
1,0.8919988725122703
1,0.8474588058471133
1,0.7623198854923573
1,0.1718118714867046
0,0.011151240807718118
1,0.835404918649466
0,0.1061246723019577
1,0.7439722412573083
1,0.6573184659969739
1,0.7647502839302787
1,0.8546926158595893
0,0.035534926220533954
1,0.8665719277549481
1,0.8840693083738387
0,0.14510388281420122
0,0.6194315704688629
1,0.8054154623387842
1,0.725405010486586
0,0.005238276973905554
0,0.029224150818488497
0,0.076188722379083
0,0.014537298225309877
1,0.9497916454416365
0,0.31807717919092543
0,0.1961553640143343
0,0.011538273936079913
1,0.9845653650476924
1,0.14801623221383725
0,0.4609981832610511
1,0.4267583426180853
1,0.8047000951978827
0,0.010700116137405237
1,0.8284141187963502
1,0.6016853028901755
0,0.24783913187076467
0,0.021706420983400636
1,0.9039491432316606
1,0.5122909109935994
0,0.07449533091427316
0,0.20091555113595752
0,0.11410159074540267
0,0.8003636796444539
0,0.05405888772938605
1,0.7231021412290538
0,0.016497974760162456
0,0.792912326809974
0,0.07505454125430734
1,0.5395265021441129
1,0.9602982296497946
1,0.909806646729253
0,0.12411685361084165
0,0.0884258497246375
0,0.1043122764524119
1,0.8801662926039991
1,0.7512435569887479
0,0.015457818534118154
0,0.0692820002425485
0,0.02268178074942624
0,0.045262389277533836
0,0.028367693031609336
1,0.5157394845132165
1,0.881923522561116
0,0.5844519549534872
1,0.8633053363908862
1,0.3546666928947489
0,0.035878871014997885
0,0.21567087261631632
0,0.015148955284006711
0,0.22927312029433503
0,0.013241079852458548
0,0.03714848820311794
1,0.891675864701685
1,0.6238933900450809
0,0.30416755752828456
1,0.323927093719409
0,0.9613172602556089
1,0.36055111105516247
0,0.07973388944509179
0,0.4426233304054176
1,0.19214949111619273
1,0.9160323388583644
1,0.9302702571387919
0,0.050601923136644376
0,0.049342415932611884
1,0.5128473599305841
1,0.9289928533356153
0,0.047487711532974416
0,0.059880406337882205
0,0.02360124809371165
0,0.01290516415894003
0,0.022655865870942118
1,0.40175465156149515
0,0.10741323769842702
0,0.04674285701799535
0,0.014243596780693441
1,0.4395751731678136
1,0.9219840758306612
1,0.7255740471893068
0,0.08839504363266301
0,0.05117429095294794
0,0.00669518441407851
0,0.10894019377610675
1,0.94079861524644
0,0.07638824599348629
1,0.5525287070114736
0,0.052488879340840934
0,0.02219862394996059
1,0.1677726492669268
1,0.4976850641536469
1,0.1560414071031468
0,0.10445650852404376
1,0.6851276268592663
0,0.04281712679661121
0,0.3140420291137823
0,0.05234823007380414
0,0.09781143770926934
1,0.9229598018857567
0,0.015135561041626111
0,0.10062015187009313
0,0.02819850096176142
0,0.011938908702978347
0,0.022897717351889765
0,0.19302751435414592
1,0.8134545188109386
1,0.8866248680826176
0,0.4637349324104558
0,0.14376456322579448
1,0.02936533854988
1,0.2245847451150777
1,0.8547464192969412
1,0.6286148647612948
0,0.022956377770674614
0,0.21351620760166187
1,0.8206965607383272
0,0.04452743046757858
1,0.8746462873005293
0,0.6625295839586457
0,0.04765697597324975
0,0.7248519146477178
0,0.721031024191851
0,0.013365465489990864
0,0.4606920195810306
0,0.06395686508817935
1,0.757627360006228
0,0.04579523361256504
1,0.8446373404633938
1,0.7266121651912975
1,0.6383985197613721
0,0.0423081901999603
0,0.5012337460040703
0,0.2886900776987898
0,0.018076109748297584
1,0.8530116162057528
1,0.5598448509512307
0,0.07755730956943895
1,0.8305240280358501
1,0.3803979247825936
1,0.011640496137549236
0,0.2731934581455574
0,0.010377605400206406
0,0.017136839468106797
1,0.9134150545030979
0,0.6251403268079837
1,0.1140717007204809
1,0.8865297810405484
0,0.04992227122042432
0,0.05143885345975376
0,0.02963457214085309
0,0.07091607295957973
0,0.08579055107202142
1,0.49813114324661595
0,0.9184264981991472
0,0.043071833271955164
0,0.16785884041851606
0,0.0786077555051013
0,0.32921176388328893
0,0.11982708584838384
0,0.09750125689704188
1,0.052928370665911835
0,0.11127433077777571
0,0.47127082453054514
0,0.034656676839528965
1,0.7118131267752053
1,0.6773083543163538
0,0.1357704782726883
0,0.004507917469431166
0,0.11519722712982729
0,0.5017286234737551
1,0.19010616901718091
0,0.05877951601898155
1,0.032836517000652876
1,0.3015924192745129
1,0.28700629721626064
0,0.11028236303458822
0,0.03898660626593395
0,0.020517893000882515
0,0.03732146830351297
1,0.8420027601323172
0,0.05746340594970645
0,0.2454958122280107
0,0.28962879163893285
1,0.9448779862197909
0,0.06224288146672938
0,0.1937974195322741
0,0.31757919659474837
0,0.17343221397551795
0,0.023785270225776152
0,0.006949625981963345
1,0.6925275991160571
1,0.960191984219582
0,0.5769965981872639
0,0.31366377677086826
0,0.051016553388767476
0,0.05315471056670828
0,0.6954630834767944
0,0.11754992758620782
0,0.059189196847562485
0,0.13843078772622794
0,0.15689042404257714
1,0.900715135518373
0,0.2011997177949553
1,0.7940766284368287
1,0.8924676585601446
0,0.18103119937065826
0,0.038788832972349065
0,0.7539057418384248
1,0.6846692080237542
0,0.0066846184163972784
0,0.22076091194094838
1,0.9690501429094756
1,0.4687960428717637
0,0.009671704703311128
0,0.03562143181683204
0,0.055867020470218166
1,0.3251720433229448
1,0.957172313442278
1,0.3969622073746851
0,0.15346501129598614
1,0.9075353453172398
0,0.1851582688957928
0,0.015135436874290689
1,0.9865042806987429
0,0.019607902239945508
1,0.9455221590813703
0,0.08474043713345855
1,0.8924676585601446
1,0.7616555327971543
1,0.6337493341380928
0,0.01961478009948775
0,0.21277945491086983
1,0.24497766931686554
1,0.7591825226936705
0,0.05447893492338677
0,0.05283531277207686
1,0.8158747199389129
0,0.03548074876130636
0,0.23575612546364386
0,0.05531245851423421
1,0.8136757874597018
1,0.935847490547036
0,0.12384177046344601
0,0.184367195915449
0,0.027756744769611416
0,0.009776113270307443
1,0.06030778185322713
1,0.7312384879524374
1,0.6838474772564208
0,0.006844808468676735
0,0.3881319070003938
0,0.07777794883720947
0,0.024474963769539
0,0.035055582833613846
1,0.8394470655072719
0,0.04765697597324975
0,0.1701176705776051
0,0.0031168229813284317
0,0.030289163991180378
0,0.24953418919869733
1,0.8964474493072477
0,0.08214383883174647
0,0.8593356416232008
0,0.07433782961166703
1,0.9660124212252198
0,0.01836614259696773
0,0.36075993199898204
0,0.14128762714205362
1,0.5864594268164808
0,0.011327477990131994
0,0.034278960180069304
1,0.39834570015748166
1,0.6116591473214185
0,0.13759133365606527
0,0.07209207884133993
0,0.0050785503976320924
0,0.026365746034993347
0,0.1269460126290794
0,0.2578915906563705
0,0.015571074555647383
0,0.3033171810617613
0,0.026591598248844852
1,0.9119532927218982
0,0.29278243438489554
0,0.21045409783564556
1,0.08274995219241975
0,0.011206050158889756
1,0.8213077776281246
1,0.46688079696147117
0,0.08150842950932191
1,0.8411801898520959
0,0.5285654485680862
0,0.38260938885804086
0,0.133086395603188
0,0.10727541191287251
0,0.07948631480661006
0,0.06297453458969747
1,0.8112629768949093
0,0.039860980857654396
0,0.14011888975495565
1,0.5537859387327589
1,0.2387662012011643
0,0.019672152166406425
0,0.1519220425579088
0,0.013364323954204008
0,0.19053106818281418
0,0.3405028193681756
0,0.12971909626422207
1,0.907416640839865
0,0.03295646840094034
1,0.8929683912047205
0,0.01984792423659711
0,0.14802301110053784
1,0.3774318507681344
0,0.1772201130232133
0,0.15519952309402202
1,0.1644822811981748
1,0.929889374766213
1,0.7717706436432757
0,0.0739997607160236
0,0.07133575914299457
0,0.026401580453631637
0,0.08228814182909525
0,0.6395136971834472
1,0.8411697342668765
1,0.7636940967131811
0,0.6155776953930056
0,0.24587266692297724
0,0.14777447707266667
1,0.46715963591898496
0,0.05192265530429585
0,0.08532005819671329
1,0.918903835585263
0,0.14972632775244307
0,0.0252526911571448
1,0.9040574764543022
1,0.8148497638546902
0,0.0077491819410692294
0,0.028619806227211584
0,0.14587563347541088
0,0.48094061134437627
1,0.07805771258058072
0,0.020671970714146323
0,0.5135635472528203
0,0.03923972891807507
0,0.7073353692340287
1,0.9530459967130678
0,0.2142969385220236
1,0.0659834579815864
0,0.023930748934538438
0,0.07085853550150116
0,0.005756284231153875
0,0.7324309002147094
0,0.9367598655136137
0,0.5964926912665051
0,0.1420616109918001
0,0.0069042875459035865
1,0.8770393180228593
0,0.07168316988743409
1,0.960741819859044
0,0.05734367679249539
0,0.8111245894722019
0,0.00908705220123811
1,0.6632833223985863
0,0.03178790759777495
1,0.8096057029013065
0,0.14875851379690846
1,0.4029163708738988
1,0.7098229689486244
0,0.032473768891358966
1,0.19876188320725555
0,0.008984706522704814
0,0.02487800009343969
1,0.28542404449027076
0,0.12960173854886936
0,0.0433287593942514
0,0.16796442861875435
1,0.26701022021297377
1,0.8222107782804822
0,0.029766431090047375
1,0.9404111466593817
0,0.07067519100414675
1,0.3538593278795949
0,0.04314795209755363
1,0.5953303822981093
0,0.18502216182848763
0,0.240024302895204
1,0.6631425155149778
0,0.6632301373122926
0,0.07572159243472662
0,0.009808515253604495
0,0.011415030352357906
0,0.009566128832862758
0,0.020438468058554433
0,0.40608994856437985
0,0.0072380040652872115
1,0.7591023118951673
1,0.7247956494239519
0,0.0982629035935795
0,0.05159334087039397
0,0.07904459796950125
0,0.13541904800163898
0,0.00556750688675099
1,0.06302622238597626
1,0.8770389722705154
1,0.8848045037100027
1,0.22088610574459247
1,0.888594586771183
1,0.4934446349802579
1,0.7602461282819857
1,0.9553444802917601
0,0.010649713895243676
1,0.746765179495269
1,0.4265795579939583
0,0.18820524208470452
1,0.6681519245596773
0,0.3704481350762739
0,0.7541028078815454
1,0.396904228617261
1,0.760684492055062
0,0.7954892762367954
1,0.8250378988847491
1,0.9404998445495293
1,0.7637282740172939
0,0.03369152052723496
1,0.5968435851196933
0,0.028188160790888435
0,0.2594158320923008
1,0.9205588314254607
0,0.034957701775165696
0,0.6704493223756095
1,0.9019395127181401
1,0.11194774176111166
1,0.5410012085183556
0,0.21702199807927208
0,0.0880603743116022
1,0.67265011356827
1,0.8239813888193926
0,0.17061049363337993
0,0.15026455200519195
0,0.551675409573226
0,0.2570763860689742
0,0.004497387401519497
1,0.8979527234473608
0,0.010277064002417883
1,0.737778829229654
0,0.359262972543709
0,0.01406040032726873
0,0.15321666057644232
1,0.14080053761387656
1,0.44205558882295376
1,0.6328850355800452
0,0.19553339714126794
0,0.6977492387307883
1,0.9575364766839273
0,0.05077210909755808
0,0.15069658901348942
0,0.022213701260993524
0,0.03664352155484729
1,0.14734837814212565
0,0.3601721575166781
1,0.4616225291582108
0,0.10874818577700705
0,0.013811350820970012
0,0.04171327306472244
0,0.052579810309044565
0,0.013484596012189905
0,0.060188635837973604
0,0.41796796049431545
1,0.8646652051892333
0,0.018214316138188445
0,0.03356834854677155
0,0.07913071174024361
1,0.9361779358400524
0,0.3849863833236519
0,0.012250636264041905
0,0.008509373124420357
0,0.07900154297034821
0,0.03893090229246468
0,0.16403042231606058
1,0.5919801604607446
0,0.13183195500212946
1,0.45220657072980036
0,0.17537097194659176
0,0.05954770882677885
0,0.045910951355529014
0,0.18715854902725534
0,0.12245395010519454
0,0.0193104423246156
1,0.8522722537336749
0,0.2561749681724874
0,0.005927525903773674
0,0.1891015344337271
1,0.5877275031558648
0,0.03145960444051131
1,0.7296590686623421
1,0.6866234622030448
0,0.0101679053582844
1,0.5750589404686477
0,0.0896121483541579
0,0.11258900965927424
1,0.17863407305598783
0,0.5131997296020218
0,0.01821387502203384
0,0.019815523637636768
0,0.0730312748121149
0,0.04441549757969429
0,0.01543409261849837
0,0.007933174891785291
1,0.6461258456383175
0,0.1597132901649543
1,0.6480257640540183
0,0.91972843790424
0,0.12350831021297907
0,0.03221293482488297
1,0.6813621005382383
0,0.22088682047781877
1,0.704057495761139
0,0.04316764544114974
1,0.9012215705578336
1,0.9361842167257507
1,0.8337938619775839
0,0.026325453416798813
1,0.9573790509276168
1,0.9032290815218965
0,0.5133704845820322
0,0.8347919909597462
1,0.814821703640483
0,0.013759996707382153
0,0.1295572809961846
0,0.05716192793876758
0,0.0727759547097986
0,0.6462095296911581
0,0.05471318772866165
0,0.30914107866916357
0,0.40888610588249596
0,0.061162023932178
1,0.9843190021613862
0,0.017349001968338044
0,0.07221692859684858
1,0.7257673322083791
1,0.48094084012067095
0,0.02615958460903208
1,0.3801283521485903
1,0.8448637091255276
1,0.49479630124169377
1,0.6751795477361722
0,0.8437658633504675
0,0.07806642156585196
0,0.1950333554640899
0,0.009479061657877196
1,0.44542581190051767
1,0.8073826508284301
0,0.006884590684204311
0,0.06331214134276388
0,0.807047279797901
0,0.7342026708767182
0,0.03940256726064935
0,0.4858435553127058
1,0.8154397568796248
0,0.034191676373418266
0,0.08701124873939615
1,0.6043880654249149
1,0.830344274498689
0,0.014828246527533145
1,0.2526297564017592
1,0.7932240483884107
0,0.050833148012284286
0,0.20314147129597407
0,0.057295616962815286
0,0.17860799041266168
0,0.09540019024438111
1,0.8904934059257129
0,0.2947070740390752
0,0.3792871088465967
1,0.8472335475290563
0,0.33287456475996235
0,0.23596239812223901
0,0.018898646512547513
1,0.6405846031656317
1,0.08207680653983976
0,0.6291593610905544
0,0.05519380698336415
0,0.007672009535332658
0,0.8455619573316328
1,0.9504058046798471
1,0.6315666923204497
1,0.22018867222133218
1,0.9444384108422483
1,0.7724084446909161
0,0.05128063555808508
1,0.6874778650835839
0,0.039566404616093044
0,0.10513477706640367
0,0.009074053942216973
0,0.29269533504389605
0,0.031980666956477014
0,0.05282247231411753
0,0.0429008856147643
0,0.0766365134213668
1,0.8908179995854849
1,0.9548464972982331
0,0.004597245684644088
0,0.07925242488351195
0,0.05008942310198641
1,0.8377402089709904
0,0.35816340320656687
0,0.1433614877238395
0,0.012029635346361934
1,0.17633483470242858
0,0.06794014596690251
0,0.005365018730973632
0,0.03922732434924477
1,0.7882980871139
0,0.02934975182230898
0,0.019928040382265658
0,0.012981472155411958
0,0.008568700368312959
0,0.19685826628427755
1,0.6936163859814469
1,0.6657863336351832
1,0.4989125652911091
0,0.2701648455343286
0,0.08037239494398822
0,0.03591715624311166
1,0.37257566772935635
0,0.7153300193857013
0,0.029121577632110252
1,0.6765742491856493
1,0.8454661853135853
0,0.01284528700430891
1,0.9041395340828986
0,0.015138497882395257
0,0.09663447423777008
1,0.8568051265028763
0,0.11357276365359013
0,0.16823423558641348
0,0.2111402374458812
1,0.9237037823472868
0,0.023514704959338637
1,0.9359467998537829
1,0.4454656413462744
1,0.4257753815309028
0,0.09839037704126301
0,0.11656156288065143
0,0.027150300636404386
1,0.7272156305471176
0,0.41010292759274625
1,0.47179432719314784
0,0.0764060122685831
0,0.07310247276107795
0,0.13294781295086294
0,0.7735145027555972
1,0.43099311347023933
0,0.12214984176455125
1,0.2357495673243546
0,0.004652866902123937
1,0.7802837226091971
1,0.8665566612082558
0,0.02350681595840945
0,0.5933010583801143
0,0.5682483413501525
0,0.03458521887831553
0,0.013306400321102689
1,0.5103833580493711
0,0.10590573946668619
1,0.9359248716828623
0,0.07074409229249597
0,0.12514732699062237
0,0.21953075040013414
0,0.025517474234487324
0,0.02479705226088519
1,0.8494172137759811
0,0.084771125607021
0,0.11988741453741467
0,0.9062824116145188
1,0.3268505210087389
0,0.03526826950113795
0,0.10106819058256915
1,0.8616077629524295
0,0.02778776914044599
0,0.04255754795888955
0,0.4013009411112101
0,0.089040614694288
0,0.18975577429537854
0,0.025225042734133746
1,0.9305803694112222
0,0.18354725245645903
0,0.06764428872985985
1,0.5265478906792114
1,0.8599787425648308
1,0.721307591651964
0,0.029185671372902594
0,0.05313826575882109
0,0.1121742783334364
1,0.8980769248208756
0,0.1111346994714146
0,0.7662656679177262
1,0.9675769719155144
1,0.8730870048400252
1,0.9442652882838413
0,0.008701229596986763
0,0.651200062243438
1,0.893827372959113
1,0.9790445723621587
1,0.9781801144510858
0,0.049039409401251524
0,0.020754891901135514
0,0.015327064525669233
0,0.2871933815719065
0,0.01748101062191399
1,0.06873638555450834
0,0.9396464482745798
0,0.571829174423454
0,0.06389832004994553
0,0.009009785374983521
0,0.09520678983326376
1,0.7014926077298665
1,0.9320006484046285
0,0.810349496903238
0,0.35434102523241884
0,0.058508049310413465
0,0.01698499185530755
0,0.008441781476024007
0,0.07637782797747474
1,0.8543267748127064
1,0.8793629755444714
0,0.07119874933692866
0,0.006131503813719898
0,0.06330527648097833
0,0.23499441817846695
0,0.5099097929123916
1,0.7636753774943399
0,0.046726968302563655
1,0.696809906700115
1,0.6915953633891739
0,0.12270713531056937
1,0.6940143817808303
0,0.014273949279297987
0,0.8944872619557971
0,0.0186903407075594
1,0.8190897092316979
0,0.05940969340735424
1,0.034318456331695904
1,0.8017281955594855
0,0.2277318196168091
0,0.8561211240837381
0,0.6184158386154626
1,0.9545695970223297
0,0.2286762413159916
0,0.4154645677656444
0,0.046213472539619035
1,0.7995956897882085
1,0.04610979679617817
1,0.41382765946107763
0,0.699725552350541
1,0.14104162625369573
1,0.08023062402684566
0,0.14586603930733866
0,0.1439129150382094
0,0.127310815123405
0,0.00743781197631515
1,0.9670526848017125
0,0.016302275550175615
0,0.16887056981940968
0,0.003941862118777999
1,0.7891867488658667
0,0.12282734375023426
0,0.4778088623867056
0,0.0795156280237214
1,0.9425634864353032
1,0.8993569944874333
1,0.10169633193384148
0,0.00941067918925542
1,0.9452370153109241
0,0.024587718151385045
1,0.4028977865956233
0,0.018159679432204975
0,0.7513653056737589
0,0.17296352648822555
1,0.42373331754693117
0,0.19586264774939588
1,0.9322926800253332
1,0.7750209485525363
1,0.8563122030099057
0,0.046713749807253874
0,0.018858241459957563
0,0.007510325108939414
0,0.0627979182909033
0,0.10915416374781046
0,0.02347248291476687
0,0.9139956472614479
1,0.28406457369527455
1,0.909713158996439
0,0.3177100160595101
0,0.16976158193809626
0,0.142574621682022
0,0.036018318727834175
0,0.12275200462891933
1,0.9190479386023489
0,0.7700519018024141
1,0.7927509971115665
0,0.7228518809591736
0,0.02985113197056841
1,0.3427233738413843
1,0.9058638509684701
0,0.01018022902327226
0,0.40477092675332893
0,0.46021057032105783
1,0.1787131779086309
1,0.445386173011065
0,0.212959386917565
0,0.6170571015531667
0,0.25675206737085327
0,0.8616486377168813
0,0.0968377662015957
0,0.026948705282938263
1,0.7462487721903236
1,0.7653757842629588
1,0.9452996680744478
1,0.17458840344862084
0,0.3480452125026549
1,0.9429539147835335
1,0.6468942511268144
1,0.5523692407047929
0,0.30390699689262474
0,0.20620430970549525
0,0.031007868667009643
1,0.8486466419511463
1,0.786358822708721
0,0.7707768018414967
0,0.033729752711971324
1,0.9153282285699651
0,0.08826412911086955
0,0.49466988147263147
0,0.5551035889852197
1,0.47224616691315957
0,0.025528716045305835
0,0.37608660130441424
0,0.040522345818824294
0,0.019629944843085917
1,0.5634141618453168
0,0.06825031584580815
0,0.0942534989482663
0,0.12053381085940128
1,0.7067671209333459
0,0.14611545132803827
0,0.06757362365799653
1,0.7114037773946238
1,0.4381524172795603
1,0.9058446119030812
1,0.6446946854387687
1,0.8725727968647525
0,0.018710129158150072
0,0.08216229645467879
0,0.23977733299943052
0,0.06046851445296901
0,0.6473267496323623
0,0.03175636862185769
1,0.8905225534496181
0,0.06701788519601745
0,0.03630713506841928
0,0.017985605713084576
1,0.3971273784335004
0,0.07130036447316264
1,0.6499269992077643
0,0.10287607388332565
1,0.9364340538795559
0,0.8856630872052382
1,0.13652313930081483
0,0.04430834535681175
0,0.014540012966930103
1,0.8343115692667007
0,0.03010386515151126
1,0.874926058390539
0,0.3242766896439334
1,0.896793364708009
0,0.3508001615045213
0,0.04047152239392471
0,0.02464833456269725
1,0.9311612513834074
0,0.010281914889632926
0,0.02637341368237939
1,0.71374621377022
0,0.244880817509807
0,0.6908785392860526
0,0.0727361070389997
0,0.017687899090059342
1,0.91306411269913
0,0.32012011305900373
0,0.31088008927357114
0,0.020243414694935402
1,0.8733331426187312
1,0.8933681032251543
1,0.6570990910770474
0,0.02634365229677082
0,0.12880729545185238
0,0.2721676257817582
0,0.039695214034136304
0,0.006524874737243497
1,0.9666992755561636
1,0.7540819228571066
0,0.026230230119065705
1,0.25433165223137727
1,0.9066927741391702
0,0.4299535678953831
1,0.5841380084696576
1,0.08377389733291105
0,0.09658253004025964
0,0.3024614661050514
1,0.42673525907918547
0,0.07251565555559887
0,0.02322503891576594
0,0.018049308916352712
0,0.7776259770184354
0,0.07824821049957334
1,0.7143424557541285
1,0.8773801911243914
0,0.011132809380137106
1,0.9613722595322322
0,0.16909834440289515
0,0.7045167743511884
0,0.31525914033876395
1,0.8385725087165964
0,0.24924374417431952
0,0.26042341391369545
0,0.0519108276861911
1,0.654309103593497
0,0.3249452916997511
0,0.03938941840665663
1,0.9699688957642691
1,0.5073241052537947
1,0.09879809336179315
1,0.5999161116481435
0,0.025749414542346243
1,0.7276606754273534
1,0.926543075447326
1,0.9716278639978888
0,0.07825884181479426
0,0.15442994390272205
0,0.36582948038330904
1,0.873670695195316
1,0.7418418448254077
0,0.030013747004734647
1,0.542580832282313
1,0.8517655059481973
1,0.5596436397854002
1,0.415049585728384
0,0.10252577833632275
0,0.11567853619087531
0,0.0250449778294515
0,0.019396766725537508
0,0.03101005310239804
0,0.011654663741969284
0,0.6579731235620156
0,0.2097728511979905
0,0.02870923659480551
1,0.6824351996757493
1,0.9307235586695619
0,0.02575474735813932
1,0.9825866383479495
1,0.945810793468927
0,0.008628758163776645
0,0.016518715740071764
1,0.6766285757610507
0,0.240513835555229
0,0.024978166169745925
0,0.043183093960227
0,0.14164272297854444
1,0.7194207802454294
0,0.021572014419966153
1,0.9696384706835659
0,0.029678652335744394
0,0.056899009112545355
0,0.008914998492468308
0,0.08496850676494423
1,0.893628999884254
0,0.635809676782284
0,0.04926206692116335
0,0.04698707709579691
1,0.5276805714879521
1,0.29357728679717704
0,0.03437722587886415
0,0.05890138284365231
0,0.02076255302726936
0,0.08385546997326361
0,0.013038118088033016
0,0.5924457913984716
0,0.08902374501387367
0,0.03839115046480747
0,0.11494664919976866
0,0.14903472789677977
0,0.0852733216637031
0,0.16428489427727533
0,0.034120413201167356
1,0.8530643067674288
0,0.867872408454188
0,0.014085334144211759
0,0.13908199856638248
0,0.7288204214674658
1,0.9393431412158286
0,0.10548926941422672
0,0.0438675664469301
0,0.35106318914040346
1,0.050515558426311204
0,0.6490902564022066
1,0.48293297921571043
1,0.928894348946581
1,0.15188998192914918
0,0.3137817769055977
0,0.11941121829818958
1,0.9090770916419082
1,0.856027658187975
0,0.058758868050271675
0,0.10406312672846588
0,0.5408929648834033
1,0.24052014301067023
1,0.47474333567802207
1,0.8187368860712063
1,0.12516344786439504
0,0.15205738533532365
0,0.014584741337481714
0,0.023480180721866077
1,0.9662112338547357
1,0.7801099328155532
0,0.122458953241203
0,0.01642981559608956
0,0.05960483896344845
0,0.0856713340932435
0,0.12008129758071934
0,0.06042468938543629
1,0.4589090661051942
1,0.961068805894545
0,0.1446649642716614
0,0.6482897382296091
0,0.050390737462905295
1,0.9140050484470699
1,0.9139597503857404
0,0.09609799530324345
0,0.24225786571853056
0,0.1363213583662171
0,0.01626785734215606
0,0.054001141790689454
0,0.019976458938546313
1,0.6734597352464738
0,0.13285778669165696
0,0.6986607436998631
0,0.527837092882372
1,0.15018645933438782
0,0.021213605122152653
0,0.10566849815230578
0,0.02429565760738921
1,0.9343792057471602
0,0.06167262057953828
0,0.01210902634732344
0,0.016420342313809892
0,0.11441522056748357
0,0.021797275551690396
0,0.05905389487995275
1,0.39793347064565443
1,0.6030146196875061
0,0.005927033602319448
0,0.10702500339694725
1,0.44443145700429226
1,0.8590451845060701
0,0.6105680290339294
0,0.3559436787200132
0,0.0371574597089369
1,0.72277004540747
0,0.03869740885917704
1,0.8556864512303309
1,0.8991763501118522
1,0.9530606353661595
0,0.12044416013745587
0,0.10955022782814125
1,0.9503267122014694
0,0.049077005328032476
0,0.09520678983326376
0,0.08363360569898308
1,0.37835903123425535
0,0.00888953377349474
0,0.21361628582501116
1,0.9952012900915864
0,0.03665263554259954
1,0.22178188213854663
0,0.6260896129645366
0,0.5253547334862796
0,0.39999464671757695
0,0.25771745308282895
1,0.6939618964375833
0,0.22649528899004606
1,0.08662447243455876
1,0.4987347610702257
0,0.33187103279775737
1,0.7101158740819131
1,0.11895074917492836
0,0.06031330298271607
0,0.13661686249571856
1,0.8936728791709514
1,0.23727433166530845
0,0.24623793473646444
0,0.025222589324016397
0,0.012588289051782926
1,0.9468642987853723
0,0.5892077997857437
0,0.10364432289879191
0,0.18430637098493421
0,0.04831624379426152
0,0.06828336954475692
0,0.027514411489089702
0,0.021616497129954438
1,0.35334197858355465
0,0.3182785399292536
1,0.20791621868921945
1,0.6134513869050575
1,0.525579802416683
0,0.440643062490861
0,0.020084366697612464
1,0.7986048983022644
0,0.3448892307489002
0,0.13282603826757922
0,0.010619255508984446
0,0.15231438766120262
0,0.42223267220445865
0,0.05504649611593558
0,0.42621246965164106
0,0.020185462262086677
0,0.00909107757226871
1,0.9831323897688523
0,0.025403992936627696
1,0.18266772505720208
0,0.1781570659208366
0,0.0426322698101746
0,0.007479374085999784
0,0.02705438890493058
0,0.017637669445362006
1,0.7959471216767988
1,0.21666478367013123
0,0.04011347278285398
0,0.5636718573488483
1,0.19305817669561365
0,0.034980932892432724
0,0.11237317287021224
0,0.787832108464069
1,0.8316499575972559
1,0.9433002952696193
1,0.20113695144899932
0,0.042768793213016396
1,0.6568789998833113
0,0.728163325329589
0,0.20755568459081794
0,0.10112145575887752
0,0.2440304119823209
0,0.007816623971466001
0,0.016868683688768326
1,0.33713962100737527
1,0.3096813192090232
1,0.10213372522156099
1,0.9312340069369678
0,0.7921054011043647
0,0.1448191924022273
1,0.8312378420680784
0,0.028748159677217548
0,0.05011308734617371
0,0.4600385016009962
1,0.6958895640657907
1,0.7402833782821915
0,0.029492422709584732
1,0.7242121430008959
0,0.047579129983743806
0,0.010609150040719224
0,0.005942426061655333
0,0.010920166266025886
0,0.26065783592528075
0,0.02886612380422765
1,0.4591852294556003
1,0.39783203831335207
0,0.04372012208081449
1,0.8837037281903137
0,0.07987191473513926
0,0.06569287304046911
0,0.35470896307590444
0,0.013726670544011287
0,0.7729517349775883
0,0.09397708283411264
1,0.9186874107295353
1,0.7424997552867955
1,0.5290810076062412
0,0.4341995510197209
1,0.8860399109468322
1,0.7480190478598149
1,0.955657516507734
0,0.05358286568676194
1,0.5970234776968881
0,0.03881987052841404
1,0.6930057449856184
1,0.9451816735619291
0,0.14654650479598538
0,0.05382281310569627
1,0.9215503008698249
0,0.08028683059157078
1,0.9064011409598111
0,0.20534234073492222
1,0.8119379954969255
1,0.6929345964364424
1,0.661176423846895
0,0.15025460610787872
0,0.08374664306070943
0,0.006636594528040581
0,0.014526300313831276
0,0.06527475163073085
1,0.7265776956133505
0,0.011574352656581794
1,0.9142421656670264
1,0.8453413338585235
0,0.06399125675064841
1,0.7656052067273953
1,0.8480766036741804
0,0.4015275782952776
1,0.6471269863723547
0,0.03708384746053697
1,0.9193844555382912
0,0.31735674075030645
1,0.31516578210445884
1,0.6012884256834343
1,0.6714230103825101
0,0.35841378829550324
1,0.9374324396784638
1,0.8903410230287808
0,0.009683013221749037
0,0.13907376987661252
1,0.4626943505976465
1,0.8898952932423234
1,0.7134732131871411
1,0.523504729677099
0,0.01984880103349099
0,0.11905411798570838
1,0.31934976498068013
0,0.04523127756168214
0,0.7476508895863541
0,0.012500792232782871
0,0.027135912369730755
0,0.36529318993241217
0,0.6735206906470994
1,0.3765297021858071
0,0.1780849143676714
0,0.9132267022080652
1,0.8885339351536561
1,0.6931547604964232
0,0.08866225158631415
1,0.7891193134185635
1,0.9615238200048319
1,0.4999345633166271
1,0.7413977255702878
1,0.9004432734592852
0,0.1080672428553769
1,0.6866007035534416
0,0.023404530311256718
1,0.6325958627014928
1,0.08893615397185045
0,0.0727511808904721
0,0.01983616979673202
0,0.06733324396599033
1,0.8331809252604747
1,0.8625031471476278
0,0.22424049579949767
0,0.09519255142774354
0,0.13411832353467262
0,0.060663004799108154
1,0.8412334974512454
1,0.12723094278741615
1,0.7789318482618269
0,0.03781739761879567
0,0.2698454648578857
0,0.017221290018361913
0,0.34042244426794416
0,0.05771137258238147
1,0.8273988947119383
0,0.031568669086681406
0,0.054684430112393816
0,0.06469317823168796
0,0.038658047743654736
0,0.10750857716007042
0,0.3133775293599225
0,0.006942854875138631
0,0.035131146091757416
1,0.9588003997530109
0,0.01310396358415985
0,0.07601264012017563
1,0.6996677707056657
0,0.5277275486682618
0,0.013512712322021246
0,0.00574232896010758
1,0.03675125624282494
1,0.872816525366914
0,0.4824889980803011
0,0.01719743648702748
0,0.028698175960540737
0,0.008205506365983236
0,0.14160210841440424
0,0.021958739547696584
1,0.9658406897975189
0,0.053856034354466786
0,0.08621032098585188
0,0.3770731891696911
0,0.12430759006019382
1,0.550566070000768
1,0.6407353654403186
1,0.9406744478403337
1,0.31327809903412485
0,0.02307062498704252
1,0.16835599558928452
0,0.14022984675019481
1,0.4925503034839384
0,0.21142706788644516
0,0.38839229147954535
1,0.9518497901066013
1,0.9092994504684814
0,0.12435903638819434
0,0.38648934540257146
0,0.4890703125161735
1,0.912341747293989
1,0.8228042139477578
1,0.11172734202324502
0,0.08372572379444788
0,0.032343338341517286
0,0.23852696446927418
1,0.8142222660203573
0,0.02611531941390069
0,0.2714912663778641
0,0.7560604298594076
0,0.1802687530539669
1,0.94335475428521
0,0.10104959150429323
0,0.04874595764287803
0,0.007413988119152993
1,0.9289874142008576
0,0.09770180947228653
0,0.04291179697141979
1,0.7866015937188955
1,0.6037385918314694
0,0.02053372850308833
0,0.1636878367866694
0,0.013954975667467577
1,0.2078075214192954
0,0.5879051561357854
1,0.9011359980309033
1,0.7037983996715766
0,0.11549761811998674
0,0.045403771272684856
0,0.11457594744071124
0,0.0040031289006424095
1,0.9220776211633888
1,0.8876211526087365
0,0.3559213400381644
0,0.3609605209404503
0,0.11427494516228674
0,0.5441337286972516
1,0.850373101593823
0,0.0461798342213781
0,0.09249734247674782
0,0.02741734153417304
0,0.6619820118282835
0,0.07334322204619842
1,0.7462986976263029
0,0.05522804774783597
0,0.45516355628243144
1,0.10491187836598624
0,0.007948524808926178
1,0.9403555610305757
0,0.02172877432845919
1,0.690497259141138
0,0.18036230864015806
1,0.008125786162611809
0,0.36569903431359674
1,0.47487690964278517
1,0.7434747094429675
0,0.011762196805155244
1,0.9462180313951803
1,0.9564792312962264
1,0.499524087852097
0,0.3113615444590705
0,0.08364690280355405
1,0.9163214747425317
0,0.12835127484140713
1,0.47349345957343203
0,0.16095742883432385
0,0.04398532061651058
0,0.020856206447125762
0,0.04002611459215251
0,0.14130106991332
0,0.028859638363777022
1,0.953887536114162
0,0.8167090981723887
0,0.4068031778694154
1,0.9229036246668587
0,0.0377506853982554
1,0.9465316992165619
0,0.027330382641617097
0,0.6726704799514792
0,0.14198878349933813
0,0.049964998659761596
0,0.18853933503249662
0,0.13851906535686753
1,0.058240642796870044
0,0.15958034141615318
0,0.14040683563291745
1,0.9400963362975139
0,0.37552883422570543
1,0.5838044500885801
0,0.071124824951485
0,0.0565878045216771
0,0.6744692076071502
0,0.0051889075651851335
0,0.12187456492115935
0,0.11876429729775488
1,0.9008925017397827
1,0.9695991416790135
1,0.8103949726309975
0,0.11192877393610252
0,0.023170950938878
1,0.6192554166322108
0,0.04445817807199417
0,0.025151161675410934
0,0.1387860032544561
0,0.11572619475083132
1,0.41509049699634476
0,0.2660721047452797
0,0.07332460707577176
0,0.3088179733228125
0,0.06951244201226275
0,0.3253678257953856
0,0.6093881830485802
0,0.011294894491937622
0,0.5004847631617998
0,0.49237459250775995
0,0.019121192200452934
1,0.8446962659275767
1,0.4257252632255635
1,0.08461975422279362
1,0.9748330982741904
1,0.36123169771340785
0,0.23890661689694642
0,0.2530892283574934
1,0.8001286853117361
0,0.14400427873714286
0,0.04179659510307507
1,0.8474588058471133
0,0.11576236910212138
1,0.19348641488497204
0,0.11106298879097753
1,0.7779292226317821
0,0.47437805766795493
0,0.024695441642377493
0,0.3239240936492681
1,0.8281841887988954
1,0.12492600693338109
1,0.9352243717071703
0,0.08095551091205631
0,0.08727234659494675
0,0.0075149879148641175
0,0.11423824252183987
0,0.8637337450327502
0,0.01917055839395726
0,0.009061427239512958
0,0.48206589170632275
0,0.09805867611515982
0,0.07736358715340107
0,0.015456837922417406
0,0.03023068098890499
0,0.08997419058648541
1,0.9661465437118032
0,0.06259578804783747
0,0.2382228453399386
0,0.1190135396421419
0,0.01176184314235288
0,0.09785295770591784
0,0.03460700273791996
1,0.8851904355612181
0,0.1516385672545317
0,0.07055281540181653
0,0.017310909121537568
0,0.7249311710347159
1,0.4664676078311429
1,0.7579226540947246
1,0.5349735650780094
0,0.16515212348642722
0,0.21371903859291028
1,0.6858001914825937
1,0.5043892775315307
1,0.9279505758753741
0,0.20081477308269347
0,0.7709124417422621
1,0.3735015518179056
0,0.35567526937619737
0,0.3020734490643768
0,0.4009186759878485
0,0.2579407280958293
0,0.8315321998510964
1,0.8246315157297243
0,0.2167863961033121
0,0.05257254878561088
0,0.47310435768828624
1,0.5718757553194227
0,0.7678521700851252
0,0.5094539070457593
1,0.4130577609887651
0,0.006391158421315046
1,0.5260094631484167
0,0.5921877027985981
0,0.04042677949723992
0,0.048152834650801446
0,0.00663797687415957
1,0.20930802713602487
0,0.029378499630139394
0,0.04261771695770776
0,0.19600093433495075
0,0.01703316436404589
0,0.05684242033693398
0,0.006356064599087295
1,0.8457996012162705
0,0.27243848050230357
0,0.05582482319535307
1,0.675379951445235
0,0.2732111725511065
0,0.2512765033613927
1,0.2841872797875536
0,0.3502505152132992
1,0.3731886686419597
0,0.09682665169393713
1,0.9213039473777919
0,0.08995228469405675
1,0.39721651159211574
0,0.07906691335895048
1,0.23616584338998625
1,0.43070847445571364
0,0.013581657812503112
0,0.013146691054773499
0,0.031873279703670813
0,0.06106811767670209
1,0.7962975231475198
0,0.9168234811351561
1,0.4037665723727217
0,0.004414504386073686
0,0.026477846616898438
0,0.04248218737476028
0,0.09001902625284787
1,0.34873538004960536
0,0.012730852128355246
1,0.35468098859645497
0,0.052560273936292805
1,0.63906304368692
0,0.6304118925662656
0,0.07346088447121621
1,0.7423025079285669
0,0.08878581035686582
1,0.864879651781435
0,0.0713097422269132
0,0.35863718344603057
1,0.3689836056560865
0,0.6594682630883759
1,0.957642042423039
0,0.01861306357104641
1,0.8566324194223643
1,0.49659603258388707
0,0.07216773586263674
0,0.011533561141141528
0,0.059700215075369684
1,0.37371632173017366
1,0.8886995724512647
1,0.12533789286211325
0,0.8173537577140915
0,0.08635472704705233
0,0.3900663505447557
1,0.3314553741667484
0,0.04255357336872016
1,0.7255460788795262
0,0.05095471299687052
0,0.38891132910495213
1,0.3786176656675046
0,0.22118491153728892
1,0.9014374843969429
0,0.06498513626563401
0,0.024610945434497107
1,0.7900412238243382
0,0.005738633490297619
0,0.01720711229225552
1,0.7257841276112862
0,0.01598077813994716
0,0.326039267109232
0,0.023827324011328744
1,0.7194122027285019
0,0.07360910632694627
1,0.6766019796173335
0,0.8881474699878201
0,0.251570078818964
1,0.8084889604164998
1,0.6132923916442532
0,0.08174282614284191
1,0.3731886686419597
1,0.307857216127883
1,0.6955944820369243
0,0.4006934272220892
0,0.2733815493243447
0,0.2850689272795236
0,0.01347195292245731
0,0.0697299127997339
0,0.008554097698572285
0,0.007416335336123397
1,0.8966518271766841
1,0.920486914139907
0,0.2575842964662397
0,0.7926674135455339
0,0.7745442548223881
1,0.7400333118613434
1,0.7841098128306769
0,0.6613598430036879
1,0.8915215667121299
0,0.12707439859423542
1,0.9910616235533174
0,0.04740962055798696
0,0.04840734829270807
1,0.1353777168288975
0,0.024896798374919333
0,0.154637545610322
1,0.7429202682039112
1,0.21899164054573475
0,0.05149929878716866
0,0.008465672660970477
1,0.5505896251927496
0,0.011396719193250037
0,0.15171512793284822
0,0.08664435241334055
0,0.05397073308551717
0,0.06937403376942286
0,0.19830652264663068
0,0.010614900836008832
1,0.8730415009933085
0,0.06484298865608971
0,0.05286590808804398
0,0.061721874802813055
0,0.015527368709999951
1,0.20531729026539872
0,0.2950300380281907
0,0.7222876211118942
0,0.062065095994892204
1,0.3666495849473273
0,0.011100932389634041
0,0.04100574368960445
1,0.9529521967887471
1,0.9365906741582408
0,0.08768313191363515
0,0.07618691103413258
0,0.3634813619524842
1,0.9797569638192872
1,0.8119344604755449
0,0.10864745652123808
0,0.135583294513318
1,0.9351224341224986
0,0.00922226812927558
0,0.5725598532211842
0,0.8199546459780536
0,0.26695084744362424
0,0.1427913951368559
1,0.891408809625508
1,0.758411823989018
0,0.08634020843191645
0,0.009125212413554665
0,0.043776777543985845
0,0.0074016786007555565
0,0.18082459821421712
0,0.8503113425654513
0,0.03054430215876287
1,0.64254969644417
0,0.04093217762235381
1,0.9249141212370791
0,0.018112710465688655
0,0.5281966040968349
1,0.6856338805508185
1,0.8487033310408832
0,0.21743005706449275
0,0.16353251633285082
0,0.8947375256410282
1,0.11354754954460708
0,0.2128190303760281
1,0.6308922558534091
0,0.01796151019053908
0,0.035776384742694796
1,0.8870494589021758
0,0.041576964663350854
1,0.4549727316490365
0,0.01418683869183952
0,0.03560660716349593
1,0.7280364419911232
0,0.053355174443513204
1,0.7891867488658667
0,0.05666587390921667
1,0.9342273180666975
0,0.014178329582929904
1,0.3365672466905956
0,0.05947900492765889
0,0.5541044484861685
1,0.7363187599561862
0,0.010647526968900945
0,0.08158368162416262
0,0.22809580657974662
1,0.9159399987956933
0,0.020122093052669713
1,0.9104693801856761
0,0.027843605131584504
0,0.008180299382378716
0,0.5093775303556038
0,0.07305526354884992
1,0.44717303271878206
1,0.5252978808600062
0,0.5550453235409608
0,0.03345345813441511
1,0.8551972561642599
1,0.8017246935696596
0,0.022618631094674588
0,0.19397589563932685
0,0.5684997859685366
0,0.0067978304885768295
1,0.2451662292088459
0,0.0075149879148641175
0,0.22165586500632667
0,0.03863939978335358
0,0.04905390163176572
0,0.19805763587871675
1,0.6173132221460448
0,0.14257431478595511
0,0.31889828797399355
0,0.039237473376489536
0,0.04391619384403647
0,0.0598429104384082
0,0.033413342767369555
0,0.10063610544712465
1,0.7848397855638448
1,0.8025001681107057
0,0.8284130768102204
0,0.36733431006939576
1,0.8800881380138176
0,0.2955433025665181
0,0.6864205162317119
0,0.602425775179409
0,0.010696901125399897
0,0.0877949035790417
0,0.20896451639423705
1,0.9480141577180795
0,0.01403319300800157
0,0.15392386075648465
0,0.5300685319207732
0,0.2771038615077764
0,0.01750484408828243
1,0.8005212706499336
0,0.11512198453829052
0,0.1161198517949611
1,0.6039418109410688
1,0.7118397677561792
1,0.8302028515793047
1,0.8057885658289811
1,0.8993642584467193
1,0.8017085586910371
1,0.7778138640087687
0,0.11723334013011963
0,0.09970778203260221
0,0.07335028466297018
0,0.4586899733827682
0,0.030532581573156796
1,0.8713913390242389
0,0.010845901548503716
1,0.501409595681573
0,0.014221676233526999
0,0.021223333719738346
1,0.646669848824016
0,0.32124565511583403
0,0.12332527164620934
0,0.09608600616349276
1,0.9021343886919454
0,0.18223999719599382
0,0.011535483391044307
0,0.016677514449622136
0,0.17322440040517548
0,0.0496889421063373
0,0.08993188118679792
0,0.8905362132918123
1,0.2888035486223969
0,0.044323702032859465
0,0.02578605246566763
0,0.2055525394115547
1,0.21650043048899423
0,0.022875712102911446
0,0.37124870509556546
0,0.22352821727219552
0,0.07079705569790895
0,0.37081170596859964
1,0.7938273094996976
0,0.12268810246339809
0,0.08531426585882648
0,0.2854924575750917
0,0.10373441467222361
0,0.4912267825954435
1,0.9350974258234432
0,0.06989884855312249
1,0.13958699018733453
0,0.28041181408029003
0,0.3364645051348372
1,0.7963005819829164
0,0.18491914533930923
0,0.020650760951009105
1,0.7892359616292093
0,0.01690701355905157
0,0.325372731242401
0,0.030942708249971248
0,0.3222471228519907
0,0.09785295770591784
1,0.9905542376149208
0,0.017021232732548287
1,0.6971988198973594
0,0.013812350166684334
0,0.03174369997969392
1,0.8727051971031135
1,0.8810702192416827
1,0.7193188455609275
0,0.019727081504679875
0,0.039015991768325355
0,0.07963526822046987
0,0.034320929210795284
1,0.5035100002280276
0,0.26974008303771163
1,0.44158632528202996
0,0.20407436463080822
1,0.5398213590284014
0,0.009540058177849605
0,0.03884549639883736
0,0.14190759795309807
0,0.02502717048494467
0,0.4252134343551179
1,0.35258138960298685
0,0.5162904449827447
0,0.7789940661677085
1,0.8933877157583213
0,0.2718289378312064
1,0.07335112514991554
1,0.49809052292882805
0,0.11195493606198062
1,0.819320337292042
0,0.3872776442492559
0,0.004747184805894019
1,0.6786802444629093
1,0.6289410485131999
0,0.005916109495427494
0,0.5490808713969823
1,0.5170584859220364
1,0.7739317337771516
0,0.883300550775525
1,0.8727791445577915
0,0.19323965229178908
1,0.6047625262189282
0,0.7807164303969469
0,0.028272690526879175
1,0.758411823989018
0,0.007868762634056253
1,0.8844699625868391
1,0.7043420542297573
0,0.11354350643910191
1,0.5497878126389801
1,0.8678879541463375
1,0.5754251255008229
0,0.14748875130260644
1,0.6393506536492961
0,0.013627401392470085
1,0.7791831131800497
0,0.007038053328171891
1,0.8209365272988173
0,0.024252296568892485
1,0.7274692248749434
0,0.578775319124071
1,0.47555082451615843
0,0.03681279770456683
0,0.05234865065808686
0,0.6117644793742598
0,0.42231396276473
0,0.8831347255194795
0,0.040087387405259585
1,0.6133048639162711
1,0.9452053497893281
0,0.49270846703996163
1,0.9335891347809774
0,0.07148847947902388
0,0.010472393771589851
0,0.009013836101074946
0,0.7206753445949359
0,0.022829253648050003
1,0.49939088333818743
0,0.02145050812735437
1,0.10894240933445509
0,0.022184478892934748
0,0.008286994182450663
0,0.006561078359501349
1,0.10027242526004482
1,0.9595423518082367
0,0.08830549753549545
1,0.4692465455916123
0,0.023260779940133113
0,0.07945041011705022
1,0.5449955316655799
0,0.005201413884581609
0,0.13244789697324866
0,0.009932724534461396
1,0.4941168095983224
0,0.23779868206153637
0,0.018415851152679515
1,0.8656914648837492
1,0.982146126327509
0,0.3191443020835989
1,0.7983348147322631
1,0.9535281635510081
0,0.03472067577022859
1,0.7910132722762414
1,0.5202245716797073
0,0.037751138274038414
1,0.8187593391192716
1,0.8739009321570518
0,0.19999802256523774
1,0.39937362389569464
0,0.02909342957638905
0,0.11644409570854868
0,0.5196267289290896
0,0.15722143836919303
0,0.010324998482164234
1,0.21175843728061236
1,0.804563558591303
0,0.23908308384073634
0,0.027882036175758577
1,0.8750087156861377
1,0.9378888767923844
0,0.15248968783601927
1,0.707483786855471
0,0.41511368380873703
1,0.4989517773425842
0,0.133040589805649
0,0.04976319286225496
0,0.018718274572824795
0,0.009727408336619817
0,0.1751350060921479
0,0.39959614999867776
0,0.1318534545247941
0,0.04417388822896438
0,0.3870205270194312
1,0.22154487862264943
0,0.760690050637957
0,0.012177744857216522
1,0.2974003743037988
0,0.02976912621986526
1,0.8299252297722303
0,0.008306532986507848
0,0.05323139192368757
1,0.5879660989383313
0,0.07144241302853353
0,0.010488485053797517
0,0.00923925418287461
1,0.7206874594679463
1,0.9285033190313469
0,0.0877284238534187
1,0.8343718034131068
0,0.8249267798492176
0,0.037143581753129935
0,0.04964824862799978
1,0.776858647898742
1,0.29599079746077256
0,0.06311927599836913
0,0.04565035958585386
1,0.7693092676981309
0,0.09323124948673643
0,0.033942975465173796
0,0.1078323919570669
0,0.2298090519485716
1,0.8502131561982137
0,0.009376469312594995
1,0.2517880064092462
1,0.5210120430058506
1,0.429333346248006
0,0.033753706349941334
0,0.040827250539817526
0,0.06877352916278195
0,0.007328185788687253
1,0.7966391662160636
1,0.5735611121045525
1,0.9067447141267149
1,0.644469477697556
1,0.8285549408731061
0,0.047905629134191954
0,0.39848525478767033
0,0.01430922547079254
1,0.8602880039354052
0,0.20767886061812618
0,0.5308780116386859
1,0.8148433250952585
0,0.19583032220947397
1,0.36068904746433905
0,0.043473504189266626
1,0.6871782364433192
0,0.15230672508857382
1,0.9257378425996228
1,0.9203470121259676
0,0.04415813849438734
1,0.9761970597378561
1,0.09460662671206839
1,0.8752998094315936
1,0.7575294022263137
0,0.6593335456312537
1,0.34452938419078666
1,0.4357899578705491
0,0.026388950304631602
0,0.1563785434341836
0,0.12969221605936546
0,0.060467614651202456
0,0.08696066180344929
0,0.019962362704447397
0,0.01337239865709785
1,0.5148984588264744
1,0.9116696038565969
0,0.09150241505205862
0,0.03189079407364385
1,0.7077565883469412
0,0.03212001510615999
0,0.5583870205232125
0,0.044577797097992276
1,0.9106973893658807
1,0.922296114305123
1,0.9555509645339798
1,0.6253108257057765
0,0.7422607585911627
0,0.05207268104809761
0,0.06743403521680684
0,0.41310356863807934
0,0.11717852809596453
1,0.9416486839507516
1,0.8789711062670473
1,0.1618977327396307
0,0.40766162440628945
0,0.03298373333815216
0,0.04198359109207422
1,0.6142933194258414
1,0.8361502486089423
0,0.2107771075798415
1,0.9361415760159363
0,0.08578289150814929
1,0.9716278639978888
0,0.17867934144020012
1,0.8593162434144811
0,0.6911410522340365
1,0.791529445309546
0,0.7300914151872324
0,0.05227476828456567
0,0.06329734836832043
1,0.6348815520279786
1,0.5996372757623237
0,0.8444781491455466
0,0.6237306298786085
0,0.06304165686289573
0,0.013340355588081622
0,0.03795748521759013
0,0.03189866272334644
0,0.22536185916458748
0,0.09847398208390729
0,0.14197368029688975
1,0.8515122119045683
0,0.02571406364443589
0,0.20106491979503166
0,0.04440161901079457
1,0.7252883994043964
0,0.03442381547454482
1,0.5481152573212701
0,0.014030331007834254
0,0.1806173140277732
0,0.2179118837015532
0,0.035717002411716416
1,0.47175637337559717
1,0.8637147800586322
1,0.47168702605774987
0,0.022873307786702986
0,0.04108031383293134
0,0.7112828381141363
0,0.034316362838500994
0,0.025714096876037665
0,0.3789747216669579
1,0.8280458267412101
0,0.2074013993110036
0,0.19434561204089099
1,0.8310634894625091
0,0.03789129260091164
1,0.48998787131161614
1,0.7141470423681866
0,0.07523892852826812
0,0.16853492543626397
0,0.249584107472306
0,0.030874625730702758
1,0.10251149988516828
1,0.3682311813107029
0,0.0934655876057054
0,0.3629246490333966
1,0.7305945705013673
1,0.7359953748357388
1,0.6550008144854439
0,0.4594521808115313
0,0.12420365236368472
0,0.08089953120851472
1,0.8239609625033109
0,0.030854194396549014
0,0.1885585686270257
1,0.7945730403604946
1,0.7475120771442041
0,0.9083478325996491
1,0.49130410377972306
0,0.36391136679734415
0,0.0553602024707186
0,0.3920115837130544
0,0.2527908023519276
0,0.021225979643903062
1,0.8093558193422237
1,0.22588381554801915
0,0.09646733179924152
0,0.32980793666291264
1,0.8996427869399855
1,0.9600907459623422
1,0.8732309415141614
1,0.6807340863593708
0,0.15997182340870383
1,0.8847770333533657
0,0.08358590440419011
0,0.04912245132419506
1,0.9486297551041082
1,0.01170397921145331
0,0.5655318264317216
0,0.029206547424856982
1,0.6487226300630016
0,0.0103396190031994
0,0.774075495524933
0,0.14265990458425115
1,0.9447411337240501
0,0.033776738641757086
1,0.8404044518998609
0,0.32451872460163084
1,0.13625418725106678
1,0.16155593912303437
1,0.6460517957474085
0,0.19721403451863315
1,0.07576820958198242
0,0.032041372320713656
0,0.13781878089394167
0,0.344558389354852
0,0.11680632774021442
0,0.015140659254030669
1,0.9566473254022183
0,0.006707586785526947
0,0.44806173374506275
0,0.011671715669704387
1,0.5897791880029397
1,0.5978642491166791
1,0.9247739891728253
0,0.038947260674761515
0,0.04074123396454367
0,0.07346911803157494
0,0.046493917047929566
0,0.03453728547262421
0,0.2626212251539058
0,0.008174338122539452
0,0.08137203556132004
1,0.9149972472511583
0,0.017946661309103218
1,0.5657516547143063
0,0.09735583934042649
0,0.14152881068217246
0,0.009146823912848372
0,0.18483884316800725
0,0.02693746692743838
0,0.016247702125397303
1,0.9172724782088229
0,0.5414747201449798
0,0.009627610301281897
0,0.49769342806139927
0,0.10710321732034912
0,0.004696112132469126
0,0.18098089918060714
1,0.7716865845142428
0,0.015142797887052506
0,0.31139833751629836
1,0.9208549148420918
0,0.1424305754683082
0,0.17087504154534033
0,0.06216691502845182
1,0.7588152522715254
1,0.9059471610360204
0,0.09649654399727581
0,0.008217579818434071
0,0.8500084386546802
1,0.8358186634474173
1,0.6345694522713751
1,0.7409764745029432
0,0.050873975189622854
1,0.8497898959740464
0,0.470649897951013
0,0.058740186655352356
0,0.5636718573488483
1,0.9564540280810568
0,0.13987555458038414
0,0.03267148820028421
0,0.1666166137044496
0,0.008000470440270855
0,0.04371286770464101
0,0.03465589187712007
0,0.1570869105484182
1,0.9103063677305784
1,0.31298680819549607
0,0.011686348505050913
0,0.03429154720977187
0,0.5161557892131861
1,0.858956950041708
0,0.04843204503410513
0,0.9603019281152726
0,0.2223453660793321
1,0.6978016422723438
0,0.004644642727695429
1,0.9219793183582835
1,0.872722903178746
0,0.7314760539096301
1,0.8912498047049554
1,0.8138035967648739
1,0.9124490684893215
1,0.6725201505112302
0,0.7215780365952638
1,0.9364965044735729
0,0.03775477834397997
0,0.03409960100862774
0,0.36151852930625533
0,0.026762744439828127
0,0.06652687007220712
1,0.7401010846115881
0,0.1829454910679497
0,0.015294824504485374
0,0.006766523940391537
0,0.01882989540515301
0,0.01792269382195197
0,0.07489886594009938
1,0.26017703590478647
1,0.8359461027383612
0,0.1131685575905248
0,0.2933429308655397
1,0.9641239114166539
0,0.6310171530773859
1,0.8000917682467011
0,0.11437209742889232
1,0.8236762970621869
0,0.03273219386800744
1,0.7612168161369576
0,0.017886525288399097
0,0.028791891215113767
0,0.6053427571090824
1,0.42127247758679753
0,0.40785906904674035
0,0.08564718592913517
0,0.15090748015043076
1,0.7133366992833503
1,0.8407591737728242
1,0.7751774112604216
1,0.286663996913459
1,0.9044138074189336
0,0.12048309517638572
0,0.010314702871953305
0,0.0076040939936146785
0,0.06003692589496901
0,0.0591791201505486
0,0.7593059479483637
1,0.8748466894317847
1,0.7820985260208065
0,0.48952301664522213
0,0.012704108275602644
0,0.044782832984121515
1,0.93046085442542
0,0.031082814372559383
1,0.23910103822055254
0,0.029962198334942812
0,0.15284623611454237
1,0.8577579984720018
0,0.07390269719888994
0,0.037978813865269405
0,0.6303186005179442
0,0.05543846729620588
1,0.8010543741769585
0,0.054808567888868384
0,0.06589695135160611
0,0.16330764419285457
0,0.13831117878785384
0,0.69137648409186
0,0.06867372107709459
0,0.041478411997001384
0,0.0235427737818562
1,0.9735622019645267
1,0.8584258098900547
1,0.9301712572971945
0,0.8193515223015136
0,0.47811165958182583
0,0.24593191175756673
0,0.011632749647328838
0,0.03222347756640934
0,0.004284874271948895
0,0.37786524792553006
1,0.6781319964398764
0,0.01522674050614406
1,0.29809812673314195
0,0.06679375062642817
0,0.005588496229037558
1,0.7821248121622362
1,0.1244214278849868
0,0.025739575268185884
0,0.03851698495365439
0,0.0331967496305433
0,0.23291461961152046
0,0.6754699768549512
1,0.015019610489892055
1,0.7769382266551557
0,0.100261531037398
0,0.02794070980029947
0,0.03744769905408578
1,0.9217025570394427
1,0.6626946923215888
1,0.8217430904586207
0,0.3750156336787553
0,0.39151231429511096
1,0.9307276129643354
1,0.36611894750524354
0,0.03132635151016727
0,0.781983007860639
0,0.27304521132219567
0,0.01765682250212391
1,0.6607972151511927
1,0.6651204256684252
0,0.07446936787312239
0,0.14148692376792205
1,0.22520870093177767
0,0.02734791479507813
0,0.01580712123284216
1,0.8553468204276498
0,0.095047113454886
1,0.7697353421292162
0,0.16586528283312232
0,0.017904333957103506
0,0.0120299741154528
0,0.3681253185831976
0,0.3537484341741052
0,0.07969013132216173
1,0.9257204035681589
1,0.9456806204027556
0,0.01083748660146873
0,0.036524560196284424
0,0.04408571836059962
0,0.15232115275253144
1,0.5783890370562226
0,0.15553319596296314
1,0.36640917554173447
0,0.15928390748400298
0,0.09085010211830148
0,0.8623549401348461
1,0.6676528154230799
0,0.01427773339488464
1,0.3424750586894834
0,0.06662269084509653
0,0.01161715410115046
1,0.5619558888860757
1,0.32953559075921623
0,0.2616517098339168
1,0.5715925390950725
0,0.04338903693096312
0,0.051147446669212754
0,0.018726278666499802
0,0.23532830359111184
0,0.00921642040195627
1,0.32277985772132284
1,0.8033540070495179
0,0.6250248267928051
1,0.8351840654515228
0,0.22939026956336042
1,0.8114329403509327
1,0.8351468754946321
1,0.4210590407842748
1,0.900521890681471
1,0.8632799414646827
0,0.01571969867755657
0,0.04831111712533433
0,0.12742184575221716
1,0.12071052144990525
0,0.4426233304054176
1,0.8200848653961312
0,0.905743197057803
1,0.903140139917677
0,0.2755376659690952
1,0.21212409103467175
1,0.6795359115036816
1,0.37429358645525673
0,0.032625157137414026
1,0.8861639664089943
0,0.09971753118423643
1,0.5598402026897117
1,0.7782880247667228
0,0.09537456997936854
1,0.39866747367748095
1,0.052808067473251334
1,0.8710597719615748
0,0.014537438557432572
1,0.7139343812200069
0,0.0338558430637907
1,0.10196985684671894
0,0.1426430792883702
0,0.03420370804874032
0,0.058687684882067576
0,0.13813201309141024
0,0.025145758629972016
0,0.24391569796182427
0,0.19554019567149475
0,0.018852219214250388
1,0.8326777511032104
1,0.9520568588957251
1,0.3655517800644174
0,0.06099899062772095
0,0.0536734263167295
0,0.12463144362319503
0,0.04310250221605879
1,0.7080318588166921
0,0.21490132102719275
0,0.028217443434156338
1,0.28688311094772306
1,0.9652254774063983
0,0.07073270474357833
0,0.41182408320149805
1,0.8059390129270316
0,0.1434486832099946
0,0.018481418902374216
1,0.595246557246225
1,0.9063578488520547
0,0.07032118955772379
0,0.021506997606325205
0,0.08371176659538147
1,0.9213022366849465
1,0.12917401475156742
1,0.25774560573202027
1,0.6553096395328709
1,0.22512384883985803
0,0.39172860636100254
0,0.13327949889813795
1,0.08004881825983648
1,0.7153300193857013
1,0.45196436983343746
0,0.045185277661598265
1,0.9437276890203753
0,0.09700058776950471
0,0.018223707271031897
0,0.028517366722528515
0,0.1827098780296648
0,0.06807686185420458
0,0.01161829823710857
1,0.9148126354506695
1,0.7529973419921281
0,0.024913698428544902
0,0.012985044880581498
1,0.5470694934476981
0,0.14038143635910277
1,0.830358771658924
0,0.04148010564878218
0,0.01039489718130737
0,0.11738303582319143
0,0.41140798318846106
0,0.014670706253259884
0,0.26646174001203843
0,0.011840863613931295
0,0.028682558657418547
0,0.5365679386803354
1,0.6692380464849157
0,0.006282757874795198
0,0.05151784458345339
1,0.6457395014845992
0,0.23415880369469985
0,0.34126354108344514
0,0.1390884364947131
0,0.7767350815328221
0,0.07899653521561333
0,0.08851918520342912
1,0.9080164291221458
0,0.015707036142483245
0,0.10700499939518743
1,0.7381054932351274
1,0.21105923291492215
0,0.5155877005315996
1,0.7089448099810498
1,0.6615592132399827
0,0.016364952284619625
1,0.42616082900970903
0,0.073598891394591
0,0.09407376672051174
0,0.5365854322287447
0,0.04628641535919002
1,0.9130570692218481
1,0.9378214469582119
1,0.4641861857714419
0,0.031207853776911463
0,0.6111256352734082
0,0.8045147050300963
0,0.6530396853386655
0,0.18796030648373646
0,0.31297924416958356
0,0.14537401961284396
1,0.4227906441734313
1,0.8797591329496407
0,0.12677549958947132
0,0.016082405955179496
0,0.008336253909822027
1,0.3662964714711594
0,0.19235997850935868
0,0.012019842948822806
1,0.8391647914245407
0,0.01090810293039155
0,0.11597685537521289
0,0.6280111576246824
1,0.7407714338570661
0,0.018452984209228196
0,0.023885681662932028
0,0.005539850739575539
1,0.69137648409186
