target,prediction
0,0.11342548419094231
0,0.27667876091282667
0,0.3386291130018384
0,0.2136537942896548
0,0.17943028821057552
0,0.35023045343716014
1,0.13293970345504882
0,0.37300874771550646
0,0.33036848505204774
0,0.029930501182858497
1,0.5974050866872563
0,0.16109584502746244
1,0.48011843629676076
0,0.3181406909802997
0,0.25031247124349176
0,0.27654788975602007
0,0.17713423020274213
0,0.1675078078984164
1,0.834223920711638
1,0.7825446234537181
0,0.21264597940184463
0,0.009082217960281217
1,0.3228958066837413
1,0.46810919095498926
1,0.7339677348969513
0,0.5814866727543381
1,0.36417709282105254
0,0.2915616328710784
1,0.7679970948842796
0,0.21656966949730078
0,0.25438111125907087
0,0.02264844932069084
0,0.17514230201904352
0,0.3640561726860125
0,0.18710747046043608
0,0.589004858434406
0,0.012700921892952593
0,0.16741014016604297
1,0.7065418772476919
1,0.6032364694945093
0,0.336325165148101
0,0.6013331720613634
1,0.778617513103783
0,0.2085884945015809
0,0.38485491818900963
1,0.26957649098063935
0,0.11795624018978607
0,0.2811046249945882
1,0.41785417621562965
0,0.26792347991415755
0,0.016854799557628274
0,0.4067050517418141
0,0.0078915612562547
1,0.3603122739469968
0,0.24363424267913314
0,0.16915219753949876
1,0.6706297939742795
0,0.31636807219511587
1,0.6757214956405098
0,0.23688414910501088
0,0.23073267810500403
1,0.14383852161614022
0,0.5029797091343233
0,0.2880289803517178
1,0.5022507348388602
0,0.26595731215926105
1,0.37594759820064516
0,0.4427759584596781
1,0.48136534064407815
1,0.7374682959571575
1,0.8271635783936265
1,0.444560303728393
0,0.09433782963937556
1,0.6657162203285497
0,0.18461069966546495
0,0.2152245130014436
1,0.9072944722354424
0,0.231993010247174
0,0.3144465246844636
1,0.44657278387283966
1,0.2962183107872736
0,0.21418560848639223
0,0.31582337088632095
0,0.4376203859262868
0,0.32031069831053777
0,0.20802294244790745
0,0.051255093321821016
0,0.19731817818547923
0,0.6859357653653991
1,0.3672590871015148
1,0.713043404095214
0,0.019255555448196633
1,0.28167735763850965
0,0.0077002165891035075
0,0.07897885211970304
0,0.4120798144603946
0,0.12456089395122882
0,0.2750807464376307
1,0.38001793255627764
1,0.46958280260964924
1,0.6777658710962006
0,0.20572633080893984
0,0.30449190545972993
1,0.6793197457967535
0,0.03339078996757686
1,0.5200465053808592
1,0.7868190770722603
0,0.01772884378472258
1,0.3149116241134637
0,0.5076038410955894
1,0.6963140260293316
0,0.3123646225849156
1,0.5353024090181308
1,0.7836219782109975
1,0.38495964985778236
0,0.0745501770457169
0,0.26936366388594185
0,0.2762961605791502
1,0.3315910754742337
1,0.8691015909298251
1,0.2032383218552744
1,0.5230743179175553
0,0.24787064461057193
0,0.17661419233377976
0,0.0077002165891035075
1,0.6184726588915068
0,0.07257369916288227
1,0.1598538166781322
0,0.049658258547145465
0,0.19230517657329263
0,0.2761218300232857
0,0.02539594592409553
0,0.3237436459219032
1,0.6966672333758108
0,0.12456089395122882
1,0.36649193762912197
1,0.5974050866872563
0,0.3714564855902458
0,0.03570337588460356
0,0.6289798364956898
0,0.12456089395122882
0,0.3174622002073567
0,0.03704588569341167
0,0.23379883423752457
1,0.289976347231164
0,0.17176817435618627
0,0.27935354830761044
0,0.007516105320735079
0,0.20542030727508553
0,0.4594949050633876
0,0.2109352883771317
0,0.2680033358892187
1,0.45447576907872556
1,0.4445364005948105
0,0.1387868191595218
0,0.25103153287689745
0,0.6680447202834366
0,0.0436172973878127
1,0.4494290114317159
0,0.1113572775982756
1,0.43874080271330357
0,0.19104389522613585
0,0.05019835853023942
0,0.24866881125746923
0,0.756903706462144
1,0.1611422150024565
0,0.1682326261819522
0,0.1431194496518327
0,0.19045352718114628
0,0.5222894725576285
1,0.8691015909298251
1,0.3958681544765544
0,0.016669012986509746
0,0.18746025603302086
1,0.5129308195862792
1,0.36752060439560436
0,0.37612829750271703
0,0.36416343867917805
0,0.19192676566172448
0,0.3395891043032462
1,0.5041318606404309
1,0.4889299734261686
1,0.835702870732227
1,0.7152587460296065
0,0.12456089395122882
1,0.9054239571893171
0,0.22011790039750442
0,0.17280372261384164
1,0.7254752621258529
0,0.4553716957242307
1,0.46045831168411616
1,0.17370240906525872
0,0.12026434425970042
0,0.4225426712525244
0,0.1360785516670962
1,0.6757214956405098
0,0.27685810783191933
1,0.5810646520542658
1,0.5706010052426276
1,0.6559325604021539
0,0.5024916951879409
0,0.25863343467040506
0,0.03780692381864983
0,0.2511076009384263
1,0.6450188186824531
0,0.22520703360214794
0,0.5237723933516996
0,0.018032928464456706
1,0.44336916798730097
0,0.19241631131413275
0,0.16305552494561298
1,0.1387868191595218
0,0.04574602443757579
0,0.3237348781199973
0,0.06050160244245547
1,0.4386067295757459
0,0.5091800605947605
0,0.01051573590601982
0,0.49358913751961625
1,0.6751517426615584
0,0.0313908611233766
1,0.24095775281600545
0,0.2634039045511727
0,0.25377000504490815
1,0.3636786352019647
0,0.35814876132060103
1,0.7398901346307534
0,0.03615147284094376
1,0.8169783615162708
1,0.2628620864268318
1,0.47783207253720095
0,0.01986389241344725
0,0.017696829938517265
1,0.4974050866872563
0,0.014330564250725661
1,0.6763905904005982
0,0.3588510284250927
0,0.009929220453593476
1,0.5673441948288296
0,0.4241327153954535
0,0.2122688447844983
1,0.5336337734837844
0,0.06294947261130111
0,0.23119763613587208
0,0.28745094952230205
0,0.010579666293975358
0,0.3229911129012107
0,0.015623594764212071
1,0.43964719512346123
0,0.17713345620308044
1,0.6089852016814474
0,0.6103010482322924
1,0.6135105645119643
1,0.9140708584894854
1,0.602979005778972
1,0.5702841888702389
0,0.5850561609912506
0,0.05722503742704387
0,0.31373433275944246
0,0.22608497049281293
0,0.42928972545121125
0,0.4138579445040083
1,0.4153229935944093
0,0.20531454346181766
1,0.6157350023855931
0,0.18019675492600845
0,0.0077002165891035075
0,0.43181334388721293
0,0.22831162838758287
1,0.26686268293979387
0,0.13982246026045925
1,0.589982082534553
1,0.6688274754583917
0,0.3722924366204454
0,0.16184310146844771
1,0.7471078986623795
1,0.4615246826360431
0,0.3232828370454109
1,0.6646063130611886
1,0.7679937806443713
0,0.25376460106839555
1,0.4321035233270102
0,0.0077002165891035075
1,0.555917126232304
0,0.017143754205960607
0,0.0531694352780522
0,0.4111562542405633
0,0.3370290694902884
0,0.21621466969152742
1,0.5242436272956804
0,0.25357860962284207
0,0.23794908783693905
0,0.7613653867791886
0,0.41786598878839304
1,0.7071024802754978
0,0.019654043863378344
1,0.55448921869156
1,0.6849131950930003
1,0.5977114219206316
1,0.9142292973377373
0,0.45730713142621154
0,0.13470185264072532
0,0.03592879621656147
0,0.9079971152151215
1,0.6690928160594578
0,0.17187631598262626
1,0.6344244758139257
1,0.2985693601462736
0,0.25217318323040816
1,0.7628874003189793
0,0.2546460661848071
1,0.5190291472247951
0,0.0077002165891035075
0,0.0077002165891035075
0,0.19759284999528753
0,0.40221128099396974
0,0.5966663862717403
0,0.25539712547697363
0,0.22551936494992725
0,0.16291980794007546
0,0.2763310048422434
0,0.03821420921252834
0,0.04070062568507255
0,0.17047806978454058
0,0.26978201595173285
1,0.6641593995542174
0,0.0077002165891035075
1,0.2947264539226028
0,0.0713656107118431
0,0.22122249951481338
1,0.4223168889988278
0,0.4117096426784911
0,0.44131682701746217
0,0.020283914632380374
0,0.2734478597877866
0,0.25885561474290625
1,0.3363240474921693
1,0.6381573483322606
0,0.2690118114064369
1,0.569616676232957
1,0.4276104838525866
1,0.8278184758718959
0,0.02248221176315566
0,0.23202187299334262
1,0.7993627620723699
0,0.20604184179640037
0,0.43945199074609304
0,0.4495410160936341
1,0.4586931017431758
0,0.08121104456082937
0,0.05412699573604808
0,0.24987730683791715
1,0.5619695081732574
0,0.1447543646408905
0,0.2540800623512077
0,0.5707701990729637
0,0.04038674667484304
0,0.15434810417123943
0,0.5509327703433089
1,0.4926262231766733
0,0.24686238092053167
1,0.8968094377738961
0,0.12657131232587088
1,0.08864749507393929
1,0.5774387712839173
1,0.9402892653678123
1,0.6979344749980405
0,0.26610870950833077
0,0.02462031460041514
0,0.3234423944950359
0,0.173938280035896
1,0.7836760007429879
1,0.34760758060744545
1,0.5386353103592231
1,0.5796989615133794
0,0.44997616938547247
0,0.3912988054455447
1,0.323864692334066
0,0.4753037111248238
1,0.34287706875443463
0,0.22141924862682208
0,0.2861394321937914
0,0.2188775552205234
1,0.49366855562898426
0,0.23774372201680663
0,0.3142496695829992
0,0.25130093813614873
1,0.8735042632476763
0,0.14231949692679327
1,0.6273845662997737
0,0.011920816953915421
1,0.4903076215751598
1,0.6533437494488222
1,0.7019212781909928
0,0.07270850846306702
0,0.3002976379872982
0,0.4769868099522163
0,0.15469516386585735
0,0.28806309686028875
0,0.38302433232644173
1,0.8027824922327212
0,0.2956134174046881
0,0.2977453690054013
0,0.6104676323077809
0,0.20165330228179293
0,0.39659753030439754
0,0.23191795212201174
0,0.6879186514619121
0,0.49733235827877914
1,0.40322820334071885
1,0.1559880795807922
0,0.47172939817338544
1,0.6999129604672057
0,0.24789352364735762
1,0.6856567184864356
0,0.18019675492600845
1,0.4760751339312296
0,0.02288024809704646
0,0.3161530185315545
0,0.6074196709782482
0,0.24744010578922165
0,0.41471094905269296
0,0.05222916949396023
1,0.7217308195862792
0,0.011425913840641021
1,0.7193893246813121
1,0.6575380541515679
1,0.5264664517701872
0,0.7224526079281015
0,0.016765554302053988
0,0.15772319142922736
0,0.12456089395122882
0,0.20607972498642124
0,0.019255555448196633
1,0.8179608997670621
0,0.23009243905095123
0,0.06167248495597111
1,0.2821925149376715
1,0.8528845350972252
0,0.43460432538380955
0,0.34761739582989587
1,0.2852677678405356
0,0.220210078703712
0,0.5308340708506082
0,0.2518466756319279
1,0.7765438253668253
0,0.2649122807017544
0,0.30165965919681464
1,0.6768451127727548
1,0.26045554034106155
0,0.23289936287356514
0,0.6198706496463816
0,0.0077002165891035075
1,0.4899332766661092
1,0.5492256084366386
0,0.3229911129012107
0,0.21120701658770663
1,0.6202435477129185
0,0.013844885206673641
0,0.019975795036723587
0,0.2417409618938143
0,0.24203251662518865
0,0.23653027230530838
1,0.6244487859365053
0,0.27717893265001853
0,0.5266711770264845
0,0.6796954373616361
0,0.4442735208887265
0,0.2604767188718332
0,0.8688185762441081
0,0.40556099720610317
0,0.511274936927321
0,0.14744319303693115
0,0.6537304440958428
0,0.016498330878273626
1,0.32173650955972133
0,0.3556458453273478
0,0.24265804739911986
0,0.6120150774692132
1,0.7148900416925736
0,0.025253847346746964
1,0.26377176922618756
0,0.15341206719215758
1,0.8706672991777357
0,0.06140478838295597
1,0.8017909356725147
1,0.5109130303096536
1,0.5372620441481383
1,0.25863179407687564
0,0.2704946353524679
0,0.024017232906119824
0,0.2977757358153661
0,0.01192369395427599
0,0.2499423029778263
0,0.009518651082917091
1,0.7734084216915521
1,0.5317215447948908
0,0.03163763510279321
0,0.07974952321468133
0,0.42340339501685104
0,0.24959220677155056
1,0.40902765860447526
0,0.36314312872891863
0,0.13929273937421097
0,0.393488392472544
0,0.08103465091381602
0,0.01653935188056116
0,0.33569352786312173
1,0.6272352962852834
1,0.3293121125332909
0,0.4236784988024859
0,0.059433314919444674
1,0.712623045926323
0,0.26254305319256527
0,0.2890851161682163
1,0.48841846742407546
1,0.329199799404418
0,0.07974952321468133
0,0.40748444157021946
0,0.21637293325144782
0,0.4474050866872563
0,0.6508792815064037
0,0.31578765999588876
1,0.2766198700455194
0,0.34302844535767874
1,0.46503407820766435
0,0.014291456955840054
0,0.038824153890351105
1,0.47673383523282514
0,0.011041277788238374
0,0.09988398245213889
1,0.5834796118568105
1,0.8290890360583743
0,0.32763862577094055
0,0.22520703360214794
0,0.07663099664980146
1,0.9150494899304566
0,0.0587108401841849
0,0.29752381413922774
0,0.019255555448196633
1,0.819672710644167
0,0.3903797052375378
0,0.25800563710011915
0,0.015575242898164313
1,0.7408432950120066
0,0.1840823592488674
0,0.5796208910046852
0,0.16982233787468887
1,0.6089852016814474
1,0.5171676657047436
1,0.43782826467952546
1,0.36752060439560436
0,0.014595853518370696
0,0.16489372560265048
1,0.8254426470106032
1,0.8113089382569073
1,0.7679937806443713
1,0.37943812768767626
0,0.6846018381749066
0,0.3203250821269283
0,0.37648365402944367
0,0.2125212838174624
0,0.2057461641012279
0,0.26030371794532753
1,0.4478950231987587
0,0.031067766159185398
1,0.7290275536107612
1,0.33262427459931204
0,0.5320414169410118
0,0.07974952321468133
0,0.12263692270751843
0,0.46426831042800176
1,0.5354104523709153
0,0.12069624180400357
0,0.25412548252614875
1,0.2813767889375259
1,0.5799485792273044
0,0.23620232086561394
0,0.2665392272387983
0,0.026774045112151146
0,0.12456089395122882
1,0.488308851702371
1,0.7681970325488613
1,0.4823336763619719
1,0.6009108488635574
0,0.20367136078116194
0,0.2010361478549992
0,0.18117260477873257
0,0.6782049067935081
1,0.40453521549735194
0,0.06573076915949717
1,0.8535421478826496
0,0.21583791566874105
0,0.19128100230769557
1,0.9079971152151215
0,0.294709034097152
0,0.03344245289359112
0,0.29599593591933826
0,0.14806346197994869
0,0.29986686293237436
0,0.019255555448196633
0,0.20516246803185098
1,0.41899244733557933
1,0.4132687101583055
1,0.4774637342769325
0,0.08461327036782892
0,0.3869736171515656
1,0.2521292348128508
1,0.28493655458656
0,0.19823645908784399
1,0.7400121955564738
0,0.3800080604625306
0,0.3419409448686691
0,0.02574894466764292
1,0.271319982091666
0,0.3817433397268346
0,0.07685033465414082
0,0.25129880389050985
1,0.6574594794370096
1,0.7914696560073176
0,0.29670781791061046
1,0.6170284360840577
0,0.010126690892561296
0,0.34684930746894876
0,0.3197390640858213
0,0.5508442658658451
0,0.3803693329194556
0,0.6921135181023546
0,0.4544208556798617
0,0.34148110589119823
0,0.20819430549061554
1,0.3008785525897246
0,0.009088661282183889
0,0.29189263488216083
0,0.19036352717500035
1,0.7858432306334218
0,0.6053008165219096
0,0.24859625274234448
1,0.36314312872891863
0,0.2163504746143397
0,0.16198135627557592
1,0.6281909318669154
0,0.01199796033079185
1,0.3693347964734251
0,0.3455246650322058
0,0.22344789409297902
0,0.04960999072676561
1,0.3817128528930111
1,0.6763065005912662
0,0.1411188156359316
1,0.4297964912280702
1,0.6718017939509953
0,0.3272375718717352
0,0.2138969615360976
0,0.27978024391358336
0,0.8395307483066583
1,0.2511076009384263
1,0.8264878996256958
0,0.2295976194043147
0,0.26966988484477894
0,0.12839204736546783
0,0.21583791566874105
0,0.12456089395122882
0,0.27931803391305604
0,0.5410710567008807
0,0.04795465141980952
1,0.6077763373170338
0,0.3183937990970245
1,0.7979081109659752
0,0.0077002165891035075
1,0.8594385354182159
0,0.016597906992840642
0,0.0077002165891035075
1,0.46290793503622113
0,0.019255555448196633
1,0.6055986964081654
0,0.727077555587992
1,0.9079971152151215
1,0.675248648480745
1,0.5373894977651031
0,0.2155489160639061
1,0.21428858971039302
1,0.8264919014099054
0,0.018264578025859582
0,0.2609359835418012
0,0.23881006945087702
0,0.03975910397306887
1,0.5454373572991204
0,0.11735879419501487
1,0.2924765029650202
0,0.6664152717370433
1,0.4765001610276231
0,0.007949182188487818
0,0.4035974862529458
1,0.5565852762597748
0,0.26046724261021137
0,0.3174622002073567
0,0.025136890168412994
0,0.06121359740623859
0,0.2511076009384263
0,0.4024787877005006
0,0.3585541987247141
1,0.22421672517256103
0,0.019814641185461366
0,0.5355482807564952
0,0.260283036376495
0,0.17635360516581786
1,0.5841320500647355
1,0.6399236052057748
0,0.2511076009384263
0,0.24308623400463433
1,0.291532249177608
0,0.04095477912518958
0,0.03726161727062069
1,0.6968234572451046
1,0.32967016803809795
1,0.34569177263527406
0,0.3551652789278946
0,0.2104591247766065
1,0.4795044100636206
0,0.19031625266629532
1,0.5423443983155166
0,0.2562861487698636
0,0.25213835596090584
0,0.23338491877199513
0,0.26021945356538384
0,0.4066046175024558
1,0.5765673799884325
0,0.271184851995098
0,0.20735056623945317
0,0.5968950425411851
1,0.5328383369806945
0,0.24285708887858845
1,0.4559683587513869
0,0.22592002836492278
0,0.6295278041845955
0,0.23591147890457537
0,0.34339120960630876
0,0.11483028272324332
1,0.30578174650113793
1,0.5688295882085123
0,0.23746373264005546
0,0.16311306803488607
1,0.5458578813337224
0,0.43862100559158057
1,0.900692584365865
0,0.21583791566874105
0,0.02987505693326599
0,0.3104825485405795
0,0.2832383524119392
1,0.20705495509921895
0,0.3197251534730955
0,0.5751460914939222
1,0.31807660597022747
0,0.5254517449800772
0,0.241153807520615
0,0.3942021871143621
1,0.8039636309804626
0,0.11835327655915699
0,0.5420035696875336
0,0.13427223330492227
0,0.008405059785965778
0,0.31768354549806455
0,0.18191188437428868
0,0.12456089395122882
0,0.32402510596860734
1,0.6495233772250989
0,0.02115384277639465
0,0.4288957340593244
0,0.20523740349845637
0,0.2885721850666156
0,0.32762352212630547
1,0.689873874705046
1,0.5446827703433089
1,0.8395726659502877
0,0.6113540915942379
1,0.7962912520333502
1,0.2912498567764406
1,0.28698326814726394
1,0.5646211301214062
0,0.5900255173958536
1,0.7217308195862792
0,0.04220792195100182
0,0.1859978723849869
1,0.38167387563454447
0,0.1598538166781322
0,0.28364488660109505
1,0.3726625429053982
0,0.28407909109784707
0,0.05330530634613334
0,0.011555917653492296
0,0.011057314125783105
0,0.6943631167631918
1,0.4045075741068496
0,0.7440104224295385
0,0.30522178054730864
0,0.19829292037906454
0,0.4076451870641387
1,0.6308034416336249
1,0.27973862956771767
1,0.3682656171007637
1,0.5663143307112354
1,0.630418535256816
0,0.43229316419245345
1,0.39519059209022994
0,0.3537735865718377
1,0.43782826467952546
0,0.25973087795534966
0,0.27318725122398624
0,0.30843097456867224
0,0.5920227911360493
1,0.9144113505105462
0,0.20998744365517566
1,0.6709352942952849
1,0.5414016803995438
0,0.8241571989629884
0,0.31582337088632095
0,0.40048494412337887
0,0.38842779740572236
1,0.515041246198857
0,0.2785846830310446
0,0.014855229270527346
1,0.6845286238167166
1,0.6753741823252014
1,0.24126428702211303
0,0.2239501378002025
0,0.21663538739710086
0,0.40165232352227914
0,0.36701834884032747
0,0.18898361264902477
0,0.43613383107649495
0,0.05864481805553865
0,0.34599045958493646
1,0.5578631046509963
0,0.05224115172321918
1,0.2814818399577693
0,0.13011207895328047
1,0.7071547506507101
1,0.6207276708963428
1,0.37682243191136816
0,0.25414249087979784
1,0.7566754697247039
1,0.655083537210536
0,0.0077002165891035075
0,0.24814308626615422
1,0.32776264939489613
0,0.5081534100226544
0,0.5841666666666667
0,0.013604476950762508
0,0.3982232380383488
1,0.6084237693386356
0,0.6041792810493825
0,0.18996856501795736
0,0.22153202417891474
0,0.19269947321473369
1,0.5919271098442431
0,0.4761783217967524
0,0.025371689419646994
0,0.2573861248444695
1,0.8051691780442336
0,0.4898503853985229
0,0.03257041635668403
0,0.01025490628736646
1,0.34752570347950235
1,0.5545049145141722
0,0.0077002165891035075
1,0.4266411027597839
0,0.2825704430480084
0,0.4233926641252708
1,0.8636433202321377
1,0.6832250725134671
1,0.5608688050992302
0,0.4795044100636206
1,0.3989478274786101
1,0.7254752621258529
1,0.3856233457344964
0,0.5931036101705973
1,0.2952690681983498
1,0.2174786882476006
0,0.22836599768471716
1,0.30492137678792347
0,0.3109675337112345
0,0.062314133971892643
1,0.6274754106695504
0,0.8395307483066583
0,0.051966385039227486
0,0.049658258547145465
0,0.46446224029824296
0,0.06266899482617626
0,0.4056909885979248
1,0.6913352320649282
1,0.625798507575451
1,0.6244995755009753
1,0.7600283223171718
0,0.05190997535729749
0,0.3166487264795519
0,0.13293970345504882
0,0.2581443788891788
1,0.25297003519892597
0,0.1510770143006423
0,0.0648996343380482
0,0.3164864880612947
0,0.008656612702219645
0,0.4127402044172086
1,0.7238598019807786
0,0.38355609670063157
1,0.3407750999295697
0,0.26484044932360856
0,0.07639841259105377
0,0.020258510292923245
0,0.8691015909298251
0,0.37100332574848227
1,0.8289383878961457
0,0.6273032230734846
1,0.6507220551031426
0,0.046768959709916215
1,0.7125062016681586
0,0.18634164260817704
0,0.3559694554849366
1,0.8014422709320858
0,0.3011660051266739
1,0.20945914209810948
0,0.7664601458747095
1,0.7030468405272485
1,0.38832328240631353
1,0.8941407364086014
1,0.2055197729759488
0,0.19121395743937375
0,0.4402329937526671
0,0.23640142639615955
0,0.050059979253989036
0,0.1117810132787264
0,0.21583791566874105
0,0.63394677847511
0,0.46347317634511515
0,0.37336164708717323
0,0.15969684546228866
0,0.3056442988034731
1,0.579671108781335
1,0.3891373552325625
1,0.39371398847631234
1,0.6932713163309777
1,0.42631020983399626
0,0.21035588832666655
0,0.09163763510279321
0,0.6242654908747975
0,0.09694900490729244
0,0.011086133906166595
0,0.17486829667139323
0,0.07270850846306702
0,0.6197192365546563
0,0.229359003070229
0,0.531518384424595
0,0.42126813748713127
0,0.4244237221799801
1,0.8039636309804626
1,0.49053075767137005
1,0.6555159404618988
0,0.1550940179551143
0,0.152865399546392
1,0.7041531623570305
0,0.2526270465715421
0,0.12657131232587088
1,0.1866346211014085
1,0.8231812906997938
0,0.021321127691214477
0,0.39758657174971734
0,0.013982364692258558
1,0.45780845049031016
0,0.005412341767149868
1,0.6063096182654979
0,0.42387164293050594
0,0.16680528786267446
1,0.6651170036815441
0,0.3106044983488971
1,0.7679937806443713
0,0.014496159628043126
1,0.7124556524978803
1,0.41359449704977336
0,0.528917394385947
1,0.3907368480946807
1,0.18191188437428868
1,0.41385720871768245
0,0.21393082949796324
0,0.21569146699371755
0,0.26319543031463166
0,0.18854860721230102
0,0.3455373760200642
1,0.797064544149277
0,0.4755288056029238
1,0.5013809825787202
0,0.333378280845008
1,0.3953241291467156
0,0.1580258836140293
1,0.5679844729199469
0,0.07625515772571738
0,0.03247469445420362
1,0.5982129373328036
0,0.16184310146844771
0,0.19113744664343263
0,0.22672391290621569
0,0.012828455481017397
0,0.4341124384967314
1,0.8702852236823286
1,0.35993427336367606
1,0.8560587357111454
0,0.020622336934263043
1,0.7967056183406458
1,0.739770976859131
0,0.042751029352714784
0,0.0077002165891035075
0,0.42491333689470406
1,0.4798533197042726
0,0.5867592896211871
0,0.8083314872435378
0,0.6399236052057748
0,0.22911436316536857
0,0.3191094873153376
0,0.2654245642073546
0,0.2148605346972042
0,0.24684339858947504
0,0.08368841363104111
0,0.23702852702852706
0,0.023417022809156928
0,0.09874970000400292
1,0.48098965107673236
0,0.23626205949616028
0,0.6474733364603711
0,0.029151837361646702
0,0.21006170916446967
0,0.5871939843107913
0,0.4491782666851374
0,0.6504887726506743
0,0.2186104569143471
1,0.31501113062464964
0,0.0077002165891035075
0,0.3144465246844636
1,0.578422566248337
0,0.5883382244667849
0,0.12216892006874763
0,0.2556309961273502
0,0.41150180727412816
0,0.2877790042751127
1,0.5211618727144149
1,0.38842776714312277
0,0.44269541425485015
0,0.2443369203819188
0,0.4537784540269996
0,0.4740244753670777
0,0.34111732663748356
0,0.04319297396188633
0,0.5823905897521984
0,0.10340220377490641
1,0.49270471455987985
0,0.09121605792258568
0,0.5687039469313383
1,0.6379604188815496
0,0.045507596370394685
1,0.7217479722172171
1,0.8579065355049765
1,0.6394622604658492
0,0.5147321474940033
0,0.5481134501553451
1,0.380872418383715
1,0.5572447066300441
0,0.08068853754788914
0,0.012748351293699752
0,0.35927311863228206
1,0.21583791566874105
0,0.18902594812427315
1,0.7445965374808869
1,0.46468365488146246
1,0.43286830592190906
1,0.3174622002073567
0,0.3727985105664339
1,0.737506090197441
0,0.3603729538287427
0,0.15913994302420728
0,0.32791087608277686
1,0.3340251059686074
0,0.4139504472647654
0,0.5107671883737217
1,0.3938008530677889
0,0.19096669973681119
0,0.30926818822521535
0,0.5250610742596269
0,0.01791604160435602
0,0.211874223082338
1,0.381556291968333
0,0.24419982797893286
1,0.4076207209050281
0,0.15586393100561963
0,0.01863346066772517
0,0.16091766353800546
0,0.20607972498642124
0,0.25912844787853934
0,0.04857831567721763
0,0.24308623400463433
0,0.17187631598262626
0,0.23925551374532603
1,0.5880847812290932
1,0.42961734474833985
0,0.49941274182745526
0,0.009913208661494225
1,0.3745164670555293
0,0.014043376392320681
0,0.265040558708036
0,0.06260823299782611
0,0.2291561115169958
1,0.30714235122554856
0,0.3099820598128852
1,0.8994599214948115
0,0.5700791509147105
1,0.7522090886714692
1,0.8329299356183768
0,0.02742413134534113
0,0.0077002165891035075
1,0.685482744914671
0,0.019255555448196633
1,0.5331971562400684
1,0.6976189044741202
1,0.7628874003189793
1,0.3749674179942647
0,0.24777191669611462
1,0.7966581999306614
0,0.2343833915574799
0,0.5337654551513139
0,0.6236511226143204
1,0.3098901744339083
0,0.23492458827303267
0,0.5848125481148371
0,0.1478417214213508
1,0.34333593681832064
0,0.3423284421184451
1,0.6191347119553235
0,0.01924409885562757
0,0.6583135306981225
0,0.26633391530497363
1,0.7753024453024453
0,0.015412867750654308
0,0.08150407298546905
0,0.011813575558894788
1,0.33400304215404003
1,0.8691015909298251
1,0.6592627732718211
1,0.6555159404618988
0,0.23924202246441978
0,0.3960344155128751
0,0.19839393411145767
0,0.5164792757841296
0,0.31171991682686423
0,0.11699306230553785
0,0.38632315377103416
0,0.2791647076439567
1,0.46779237953300523
1,0.8690062918133088
1,0.0077002165891035075
0,0.07974952321468133
0,0.43933511065874603
0,0.22185438353733172
1,0.6951159032650415
0,0.019255555448196633
0,0.21583791566874105
1,0.6388819225658825
0,0.037791481256639364
0,0.1273008498666014
0,0.24835307359164246
1,0.35132280899848417
0,0.262162665602283
1,0.5752210536056568
0,0.21816714431914155
0,0.3872117014100131
0,0.5334217157637516
0,0.11510363000690012
0,0.34473611621624295
1,0.3154960230788537
0,0.3902356646149032
1,0.835618021414235
1,0.7170200743320297
0,0.1988320444288718
0,0.11870209816187287
1,0.3960344155128751
1,0.5343593910148506
1,0.8691015909298251
0,0.21991098431259426
1,0.3805668643564729
0,0.3391699155877364
0,0.2447764134109825
0,0.009214261297117715
0,0.20127544499709904
0,0.34275113844205807
0,0.37479244764159486
0,0.20901481485197906
0,0.1831466257232902
0,0.22939995601421764
0,0.19128100230769557
1,0.5622832491872616
1,0.22825140410429717
1,0.9126755495343926
0,0.24112148899756133
1,0.5931036101705973
1,0.5335704976129615
0,0.6273032230734846
0,0.2511076009384263
0,0.34081201614368595
0,0.17578640642052634
0,0.5726343875806765
0,0.4578403682923953
1,0.6902264916919345
0,0.6183064309570216
1,0.3558602352112435
0,0.013015194969095862
0,0.07207908110726383
1,0.14587203910902255
0,0.22560599911103688
0,0.35209563440063196
0,0.0077002165891035075
1,0.1232713858718747
0,0.24853926970608803
0,0.17394063082183686
1,0.250718549976412
0,0.29202946309435135
1,0.4113100467450475
1,0.4988217582131514
1,0.3827199909061882
0,0.06681977296864887
0,0.18131249959472975
0,0.2032901604165938
0,0.03163763510279321
1,0.7191687435633045
0,0.3174622002073567
0,0.17732924456925336
1,0.5008740994838401
0,0.053650288131713464
0,0.08068853754788914
0,0.16215183978569975
0,0.2643438278610465
0,0.019255555448196633
0,0.46101739902634836
0,0.23924202246441978
0,0.5767995788233723
1,0.4197850294530956
0,0.007681585341569315
0,0.5007510642948225
0,0.7316201199177073
1,0.26610457136375665
0,0.23839559309667033
0,0.030464257149847004
1,0.7795855874187404
0,0.48800724637681164
0,0.05288942210897971
0,0.10495924119529615
0,0.1587113515940049
1,0.7425268482628437
0,0.10696973867581054
0,0.3381630432605472
0,0.1557265685727208
0,0.14643384056899128
0,0.2351804790451245
0,0.6403519750930247
0,0.3303310773581711
0,0.12456089395122882
1,0.5048607150669361
1,0.3744987237811061
0,0.29643724399607324
0,0.4028950848243956
0,0.23586715310700246
1,0.31858723715102083
0,0.3009273234412125
0,0.20805842469030494
0,0.30670313800469007
0,0.02467103952961868
0,0.0077002165891035075
1,0.26154117928057213
1,0.9079971152151215
1,0.35208498888955
1,0.816068149004645
0,0.8087644468521156
0,0.22048549073807616
0,0.2670087014016299
0,0.5357319810746254
0,0.4494150790770807
0,0.25626871014417496
0,0.3866178784182799
0,0.04795465141980952
1,0.38167387563454447
0,0.4190802059752175
0,0.4642588544743566
1,0.09771459496086383
0,0.016517156967288303
0,0.44091840424320383
0,0.4386829678778625
0,0.13016850459580853
0,0.08727484987644923
0,0.31680587954677003
1,0.5508477333108392
1,0.5524356676608301
0,0.23657264115054155
0,0.019255555448196633
0,0.17995993849073486
1,0.6560266189771063
1,0.8571313487589532
0,0.34271966291386347
0,0.4268106177434649
1,0.43683382161770345
0,0.41364070515754053
1,0.756508980186909
1,0.2857115374093459
0,0.2483568424985482
0,0.011383005342222611
0,0.011597324506190217
0,0.3121795032585285
0,0.4108867419171088
1,0.3757207185808388
0,0.3997127653471154
1,0.8190735452927712
0,0.20229953240437243
0,0.2745567658139439
1,0.2929959776723297
0,0.01703802969517414
1,0.3509566653805681
0,0.02232071162852815
0,0.22187700084904113
0,0.5349356111083969
0,0.7270512054703407
0,0.0673878303010159
1,0.44765493805104367
0,0.18298869070655635
0,0.09163763510279321
0,0.03293293400958914
0,0.37662585300131785
0,0.628278912183159
0,0.31134712666343534
1,0.20347208974017816
0,0.11330317449581569
0,0.21583791566874105
0,0.07275120471498914
0,0.18366132310550068
1,0.46587719989298454
1,0.7302082611729334
1,0.7137228715860686
0,0.14592957036938706
0,0.010414013431640062
0,0.03560118021668842
0,0.26709687240746804
1,0.5467529188572466
0,0.23966998705836673
0,0.3454064438098561
0,0.2613791086810749
0,0.3036729565272924
1,0.5969320003184212
0,0.18019675492600845
0,0.3263791180531208
1,0.5909962078792903
1,0.7137763696586763
1,0.5765543880567354
0,0.35065690483554635
1,0.4867464270600768
0,0.2969005409461896
0,0.1387868191595218
1,0.4808517747827273
0,0.30448156038798946
0,0.25626871014417496
0,0.3202999338072074
0,0.09845966216533786
0,0.4014427357719453
0,0.44768413191710293
1,0.2252744217725012
1,0.7068371087365242
0,0.5629438082581734
0,0.1504846987447253
1,0.3698904469383559
1,0.5974050866872563
0,0.2511076009384263
1,0.6000984334141586
0,0.1630853684214432
0,0.24426035738782942
0,0.4145251701321688
0,0.018294024039482912
0,0.3540090505636021
1,0.3903797052375378
0,0.1574652372748461
0,0.26289676000977735
0,0.162923669072545
0,0.1969766708335717
0,0.17964261875700466
1,0.5725022344094984
1,0.5251434167157317
0,0.4089209794496402
1,0.3194532874915133
0,0.235221067020806
0,0.030835952795611264
1,0.8676304922467469
0,0.019255555448196633
0,0.2106950349670051
1,0.7183064309570216
1,0.6627446832954436
0,0.699688682685238
0,0.2780084511751978
0,0.2865685242117147
1,0.7132256083731916
0,0.09584591624476235
0,0.26031372950311216
0,0.17750104208803316
0,0.5761679242119383
0,0.22794486208134607
0,0.210713067705385
0,0.1149486712233818
0,0.02831495134506599
0,0.3741828617705163
0,0.642278091487878
0,0.010389942911579268
0,0.6095248676691245
0,0.5024916951879409
1,0.6355887906333509
1,0.3857414766851847
0,0.3418760960355436
0,0.4312263683191662
1,0.4239557067008632
0,0.41565102085878597
1,0.421110476471987
0,0.2048682879785126
0,0.2558138800936905
0,0.006877518988043393
1,0.7131123757799925
0,0.38733187585667844
1,0.8347999850225504
0,0.01634361268110247
0,0.1387868191595218
0,0.2651718553237845
1,0.29782249355212215
0,0.6619723361660513
0,0.4074640761745436
0,0.6427742090536815
0,0.29685768661658235
0,0.5286865233432932
1,0.5826657043421056
0,0.0077002165891035075
1,0.23060651651973216
1,0.9192705839190843
0,0.2095367627932755
1,0.41548428570150103
0,0.1768339248777654
1,0.3239114557790411
0,0.8045850705359096
1,0.523329127331462
1,0.5974050866872563
0,0.20836885821984708
0,0.026121080794617474
0,0.21214933134311587
1,0.6745960236802365
1,0.3202106510911826
0,0.03935371830869791
0,0.20942360912528868
1,0.8224707777527805
0,0.27031244291268475
0,0.07739584031716025
1,0.579280796800759
0,0.2755624636755243
1,0.27242875475771133
0,0.1559880795807922
1,0.7221570298132101
0,0.1643671137775307
0,0.29266952128549817
1,0.6068397783110226
1,0.46373775222537994
1,0.4774976543921579
0,0.23185465759141136
0,0.41189553827100306
0,0.11497495979079417
0,0.500776871189309
1,0.23472647058473955
1,0.46507224587515417
1,0.6272505101193435
0,0.6493405118972967
0,0.2734478597877866
1,0.8986670530845843
0,0.27441362743343284
0,0.18620067811036553
1,0.39551852014947136
0,0.13901297039509156
0,0.047973947666099324
1,0.5523198145632894
1,0.5652855874715361
0,0.15171740961994265
1,0.724362947835459
0,0.24873903633057395
0,0.21223844778899037
0,0.026222373128034007
0,0.0793853241808907
1,0.5215425480870604
1,0.6076372284946038
0,0.37598703076310624
0,0.21481673882655372
0,0.010389942911579268
1,0.7889320650024282
0,0.39342735947812874
1,0.47146187634646386
1,0.6333093013279752
0,0.16415099549977535
1,0.5532973016689857
1,0.3994001105164826
0,0.5002701332899365
0,0.2004357422903176
1,0.40646515120060034
0,0.28175762728368026
1,0.5356247754035697
0,0.26845847009259793
1,0.5110090354347739
0,0.12456089395122882
0,0.3174622002073567
0,0.339067063000547
0,0.2280143245299927
0,0.46654852967886723
1,0.5976083436667077
0,0.38834302027063144
0,0.1387868191595218
0,0.274249659443468
1,0.5245175285172943
0,0.35129427553405557
1,0.27949011012423003
0,0.42904222823610816
0,0.2220192364860239
0,0.24213120025789983
1,0.25839596875449383
1,0.4670607251371052
0,0.32402510596860734
0,0.303566663187493
1,0.933786109545721
0,0.27259384776035595
0,0.011178533359065289
1,0.5970167076700029
1,0.3011660051266739
1,0.666017109970022
0,0.5171793013661763
1,0.6759803072540447
1,0.6738751289603726
1,0.45532096016768764
0,0.36223003498959555
0,0.11057870659983889
0,0.05950999027890265
0,0.2259839213854159
1,0.7024795744235477
0,0.34556122983041143
0,0.14596332198445425
0,0.08597904361362763
0,0.4327241977184045
1,0.700637376559545
0,0.442601351791924
1,0.7495056084213957
0,0.38254325479204043
0,0.024748043449349773
0,0.0077002165891035075
0,0.026382881662373184
0,0.1642066745603492
1,0.6248922442728224
1,0.7224526079281015
0,0.11775602281971705
1,0.2551931482226099
0,0.36347619653298674
0,0.37233556400260276
1,0.8532894493101052
1,0.6490173119744903
1,0.45227719293025226
1,0.3048756849039152
0,0.20680999984932302
0,0.3684064148343231
1,0.6187938765850677
0,0.19135561319077274
0,0.2664962435727496
0,0.1851961014270808
0,0.007949182188487818
1,0.6372553042631222
1,0.6118067316509768
0,0.45426685106940906
1,0.265169262780416
0,0.20858361025260802
0,0.23701065118422773
1,0.4053574446564417
0,0.08274801618586207
0,0.301056144973647
1,0.8017909356725147
1,0.645435434540616
0,0.12649552734558023
0,0.063820427374351
0,0.15766120156965777
0,0.010990225311083963
0,0.43962656690759816
0,0.24975829834955665
0,0.21583791566874105
0,0.23020589813856882
0,0.027740502859984764
0,0.48172887715605445
1,0.6977308195862791
1,0.5835819653136447
0,0.4977129405225596
1,0.6590800605305908
0,0.4063596048128749
0,0.5002556829038843
1,0.8550426517465437
0,0.4269497576684006
0,0.250770624827538
1,0.802836937799224
0,0.3986884512869166
0,0.12292112718473015
0,0.06390848511256043
0,0.008405059785965778
0,0.3174622002073567
1,0.6851821220019613
0,0.019084798219696327
1,0.2570712260192163
1,0.3697333520617811
0,0.17356030531216646
1,0.7483375810507906
0,0.034126539553972435
0,0.6544209276105049
0,0.09252115598846405
1,0.5442936277958744
1,0.3282507068361581
0,0.6229610034017772
0,0.41204637190420446
0,0.008837131576547858
0,0.6105653811759364
1,0.6092708562336794
1,0.59068146557061
1,0.31611255219219525
1,0.7598014778635646
0,0.1471656286633418
1,0.3967481299638784
1,0.5499010102042374
0,0.037791481256639364
1,0.6745099302910265
1,0.7806207642800531
1,0.31062906623606484
0,0.8084030581856385
0,0.019043865569815535
0,0.25354666693437644
0,0.2620973326696779
0,0.2812653982006258
1,0.6113906975165908
0,0.010318306788972125
0,0.0951866118125922
0,0.26216309787356085
0,0.347964383769517
0,0.38108423666316626
0,0.4223168889988278
0,0.20948536303631551
0,0.1806931767337991
1,0.4008632771473019
1,0.31907310040823494
1,0.6104932537143467
0,0.3136813544488523
0,0.13293970345504882
0,0.31582337088632095
0,0.29438689351704134
0,0.1772087163225419
0,0.01027841126609689
0,0.12456089395122882
0,0.4633669409347648
1,0.4354796753479067
0,0.33088544894812233
1,0.7025995994960067
0,0.21294755107421487
1,0.575048646332987
0,0.19087608965282432
0,0.09517222230873176
1,0.5970167076700029
0,0.2534387378045326
1,0.552198887083321
1,0.23900213272148227
0,0.07270850846306702
1,0.2797282758500368
0,0.019702059261211633
1,0.6589246509655552
0,0.07240526889181209
0,0.18794236212102672
0,0.26323752200156203
0,0.35542689833590874
0,0.22015064945686988
0,0.3751109698732938
0,0.019804076109903323
0,0.2990290315008029
0,0.26437886727261695
0,0.6048884220334164
0,0.6254162169151718
0,0.21583791566874105
0,0.0077002165891035075
1,0.6647254117892663
0,0.392365718254634
1,0.8028793177578101
0,0.0077002165891035075
1,0.34849206486258055
0,0.32769539703068995
0,0.019418737463732055
0,0.019255555448196633
0,0.01486259839283228
0,0.27872541747857343
0,0.03773050333490227
0,0.16692025375371136
1,0.6683774447950508
1,0.4512590908641131
0,0.22665792880990873
0,0.09234739915297628
0,0.253314077896406
0,0.017143813393120568
0,0.7048109243697478
1,0.5032717499427402
1,0.8464881145230486
1,0.7311211046905912
0,0.29858557038796835
1,0.40964029304837063
0,0.02633109303515666
1,0.40627253597756896
0,0.375406696339416
0,0.32773271730198006
0,0.02582002804944903
1,0.921981477178335
1,0.4218407672118492
0,0.036690213966770455
1,0.37390681692921524
0,0.12520458541302185
0,0.1387868191595218
0,0.31910279308353967
1,0.29865875166323136
1,0.26468333597306326
0,0.2857782299632282
0,0.2857445685520351
0,0.11968293463235676
1,0.6376803238099846
0,0.6710498780057254
0,0.0077002165891035075
0,0.4639521140067285
1,0.6692740526004386
0,0.7275253447333613
0,0.21421254221506927
0,0.0954097960485515
0,0.3941005641577585
0,0.019255555448196633
0,0.29025200863346495
0,0.3904889976111509
1,0.5624921420008978
0,0.6107575201264166
0,0.33222185046788105
1,0.6923903748379471
1,0.5356247754035697
1,0.3562863237113483
0,0.1598538166781322
1,0.6339040205776498
1,0.2747863393172286
1,0.7523546942029535
0,0.18984794146065287
1,0.7410552408896942
0,0.38171113992078315
0,0.0077002165891035075
0,0.01899429872637925
0,0.06681977296864887
0,0.0504862862408448
0,0.26133804241833025
1,0.906180693751755
0,0.42819461565025363
1,0.3135266109042587
0,0.4625451465528833
0,0.4973724436818892
1,0.38561040567493426
1,0.27696239150929947
0,0.27945445626489573
1,0.4304714980466341
0,0.6418756208366738
0,0.0077002165891035075
1,0.5116480546645544
0,0.17893587295054028
1,0.6515830652078441
0,0.03163763510279321
0,0.17933734985403665
1,0.8194155780181265
0,0.22770089826937448
1,0.9025159267502751
0,0.21683929801365576
0,0.6237384292031293
0,0.45258844735077125
0,0.006841227185893963
1,0.3348517217726049
1,0.25880228888126433
1,0.685880264731699
0,0.459711206449977
1,0.571147626457868
1,0.4165776963496424
0,0.16491793071838304
1,0.6179937806443714
0,0.20889496843405356
0,0.18020205888463478
0,0.28469941822882994
1,0.857370054389565
0,0.015166692278768565
0,0.5398189544296321
0,0.052151419877545444
1,0.4239557067008632
1,0.5135259520034865
0,0.37972954463185243
1,0.3262706198532683
0,0.13653057946572852
0,0.16179905162812863
0,0.017551110475057013
0,0.2370559886791999
1,0.38943850113516915
0,0.0197975925711117
1,0.7900873915390044
0,0.7175979171939193
1,0.7896475450016
0,0.489779829020175
0,0.039767738030812155
0,0.266938122972307
0,0.17468360653962925
0,0.28543511727023113
0,0.0077002165891035075
0,0.008421511035198743
0,0.2418547342582398
0,0.19125886207379988
0,0.04633053342215029
0,0.5686396285971338
1,0.25910414780606245
0,0.17733409352160004
0,0.020396980200455946
0,0.23762086651799746
1,0.8325835777053814
0,0.044667436876857446
0,0.14023056639211573
0,0.27462773741048524
0,0.02368012544826624
0,0.45166715874890606
0,0.304254807509046
1,0.9356433202321378
0,0.37943812768767626
1,0.6710584751434093
0,0.2511076009384263
0,0.4479872041679869
1,0.685404653561461
0,0.0077002165891035075
0,0.1387868191595218
0,0.019255555448196633
1,0.8560019021823866
0,0.03190068798647153
1,0.5758679766985617
0,0.16490670779964509
0,0.16801026771481445
1,0.8382625372729737
0,0.42230666190390503
0,0.3021423549297486
0,0.04424490171400195
1,0.39420625577766993
1,0.6641760029307461
0,0.12000078952361182
1,0.2679230748891048
1,0.5613732382839196
0,0.6660878001030457
0,0.31116624116297337
1,0.7650441197226118
0,0.2553891660153462
0,0.2654868803244088
0,0.5899557169333361
0,0.43250979475407575
1,0.6202151055581119
0,0.020737656667813617
1,0.8691015909298251
1,0.3002976379872982
0,0.2628027585372671
0,0.12242323528724212
0,0.0077002165891035075
0,0.6150864255693682
1,0.6757214956405098
0,0.3039175500086382
1,0.356694880948902
0,0.009082217960281217
0,0.016478260765093095
1,0.625118447940591
0,0.0077002165891035075
0,0.0095082689424673
0,0.26235947038323937
1,0.4674397155235172
0,0.3323374667250632
1,0.4290086291430613
0,0.15458287177103716
0,0.21556737445086313
0,0.5508821441735388
0,0.5318302259422268
1,0.7065418772476919
1,0.7338715164825809
0,0.5461047921373376
1,0.3527929710248263
0,0.6447064920771695
1,0.3419104356111792
0,0.018750125031079645
0,0.04010796146478351
0,0.2511076009384263
1,0.3174622002073567
0,0.05290511077739597
0,0.33430400440551117
0,0.7008629467355251
1,0.5250827554694842
1,0.7234590725938456
0,0.3442559353974631
1,0.5446827703433089
0,0.3554803938813024
1,0.0590451614536644
0,0.0077002165891035075
1,0.4087502024855524
0,0.4051302407450009
0,0.49298321460125727
0,0.7911707960240427
0,0.37001321378131713
1,0.3029552257395394
0,0.28181824120113147
0,0.37533355167545984
0,0.06141050712886207
1,0.7986350982429558
0,0.25895255150570734
0,0.2704946353524679
0,0.7179505065546363
1,0.7857420604085146
0,0.16011641928610817
0,0.052082535961069217
0,0.0056536888566183574
1,0.3211189162971962
0,0.12456089395122882
0,0.6273032230734846
1,0.7347863702496439
0,0.2924892176547622
0,0.2032312332076975
1,0.5384971856556612
1,0.18869107473011185
1,0.4363827498175515
1,0.6977308195862791
1,0.3884076457549154
0,0.3942385281588425
1,0.8212690602572268
0,0.24458465613963248
1,0.5050915515852595
0,0.2615178020187515
0,0.5909592457129498
1,0.569527504503176
1,0.6682722066696275
0,0.5530686985105147
1,0.8391048576906349
1,0.7649774431898998
1,0.5974050866872563
1,0.42397331880573946
0,0.6389115535685822
0,0.3946546035497049
0,0.21315858570025553
0,0.5615274452843741
0,0.3135266109042587
0,0.263623783915798
0,0.36314312872891863
0,0.2286794982720351
0,0.26837901097043104
0,0.4274779591066849
1,0.2917556290331932
0,0.262304806046921
0,0.0077002165891035075
1,0.8148319677518578
1,0.38826158388735055
1,0.7335849359811009
0,0.07846447362207275
1,0.6380987362767074
1,0.5272653096992839
0,0.3400987567636329
0,0.43790335957104776
1,0.6881976332729886
0,0.5761197772389672
1,0.7753024453024453
0,0.01262780973451857
0,0.4047431554685024
0,0.5002788280191791
1,0.5036070954527831
0,0.25562773481777873
1,0.5498714549706087
0,0.28543511727023113
0,0.3612888519847317
0,0.018830672994037304
0,0.6320886771165333
0,0.21304890721118794
0,0.24656869291674827
0,0.2685316678251863
0,0.3895662315097329
0,0.6554615041082786
0,0.27753787494133697
0,0.0077002165891035075
1,0.9330639277042114
1,0.7172906297334664
0,0.3985861376934749
0,0.5556333514538082
0,0.17980227191952963
1,0.817738297602352
0,0.1942708155393774
0,0.2504889070281484
0,0.21583791566874105
0,0.7155666313312353
0,0.017660726740557808
1,0.2497514572171446
0,0.3634958254560192
1,0.29132712657072657
0,0.10340220377490641
0,0.28322452895008227
0,0.5377108304979653
0,0.5468785068333243
0,0.3458402302876492
1,0.32694849887228883
0,0.30913376376929996
0,0.21875709077034297
1,0.35111515332840004
0,0.3241736277925815
0,0.11256397442622323
0,0.0077002165891035075
0,0.346007399738248
0,0.5265690354244714
0,0.2674062899655529
1,0.30168623431964514
1,0.5974050866872563
1,0.3538952020079616
1,0.2973813689520253
0,0.020928204724735045
0,0.2229789371462376
0,0.2434689897547797
1,0.1653821770279961
0,0.7048109243697478
1,0.8303643057499271
0,0.4813198458901456
0,0.17633023220167607
0,0.152147490874179
0,0.012275627465166134
1,0.23643776995862417
0,0.47357916680936213
1,0.7254752621258529
0,0.42892542105654974
0,0.3570932060016854
1,0.611206786320374
1,0.7438491422635857
0,0.1437181687618586
0,0.207247294847188
0,0.5927709593028035
0,0.20471053800284164
0,0.4331505900102134
1,0.3103228835956979
1,0.8163805127214667
1,0.4494290114317159
0,0.0644635120485583
0,0.29044108960859577
0,0.04181298492203309
0,0.0077002165891035075
0,0.6234537066853645
0,0.24073452644498944
0,0.40684541326184887
0,0.20778375457302128
0,0.5266524431935551
0,0.06952904686780725
1,0.7041596569209798
0,0.34590434973688017
0,0.054969841162482345
0,0.008246402355788976
1,0.415411923647579
0,0.3349977149102313
0,0.010073198923975365
0,0.025966867412873636
0,0.03044460113565922
0,0.30540403165645413
0,0.6923693018313236
1,0.704440646543038
0,0.705907224882422
1,0.5670793691807368
1,0.5759151044226968
0,0.31006559582109633
0,0.08103465091381602
0,0.4795044100636206
0,0.46304156408339225
0,0.007312907457356209
1,0.35240322123188866
0,0.4104295600253123
1,0.6757667361678463
1,0.5298295654165731
0,0.36681489588608696
1,0.6763065005912662
1,0.6627567897040685
0,0.23572267096400298
0,0.2830321541073433
1,0.23386265955098776
1,0.7159139913962249
1,0.49689082383592054
0,0.016201750576325585
0,0.28214367877759894
0,0.015473835894894018
0,0.3636622840189144
1,0.9079971152151215
0,0.2474345493687773
1,0.7897366068035939
0,0.0077002165891035075
1,0.4620333329175285
0,0.3961513807990511
0,0.250770624827538
0,0.1831397572904443
1,0.48029664671217165
1,0.7242384908438655
0,0.2572832236277353
0,0.7282996011664371
0,0.253014074081839
1,0.6757214956405098
0,0.035161654901515654
0,0.6384784293239302
0,0.43781934306449966
0,0.012447202528994297
0,0.0077002165891035075
1,0.4987469222440972
0,0.27632165026812106
1,0.669330104171206
0,0.13990208727638823
1,0.36623698737574506
0,0.0070565104864947804
1,0.45265833293345714
0,0.03560638485204363
1,0.5022507348388602
0,0.5698809200064057
0,0.1920479479363519
1,0.4764358072951692
0,0.5477761278984629
0,0.20097715986706197
1,0.6529032929769755
1,0.4101592134169907
0,0.008185142547147565
0,0.2579771445059941
1,0.5164228117386809
0,0.04436734328345487
0,0.012447321721923076
0,0.18996856501795736
0,0.4089655349059423
0,0.4080798478395055
0,0.3280886570880994
0,0.266368247327086
1,0.8017909356725147
0,0.42358574661791143
0,0.0319496002439749
0,0.24501600157269984
0,0.24190802016427748
1,0.6389051914528077
0,0.302698748634091
0,0.3808453933001251
0,0.21099642702664717
1,0.7217308195862792
1,0.8354676926632937
0,0.17724167814780656
0,0.19863119772985402
1,0.5662222992410195
1,0.6943064309570216
0,0.09163763510279321
0,0.018766379424841953
1,0.3094039938066022
0,0.2828172287899362
1,0.007949182188487818
1,0.30381251906849277
1,0.5298340344888938
1,0.49270471455987985
0,0.2511076009384263
0,0.1237022011018946
0,0.1804449496556787
0,0.1932338586749035
0,0.026238281348645986
0,0.6692321440629484
0,0.03865289979113667
1,0.6201726857613709
0,0.0077002165891035075
1,0.3417707006321156
0,0.15476951455639082
1,0.4475017186991426
1,0.345539568265859
1,0.4618950126537102
0,0.5438341821777019
0,0.21070392971118987
0,0.09575131169029584
1,0.8159592440879572
1,0.45077951600524513
0,0.19272620836327486
0,0.04826179303059305
1,0.8916193871411335
0,0.2607653925825229
1,0.6945914453634185
1,0.29070489079887407
1,0.7500075328690458
1,0.292679929447457
0,0.018904072894083957
1,0.866221002610965
0,0.2032383218552744
1,0.6120253772614931
1,0.657611732648879
1,0.4945520221290851
1,0.6647573237602213
0,0.04319297396188633
1,0.6881998355150103
1,0.7109780547597859
0,0.6411932641584255
0,0.3225767962574959
1,0.560264995260927
1,0.7797917414669758
0,0.02844636037808507
0,0.05495007581559073
0,0.1587113515940049
0,0.018667828246144276
1,0.7553155747148904
0,0.4626426474825324
0,0.5997613197613199
0,0.021089075593063434
1,0.9311140394882943
1,0.25667600552113196
0,0.641781723396199
1,0.46958280260964924
1,0.5478742759249222
0,0.11182882921916584
1,0.7345149387798192
1,0.37969420867779674
0,0.383462615863956
0,0.12151235932586012
1,0.7092380798626851
1,0.47233024569410215
0,0.14773560728678656
0,0.33211153459946147
0,0.2995485050084765
0,0.5322658043244283
0,0.008338518115205763
1,0.6258333333333334
0,0.01387851811400921
0,0.5995417369395124
0,0.07270850846306702
1,0.3823628731282156
1,0.8219860265851892
1,0.8270565978608454
0,0.3151716265120214
0,0.20861709513715662
0,0.1957319714558404
1,0.4642426945161691
1,0.49165070202238087
0,0.023027305242063208
0,0.3592442558432569
0,0.10340220377490641
0,0.19771487935316834
0,0.12456089395122882
1,0.5013809825787202
1,0.6621009993877338
0,0.5940206662273113
1,0.6492453690955463
1,0.438069199646263
0,0.23322265290258337
0,0.31798179974486296
0,0.009030711393193913
0,0.5509246717840685
0,0.018294024039482912
0,0.02703764050186452
1,0.49490947941202623
1,0.5244472948996362
0,0.2566811194279154
1,0.35652344203795444
0,0.900692584365865
1,0.2821925149376715
0,0.20977138279396917
0,0.42753401079984704
1,0.049658258547145465
1,0.7319133492737753
1,0.891983133310004
0,0.23733803219191005
0,0.2384253120671837
1,0.4899332766661092
1,0.8021379165293673
0,0.12688883869342885
0,0.04794731232577
0,0.0077002165891035075
0,0.08865354077993133
0,0.019255555448196633
1,0.4780287947087186
0,0.25516709558136225
0,0.2511076009384263
0,0.03163763510279321
1,0.41050155243532555
1,0.845553179021852
1,0.5911379944117257
0,0.26289676000977735
0,0.11275915410010094
0,0.0077002165891035075
0,0.2748205275151397
1,0.8144270349825758
0,0.4894115824642083
1,0.6273032230734846
0,0.25341131590313043
0,0.06204162509993792
1,0.24145341303522436
1,0.13582909180441002
1,0.1598538166781322
0,0.38648780005462186
1,0.36259086226474735
0,0.23133837948980523
0,0.24960532897031076
0,0.22501478326244043
0,0.15981608641151637
1,0.7031925279547151
0,0.060291742710041396
0,0.1895184587249822
0,0.21852532911587835
0,0.011215222005076023
0,0.2291527659872689
0,0.25638777835632875
1,0.6389115535685822
1,0.7345515252268446
0,0.2511076009384263
0,0.24585575636046855
1,0.28678803305951245
1,0.17854672645469805
1,0.3488690054256339
1,0.42332572178050903
0,0.019003336023770235
0,0.2588364694166656
1,0.49947973351540176
0,0.14012390484088705
1,0.6323992768920456
0,0.6337999345671724
0,0.056094816315368105
0,0.5455501748905474
0,0.5578063020046569
0,0.0077002165891035075
0,0.6951724912927121
0,0.1317373967761613
1,0.5260643849046874
0,0.24235332571957002
1,0.31097285660071133
1,0.7038342762282908
1,0.6800306068646493
0,0.22076690040898972
0,0.6228226029500279
0,0.4880174662848039
0,0.14952506219689576
1,0.7927056137215281
1,0.2666964260747093
0,0.28748020510341465
1,0.8041234205120457
1,0.3723240914566905
1,0.01315833643227284
0,0.3148931888289221
0,0.0336916813446435
0,0.05213568495132005
1,0.7868885135708207
0,0.43690069197076764
1,0.34355514790888464
1,0.6048909837298398
0,0.017970345327729648
0,0.06232416119761839
0,0.17385673693085418
0,0.25127158542898964
0,0.2444614238098412
1,0.652879397702482
0,0.7564566259797723
0,0.20036807030783702
0,0.2929778324563432
0,0.2297668591737705
0,0.3325726873449662
0,0.5269269071497387
0,0.4331817413795929
1,0.30501723561203525
0,0.28398077526658383
0,0.25319382431371734
0,0.021157841344976377
1,0.2511076009384263
1,0.7578393272499553
0,0.2594128364505489
0,0.0077002165891035075
0,0.12928304664654544
0,0.36791980985921213
1,0.40905746288045997
0,0.1387868191595218
1,0.1598538166781322
1,0.41407295396560123
1,0.38387256616495913
0,0.36291006560660344
0,0.12010629986787472
0,0.018457926912022735
0,0.20464159477118385
1,0.6407133085705017
0,0.3534214763381448
0,0.37216147171317676
0,0.3174622002073567
1,0.4865537967635185
0,0.27308077572563316
0,0.28032821551509896
0,0.41398283627633714
0,0.3641470561312757
0,0.1383031744958157
0,0.1648132943180405
1,0.4186823531981783
1,0.9278065125935189
0,0.31112720026549373
0,0.37922869700939976
0,0.23577382931459503
0,0.302970506117209
0,0.49841547129867936
0,0.36491810389716356
0,0.30723626379179114
0,0.2272227130572714
0,0.3790999310179987
1,0.6287691580802083
0,0.30600999898454856
1,0.4429923434913026
1,0.5970167076700029
0,0.4367697955142607
0,0.037753271999874494
0,0.6671306580489841
1,0.5119451426678963
0,0.057128417907619064
0,0.4385670838808445
1,0.7172219368898054
1,0.6135150082863308
0,0.024017232906119824
0,0.2587061015492498
0,0.21214117591516166
1,0.5637930407714815
1,0.6713406295569417
1,0.41659819879451343
0,0.39784596365800745
1,0.6823798693209084
0,0.4083422525155923
0,0.06121359740623859
1,0.9084765051447916
0,0.029317782655044915
1,0.7973836088430957
0,0.06808905632192834
1,0.5970167076700029
1,0.42300259932902506
1,0.6189628971382782
0,0.11905486960833404
0,0.2907766419308548
1,0.4482949753230689
1,0.5726575643639833
0,0.029642741911950703
0,0.21875709077034297
1,0.6757214956405098
0,0.02939489835214085
0,0.4302310606531408
0,0.04928311929930489
1,0.7729908380639339
1,0.6790797367898598
0,0.2124570779441177
0,0.3748215197163663
0,0.49572834101817226
0,0.02990295046372377
1,0.2251837961449298
1,0.46958280260964924
1,0.4253521011960648
0,0.0077002165891035075
0,0.18268588426094537
0,0.2307894210128584
0,0.06681977296864887
0,0.2821925149376715
1,0.6784368840030275
0,0.056094816315368105
0,0.3059767599429019
0,0.016478260765093095
0,0.15236298484358
0,0.3768314242727581
1,0.6047694527474332
0,0.4721978005557291
0,0.7437642000981963
0,0.20418170107469302
1,0.8691015909298251
0,0.024185120818985925
0,0.18886039594764134
0,0.21322643058718344
1,0.4582021388664373
0,0.03085868312102858
0,0.20612195391657157
1,0.4278729456727991
1,0.659641795795864
0,0.26197319767902383
0,0.044510211783438544
0,0.0077002165891035075
0,0.0612421997460675
0,0.17109770951925957
0,0.32578615265316235
0,0.060779366101084926
0,0.1598538166781322
0,0.009168974276544813
1,0.5510363736097741
0,0.3247006928918588
0,0.327534010799847
1,0.3787280518711799
0,0.03631492824015534
1,0.6875844750123404
1,0.32115601104102465
0,0.25864443759640615
1,0.6262505374175267
0,0.6231910664625394
0,0.3174622002073567
0,0.3170521357777047
0,0.23434272190945563
0,0.20752030119508522
0,0.12701324621074167
1,0.654637109741856
0,0.24202835377579499
0,0.22541002190704526
1,0.5667799184829618
1,0.18258999797390923
0,0.026670047099193454
0,0.2145251701321688
0,0.1917200287459107
0,0.32402510596860734
0,0.34093133244690266
0,0.3144662673821685
1,0.6886624119718252
0,0.03615147284094376
1,0.7209990902538395
0,0.0077002165891035075
0,0.0077002165891035075
1,0.28478396146638196
0,0.2380160188284676
0,0.31858198612562294
1,0.2511076009384263
1,0.6941023428094654
1,0.3811853033977238
0,0.1681424658464552
0,0.2494563480700245
0,0.01928914323262268
0,0.189690340603289
0,0.5524851439487949
1,0.6656841766239346
1,0.47168360076905047
0,0.4346725794948957
0,0.23646349857372564
0,0.34688014880281176
1,0.28698326814726394
0,0.2209500094336612
0,0.43106194177107604
1,0.4749592183418683
0,0.5519347739617462
0,0.008652643730346266
1,0.8541136076828797
1,0.8153807646952663
0,0.008228564693329719
0,0.01793651083279108
0,0.2883650124420713
0,0.3830033257484823
1,0.22946759718965876
0,0.05503237753046782
0,0.3081418583215485
0,0.13157077852405932
0,0.5612597486458151
1,0.900692584365865
0,0.2494742338365972
1,0.04408464611085233
0,0.17691126456863573
0,0.20433803031260706
0,0.015741779169166106
0,0.4106502223321612
0,0.8992444021237227
0,0.45484216282499546
0,0.28832338433251353
0,0.008553745767886013
1,0.6471561027924262
0,0.3081190804665051
1,0.9136055094909421
0,0.13717610464697347
0,0.4239557067008632
0,0.03986989170068632
1,0.4156515668819179
0,0.18434929256482174
1,0.5829648998752243
0,0.27048314170064003
1,0.24970051983004002
1,0.5343210817184794
0,0.0077002165891035075
1,0.2518485918676459
0,0.04207117679302318
0,0.19580169368816344
1,0.386510628725625
0,0.19474519212735006
0,0.18619807712553468
0,0.22158438650562043
1,0.37943812768767626
1,0.8395307483066583
0,0.2910109921834435
1,0.6984139547000245
0,0.17985944184769093
1,0.4076352650302147
0,0.31870419720186544
1,0.38739183353013
0,0.11442257748089031
0,0.31201189499543
1,0.26800344278938043
0,0.5867216386554621
0,0.3454362434708601
0,0.03018246225817256
0,0.2323273928221542
0,0.042955535080050476
0,0.10340220377490641
0,0.5706856908422001
0,0.013876246705387101
1,0.4830719960134347
1,0.7895153949089329
0,0.1957484465525536
0,0.19138274254118148
0,0.10135516108922195
0,0.5997613197613199
0,0.010850183251477668
1,0.1117810132787264
1,0.6506905464280097
1,0.45636836935748326
1,0.2607410597012886
1,0.3754705537195856
1,0.440971556902388
1,0.4630720272534706
1,0.5593149454667922
0,0.025287893782345906
1,0.6786909277509703
1,0.30265719664428875
0,0.5170761627638641
1,0.7320607711290558
0,0.3403480989494951
0,0.7752432426746909
1,0.4262599014759739
1,0.5260338871319504
0,0.4045075741068496
1,0.6703823544610873
1,0.8861770587392283
1,0.7069323824729581
0,0.35060243983186706
1,0.5930513408136989
0,0.047059852546640295
0,0.28219579083765056
1,0.6386386598403652
0,0.11240527867375709
0,0.6207515600350316
1,0.8545872649379359
1,0.26959292112420485
1,0.5092868244463771
0,0.2375966321191378
0,0.20974637132472546
1,0.6695113802677949
1,0.6818475098015456
0,0.28879867705925505
0,0.2669098293493348
0,0.40901547997002
0,0.4121395429632618
0,0.16665589104901687
1,0.34569053675983613
0,0.025694614984167252
1,0.4630227970932253
0,0.1598538166781322
0,0.10555871123835889
0,0.317186205016308
1,0.31343052353348866
1,0.31494860350520054
1,0.3262603473399943
0,0.325813139262913
0,0.5660508432141559
1,0.8678112119519853
0,0.2409158775513658
0,0.2748931202558357
0,0.2511076009384263
0,0.20472324949613138
1,0.3785108950782313
0,0.4798228199565104
1,0.4700395965877217
0,0.29123512135055524
0,0.16886346176353662
0,0.23513646471009017
0,0.1294545260717888
0,0.02059614568648584
0,0.22851324599219194
0,0.6146058576062958
1,0.6927212063733152
0,0.009696145554339959
0,0.3555195499539955
0,0.38589232951603086
1,0.7229768436306689
0,0.4330896199944726
0,0.19322233915847511
0,0.024017232906119824
0,0.0825744691489774
0,0.22905821432876883
0,0.9079971152151215
1,0.4398602482492288
0,0.18782819893310426
1,0.6152073411154355
0,0.3358630996505685
0,0.27259384776035595
0,0.15772319142922736
0,0.2447263407065996
0,0.1504846987447253
0,0.19128100230769557
1,0.6880824793640645
0,0.36752060439560436
0,0.09874970000400292
0,0.3378751758366233
1,0.44091840424320383
0,0.3593622965483022
1,0.46521458054301135
1,0.4995656816293057
0,0.018536082593566105
1,0.4070149126005277
0,0.35182347193697616
0,0.25721476566319795
1,0.35736251719520057
0,0.6129308195862792
0,0.14986260162702986
0,0.019257017899071284
0,0.1523878864219325
0,0.26131305898672874
0,0.03163763510279321
0,0.009881885726927489
1,0.19441553991007127
0,0.22315310319394666
1,0.6769862259709428
0,0.8042303365247444
0,0.3846645712489265
0,0.25069726001683346
1,0.6177224841427953
0,0.26919063265074195
1,0.44065532636433513
0,0.24526916298664225
1,0.8156546535614609
1,0.5109443876154202
1,0.5956705476332501
0,0.2511076009384263
1,0.8432231348442315
1,0.7805099427910218
0,0.4708998313762249
0,0.7711118693134822
1,0.48807175335392305
0,0.009292478151592912
0,0.16372985211129748
0,0.056571541269000956
0,0.1598538166781322
0,0.6273032230734846
0,0.12456089395122882
0,0.24956089894751687
0,0.750980842127996
0,0.1317373967761613
1,0.878984696191437
0,0.12135899663537118
0,0.07973195780900474
1,0.6795238168387061
1,0.5703977678986377
0,0.04096163490104166
1,0.3663346189249851
1,0.4748768859055193
1,0.3960344155128751
1,0.7486565489944093
0,0.7254752621258529
0,0.19891536484969102
0,0.5586012507333619
0,0.0077002165891035075
1,0.359495797612499
1,0.7781657389598929
0,0.0077002165891035075
0,0.20670030636789335
0,0.3340251059686074
0,0.24308623400463433
0,0.25993422580130765
0,0.510310133947883
1,0.8691015909298251
0,0.03194720255753363
0,0.5184940286433982
1,0.424636902117638
1,0.48682224519959255
0,0.15324424030263603
1,0.4002768942375631
1,0.47432419333092596
0,0.13833338267627712
0,0.4672220099182557
0,0.18991411087524454
0,0.3938425831486357
0,0.31582337088632095
1,0.6606351138359735
0,0.4153407464151523
0,0.4150531821230089
1,0.4754267576577361
0,0.23924202246441978
0,0.40934825984852313
0,0.049068714319953105
1,0.45599249318504403
1,0.4974050866872563
0,0.3262706198532683
0,0.020379804798721486
0,0.2102374780264906
0,0.7306725174199761
1,0.8395307483066583
1,0.5221077304538461
1,0.3181060027069209
1,0.7790945626953026
1,0.5933395948303497
0,0.2931192521831709
1,0.37922869700939976
0,0.0077002165891035075
0,0.2251837961449298
0,0.0077002165891035075
0,0.27162543534881056
0,0.1727256581612603
0,0.12456089395122882
0,0.22477222773867903
0,0.22230464982459058
1,0.4909095578994679
1,0.8619830380948431
0,0.3087384329593344
0,0.2224295251588017
0,0.1921140846899665
1,0.49700264955765444
0,0.28927096687097514
0,0.2716463331310905
0,0.009171271611281027
1,0.5519347739617462
0,0.2006570338397013
0,0.017234898878150724
0,0.18822486218310028
1,0.15979119644787562
0,0.15852028557094616
0,0.0077002165891035075
0,0.0077002165891035075
0,0.038911854423979854
0,0.4124899398765977
1,0.6230664271942953
1,0.44703398386520843
1,0.2999924240100182
0,0.06681977296864887
0,0.3278855069899813
0,0.04881052996535527
1,0.4926712713245984
0,0.8691015909298251
0,0.0077002165891035075
1,0.678528117137939
1,0.44910098703946855
0,0.038068597971162535
1,0.6651949316265909
0,0.016081254650225637
0,0.060348816411998935
1,0.7030468405272485
0,0.19974574629875913
0,0.340010376069799
0,0.23940972135322278
1,0.7679937806443713
0,0.1559880795807922
1,0.7069268750290787
1,0.4180832219200379
1,0.5613297754808314
0,0.28537760259896283
0,0.18990474443255154
0,0.12593254734950796
1,0.6943064309570216
0,0.3344246714746091
1,0.7500254748817631
0,0.21583791566874105
0,0.14270073757512883
0,0.30822403173197505
0,0.5225418437362568
1,0.26727713509991513
0,0.27167792578254674
1,0.2719183039528822
0,0.012850344296773997
1,0.46958280260964924
1,0.4960395169961764
0,0.2251837961449298
0,0.645376768394286
0,0.7334854467997951
0,0.24358337556197646
0,0.023099671743356042
1,0.37768671201945
0,0.33726194699370965
1,0.8175253269260554
0,0.21292253461743627
0,0.3685234097485827
0,0.19400424758968557
0,0.17956292504703986
0,0.0077002165891035075
1,0.6129308195862792
0,0.19444438653765403
0,0.11795624018978607
0,0.7093417391979678
1,0.3286012679318229
0,0.2437914003908144
0,0.2595371535836279
1,0.7408135336392268
0,0.04319297396188633
0,0.22939571209693538
0,0.24301156060935195
0,0.38288203972057283
0,0.38953737068581634
0,0.14713428807563703
1,0.8184896624721912
0,0.2434689897547797
0,0.36788469411534247
1,0.6218105815421519
1,0.6041252854273598
1,0.6751828228488711
0,0.055131982194441084
0,0.2821925149376715
0,0.13293970345504882
1,0.8386911028377405
0,0.23553155983758256
0,0.6228971685887027
1,0.8158355108062987
1,0.2884773676574578
1,0.8377589727248234
0,0.10496984116248236
0,0.6192427925870068
1,0.5915589109394891
1,0.8178583565587969
1,0.9032724892229405
0,0.14354334156068826
0,0.008572163958110432
0,0.009132796548713537
0,0.26139863193267937
0,0.009469093909375649
1,0.15879511553860387
0,0.661734563042852
0,0.4016122045390177
0,0.20510837704458476
0,0.021988792668364215
0,0.21207957065412636
1,0.5345447465472776
1,0.5669469259397546
0,0.5633946132041737
0,0.5172939448611292
0,0.2752588646786857
0,0.07082915324328096
0,0.04745226017271763
0,0.20140157503120787
1,0.8394765791721337
1,0.7785294290282403
0,0.24226928907291634
0,0.008145492139743906
0,0.3869406828147134
0,0.2511759752332386
0,0.22982286673886015
1,0.5348178014837512
0,0.15846923152147177
1,0.5283380647330446
1,0.5762442116520451
0,0.2470216323922924
1,0.41704765525768017
0,0.2133759153483707
0,0.7071547506507101
0,0.2345988028004246
1,0.6334847241124271
0,0.359718888006782
1,0.019255555448196633
1,0.8303835446251082
0,0.2819189470970708
0,0.8160093990566305
0,0.6882901220083248
1,0.7607128571304632
0,0.3001500576531676
0,0.2784331397742734
0,0.22509595419377454
1,0.7902594805327889
1,0.19841947781525401
1,0.43137901851236
0,0.4567441257343495
1,0.41091253969517566
1,0.3498661737610909
0,0.27667876091282667
0,0.3692518870200552
0,0.25519587795031656
0,0.13354126973391095
1,0.8942649350972689
0,0.19484901725626796
0,0.5056242319508448
0,0.021139389893472582
1,0.5587828366396443
0,0.35983675680760097
0,0.3153308150747297
0,0.2519239135765522
1,0.7392198467340259
1,0.4831962603897585
1,0.27774811694652585
0,0.018704344979364098
1,0.7974686803963338
0,0.17578640642052634
1,0.25146504350845433
0,0.0077002165891035075
0,0.6100774294580076
0,0.5010040251676126
1,0.21803791264468003
0,0.20866787421783758
1,0.8485351329629077
1,0.4859261260722819
1,0.6637745605667508
0,0.2862875746586056
0,0.010302900673072967
0,0.15550763133820542
0,0.027055175088686854
0,0.18080544472910198
0,0.06621158045797454
0,0.8395307483066583
1,0.31443485854650716
1,0.6724063136862942
0,0.6922750852677074
0,0.46619790021181673
0,0.20954269685251461
0,0.034589457229457575
0,0.4668483116905405
1,0.7557633055897197
0,0.7564566259797723
1,0.4430689953662894
0,0.373316806895679
0,0.19449726561360928
1,0.33408249877872187
1,0.6799644652163503
0,0.00854310260191884
0,0.6265982431833756
0,0.6122121329484794
1,0.3538844030222649
1,0.5593149454667922
0,0.23638432846253454
0,0.4643469666989732
0,0.2525086352474053
0,0.7381476048966041
0,0.23584897703150348
0,0.14862616408555804
1,0.7512625609900904
1,0.5378975530372504
1,0.8521688561677572
1,0.5463115034433709
0,0.2541404129961606
1,0.6953043499068015
1,0.5341106568743967
1,0.41659751593402017
0,0.20062337088632098
0,0.2353960067699502
0,0.04553260013488424
1,0.5188336581158277
1,0.670651074282963
0,0.5573645023772243
0,0.04381901434902312
1,0.7967056183406458
0,0.2769025286505144
0,0.6634968218393112
0,0.3923258432801376
1,0.5366671158239292
0,0.18371016126799228
0,0.46184830613650873
0,0.1720196714957632
0,0.03298981071738712
1,0.30971527513582037
0,0.17238329855393728
0,0.3202822848234457
0,0.20207171582397798
1,0.3633609572255686
0,0.07115692129961196
0,0.34163910508912854
1,0.6638913386600082
1,0.4090776296912494
1,0.7519599850004867
1,0.7647891416825439
1,0.42090429728781015
0,0.09821413561756824
0,0.2335688193205197
0,0.33301992824794274
0,0.2550756652007337
0,0.1155346438790593
0,0.20425294008440717
1,0.5655533731496997
0,0.2666473288091974
0,0.44744591327985656
0,0.0056536888566183574
1,0.4193652419724648
0,0.25299290659046514
1,0.25006339949361317
0,0.3410518488730763
1,0.7254752621258529
0,0.745800073654942
1,0.3431938575718598
0,0.3293466229975626
0,0.0077002165891035075
1,0.6611202122815184
0,0.5024916951879409
1,0.40522672505023444
0,0.34494262963601663
1,0.5620129905564881
0,0.6743997404536697
0,0.019038694455426518
0,0.04208974270768417
1,0.4593043180186836
0,0.47856370875995446
0,0.061416061093188805
1,0.28926177688689997
0,0.4559326181848874
0,0.48838952093818494
0,0.32377773221331596
0,0.055041726623624734
1,0.8470803626779025
0,0.32045732667632043
0,0.5531033686997958
0,0.12312479709599494
1,0.5652855874715361
1,0.829909327832141
1,0.6932223139338336
0,0.019183956478626633
0,0.37991109674427354
0,0.27126551548138356
0,0.19490053668322696
0,0.016850960212674355
1,0.9057631510813203
1,0.32955926301082406
0,0.15052077703882127
1,0.30032998172248043
1,0.7739670891284978
0,0.41173217511682925
1,0.3835031442082619
1,0.20518317361236335
0,0.1383112260562561
0,0.4032133947542425
1,0.3551009178157563
0,0.22766855266122668
0,0.014538761731800132
0,0.08982216709856354
0,0.4187962242653068
0,0.2821925149376715
1,0.5095296562381479
1,0.601549022599197
0,0.025030097931726596
1,0.9035793429875125
0,0.38637596695957027
0,0.5022538299221442
0,0.36417709282105254
1,0.7053563803148398
0,0.5340433621234058
0,0.2813049606007612
0,0.2480013300649777
1,0.2766452360192448
0,0.47146187634646386
0,0.2288358453812199
1,0.7041531623570305
1,0.6276529541911366
1,0.18776355816420465
1,0.2941664182813462
0,0.02210527275579987
1,0.35825354811466553
1,0.9047254458360025
1,0.7900873915390044
0,0.36802284188253015
0,0.3174622002073567
0,0.26674517290916866
1,0.32735938920738195
1,0.5746479137929164
0,0.08593311949036479
1,0.3831475679653325
1,0.6437730110333751
1,0.2158744333933064
1,0.5707701990729637
0,0.22977391833846475
0,0.3461241355493611
0,0.02828339097542432
0,0.30710170407459536
0,0.18082534243016596
0,0.018619314159289732
0,0.4915764565413924
0,0.3820019908447143
0,0.10340220377490641
1,0.7072934439440346
1,0.9082576968627012
0,0.030746751812814645
1,0.9559971152151215
1,0.670238738214764
0,0.019255555448196633
0,0.0077002165891035075
1,0.6694677445526986
0,0.3753106764850199
0,0.17578640642052634
0,0.21695018662866752
0,0.1387868191595218
1,0.36314312872891863
0,0.0077002165891035075
1,0.9079971152151215
0,0.03680153909932349
0,0.2239370522669912
0,0.013876246705387101
0,0.2544935050742557
1,0.8060224031367551
0,0.605322769039975
0,0.1598538166781322
0,0.019200708004941534
1,0.31582337088632095
1,0.34569177263527406
0,0.0543837858306254
0,0.12456089395122882
0,0.010029028112664295
0,0.32245653131063456
0,0.016163647113822944
0,0.33183798149212923
0,0.035416810659831016
0,0.12890725967617206
0,0.4298895484161796
0,0.5519347739617462
0,0.36074149278597173
0,0.17971705394049045
0,0.2511076009384263
1,0.6720036359379052
0,0.6795105892661891
0,0.005972893161087749
0,0.3285367048856079
0,0.7201896105748927
1,0.8395307483066583
0,0.17134943667342994
0,0.12473420914686689
0,0.2803612336038311
1,0.25626871014417496
0,0.5022507348388602
1,0.5927194485562771
1,0.8395307483066583
1,0.23049613585276554
0,0.3821613574514014
0,0.156682861256919
1,0.881487361355025
1,0.6513882769874395
0,0.2511076009384263
0,0.24007606355541178
0,0.5106238210281963
1,0.36342427668112964
1,0.44803360910080686
1,0.669330104171206
1,0.2571273270210157
0,0.2821925149376715
0,0.03277172155441748
0,0.13663013902721677
1,0.8942649350972689
1,0.5592642294101505
0,0.3992645509542947
0,0.010765675939408074
0,0.03283563194683548
0,0.2847052614425684
0,0.3174622002073567
0,0.27662991613649507
1,0.36314312872891863
1,0.9170467745521798
0,0.3906988707261031
0,0.3811320527156191
0,0.21994969114424293
1,0.8395307483066583
1,0.6745562814958957
0,0.24811413100227184
0,0.4035974862529458
0,0.38948667998106545
0,0.1698456148110035
0,0.30032266873041835
0,0.03841921626243146
1,0.4045075741068496
0,0.1925105823637799
0,0.6115386386761884
0,0.5700791509147105
1,0.3577526032556025
0,0.017143754205960607
0,0.24561499097947137
0,0.023698053270499495
1,0.7793065016174275
0,0.2821925149376715
0,0.16470850195802866
0,0.019901668960435465
0,0.2707557064886502
0,0.010265760311852612
0,0.22923656118006264
1,0.3329029765623914
1,0.5483337654837531
0,0.028531774309789783
0,0.2125188455873575
1,0.34540748129880944
1,0.7969690946494516
0,0.3945127379014826
0,0.4088252483144202
0,0.2228909595032333
1,0.18354626597966264
0,0.2683965650097488
1,0.6179925168691417
1,0.5001298532805415
1,0.8195079001562708
0,0.2744644205103021
0,0.2768195336311622
1,0.706854653561461
0,0.16026640120953284
0,0.21207957065412636
0,0.16148857914753684
1,0.47146187634646386
0,0.008457842212357083
0,0.4900886546984236
1,0.7900873915390044
0,0.02462834199483072
1,0.22339278394284068
0,0.5782629913876538
0,0.250718549976412
0,0.5107368480946807
0,0.529633994995697
1,0.5790290576751322
0,0.34659829463925834
1,0.06977871439009012
1,0.40254965779481433
0,0.32579324978151714
1,0.5852226849946968
1,0.36314312872891863
0,0.017143754205960607
0,0.06791069794304251
1,0.6399130692335775
1,0.3755417044244568
0,0.36376053710667244
0,0.3844800878067007
0,0.007949182188487818
1,0.836179325802275
0,0.4696544733131713
0,0.26652599982302766
0,0.2986626220687309
0,0.12456089395122882
0,0.18475298642491492
0,0.0077002165891035075
0,0.47856370875995446
1,0.5700299499037134
0,0.17096954798019587
1,0.31567474432603126
1,0.44538316121778004
1,0.3121973851812703
0,0.22085107207774568
0,0.011618900763599352
1,0.8258179634274988
0,0.3957299891915913
0,0.22234267884972264
0,0.03187579739841545
0,0.6063935153152195
0,0.5975594667675661
0,0.379280131981399
0,0.5345098218767296
0,0.019255555448196633
0,0.014855229270527346
1,0.9356433202321378
0,0.1559880795807922
1,0.1317373967761613
0,0.2804561523460072
0,0.31582337088632095
0,0.47856370875995446
0,0.09175509519180756
0,0.009478507461823186
1,0.6923620330868756
1,0.1611422150024565
0,0.3232713858718747
0,0.38652615007391006
1,0.26510783082908845
0,0.0077002165891035075
0,0.3482768859965607
0,0.6412228150965636
1,0.6285881356187548
1,0.8526394184487236
1,0.314412050048519
0,0.28239582236331673
1,0.36547557088424554
0,0.5286936377333116
0,0.3749674179942647
0,0.22751651276860613
0,0.40532555994007874
0,0.01513163023168833
0,0.013065984964130967
1,0.5062885688411506
1,0.14596332198445425
1,0.21959927818338357
1,0.6968962850375177
0,0.4500777079071245
0,0.19857442430430283
1,0.5879206308821233
0,0.035042140435428026
0,0.11208851454120346
0,0.39317277604912987
1,0.4179678523076216
1,0.5731438525591802
0,0.0077002165891035075
1,0.3174622002073567
0,0.26403678291877614
0,0.011970940380558199
0,0.030583588962545566
0,0.20243588067496268
0,0.21268274053523348
0,0.026907559207610128
1,0.2809023589048733
1,0.2777846084544729
0,0.30188675176312874
1,0.3836233457344964
0,0.05577999758433156
0,0.22675567779515457
0,0.3066774885967863
0,0.0077002165891035075
0,0.5514629463422819
0,0.30967157754132124
1,0.660106879993901
1,0.533599267228786
1,0.4002089516691712
0,0.42420768726724123
1,0.7259027980462811
1,0.2665392272387983
1,0.9054622456816017
0,0.26272164733920655
1,0.44695596373661334
0,0.023394611581367762
1,0.4293488697776735
1,0.8423676365757036
0,0.34533262974061146
0,0.23912564593954835
1,0.8006513307872221
0,0.16305985974017012
1,0.7785084440990342
0,0.30715619014635187
1,0.4899332766661092
1,0.5083743145973262
1,0.3960344155128751
0,0.3372074890632704
0,0.0077002165891035075
0,0.01934696664611363
0,0.04722925627991432
0,0.22696723141036207
1,0.3647158191801231
0,0.1784193981810351
1,0.8037059622866911
1,0.6701060142134255
0,0.36913534954202
1,0.676336912893337
1,0.5130284436033776
0,0.24308623400463433
1,0.6310237240829346
0,0.36836379414442777
1,0.8691015909298251
0,0.12456089395122882
1,0.2894059051820078
1,0.5224253397800418
1,0.7456025128357394
0,0.36752060439560436
1,0.7727378145330626
1,0.46950085709614653
0,0.0077002165891035075
0,0.2655767292710763
1,0.6129308195862792
1,0.7769338471634043
1,0.6373305719153108
1,0.5874924986644712
0,0.190996161614775
0,0.23692435726389646
1,0.30137619825612233
0,0.204357416564153
0,0.5637499295948804
0,0.02881524408203721
0,0.031902638834834365
0,0.403747037276449
0,0.6306505874986229
1,0.04319297396188633
0,0.24779586523203154
0,0.7434969416114823
1,0.8084747599633414
1,0.49222353441060834
0,0.2888300590273704
1,0.647528387362127
1,0.8859561643669902
1,0.4853598876430601
1,0.5974050866872563
1,0.7395695539741808
0,0.25025879083538916
1,0.576849472250081
0,0.21486836918844024
1,0.5815561126926295
1,0.33947468683210263
0,0.2857445685520351
0,0.19564273383730987
0,0.28026763499961
1,0.39751267272373475
1,0.8469490491672904
0,0.49219877050153515
0,0.2549854079889956
0,0.28161653886857324
0,0.2511353898430776
1,0.8460475291231877
1,0.6757214956405098
1,0.5667680843672888
0,0.11954738477657952
0,0.12456089395122882
0,0.12853616414604416
0,0.34494262963601663
0,0.3099455381659877
1,0.4506163567227612
0,0.10942038024625905
0,0.23798069118389148
0,0.28436867272376
0,0.13445675054012404
0,0.24205121582225853
0,0.27348221043014703
0,0.01608278333967939
0,0.311993025868178
1,0.7172555224557391
0,0.09130602296363895
0,0.2563051443253032
1,0.36381046278274776
0,0.8395307483066583
0,0.016088647028438034
0,0.049658258547145465
1,0.1581139808920133
1,0.8334976557014198
0,0.1152279883547438
0,0.011461095199785233
0,0.012263556488315307
0,0.013084664688920684
0,0.32992079707339833
0,0.18170298326307296
1,0.8395307483066583
0,0.23572267096400298
0,0.28190451034902375
0,0.39151235087616515
0,0.2603906356607649
1,0.4572826208157133
1,0.4457553133794794
1,0.8132428354199183
1,0.24830443183739123
0,0.020903131870590164
1,0.1598538166781322
0,0.3095448146304939
1,0.3852188366134393
0,0.15250018849648211
0,0.3006341419259286
1,0.8372417685548563
1,0.6613205664754062
0,0.20612702522280285
0,0.46124054355432975
0,0.618840700803839
1,0.7078756835424155
1,0.663610716620678
1,0.32402510596860734
0,0.30985474316741435
0,0.47856370875995446
0,0.3823107757625136
1,0.8365452805879345
0,0.22751651276860613
0,0.3174622002073567
0,0.6737860826086374
0,0.27398913413899345
1,0.742171377501651
0,0.20607972498642124
0,0.02216948987287849
0,0.007372632300416977
1,0.8066092820756113
0,0.347102500087333
0,0.17897094353543078
1,0.661626573066865
1,0.3360329447461296
0,0.008925322289502954
0,0.2604767188718332
0,0.011294500023782704
1,0.5076262769548728
0,0.4974496492620664
1,0.5974050866872563
1,0.45449822695984116
0,0.3210578331242723
0,0.18436995429884334
0,0.37902646402840556
0,0.0077002165891035075
1,0.6781819114991819
1,0.5558282198599457
0,0.4055390915770084
0,0.4130144085746746
0,0.3969711726622036
0,0.44781374258249595
1,0.6358571214935914
0,0.0077002165891035075
0,0.32597457606855934
0,0.12456089395122882
0,0.4121865145092073
0,0.2761558268854555
1,0.6168731289340376
0,0.2924703770545477
0,0.3326845839732186
1,0.3087492291554716
0,0.0077002165891035075
1,0.8478230476000428
0,0.05388415860402172
1,0.6020689685844786
0,0.24078926023964492
1,0.012419797922143103
0,0.27667876091282667
1,0.5582247340833482
1,0.6960765712778928
0,0.021631176597122364
1,0.7233138228387234
1,0.8859561643669902
1,0.28948848596858057
0,0.29070489079887407
0,0.1598538166781322
1,0.6943064309570216
0,0.2145251701321688
1,0.3947463108911205
0,0.2531788246474696
0,0.06810770039193793
0,0.0077002165891035075
0,0.0077002165891035075
0,0.43508133260592396
0,0.24011968387464375
1,0.8586590912425452
0,0.6346380437609505
0,0.4311114504388002
1,0.41112070326489375
0,0.11366248571606472
1,0.6530382988047068
0,0.021869291719189155
0,0.4407862375942365
0,0.2404043393663542
0,0.2140370766982846
0,0.2870837307392238
0,0.36314312872891863
1,0.11671446309402862
0,0.26374306982193974
0,0.24286852512337304
1,0.7859521153820509
0,0.22620841594706267
1,0.3179312702503423
0,0.24779525047357068
0,0.22421672517256103
0,0.6744618199800014
0,0.0077002165891035075
0,0.30802019468054664
0,0.1598538166781322
1,0.7208741085443924
1,0.7559197299865125
1,0.29542958710071043
0,0.30622541274482634
0,0.1990073066568967
1,0.5435691742425631
0,0.0370836849827718
0,0.0186888912579955
0,0.1387868191595218
0,0.22845739870852078
1,0.4889528704484974
0,0.4662858715300662
0,0.3174622002073567
0,0.3381737049077402
0,0.18080901624302115
0,0.4230223263431817
0,0.5915589109394891
0,0.18698224285934395
0,0.6067104260910042
0,0.27057161412159336
0,0.40566642577770917
1,0.8285831525326026
1,0.34257343113309663
1,0.388565091570643
1,0.8395307483066583
1,0.333951458354593
0,0.4753869703038622
0,0.31006231504747367
1,0.6887939789588906
0,0.3705037796737066
0,0.1643671137775307
1,0.29070489079887407
0,0.3120285568545784
1,0.42951202260538845
0,0.3718544696126692
1,0.7309225354565915
0,0.3879089325000709
0,0.10340220377490641
0,0.5188336581158277
1,0.3337498189202825
1,0.2987351548037542
1,0.8466394594137572
0,0.15458775418738227
0,0.21863717720939638
0,0.020252368263240995
0,0.3796765584153383
0,0.8217648020804011
0,0.23183657629872423
0,0.0077002165891035075
0,0.3934764657055553
0,0.1424047851015652
0,0.25864443759640615
0,0.06743674381576563
0,0.16233135591242856
0,0.2821925149376715
1,0.9260519858137446
0,0.36651873162320936
0,0.46783091867799137
0,0.20252971769005793
0,0.03412230435655992
0,0.17364865281025507
0,0.3092423036977172
1,0.4728773581645137
0,0.298879908455318
0,0.3112949400877461
0,0.009931662332059193
0,0.6666131555322564
1,0.31582337088632095
1,0.5038977181014791
1,0.6590875801189129
0,0.32402510596860734
0,0.30032998172248043
1,0.605644861199607
1,0.41420844541718754
1,0.6277534554108608
0,0.5567164973943475
0,0.3603997088435796
1,0.2546976676157616
0,0.4138777791425518
0,0.3014544029045368
0,0.4142963804602944
0,0.3711246634091858
0,0.7965150488572645
1,0.5750902311041198
0,0.4244549386517081
0,0.24698350776961928
0,0.6004111235012968
1,0.3066776246226109
0,0.5643495874738554
0,0.6828756731113904
1,0.3981285579569496
0,0.03826366351293857
1,0.5160646425711739
0,0.5729089928065312
0,0.30109399037796303
0,0.4223847573179907
0,0.017936246512621996
1,0.632680812049827
0,0.18019675492600845
0,0.11372808121622047
0,0.18652890061536254
0,0.011360458396689964
0,0.1191891391446005
0,0.01973616751761136
1,0.492414347778853
0,0.2526841394896308
0,0.31716600749682294
1,0.29083241754243316
0,0.40441936056282857
0,0.4067973429638003
1,0.3099820598128852
0,0.6743997404536697
1,0.4170157716359282
0,0.2255894810735493
1,0.4228192188246537
0,0.3616649221588076
1,0.43110957026501007
0,0.22593907931093127
1,0.3018089125084836
1,0.4720203381588846
0,0.28950595896985476
0,0.009412018145375817
0,0.1108572111220429
0,0.12405943126542643
1,0.6759160849088752
0,0.8205231464687475
1,0.4839496537321934
0,0.097493429361779
0,0.07270850846306702
0,0.29589559612292576
0,0.2235711764779405
1,0.5956318814841407
0,0.2865318012861617
1,0.5803598111764516
0,0.22196450985485575
1,0.334620726006238
0,0.3830613366121915
0,0.24549427222629203
1,0.4168041061506531
0,0.22184551902755206
1,0.7983077914873505
0,0.045154932545862225
0,0.2216873561080772
1,0.24308623400463433
0,0.6273032230734846
1,0.7434829205818426
0,0.0077002165891035075
1,0.7183064309570216
1,0.6471592040985493
0,0.11671587063393944
0,0.049658258547145465
0,0.19854454744213856
1,0.32805781236565706
1,0.7184647416933057
1,0.22891524378807399
0,0.5280611616124773
0,0.28042729941049016
0,0.4305164364094789
1,0.27188821415546505
0,0.30522178054730864
1,0.36866492509593163
0,0.2216295159949433
0,0.5799292281259132
1,0.6907525459935038
0,0.2553266692983282
1,0.5022507348388602
0,0.21799391430386814
0,0.23924202246441978
1,0.36314312872891863
0,0.0077002165891035075
0,0.2198695053484133
1,0.31174496386397416
0,0.0077002165891035075
0,0.3601456370871778
0,0.012485862243686613
1,0.3943864420742172
0,0.037315408429134646
1,0.5616607499243783
0,0.6950483033259095
0,0.4244578610349129
1,0.6984824781627151
1,0.4027742781919591
0,0.25540846314077326
1,0.4170157716359282
1,0.26669335478243994
1,0.3997874596643359
0,0.5772317770115281
0,0.2394955148712245
0,0.292738972210271
0,0.23332435993144193
0,0.510461755725907
0,0.008738999959558869
0,0.048211897110102264
1,0.7341464514131627
1,0.3941773822591468
0,0.3796451722499949
0,0.4480351544256925
0,0.41462286332381143
1,0.47258811204940254
1,0.7030468405272485
0,0.6602115536374663
1,0.5438708070354961
0,0.25146504350845433
1,0.8064983411397346
0,0.21618887766792294
0,0.15413927855141168
1,0.07650029535561427
0,0.02570513580380118
0,0.08127448705120295
1,0.6488059767473268
1,0.25874494184418523
0,0.22923951179911212
0,0.361344341104785
1,0.5517682151489068
0,0.04257528263435464
0,0.20735056623945317
0,0.1982034528306843
0,0.23068684766190392
0,0.28694007991838105
0,0.28370268005694205
0,0.019255555448196633
1,0.8258993581679016
0,0.5699505825101187
0,0.2144850483025926
0,0.10319368692152221
0,0.0077002165891035075
1,0.295807511368051
0,0.26123689471869416
0,0.3746965736974056
0,0.139353105718341
1,0.14813270239763274
0,0.03634579569825371
0,0.32483750594191474
1,0.9147473687364798
1,0.6471258494743334
0,0.26672833966646226
0,0.21378482340561053
0,0.6905174586120386
1,0.7183064309570216
1,0.32645598635418305
0,0.37746736140111936
0,0.2888472813885921
1,0.655903484432629
0,0.020634597674330995
0,0.3203914510873993
0,0.44266463179054244
0,0.29742475507622607
0,0.1598538166781322
1,0.7399517085079838
1,0.7203990620069232
0,0.22927613773834696
0,0.00620889970656495
0,0.16992864484512993
0,0.010637850231822637
0,0.28124771766470424
0,0.7913266878386523
0,0.03139372620285643
1,0.3610021303169909
0,0.12976074826175235
1,0.7334645369326664
0,0.14134816913403264
0,0.6665446876436008
1,0.6205359272504517
1,0.5651131637659662
0,0.2752218542002172
0,0.46344857093775105
0,0.8116817830164456
1,0.2387960173452666
0,0.15249441826017804
1,0.39109844337819966
0,0.02081141735465854
0,0.15617145204435023
1,0.7499453859748568
0,0.12456089395122882
1,0.5794008184697148
0,0.028304688393491897
0,0.21404286504629705
1,0.46260008986837786
0,0.06481866470678489
1,0.5587828366396443
0,0.21940178339099817
1,0.8519003014103189
0,0.0077002165891035075
1,0.3573137393514787
0,0.26260362285529637
0,0.5022507348388602
1,0.423009712241816
0,0.050013685303853986
0,0.07574481016817802
0,0.37519729876338975
1,0.8461968561805401
0,0.04241198024301814
1,0.5308633509216399
0,0.18996856501795736
0,0.02305585225596708
0,0.43146740804000355
0,0.2550968888914013
1,0.32045732667632043
1,0.46059951640979147
0,0.3232828370454109
0,0.05456764835859766
1,0.8691015909298251
1,0.5192435247018199
0,0.012732244567756628
0,0.23684689156528643
0,0.5832351982589871
0,0.0077002165891035075
1,0.4141328103023292
0,0.020252368263240995
0,0.2333811960456697
0,0.19077575949321587
0,0.2365079602089836
0,0.2862119796666716
1,0.3432151916852529
0,0.3159672077686007
0,0.28938499996804135
0,0.2861224454196872
0,0.23676234329848428
0,0.06869609115606547
0,0.045914012407058176
0,0.21015550714613312
1,0.7666661295650519
1,0.5672302835320786
0,0.538945472886632
0,0.3224966996838369
1,0.6541517967809601
0,0.32402510596860734
0,0.3190882283806074
0,0.585800348400844
0,0.007269756737059361
0,0.2344315278398162
0,0.40197495860411075
1,0.7384635136158405
0,0.015126619263020825
0,0.2860053487050731
0,0.4551903275534315
0,0.19978106530996873
0,0.022327092434340008
1,0.6882667567041313
0,0.4094293267641235
0,0.37170479747480956
1,0.7121935242597845
1,0.49366855562898426
1,0.44139708512488446
1,0.5536955650479679
1,0.8386047117803285
1,0.5130789885494947
1,0.8286347515952375
0,0.47262202185306473
0,0.21131657143529306
0,0.21963840696619796
0,0.6237095553161912
0,0.0077002165891035075
1,0.8008624616343077
0,0.019375614335058994
1,0.3112655149271637
0,0.021988664533450202
0,0.08068853754788914
1,0.5340582460826839
0,0.24418019158907917
0,0.24138504779877037
0,0.2934004807118534
1,0.3105799864881143
0,0.2487938986599012
0,0.01465702406376008
0,0.19947154541891424
0,0.6156309156566779
0,0.04298624506920675
0,0.2235711764779405
0,0.8499224299073527
1,0.34733681935331423
0,0.2511076009384263
0,0.04375339860077701
0,0.27872447404762785
1,0.4426117910164766
0,0.10882355986251266
0,0.4187177415276441
0,0.40750222598044017
0,0.2251837961449298
0,0.48491082746720526
1,0.8214511643051435
0,0.3611144579976795
0,0.18191188437428868
0,0.28927421165766126
0,0.19031625266629532
0,0.41923606346995695
1,0.527338250284726
0,0.11007124770184595
1,0.1598538166781322
0,0.41204637190420446
0,0.36463293385385964
1,0.6339725268644008
0,0.14975467583545227
0,0.012622160893211953
1,0.30815810799076776
0,0.011771925632996581
0,0.29754040080223343
0,0.013262939326153656
0,0.06664472923181616
0,0.17364865281025507
1,0.9356433202321378
0,0.027959537046095828
1,0.39112095647211537
0,0.022813848533082784
0,0.014460557549098817
1,0.7393983667966952
1,0.6209797392595091
1,0.5964233247407339
0,0.18281627842419718
0,0.24035729879566056
0,0.22010929143432648
0,0.15325723314215392
1,0.32868871393589794
0,0.558571173298854
1,0.5533343587009655
0,0.3157051039993631
1,0.49450512396335017
0,0.03238782820594846
0,0.20555230069169056
0,0.3722822771526411
0,0.03961632556915223
0,0.27667876091282667
1,0.4369990840474
0,0.37134909305592456
0,0.6809686852711061
1,0.7254752621258529
0,0.27073356329961973
1,0.22710146268536674
1,0.33400304215404003
0,0.19779259980048647
1,0.489729642179438
0,0.594349249082618
0,0.024017232906119824
1,0.600530314579035
1,0.35877648397931233
0,0.03481212346554181
0,0.37835268041582604
1,0.4101568645171976
1,0.5330324323910668
0,0.5421598126552968
1,0.7817529860513425
0,0.18375996879241815
1,0.5854318852146596
0,0.6780034414359432
0,0.17348843585273882
1,0.7203990620069232
0,0.015587772320907453
1,0.6968962850375177
1,0.6418559848139082
0,0.40158894274404233
1,0.4106502223321612
1,0.6829466842549732
1,0.5908030130311663
0,0.2033419948743378
1,0.4269435609042297
0,0.006671015612647349
1,0.4385872320373099
0,0.057619693007271336
1,0.5755116890911399
0,0.025270360781895585
1,0.2604767188718332
0,0.4553544137703835
1,0.5703549939045541
0,0.26146682624211126
0,0.385227499147462
0,0.32776663638666786
0,0.6333309175558233
0,0.6012273102821691
0,0.15951959868516244
1,0.6773232350671639
1,0.7525202529701617
0,0.37060259488800856
1,0.8395307483066583
0,0.2338941864793749
0,0.18120611717585164
0,0.030660405885827934
0,0.4515143984952165
0,0.0066543955051719455
1,0.6418756208366738
0,0.0077002165891035075
1,0.2057940909872798
0,0.3947963927932458
0,0.0077002165891035075
0,0.0077002165891035075
1,0.26689628253338527
1,0.7212111414345035
0,0.1696866931917273
1,0.23938288967827095
0,0.045436410566104785
0,0.21196250765836527
1,0.4950316522381958
0,0.037252835577265074
0,0.24308623400463433
0,0.20604184179640037
1,0.5060989136417419
0,0.37208394485860163
0,0.22515850230382556
1,0.4103620452083575
1,0.6896580827718536
0,0.4912007403672935
1,0.7305701432739805
1,0.7074134322392904
0,0.062380274199844175
1,0.6332075836423663
1,0.23647893304168602
0,0.0077002165891035075
1,0.645435434540616
1,0.46899663846180906
0,0.26537815357669275
1,0.36752060439560436
0,0.030464257149847004
0,0.35918795280739885
0,0.4926262231766733
0,0.34784955804349554
0,0.0218602307383445
1,0.32543818456014373
1,0.5745150213111134
0,0.45330888531783453
0,0.13004861931950143
1,0.5238406457743469
1,0.650962250007553
0,0.22365789235128353
1,0.6198975414282312
0,0.36451377974936966
1,0.6291675729656837
0,0.2507503659379366
0,0.3194056487745347
0,0.0077002165891035075
0,0.011027369208456305
0,0.32983960276112007
0,0.45128062830338117
0,0.22890509357812477
0,0.1867721888297431
0,0.3237348804737259
1,0.27492928216428725
0,0.59608787363122
0,0.060321304527509605
1,0.39690772614643116
0,0.058905924824002684
1,0.6971046564124492
0,0.027366019308520582
0,0.39913749206181715
1,0.2883738357549543
0,0.2774475155036527
0,0.016113036945854167
0,0.00854310260191884
1,0.7448380995892048
1,0.6450879365154571
0,0.3592115526051003
1,0.707859114094874
0,0.7947796619922772
0,0.3174622002073567
0,0.024714491745403973
1,0.7856289283609901
1,0.26768796802362804
0,0.05351297297428718
0,0.2511076009384263
1,0.6484446241411622
0,0.24714422397017982
0,0.10528038115898213
0,0.4293548833615752
0,0.3873562959346746
1,0.7380285948390731
0,0.011771925632996581
1,0.5107368480946807
1,0.5117772397923867
1,0.3910187051065024
0,0.04119752483486959
0,0.044509073750251156
0,0.23946539234785708
0,0.015474650798098791
1,0.3868808545050205
1,0.5455284199021274
1,0.7568618115447242
1,0.6056691050599988
1,0.38495964985778236
0,0.19155292034257093
0,0.2905666158627584
0,0.16554678379243565
1,0.7036314671129363
0,0.2415615365668624
0,0.5772054627780514
1,0.5004660824225908
0,0.2400888845348757
1,0.09985971172733214
0,0.12470719817867741
1,0.5465945542350449
0,0.20658454163828047
1,0.7216061787761993
1,0.7474695228842627
0,0.1126139459009797
1,0.8809347672400761
1,0.25748321654666273
1,0.7012585051788485
1,0.6914015333360829
0,0.3774709521420216
1,0.26002420709197543
1,0.19829292037906454
0,0.20603041368509942
0,0.3213490448383835
0,0.2247879252555506
0,0.3035423539950628
0,0.2512807653006155
0,0.013834220795944267
0,0.2481638376097177
1,0.338873522745757
1,0.8201647392657314
0,0.033176396595724654
0,0.24762083196823986
1,0.3655177695080064
0,0.21763736341002807
0,0.32117617391728354
0,0.1598538166781322
1,0.5844289226256778
1,0.833886554302843
1,0.7742757022310793
1,0.30454096629385935
0,0.6709895801042124
0,0.3843504561919776
0,0.2507863939905195
0,0.28971854326783075
0,0.2770980991957738
1,0.6968032622103454
1,0.5114391344029546
1,0.37540695639513627
0,0.3777861801615165
0,0.18697938414392984
0,0.029437830016103915
1,0.6070938918228187
1,0.7556494448355046
0,0.21435807211072538
1,0.8319035203587939
0,0.178613359746874
1,0.7900873915390044
0,0.38457090722620324
1,0.5543660042133539
0,0.39587250336288143
1,0.59290820294468
0,0.4763033575957393
0,0.046628936668171694
0,0.22475294198027976
1,0.33223612669339664
1,0.527927503189644
0,0.6597660811204443
0,0.4241327153954535
0,0.2041601503799795
0,0.04622465929092862
0,0.18970002999243127
0,0.32639966736617926
0,0.20780258393133896
0,0.2821369145638171
0,0.20920777765966955
1,0.5315184070371207
0,0.030595120608019905
0,0.4209255881495566
0,0.13293970345504882
1,0.44797030503675633
0,0.263309252892818
1,0.28560676414192315
0,0.0077002165891035075
0,0.6525844889301483
0,0.4489802160542953
0,0.21352061081281887
1,0.5279157781306336
1,0.8338438973160975
1,0.3493137843652128
0,0.02646907564539565
0,0.12326145981599591
0,0.6893227742711502
0,0.23762112386301276
0,0.24520347607191326
0,0.02015080660865419
1,0.6644382140634431
0,0.2348384140272145
0,0.3246737431260456
1,0.6961961236009523
0,0.2511076009384263
1,0.2920659671748808
1,0.5628288176269605
0,0.2511076009384263
0,0.2261662180974524
0,0.44404298359544464
0,0.31582337088632095
1,0.29436514482734893
1,0.250770624827538
0,0.05520081890967736
0,0.46412137051669494
1,0.3727743429648644
1,0.5396077689828991
1,0.2857445685520351
0,0.3311652627553072
0,0.2161201425866313
0,0.16703031950306468
1,0.5332794979778369
0,0.19252948357910418
0,0.21583791566874105
1,0.5254558625142419
1,0.515852909395397
0,0.8066449206050366
1,0.6652680964737818
0,0.500620066430408
0,0.31981152578861644
0,0.27667876091282667
0,0.4266712709907917
0,0.04220266791903517
1,0.7814485944004106
1,0.3925059585982774
0,0.20218629893587087
0,0.5255990961159421
1,0.9079971152151215
1,0.7578393272499553
1,0.7652266390898059
1,0.37185589800941626
0,0.2915311841632269
1,0.7079047945811003
0,0.12456089395122882
0,0.37880466694425835
1,0.8949620433372011
1,0.007478063423530006
0,0.21527341233502717
0,0.1847440037289556
1,0.5264664517701872
0,0.04347858570128332
0,0.3099820598128852
0,0.23794285442035498
1,0.8583224086593828
0,0.013028085200685605
1,0.6536054834205601
0,0.5504268262849641
1,0.21896346026307356
1,0.404229546128399
1,0.17506842212906815
0,0.40762261890432094
1,0.0436300521253756
0,0.15772319142922736
0,0.3687082551572015
0,0.42397298513454534
0,0.21115721879363292
0,0.0077002165891035075
1,0.9159703729969262
0,0.02592718370997174
0,0.3376520025592815
0,0.010528538243945252
1,0.4933856195110577
1,0.5341357196519555
1,0.6717581864875175
0,0.01189152325136337
0,0.217916695165137
0,0.292702591126764
0,0.2502272499469327
0,0.2552604462412965
0,0.5874689275311481
0,0.20735056623945317
0,0.2915196593705551
1,0.8662473372619807
0,0.12456089395122882
1,0.3463284301418669
0,0.2780234501126698
0,0.0077002165891035075
0,0.017481666004807862
0,0.23982785567310272
0,0.016287102583260417
0,0.009217576754826835
1,0.5938043787350008
0,0.29971759427809747
0,0.1716952324533421
0,0.6988281127426779
0,0.3307950601227832
0,0.013690283123925498
0,0.3801831252477931
1,0.44642567101630576
0,0.02298255359645488
0,0.4354948151302088
1,0.8672234461757947
0,0.2582249025903853
0,0.37579534134242176
0,0.2416145679525288
1,0.6931817644546694
1,0.4826455276674504
0,0.22420735871283817
0,0.05032749033710837
0,0.6167601178275425
1,0.679287680814667
1,0.48483717890470557
1,0.32871406762113187
0,0.14166476924786034
1,0.479073412078701
0,0.25025298457305556
0,0.24968053523195988
0,0.38652615007391006
1,0.7231724927760474
0,0.2857445685520351
0,0.1813841514729617
0,0.23301030740114292
0,0.007949182188487818
0,0.12946007905028867
0,0.3629160527239408
0,0.26855283751355885
1,0.46385676183232993
1,0.3418408951639011
0,0.2145251701321688
0,0.04373922575614642
0,0.5473981591524608
1,0.5596953411822547
0,0.23821741386319362
0,0.7559971152151216
0,0.3636347903380192
1,0.48235431328118067
0,0.06413345190333647
1,0.3416353810574821
1,0.6256031623570304
0,0.3378710677474948
1,0.5712487129987129
1,0.8238633722692167
1,0.4501360260164808
1,0.45520801489005386
0,0.38265229118140276
1,0.6656548193088133
0,0.18690132654823352
0,0.27168372433581534
0,0.2997934962319829
0,0.25829162470887973
0,0.2561669665101279
1,0.6289417215076042
0,0.26891882058298816
0,0.0194992563089325
0,0.010491795441406085
0,0.21435589738384436
0,0.1339116461764918
0,0.008233260939246475
1,0.3757207185808388
1,0.701839406222739
0,0.22947161539682695
0,0.497133829491662
1,0.8410860188955274
0,0.5593580505453047
1,0.5483337654837531
0,0.40221128099396974
1,0.702495792633509
0,0.010389942911579268
1,0.5479103000703938
0,0.010167622690718938
0,0.11004965047918609
0,0.4402430568888704
1,0.3530362898823449
0,0.5245333735990546
0,0.27613114732073335
0,0.2757247974540454
1,0.6315219903196374
1,0.4587259285463368
1,0.5613565987808268
1,0.5302512490763093
1,0.6480612121310515
0,0.35748314464876757
0,0.009434120187232675
0,0.012789953400223578
0,0.2394718202139116
0,0.1563210810520118
0,0.5093957901102687
1,0.6625370169550671
1,0.5994891504282285
0,0.4702523182989851
0,0.036618624945677164
0,0.29599155580985265
1,0.7061101755398503
0,0.24787064461057193
1,0.4189341821302106
0,0.30665481974647785
0,0.46918495961774676
1,0.7173155367596605
0,0.379280131981399
0,0.10473583884554065
0,0.4830026944099176
0,0.34289123146797545
1,0.5724062902879924
0,0.12941735622685327
0,0.2220192364860239
0,0.22407830243780208
0,0.31203073969196327
0,0.5471995777200701
0,0.26929438478469114
0,0.24639798710770974
0,0.04381901434902312
1,0.9168072357970029
1,0.5849889125082096
1,0.6129308195862792
0,0.3939554813984958
0,0.6008000244593534
0,0.38946346881031346
0,0.18045312516127843
0,0.19415398931169467
0,0.010939429661846883
0,0.37331983558460635
1,0.38623384808184086
0,0.022733258293677273
1,0.566112984010078
0,0.29995319878128035
0,0.0241003390263771
1,0.558671964636737
1,0.27963361053466446
0,0.02072301452462609
0,0.23736082687063564
0,0.08161043106707146
0,0.3349604684866599
0,0.5994137622628155
1,0.15772319142922736
1,0.4624275179895892
0,0.29241774708721663
0,0.0077002165891035075
0,0.19714191828091115
1,0.6900170794093244
1,0.3312213876434699
1,0.7001032351001611
0,0.2857445685520351
0,0.5562275624276889
1,0.6457175041575468
1,0.36457961929019006
0,0.3141313312883967
0,0.534761503220455
0,0.42419390219820385
0,0.008656612702219645
1,0.45078453782829814
1,0.39812731918614097
0,0.31582337088632095
0,0.15028406071140624
1,0.3410174983086594
0,0.2857445685520351
0,0.049658258547145465
1,0.5707933004555937
0,0.10340220377490641
1,0.5447852784205155
0,0.2893761064910813
0,0.07014354321235501
0,0.0077002165891035075
0,0.4634708338395801
0,0.25304613961474653
0,0.31421489773800343
1,0.8184495580130309
1,0.9102353104912537
0,0.00972491870243517
0,0.16937890638409503
0,0.23998167014665372
0,0.34207204367758554
1,0.4525867699274278
0,0.4561463556626825
1,0.21050251174395343
0,0.36802284188253015
0,0.42453485108483957
0,0.5680250744332442
1,0.6127229764481908
0,0.028304688393491897
1,0.42832871249719184
0,0.1608648499410675
0,0.4901190476190476
1,0.46771623777554877
1,0.43926430846683934
0,0.3366676787281289
1,0.4582021388664373
0,0.18715619099188424
0,0.2363606294966983
0,0.019255555448196633
0,0.47697295194644174
0,0.0077002165891035075
1,0.30275981543421754
1,0.6444505081277787
0,0.45844672085869453
1,0.48978429602624957
0,0.4207336344806365
1,0.538205404366334
1,0.3035989049203695
1,0.27679577893500934
1,0.7365381401841619
1,0.47608922186402935
0,0.01683063435736736
0,0.10906685782241833
0,0.35574943743941567
1,0.29879542812809606
0,0.42753401079984704
1,0.5201478068911829
0,0.4565122497536638
1,0.6624592838550406
0,0.37233556400260276
1,0.1611422150024565
1,0.23940972135322278
1,0.2838310679267407
0,0.27486469238344374
1,0.7282572615405641
0,0.08739260707968392
1,0.5290316899604395
1,0.721331389577599
0,0.18019675492600845
1,0.2960692881615405
1,0.3965037912661152
1,0.8189406760216954
0,0.2242910959152389
1,0.5207368480946807
0,0.1387868191595218
1,0.3323374667250632
0,0.3359858893256742
0,0.04872776860401444
0,0.20938883579701084
0,0.232134532663905
0,0.0534460534110596
0,0.4059013185376296
0,0.36272300972062244
0,0.15686573745358065
1,0.6273032230734846
1,0.8395307483066583
1,0.6273032230734846
0,0.022099414100234634
0,0.2691889046094995
0,0.43281399201601656
0,0.2955503385798868
1,0.35659526597238606
0,0.2444614238098412
0,0.02203363691054453
1,0.09705740181285247
1,0.7566806615950874
0,0.23202957445932024
0,0.47088525447404783
1,0.7397998014223331
0,0.31668279097755186
0,0.0991095099126194
1,0.5186720589671193
1,0.8423052306438864
0,0.15095267397715278
0,0.02159838940091577
0,0.33121194009918564
1,0.7836760007429879
1,0.08596216950910623
1,0.23487149663430001
1,0.432340122933048
1,0.24245519421962242
0,0.3824273716827361
0,0.24338012175997734
1,0.1779229532982923
1,0.8691015909298251
1,0.29748906604718567
0,0.21538730779772072
1,0.6955049042869872
0,0.22039219611384145
0,0.0077002165891035075
0,0.30875637060436334
0,0.3096856575309217
0,0.21022549430246143
0,0.016220861472263173
1,0.5384971856556612
1,0.7042807787954941
0,0.12456089395122882
0,0.02713290673903305
1,0.30071238413011936
0,0.16489969425415985
1,0.8260132714907562
0,0.14068334415815842
0,0.015544884887212788
0,0.32773874425253763
0,0.640352090817011
0,0.38318068142214046
0,0.39631432048582554
0,0.03687258654054944
0,0.20709799867296239
0,0.4366103812573105
1,0.583024275073737
0,0.010958310328488962
0,0.2609077319513481
1,0.5236092842819128
0,0.22520703360214794
0,0.2970516383286217
0,0.27512009670725296
0,0.5810713613818412
0,0.017501088436654114
0,0.020543447094001372
1,0.505959854942903
0,0.019255555448196633
0,0.21239606428744032
1,0.6388733960259473
1,0.39606999036681473
0,0.48820406349070183
1,0.33872718379006655
1,0.5024572056716978
0,0.032241332356993994
1,0.40880685432341535
0,0.0077002165891035075
0,0.2379398132762467
0,0.444531894994362
0,0.2352405554827735
1,0.8005726364545518
1,0.7607128571304632
1,0.3988248369632152
0,0.055131982194441084
0,0.3870231292343258
0,0.7564566259797723
0,0.4194762567436356
0,0.5520719146736097
0,0.3749400986085602
0,0.3564943643090745
1,0.4778879847255679
1,0.6447837679247093
0,0.23133853172714575
0,0.029886236246544424
0,0.011294500023782704
1,0.3959290241708353
0,0.2482565652121002
0,0.019585668461082017
1,0.5017095420605121
0,0.024017232906119824
0,0.425611912791425
0,0.32340883940128623
1,0.3626974167773343
0,0.04303136580922214
0,0.16934293654969124
0,0.015386730351090774
1,0.5471995777200701
