target,prediction
0,0.18956494398820894
0,0.25699696448402715
0,0.34457983219960536
0,0.2126615560974368
0,0.1487457341940756
0,0.3407120897297489
1,0.19349776572672742
0,0.41980358030322346
0,0.30632699957429355
0,0.016029848671382782
1,0.6809939540179082
0,0.3612039420093793
1,0.42808418401508175
0,0.3312429105629308
0,0.2319278190730758
0,0.2676198255359651
0,0.2151221850517473
0,0.1849142271436544
1,0.825860257257783
1,0.7734970859525465
0,0.22473440526682148
0,0.016029848671382782
1,0.21723307043729467
1,0.6128462479406123
1,0.7950448658604586
0,0.5349406769927763
1,0.4305549096311497
0,0.23968874962705375
1,0.7715353906669141
0,0.1862977116296211
0,0.27220704769209125
0,0.03849422339383523
0,0.21502669567885965
0,0.3323594063049764
0,0.15283029211418497
0,0.5532608172104791
0,0.02242018372679233
0,0.20076401779246983
1,0.7236678887909908
1,0.4938628673372855
0,0.41918909277919153
0,0.5115471927223243
1,0.7534782696199414
0,0.19834531909035696
0,0.33407124060321736
1,0.19821510686215704
0,0.21457969341589192
0,0.239242325582631
1,0.45863073643434193
0,0.1730069256292756
0,0.04077935303515845
0,0.3473551215094178
0,0.016029848671382782
1,0.3563252953913008
0,0.19761961754646643
0,0.21131543990171864
1,0.6542867869685591
0,0.3208498288565156
1,0.5827767935625096
0,0.31281126684428306
0,0.24880924437063848
1,0.4026049435101018
0,0.4161479908344945
0,0.3216529784449782
1,0.5089059851307498
0,0.2455349506172225
1,0.3359543461297445
0,0.398663320221374
1,0.48994388918772624
1,0.7082749377007428
1,0.7438108028249897
1,0.47600492087720603
0,0.16336351106374197
1,0.6657467374237281
0,0.20647451720553758
0,0.21931426669841053
1,0.8878595681167746
0,0.19714847746750336
0,0.3008672624392989
1,0.5089967298930561
1,0.27064269686969267
0,0.23547878109281464
0,0.3688714947396881
0,0.3731442109319374
0,0.275590839070115
0,0.1624673038226871
0,0.08973120238683935
0,0.24876650268566375
0,0.7965836658962573
1,0.3806084408219897
1,0.7911363085560872
0,0.13759942393303018
1,0.28236402317353054
0,0.023243226452534644
0,0.06507695586832864
0,0.39456172137704376
0,0.2534164555143775
0,0.2721889906061659
1,0.3339436261401682
1,0.44599291289208476
1,0.6866011120004235
0,0.22656031710406016
0,0.3069556786269847
1,0.6589672212308114
0,0.014287198210876838
1,0.5393497821828065
1,0.6690271123532733
0,0.19955137953740432
1,0.2966979423721638
0,0.4679713870040926
1,0.7461476501997862
0,0.37072145513281723
1,0.6382341341223889
1,0.7883865115876452
1,0.4529514239215155
0,0.13333334292199409
0,0.27188970909154947
0,0.27021284542794904
1,0.3290250790694561
1,0.7819056952182806
1,0.21039370349098352
1,0.6052313179354577
0,0.2226508284803499
0,0.21512422781581197
0,0.029523484220381663
1,0.6687682686241737
0,0.016029848671382782
1,0.1820890655812945
0,0.0941156517505205
0,0.23683405489275408
0,0.2897351456565928
0,0.016025465726632968
0,0.3047745320305162
1,0.7163733831825025
0,0.2007202239204009
1,0.41253881684825955
1,0.6706169034686911
0,0.4115890430440176
0,0.03487746618821922
0,0.6621081593012592
0,0.21154241079923333
0,0.32577397710434436
0,0.1368974590049965
0,0.2633346156399797
1,0.26125025592749956
0,0.1767806637186805
0,0.25747684650965424
0,0.016029848671382782
0,0.29169271826558696
0,0.4415043324633455
0,0.20833813349903332
0,0.2581363422484903
1,0.40122582147626495
1,0.3976444519062868
0,0.1955448029236607
0,0.2114738314534107
0,0.5786448354669316
0,0.09849545483292656
1,0.4886290436875122
0,0.06975384659047588
1,0.4224164979440772
0,0.16549701474937073
0,0.060603309464601615
0,0.23301830965927695
0,0.7453447899712984
1,0.19484636599585994
0,0.2239944087822806
0,0.1189276311417987
0,0.22709255778331477
0,0.5733312497732385
1,0.7814425095155884
1,0.45425744043931515
0,0.02139825225585009
0,0.1487457341940756
1,0.6325747687182655
1,0.31309519633097865
0,0.38374740991451955
0,0.3140665082884562
0,0.17263653975171636
0,0.3650547711967264
1,0.42996592920229093
1,0.4708344917836807
1,0.8472494219234487
1,0.7125460259045261
0,0.16889092325830268
1,0.8871335789610819
0,0.2100234532052373
0,0.10297310205694334
1,0.6464647549308938
0,0.4557987203472201
1,0.3550500165061536
1,0.10396992347179193
0,0.17162805308724235
0,0.47959776508523094
0,0.17457307825240576
1,0.5888925288432845
0,0.25130182103967974
1,0.6049772027431233
1,0.48001543501525856
1,0.6845472761336285
0,0.2981352380745013
0,0.2273828123218892
0,0.06603256330241682
0,0.23516921741720873
1,0.7103159313027788
0,0.2922264675710581
0,0.4338949240313317
0,0.014287198210876838
1,0.5461291070760708
0,0.20069919552913096
0,0.21530253541683173
1,0.26045402780560345
0,0.099045419940228
0,0.30457588943565195
0,0.03526277900121362
1,0.44443601384400955
0,0.5219554631960015
0,0.020759554519677287
0,0.49378713709309013
1,0.6327070547558745
0,0.03553164942532811
1,0.34741662573450555
0,0.17023831708643997
0,0.19341862686305678
1,0.2802729896562616
0,0.5631620854266168
1,0.7950448658604586
0,0.020759554519677287
1,0.8187126416894238
1,0.265677645898259
1,0.5655117186418338
0,0.03715371280952961
0,0.016025465726632968
1,0.3502165704302272
0,0.020759554519677287
1,0.5918729656239168
0,0.3675381314104372
0,0.020759554519677287
1,0.5380466691584952
0,0.46552390113251824
0,0.1957563270414628
1,0.5949447038955659
0,0.016029848671382782
0,0.2210613887986207
0,0.2734055531117249
0,0.03700048608105377
0,0.29193483208119075
0,0.05018273541360767
1,0.4700544752326571
0,0.18243838059314113
1,0.29661874551339434
0,0.6217318024880676
1,0.669623555475219
1,0.9049773761488191
1,0.5656006219186003
1,0.5388905092495322
0,0.5268871699440952
0,0.12640154563955872
0,0.41083696266907554
0,0.19508021731920494
0,0.4387968306922798
0,0.3564566110738754
1,0.41658310157738654
0,0.21653050419451417
1,0.5716347645827957
0,0.16449407495152574
0,0.1477705321536448
0,0.4960062831642673
0,0.22890566995774198
1,0.2767762745948179
0,0.22507909352579406
1,0.6253789843687566
1,0.68565516299272
0,0.34340287523316904
0,0.20085322318856597
1,0.7991078214117244
1,0.44993563114578117
0,0.2988344785501623
1,0.7029224144829073
1,0.7104398492513615
0,0.23172175388330488
1,0.41006001220461796
0,0.023243226452534644
1,0.5529856736827413
0,0.1695755759439695
0,0.04693496014172322
0,0.4195780630668807
0,0.32596889843989285
0,0.20122650169878634
1,0.5448242051515788
0,0.32837677639672136
0,0.20541465552451202
0,0.8125977254223463
0,0.5072489237541249
1,0.7321138413489535
0,0.02406436949712474
1,0.5773800955927126
1,0.6967598026110468
1,0.6292579201096505
1,0.8775367511195467
0,0.40449187357588656
0,0.20200509618153906
0,0.053540652949728484
0,0.8087809369086655
1,0.7044058278805307
0,0.20743443455406688
1,0.6831497892331878
1,0.2689870622782241
0,0.2486640254330018
1,0.5443949348328525
0,0.23219920582178596
1,0.42996592920229093
0,0.023243226452534644
0,0.21062178555102595
0,0.23087081091816222
0,0.3407004876424108
0,0.5755354893776411
0,0.32647141339827973
0,0.22361518084529464
0,0.18749936673602585
0,0.3356350658802759
0,0.03487746618821922
0,0.03703019422605506
0,0.11210774194551171
0,0.29667927841945163
1,0.7142713214576053
0,0.03764546891030825
1,0.3348136382313182
0,0.040992795802938624
0,0.5544822686432713
1,0.5166744961633686
0,0.38877542078681215
0,0.5007003173975648
0,0.05405882449146106
0,0.26253006412077695
0,0.19110014596842384
1,0.2678197641783773
1,0.5795957947237825
0,0.257055410939591
1,0.5695011614304323
1,0.35717801769625784
1,0.8409157879117
0,0.020759554519677287
0,0.22779342622238227
1,0.7749981696895389
0,0.11179637874715136
0,0.4860529604044671
0,0.410297386622795
1,0.49900806804079034
0,0.06018168296206741
0,0.0367237618532837
0,0.22022190047842352
1,0.5334989458382698
0,0.18706578308793678
0,0.23802209037640065
0,0.4779381952670955
0,0.020759554519677287
0,0.11455233767058165
0,0.6095498964664403
1,0.3910170525771979
0,0.21631699769306462
1,0.9066369760906701
0,0.023243226452534644
1,0.04077935303515845
1,0.6067440195308164
1,0.8864996256534661
1,0.6808785560433157
0,0.2635031312442264
0,0.016025465726632968
0,0.27483296266262863
0,0.19791095098887973
1,0.7485140102379064
1,0.36149263007724625
1,0.5276787152973104
1,0.5980824470230498
0,0.4999020411915938
0,0.3395275227555293
1,0.3141441848901689
0,0.3661778371424913
1,0.25427977441321375
0,0.225046867396363
0,0.22851381409639826
0,0.20579830985791855
1,0.5158847721618123
0,0.25409466411463677
0,0.37977821361941433
0,0.21638823605842294
1,0.8906678155223815
0,0.10271077991515076
1,0.649144068002917
0,0.02406436949712474
1,0.4599559649534445
1,0.7649139715942281
1,0.6909999390070557
0,0.034990197430274844
0,0.48230292624694726
0,0.5158976913065539
0,0.19834531909035696
0,0.26988335315009854
0,0.31225264859347873
1,0.8203542316360486
0,0.2083650916562231
0,0.2350412816933284
0,0.6519832280435672
0,0.13954820260951306
0,0.3684813878102208
0,0.26172913446286733
0,0.6887694737986353
0,0.4378737645094159
1,0.33990672490775486
1,0.21929457330007013
0,0.4630040452115454
1,0.5050675450287397
0,0.2603858462232826
1,0.7081054774790023
0,0.19654380943369443
1,0.46938298628651876
0,0.016025465726632968
0,0.2870933099081505
0,0.5757598960811854
0,0.32555583684571054
0,0.33345285552231
0,0.037343535107497085
1,0.578501772590607
0,0.034414632697550816
1,0.9004705256429395
1,0.6451406199234113
1,0.6122280945157194
0,0.7359780009405971
0,0.0269785602400157
0,0.2566947062789919
0,0.20164392364373585
0,0.20227387056886653
0,0.10342951063926419
1,0.7770930898052564
0,0.20835779705920834
0,0.016025465726632968
1,0.37681040468679144
1,0.857511408283097
0,0.39968886043763
0,0.41153758422773895
1,0.24587213226332544
0,0.2896607789349899
0,0.4333920307245193
0,0.2825066048451703
1,0.7694946488023333
0,0.3178210882161602
0,0.3702828544447477
1,0.6696851116694075
1,0.23964930225108835
0,0.1942451639955662
0,0.6510876811589841
0,0.023243226452534644
1,0.5256714699568816
1,0.5681639951182105
0,0.29193483208119075
0,0.23446080292716523
1,0.6047439885901793
0,0.016025465726632968
0,0.07367229843802768
0,0.2948474699610871
0,0.2829681270326582
0,0.21950320337447723
1,0.6087735024111379
0,0.24739147653698249
0,0.5592826211657774
0,0.6734986659332393
0,0.45530245493817856
0,0.2483201418891368
0,0.8712285794409971
0,0.3818710723857815
0,0.48115942094275566
0,0.16336351106374197
0,0.5947751664993901
0,0.02864811223362909
1,0.24907603664235947
0,0.21972517644021072
0,0.23289014308525402
0,0.5205593155613242
1,0.674864484508193
0,0.041528499702934214
1,0.20801167183819508
0,0.10993397115085594
1,0.637965844395845
0,0.042742410265629235
1,0.7339813685833751
1,0.6100641724648915
1,0.5647812992172394
1,0.3391904075683079
0,0.3081185567875348
0,0.04291795216728219
0,0.24389498330768344
0,0.020759554519677287
0,0.1951303309775213
0,0.06197115323858552
1,0.7249439272412843
1,0.47687114800737296
0,0.04720096525338381
0,0.06735994187369017
0,0.3780086252039696
0,0.44780983776953626
1,0.3999823442725539
0,0.4392813909972759
0,0.11420758593073285
0,0.40181591465078664
0,0.08771397966931098
0,0.02406436949712474
0,0.2756246178375724
1,0.6305930416473259
1,0.34317866679700904
0,0.37661716095441305
0,0.029420408644736013
1,0.7385308794575134
0,0.2905080779941272
0,0.23094795802213644
1,0.5361092318479014
1,0.3445154106936768
0,0.06743188835954302
0,0.42746208564544375
0,0.2641427168741555
0,0.6280816905525881
0,0.6801375467895526
0,0.2971371524524571
1,0.26540486433262744
0,0.2130418558743601
1,0.45083791933254963
0,0.020759554519677287
0,0.06484747976743614
1,0.39266082300714833
0,0.016025465726632968
0,0.13694221341439364
1,0.6968700985541743
1,0.8414164618286574
0,0.32121817654334955
0,0.25988757623210373
0,0.1102413106791962
1,0.8827029026782638
0,0.10747995664747408
0,0.35789878192230556
0,0.08113472512521007
1,0.8155531762207758
0,0.507033636129217
0,0.21969420610712495
0,0.11039012867744726
1,0.7548026220991381
0,0.21245579995409267
0,0.6603869872479509
0,0.10028981302000461
1,0.26526024868952236
1,0.5456241160513505
1,0.4447542173334141
1,0.3308295045688347
0,0.016025465726632968
0,0.17680688974562192
1,0.8562827774734901
1,0.8125977254223463
1,0.7037332847690285
1,0.3453330758963951
0,0.7005550287324367
0,0.38310090199054286
0,0.41465413018911496
0,0.20085322318856597
0,0.21535447417465142
0,0.2232392333829412
1,0.620807795262074
0,0.05316018517129549
1,0.7103043357747809
1,0.2397235742857614
0,0.6894434700984599
0,0.0855905491287907
0,0.16336351106374197
0,0.4889408656213735
1,0.464446189899699
0,0.2034332141426287
0,0.2961189865995575
1,0.22543516582064982
1,0.566504746256567
0,0.2551440398062202
0,0.3533487930648806
0,0.034327495038185496
0,0.21065585441011103
1,0.4529015121022441
1,0.6822962476989517
1,0.4415270752304828
1,0.6566187439360702
0,0.25144417939995856
0,0.19286090385248267
0,0.210127876010443
0,0.6866030848112709
1,0.399553447035138
0,0.014287198210876838
1,0.7565199716309644
0,0.30227741233639316
0,0.1464456730784546
1,0.7293692101150329
0,0.3765999169213312
0,0.08136396415865658
0,0.1754491319792976
0,0.15098706325003813
0,0.3010942408526104
0,0.04084572199620665
0,0.20797435457146518
1,0.42195015142638187
1,0.3820572788043142
1,0.45965844577614967
0,0.031077667801750482
0,0.3601090168237281
1,0.2667552543524251
1,0.33192823479374545
0,0.20224310528238543
1,0.8123496237065639
0,0.36336664783136763
0,0.3362853251561865
0,0.03029682497551558
1,0.3197071109361704
0,0.4067335208010674
0,0.18875825174430755
0,0.2640511366923034
1,0.6960992792901972
1,0.8043365029049602
0,0.41083696266907554
1,0.653938825512407
0,0.020759554519677287
0,0.3199808143803011
0,0.2711886436090968
0,0.5124224974860495
0,0.3508513305201138
0,0.6892433365020579
0,0.47793201697143917
0,0.34763280087330806
0,0.22538765102488056
1,0.2627431325011086
0,0.09726540131439464
0,0.2598281499835803
0,0.1825296754382666
1,0.7613087927317872
0,0.6191822226350492
0,0.21425695228600378
1,0.406042371317892
0,0.1928735884622534
0,0.21514850775739672
1,0.8063691343717367
0,0.016029848671382782
1,0.3081423915506982
0,0.22290445690232363
0,0.19774047555066906
0,0.046375500472472415
1,0.37764474673088655
1,0.7193640225905547
0,0.17457307825240576
1,0.654154725295373
1,0.6917495871325188
0,0.30246802215743684
0,0.1942451639955662
0,0.2432355006544666
0,0.8550989061958024
1,0.2620958898146774
1,0.8125977254223463
0,0.21287206693865535
0,0.24983088934252085
0,0.10505310649375361
0,0.24078109683381482
0,0.16584283478000453
0,0.36760487739602754
0,0.5213851721853002
0,0.07478622788974244
1,0.6674486349271794
0,0.4135912448418216
1,0.7587964690435605
0,0.023243226452534644
1,0.8470790067354865
0,0.024126578332686933
0,0.02897882929442574
1,0.5840571223736193
0,0.09413886093452033
1,0.5508342522631685
0,0.7109341312108133
1,0.9212729491651062
1,0.6959748629115484
1,0.5682637546069246
0,0.20736591420118156
1,0.16549701474937073
1,0.8301705303679214
0,0.02231762871801763
0,0.2611152513928924
0,0.2669901460992714
0,0.05130025489840915
1,0.5565835645138837
0,0.21523243098344444
1,0.24985131224884388
0,0.5878987298341577
1,0.41475101552903243
0,0.03236017271424341
0,0.4942732562485047
1,0.5541556815256711
0,0.24277242976866167
0,0.31302500035075015
0,0.016025465726632968
0,0.06705166195856072
0,0.2815592599570668
0,0.4040664657726321
0,0.36260798021763035
1,0.24870769843395313
0,0.020759554519677287
0,0.5912566966444099
0,0.3031211991922398
0,0.1900101430708283
1,0.6364437590182552
1,0.6761786614363201
0,0.32045528806970874
0,0.20374862340509137
1,0.23419637438261443
0,0.016025465726632968
0,0.13254277897476346
1,0.6737287087208874
1,0.36763398533022296
1,0.4059689450930793
0,0.3482732205582365
0,0.23619683773228034
1,0.3468550059470988
0,0.23307941722714684
1,0.5043830054824452
0,0.23725039142963222
0,0.24772416477270268
0,0.18891600673857278
0,0.19789811665483314
0,0.35965842257779035
1,0.3403763330246326
0,0.32666508547727086
0,0.159157262631206
0,0.5106467564222416
1,0.526311399201873
0,0.229521913024552
1,0.4250091904406397
0,0.20806419704803883
0,0.5605019981802731
0,0.2373545605108908
0,0.3172132717830095
0,0.1859021828353793
1,0.3110893177474295
1,0.5292096548150823
0,0.2462624538392871
0,0.1846904715685545
1,0.5229478091526718
0,0.3550500165061536
1,0.8674959365798278
0,0.24808152185391355
0,0.214121565584352
0,0.2505147952119317
0,0.26416459214680893
1,0.20248752308987514
0,0.22899148051741985
0,0.558835838204315
1,0.2710104038721313
0,0.6028578737480352
0,0.30913487006147206
0,0.4752488407768181
1,0.7882738899646144
0,0.24762174377657942
0,0.5709235619443319
0,0.21204652629456544
0,0.020759554519677287
0,0.2689594992841458
0,0.2143759274610628
0,0.20631153409317504
0,0.34585012083913086
1,0.6178047891383802
0,0.016029848671382782
0,0.3874411035458069
0,0.2376604044575678
0,0.25520303209479883
0,0.322470326068767
1,0.6837115394926754
1,0.5966983800446359
1,0.790053700343456
0,0.6521111839417766
1,0.7935192654248469
1,0.3613203805728191
1,0.22409146441725755
1,0.5886052944095317
0,0.5962313770308599
1,0.5925342377735271
0,0.04311198529230354
0,0.17701528460242774
1,0.4590574241689137
0,0.171746592475805
0,0.2876475907424533
1,0.35213812951301965
0,0.25605136871359624
0,0.016025465726632968
0,0.016025465726632968
0,0.016029848671382782
0,0.6845176710216561
1,0.737674265567376
0,0.7012029735738852
0,0.20242954312278338
0,0.22896402115544803
0,0.39962506329848757
1,0.6846994951903163
1,0.2584999829407107
1,0.4074941851014994
1,0.7358013879419214
1,0.5689917839712687
0,0.40333813461314494
1,0.3576473489695624
0,0.32546436038837234
1,0.44073893587387875
0,0.18100402157120984
0,0.2789529697561136
0,0.264428551913958
0,0.5713740171698167
1,0.8869446611456371
0,0.2568568363930178
1,0.6604537157524303
1,0.5591835617125069
0,0.8165693102384204
0,0.2680865974970327
0,0.5181945746033739
0,0.47528040008434164
1,0.5543369885722549
0,0.21388825970409997
0,0.02406436949712474
1,0.7325779167068677
1,0.6866011120004235
1,0.2593718081972309
0,0.21893587769101017
0,0.2106542978560753
0,0.3740905985775972
0,0.34480788947911534
0,0.19127555555022063
0,0.40756435054056395
0,0.09465200867789356
0,0.39242787819080194
1,0.5200163534518302
0,0.08131788742970512
1,0.3423471125776043
0,0.1885921580500613
1,0.6900816799093518
1,0.6236828991158148
1,0.4628053851610028
0,0.1952907954044115
1,0.7956753553284146
1,0.637974866956647
0,0.0828082775904796
0,0.2718673439295572
1,0.3113797961590429
0,0.5041975497685035
0,0.4300234713550851
0,0.016025465726632968
0,0.36146679173945606
1,0.6313907601834021
0,0.6426677905177443
0,0.21872484739966525
0,0.2740858266631483
0,0.22090105529697102
1,0.4688065521546275
0,0.4342064832231029
0,0.02139825225585009
0,0.22860450379962852
1,0.7116869584546224
0,0.4924767215030689
0,0.05357773633785911
0,0.020759554519677287
1,0.4633876226389823
1,0.5049565154520804
0,0.023243226452534644
1,0.4362413101658471
0,0.16090708001920098
0,0.4075758272467624
1,0.7632247012187017
1,0.7457912041830812
1,0.5793924790193111
0,0.34347811816993373
1,0.37243277788470736
1,0.6567120082681542
1,0.3755280029322985
0,0.5606348186795739
1,0.23551540154819817
1,0.31891566887798095
0,0.17153617430214949
1,0.22583335609972935
0,0.34359651520813606
0,0.026768717658325582
1,0.6212972484952494
0,0.8655281197094221
0,0.04653198470387218
0,0.08154498902343756
0,0.4432172193838429
0,0.12271687879994556
0,0.4057650744469754
1,0.6494621646297706
1,0.6597397018789427
1,0.6850848373560096
1,0.6033237899620627
0,0.06292301262417987
0,0.26132244853924047
0,0.19349776572672742
0,0.20647545350916288
1,0.1753935208416158
0,0.2695172858833055
0,0.035964316210359025
0,0.34846200294601515
0,0.016025465726632968
0,0.4333811887006627
1,0.771016754467365
0,0.5986734188661557
1,0.3806084408219897
0,0.21349261306230116
0,0.21174653778584748
0,0.09122675397139947
0,0.7626387549607488
0,0.3692913922373389
1,0.853382235393709
0,0.6881395257664358
1,0.7335084059272909
0,0.05345419797894338
1,0.7542139033869972
0,0.22943351994017397
0,0.34862649558408243
1,0.8009358355538643
0,0.22110154086604553
1,0.27186944387358386
0,0.7482119799059859
1,0.7289088575212578
1,0.35288438572623987
1,0.8658567669347633
1,0.21720996318907582
0,0.20496698359103507
0,0.4223213312298597
0,0.17457307825240576
0,0.016025465726632968
0,0.25441816764942143
0,0.2672669340324651
0,0.6377595913549053
0,0.27090002275705766
0,0.3578612703099967
0,0.16336351106374197
0,0.26934826388754535
1,0.6104754513041379
1,0.33549598455515217
1,0.4293535838407346
1,0.7434418585255704
1,0.5787161168304336
0,0.1839602761097946
0,0.14527284916511035
0,0.6293016519204458
0,0.09965481357150821
0,0.020759554519677287
0,0.1730455565122108
0,0.034990197430274844
0,0.6598830658018856
0,0.2245566868076149
0,0.5534290894476689
0,0.326103392951472
0,0.35261726816563566
1,0.7846590388362341
1,0.4784789211089075
1,0.6241424922249755
0,0.17928497616851016
0,0.16336351106374197
1,0.71177686582757
0,0.21451599101881583
0,0.023243226452534644
1,0.2736746152969508
1,0.8195083890389088
0,0.02164787985348531
0,0.5757462083271947
0,0.04935480124030934
1,0.5466176067603745
0,0.016025465726632968
1,0.6829336333297549
0,0.4045851162983227
0,0.13447248372483972
1,0.6980261604975644
0,0.25540606026449875
1,0.6758286165463192
0,0.020759554519677287
1,0.7203712053718128
1,0.25654547304193653
0,0.4762030894594753
1,0.4548211313702347
1,0.18310468942877905
1,0.43423195208533005
0,0.22614655151864543
0,0.20881314690042097
0,0.2249674129397432
0,0.17263653975171636
0,0.28543518556663255
1,0.7673649847935575
0,0.4522177327128381
1,0.41917852655330284
0,0.34471454780489313
1,0.4384092050851072
0,0.22495204440919414
1,0.5733037997123817
0,0.0465900509758347
0,0.055570762759456174
1,0.5811164274895118
0,0.20085322318856597
0,0.21896793670530296
0,0.2079847633781036
0,0.020759554519677287
0,0.3922435579373103
1,0.864574842444631
1,0.28798136626627685
1,0.8441519937338376
0,0.02406436949712474
1,0.7986001504407741
1,0.7462884036035908
0,0.03393810287646541
0,0.023243226452534644
0,0.43521215433718896
1,0.4488540785833913
0,0.7269030042407035
0,0.7997980503556281
0,0.5165442659006603
0,0.19413753488670576
0,0.28312222767725653
0,0.3483509611947731
0,0.2788510086706241
0,0.17877905269015357
0,0.14202238465725325
0,0.2546990634290899
0,0.04948762353661687
0,0.0726786309140135
1,0.4600338878066492
0,0.17457307825240576
0,0.5662901296109881
0,0.020759554519677287
0,0.22091451230851436
0,0.5273451247433496
0,0.28779832913392495
0,0.6737287087208874
0,0.19324829070307234
1,0.2858341600568897
0,0.023243226452534644
0,0.3008672624392989
1,0.5687231125471954
0,0.6432139391021939
0,0.18424303814014395
0,0.23906414529679648
0,0.3857579207094016
0,0.2959352509114095
1,0.48496074169199893
1,0.500375762812528
0,0.536031695647425
0,0.2392935942127089
0,0.39612198465808146
0,0.4342563049564386
0,0.25515912075468045
0,0.11136463572014355
0,0.5910180233885883
0,0.20254200910650824
1,0.5912469579320642
0,0.1700737420007405
0,0.5926551922581264
1,0.6470569938673798
0,0.014287198210876838
1,0.8108473349962612
1,0.9212729491651062
1,0.5858368183561105
0,0.5557588034208462
0,0.49888297633706546
1,0.39555299722472453
1,0.576658007612576
0,0.1563878930305623
0,0.016025465726632968
0,0.27448694283752423
1,0.3773092152281457
0,0.18377348089949083
1,0.7374548370938597
1,0.4454032377052656
1,0.397784222866439
1,0.34450062616008137
0,0.30980441457642893
1,0.7252467895449374
0,0.3381392386168364
0,0.14891888488714525
0,0.3346402959053178
1,0.33226577180324324
0,0.4352070107298423
0,0.5451771581167836
1,0.3951201149430769
0,0.151047035656809
0,0.2799706045817602
0,0.4882554167899302
0,0.06290958564351284
0,0.22112608492967392
1,0.5191976365546509
0,0.296750813777197
1,0.3985763346228941
0,0.13337297335856188
0,0.04916948046483553
0,0.16336351106374197
0,0.22453777346925852
0,0.23899559022947467
0,0.05740913586541024
0,0.19327462947919946
0,0.3095116741744764
0,0.2312498112752068
1,0.787325057842378
1,0.456793133856379
0,0.41183289236160703
0,0.020759554519677287
1,0.34345086317579043
0,0.016025465726632968
0,0.25447224920106365
0,0.1625199222914033
0,0.21252254546890084
1,0.37186297470273955
0,0.25699420876497253
1,0.8007628167618459
0,0.483076590761231
1,0.6268934141006165
1,0.8368586799687783
0,0.02303078368774557
0,0.023243226452534644
1,0.5282158260115308
0,0.03798694634356679
1,0.5949447038955659
1,0.7143547879059841
1,0.5677681698827919
1,0.3746129849732407
0,0.2544270285371354
1,0.8873124225190483
0,0.23116716695034947
0,0.5657163767523603
0,0.6714075573520965
1,0.37520960561390004
0,0.23273333308782174
0,0.5754802973630535
0,0.16336351106374197
1,0.5368624843518011
0,0.286497883252087
1,0.6234451797327817
0,0.09122675397139947
0,0.6337292952017061
0,0.320688969876421
1,0.5127554745349252
0,0.016025465726632968
0,0.08074457603394679
0,0.02406436949712474
1,0.3608127624389176
1,0.7941026311099956
1,0.5403791742846388
1,0.6241424922249755
0,0.3388003178734989
0,0.2534735186420279
0,0.21219929822092254
0,0.5128770142424517
0,0.3324182083210576
0,0.16336351106374197
0,0.31500325723183403
0,0.291650825511656
1,0.47746424943321414
1,0.8608531436622552
1,0.02317127996668178
0,0.07816895830713928
0,0.558519303131343
0,0.2792735696890929
1,0.6545893832842226
0,0.023243226452534644
0,0.36354998953479967
1,0.6394141900027827
0,0.05193240903922733
0,0.1305608253885926
0,0.26927081149801346
1,0.3137500897150448
0,0.18525090249616727
1,0.5611969753008454
0,0.1624673038226871
0,0.39521374818508476
0,0.5417650679564736
0,0.1345524027931463
0,0.4139928039652403
1,0.396540355124295
0,0.3742638966145734
1,0.8448971427405733
1,0.6964073806662041
0,0.15635317945137395
0,0.06009024224908512
1,0.2805178403262754
1,0.6744831417415701
1,0.798910353879863
0,0.18079390106717266
1,0.40176420978039046
0,0.30524358295825005
0,0.20246606849428356
0,0.03280517887799637
0,0.24741557071106687
0,0.37678369859419775
0,0.2271007133330213
0,0.19616085311485656
0,0.16990413787507333
0,0.3476123227896404
0,0.19529406084441303
1,0.5954935813681824
1,0.26705941786633886
1,0.8967771934005567
0,0.2474661384019364
1,0.619547904247974
1,0.5969870536441159
0,0.694198110812376
0,0.2410329643806906
0,0.18434537868042405
0,0.17948283833403267
0,0.5521054296178934
0,0.5331587477430334
1,0.6796606362213808
0,0.5447798585807601
1,0.33983805269011613
0,0.016029848671382782
0,0.11528806307666202
1,0.09694034951777945
0,0.2640606981927084
0,0.35651612208166783
0,0.023243226452534644
1,0.22219291127359314
0,0.25534264451357946
0,0.19699284790464774
1,0.3691410025298509
0,0.2687253419626315
1,0.4175964823527555
1,0.4310176140638136
1,0.38259925051044624
0,0.18264897697842683
0,0.20103074404942115
0,0.2531982475051339
0,0.10505459992296894
1,0.6575860886985061
0,0.27574051544774625
0,0.22361518084529464
1,0.5321327964736932
0,0.029110594678584248
0,0.15259723780945608
0,0.15283029211418497
0,0.23436330748887918
0,0.023243226452534644
0,0.46494744416466066
0,0.3596177385563067
0,0.5574297555191253
1,0.3142747783425515
0,0.016029848671382782
0,0.42561390944876093
0,0.7064620085324574
1,0.22622621296971057
0,0.1889775114995384
0,0.03393810287646541
1,0.7742405096967281
0,0.3532218277353802
0,0.07173188803082699
0,0.15283029211418497
0,0.23473385976751043
1,0.8647495103297451
0,0.15283029211418497
0,0.35986257016371925
0,0.21573706787580316
0,0.0983978448606313
0,0.26851512171934594
0,0.6139805849087074
0,0.17986396098513183
0,0.20090732224390326
1,0.5121760008711216
1,0.26873475887609566
0,0.32053315762622353
0,0.3663267284243669
0,0.1754501956775685
1,0.2897687323310842
0,0.27777090687894646
0,0.15635317945137395
0,0.40261374737769134
0,0.020759554519677287
0,0.03764546891030825
1,0.2755901839592622
1,0.9212729491651062
1,0.3244946557790207
1,0.8216829929898896
0,0.6620918258169378
0,0.2847142616639137
0,0.24978926101941046
0,0.6088597786710817
0,0.4783154315485692
0,0.24210223560828284
0,0.34241110684217246
0,0.09773111222288466
1,0.4315100928829923
0,0.4251779743833982
0,0.5073119617634433
1,0.10229696792997724
0,0.04774935602086074
0,0.449167981538728
0,0.44546080742866073
0,0.15823237729738623
0,0.12053665845255368
0,0.27071362679275274
1,0.6339817328960483
1,0.5663753276460557
0,0.24415114915745578
0,0.051670804330025875
0,0.1730069256292756
1,0.6252529437039147
1,0.797142624058389
0,0.32256359833183457
0,0.498120834501358
1,0.5300192143042877
0,0.39768278862065964
1,0.7852221501090032
1,0.28334151949114633
0,0.202916720701435
0,0.020759554519677287
0,0.03239426217473516
0,0.36808460230655987
0,0.3994462640683831
1,0.48704661894725354
0,0.40741307731859305
1,0.7831199873237237
0,0.1563271113349681
0,0.26794469442322577
1,0.27068973454650697
0,0.016025465726632968
1,0.36923303368591276
0,0.09122675397139947
0,0.2575960464707753
0,0.4716003881227913
0,0.7582073795436275
0,0.16300068399855788
1,0.3798841760032177
0,0.1859965652980079
0,0.1213460526627237
0,0.04393172190863072
0,0.3811611443676952
0,0.6370853102321057
0,0.3154235200816034
1,0.34263608707690785
0,0.11698162794780131
0,0.3088063082510182
0,0.026768717658325582
0,0.21512422781581197
1,0.6288130366746387
1,0.717813574957157
1,0.6892473103163236
0,0.0783195365715723
0,0.016025465726632968
0,0.04774935602086074
0,0.37148416126506906
1,0.5319034817636469
0,0.2316237628305634
0,0.293293471245869
0,0.25950895449272476
0,0.28947853517033795
1,0.6272112259938943
0,0.2085112807557287
0,0.2959030188750622
1,0.6427922990125077
1,0.7227211822124697
1,0.5211875065617615
0,0.42606060838821397
1,0.500039550671521
0,0.34201457979814526
0,0.24754564212869937
1,0.517286220007568
0,0.26139030996188917
0,0.3112669990999471
0,0.3507372173069775
0,0.16336351106374197
0,0.39690727545015053
0,0.426333928562215
1,0.23610637984155086
1,0.6955068772348113
0,0.5451184805059431
0,0.29341675186388055
1,0.2644162743471042
1,0.5465133639325492
0,0.29293650554870326
1,0.2803748602547283
0,0.16336351106374197
0,0.30657816254583903
0,0.32461915814719916
0,0.02406436949712474
0,0.28442224700147123
1,0.5388860546618628
0,0.1848746325868413
0,0.2679466498891845
0,0.2024514711138495
0,0.3045981190168914
0,0.151047035656809
1,0.5695957294460484
1,0.44598350247633095
0,0.37840124707008704
1,0.31631182492776
0,0.21566648526157875
0,0.03339145387032663
1,0.8398084183433435
0,0.023243226452534644
0,0.256854441941428
1,0.5795876402749962
1,0.6572433899107583
0,0.6662473067888302
0,0.15091403346343138
0,0.2456207762581585
1,0.6733844149453168
0,0.0952924225315594
0,0.2317285578637356
0,0.15283029211418497
0,0.3375533892415416
0,0.18412461450845016
0,0.2325108177058058
0,0.12757330991844928
0,0.020759554519677287
0,0.3910176642261198
0,0.5500326709059012
0,0.02406436949712474
0,0.6662776750639773
0,0.24018559363482184
1,0.6759444083531386
1,0.37285377438183015
0,0.2692005068125799
0,0.4004087401487174
1,0.4573978588824723
0,0.3905009058336137
1,0.4346141930138698
0,0.17457307825240576
0,0.24016105706615581
0,0.016029848671382782
1,0.7021291653172158
0,0.41923565264866575
1,0.7770123715282717
0,0.016025465726632968
0,0.19901497676800656
0,0.2625751219682065
1,0.35373643172054164
0,0.6460552969328753
0,0.4479125032946118
0,0.5915763245417724
0,0.36374391082821766
0,0.5101568564390362
1,0.5956947900263466
0,0.17714619047225724
1,0.2195489802780318
1,0.8932693360243655
0,0.19714847746750336
1,0.4212159480117021
0,0.18722226475934672
1,0.31168816706810926
0,0.743206286666417
1,0.5570875153183552
1,0.6269173627046428
0,0.16050125370761006
0,0.06797095014437685
0,0.17678807321234127
1,0.6936194617437352
1,0.2854802222776403
0,0.04291131314464873
0,0.2226076552004941
1,0.8519705345941787
0,0.2293043493845634
0,0.17047142792354555
1,0.60613239040905
0,0.3244059352705864
1,0.23827062959173403
0,0.1464456730784546
1,0.685322574785905
0,0.2372887373765309
0,0.28033964224893154
1,0.6512822846521407
1,0.5303308967685446
1,0.45666420597028806
0,0.2564652366938245
0,0.4077683505402993
0,0.234284983377779
0,0.4968918498187708
1,0.2745609004548254
1,0.4709223379230313
1,0.6262295883434822
0,0.5217651616864241
0,0.26253006412077695
1,0.9062490958310248
0,0.24407650275451714
0,0.23094594982853306
1,0.3757027071909884
0,0.09709479142034023
0,0.11609650416891132
1,0.49730287166255516
1,0.47097389403705003
0,0.1817282732365537
1,0.7403779178559152
0,0.32555583684571054
0,0.23653140169690434
0,0.054898452687051624
0,0.06018168296206741
1,0.5531155672122169
1,0.48635876561792885
0,0.2837368340318255
0,0.20675063984443504
0,0.02406436949712474
1,0.7661671607825553
0,0.5934774289131737
1,0.32690706457907404
1,0.6477452175656184
0,0.151047035656809
1,0.573413275089434
1,0.37891982319758155
0,0.5502703109248857
0,0.19831530512299236
1,0.36396302360867405
0,0.1730069256292756
1,0.5077907623462925
0,0.28294052719660057
1,0.4732223014024017
0,0.18225873599182799
0,0.32577397710434436
0,0.31880365997990606
0,0.27803616612556176
0,0.40899172229893355
1,0.6189582100073093
0,0.47855988621472195
0,0.18088914054499863
0,0.26086480070428836
1,0.5659742211035108
0,0.3101343737138204
1,0.3623785885411229
0,0.44788600109511334
0,0.21479132815902685
0,0.1996423705206521
1,0.2746382805624511
1,0.39646676918405793
0,0.2997105617093131
0,0.29397498482689005
1,0.8929570144274512
0,0.19470366613004086
0,0.04482318617363768
1,0.5951954116432153
1,0.4012815877086645
1,0.7269030042407035
0,0.45532678679789657
1,0.7143519325858231
1,0.647660815042533
1,0.4682584809434385
0,0.3585353382222042
0,0.1666491463615285
0,0.1110563558050141
0,0.23378174423379508
1,0.6979667059203861
0,0.36799219875879396
0,0.17470949852547946
0,0.20266926899963822
0,0.3947369858245004
1,0.6366110674040908
0,0.4631515299716508
1,0.7763428111696673
0,0.39853445243922625
0,0.024955833762131695
0,0.048240303707994696
0,0.033395456460734656
0,0.19141031868502248
1,0.6122788558133349
1,0.6870230625199326
0,0.21204500336399523
1,0.24468337478238855
0,0.31398200420582445
0,0.29809112896076356
1,0.8603078141242047
1,0.6574763219070344
1,0.45703220087508145
1,0.2837359618316972
0,0.2236519093632739
0,0.37545911651969904
1,0.6491093790092198
0,0.2626383974498061
0,0.2457610898015473
0,0.2080273012465758
0,0.02406436949712474
1,0.6778441466639822
1,0.5130485757339441
0,0.5666210479740417
1,0.30980022282271946
0,0.23270788826413796
0,0.23704191395612254
1,0.5222364122713642
0,0.1413848499496687
0,0.2695738442302863
1,0.7308789006416971
1,0.7006634366274274
0,0.15620970483420873
0,0.039037244571560874
0,0.1893251878081723
0,0.016025465726632968
0,0.3724024940508771
0,0.19834531909035696
0,0.3403045090764904
0,0.23543590849109514
0,0.09921842127455942
0,0.4782759013489619
1,0.606469766773464
1,0.5194177877720931
0,0.4340490305814335
1,0.659132588055485
0,0.3591811152157195
0,0.5941514707047686
1,0.8621520528273674
0,0.3939912989874933
0,0.24476785441944704
1,0.8264595559199445
0,0.5221881411883407
0,0.06677969438823193
0,0.19142876757767954
0,0.020759554519677287
0,0.3365360598410564
1,0.704166430415333
0,0.016025465726632968
1,0.24579845431276867
1,0.3494395280804602
0,0.21840332557271158
1,0.7140116895753684
0,0.016025465726632968
0,0.6433149413133228
0,0.07462790103689806
1,0.45180615369248894
1,0.3378353206534061
0,0.521637329055264
0,0.3144114310897261
0,0.020674324603799647
0,0.5539370503992872
1,0.695325455297933
1,0.6078562287443992
1,0.28442224700147123
1,0.7910752120146467
0,0.28429294354644247
1,0.40040112305793996
1,0.6626183480532042
0,0.0347107516930148
1,0.6854933967505195
1,0.7792648281734416
1,0.38673990176713136
0,0.8995587699516445
0,0.026979249588020303
0,0.21248434841529582
0,0.2528332836063497
0,0.4673920541030403
1,0.6002562656368173
0,0.020759554519677287
0,0.033931478279853836
0,0.25093384405817054
0,0.41110746774386714
0,0.35370569374022665
0,0.516184834607843
0,0.1651867543420492
0,0.13680641677694536
1,0.4114201286137733
1,0.2907877979461263
1,0.6096275516137524
0,0.2710893526696825
0,0.19282905676362566
0,0.3430109962868083
0,0.21700199386193023
0,0.1951661894340196
0,0.016029848671382782
0,0.3025640702386896
0,0.5542438784530042
1,0.46891644277615263
0,0.3369374186373097
1,0.7405602839112473
0,0.18079390106717266
1,0.6200171938236848
0,0.1719374725167042
0,0.14608753247197606
1,0.5951954116432153
0,0.22141980710358108
1,0.5724541862759976
1,0.2213418232820426
0,0.034990197430274844
1,0.2706482623170341
0,0.02406436949712474
1,0.6592070549825547
0,0.06292301262417987
0,0.18190022881226475
0,0.2572046537130786
0,0.311970990881281
0,0.22166467270569792
0,0.3183950387426639
0,0.048204181898027186
0,0.25310438470483265
0,0.3071742710214234
0,0.6317907809269246
0,0.6041763025686977
0,0.2510914502309313
0,0.07043075349235525
1,0.7385061365094255
0,0.34201501272003604
1,0.8185144816201317
0,0.030520190793210895
1,0.40188486441531296
0,0.33753487099649954
0,0.03553164942532811
0,0.04324460363328405
0,0.020759554519677287
0,0.24733220645977774
0,0.020759554519677287
0,0.1177163757249299
1,0.641938091935494
1,0.4067734435912064
0,0.2458492258197544
0,0.18621099277037406
0,0.21551152331826498
0,0.05345419797894338
0,0.7354269170663688
1,0.5937716474843505
1,0.8748618534170357
1,0.7969481301377862
0,0.1753794379586622
1,0.6147860410785593
0,0.03822386038192
1,0.3761517188872799
0,0.3803760503204566
0,0.4981131738361612
0,0.016025465726632968
1,0.9049773761488191
1,0.44096539110488575
0,0.014287198210876838
1,0.3040295751164537
0,0.1798533193336353
0,0.20419493536634853
0,0.3383235442109041
1,0.26105064950124457
1,0.23681046529032984
0,0.3067258294826299
0,0.2657725863093356
0,0.18637204621806347
1,0.7193567444098117
0,0.655478996907032
0,0.023243226452534644
0,0.4660188968970863
1,0.7193640225905547
0,0.6490285166424523
0,0.1900538833391081
0,0.12511272241217697
0,0.32419368192499215
0,0.023243226452534644
0,0.33209645702548424
0,0.3590243911143744
1,0.6425834747867394
0,0.5734493894319236
0,0.3292835133971626
1,0.7152819816389445
1,0.5077907623462925
1,0.34314121259813574
0,0.23410463821941785
1,0.6803915118903757
1,0.19659209903143735
1,0.7054468843849361
0,0.13680641677694536
1,0.7462884036035908
0,0.3974023378581728
0,0.05631415251306171
0,0.04489437668152843
0,0.16516856616176023
0,0.032937349766600156
0,0.35214680939734455
1,0.8995587699516445
0,0.4435742479283106
1,0.3624681075442817
0,0.4115890430440176
0,0.37391139562069486
1,0.37373755124297503
1,0.2721761123851575
0,0.26105941341481353
1,0.39931463338062495
0,0.6091600961508818
0,0.11870342757607083
1,0.5325522474689105
0,0.1730069256292756
1,0.5870581598089237
0,0.09089145067214023
0,0.2531381794889203
1,0.8599301721418697
0,0.19407547236000322
1,0.8244812293568625
0,0.2216613360373
0,0.6368150507631409
0,0.38412755804212717
0,0.020759554519677287
1,0.275158774367313
1,0.23421472263203807
1,0.8131922798126744
0,0.5026554609915098
1,0.577325520514337
1,0.3795115248517888
0,0.19614045396075347
1,0.6446326535827015
0,0.21776569958879677
0,0.18964720794180953
0,0.2165163485608049
1,0.88945290399528
0,0.020759554519677287
0,0.5218959245224374
0,0.13288000097891434
1,0.4217200290292687
1,0.5539686718412274
0,0.3690072672036425
1,0.36560581185588115
0,0.2540784795333379
0,0.2160650286480235
0,0.022278139620247973
0,0.1730069256292756
1,0.41819856369868463
0,0.016025465726632968
1,0.8393491185662453
0,0.7107123453470905
1,0.7558293544822453
0,0.4487561815137685
0,0.05783980594180874
0,0.23475526739605893
0,0.23286270522400632
0,0.32346647073401547
0,0.023243226452534644
0,0.016025465726632968
0,0.2313645789396407
0,0.1872346439583327
0,0.04065820619854448
0,0.5379748610743224
1,0.2341411429699519
0,0.18556399873998738
0,0.06272813069279244
0,0.23485355905354766
1,0.8132133197457508
0,0.051806876966280335
0,0.16336351106374197
0,0.2690334266631217
0,0.02756159201685762
0,0.4283034238852163
0,0.33486660687995673
1,0.8753566882807259
0,0.3453330758963951
1,0.6439148834464474
0,0.34240310589580975
0,0.311958399776123
1,0.6760017171420118
0,0.07248346650752392
0,0.2197237548161897
0,0.1630893678815871
1,0.8518996634381838
0,0.058376512425505754
1,0.526768099906374
0,0.1799146784704897
0,0.15954145509435105
1,0.7628712248515707
0,0.3416863432145653
0,0.2204341511496706
0,0.04752140659448959
1,0.3791582246227666
1,0.6764514854019361
0,0.08942972515279886
1,0.2307791403070053
1,0.6014786765803245
0,0.6878357810808485
0,0.2731432328138399
1,0.7989003425837893
0,0.22455474264108363
0,0.2690838649825234
0,0.7479799934984882
0,0.40012979328255155
1,0.7169914863329903
0,0.020759554519677287
1,0.8004169730923135
1,0.4235171024200127
0,0.3436651703555552
0,0.16336351106374197
0,0.09689370663842031
0,0.5648837421056916
1,0.5968033804151469
0,0.2915932102706041
1,0.20742645718943206
0,0.016029848671382782
0,0.029061282600998797
1,0.6134952254409538
0,0.0795089762639266
0,0.016025465726632968
0,0.20377402595626348
1,0.5854243415331088
0,0.31088406989384193
1,0.3529257179270695
0,0.16336351106374197
0,0.30788743879844943
0,0.5604462501276275
0,0.49289597094387655
1,0.7236678887909908
1,0.7911409564608322
0,0.6196640915408292
1,0.4239360882580692
0,0.6403504872969443
1,0.3274810103882751
0,0.03172994471745511
0,0.057521766413361396
0,0.2533941898942893
1,0.3428112586170553
0,0.089335894703026
0,0.3889723138249416
0,0.7904668748969629
1,0.41501786045057226
1,0.7455429014367603
0,0.31724966091431855
1,0.5837078331763565
0,0.321312166155674
1,0.038683343331882475
0,0.07860099909420162
1,0.4142924547749819
0,0.39298607867919505
0,0.5372760315234787
0,0.7067222254427545
0,0.3287060921209926
1,0.3316830095637978
0,0.2593270034906368
0,0.349627423771202
0,0.06292301262417987
1,0.7199215675326864
0,0.24889853794148778
0,0.2849514145416623
0,0.7904668748969629
1,0.7804084688773721
0,0.2514225702946122
0,0.0837378364659176
0,0.016025465726632968
1,0.2944121652253669
0,0.19192368744631497
0,0.6648539157051852
1,0.6900267995928826
0,0.29393097844677335
0,0.19613651834879356
1,0.5202360875736959
1,0.1730455565122108
1,0.4929532696698274
1,0.698327585986625
1,0.5986734188661557
0,0.34183765287460494
1,0.7053002786544071
0,0.23523104706237774
1,0.517062198918735
0,0.21460800849749023
0,0.3287167678472026
1,0.6245950543413558
1,0.6878357810808485
0,0.5372994952156266
1,0.8273966247586464
1,0.7372006055740807
1,0.6706169034686911
1,0.4931193682966937
0,0.6093781028964037
0,0.3676848719965984
0,0.20218480232289873
0,0.5797538704624089
0,0.17644915155739324
0,0.28119078960788596
0,0.42238004068189705
0,0.1993150878793944
0,0.207707813968459
0,0.38541593334272806
1,0.21938994093708872
0,0.23643327016420124
0,0.04666114539262669
1,0.7695792339664504
1,0.37765253823884476
1,0.6925908324967985
0,0.05771221701399047
1,0.6433149413133228
1,0.6284590571049563
0,0.2884678999502536
0,0.45430038405348716
1,0.6699643992199696
0,0.608217250991339
1,0.6000818138266485
0,0.016025465726632968
0,0.3665268293391041
0,0.545581345196225
1,0.3679098090001318
0,0.3132333422371638
1,0.4952423976776785
0,0.32346647073401547
0,0.38992423560075834
0,0.02406436949712474
0,0.5727628529281532
0,0.21067295428335583
0,0.2769800821615621
0,0.2319384406747296
0,0.35701870740844704
0,0.6876323955834703
0,0.23802209037640065
0,0.023243226452534644
1,0.8864996256534661
1,0.7984877932089659
0,0.28270778278271735
0,0.5759125286763238
0,0.17138832018748545
1,0.8525180777254342
0,0.17555586044190316
0,0.27071451240513555
0,0.24870769843395313
0,0.7727424581671922
0,0.020759554519677287
1,0.27515710592330017
0,0.3767626807487945
1,0.28961159883340626
0,0.2032405209682119
0,0.3777626112105932
0,0.5413632521847067
0,0.5393893728584118
0,0.29876318965566195
1,0.2527076891635183
0,0.2808733358225125
0,0.1562799383447924
1,0.30816978150029983
0,0.27029230954021216
0,0.1501135800055387
0,0.062029351900712626
0,0.28179541719354473
0,0.44846228049308606
0,0.23786990680163186
1,0.2957717073214124
1,0.6540533813461864
1,0.3186931836384209
1,0.4556490035304909
0,0.10966095965544093
0,0.26405103810445757
0,0.23400208869052433
1,0.35786857349884743
0,0.7354269170663688
1,0.8409157879117
0,0.45521242202433004
0,0.210281903669878
0,0.16681767883526372
0,0.029031626826821897
1,0.17457307825240576
0,0.40142781168958935
1,0.6187077614364389
0,0.36750540320050745
0,0.4897930913985154
1,0.6576507573641994
1,0.7646805721014275
0,0.09902175055828852
0,0.16336351106374197
0,0.6927531997813594
0,0.1873436781646315
0,0.43629418259409364
1,0.33083763249593157
1,0.8125977254223463
1,0.4886290436875122
0,0.21226172769038953
0,0.24366700192316654
0,0.04653198470387218
0,0.05606431532211242
0,0.6365725537698815
0,0.19224989351694335
0,0.35013661938264823
0,0.22068494234259423
0,0.43636794001424856
0,0.09885851608310284
1,0.7112650175136117
0,0.28577255784951555
0,0.20179894630114678
0,0.016025465726632968
1,0.3880778283098083
0,0.33446815683565095
0,0.02406436949712474
0,0.020759554519677287
0,0.06640216138072236
0,0.29341821588848155
0,0.6642681074068818
1,0.724951003559211
0,0.6315084077891896
1,0.5817008363251883
1,0.560567164850366
0,0.28731127993369143
0,0.08771397966931098
0,0.35183815205200936
0,0.360321951863947
0,0.016029848671382782
1,0.2397235742857614
0,0.49466005434400717
1,0.7107779056053699
1,0.5626984376621182
0,0.3275932329165118
1,0.7193640225905547
1,0.6809549483870055
0,0.3067284411415224
0,0.23488927638196747
1,0.22894738071632068
1,0.6847673621050615
1,0.5533814118155045
0,0.020759554519677287
0,0.2675898031532433
0,0.03339145387032663
0,0.3494395280804602
1,0.8834337268279304
0,0.22952213682382197
1,0.7555332647854213
0,0.037063608025359206
1,0.40530707970076457
0,0.4096012996982532
0,0.23932524056645443
0,0.20258002499421135
1,0.4684434754569966
1,0.4900838803187789
0,0.26161324106232636
0,0.5636264165877104
0,0.2943446137693664
1,0.5788111377962997
0,0.048498861912301
0,0.46098550954527584
0,0.46351640274066275
0,0.020759554519677287
0,0.023243226452534644
1,0.5619092544123361
0,0.3584715921485161
1,0.6869748506150687
0,0.2038071822454348
1,0.34062640512856923
0,0.014287198210876838
1,0.4884528195176996
0,0.08136396415865658
1,0.512424637403288
0,0.5595190143025325
0,0.20085322318856597
1,0.5029349688402931
0,0.6831497892331878
0,0.22751234665499087
1,0.6720141530088243
1,0.2082748378571364
0,0.03926868132127363
0,0.25950895449272476
1,0.6088165485891698
0,0.12237647321334814
0,0.03568837922803845
0,0.25787530912571704
0,0.31269190993692747
0,0.3416613706790526
0,0.32584983775071974
0,0.15608496175744593
1,0.7311463447725863
0,0.33728720206269114
0,0.09467081566862463
0,0.2900652987085681
0,0.13954820260951306
1,0.7393262174231957
0,0.267491041548368
0,0.40982198044569645
0,0.20852343944053453
1,0.5952790725517542
1,0.8702619426545222
0,0.19397599403718943
0,0.24055151497054142
1,0.6043830244261806
1,0.6886547983719973
0,0.14527284916511035
0,0.020759554519677287
1,0.26796519219393916
0,0.16928920043605836
1,0.026979249588020303
1,0.3108065417025736
1,0.5634061234758123
1,0.596925890098192
0,0.38216923662725605
0,0.09227906184264018
0,0.2520583801987069
0,0.24500591431897953
0,0.020378382602916023
0,0.6625451567143653
0,0.020759554519677287
1,0.6092254199001028
0,0.037246306201074296
1,0.32541168238636375
0,0.16336351106374197
1,0.4026537995371424
1,0.3527120344512906
1,0.43108137823540515
0,0.5182045848437198
0,0.17457307825240576
0,0.08014399883114881
1,0.8519705345941787
1,0.4645633701285303
0,0.21512422781581197
0,0.04653198470387218
1,0.9084094257344105
0,0.2746382805624511
1,0.7533522342812321
1,0.38885462562445694
1,0.8108473349962612
1,0.27865135618736214
0,0.02650253155043674
1,0.7986726077157891
0,0.26350774294565943
1,0.6304858752464478
1,0.704813210668953
1,0.47148491821460364
1,0.6059938868042068
0,0.06717597381313518
1,0.6753977716596874
1,0.7207780390328972
0,0.49648760819053667
0,0.3438167618864686
1,0.5098767011265586
1,0.8125977254223463
0,0.016025465726632968
0,0.04644951005078258
0,0.22912646281465793
0,0.016025465726632968
1,0.730739482879137
0,0.4484481059642194
0,0.2904003146871846
0,0.052605854067517416
1,0.8891749070130166
1,0.2979808070858439
0,0.6077463114654473
1,0.41973133551420705
1,0.6267429105430803
0,0.17354568770131315
1,0.7416055901869751
1,0.33540954808467555
0,0.3818710723857815
0,0.19840295884427614
1,0.7310965173149817
1,0.4378737645094159
0,0.1455506184747465
0,0.33945216813271706
0,0.2879542079638886
0,0.4733735501273777
0,0.02665960080708959
1,0.5323963468229125
0,0.04948762353661687
0,0.7393262174231957
0,0.09149665537951025
1,0.35506826737369623
1,0.7110879121506595
1,0.8519705345941787
0,0.39396618225861274
0,0.1975580469863455
0,0.22719871553784196
1,0.5453152825766554
1,0.5409017076747985
0,0.0909697400019471
0,0.3314718549329941
0,0.16929581221632878
0,0.23945206875555833
0,0.19176767051090376
1,0.41917852655330284
1,0.5942387173436667
0,0.6174755360897946
1,0.621477162015356
1,0.42292607954151457
0,0.20647545350916288
0,0.33539054303711163
0,0.016029848671382782
0,0.5189600662325716
0,0.0261793240309823
0,0.020759554519677287
1,0.6004682492666533
1,0.5781648500336066
0,0.20837265991226472
1,0.3700077667949144
0,0.8713505070558194
1,0.339188715842006
0,0.16320948340430697
0,0.5224743960764666
1,0.0294515377345288
1,0.7322836015876392
1,0.8393835554329029
0,0.26426959903781605
0,0.23534554960535192
1,0.49675622668139097
1,0.7479602547010459
0,0.17162805308724235
0,0.014287198210876838
0,0.10430118511829724
0,0.04303877159237675
0,0.023243226452534644
1,0.4897119316701027
0,0.2191265723026412
0,0.21173743016226915
0,0.04146536241149271
1,0.4224072159286879
1,0.8469248940209237
1,0.581956564623933
0,0.2881875133493708
0,0.1541447094042468
0,0.037063608025359206
0,0.24421077741445643
1,0.8869040493903245
0,0.43246589223106235
1,0.6203633043766151
0,0.2590600264539221
0,0.023243226452534644
1,0.2832307613758616
1,0.177832668283244
1,0.19314528635110262
0,0.3248932981719478
1,0.30601172876852917
0,0.19407547236000322
0,0.2813547405252688
0,0.219088872260788
0,0.20412904428902823
1,0.7043548252426675
0,0.04511043901594053
0,0.23459936213124424
0,0.1682637583166742
0,0.020759554519677287
0,0.24783364948217407
0,0.26475419284928975
1,0.6093781028964037
1,0.6977914836750392
0,0.3768446760056743
0,0.22969915768846644
1,0.1527340962509786
1,0.1792770280599298
1,0.29273944661560714
1,0.4612902215542453
0,0.054413400673523446
0,0.25372064765781743
1,0.5531475232928063
0,0.08427521875894818
1,0.6571458281316215
0,0.6941107399269612
0,0.06569098389360044
0,0.523054000293737
0,0.5535259406489869
0,0.023243226452534644
0,0.6315084077891896
0,0.1536219525622648
1,0.6093544972236615
0,0.2706811906635226
1,0.3613203805728191
1,0.7013083179471875
1,0.6834316488874989
0,0.18190022881226475
0,0.6877348625887111
0,0.4970841119288007
0,0.17569473903904964
1,0.8320478458519444
1,0.25138613028976436
0,0.26479899140656366
1,0.8201090627327069
1,0.4331292438485772
1,0.016025465726632968
0,0.2710893526696825
0,0.016025465726632968
0,0.028759425337007097
1,0.8024630562717046
0,0.4597965746780783
1,0.31441833490274834
1,0.5978753944992148
0,0.016029848671382782
0,0.054898452687051624
0,0.19360117578701866
0,0.21307429867541094
0,0.3188232652581453
1,0.566611315565681
0,0.6813929367688258
0,0.2657402986205048
0,0.27297855890904366
0,0.2068467672258493
0,0.3166630929812991
0,0.45587077559234196
0,0.40759099162272816
1,0.29386585547367366
0,0.2137914569504375
0,0.17457307825240576
0,0.04698303952069946
1,0.41720154289691597
1,0.7228305598793264
0,0.19623643922630077
0,0.023243226452534644
0,0.09713345562797096
0,0.34480788947911534
1,0.3927218385508058
0,0.24678947588017514
1,0.19903201568725445
1,0.38556244445136895
1,0.337835845599306
0,0.3538548922605512
0,0.19799836756549294
0,0.016029848671382782
0,0.19462233231991896
1,0.5926335064481949
0,0.31447665530793983
0,0.297891078169265
0,0.30358323143520677
1,0.6752672356277372
0,0.2501683486360736
0,0.32137657489256205
0,0.419588706132996
0,0.29116351834287496
0,0.11378235323577898
0,0.2166470649032656
1,0.483435379956793
1,0.9049773761488191
0,0.4399875676312667
0,0.24847402512985864
0,0.2540124166388616
0,0.315432433149455
0,0.5458894423500933
0,0.26170464463633886
0,0.3114049624075746
0,0.19544171755382922
0,0.3297452210033817
1,0.706496607539424
0,0.2130418558743601
1,0.4443150453934669
1,0.5951954116432153
0,0.4236327868253519
0,0.020759554519677287
0,0.6306760834468816
1,0.5436105861686592
0,0.0483484024229692
0,0.4782759013489619
1,0.7331010470520829
1,0.6184763732556136
0,0.07663623365131549
0,0.22426139246309587
0,0.32004053549348765
1,0.5599947001643502
1,0.7385061365094255
1,0.4846443943714878
0,0.38887178633194946
1,0.724396204296045
0,0.32353674925812154
0,0.046441327445197564
1,0.8546263488394351
0,0.02406436949712474
1,0.7861364946898445
0,0.039037244571560874
1,0.5951954116432153
1,0.36718752190897097
1,0.5716582327310886
0,0.1908271923588809
0,0.23804716120322833
1,0.407951499010048
1,0.5676070110357493
0,0.020759554519677287
0,0.1562799383447924
1,0.5334392135050514
0,0.020759554519677287
0,0.4367502368079722
0,0.13098416461630905
1,0.8310387601824935
1,0.6579691259605531
0,0.2497499686927419
0,0.3436788627683801
0,0.3447995295392995
0,0.05334307090936342
1,0.20519990593464005
1,0.41361483543275185
1,0.44364413214038595
0,0.06707403371202177
0,0.22680624750460351
0,0.21463575714546657
0,0.21268153641683385
0,0.30013943329724163
1,0.7185894835025058
0,0.06569098389360044
0,0.31817092116676093
0,0.029061282600998797
0,0.18706578308793678
0,0.3834048106870603
1,0.6457443534688427
0,0.47066855854790274
0,0.67909057022084
0,0.22134034081773327
1,0.8071059530228348
0,0.024126578332686933
0,0.33693168853146355
0,0.24820080287333907
1,0.4430509093250919
0,0.0396958986226528
0,0.19518930009533186
1,0.40732977195139164
1,0.6378194920111586
0,0.2640720423509869
0,0.016029848671382782
0,0.049025784340029986
0,0.14375000144429226
0,0.2229147572214297
0,0.3981139827267861
0,0.05307049757463646
0,0.19700518287943541
0,0.016029848671382782
1,0.6239723922535653
0,0.39816769615883146
0,0.3581772598215497
1,0.41014853434253323
0,0.23318752752020122
1,0.6421637957219293
1,0.3070185224377166
0,0.19946832026806566
1,0.6941635082480603
0,0.5919667324555722
0,0.34777191844038663
0,0.35871085033787536
0,0.2375457011612758
0,0.15283029211418497
0,0.1864627091671493
1,0.6424887522608921
0,0.21998681710241216
0,0.2525125450361862
1,0.6616066756074925
1,0.20673091527702028
0,0.02412942791401953
0,0.33196016484973545
0,0.236198127240138
0,0.3220251107347457
0,0.295284145396445
0,0.326430167022392
1,0.6379360501013657
0,0.020759554519677287
1,0.7556113411511826
0,0.04028518649328058
0,0.06516780689638864
1,0.3635834080397732
0,0.23494246276402264
0,0.3844651305035892
1,0.3286084275285504
1,0.7162853817862656
1,0.28747772454504467
0,0.1708978022317923
0,0.23151957681978802
0,0.016025465726632968
0,0.22333747585505756
0,0.5967538519281649
1,0.68326097574279
1,0.4331074894147353
0,0.40934701273318996
0,0.19714847746750336
0,0.3760208964374722
1,0.2478637768562384
0,0.2543402816117767
0,0.4051727553948354
1,0.5086167798136133
0,0.45557556830562734
0,0.014287198210876838
1,0.7854688324181442
1,0.7658059361988108
0,0.03217794206489047
0,0.04600197876210153
0,0.2501683486360736
0,0.3050189183827839
1,0.2519309208654948
0,0.09150719990090754
0,0.3018554290954623
0,0.21233815714449966
0,0.5449345297567331
1,0.8428563823521522
0,0.2714829616114513
1,0.03700048608105377
0,0.19494926975025062
0,0.2240469591076457
0,0.014287198210876838
0,0.447605916398059
0,0.9207592808073277
0,0.3722279785517204
0,0.2553569705254849
0,0.016025465726632968
1,0.5938316144857253
0,0.2983677113078358
1,0.8793125318389543
0,0.14903559819542536
0,0.46629907477075294
0,0.058376512425505754
1,0.41013622421650525
0,0.2263239214057514
1,0.5776382596459307
0,0.2606482743654749
1,0.2963125519139004
1,0.639423465292009
0,0.02317127996668178
1,0.23559685567551675
0,0.08197063167179891
0,0.20089244872211498
1,0.29403365395390924
0,0.2359979292977237
0,0.20777772520531831
0,0.18220208311388292
1,0.3453330758963951
1,0.8677990949669631
0,0.15213193153372312
1,0.7509352441803117
0,0.1887692333985661
1,0.3618904223461561
0,0.13104659763604
1,0.3930156265723373
0,0.23270328383333458
0,0.3831468099719573
1,0.3404200896990477
0,0.4608178763686225
0,0.3649053346452685
0,0.016025465726632968
0,0.2574003505614142
0,0.06197115323858552
0,0.1961193843501244
0,0.5257114535378705
0,0.020759554519677287
1,0.461968102581147
1,0.8519705345941787
0,0.3066339902585006
0,0.19593153552618386
0,0.1769239323690405
0,0.2959097711392717
0,0.016025465726632968
1,0.17396259589536017
1,0.7076857728817308
1,0.47441215281587895
1,0.24353581091155424
1,0.37530358625280497
1,0.4417852133159926
1,0.38717293968369265
1,0.4718685423680307
0,0.039037244571560874
1,0.6664509189758061
1,0.3384834570720814
0,0.5514188706184289
1,0.6706226237930322
0,0.31724966091431855
0,0.6796916562795772
1,0.41027676326161555
1,0.6052653346050088
0,0.6881540854800099
1,0.7492825472924025
1,0.8682617509800284
1,0.6428177481826461
0,0.34031814695491935
1,0.5905430810529377
0,0.06980410369182302
0,0.2498226088885474
1,0.6154903418865506
0,0.16320948340430697
0,0.6282773981483618
1,0.7856929860524225
1,0.38063584356604935
1,0.5017058071602483
0,0.1834832142094755
0,0.17604729797448737
1,0.6703969115696643
1,0.7492825472924025
0,0.24592409553260847
0,0.26372805116250964
0,0.43411439604716284
0,0.4800614910182073
0,0.21505611418774265
1,0.3077843211678771
0,0.020759554519677287
1,0.4977260217785599
0,0.23485509527709358
0,0.18527737522322227
0,0.27037606765776306
1,0.28332807948980043
1,0.2692355606167276
1,0.2637767256375445
0,0.3698116448140453
0,0.5853030647129911
1,0.8844527218905397
0,0.23319635363626415
0,0.2929827336262733
0,0.21173743016226915
0,0.2510823736218585
1,0.49736951995376427
0,0.47722034596947155
1,0.41094897357520116
0,0.26588862027675253
0,0.16336351106374197
0,0.22508259102834838
0,0.15098706325003813
0,0.016025465726632968
0,0.1828471790426417
0,0.5003330974077255
1,0.7257104762284542
0,0.03950155253087464
0,0.25280682934545967
0,0.39711231934609714
1,0.6905682185833144
0,0.33981623555918794
0,0.20473449966302826
0,0.03282779814528941
0,0.11709884761784303
0,0.19009160651249246
0,0.5986963673424558
1,0.47202491870863156
0,0.21661213218883127
1,0.6166414969202304
0,0.35796046359049477
0,0.21986829391552232
0,0.20325857452965104
0,0.33671747931929097
0,0.23263966242338344
0,0.1464456730784546
1,0.7069098635093204
0,0.3081648251192193
0,0.051329279437745186
0,0.3351300600850741
1,0.449167981538728
0,0.2998966457966923
1,0.3824655882342542
1,0.530208275718449
0,0.034327495038185496
1,0.3236106937463637
0,0.26709239578630456
0,0.22830308944706187
1,0.32896998154403423
0,0.535586905595302
0,0.17448638857989934
0,0.035168348340235814
0,0.2106883264493839
0,0.23214465780300553
0,0.05892203927183931
0,0.02406436949712474
1,0.19321006824613995
0,0.18079390106717266
1,0.7124510754640941
0,0.8193698327502421
0,0.33214404972178274
0,0.18791400208909687
1,0.6967598026110468
0,0.18745690472183735
1,0.45722199713544276
0,0.3030161897752253
1,0.5680773695991904
1,0.48099074404114545
1,0.7282241435310526
0,0.22699330633007306
1,0.8599996334384251
1,0.7722932907436447
0,0.5013916510940012
0,0.8589584938613571
1,0.593234818965505
0,0.03700048608105377
0,0.20383875223000478
0,0.016025465726632968
0,0.171746592475805
0,0.7339186973342048
0,0.17973124756676334
0,0.21631699769306462
0,0.6820338830585777
0,0.14389368984828318
1,0.8926946723707349
0,0.19834531909035696
0,0.014287198210876838
1,0.7629979459934979
1,0.5636950386353273
0,0.020759554519677287
1,0.30346758036873694
1,0.49900806804079034
1,0.2837974061208472
1,0.8076939107944249
0,0.656814238176353
0,0.1730455565122108
0,0.4745139941359889
0,0.023243226452534644
1,0.41043599588445634
1,0.7150213022757249
0,0.023243226452534644
0,0.24598765273307815
0,0.3468973553908268
0,0.3036158578264581
0,0.28739814702655886
0,0.5254334208074389
1,0.7687735420025131
0,0.016025465726632968
0,0.5634478342539531
1,0.41347426107209506
1,0.6629631591468057
0,0.19893855166791036
1,0.3349126710225954
1,0.5127542955709167
0,0.19432980479292994
0,0.30619958695684857
0,0.28025561948103905
0,0.35239665560005956
0,0.2387895578557029
1,0.6172216921680808
0,0.37035492199476266
0,0.5608542833233447
1,0.45600042928016604
0,0.34547919677631445
0,0.3650147523452787
0,0.016025465726632968
1,0.42165081537521687
1,0.33435680815716
0,0.36104936516777303
0,0.02665960080708959
0,0.13406659651885525
0,0.7214296792951811
1,0.8766612323606815
1,0.623564906280403
1,0.30569102343489835
1,0.7480077273465494
1,0.577752994765158
0,0.29488015171494114
1,0.24624695453548284
0,0.06029938261372415
0,0.23650148364957754
0,0.023243226452534644
0,0.24994282380117577
0,0.20956274968309416
0,0.19271747015292978
0,0.16616457072342722
0,0.22201961948088406
1,0.4535913892995117
1,0.8679286296551294
0,0.2449657991321288
0,0.22012715577253214
0,0.17852924463297265
1,0.5786062680010836
0,0.2695501277541902
0,0.2681562558212514
0,0.016025465726632968
1,0.44655859096577316
0,0.19714847746750336
0,0.02665960080708959
0,0.2236519093632739
1,0.23576210154074878
0,0.2249668416277
0,0.03640829980965069
0,0.0795089762639266
0,0.04194578261220944
0,0.4205482175346756
1,0.5969334554704365
1,0.4478117543252393
1,0.22934817029647558
0,0.19543488508151763
0,0.286457642182306
0,0.08123751430385728
1,0.4482302082057997
0,0.7123849333060045
0,0.023243226452534644
1,0.6764639758062742
1,0.4938469573607954
0,0.020759554519677287
1,0.6837933594356752
0,0.016025465726632968
0,0.06292301262417987
1,0.7448900869704973
0,0.20569917726500955
0,0.2849522852965471
0,0.26887132528105256
1,0.7249158419296562
0,0.2878396039450137
1,0.6441561179392354
1,0.43208537417170456
1,0.5887838709823479
0,0.27017108609837936
0,0.2718435718577315
0,0.29619021051808003
1,0.6059192595553705
0,0.3199808143803011
1,0.709307844358896
0,0.253776549290401
0,0.22009989764851481
0,0.3510511494068475
0,0.6059751455497776
1,0.2753063796301058
0,0.26283745446275836
1,0.26650783723334187
0,0.028025266308834312
1,0.47247452918187094
1,0.46544619281280136
0,0.21015624194941068
0,0.6682547235221336
0,0.6782057227958255
0,0.16104117540643378
0,0.016025465726632968
1,0.40506550365601246
0,0.34851052242605884
1,0.8560712721979103
0,0.17297499258799176
0,0.38297650856648285
0,0.15381377922411246
0,0.17278982179502977
0,0.15176912110385238
1,0.6782848282110234
0,0.22502928578398407
0,0.21457969341589192
0,0.6946654550065786
1,0.29432911765098285
0,0.25034839509962314
0,0.23079534480746738
1,0.8143217853824762
0,0.1110563558050141
0,0.21307429867541094
0,0.2453506179283852
0,0.34335380774145574
0,0.2110458514730795
0,0.18079390106717266
1,0.662957655447155
0,0.2256692859363972
0,0.32630282749748524
1,0.5265750682554428
1,0.6770153333235449
1,0.7152071801847514
0,0.04644951005078258
0,0.2658036520476073
0,0.19105650483856523
1,0.8799970967761602
0,0.2143692159567742
0,0.6357199487791756
1,0.8801175632807343
1,0.3613203805728191
1,0.825860257257783
0,0.07341259898404218
0,0.7661185766392712
1,0.5553339413540389
1,0.8264595559199445
1,0.8165447214203546
0,0.17371920963183127
0,0.04633337433068762
0,0.014287198210876838
0,0.28408549215236795
0,0.020759554519677287
1,0.25864623397831765
0,0.5989468042088195
0,0.3623842802912457
0,0.20488320266449894
0,0.04963238543170311
0,0.12266598587543717
1,0.6569670712309563
1,0.5996087884521115
0,0.5982162254552059
0,0.5716850380605725
0,0.2089533134864327
0,0.07218829388379681
0,0.09295086017321505
0,0.19346328009940597
1,0.8283834570590661
1,0.7784057309601082
0,0.2001803319615121
0,0.020759554519677287
0,0.33476352847578056
0,0.24297775908925068
0,0.31922980153649927
1,0.5114738730977837
0,0.15283029211418497
1,0.5009845696844304
1,0.572283892426252
0,0.1828471790426417
1,0.4670482733451517
0,0.11577596177156185
0,0.6900816799093518
0,0.2256117943813407
1,0.6866857667130765
0,0.3591002586988807
1,0.03477225209396969
1,0.8129583641164353
0,0.2780286298380469
0,0.7586705081484636
0,0.6496328581197939
1,0.6721461503817207
0,0.24333541614291948
0,0.25867651209340553
0,0.14923811958154576
1,0.7981129064167763
1,0.2519309208654948
1,0.40520597333953917
0,0.40473783464033514
1,0.4839811863930813
1,0.40142259070227326
0,0.2653973938989494
0,0.3112365640707411
0,0.24785644999374912
0,0.0715911329183326
1,0.8901768250631041
0,0.18670231236057158
0,0.3801686246996723
0,0.02756159201685762
1,0.4786997180703777
0,0.3545675896543227
0,0.3163188077841927
0,0.19505643147771484
1,0.6895896030861745
1,0.4977260217785599
1,0.20858149166607334
0,0.016029848671382782
1,0.8264595559199445
0,0.21636103163231943
1,0.21897433460100024
0,0.02897882929442574
0,0.6621898701612483
0,0.39668278163125675
1,0.15587158324885422
0,0.2154330448521463
1,0.8799970967761602
1,0.4693512563235862
1,0.6423329341344032
0,0.23731007705569404
0,0.016029848671382782
0,0.06079223111725509
0,0.020759554519677287
0,0.21025502228276063
0,0.016025465726632968
0,0.8599685893469936
1,0.31656590198996054
1,0.7535616671633425
0,0.7181489741339314
0,0.47410384708366987
0,0.3149271318636297
0,0.020759554519677287
0,0.42107740926512843
1,0.6820552063586275
0,0.6129040218741573
1,0.5173203858045592
0,0.273909766345385
0,0.16910591601332725
1,0.2236141669855106
1,0.7215628160244861
0,0.020759554519677287
0,0.5301931689452858
0,0.598463606719237
1,0.30484013772362206
1,0.421832880145785
0,0.19834531909035696
0,0.5248781460902763
0,0.26785738724557945
0,0.6947411743809687
0,0.2544219292141305
0,0.1664165509233992
1,0.7407191325227328
1,0.6220960531029054
1,0.8563512128644334
1,0.6151151597888636
0,0.2980043780217965
1,0.7142543483832993
1,0.4387293542939108
1,0.4684778730812364
0,0.27227165413093085
0,0.23074200208732273
0,0.08066953124398235
1,0.6312833333769747
1,0.6388764749578278
0,0.5688949582918937
0,0.06468559551060987
1,0.7986001504407741
0,0.25214184391181177
0,0.6471833204260534
0,0.335313816169204
1,0.46490097321577123
0,0.17457307825240576
0,0.41456936549718665
0,0.1567749826940324
0,0.058376512425505754
1,0.23551540154819817
0,0.1875574717677727
0,0.33231019763471686
0,0.25855614345116384
1,0.5356839694212744
0,0.02756159201685762
0,0.4237063281791781
1,0.6673255595889667
1,0.4752488407768181
1,0.7121979976711544
1,0.825860257257783
1,0.4775505795295145
0,0.14218996942910628
0,0.19527655479584205
0,0.3351830346248106
0,0.21778518781816122
0,0.1310298993650466
0,0.20082881224714408
1,0.771665648449862
0,0.31872788597525165
0,0.21342798234887117
0,0.016025465726632968
1,0.43521215433718896
0,0.3287799026234636
1,0.3311923242377491
0,0.2994959555573238
1,0.6195637434010371
0,0.8143217853824762
1,0.3518975574112627
0,0.36393824507149214
0,0.023243226452534644
1,0.6865257508806596
0,0.2583545114336777
1,0.40840640082143365
0,0.30841296088622755
1,0.5018477543670613
0,0.6878357810808485
0,0.014287198210876838
0,0.0304068722417274
1,0.5459147113745404
0,0.3631223087587644
0,0.0640947486585515
1,0.24774624532672995
0,0.4391876365957385
0,0.5158847721618123
0,0.32465190476485417
0,0.014287198210876838
1,0.8168949300962763
0,0.4715385246543672
0,0.4964175486795396
0,0.20633103877130898
1,0.44835952522692435
1,0.8473385778649856
1,0.6920301222057258
0,0.020674324603799647
0,0.35094138632471455
0,0.27474886285805933
0,0.40875253480370566
0,0.12435009129263783
1,0.8220165417512031
1,0.3282608733270077
0,0.15283029211418497
1,0.24333541614291948
1,0.7947492751558619
0,0.2801163948099039
1,0.35940109402017345
1,0.2137943431970731
0,0.2145461520979956
0,0.40363972390451586
1,0.4261539848402422
0,0.22930923776430537
0,0.016025465726632968
0,0.21049291270504777
0,0.5181058467503823
0,0.2617775063130405
1,0.5698032793632136
1,0.5509360940876922
0,0.03763850889863167
1,0.8659618908706324
0,0.44797948159439294
0,0.537701787772798
0,0.42441318168491043
1,0.7097112276670371
0,0.41124413891751344
0,0.3008525509106376
0,0.1991516787966134
1,0.3499408639811874
0,0.3344282698382887
0,0.21895971008681797
1,0.7293086098298978
1,0.5993260989259132
1,0.16581468562955196
1,0.41046240596906775
0,0.03700048608105377
1,0.37696374757678625
1,0.8721719593689934
1,0.850166997786407
0,0.3756222386485127
0,0.29126209049189
0,0.32698250487121505
1,0.38075865418136784
1,0.6467978110900121
0,0.014287198210876838
1,0.3924891588381628
1,0.6535772646249304
1,0.1730455565122108
1,0.5032524963952829
0,0.18798786636421153
0,0.2130418558743601
0,0.020759554519677287
0,0.2542746445975302
0,0.2367797509624122
0,0.0638139145206776
0,0.5325258047014106
0,0.3755094009857724
0,0.18517378667371998
1,0.5909627295134402
1,0.8995587699516445
0,0.02208532503156335
1,0.9090173867932108
1,0.6508493929246655
0,0.023243226452534644
0,0.05334342442646107
1,0.5280809213302624
0,0.3494030719724901
0,0.21636103163231943
0,0.19442915217594425
0,0.20419493536634853
1,0.3782753833389362
0,0.023243226452534644
1,0.9212729491651062
0,0.058376512425505754
0,0.24253643154414273
0,0.020759554519677287
0,0.20197139121160124
1,0.675206503183896
0,0.6229900749851702
0,0.17641748438524144
0,0.016025465726632968
1,0.2551750777185223
1,0.37144557356921587
0,0.027225739410350978
0,0.186890338138504
0,0.020759554519677287
0,0.32936279506183014
0,0.04253374806806438
0,0.32572049834770767
0,0.12259847450622735
0,0.0510354626409336
0,0.4195825137492252
0,0.45557556830562734
0,0.24919140293804193
0,0.21058409094675037
0,0.2731528861603505
1,0.6354308931227414
0,0.6755758205861117
0,0.016029848671382782
0,0.35877632677772486
0,0.7220305818442021
1,0.7759704150421107
0,0.15283029211418497
0,0.09894204994449306
0,0.26343111431429767
1,0.2598548719111278
0,0.582313161033893
1,0.6458100535825355
1,0.9001490058484551
1,0.22898854855654627
0,0.2765191749975707
0,0.0983978448606313
1,0.8301506915621322
1,0.6025116547014437
0,0.2649837713885448
0,0.2500516746917026
0,0.470924403880764
1,0.350678685046845
1,0.5645070561028558
1,0.6869748506150687
1,0.20180454011562388
0,0.302040517948492
0,0.016025465726632968
0,0.1730455565122108
1,0.8901768250631041
1,0.5462441636090918
0,0.4066225089416999
0,0.016029848671382782
0,0.08927322200714921
0,0.21600361307258717
0,0.3130189839620048
0,0.17679655507308337
1,0.293298919047348
1,0.7578546511660239
0,0.411832611357609
0,0.33156677655172345
0,0.1781595198894932
1,0.8512557124527608
1,0.6268383578764598
0,0.2708489962258484
0,0.5046503067977218
0,0.3886734525416836
0,0.12276014053402513
0,0.3699763009061235
0,0.06855598760186657
1,0.737674265567376
0,0.16581468562955196
0,0.6336644046818092
0,0.483076590761231
1,0.32108235824730563
0,0.07981264627622282
0,0.28133198153388134
0,0.03659467455224364
1,0.7102273365027081
0,0.30013943329724163
0,0.17404150955725592
0,0.016025465726632968
0,0.248177496753371
0,0.020759554519677287
0,0.22034172155506446
1,0.3445152422166158
1,0.5082639981725511
0,0.016025465726632968
0,0.23587816002187006
1,0.3035001467951697
1,0.7530102602223887
0,0.35288438572623987
0,0.3569560724386488
0,0.21015293717849418
1,0.11794055035913004
0,0.2601125921177905
1,0.6746590400479955
1,0.6524225691045199
1,0.8125977254223463
0,0.18706578308793678
0,0.15662466257037233
1,0.6922656171383815
0,0.15283029211418497
0,0.12266598587543717
0,0.2120690398052596
1,0.32690706457907404
0,0.020759554519677287
0,0.484040023532877
1,0.8273507399701491
0,0.020759554519677287
1,0.19800646791209245
0,0.5651033520993272
0,0.3691410025298509
0,0.4515363780679219
0,0.7262639158210562
1,0.6130711617960528
0,0.28196511587746614
1,0.029844229072196266
1,0.5394117980709738
0,0.37794927029538594
1,0.5419545162517977
1,0.33953767697362935
0,0.06199806906641487
0,0.03851722453240173
1,0.6585325692077861
1,0.36149383631426546
0,0.4005750052744344
0,0.24895714094130325
0,0.03665029802775323
1,0.825860257257783
0,0.5526302635894939
0,0.18100402157120984
0,0.2579167877940287
0,0.19176767051090376
0,0.22323390765013826
0,0.04324460363328405
0,0.3801496974317737
1,0.5013807786965615
0,0.24924838898242424
1,0.2878984487205057
1,0.4724381350628376
1,0.31663490450585835
0,0.20948555274017877
0,0.03700048608105377
1,0.8256218261063594
0,0.3967362516836312
0,0.2169939444418571
0,0.05357773633785911
0,0.6457108407703588
0,0.6306553412985546
0,0.3340934038605398
0,0.5265551003313077
0,0.03726055641189358
0,0.0636031780828374
1,0.8959180447723089
0,0.16092692451622778
1,0.2840355575638225
0,0.23804009749937105
0,0.21230221150185566
0,0.34544260815223454
0,0.0960109289917457
0,0.016025465726632968
1,0.699515521111704
1,0.19639140793794713
0,0.20477537597588907
0,0.357537104052397
1,0.2542847797835339
0,0.023243226452534644
0,0.2766877018882914
0,0.6273282288608951
1,0.80384914583511
1,0.8869040493903245
1,0.23918947894784845
0,0.2731370345180369
1,0.35519098085160045
0,0.5793924790193111
0,0.2688799192701155
0,0.28617197799346594
0,0.4313953201678774
0,0.016029848671382782
0,0.02164787985348531
1,0.47441970189925986
1,0.19504548460098256
1,0.24708623427844284
1,0.6887523467811508
0,0.4670054198821712
0,0.15283029211418497
1,0.5814880116073227
0,0.15621018597803735
0,0.16336351106374197
0,0.3624968860425251
1,0.25654547304193653
1,0.6070942845570722
0,0.04516223792252809
1,0.38515934941598384
0,0.2764044070500557
0,0.020759554519677287
0,0.016025465726632968
0,0.23783648511974714
0,0.235987751080783
0,0.08885492401336262
1,0.30337346694266143
1,0.27260473043093547
0,0.13804665304186742
1,0.4479743174886931
0,0.04878047361095697
0,0.19552640375144154
0,0.2994791620680427
0,0.023243226452534644
0,0.6306205128202472
0,0.27483296266262863
1,0.8430259857624721
1,0.4366616753918002
1,0.3834162058135779
0,0.49600055299363777
1,0.6980660377015301
1,0.40918272941754824
1,0.9049773761488191
0,0.3241156982749332
1,0.5172168320516712
0,0.03953755873724403
1,0.5567241961841143
1,0.8328797134008186
0,0.2922303957996656
0,0.1730069256292756
1,0.805433099077417
0,0.1948033248827447
1,0.7863845093643572
0,0.2130418558743601
1,0.5390225339252495
1,0.6052313179354577
1,0.26624287144267267
0,0.38527648594286246
0,0.03508802242607645
0,0.12435009129263783
0,0.05034629224820219
0,0.1900300116559163
1,0.41194362719917527
0,0.2108130915462451
1,0.7238422388966163
1,0.6676919024096756
0,0.37743861057528644
1,0.693465204839878
1,0.5440793675435338
0,0.28019570859027265
1,0.4961510930844116
0,0.37317397921332857
1,0.7541676256890179
0,0.22162690949881314
1,0.2827569873236181
1,0.5747970808485018
1,0.48069034634270613
0,0.3246308979387453
1,0.658865064249654
1,0.5106911004145314
0,0.023243226452534644
0,0.25035180730184475
1,0.5745716545275235
1,0.7854796312191834
1,0.5707869567534819
1,0.518084645777582
0,0.22670809273984655
0,0.23509343607492747
1,0.32104724011636765
0,0.23378931243278622
0,0.46329222019321276
0,0.11026977096411021
0,0.016029848671382782
0,0.21806139050289208
0,0.546298897697453
1,0.1787424724972516
0,0.27903460473227576
0,0.7439639951254786
1,0.8146647271048747
1,0.5541201571820067
0,0.32854683907853277
1,0.6835306489839662
1,0.9084094257344105
1,0.4370581728955217
1,0.6706169034686911
1,0.6459948763203174
0,0.24698848592801176
1,0.5697926878813362
0,0.2669655097241832
1,0.6027732945390525
1,0.3428811494172476
0,0.21217373060544584
0,0.20023288886594184
0,0.3034336611909282
1,0.4142924547749819
1,0.7577570568660174
0,0.4703096476922337
0,0.2010291789092128
0,0.2618298169853766
0,0.3100307019984546
1,0.8952361483379125
1,0.4627982621189522
1,0.5398903882221983
0,0.13586664186257577
0,0.25237217815431073
0,0.15391496000847077
0,0.30841296088622755
0,0.3390568318050826
1,0.46465625753020645
0,0.07462790103689806
0,0.1962469860024024
0,0.2814632695509189
0,0.19301146554177562
0,0.27414136336702427
0,0.24660925778138984
0,0.02756159201685762
0,0.30462826513457786
1,0.7240026157130176
0,0.17721215925427616
0,0.26050808064056885
1,0.32238684244615995
0,0.760959165696731
0,0.08504874364471089
0,0.023243226452534644
1,0.1689495916498226
1,0.8519705345941787
0,0.08803241527090222
0,0.016029848671382782
0,0.016029848671382782
0,0.02756159201685762
0,0.322221712648371
0,0.19127555555022063
1,0.8156895465314987
0,0.3067284411415224
0,0.2946372793460591
0,0.363733589282594
0,0.2596792654204567
1,0.38315372766511907
1,0.37272030115365135
1,0.8184922829845169
1,0.23042754725926096
0,0.013653635768596115
1,0.1793263250753475
0,0.34246062283298473
1,0.3589889479524357
0,0.1728304257170416
0,0.3045827352260615
1,0.7105247710421064
1,0.6787583301859925
0,0.2267183999533345
0,0.49678625214632866
0,0.6437457085545145
1,0.6916812250207314
1,0.6179591686086516
1,0.368186330855242
0,0.2856251658015323
0,0.3693694046546212
0,0.29649640227175567
1,0.8112094159516835
0,0.1951189602761776
0,0.35082787501441864
0,0.5927243148448791
0,0.2409438302052556
1,0.7458350714408623
0,0.2585481717233988
0,0.016029848671382782
0,0.027551065072096547
1,0.825860257257783
0,0.3690874963126822
0,0.24042590857446072
1,0.7696117210154472
1,0.34317866679700904
0,0.02731220122410384
0,0.24882543894078996
0,0.02139825225585009
1,0.49020044242411526
0,0.5811172515523537
1,0.698327585986625
1,0.5125095264255771
0,0.2234182781935915
0,0.16528719857396723
0,0.3792759884763378
0,0.07244370328012203
1,0.6479985144975814
1,0.5683326404383364
0,0.37735783559948066
0,0.40092401202482864
0,0.4327680135527295
0,0.5189853211281492
1,0.6263481652414856
0,0.03245529098374811
0,0.30211251864144595
0,0.17034269027775922
0,0.5181058467503823
0,0.26304500502681744
1,0.6784058992089821
0,0.3047331737562572
0,0.31641693867845
1,0.27670711144858623
0,0.03996509064943697
1,0.8799970967761602
0,0.044111205376329066
1,0.5457106387561755
0,0.21051347137089935
1,0.014287198210876838
0,0.25492430915845393
1,0.4901060574406157
1,0.6686187786591768
0,0.020378382602916023
1,0.7387735721739845
1,0.9084094257344105
1,0.31249037862804063
0,0.35184991947280164
0,0.18796510591861415
1,0.7079314012978313
0,0.2862903836527627
1,0.45656244862621437
0,0.24134320857137237
0,0.214121565584352
0,0.023243226452534644
0,0.09829936063604883
0,0.40142259070227326
0,0.2572829625330529
1,0.839198937544635
0,0.7192030480602107
0,0.4640677116536749
1,0.442686336134947
0,0.1788206609197661
1,0.6788415762147428
0,0.052023907325552184
0,0.4276909092799631
0,0.27077231895360476
0,0.2255250309729919
0,0.2464005927424994
0,0.34711529958809023
1,0.16329268592273458
0,0.23768738822068208
0,0.2545215443706719
1,0.7485807293379912
0,0.28005601434827954
1,0.33932837740093097
0,0.24490729512727774
0,0.2708069216946741
0,0.6556786868866978
0,0.023243226452534644
0,0.30039543274000285
0,0.18009884010974325
1,0.7388284701136948
1,0.7696557759836952
1,0.32552827527002004
0,0.2051357217335857
0,0.19815545022536005
1,0.6188445417280107
0,0.016029848671382782
0,0.03808120856008133
0,0.20419493536634853
0,0.20783052917374056
1,0.2795752828645749
0,0.5121760008711216
0,0.29580088243570823
0,0.37132979125608856
0,0.1651867543420492
0,0.47944541361571996
0,0.4854049711862476
0,0.19946688887318986
0,0.5209426437573615
0,0.28353321398170744
0,0.3975651528938737
1,0.8063130640591395
1,0.3203533547007246
1,0.2799286711418713
1,0.8025041989903203
1,0.2835372319072882
0,0.4312647843812737
0,0.35683404776632904
1,0.7171218001788396
0,0.34093550290941743
0,0.23321979028690623
1,0.38885462562445694
0,0.2953506648649993
1,0.38813393154014914
0,0.3568542561785569
1,0.6898942307292542
0,0.3611929027907368
0,0.21109187690785333
0,0.5669136857010271
1,0.30216410287640216
1,0.2748478623031616
1,0.8014021063329141
0,0.14254294465350875
0,0.19779417013390105
0,0.06822370359916968
0,0.3499527415412455
0,0.6591133990953324
0,0.24509123444187997
0,0.048063799064683
0,0.45425744043931515
0,0.17502880631851236
0,0.19946832026806566
0,0.05787706139421808
0,0.18489198259221348
0,0.2617775063130405
1,0.8567806350060466
0,0.3392273331483864
0,0.4741555017352947
0,0.23994263618031647
0,0.03347571849785743
0,0.20648366688280528
0,0.2557953074001727
1,0.5954915049491486
0,0.2921641302037195
0,0.2374445014206258
0,0.025802530326194662
0,0.6969388428349328
1,0.24708442842424355
1,0.5237043710105967
1,0.6605619110080799
0,0.2986040242016561
0,0.25507453291088006
1,0.6565891406321173
1,0.48056668975784617
1,0.7646109747285217
0,0.5676926195421794
0,0.39656611665753694
1,0.34401649004918833
0,0.30662331099107765
0,0.2696860457388857
0,0.39727294466135477
0,0.35842972263441675
0,0.525585734218452
1,0.5577692757811117
0,0.3840061186725553
0,0.3289844603602396
0,0.5145966771773545
1,0.3313479421461293
0,0.5640137361395536
0,0.6105215022057561
1,0.3699555401788114
0,0.04081868970581862
1,0.4791238298744531
0,0.6509930233647849
0,0.3916158060013867
0,0.38026800909527486
0,0.029000376460039244
1,0.6460295646065309
0,0.20688613821456817
0,0.20224500438373966
0,0.22615897571966603
0,0.014287198210876838
0,0.14262103369764442
0,0.03700048608105377
1,0.5343766723911023
0,0.27211340447799937
0,0.17952645546705404
1,0.27286667718896074
0,0.29649640227175567
0,0.3791403626769172
1,0.20805639130587683
0,0.6878357810808485
1,0.38701092853897884
0,0.24756613116065027
1,0.5363208405083264
0,0.30851385192365205
1,0.4428417167457916
0,0.2054933452986052
1,0.33231891514985096
1,0.3291832677989076
0,0.19655761273767303
0,0.016029848671382782
0,0.20040413540566202
0,0.17569473903904964
1,0.661705966527583
0,0.8656237223752323
1,0.43022887218078876
0,0.06103565868435799
0,0.034990197430274844
0,0.2787456917470675
0,0.2792735696890929
1,0.3833945097255084
0,0.27150997559622053
1,0.6250476426560744
0,0.22359434623361588
1,0.21723307043729467
0,0.37143973892751037
0,0.24461112003178512
1,0.41280262555386477
0,0.20218480232289873
1,0.7108143199369815
0,0.1344148469639664
0,0.20948555274017877
1,0.1950939270505746
0,0.683356778231913
1,0.7748598321750193
0,0.023243226452534644
1,0.6315474900088823
1,0.7260128728955626
0,0.1730455565122108
0,0.1352008988637953
0,0.22008122270808517
1,0.40056173499295566
1,0.7754663503515984
1,0.2226094153732958
0,0.6229720596513233
0,0.3327352291111665
0,0.44334989213361303
1,0.2749385472388479
0,0.20242954312278338
1,0.3756598643692137
0,0.2084318644276288
0,0.57238208826289
1,0.7311621319207484
0,0.2608010712257075
1,0.6025072061571425
0,0.17280859637794463
0,0.20507244325945997
1,0.46718985242759475
0,0.11870342757607083
0,0.1907590959396469
1,0.32377552293031164
0,0.06358213727952557
0,0.3153527748818952
0,0.016025465726632968
1,0.4163276418453968
0,0.014287198210876838
1,0.6445770979489561
0,0.7965836658962573
0,0.3837107542185322
1,0.7904668748969629
1,0.25654547304193653
0,0.2080012667502732
1,0.38701092853897884
1,0.3405490589536841
1,0.32164320391324636
0,0.6453652656001667
0,0.2490276556284228
0,0.34201457979814526
0,0.23622659118863637
0,0.38311476047069354
0,0.03700048608105377
0,0.016025465726632968
1,0.7807041083451335
1,0.4226866990538415
0,0.321687152460377
0,0.45703220087508145
0,0.5406771100282534
1,0.4439467006854271
1,0.7150781788210353
0,0.684891722225525
1,0.5627824318055176
0,0.18130782614520674
1,0.8358472253426267
0,0.17457307825240576
0,0.15912623285369398
1,0.06583828772636567
0,0.020378382602916023
0,0.11520308355348419
1,0.6818097668344343
1,0.2659863153840561
0,0.21941195379958853
0,0.2982443928046846
1,0.5715144588981502
0,0.06277291626524865
0,0.14230170592866495
0,0.24278728359214183
0,0.2235490751524935
0,0.18234636509728258
0,0.31085240686705623
0,0.04225346109987339
1,0.8799970967761602
0,0.2867021990566716
0,0.20416987659285427
0,0.13800837617236542
0,0.05628021344800023
1,0.30203846315532046
0,0.25730957769140395
0,0.3754152250293594
0,0.09280166778333306
1,0.2752314110562615
0,0.02406436949712474
0,0.30462826513457786
1,0.8513615191134694
1,0.7734746194786762
0,0.21682300345742575
0,0.23495488321629515
0,0.8108473349962612
1,0.6898963223406316
1,0.32685939179057
0,0.35840477576239727
0,0.2122854298743105
1,0.6482901265109287
0,0.04693496014172322
0,0.3602320972920378
0,0.4860529604044671
0,0.23748698901131135
0,0.171746592475805
1,0.7046658789916281
1,0.7012341017043487
0,0.210838023925888
0,0.016025465726632968
0,0.15793969785563391
0,0.020759554519677287
0,0.24092258090826965
0,0.8000832760555051
0,0.020759554519677287
1,0.3699093461008858
0,0.17457307825240576
1,0.7462884036035908
0,0.15283029211418497
0,0.7423541422303007
1,0.6469399241367461
1,0.5854168863386119
0,0.3209686466935873
0,0.4267913670368694
0,0.8703165973421628
1,0.19878067807447186
0,0.1429637515135133
1,0.34606239021630864
0,0.016029848671382782
0,0.19553566738638375
1,0.7530402194905735
0,0.20014121043229852
1,0.5627982457069965
0,0.054454043300043505
0,0.2199926265403276
1,0.4770801351069767
0,0.09532097004087381
1,0.4786997180703777
0,0.17991522048935377
1,0.8799970967761602
0,0.023243226452534644
1,0.2858240708368666
0,0.3179660680156085
0,0.5300349503450837
1,0.5276086758968828
0,0.11254114520251224
0,0.056447635579970824
0,0.34371014334301964
1,0.8157451544073812
0,0.0304068722417274
1,0.5390691180672011
0,0.13363788798025034
0,0.02608549636914368
0,0.4455949997015496
0,0.1962469860024024
1,0.48264652950014114
1,0.4670142113904024
0,0.3118812214545266
0,0.06507695586832864
1,0.7089972508112538
1,0.5350099743944674
0,0.016025465726632968
0,0.22636455733172775
0,0.6580850278173702
0,0.023243226452534644
1,0.458902480489959
0,0.06822370359916968
0,0.35680690142587335
0,0.151047035656809
0,0.19761961754646643
0,0.3183025404333477
1,0.4827399120053598
0,0.2991529153184282
0,0.27287116799249944
0,0.19061250153444242
0,0.2317112376740599
0,0.05385340825170654
0,0.09053442247601752
0,0.2081216713723193
1,0.8004754995874734
1,0.5154726935869841
0,0.45554844194348443
0,0.30773819808118585
1,0.6634736205004773
0,0.32007159740083535
0,0.31237447167715915
0,0.649763954369656
0,0.016029848671382782
0,0.19002643618376985
0,0.4160306059030508
1,0.7293009913061503
0,0.016025465726632968
0,0.23802209037640065
0,0.45526332270497916
0,0.19629516321805635
0,0.04558793160310879
1,0.6691203506939367
0,0.3897633651215854
0,0.339984534008815
1,0.7186923878974014
1,0.5158847721618123
1,0.35598963985449744
1,0.5224461460091546
1,0.8383869656137903
1,0.5640892188692572
1,0.8562108844483395
0,0.35275829713904167
0,0.21340767307296257
0,0.25869505669926
0,0.6361810683680799
0,0.02317127996668178
1,0.8009073719254572
0,0.0649356870506474
1,0.25621378173696713
0,0.020378382602916023
0,0.14817037004457875
1,0.6130104295675595
0,0.23211002733955147
0,0.20637525517186964
0,0.25216641053700256
1,0.3477762894790647
0,0.24453450979106692
0,0.016025465726632968
0,0.16336351106374197
0,0.5963489761812814
0,0.06218283186515966
0,0.2792735696890929
0,0.8799229114140489
1,0.35620744860064807
0,0.23516921741720873
0,0.09729947018811262
0,0.26116449095997135
1,0.3223278153255037
0,0.05167932644753119
0,0.3992704789788227
0,0.36325088142211653
0,0.2990326174864445
0,0.5342623878289255
1,0.8113849348063407
0,0.28314615717839847
0,0.28250280299140235
0,0.2825256357528818
0,0.23307941722714684
0,0.4557987203472201
1,0.45410401462851413
0,0.18657504947096964
1,0.18947696878372225
0,0.32235349013324605
0,0.2756885042425532
1,0.7393262174231957
0,0.25043454833094636
0,0.020759554519677287
1,0.24774624532672995
0,0.016025465726632968
0,0.3618448728088944
0,0.016029848671382782
0,0.03851722453240173
0,0.20648366688280528
1,0.9068774285258103
0,0.02665960080708959
1,0.37814415192555395
0,0.044595106814931486
0,0.0699324884763857
1,0.7740325881926198
1,0.7393262174231957
1,0.6083712586422695
0,0.15635317945137395
0,0.288688682718237
0,0.24399070263291686
0,0.15381377922411246
1,0.25833705611361485
0,0.5736512374421212
1,0.601078833404082
0,0.27581659821468707
1,0.5303421096331042
0,0.058376512425505754
0,0.2510823736218585
0,0.3314655474167362
0,0.014287198210876838
0,0.25699696448402715
1,0.5713216648696214
0,0.47582824252208755
0,0.7257104762284542
1,0.6666034640761974
0,0.28052923990349227
1,0.2787852196964341
1,0.291506052162418
0,0.17457307825240576
1,0.49132836817131126
0,0.5671124063598646
0,0.02875616085184552
1,0.5639066502356824
1,0.35285806894352945
0,0.214121565584352
0,0.34070590567121395
1,0.4707985917617284
1,0.49540535363735444
0,0.5793924790193111
1,0.7202477319785549
0,0.20189539988626284
1,0.5754802973630535
0,0.7434418585255704
0,0.2168855070347157
1,0.7012341017043487
0,0.05581499806806438
1,0.6892521419087138
1,0.6323385951549623
0,0.2694306688713311
1,0.42021367548466104
1,0.5643203031946206
1,0.5653325651266727
0,0.17278982179502977
1,0.3884833055382907
0,0.016029848671382782
1,0.42163657135690585
0,0.076566563660419
1,0.6572433899107583
0,0.016029848671382782
1,0.2788024608141085
0,0.38315372766511907
1,0.5904935589229009
0,0.22918476072400246
0,0.28935947478594926
0,0.4228665643770838
0,0.5683750993334217
0,0.6797888783420235
0,0.22159649144864937
1,0.6726134907718515
1,0.8065280550197128
0,0.3652173453212437
1,0.8812165941741079
0,0.1719203850992265
0,0.151047035656809
0,0.016025465726632968
0,0.5103929064778087
0,0.03288111232204184
1,0.6091600961508818
0,0.12716347842429465
1,0.20188124380413697
0,0.33496715670712
0,0.023243226452534644
0,0.023243226452534644
1,0.2757486985340579
1,0.7714664304719467
0,0.15159878426417694
1,0.2572046537130786
0,0.09489932773757308
0,0.1949994583761453
1,0.3156008642604178
0,0.016025465726632968
0,0.2049609612275196
0,0.09844939035389237
1,0.6743611399476365
0,0.2531039786437075
0,0.15374053811753088
1,0.427874088028251
1,0.8532705868571304
0,0.379204363373437
1,0.7693140684700382
1,0.7301873603679058
0,0.06980410369182302
1,0.5152411011992623
1,0.35774544059970254
0,0.02891487241874254
1,0.6911907170522955
1,0.5026554609915098
0,0.3176676095972184
1,0.3176540219389581
0,0.03393810287646541
0,0.2688982934806216
0,0.37932701104768196
0,0.24759940230618868
0,0.016025465726632968
1,0.2779237498203724
1,0.5659007362257442
0,0.46494744416466066
0,0.24268360840056397
1,0.573413275089434
1,0.6156002957164145
0,0.19418707219938994
1,0.5947751664993901
0,0.36429039996249446
1,0.5731506725098595
0,0.13954820260951306
0,0.2966053950552394
0,0.09944315067692494
0,0.016029848671382782
0,0.33232765887244264
0,0.4097784413687766
0,0.2439569791593434
0,0.17278982179502977
0,0.3193549387227913
1,0.2760346460178006
0,0.6007682852229008
0,0.14490513940106808
1,0.3638899570014221
0,0.11890076673752768
1,0.6972753132544007
0,0.016025465726632968
0,0.30646250246721507
1,0.30656017786340034
0,0.2969004569043544
0,0.016029848671382782
0,0.020759554519677287
1,0.7049365109349498
1,0.7834680403850891
0,0.3463292391348741
1,0.6438235549914281
0,0.7654164839599008
0,0.3259693149608486
0,0.02650253155043674
1,0.7982202093208611
1,0.24983088934252085
0,0.020759554519677287
0,0.21173743016226915
1,0.6749438367113088
0,0.2082748378571364
0,0.18043097664233632
0,0.4123091749942031
0,0.4138636630236801
1,0.6832703771217765
0,0.016025465726632968
1,0.527734080334217
1,0.5017863638103779
1,0.37390601734233575
0,0.016025465726632968
0,0.07129385122756896
0,0.2611136724627076
0,0.040725490691283374
1,0.4238996518089328
1,0.5606015377036758
1,0.7366715033666443
1,0.5851442015508533
1,0.4529514239215155
0,0.16336351106374197
0,0.3195293026615134
0,0.22234602335712125
1,0.6854050559990501
0,0.2644510236866229
0,0.5562860062782892
1,0.4648779162564224
0,0.24014884389405203
1,0.08682683434245185
0,0.18220208311388292
1,0.5722420026252586
0,0.1808772621444438
1,0.7014651435651268
1,0.7553990334488767
0,0.215576266113583
1,0.8891749070130166
1,0.22723101232535922
1,0.7062782602000924
1,0.6348251111027126
0,0.3568203087455738
1,0.2430601090223069
1,0.4322634892573047
0,0.20783475141988123
0,0.3351320796843333
0,0.19825459162240724
0,0.41346256083605065
0,0.22721432385250165
0,0.020759554519677287
0,0.2566360279327422
1,0.2913364738043895
1,0.8127293957419977
0,0.016025465726632968
0,0.20507244325945997
1,0.3800915468288958
0,0.19939726285568024
0,0.29006200681490957
0,0.17186919166121659
1,0.7123795644245108
1,0.825860257257783
1,0.7780628321209586
1,0.2995950739336512
0,0.6726468773640455
0,0.2877009895747438
0,0.18992601259250624
0,0.30353179669857877
0,0.19559731776282113
1,0.7378797736680939
1,0.5898953581202883
1,0.2110458514730795
0,0.3552457176850643
0,0.24931293161056622
0,0.016029848671382782
1,0.5658632428473321
1,0.7991078214117244
0,0.12675437476514884
1,0.6312167855159481
0,0.16336351106374197
1,0.850166997786407
0,0.4012108449118375
1,0.5671163895460645
0,0.35288438572623987
1,0.5509360940876922
0,0.4871994043389527
0,0.08136396415865658
0,0.186067815079298
1,0.49881988103582525
1,0.4575495877328216
0,0.693842538998223
0,0.46552390113251824
0,0.16622197892965815
0,0.08550655112509113
0,0.20284050002043202
0,0.22977415921556185
0,0.29344640755291895
0,0.2923853094390894
0,0.19714847746750336
1,0.5803807501165977
0,0.020759554519677287
0,0.3960784897190064
0,0.17186919166121659
1,0.4402441043845971
0,0.19658032634316863
1,0.2277105236229897
0,0.02897882929442574
0,0.6290632143771109
0,0.41186751532564786
0,0.16693208628624556
1,0.49734356748160596
1,0.8235388810495584
1,0.3478742717220622
0,0.022278139620247973
0,0.1727211954629503
0,0.6927930305344013
0,0.2574510962247037
0,0.25425689744124996
0,0.016029848671382782
1,0.7055826623560377
0,0.15381377922411246
0,0.2817570590521506
1,0.6928430745829269
0,0.22699330633007306
1,0.28870667115834064
1,0.5475066694823815
0,0.28251458532328355
0,0.26103431200655774
0,0.5270494770061789
0,0.2199377931386645
1,0.29262866871989707
1,0.29959010711310413
0,0.06524141841747076
0,0.38420510448688366
1,0.2644162743471042
1,0.6095062781536231
1,0.3173977327728732
0,0.34317866679700904
0,0.21578107592093101
0,0.20908302678174845
1,0.5047702302065372
0,0.18841038426004877
0,0.28175270100807226
1,0.5712173133864139
1,0.6415684983862225
0,0.8125977254223463
1,0.5739158886317962
0,0.4870402771104876
0,0.26709239578630456
0,0.26643291361941723
0,0.4190008939385612
0,0.08187721133854259
1,0.5256215621985242
1,0.3510219150620715
0,0.20472543539316695
0,0.4546874097198639
1,0.8899705431555665
1,0.8130135397192537
1,0.75398886998043
1,0.26873475887609566
0,0.33143023957917667
1,0.757551790738951
0,0.17186919166121659
0,0.20833094828463658
1,0.8727904238014859
1,0.016029848671382782
0,0.18172777622777972
0,0.2211436829317168
1,0.6118145465005337
0,0.044595106814931486
0,0.2692793595116618
0,0.21530253541683173
1,0.8664011828847675
0,0.020759554519677287
1,0.6648534144041329
0,0.572293192768829
1,0.18079390106717266
1,0.39665419720123074
1,0.09694034951777945
0,0.4048528761073514
1,0.020759554519677287
0,0.19505546156391806
0,0.3447421694326617
0,0.4511985032715709
0,0.1938322238078339
0,0.02317127996668178
1,0.8072169116523393
0,0.039010941781883815
0,0.2810626535131632
0,0.020759554519677287
1,0.45008074091058925
1,0.5576743548276789
1,0.6751043731501155
0,0.0699324884763857
0,0.11469110724361335
0,0.25614229272722894
0,0.20557752278201788
0,0.2130418558743601
0,0.6094062821640011
0,0.1547386800044038
0,0.27562481865331395
1,0.8843828013733737
0,0.17398551331247053
1,0.3562836847937349
0,0.2534488338582061
0,0.06516780689638864
0,0.02639149028048478
0,0.19959068381752534
0,0.016029848671382782
0,0.016029848671382782
1,0.6758548748505498
0,0.3157879593648983
0,0.09403317563334107
0,0.6294157582588392
0,0.30800249965195947
0,0.02406436949712474
0,0.37631348834042816
1,0.45915088649916586
0,0.05496016293903571
0,0.46062527933222924
1,0.8529561040401782
0,0.3500083200384629
0,0.26108311456947364
0,0.29031374687821815
1,0.7009400016671788
1,0.4723592494399724
0,0.18188879142599285
0,0.043045354074650634
0,0.6408177418455616
1,0.7482441099520192
1,0.5917284599334538
1,0.3084336270200237
0,0.23652272656313889
1,0.4534694292127888
0,0.33547136812139755
0,0.25829177896362404
0,0.357537104052397
1,0.802501661684689
0,0.23876443450180931
0,0.17482948576824953
0,0.21688850377814334
0,0.028324202426682432
0,0.15098706325003813
0,0.24152287434680852
0,0.23840219186546752
1,0.5303308967685446
1,0.33044298608096895
0,0.2212883900746347
0,0.016025465726632968
0,0.5554998912514858
1,0.48576265616017233
0,0.25581204636840615
0,0.85918847451532
0,0.3654950497647952
1,0.5057760004070441
0,0.07641507611624337
1,0.3806084408219897
1,0.6762835234092702
0,0.33153431311574016
1,0.5608023767518082
1,0.8117578354846384
1,0.6320701620130822
1,0.38018214009709156
0,0.37071376175828835
1,0.6575180444976262
0,0.19494926975025062
0,0.2684217282278547
0,0.32827040652397327
0,0.27741586501110854
0,0.3019367440991932
1,0.6063354303275292
0,0.22549607090283935
0,0.016025465726632968
0,0.020759554519677287
0,0.20268647236099702
0,0.23132352333418654
0,0.03229086120227496
1,0.48704661894725354
1,0.6983050275471057
0,0.20496125953978717
0,0.41570450487033195
1,0.7595433307018151
0,0.6074455695515967
1,0.40809673682205416
0,0.4207449345052775
1,0.6960087992960876
0,0.03096651025685278
1,0.5292019116307123
0,0.02665960080708959
0,0.20082443012619258
0,0.3093750708784579
1,0.3302959516059443
0,0.5208873742233938
0,0.29127934089098095
0,0.23918947894784845
1,0.648672819754835
1,0.514889770213749
1,0.7030521631697101
1,0.47517287279683723
1,0.5687174521346802
0,0.3565147151234211
0,0.020759554519677287
0,0.02406436949712474
0,0.20027231177965063
0,0.1478572167568464
0,0.4655177756689853
1,0.7420102721183182
1,0.5422271761973007
0,0.421986000700941
0,0.04906495750584407
0,0.2147863370839785
1,0.70929599468952
0,0.2226508284803499
1,0.3774558989569622
0,0.2266005513785947
0,0.41474834459052695
1,0.7135103863826558
0,0.3340934038605398
0,0.04237648720531226
0,0.45319879681543307
0,0.27264006267441154
1,0.602636409451161
0,0.2027264191996239
0,0.193422978404506
0,0.22793204527350633
0,0.2130418558743601
0,0.6015092595895237
0,0.29880549916229987
0,0.25965840285156666
0,0.06760047560150541
1,0.9049773761488191
1,0.542213923890723
1,0.7014860916294188
0,0.5700727931717515
0,0.618229141908992
0,0.396842671559355
0,0.19271644164217278
0,0.21053526863703473
0,0.016025465726632968
0,0.37963639199967836
1,0.37272030115365135
0,0.08003451284900004
1,0.5333934955379589
0,0.2206733203126302
0,0.016025465726632968
1,0.5388864363030618
1,0.26873261973035056
0,0.035168348340235814
0,0.28425592093739005
0,0.06507695586832864
0,0.3182577464007066
0,0.595083274046956
1,0.2597197533514927
1,0.5423541169665799
0,0.3151721579657332
0,0.02317127996668178
0,0.14891888488714525
1,0.6914319498070319
1,0.300293568615187
1,0.7434418585255704
0,0.28077743911974634
0,0.5894328354943107
1,0.7013189176918493
1,0.49368961305560505
0,0.30309739702284366
0,0.5942058788207386
0,0.41402547464468137
0,0.016025465726632968
1,0.5347343328298028
1,0.4707985917617284
0,0.23492787462460324
0,0.19325991437884138
1,0.29481248973763596
0,0.22991045629249157
0,0.09501118190432364
1,0.5537378217887959
0,0.1928293495397702
1,0.6306205128202472
0,0.29169245033617525
0,0.10533319998686286
0,0.11331553084177742
0,0.4414827949523001
0,0.22840929873452864
0,0.30467744330482505
1,0.8025089079218596
1,0.8995587699516445
0,0.020759554519677287
0,0.20643867260230872
0,0.27803616612556176
0,0.31101084117684213
1,0.4352634391340304
0,0.4641026093674203
1,0.22123129367968286
0,0.2743342653739192
0,0.4172824664424835
0,0.5716625762230584
1,0.5338969435962929
0,0.054454043300043505
1,0.499465567460992
0,0.2319986982985999
0,0.34544260815223454
1,0.5197417578560746
1,0.44932973953752847
0,0.28543518556663255
1,0.4430509093250919
0,0.19176733304446317
0,0.3067284411415224
0,0.047557046573007675
0,0.5716850380605725
0,0.023243226452534644
1,0.16763643340083173
1,0.6967598026110468
0,0.2794923358780981
1,0.5007322707610512
0,0.43521215433718896
1,0.6306205128202472
1,0.23551540154819817
1,0.26909255818330124
1,0.7807041083451335
1,0.5700426260612694
0,0.058376512425505754
0,0.18661979765164877
0,0.3611367459461576
1,0.23528307571163032
0,0.5224743960764666
1,0.4991405046861157
0,0.6288130366746387
1,0.6914287060832424
0,0.30034257730100683
1,0.2471382437165453
1,0.27973189586322295
1,0.26994358901155985
0,0.266260261972826
1,0.7410998422135313
0,0.014287198210876838
1,0.5121760008711216
1,0.7385308794575134
0,0.26495846804238865
1,0.309823759096112
1,0.3496627775346891
1,0.8519705345941787
0,0.19222589554073063
1,0.42597824599032513
0,0.20799780514180138
1,0.31088406989384193
0,0.30235439550433524
0,0.127740886716396
0,0.2868745723673619
0,0.22983615797648468
0,0.05034629224820219
0,0.5191976365546509
0,0.3357831655371785
0,0.1955964366375267
1,0.6822948106971037
1,0.8645058133711503
1,0.5608179314858501
0,0.020759554519677287
0,0.3342448470032282
0,0.4298990248462731
0,0.2150970401366003
1,0.2505147952119317
0,0.3432373126291915
0,0.020378382602916023
1,0.08682683434245185
1,0.7763428111696673
0,0.19714847746750336
0,0.30232229078214307
1,0.8108473349962612
0,0.31502664484334686
0,0.14473944105491768
1,0.4623118422369403
1,0.8613864997075885
0,0.17017397814063648
0,0.04074025712947671
0,0.3133102016658992
1,0.7388955599180262
1,0.05516466886324761
1,0.2572046537130786
1,0.4542850755613655
1,0.225068553817965
0,0.3118605883412298
0,0.19507252171693976
1,0.1945061140316397
1,0.7123849333060045
1,0.25502124484135197
0,0.31689069459178
1,0.6536608503453618
0,0.22568570736266838
0,0.023243226452534644
0,0.2735353045049519
0,0.3887738209306681
0,0.19553566738638375
0,0.024980287514545736
1,0.508872100057859
1,0.6280702122968845
0,0.19624605291063285
0,0.020759554519677287
1,0.28504212247592103
0,0.20532138139894252
1,0.8799970967761602
0,0.17701528460242774
0,0.04236354238928834
0,0.3436204966580243
0,0.6029732980934812
0,0.22699805443492027
0,0.38324811215523347
0,0.03339145387032663
0,0.22923171968494482
0,0.46188907681576086
1,0.6097248762509616
0,0.016025465726632968
0,0.21918164296137838
1,0.4068778572833637
0,0.25988757623210373
0,0.28475507886396767
0,0.17293368452269403
0,0.5955016855556454
0,0.020759554519677287
0,0.016025465726632968
1,0.5155175262279631
0,0.023243226452534644
0,0.2006403687654871
1,0.6902143479028912
1,0.4476409441246343
0,0.3650779264165778
1,0.352358823622816
1,0.4445423835908225
0,0.016025465726632968
1,0.3611322348409588
0,0.03669877579934296
0,0.20319389383921446
0,0.5755695456803636
0,0.27070407136054886
1,0.8102159793022496
1,0.6709880914570248
1,0.3584633701064339
0,0.04644951005078258
0,0.430419457076168
0,0.6020767276570131
0,0.5948692687735101
0,0.5495429031161417
0,0.33421650847400725
0,0.3311265958498604
1,0.4135523625725192
1,0.6512348777466357
0,0.31568124741028186
0,0.03418299922599313
0,0.016029848671382782
1,0.32419368192499215
0,0.24623124784951353
0,0.03467328517728443
1,0.420947496560369
0,0.023243226452534644
0,0.4212628859231747
0,0.18706578308793678
1,0.46001917424297983
0,0.016025465726632968
0,0.21536292281758312
0,0.10966095965544093
1,0.6015092595895237
