target,prediction
0,0.17144471470960249
0,0.008915563052718048
0,0.03594674719501536
0,0.09975688792500866
1,0.5203645975556702
0,0.07695931736570105
1,0.8631510013918694
0,0.010049465645975716
0,0.21395494213765853
0,0.05471165761771024
0,0.03089269119353473
0,0.011209578119603934
1,0.054898918790961836
0,0.15216918514978256
1,0.8773348372999386
0,0.0653056711092267
0,0.03772862731934143
1,0.20857603388695084
0,0.018618091417402057
0,0.03518952700771849
0,0.10312338900547464
0,0.2410879993820301
0,0.06646632673202432
1,0.5616107130796497
0,0.011045056933328039
0,0.28900025297589527
0,0.014617401511670666
0,0.051316607572219244
0,0.012458625424414069
1,0.8902241124485445
1,0.1337214057825477
1,0.9235348428748267
0,0.03618246778093169
0,0.06136142631959082
0,0.04100185685223356
1,0.9228039186813382
0,0.012344699333249883
0,0.02792648793550019
0,0.04050789262779636
1,0.977487242684369
1,0.8913359898899504
1,0.8403832393494866
1,0.25252989114461954
0,0.0829800124534262
0,0.01814829044958731
0,0.027976822573440797
0,0.029686269968885813
0,0.07578981094687749
0,0.09465782054145162
0,0.2816528295853951
0,0.06675488020644238
0,0.30239726078279294
0,0.055858636715716566
0,0.05095439781909661
1,0.925768645153746
0,0.02890649074140077
0,0.47611894330717747
0,0.3223482814456638
0,0.8457429850733665
0,0.007694040017165097
0,0.026772726381416045
0,0.04398397434182043
1,0.9710507776113527
0,0.03301620326566327
1,0.9274416973559695
0,0.5222752217264395
1,0.9576020035491724
0,0.13823916781752268
0,0.04627774650683495
0,0.21816502288292633
1,0.7736166571216997
0,0.026020148488895587
0,0.0545202484653638
1,0.42057390292203134
0,0.018314653381855554
0,0.06763178613035357
0,0.017718112537368644
0,0.010368217690290005
0,0.04673715805043524
0,0.07628620580392095
0,0.12995307553357227
0,0.30868777941913345
0,0.07619447707466426
0,0.028184024590945683
0,0.06467423305112176
1,0.9529465206280813
0,0.00731264767370234
0,0.801215276557125
0,0.010766220865697647
1,0.4730941646293143
1,0.964290976320636
0,0.34143635171612696
0,0.03508330108931247
0,0.03762558572970131
1,0.9001505348041965
1,0.8530368100608138
1,0.27381496757354207
1,0.8638258509247544
0,0.4233581511782224
0,0.06779871842283713
0,0.006764143309107205
1,0.9751539789769617
0,0.06480528297368876
0,0.01461348682059141
0,0.41778416278549135
0,0.46955910954631286
0,0.024793234485785503
0,0.7824975753525132
1,0.6653489024325662
1,0.4625010269689559
0,0.014926446078765913
0,0.05085897729055332
1,0.9282325652844968
1,0.023502352647645094
1,0.650201567052396
0,0.03242076342324968
0,0.02323795755940296
1,0.01657957575331652
0,0.05136416003198034
1,0.4815972696586565
0,0.13487785246559653
0,0.06832001684430081
0,0.030928847627895106
0,0.03706417283179131
0,0.45638006880347143
0,0.21066996076603148
0,0.048216623219145
0,0.01228018419423226
0,0.01766628175785913
0,0.20976342872616743
0,0.018749397825879238
1,0.3628419934027754
0,0.029511757906734853
1,0.9794803440788659
1,0.8520895920477687
0,0.17200922115304587
0,0.020343108893069853
0,0.020038820073226705
0,0.007543560472642398
0,0.040008661801466776
0,0.017729676119105937
0,0.05081849977263003
0,0.04364879852431785
0,0.027287731671448736
0,0.015461877330238558
0,0.04702024605850295
1,0.699170511846438
0,0.7195095577969454
1,0.19354633003396876
1,0.9543292816034362
0,0.04705812873970372
0,0.16869638412439392
0,0.11755335474441175
0,0.0227835214724928
0,0.02819305293637573
0,0.053455433780543085
0,0.046297096811041646
0,0.027585086911161027
0,0.02431939877228891
0,0.08940435437043362
1,0.6717178881271901
0,0.1823641090999442
1,0.7522172556464974
0,0.26721760723469756
0,0.00646184517276597
1,0.30420490327470195
0,0.08112346374976119
0,0.007211375031218158
0,0.02504254191466627
0,0.006180588337864864
0,0.012950487483306173
0,0.08528249222860503
0,0.04134931277161133
1,0.6238691186642213
0,0.19134252687334244
0,0.00798678745546462
1,0.8826153078374209
0,0.029498766531458925
1,0.5424180570658422
0,0.014468083271032517
0,0.018971104633087404
0,0.020484154516690833
0,0.020307631453484347
1,0.7267685839310829
1,0.9600346286555935
0,0.030449732746578813
0,0.017181371052236515
0,0.007098099248516104
0,0.036438447978056135
0,0.13022208620536366
0,0.013402369710127452
0,0.02668789229690075
0,0.13623826014992035
0,0.029740459405250087
1,0.7869052576575439
0,0.018380266177719273
1,0.9664003808925057
0,0.027958355025689222
0,0.00835786814012922
1,0.5377566072923063
0,0.04243408606804909
1,0.8117269396417796
0,0.016316865796927732
1,0.9296498367495226
0,0.0606819264707651
0,0.09428387846006045
0,0.04162104254243186
1,0.8824289463220293
1,0.9297333175540495
0,0.028137531337294158
0,0.039866934866566416
1,0.7470485276528165
0,0.04571955996321854
0,0.039198530518110515
0,0.035752645217132194
0,0.008799586120861238
0,0.06166983460758427
1,0.20939670997837959
0,0.021038189186895033
1,0.6291249631805739
0,0.4321842380691861
1,0.809793684543503
0,0.02174764855674251
0,0.053681990118753756
0,0.22929179912716252
0,0.12014095710691242
0,0.035687616426141724
0,0.03286666145394336
0,0.054460242849056636
0,0.2094211062367483
0,0.11658969360475088
0,0.081425993771945
0,0.6323677305893105
0,0.0301181933935768
1,0.956645839309409
0,0.03132778918259683
1,0.9718834473433465
0,0.3530664927352264
0,0.031699221823519384
0,0.025129838568198188
0,0.015179447869947047
1,0.2611141793493128
1,0.8802890699699283
1,0.9316298688476718
0,0.022706306621389817
0,0.539188677007462
0,0.01765527629148429
0,0.03219578322621449
0,0.03512715065255983
0,0.025773051547977353
0,0.015803412884311873
0,0.00413052458299609
1,0.6924920379975763
0,0.013236644645125533
0,0.009375469388902274
0,0.019009081917243827
0,0.012326070740896273
0,0.08867937303567605
0,0.019758153335759178
0,0.21818331920694375
0,0.03418453509252776
1,0.8734131219044504
0,0.016575155958650105
0,0.09310678176890812
0,0.29064351841533753
0,0.0700807714233703
0,0.13693664318031948
0,0.016161817612777463
0,0.03854747904909562
0,0.013430712949637205
1,0.6021193181142843
0,0.013147762783523156
1,0.9689764798948237
1,0.9025237944559795
1,0.4184923107144962
1,0.15144148244450967
0,0.09952645002773584
0,0.01771468098600912
0,0.04072628902615469
0,0.010273378401103
0,0.022666085074264947
0,0.008943847688892913
1,0.9910741909005634
1,0.9292635237988508
0,0.0036907294882263593
0,0.566091719537712
0,0.0839444625904843
1,0.7745571539365178
0,0.013684698587413268
1,0.32581768893768304
0,0.03558608690212585
1,0.9602593122651635
0,0.008634053124658264
1,0.9620769580852505
0,0.20221021880635237
1,0.59985967431463
0,0.05072151476845831
0,0.045592285418019074
0,0.029619345653100093
1,0.9798051978104592
0,0.1706150656604543
1,0.11046305672912751
0,0.0068500277408554125
0,0.03098776096039021
0,0.3587445376581279
0,0.014324275249900053
0,0.01079132716520455
1,0.8575957625058211
1,0.20397504859267301
0,0.18046800129244445
0,0.031062013420154903
0,0.022738215465722172
1,0.9827746923780565
0,0.05487597416087774
0,0.0631175823090389
1,0.14627005422973346
0,0.01226068499470925
0,0.1445381709172171
1,0.9873419001097824
0,0.05182860227194112
0,0.00448113558015852
1,0.9713133743803063
1,0.9866524868025307
0,0.011233258973472375
1,0.9015659323974335
0,0.05509283879474575
0,0.012443748378833459
0,0.8768707920718621
1,0.8912923590531346
0,0.03544336002079398
0,0.09219536840684003
0,0.03713470503542232
0,0.2951290817594806
0,0.007037437420245384
1,0.9195286623620488
1,0.99263899836332
0,0.046878482228443145
1,0.4661581683541523
0,0.016826244886213097
1,0.6123991054174815
0,0.11095293021185262
0,0.02209361598658302
1,0.7942088864401091
1,0.8239212823769309
0,0.02003735371557721
0,0.5213019181191555
0,0.08997838302038155
0,0.016373935449474044
0,0.24140784510826083
1,0.8706821502764148
0,0.0417263700359643
1,0.8555548186064224
0,0.18140035754121211
0,0.061480486373002595
0,0.037557802898065665
0,0.027871137012042375
1,0.10311259946128415
1,0.777261334396031
0,0.00949312357342635
1,0.9362259520278778
0,0.029427155796099124
1,0.4690185232659362
1,0.2327715528394884
0,0.05410154254418296
0,0.02898771114487797
0,0.014468528818967635
0,0.021413829225655233
0,0.03845541054782028
0,0.010163741241596061
0,0.022729320883192197
0,0.23253140801023703
1,0.9760169891638963
0,0.056110237185576846
0,0.014207055739258167
0,0.24570543208737583
0,0.03248428570315012
0,0.04855839600942461
0,0.02821961154163152
0,0.8082319786156079
0,0.1681801151776671
1,0.890045821937514
1,0.9675026363046912
0,0.04649065597958605
0,0.1326154327394434
0,0.38903313642934545
0,0.04397686538205021
0,0.09035994018419981
0,0.031626479930260895
1,0.8276837919293134
1,0.7841313012985559
0,0.08885572558049903
1,0.10735980543645811
1,0.9527870105949781
0,0.5708670228356248
0,0.25686380842570045
0,0.02127850749630624
0,0.028610545515787615
0,0.04120872937029773
0,0.008380886278291257
1,0.318942239213871
1,0.552631741828977
0,0.18395117636284172
0,0.01937066178327116
0,0.012361596720574295
1,0.8236811273418484
1,0.9545113552703965
0,0.010901484818514004
0,0.2417295484310356
1,0.8078730218140733
0,0.009214209692342022
0,0.008090379454242727
0,0.011210087642236433
0,0.1833218325503077
0,0.008511246663842714
0,0.008722228254342304
1,0.8478687600637776
0,0.8290817466740245
0,0.42175714497106553
1,0.979525834322699
0,0.0454255632802469
0,0.11120625219945952
0,0.01734636261518476
0,0.46269058873861524
0,0.023188554184944386
1,0.8719604637116796
0,0.0634155160106285
1,0.6455034888162218
0,0.03693217501277926
0,0.057647673147162126
0,0.07093412844948363
0,0.024984058148930687
0,0.04608857977732913
0,0.03279221280814399
1,0.9429472201954102
0,0.053721975094126254
0,0.045869349864032176
0,0.00828346044809496
0,0.20975382709259324
1,0.6318053025340565
1,0.6243931468555973
0,0.07203737674616079
1,0.8785834827465885
1,0.8101903006457413
0,0.07341383097289682
1,0.7648369637356115
0,0.25504863249082593
0,0.06754469738854074
0,0.9364651173355526
0,0.015382416465318698
0,0.01608930031268679
0,0.012255046250222746
0,0.01618450335506426
0,0.024349064583879317
1,0.9856522235120079
0,0.012428435654355124
0,0.019217095625961265
1,0.19403605000484506
1,0.8704375737097851
1,0.7263918021169933
0,0.20253073338827332
1,0.4599503694395276
0,0.03058926786599889
1,0.9046957545781149
0,0.03528839647114087
1,0.8694430913180323
0,0.10539017565876077
0,0.05336893485564717
0,0.02070428824609644
0,0.029310884728148908
0,0.10581363858064786
0,0.020285209497184157
0,0.04680778948534934
0,0.02315782982688218
0,0.0323024981682356
0,0.06910743847727205
1,0.9846642153724025
0,0.0313596297407954
1,0.7856339535623844
1,0.9207662082548553
0,0.01566207072004519
0,0.006211577775627201
0,0.023181744902849986
0,0.030359936737957924
0,0.061540517948369525
0,0.017222168377882315
0,0.018670854814571758
0,0.07583576213947574
0,0.01032513536277952
0,0.033708471436909464
0,0.017839257217792184
1,0.9613109250577974
1,0.13073608401381037
0,0.06797135816597884
0,0.031862182931343214
0,0.06651874272509534
1,0.7688965242674196
0,0.04223821126336019
0,0.00520330718986502
0,0.17549877991866952
0,0.08093067203822718
0,0.012087876726339868
0,0.03627765721222363
1,0.4350851864646936
0,0.03706554743617346
1,0.9786761057892028
0,0.011106505200572702
0,0.006857499416680076
1,0.6745328413946141
1,0.16741526887573818
1,0.9824964403425054
0,0.5149679899737727
0,0.05333806302084045
1,0.18130527493165138
1,0.6540074114012433
0,0.12528698731490792
0,0.009919771426751508
1,0.9395678657840938
0,0.026281705291725556
1,0.9627686001310307
1,0.8104386775357397
0,0.10867749790304747
0,0.1519046447418527
0,0.03365439963151193
0,0.02438981762180227
1,0.4758090653562094
0,0.029361373263223717
0,0.02452580293979504
0,0.04950076085421609
0,0.09717911912261262
1,0.17368744913332268
1,0.2011282775951275
0,0.06852680472894589
1,0.5513045160090893
0,0.022635464335521632
0,0.08490822913068953
0,0.08838742878846353
0,0.12429994667268703
0,0.16061341564445505
1,0.8810666178973828
0,0.03884909599667652
0,0.03951784301586667
0,0.02310515267077482
1,0.6620349117332428
0,0.04855616557610228
0,0.03938183900015032
0,0.013939056199742858
1,0.8167760019765038
0,0.07912295799665016
0,0.04745939406224904
0,0.039047072032534116
0,0.5538738755712105
0,0.6365326859579696
0,0.042101884885523175
1,0.8738601968686954
1,0.26575293827423807
0,0.027643027260156005
0,0.905775465054277
0,0.09693605378081122
0,0.4273205376263168
0,0.05300994743732027
0,0.021781346366327357
0,0.0028083445555523298
0,0.30620033242641037
1,0.024971925939825744
0,0.02089682044192831
0,0.23325365268198875
0,0.0250177785657982
0,0.0366556553544533
0,0.026942953525512063
0,0.3148890232338206
0,0.2479197802969822
0,0.024921562819712192
0,0.732649708245187
0,0.006968425784402395
0,0.2901971767145785
1,0.9549227208087271
0,0.03217462884260226
0,0.27247825287417565
0,0.44535056549029606
0,0.010009224858951029
0,0.013087617070954733
0,0.020308832884265486
1,0.9563287437113509
1,0.3916200243314689
0,0.03581375491157878
1,0.9738051333771643
0,0.010763912259635074
0,0.24995346548912245
0,0.019426101545078064
0,0.024290733530861797
0,0.045208124654816974
0,0.04962167167331907
0,0.018164257823733765
0,0.06713318845022843
1,0.9933296755761813
1,0.43994367367366627
0,0.09598616379349997
0,0.06127994769890203
1,0.9757752460261665
0,0.0762644876810409
0,0.04084068410455076
0,0.05493492923123012
1,0.7585096386481033
0,0.05273236902888083
0,0.020052952853739554
0,0.8842330653637288
0,0.022345822367618083
0,0.009221143124336445
0,0.523900669425587
0,0.010822688600378364
1,0.6198642110202052
0,0.06566319452002316
1,0.993166786905375
0,0.9023676196246341
0,0.05424173420898168
0,0.40022613649643635
1,0.8175013651820521
0,0.015192218282413274
1,0.5268279600743391
0,0.04031619143233921
0,0.03311850796005737
0,0.05928276084628962
0,0.05422256112520239
1,0.9499222190946649
0,0.8368762997715011
0,0.016407249760016743
0,0.27824890951194725
0,0.026049045376598925
1,0.46426330323169335
0,0.023086780701835643
0,0.0632573985648515
1,0.9571529392517589
0,0.034483904838112894
0,0.030869799754202697
1,0.2997284903374359
0,0.042537072643035266
0,0.5095582427273064
0,0.02405604618527316
0,0.015807732711025393
1,0.6800881607232925
0,0.24835983913539153
0,0.03510489091021849
0,0.6520729189640356
0,0.007925390920081014
0,0.22421911380997075
1,0.20909515037835688
1,0.839213435127134
0,0.181130114158806
1,0.6742303956887364
1,0.9617461948986583
0,0.007321533959929787
0,0.1067902536739049
0,0.019137392308817468
0,0.020970620816388636
0,0.028657375101490554
0,0.007356837602951019
1,0.8615266883130087
0,0.11920999849349753
1,0.23718894696765622
0,0.572441449551152
0,0.5856749377249342
0,0.014133688277840362
1,0.2330585301016739
0,0.0045848246592329
0,0.02776701774743729
0,0.012298993745235902
1,0.9096124671229479
0,0.026006673241409924
0,0.15127686545372984
1,0.767575302626359
0,0.016107628390863143
1,0.970809348440124
0,0.05875935781652277
0,0.010961514515727869
0,0.048741585465418236
0,0.013096946173250234
0,0.006109050433920483
1,0.5261281323809568
0,0.6648354206045711
1,0.9000624450410817
0,0.00912749517235551
0,0.7093542309428372
0,0.015917315405602518
1,0.6620349117332428
0,0.6232294159121953
0,0.04942863886492778
0,0.6410558645698012
0,0.015404183440412344
0,0.016102063027729013
0,0.00836502820142381
1,0.2238221707753175
0,0.23731845894822529
1,0.4113326674727829
0,0.026456968240261978
1,0.840691047606448
1,0.9006840077551004
0,0.05656517400647209
0,0.054689392878155337
0,0.09393817006059206
0,0.02660803359514785
1,0.9596424070714427
1,0.5382988506674926
0,0.016872525046954596
0,0.012372346024521261
0,0.009051424912460037
0,0.6906080791184399
0,0.033492817322988366
0,0.037327115961094774
0,0.0034047694974024857
0,0.01806769056337851
0,0.0671230777599195
0,0.39408333777231586
1,0.8882142411315929
1,0.2575333890565739
0,0.057499446271250365
0,0.024895039403220142
1,0.9025854549706882
1,0.5255667281616062
0,0.032698347309076774
0,0.014151819537761815
1,0.6509388892972812
0,0.7459829541898269
0,0.11221990447377236
0,0.4088511725874709
1,0.9322964187261077
0,0.01236925948132853
1,0.6627192062618277
1,0.9791694339859066
0,0.030514610646196677
0,0.3253691311802668
1,0.8393675872614379
1,0.9231593720373745
1,0.9930050552701131
0,0.03977797277444843
0,0.17081439072013815
1,0.8349679883247298
0,0.03969074647828408
1,0.4043986214896893
0,0.03633732323988684
1,0.47875764124513753
0,0.038675521744308425
1,0.1919246124609202
0,0.013188790561324465
0,0.18594939033020458
0,0.010766314959184209
0,0.016477584522588167
0,0.008772297709616806
1,0.7418115415811851
0,0.032875402182475255
0,0.027667833382699993
0,0.010421650645911232
0,0.06779690318373205
0,0.004657450735900313
0,0.21542083876622217
0,0.05892488473280563
0,0.03727116338108027
1,0.5246822555485948
1,0.3746295933139922
0,0.039440805452309415
1,0.8604091911945777
0,0.09837145259872951
0,0.07627065154512833
0,0.2094828656320345
0,0.1630819029303528
0,0.03146331733676394
0,0.03327158545455884
0,0.012631483128188592
0,0.00811369345839618
0,0.008951551360853231
0,0.7195537765969195
1,0.9528158880422211
1,0.35579047700541283
0,0.010522391046066086
1,0.4812735015491786
0,0.05008614862813757
0,0.024987629312880913
0,0.022059803909210383
0,0.04977712069879597
1,0.9201516455730299
0,0.08218009602920359
0,0.015468564900417054
0,0.12103344002402502
1,0.9620340458809491
0,0.08429841901952087
0,0.013507706881801406
0,0.9559902949355098
1,0.8600722388471045
0,0.09338580540988847
0,0.20567173273952208
0,0.2712305264643745
0,0.08396982902455415
1,0.3539239159411869
0,0.01033600789503018
0,0.023142234562941927
1,0.3570737359108938
1,0.772071645365157
1,0.19317653829827836
0,0.3167594232714284
0,0.9443437532129622
1,0.9557757467639152
0,0.009961655475582053
1,0.6636781385493942
0,0.04192947200663744
0,0.029255338040832295
1,0.8722451143227874
0,0.8645024769583881
1,0.8189681563984706
0,0.16845199657846435
0,0.0444285259468867
1,0.7614417941910675
0,0.022724889708746653
1,0.6140531216358289
0,0.04600308335023791
0,0.11767606986928601
0,0.028746387167168496
0,0.030979566495807766
0,0.019261953098836323
1,0.6118173689832282
0,0.04129534964120602
0,0.01230779315583793
0,0.009038422343726997
1,0.8281650260824927
1,0.971480432528506
0,0.02536904397416704
0,0.010921203209137071
1,0.9740276943724169
0,0.0435220666134332
1,0.481787079204995
0,0.026296020588763718
0,0.017726726279567197
0,0.010190006264777798
0,0.05031132587045768
0,0.024533228201266088
0,0.3811012447117527
0,0.13145373918314524
1,0.9819093205478521
1,0.9577803600020615
0,0.27147241943247036
0,0.04001978904662507
0,0.044275426902131224
0,0.19986844288047614
0,0.006055523238756455
0,0.06901337638899803
0,0.14585731946321853
0,0.008134001484758627
0,0.030663500885485893
0,0.02171959045298136
1,0.6080469982189988
1,0.300944340019078
0,0.035331872179816384
1,0.8880966294554186
1,0.9043761819631936
0,0.49330863880337866
0,0.7399877295274977
1,0.9837142052286975
0,0.05207688658551408
0,0.02360079752041817
1,0.7843748548350293
0,0.022945029912980423
0,0.012594248435622795
0,0.23634560664563134
0,0.02649760675639055
1,0.02228399387299705
0,0.009765321683169712
0,0.004003257899047011
1,0.9898614530476821
0,0.020016170978860316
1,0.8542738093759362
0,0.010752643161687715
0,0.025610989314853377
0,0.037724282379500394
1,0.18524934206736418
0,0.022804660691067836
0,0.012391894901660726
0,0.03592014722840539
0,0.20627780893617548
0,0.01690633273647999
1,0.8311270107215004
1,0.9622064921145126
0,0.030807745393828082
0,0.02832619316058178
0,0.06873061475580935
0,0.013923882983255736
0,0.019299583131923866
0,0.07789689178896496
1,0.9481404262787357
0,0.02422147867757091
0,0.6775914632917561
1,0.969375309650269
0,0.006280241213755024
1,0.8741862576181406
0,0.14400572210423407
0,0.009596900187188468
0,0.5881590394876222
1,0.4705768274997637
0,0.035492320656381214
0,0.018788518894877353
1,0.7395050285255779
0,0.12106326889183829
1,0.9672936297284525
0,0.028467740450452646
0,0.046125803942388695
0,0.9029173662536896
0,0.021911018466618595
1,0.8527035215958667
0,0.027069375942663232
0,0.03345542035212934
0,0.013595571131100902
1,0.2562609624318981
0,0.012096614045772136
0,0.1803406739966606
1,0.4461688780361927
0,0.016357351243454013
0,0.08172425043655725
0,0.00782675707192935
0,0.34904489895273677
0,0.042706413756947975
1,0.9784509309572117
1,0.5197017180164369
0,0.019944622578622704
0,0.06663265278247331
0,0.023401456767910247
0,0.021213691364451233
0,0.009697548185500744
0,0.011368951062651273
0,0.17838848899651502
0,0.05914894084289149
0,0.0264784000977921
0,0.08082031729211478
1,0.861108787267827
0,0.02532681628254062
0,0.23048456017928773
1,0.37117713972412286
1,0.9494507294503904
0,0.01935474549936971
1,0.9286796482338032
0,0.04269481106655279
0,0.02246273472416928
1,0.912849545615402
0,0.3630839988409061
1,0.5452487090443057
0,0.055216854393363164
0,0.021359170632357007
0,0.12558659705132427
0,0.009178560447556739
0,0.030383775579239276
0,0.031186076320578522
0,0.06020023117674562
0,0.020451924649532407
0,0.11795812923448751
0,0.015326970220773669
0,0.04281378739238542
0,0.7644093955863372
0,0.0904753026995953
1,0.8677294389581485
1,0.8600936592241752
0,0.7493844652460993
1,0.42531554409389716
1,0.5427608463308398
1,0.08973239068838419
0,0.0608017704680598
0,0.05304957657823325
0,0.08656346611584803
0,0.4745745211864701
0,0.02911652426035904
0,0.8929922644701316
0,0.2191866616643867
0,0.06743715224259754
0,0.07624283296513752
0,0.11505260822208678
1,0.8142430436044928
0,0.115460297539851
0,0.1444702141936759
0,0.05738486536160774
0,0.037514285576461796
0,0.13152562859233852
1,0.7024397782503035
0,0.013766815921763279
1,0.9895953902633727
1,0.9731797965045357
0,0.09956813875751826
1,0.6008733382112172
0,0.026681031045068696
0,0.010781004323318332
1,0.6320046211654319
1,0.6546697372186397
1,0.6612778618090872
1,0.9562664379075335
0,0.9478811834718159
1,0.5347336559628125
0,0.033307128943488896
1,0.9214925418907779
0,0.01552067145958962
1,0.669178641980331
0,0.07725784757387727
0,0.01649624686932993
0,0.06407284137783784
1,0.8664783943672625
0,0.01133272462927088
1,0.25412966709881774
0,0.011912902252596088
0,0.03718465191159244
1,0.9586290000044954
0,0.022177881843937434
0,0.7510480771108872
1,0.8048197454833517
0,0.6000434630956788
1,0.6116051467085184
0,0.023622501086866966
0,0.048085882256991015
0,0.03264537878616513
0,0.02168806019911703
0,0.03515906604764388
1,0.051451855149235885
1,0.034261311430280134
1,0.913516435410913
0,0.2590597079302738
0,0.5455619103010839
0,0.07351814645486651
0,0.016155281143708677
1,0.6649185648635576
0,0.07707017910437212
1,0.9328149629303184
0,0.005965905643290495
0,0.02291405040614943
1,0.1713483974298465
1,0.9414432193250012
1,0.8567374805494269
0,0.04289473367144912
0,0.020426027086263905
1,0.9288839269006155
1,0.6175348108194613
0,0.052106274009922474
0,0.02997076355177954
0,0.01998915410590778
0,0.017651775834127317
0,0.22332469045682404
0,0.02760530938695723
0,0.01212895987894051
0,0.01963848080288396
0,0.04259536997831133
0,0.20278988403205422
1,0.10000935021043664
1,0.9020892858513039
0,0.014168229345100241
0,0.0031189458685658825
0,0.07905216718209634
0,0.06636372706088693
1,0.9810580622889689
1,0.9625617623195345
0,0.010940602073524852
1,0.16630209283792308
0,0.01483767448867539
0,0.044221842470544455
0,0.07428272885173351
0,0.46383741961354397
1,0.8643578244866382
0,0.007451069547927582
0,0.025271388155406218
0,0.06246322836455971
0,0.02209463201501796
1,0.6934818928822204
0,0.01963193400665782
1,0.30052019525318324
0,0.02381470437191991
1,0.8089747506322853
0,0.024530343558270735
0,0.034802707712800446
0,0.033853982673471825
0,0.019483510343451853
0,0.045084722206522536
0,0.06275307663131457
1,0.7833725185310622
1,0.7876167264459577
0,0.09414661034556215
1,0.45451073680473714
0,0.02665601135791087
0,0.006769179243736032
0,0.008952965480505764
0,0.03089378934808158
1,0.1108211935566673
0,0.018464721883150147
1,0.9037305766007224
0,0.02928348460932486
0,0.08557374514232889
0,0.03642756223112751
0,0.22459016781675506
0,0.07007475537023225
0,0.024081777309813174
0,0.07586256514184045
0,0.02502443986144138
0,0.36056575716483485
1,0.9376973376711547
0,0.0343204312615691
0,0.01834040082927293
1,0.856732743164435
0,0.1092733712926472
0,0.012696355595781418
0,0.03839266131067834
0,0.04923796535517044
0,0.01509087551951617
0,0.13038430066127288
1,0.824390713296128
0,0.020562445003401552
0,0.007947664459346223
1,0.8334195010226279
1,0.7943492621829921
0,0.06201073278102828
0,0.05849204458490555
0,0.013298267285641499
0,0.07399487946751974
0,0.019699988836131156
0,0.17750684307721576
0,0.7644203907231475
0,0.04020673719992569
1,0.8536231958575771
0,0.1155140759574143
1,0.8872504807378229
0,0.32915114699083087
0,0.019850619638498643
0,0.06167826243090999
0,0.014578789845656987
1,0.49226863952759053
0,0.011124239862328762
0,0.49489394473846776
1,0.8769084535503654
0,0.04852754801821376
0,0.4379996713108995
0,0.015586537397107999
0,0.02661575856565511
1,0.12520644163996722
0,0.04525321760796828
1,0.11030576872943525
0,0.2064237945393174
1,0.23793102091246573
0,0.013534526798764754
0,0.20234630297030828
0,0.01340536397083264
0,0.018097182535476184
0,0.008457018097818752
0,0.0047779783515438
0,0.06112289870265501
0,0.058558117833983576
0,0.09573092864654656
0,0.007332130713234948
0,0.035926235821072156
0,0.021815045069592948
0,0.046677060637325074
0,0.08056825837965892
0,0.10443644379373442
0,0.018500560433223345
0,0.25140455758444535
0,0.19435637216580845
0,0.03943804676403763
0,0.015172315803698402
0,0.02481550670261001
0,0.24500009551069826
0,0.04175659846497974
0,0.017989671023731352
0,0.4941763967271976
0,0.020719658809965062
0,0.0357349314016773
0,0.0460852083748299
0,0.03227782372170717
0,0.361646552441162
0,0.005574359057976662
0,0.016900619029278408
1,0.9811756547902475
0,0.5322914027878266
1,0.98978057125003
1,0.1431814916685294
0,0.030203433949148643
0,0.015551607855886159
1,0.12998953215835782
0,0.05052278837885461
0,0.033568600799172336
0,0.809793684543503
0,0.6456032843947545
0,0.016952323523272313
0,0.04129175734382686
1,0.9587727929379847
1,0.9626459227136903
0,0.046060960783529066
0,0.01784554810454815
0,0.12010840104748016
0,0.08131470830712378
0,0.363069001718058
0,0.04852667021796058
0,0.7358904586561371
0,0.013364915480651137
0,0.19479075582021554
1,0.9229085310141759
0,0.02394179765899706
0,0.1254633052216525
0,0.029745402200065975
0,0.058430586649927986
1,0.07039427905581892
0,0.005351500408769807
0,0.057085308361152304
0,0.047203929343631865
1,0.8318261503896297
0,0.1242517101181447
0,0.026955690825524455
0,0.04848063586800076
0,0.22392196223985972
0,0.12550604970529888
0,0.4948257194572862
0,0.023785971588926733
0,0.39019869039543803
1,0.9645799888367944
0,0.12198597714317616
1,0.9219350353236629
1,0.28609449714530455
0,0.0218867226749998
0,0.7101438448757571
0,0.01915212481951603
0,0.08653793802171238
0,0.06305518266789951
1,0.434340906142711
1,0.025528167990722064
0,0.09868501724351174
0,0.03171061020502687
0,0.018704735822547062
0,0.4765261428170666
0,0.014745162243247466
0,0.5268112546678076
0,0.01840460846507032
0,0.04312432103924757
0,0.026812236331925032
0,0.21425242979429152
0,0.03779941664532516
1,0.37858501749162177
0,0.07582416774286975
0,0.005494114755289552
1,0.8430091111694997
0,0.10841695772303865
0,0.31186223089929943
0,0.03848818331696947
1,0.5914788515173531
1,0.8378011389963681
1,0.9302435914017971
1,0.9081741229347001
0,0.0624426807958866
0,0.030919505050002943
0,0.027481686311125957
0,0.013448436527929038
0,0.5792343683842627
1,0.9380021624975304
0,0.011644030901669275
0,0.040715943981246665
1,0.9723821039702657
0,0.30391499914264797
1,0.3980355347151536
0,0.0616930911709107
0,0.0880789746031819
0,0.5305742437692783
0,0.019332706287253247
0,0.023928560372965462
1,0.7815810065826442
0,0.02260384798499329
0,0.011676216940121584
1,0.522508244555472
0,0.035953957583576376
0,0.035291216573604386
1,0.09707843791094975
1,0.9110271461991393
0,0.19649599267403522
0,0.01817738492252004
0,0.4406240560120399
0,0.4007637930675699
0,0.1802170587519136
0,0.017683626599006692
1,0.9074171084123646
0,0.4482218390825877
0,0.07537880063206738
1,0.47951668974786005
0,0.02582911340436907
1,0.31563481237360463
0,0.18797257143979867
1,0.041594769726255906
1,0.3436857911225977
0,0.004228696613781878
0,0.03568950942644103
1,0.02059105473371141
1,0.3784816380346693
1,0.5949340785102586
0,0.04629391041738856
0,0.08117865782556513
0,0.0927804526012752
0,0.014688016066177896
1,0.8463590926566636
0,0.7155518326430377
0,0.0219754342341504
1,0.9417141536175958
0,0.1113141113969918
0,0.5303242454692729
1,0.8577599135554091
0,0.006371017179375615
0,0.05709974556446787
0,0.7205677179290859
1,0.0413415978604558
0,0.5739025788098746
1,0.20024122898518146
0,0.2694663577921448
0,0.05052951983433419
1,0.810860492840811
0,0.15038976396441117
0,0.041017164018565366
0,0.1854348963351899
1,0.7018973337383437
0,0.01784887520236303
0,0.030680378563328642
0,0.02174823872436277
1,0.5918042252387272
1,0.9787673288260572
0,0.013769113252594964
0,0.04319961374660757
0,0.0227200070133841
0,0.09047472636953205
0,0.1551378912229297
1,0.9496075464101756
0,0.1938906828513886
0,0.2987911990129087
0,0.21716005309634154
0,0.006036102915258625
0,0.10219706961407458
1,0.9731490899731822
1,0.13718341370206208
0,0.03482618138772891
0,0.049652825617248576
0,0.045702445930602485
0,0.6724660886467291
0,0.016136156496977933
0,0.0543047302324226
0,0.020930321900377483
0,0.9147714957239049
0,0.49068228851388096
1,0.890475838092967
0,0.010312347315515707
1,0.9476252775599531
0,0.18250057988215612
0,0.4902650740393829
1,0.7070813242261946
0,0.028492172077417523
0,0.20067065388969726
0,0.006196094433046618
0,0.03121716691131889
0,0.047608611408262655
0,0.05140382261776519
1,0.8535430048203597
1,0.9699846846038073
1,0.8486248085577662
1,0.8603372673502682
0,0.0378865346726709
1,0.9534509046224726
0,0.034989073910409015
0,0.14355881097984338
1,0.008868247242689252
0,0.013822290737012065
0,0.007202673269755095
1,0.9878450867683825
0,0.8883178894782163
0,0.06818373579200955
0,0.7391107355850141
0,0.09797323211577945
0,0.015356821257986122
0,0.01612873692160721
0,0.03935467985324157
0,0.0256043967383624
1,0.9014470533905266
1,0.9662560962731104
0,0.6527121497768591
0,0.014908613663998385
1,0.05325552020605176
0,0.013307321565954858
1,0.48007763489931754
0,0.15443065518497281
0,0.01777909382943923
0,0.40584157172638474
1,0.8720266405407221
1,0.9464127563711037
0,0.07326688761018516
1,0.9411716625186047
0,0.0297578766643786
1,0.3278963438690665
0,0.7626387866330233
1,0.8617666342603916
1,0.9943746462842972
0,0.022541714513127836
1,0.9362553335799036
0,0.03203269993331074
0,0.01872428422879565
0,0.02331823802896738
0,0.13655420040368807
0,0.022670592622073053
0,0.022397790692373295
0,0.08569072315485336
1,0.7813790047320814
0,0.031172637256177686
1,0.9685336688720818
0,0.02683477237388459
0,0.24911162919075494
0,0.4439728037539546
0,0.01677700624088536
0,0.04940078457951932
0,0.04513544422835508
0,0.8815148433883648
0,0.013849701679375413
0,0.7995861933726279
0,0.05084619806569986
0,0.022899328258296645
0,0.06374081747225677
0,0.033518275115151985
0,0.03624341879297978
1,0.5831676013939134
1,0.28239206127170446
0,0.5792529765308599
0,0.0760481440987358
0,0.005547501676253639
0,0.03314521142593127
0,0.0323425047151807
1,0.4606826867523205
1,0.5950258963043513
0,0.01613379491585751
0,0.02267167414495945
1,0.9116018280464652
0,0.1533758320398401
0,0.013978308276111592
0,0.049713163133814325
1,0.9460326876299349
1,0.9029816609572336
0,0.014854608528196653
1,0.6833597470497283
0,0.04165755353248028
1,0.0385535961231828
0,0.0904081076337268
0,0.17709828428286387
0,0.017056416684657395
0,0.155782214749129
0,0.04501612141184294
0,0.028379582397098164
0,0.036041815616629745
0,0.020118557255712755
0,0.009927127843192982
0,0.003018906115944366
0,0.04384938459189197
0,0.0279331267483898
1,0.9417975274444126
0,0.06043045457913303
1,0.959392157186817
0,0.01736682829588333
1,0.013672536841855449
1,0.16305160195435342
1,0.8624186302751811
0,0.08375479526052698
0,0.029757753916609127
1,0.9750944022173768
0,0.08531872568823326
0,0.06617154349611114
0,0.020842269496763752
0,0.006019083941100152
0,0.010682908609171513
0,0.8699477641135498
0,0.015717119765023237
0,0.16010428288128503
0,0.016279908906162138
1,0.9044614505177441
0,0.022877853572379862
0,0.021830733639711285
1,0.9270766092892025
0,0.08875669598538681
1,0.9005051282556611
0,0.018109071326032223
0,0.23107208772582705
0,0.04042559517545727
1,0.08158924283727584
1,0.4063189897366549
0,0.5140046942379495
1,0.03485151596670093
0,0.17839822888989662
1,0.6678484571604154
0,0.0272981344356832
0,0.05138576092755582
0,0.03052584303974901
0,0.7291745831981429
1,0.9730075115107159
0,0.0572095311539567
0,0.022326576747477324
1,0.6313798780602214
0,0.015522085989538956
0,0.00866009079406989
1,0.09245944062623117
0,0.03466943897509627
0,0.057576130663871634
0,0.3083333328071644
1,0.8712929362409395
1,0.8279989336095754
0,0.03732618643283381
1,0.8833520629116777
0,0.013883821465681137
0,0.40622921856137184
0,0.03788583301737744
0,0.01758230483763412
0,0.6516618310834439
0,0.06357323898564494
0,0.03494804622042123
0,0.01553970838680836
1,0.9428087940776729
1,0.6987125187710663
0,0.00673331626261636
0,0.010986293837166287
0,0.026617696697913616
0,0.7127852598869202
1,0.4598927228817372
0,0.024589936313301912
0,0.013060049581694134
0,0.05203942358016792
0,0.0072722146238866315
0,0.05994556610918078
0,0.02354175601142269
1,0.03245692957246511
1,0.9750159143737575
0,0.009881529493146374
1,0.8535006780385908
1,0.7802160814353409
1,0.9924630761257448
0,0.04024606816618969
0,0.014313929964091192
0,0.08666945789822955
0,0.7932508861334129
1,0.3068496308823296
1,0.6188903514953621
0,0.00787604769309694
1,0.574942481385382
0,0.05021589686082072
1,0.13251287257385536
0,0.010377052792767317
0,0.21877838860405505
0,0.5983187962713196
0,0.35395844603082155
0,0.13528005180680386
0,0.1987757056545415
1,0.8039043884726792
0,0.016342868121501528
0,0.012566047671306724
0,0.026093163983046293
0,0.035201226202902364
0,0.10908363233077445
0,0.0180544983961641
0,0.023777438655043153
0,0.027824441054460865
0,0.031446595390319104
1,0.6554494435948297
0,0.020674884827005146
1,0.865135199585275
0,0.028764892710047795
0,0.005383024061067517
1,0.2447685703140913
1,0.5960790834863636
0,0.04855204726015305
1,0.03469282382111141
0,0.01749165560407895
0,0.02052245709330747
0,0.2705217158052427
0,0.039992602148074465
0,0.03706086562468755
0,0.012818628963859222
1,0.38011945983690915
0,0.6698293128463886
1,0.44756953590352133
1,0.24937941553539994
1,0.5891231091697868
0,0.06595534623353322
0,0.8019923326064131
0,0.04381181250806986
1,0.706022787577034
0,0.13546678168120116
0,0.03799019162665339
0,0.060013442739554765
0,0.022616914029943258
1,0.9290928533668176
1,0.8384236248185835
0,0.028362654896167003
0,0.016718210930425626
0,0.028069435699449013
0,0.00913556048302179
0,0.06095310851463551
0,0.033828887144691545
0,0.017984515430219533
1,0.9332788668188094
0,0.02385716044163353
0,0.016061412747831107
1,0.8802692051699011
0,0.014074731347137414
1,0.3861732649096993
0,0.015588074864329997
0,0.7660997458547306
1,0.7959594049248775
0,0.023889206921587917
0,0.08467771605224649
0,0.01153652696487095
0,0.09313244730211617
0,0.017757069705793514
0,0.023143539170663606
0,0.040575980938857704
0,0.037258683674108194
0,0.032263329850227326
1,0.9247549889401239
0,0.028040272608734693
1,0.9799353310440969
0,0.05003867186124389
0,0.03932586258786053
0,0.03248975083223265
0,0.02016708215283362
0,0.05066051487609502
0,0.01660336921642476
0,0.037139812130243505
0,0.043424174111413597
0,0.8224269709980103
0,0.03750590915853135
1,0.9767299211376124
0,0.14919309262063615
0,0.009264676741546386
0,0.01061755513876248
0,0.033373557340635386
0,0.8288843977581067
0,0.22902865608028186
0,0.02634608515743392
0,0.09164991551857685
0,0.032349968212118226
0,0.012704712230079528
1,0.926521876356257
1,0.8267458992488115
0,0.01732094539493177
1,0.5801135506165034
0,0.02768927432269335
1,0.47377401208192826
1,0.938803660351337
0,0.04375502448231184
0,0.010056024244101716
1,0.9321421849277957
0,0.029675691366764036
1,0.8546283534694112
0,0.333574412443559
0,0.04661754025366618
0,0.15128846083787867
0,0.8723531411981176
0,0.03728176609294831
0,0.030589229895973985
0,0.01110032806948818
0,0.05898980506069415
1,0.9422307937049405
0,0.04651738464357435
0,0.8471188963948754
1,0.4040698790745019
0,0.07106434798579457
1,0.08690640435880688
0,0.009699393327581464
0,0.022407475717987072
1,0.6753053845925758
0,0.025322658638753482
0,0.05609876811678737
0,0.5985011666996987
0,0.04133816267399412
0,0.09056363442069815
1,0.9638634170526341
1,0.5807412015359096
1,0.8721643202451748
1,0.5459825350995152
1,0.6798921091397293
0,0.08622151724566672
1,0.5013311399104207
0,0.03264897729724653
1,0.9065372479213754
0,0.2043001075449508
1,0.953290807801895
1,0.37255371264885373
1,0.7676758006773299
0,0.08660358198325978
1,0.782798372036944
1,0.6939729209137357
1,0.7992829463085616
1,0.5088228212347862
0,0.03133782121604426
0,0.09732388088560169
0,0.026276830737734656
0,0.02993897466990319
0,0.03657815754482027
0,0.006194940689246593
0,0.05084781226495834
0,0.1967951454113085
1,0.48563458176090457
0,0.01535521977239204
1,0.18390994878668523
0,0.02204350643766113
1,0.9517238123013899
0,0.05214865663500592
0,0.3734847107798305
0,0.6277281276693497
0,0.5559499743814582
0,0.09588619033973211
1,0.9705266940351717
1,0.6940627941160078
1,0.8703703537588349
1,0.8425414022315126
0,0.023670089220854472
0,0.1611904715813674
0,0.043605045553084136
1,0.9663923530524107
0,0.028454746755864072
1,0.12121119473860299
1,0.7328868962731008
1,0.3996949862180675
1,0.8960895352268426
1,0.8359254721395462
1,0.8567040215422541
1,0.9860217184135459
0,0.026030316926418332
0,0.07495442574223501
1,0.40427849122921594
0,0.05605789149401809
0,0.42757504827559667
0,0.015545321048385354
0,0.04736688811323303
0,0.04104988491158615
0,0.05464229206433389
0,0.03789811999025064
0,0.02035836331589483
0,0.0168927189418902
0,0.013885172445170093
1,0.3526285918548743
1,0.8376678828748625
0,0.048438670655014456
0,0.021831069772188176
1,0.904636041806908
0,0.23321860772316705
1,0.038725450229452556
0,0.04514847610194799
0,0.03628619465443658
1,0.8278268586816576
0,0.03947304211936177
0,0.391309861866924
1,0.08770001623095904
0,0.08977817948857687
0,0.05028458097517913
0,0.012953353973061377
0,0.41866506674506604
1,0.8900824666118216
1,0.09364292589955402
0,0.017433601008417076
1,0.880396599650415
0,0.013526612131405755
0,0.03479974431130951
1,0.031336259899020086
0,0.03027023562496506
0,0.015069373874450743
0,0.6352051478106038
0,0.009881780561174077
0,0.01709162546611302
0,0.6970252938216618
0,0.19706462734503782
0,0.011249389386797912
1,0.9264479627639844
1,0.8758442275621909
1,0.31528735375263284
0,0.06960005588396233
0,0.011599345360820884
0,0.01787370832325213
0,0.021210990620316533
1,0.8168385138146091
0,0.1255255343543854
1,0.804720456085523
1,0.9523971552982854
0,0.030538883289248652
0,0.004925631178239459
0,0.33055528250970734
0,0.18138091116662314
0,0.015363426750214501
0,0.11706749261206778
1,0.945869379165692
0,0.10341533761526345
0,0.06832001684430081
1,0.8614915311466961
0,0.06125876633602875
0,0.0070842283927111975
1,0.9482952379055736
0,0.03691451373569662
0,0.6947239122909796
0,0.7264191648604649
0,0.039644960749139015
0,0.011714420605883782
0,0.02159914111351678
1,0.9388667150912138
0,0.02972710619611632
1,0.9777861784404606
0,0.005107274738129431
0,0.029978632235990618
1,0.07050377470406513
1,0.9859579299759847
1,0.9758393749256645
1,0.7123499170420897
0,0.010236641733444057
0,0.0057541392266156075
0,0.021086618105750275
0,0.006653901119909512
0,0.04121104147152368
0,0.02564537437611306
0,0.01393844419252628
1,0.9290587827637903
0,0.007759792465316156
0,0.012754296514850681
0,0.02166609798821951
1,0.9800101314910451
0,0.04482101260192179
0,0.007710788121258177
0,0.012943868484781339
0,0.07788646563796386
0,0.37488710184890894
0,0.014202930380380856
0,0.1748158144858548
0,0.011420098243810574
0,0.02604053362822513
0,0.40530371674203974
1,0.9860923836696802
0,0.7661563274001227
0,0.024664671761595414
1,0.9656937430374618
0,0.055483902385510375
1,0.5654549751810946
1,0.5261381401283104
1,0.9306071220395001
0,0.24770261644428812
1,0.8756049373569622
0,0.044129692887408985
0,0.0335445016999233
0,0.0316689255655076
0,0.01662029851493619
0,0.7779028504315252
0,0.03406991105017324
0,0.35640106462851684
0,0.5706461753567826
0,0.03060747726510281
1,0.901840763329586
0,0.24389556579405872
0,0.22031077576584593
1,0.47742832646143346
1,0.04935423746486605
0,0.03676982323770744
0,0.08427763928873318
0,0.07267892800820931
0,0.02265919201561907
0,0.01677373187901163
0,0.03334651993263275
0,0.04945733536251987
0,0.017355056145763124
0,0.2413853478687161
0,0.007337572050488131
0,0.028750345149665464
0,0.010016307694493357
0,0.08487576961293586
0,0.931812304966672
0,0.08290521462090926
0,0.7032180877501593
0,0.025289793473398423
0,0.1842036318640595
0,0.01706167539821987
1,0.9649016516834478
1,0.3352593815417246
0,0.22312006208975135
0,0.010081341943363376
1,0.7986983967850405
0,0.3857712206899993
0,0.019457853224377108
1,0.4254896272515582
0,0.05136241328266001
0,0.018694084203824
1,0.1840436448474995
0,0.013702328994835054
0,0.19173493235998232
0,0.020623069173728217
0,0.01776263376224485
1,0.8790467570460788
0,0.7293856209645947
0,0.027859714402029064
0,0.009343907452189283
0,0.06643387017032931
0,0.3400991021552318
0,0.2922566305074253
0,0.08066926163847736
1,0.9903302049733205
0,0.008242450973229993
0,0.043023583216206626
1,0.9400666649066918
0,0.04865927054265507
0,0.022510095775719448
0,0.270629249886854
0,0.014424762276069989
1,0.6638805691705447
0,0.034799272437776564
0,0.015019928209804564
1,0.25795834829111447
0,0.3452538977339554
1,0.7769813173159072
0,0.017836799236140725
0,0.033887891158754214
0,0.5827597469952125
0,0.015368009911341943
0,0.03253362749749625
0,0.019963257905626246
1,0.6224352398513832
0,0.0916801553364091
0,0.024414009647888153
1,0.9764187219294846
1,0.49032092316587506
0,0.007680813696747636
0,0.010750742107685817
0,0.02677861990871342
1,0.8838583747996356
0,0.21471937164394525
1,0.28456474494996237
1,0.3225750817938815
0,0.05054118975821792
0,0.31633479408604076
0,0.1851563115216331
0,0.0939732847380674
0,0.011049260192592138
1,0.9240388074681009
1,0.9147884669621876
0,0.013082812561015933
1,0.044773063239674074
1,0.20627780893617548
0,0.03152507281247121
1,0.6612936678617424
0,0.01930106931989258
0,0.8738643207007349
0,0.42613959038271965
0,0.022364603835146497
0,0.6348320104570319
0,0.1570619858433491
0,0.06619375822440329
0,0.8309087152697171
1,0.13548398681208113
0,0.05429567554830678
0,0.18859513753207513
0,0.2896809680812619
0,0.7039851294311437
1,0.5314429395158625
1,0.9274266337490391
0,0.04954592863771157
1,0.8561244346825342
0,0.06457002349893548
0,0.04917461192911553
0,0.012436984472815415
1,0.7566705795398243
0,0.04140557605313355
0,0.020399510335928444
0,0.038277505602833946
1,0.7742487397838312
0,0.0653056711092267
1,0.8499310898372641
1,0.2045400777370694
0,0.055660231950622883
1,0.2129512605512241
0,0.01665907026102839
0,0.00915872088733536
0,0.023609928374059414
0,0.014806550736793099
1,0.5538774554481471
0,0.7904433146250579
0,0.0929837927164644
1,0.9033589213431147
1,0.9680712216143923
0,0.030238235413752694
0,0.024835283762594657
1,0.02972558047653445
0,0.02384077110359898
0,0.04976161261408999
0,0.06639552593554869
0,0.5550116770992836
1,0.908175735925514
1,0.5917611557972106
0,0.42290587935730173
0,0.20448621665154304
0,0.04589398760429848
0,0.06815210067738871
0,0.0330236700890663
0,0.19258015240883694
0,0.011955831608073906
0,0.021939889014299097
1,0.9840600223205598
1,0.9679884152248025
1,0.950499457046735
0,0.03914035038171484
0,0.029906026914596658
0,0.045015850319042976
0,0.34012971986006657
0,0.13296360156969708
0,0.014684932175589421
0,0.012211532853100619
1,0.22821870555268103
1,0.8418344958225014
1,0.881151378810453
0,0.034605022428383224
0,0.3512706522631369
0,0.016159434477156984
0,0.05247482931428516
0,0.3824094836505805
0,0.016240966243938934
0,0.04460866815056045
0,0.016991575640263806
0,0.06756978585244458
0,0.013299306436819645
0,0.027407963675101957
0,0.06486382394799235
1,0.3274076468529113
0,0.7765004729938451
1,0.8414586461417524
0,0.05635442240696411
0,0.020622228309243863
1,0.9710469371736926
0,0.0146930711901662
1,0.14238982580335457
0,0.0227185420592119
0,0.050023978439201464
0,0.8031958776286562
0,0.05321283122337032
1,0.6532696807941373
1,0.9652916719942541
0,0.055105796355834076
0,0.025203764554039852
0,0.08138386043213805
0,0.12205341236698233
0,0.023011478450132825
0,0.11487501400045438
1,0.18753227790128724
0,0.0351776756171164
1,0.962381319792474
0,0.5558238574139823
1,0.791356620114779
0,0.03228326161276057
0,0.08120737637555944
0,0.03429693931024944
0,0.012083243826811292
1,0.5846299466981391
1,0.9062830073327348
1,0.5340921490146207
1,0.5818484347654378
0,0.04242553209238054
0,0.04948969151661559
0,0.012428983779959818
1,0.7969728336575906
0,0.028440261817716975
0,0.01761624742467024
0,0.05538239891205805
0,0.1217947074064176
0,0.6230308991649696
1,0.6572605989119403
0,0.17799286914479698
1,0.8499183208754798
0,0.037086148254622024
0,0.043956150261727694
1,0.01724480693668064
0,0.052235294844438146
0,0.01348544206622262
1,0.8798046257862842
0,0.0073945331301515345
0,0.020297347034105625
1,0.6884457586559831
0,0.10705630086763233
0,0.0297666535553406
0,0.01301648737888819
1,0.6787118914751017
0,0.04762460163927008
1,0.9861620618758022
0,0.009743936654644505
0,0.015567731475930121
0,0.024417843028370245
0,0.03376975879346151
0,0.1204908779202693
0,0.09390226113241398
0,0.06270274060750898
0,0.027264865012244784
0,0.011203142600279423
0,0.015142478309351646
0,0.0264299170263344
1,0.03518588175624474
0,0.3390742377594175
0,0.019632723997814048
0,0.008429818866364824
1,0.03463742339779226
1,0.930414227108009
0,0.07771903218845555
0,0.23341671341379006
1,0.2159900891698297
0,0.04455980051090684
1,0.7291947029594484
0,0.009036734545596337
0,0.005784798379800257
0,0.02050527492634026
1,0.9548447117101423
0,0.007693515718533327
1,0.5286508205424073
0,0.8716836825979424
1,0.9275891480879372
0,0.027603526626431858
0,0.025080740686925517
0,0.03438541288170244
0,0.019108453863413952
0,0.00609927626266731
1,0.7966941579078763
1,0.6710365590220342
0,0.07218425437971825
0,0.0580744106465199
1,0.9611450253868917
0,0.574643279922849
1,0.8306410805335827
0,0.009300708945607616
0,0.037118635737227686
1,0.49552098860138993
0,0.01350939111257195
0,0.048546810045754646
0,0.7796477222137475
0,0.8239212823769309
1,0.04791824886112959
1,0.06257107679486879
0,0.006080663692591583
0,0.02183120027470784
0,0.0032813393864473497
0,0.07036481819123958
1,0.6408333235333808
0,0.024215117311760823
0,0.018480980795778316
1,0.9970791600026252
0,0.048230695331918205
1,0.8593428779858974
1,0.962527142564829
0,0.019189818361751976
0,0.012093008391351436
0,0.04221539861390337
0,0.07678594019339133
0,0.029329173396777073
1,0.6999067117767317
0,0.061710572361012406
1,0.32700573299412894
0,0.01618556646374593
0,0.048645300294223766
0,0.012843251332950521
1,0.45229758205206017
0,0.2843154875169744
0,0.11690539371252742
0,0.027039261735974453
0,0.03604533893989219
1,0.9533987526893076
1,0.878581403523241
0,0.008204453878988527
1,0.9915345164329746
0,0.01464103118640729
0,0.04428002640186251
1,0.924813602178753
0,0.03850378122758132
0,0.05157012083296743
1,0.8246212214744519
1,0.9127997146408197
0,0.05956923691502827
0,0.01117961787433792
0,0.0957345130652284
1,0.727868854212289
0,0.15313545006537505
1,0.02987053027626793
0,0.015176227577898983
0,0.03243054111071879
0,0.005629919160453881
0,0.08052404331414707
1,0.9484441066343238
0,0.48431189650196216
0,0.014426015259492357
0,0.022702907573674738
0,0.1579804944879916
0,0.046008073979058345
0,0.0253672074018377
1,0.721889695175801
0,0.014832433063250088
0,0.007017870502061543
1,0.7580561239878685
0,0.02776652998120882
0,0.03552839132130225
0,0.017400613050573423
0,0.8402563090756601
0,0.022564189560231523
0,0.012754296514850681
0,0.02235878540247485
0,0.012283817872241656
1,0.8751128297198719
0,0.013486527943201944
0,0.09634621412426442
1,0.9890675021458107
0,0.025857132464677884
0,0.10031771292129017
0,0.11454972628979772
0,0.029906346101942857
0,0.07167801964200171
1,0.9184889571615812
1,0.00998880028961898
0,0.058734309312618554
1,0.45821298350657813
1,0.9145335646211151
1,0.4898178442807758
0,0.0341543985589528
1,0.9549203192795851
0,0.030151498986080272
0,0.04491515274374962
0,0.11680428299882901
0,0.08437236111512889
0,0.12063152795600611
0,0.04847518497242212
0,0.10162054556632096
0,0.012061873424971135
1,0.9171364371272336
0,0.06345493670142448
0,0.004841328227063138
0,0.03175076197289153
1,0.9290265715091649
0,0.01198946616247126
0,0.008072915852192372
0,0.028342118036201704
0,0.10143194463225148
0,0.05028510226220653
0,0.04184348042410106
1,0.9691830785298035
1,0.6209333195386418
0,0.032216195982313026
1,0.9683938243278865
0,0.04046557300497277
0,0.015772919359903662
0,0.04058674097932942
0,0.020544869472600865
1,0.689382463489039
0,0.013686200124949647
0,0.2842917101235603
1,0.9597313400676615
0,0.013715369680178013
1,0.8134660899744106
0,0.01824273767399421
0,0.06453018865839952
0,0.008607218669845101
1,0.9646392520277814
1,0.9648433041003857
0,0.42616389148408984
0,0.14595931160646067
1,0.9252606828644384
0,0.024769556226969927
1,0.9004173841178966
0,0.06909905341757132
0,0.19538799652335553
1,0.70888198182339
0,0.10454292670993356
0,0.030407769146648788
0,0.04308907430176029
0,0.04667750959392015
1,0.7268879094335415
0,0.03388405782582686
1,0.029029320133010312
0,0.11062517811807995
0,0.10513973681351839
0,0.04030768012947729
0,0.07432743549965382
0,0.02868005094400709
0,0.029006246055911355
0,0.015481185736613721
0,0.8505933337906395
1,0.7966712716102533
0,0.04040715030083055
0,0.019258299606503475
0,0.07393958194592207
0,0.026038209242905033
0,0.10230893009707653
0,0.03740231721106634
0,0.012836771899619891
0,0.06805335814430352
0,0.061224680475431684
0,0.007484959296739837
0,0.052135002996727846
1,0.9589424836362915
0,0.5298344701522968
0,0.0248626574973487
0,0.020492788488946524
1,0.019207003721822245
0,0.01292187207099532
1,0.01458805368062357
0,0.029890450009013934
0,0.013203198978821369
0,0.07103556864924895
1,0.9939547798040217
0,0.41958618822811444
1,0.9199487336917547
1,0.726143438134352
0,0.03963736623816505
1,0.9868989839187541
0,0.03542845493598335
1,0.9494920558701576
0,0.2511857668253271
0,0.016972512769251828
1,0.9837859026956727
0,0.025255907239900996
0,0.06896663333743072
0,0.1271077223227153
0,0.02977235142963193
0,0.02323591785609989
0,0.007504418488156036
1,0.42903222997145124
0,0.07002448980174616
1,0.833862089833717
0,0.05818295211826671
1,0.48637413211483205
0,0.004597575513103853
0,0.049975317957810045
1,0.9592569130667697
0,0.024520937251635434
0,0.2151349678328616
0,0.043467394773970484
0,0.040654642692070524
0,0.006074281715810857
1,0.9904271721523124
1,0.9879523460415839
0,0.19484448101222196
1,0.29720911729105576
0,0.018248265994382964
1,0.03810891195611526
1,0.23412197102751925
0,0.021579594529962345
1,0.05868346493739037
0,0.08009167126295805
0,0.22930581224755878
1,0.7930137408182824
0,0.004244239253520017
0,0.39789467690840524
1,0.9075955521653087
0,0.37662804538550265
0,0.015823467384133882
1,0.8232909476486299
1,0.9804614566865604
0,0.01744116662335193
0,0.01463224849460038
0,0.046342070669799916
0,0.06417339163403912
0,0.21660196751213223
0,0.02164139314206051
0,0.0074719912346783
0,0.011315674819697388
1,0.7054772067082095
0,0.03804051380723939
0,0.04758460680338399
0,0.7797136682171296
0,0.014684867980502286
1,0.9545439043507342
1,0.9151942260897946
1,0.18637686868262562
0,0.016119374688797962
0,0.09636629223763377
0,0.008733376681570537
0,0.02013981774276799
0,0.04715995730337636
0,0.8675087364971553
1,0.4905068019316232
0,0.23078101186789013
0,0.031313373096766135
0,0.10057501660631198
0,0.014427369174113075
0,0.4490880536603629
0,0.11115422296146228
1,0.9898957705811868
1,0.35930480720752717
0,0.04397567048229438
0,0.06395945630176982
1,0.9247408283824721
0,0.05449821851529446
0,0.046774209452876844
0,0.006303654803907673
0,0.00770919340754685
0,0.02326961079878386
0,0.07951254201570085
0,0.01536063818596832
0,0.012102350890962893
0,0.03805672318809896
0,0.24432223021618163
0,0.025955932011169438
0,0.02038463773908326
0,0.8804591063874694
0,0.04303909229423423
0,0.009037158387870732
0,0.030058590472723627
0,0.2974461746579847
0,0.014912926603278021
1,0.9522057286177508
0,0.059851359701186435
0,0.2063629850016561
1,0.8526177921271911
0,0.20176646066610007
1,0.13380960119793928
1,0.9468174728596006
1,0.4563354213610779
0,0.012444437736538621
1,0.8062394980152122
0,0.01740571362714104
0,0.015281368473462783
1,0.2955799506621647
0,0.033566322601072555
0,0.012838786557526604
0,0.05918312547105919
0,0.10981688063503565
1,0.1407919861272006
0,0.03576557237404463
1,0.9028379357847862
0,0.050703707795387166
1,0.2223094800193435
0,0.933243443453607
0,0.01711445909113462
0,0.038075398775766246
1,0.946735676216105
0,0.05450350089581858
1,0.3990053091645632
0,0.088842469475531
0,0.05946799365639988
1,0.8896805197222429
0,0.14083291119460087
1,0.5542628044121889
1,0.7024253586332607
0,0.7439047923493652
0,0.029368530012641156
0,0.027842174866375517
0,0.025452117234765127
1,0.9571717431830216
0,0.04792075778439806
0,0.03197115435869011
0,0.027073182486024434
0,0.01839332085311415
0,0.1622820693762316
0,0.28339884523958897
0,0.03101057722159249
0,0.08412737902933792
0,0.005136391453300694
0,0.3109944749273455
1,0.5386174179641808
0,0.030530354452665776
1,0.3448398524119672
0,0.5799525908943772
0,0.019680093443987443
0,0.1339330007962415
0,0.016717681925594696
0,0.10712482417329042
1,0.97440307164271
0,0.13864429996541466
0,0.1356568335158483
0,0.04519465615272654
1,0.810944493905237
0,0.05609876811678737
0,0.05856798548692504
1,0.6766478203882621
1,0.9442697233506863
0,0.030481942393291325
0,0.025982828110278678
0,0.08481066393311262
1,0.9226925800993605
0,0.014628923053890462
0,0.02479993829496712
0,0.012915547636000443
0,0.04392983159357528
0,0.051092802947812425
1,0.9403811134315252
1,0.3640352651102909
0,0.11869148745093258
0,0.12608499209083412
1,0.5284569465928864
0,0.028421408513879972
0,0.1046167779755108
0,0.19394081888174772
0,0.05199476022184269
0,0.7161841276366677
0,0.12065480576980489
1,0.9428743612369131
0,0.04463503886275382
0,0.06327771033071466
0,0.026612964929897683
0,0.06744939001578819
0,0.017430643452375223
1,0.9381272581339144
0,0.024932989837320077
0,0.028992688496653412
1,0.7325114435191817
0,0.01879254117819193
1,0.0643471589317582
0,0.13528039724266155
0,0.022146956951762935
1,0.8033218702091885
0,0.005356078082312446
0,0.007607666881775988
0,0.05319912585976718
1,0.8909316723083607
1,0.9626367912569772
0,0.04716725733340641
0,0.8779613096292389
0,0.02937382159357739
1,0.8573965333310147
0,0.13102921112094412
0,0.006347079523792165
0,0.023171270555352206
1,0.8950779510268215
0,0.02389644025155479
0,0.03908404174555798
1,0.952238391141978
0,0.01342108614673046
0,0.13275897068092196
0,0.01942817042087242
0,0.04877914450187661
0,0.024958197264872303
0,0.031262647486954474
0,0.050235528800357754
1,0.9542577744178363
0,0.013311283248828434
0,0.029121671324377076
1,0.5186854440868155
0,0.821090893638744
0,0.011914022852580235
0,0.011682865573443177
0,0.10659911069359027
0,0.024664644367799467
0,0.046818726064899695
1,0.17877732268803775
0,0.013319923157656694
1,0.07099967643911564
0,0.05141763540794583
0,0.020454897409722093
0,0.29879549391764293
1,0.8944607379828092
0,0.00405416862404409
0,0.02875970044334385
0,0.059946995381361536
1,0.9632721429850611
0,0.07776022404099114
0,0.010127857089516695
0,0.5076266187385756
0,0.13512892328478662
0,0.032844318531559384
0,0.061641715500874966
0,0.020382399822714673
0,0.01518536820769044
0,0.031058457086506456
1,0.5193753724845508
0,0.15561253627245406
0,0.07249716967523695
0,0.3170458756022296
1,0.9781828456224871
0,0.02582750393601341
0,0.00450983792314445
1,0.7594939116713891
0,0.022350964878446282
1,0.9792652081120521
1,0.9594961459810822
1,0.9501031714190921
0,0.1368592713135984
1,0.15457357452305168
1,0.9495436737192472
1,0.9283470480680474
1,0.6060570974758339
0,0.014713008818159927
0,0.008008017399983816
0,0.9885624958119047
1,0.46028294632357425
0,0.01979634562788234
0,0.09218375026097698
1,0.03622992457360719
0,0.025971162076942847
0,0.008613131474647519
0,0.23792655187874792
0,0.0225053738024739
0,0.2651604487496419
0,0.06058662271445888
0,0.03011274164907206
0,0.2381667943089012
0,0.005977573547195927
1,0.8655776612015987
0,0.06149042121880217
0,0.39640642781348395
1,0.8705070015860569
0,0.02206754594800951
0,0.14774759745435614
1,0.6792834312640822
1,0.9778562257003119
0,0.02304001790808411
0,0.19739125738442267
0,0.006178405784861955
1,0.617072376667956
0,0.007916669544477027
0,0.02569769129316547
1,0.9591939860150944
0,0.6287553673886727
1,0.6028285368072072
0,0.036984016844926575
0,0.8723767010047901
1,0.7977289030705462
1,0.8006716172123508
0,0.24846747731178115
1,0.5342168520292785
0,0.040384733783281154
1,0.5372291847270322
0,0.8321013639260679
0,0.02425966388769535
0,0.02075185032637989
1,0.8108896626930606
1,0.95671546320877
0,0.19208916488456634
0,0.4878570977933782
0,0.05259035933254712
0,0.015187877067752488
0,0.027416040937025342
0,0.9167280900340049
1,0.7411283921644655
0,0.05599910596548038
0,0.06494222305737679
0,0.33665670764700023
0,0.03366878052414698
1,0.3084127834975007
0,0.0536530483844781
0,0.03416760861975438
0,0.4352448644526829
1,0.5521999442524312
1,0.810446666981401
0,0.03725249389253962
0,0.04919827957438013
0,0.17343866290660603
1,0.6545642724240168
0,0.1062590749192585
0,0.01060757345579294
1,0.922256156392676
1,0.9864229944670964
0,0.5559669678918913
0,0.06513180776905927
1,0.9280235572366096
0,0.012495268793075059
1,0.9496671482970831
0,0.01752592558382347
0,0.055420535237974036
0,0.05772963357802911
0,0.05961466428257274
0,0.01371306981855558
0,0.01405947674317748
0,0.027267628847977024
0,0.7856339535623844
0,0.021823766531314126
0,0.010859740350371828
0,0.023212857809477485
0,0.80558825395573
0,0.020716489940645667
1,0.9730021500628357
0,0.021899344119541534
1,0.9107129007627577
0,0.004342554876784399
0,0.015401194776026767
0,0.1521519308412806
1,0.7213589217218893
0,0.057091965216838285
0,0.026339619024691993
0,0.03353576131661481
0,0.01875543395015079
0,0.0068194256826433555
0,0.02323993906670269
0,0.05754307108325073
0,0.03870906760700573
1,0.9809079708136966
0,0.02511349297731141
1,0.8839553111849242
1,0.9108531684992571
1,0.9852828474496333
0,0.02356703860493259
0,0.02753095130829214
1,0.9897914781117354
0,0.20030946427995117
0,0.1866042078315761
0,0.06067722360769219
1,0.8786911045737341
1,0.9076207396378918
0,0.7301816784175607
0,0.07189383535866826
1,0.21932400433821933
0,0.006029964090901604
1,0.7065555055614894
1,0.8033344698389273
0,0.010331898940808312
0,0.013674749357012341
0,0.15230921770240202
0,0.010122556648838396
0,0.10416820854421487
0,0.011695300901474323
0,0.06299624007581818
1,0.49202802003657586
0,0.02521871839969651
0,0.10185880078842671
1,0.4106343162808663
0,0.017369987258994368
0,0.032771899283825755
0,0.03757291907226188
1,0.5803479103696461
1,0.1519046447418527
0,0.028147029751768755
0,0.028184024590945683
1,0.944490606729606
0,0.00690759921570789
0,0.024455845565676777
0,0.07934868351681733
0,0.009647049341388401
1,0.9773740010002248
0,0.16251074332589777
0,0.012732004770433545
0,0.08309024790654598
0,0.21629023451177873
1,0.6569585358234541
0,0.10539184954750183
1,0.5216071936083387
0,0.07093237757505907
1,0.7895487698968285
1,0.11697981407817339
0,0.03490437321546684
1,0.9078858126879865
0,0.07138337705246668
0,0.028536739114843886
1,0.39374932087652587
0,0.09411839111279244
1,0.9024173378902103
0,0.027461005229972416
0,0.01850311392224573
0,0.027840592298023648
0,0.02571601471191259
0,0.006335384439706108
1,0.06986046558950598
0,0.7649274747748074
0,0.6186872981414374
1,0.9807685630774495
0,0.01791158401631598
1,0.8671411598895268
0,0.14063996953048963
0,0.005466190389972125
0,0.026498512332061245
0,0.042976228036218804
0,0.025222077192781047
1,0.05153075617717866
0,0.24378463296264588
0,0.009991295355186646
0,0.010431406521878043
1,0.4085492817206124
0,0.03269790527842967
0,0.07367139710670371
0,0.04810389439855496
1,0.6235665158164698
0,0.07253513147198332
1,0.9569851335469567
1,0.955433900539037
0,0.0792791900775831
0,0.7234781658223048
0,0.008681229212853518
1,0.7705811519458015
0,0.02144150570572367
0,0.01065591911784618
0,0.05822196427990479
0,0.0446856184715605
0,0.07647784373144396
0,0.041258920940361966
0,0.042832669371635344
0,0.08147459503145507
1,0.9611972365649649
0,0.15023552090626563
1,0.9916323200106143
0,0.04962488764226806
0,0.054423858177893435
0,0.3401345366398967
0,0.045133897883563714
0,0.024872763317997964
0,0.04529820377462842
0,0.8419754367120674
0,0.04742677058096939
1,0.9480198338966874
0,0.023931239635971414
0,0.009254453078072785
0,0.009245285603809847
0,0.1333070167684963
0,0.021815608542652857
1,0.9106655790103905
0,0.16223975916443606
1,0.6690610163647511
1,0.48741105667347345
0,0.02019696058266179
1,0.9816849745371042
0,0.030461887028809503
0,0.011763767999212589
0,0.793065911732475
0,0.13895502547299388
1,0.8449702261563458
0,0.023554529577916594
0,0.022877741366321185
0,0.14263860615129664
1,0.011145226238769056
0,0.030045256524512877
0,0.035665849526969925
0,0.36022049241003457
0,0.012899842808715605
0,0.10521863131432016
0,0.022690001464607385
0,0.02062063519893949
0,0.03668517120682262
0,0.045016769587395394
0,0.32790154124320914
1,0.7985232544832349
1,0.45757354752530666
1,0.9630713726444051
0,0.06273161694758597
1,0.9675998007840941
1,0.06757049697478197
0,0.008755120084641922
1,0.968331435000334
0,0.049371424054701775
1,0.8242579716935439
0,0.021010525115552937
1,0.5864155720112263
1,0.886946881675878
1,0.973355682796877
0,0.09451446228021962
0,0.012085612725149608
1,0.4038344492566781
0,0.0674965422641193
1,0.4673467490467826
0,0.15471121841427696
0,0.04059338119798399
0,0.10103379375272835
0,0.04142205982396222
1,0.9712240669531818
1,0.9178297635947225
1,0.8930963860730604
0,0.5939013246888539
0,0.46562236608591634
0,0.8115884372808626
0,0.044423081839653086
1,0.9784744450441725
0,0.03358518028381612
0,0.15295401064045472
0,0.0604303484136143
0,0.10290599966059082
0,0.018924658250378184
0,0.04414074772692533
0,0.013283055752157599
1,0.6691261088470887
0,0.16315447744535674
1,0.7720247754734363
0,0.1179456636148762
1,0.2144620256273246
1,0.9534569834676262
0,0.01935190251169171
0,0.1583744485397642
0,0.015498727897641153
0,0.1622412291768561
0,0.4590007383366968
0,0.044111137007226006
1,0.9029695869481048
0,0.004578691901599757
0,0.07943724464700042
0,0.03315330301666863
0,0.706354990908861
1,0.9372720839248905
0,0.06947424323002512
0,0.18488741460498576
0,0.014733264445042733
0,0.1152949328196698
1,0.08542025124856883
0,0.03620187669265312
1,0.7377980775180041
1,0.9264593964839756
0,0.02597823073472859
1,0.7082980352945903
0,0.04492281975988095
0,0.1630513469350473
0,0.01905442596480882
1,0.20772450637900863
1,0.8161904588936363
0,0.07207428887901773
0,0.030328843669713765
0,0.04205133079766203
1,0.9447447002886651
0,0.4791600874299852
0,0.012141352864839694
0,0.10150080305537158
0,0.06331350443171609
0,0.039418493693379894
1,0.6926160663096066
0,0.0070118399468183275
0,0.019986873443300558
0,0.299959671164114
0,0.015463096185203588
0,0.01286162847380162
0,0.004931256965748509
0,0.010824267533742205
0,0.18467874213417995
0,0.029955095934307535
0,0.023051552040410497
1,0.43431503942258265
0,0.043999588193584765
1,0.09960993905434012
0,0.012362299979714978
0,0.6332717595766253
1,0.7732791042439695
1,0.8152274534408882
0,0.02011277245209034
0,0.042313745368337354
0,0.0628405237535291
0,0.4074235918873168
0,0.04043976082872492
0,0.03983125846127693
0,0.04394539940447886
0,0.08361729649003652
0,0.032557257304638515
0,0.011381485079085471
0,0.025186757847926133
1,0.8447728407994005
1,0.35640106462851684
1,0.9036682347917525
0,0.026155330766572234
0,0.16564706988628308
0,0.07321001251300666
1,0.8785791218156064
0,0.026416148124068273
0,0.03241554798517924
0,0.025511622399448302
0,0.016898655919925676
1,0.9133849713654593
1,0.931837232921565
1,0.9534334628518899
0,0.025316808329825063
0,0.052240555540110596
0,0.02278615826876124
0,0.9241665001812129
0,0.6188993129297744
1,0.9830491356418618
0,0.02695536540257987
1,0.4765099784002172
1,0.8717676010641391
0,0.012237488490406366
0,0.02114629064962449
0,0.005831159087504194
0,0.24552199969909871
0,0.428869407401956
0,0.2870390801528348
1,0.9248059946186062
0,0.06033450855715937
0,0.03418453509252776
1,0.963758652414369
0,0.014260937406912545
1,0.8320494227375282
0,0.010917713684803385
0,0.007096248158756574
1,0.7815810065826442
0,0.00895753582146969
0,0.030975935967908232
1,0.8839661040495701
1,0.9766042823265719
1,0.8014777980396618
0,0.0258477318531567
0,0.4063180772034634
0,0.01505802758923557
1,0.9722415050430856
1,0.5855740908312765
1,0.9360588952541256
1,0.8902512399858153
1,0.09354247286314613
0,0.037659883210023705
1,0.6986805017941213
0,0.335585088128651
0,0.04128467006546888
0,0.006630657947972482
1,0.8360933126208064
0,0.026949064975326405
0,0.20038784628584777
1,0.840942206848678
0,0.45068285691199866
0,0.014211790727965164
0,0.011927755241159415
1,0.4642593410603206
1,0.3142776071063505
0,0.5527225187407093
1,0.9374858695388416
1,0.5318006086882483
0,0.17962541628629797
1,0.9526530695373766
0,0.015815700005949455
1,0.8753891821355101
1,0.7254845672043786
0,0.038273533920045365
0,0.010176169342002037
1,0.36157631784289485
0,0.020585383935048513
0,0.3816356137648448
1,0.9397483736550544
0,0.5203744928001426
0,0.013741799310308028
0,0.01056856565658201
0,0.017917994536633102
0,0.03597320362825235
0,0.05038210534369727
1,0.9859128794007306
1,0.9364296762545399
0,0.023430911471334286
0,0.0986729035948808
0,0.09428987808767147
0,0.09815926062842449
1,0.9040161481916733
0,0.01117961787433792
1,0.9699855539209116
1,0.9866907659060815
0,0.033279353467945444
0,0.010013655559257189
0,0.024437915694422437
0,0.017458002925360157
0,0.04499080818352105
0,0.0344388114451403
0,0.010932106785655257
0,0.014817322289118716
1,0.9768187676403463
1,0.755533155589891
0,0.09793035216431757
0,0.09930950152735803
0,0.16060582568923376
0,0.018562113219542795
0,0.026899832649770156
1,0.9686033592183918
1,0.9918671670531666
1,0.876561406844786
0,0.18076296513541676
0,0.07180210365593603
0,0.0329932398429061
0,0.06535194885034022
0,0.10129843986937712
0,0.025338210356025594
0,0.08503404282420216
0,0.009491663598842287
0,0.02697417820549297
0,0.339341306345947
0,0.02492187352945609
1,0.969899087781085
1,0.8179016252551412
0,0.0076608013614480825
0,0.06111729811416236
1,0.6800536032663989
1,0.0727271936154251
0,0.4717650988913682
1,0.8248572998556805
0,0.12855250389780415
0,0.022210174264876335
1,0.932467931808528
1,0.18874828276294484
0,0.2321573569248664
0,0.018343133702577914
1,0.8060382137454309
1,0.7584294117036028
0,0.49074856076864387
1,0.5831676013939134
0,0.030342824413715795
1,0.45491938287137357
0,0.08179839299559685
0,0.01518982370898272
0,0.0059051150795393385
0,0.009591695218620909
0,0.03475510132328886
0,0.10039146357631594
0,0.01037796140305197
1,0.8842179051014174
1,0.6391667789575657
0,0.660574144205876
0,0.034730596068916826
1,0.2860741899915092
1,0.9441639395172853
1,0.8121325867885919
0,0.019748624436325853
0,0.06080660676046662
0,0.009746639439490428
0,0.015260952201908942
1,0.3781929089780962
1,0.6917623295405753
1,0.08464381318362263
1,0.7098760591994745
0,0.023164190940406726
0,0.18771321203089564
0,0.019940448608143944
1,0.5905313278608985
0,0.035764798485588695
0,0.007994100035037663
0,0.9231163255385207
0,0.011113394806995707
0,0.014268917036342876
0,0.04080848112975804
1,0.9065237509534467
1,0.4999375968234781
0,0.023733004018640987
0,0.41969464283001395
0,0.01563981384673576
0,0.006994384027117468
1,0.7108534956113053
0,0.08148653543764309
0,0.08405150010396689
0,0.01324795708914017
0,0.023884174745019443
0,0.538466066778977
0,0.01420709124570616
1,0.9213714101702527
0,0.014020100713745766
0,0.012873329695719376
1,0.7581820331665978
1,0.07579293195512424
0,0.02815610496489055
1,0.5754198035270534
1,0.9300699645214412
0,0.042452102135793916
0,0.061841795797772915
1,0.24995395233593556
0,0.04804637106741085
1,0.8614066415121174
0,0.6912609033447664
1,0.8955014994221089
1,0.5586388572532269
0,0.009038407893354604
0,0.024382769098673575
1,0.7892594629379134
1,0.9506641692053723
0,0.2694833934382348
0,0.03338514757415621
0,0.45262756601551796
1,0.9619140089890051
0,0.05433420712570132
0,0.031787945525460166
0,0.04338943760037494
1,0.4692443810088768
0,0.03071697670148707
0,0.03710170471012504
0,0.6961374144954842
0,0.0871675673107326
0,0.1636833319848111
0,0.02430439771824855
0,0.06424802684255562
0,0.4409297676402334
0,0.09899811045706132
0,0.0893145035775095
1,0.8580484681249118
1,0.7428194579315514
0,0.010110025491312399
0,0.006126559093914633
0,0.009201491126124112
1,0.587024861333976
1,0.9398240092204808
0,0.054861066765007405
0,0.1373565587411812
1,0.910380359742983
0,0.07169930242102274
0,0.11044425102135046
0,0.006217313093149607
0,0.09126048177102798
1,0.012414458940698364
0,0.016181144659470088
0,0.01776847725247803
0,0.015299578388201207
1,0.0350674087073393
0,0.0307273021797486
0,0.045337462923882244
0,0.03448996375744432
1,0.7000973793648245
0,0.05798659229109127
1,0.9896404329876816
0,0.0070465716236752275
0,0.006238939483075471
0,0.020985302807048804
0,0.02505475803601937
0,0.007665514746038474
0,0.12955291948356976
0,0.008265695274355373
0,0.01726461065993219
1,0.923132873126729
0,0.041857759976132065
0,0.031748396437079954
0,0.2092178009002354
0,0.0508411185101254
1,0.6741803316770137
1,0.71006785472681
0,0.003086401944931543
1,0.9708809881511592
0,0.1058082084542058
1,0.43303985158491604
0,0.18460379941747138
0,0.05506088472211861
0,0.040384733783281154
0,0.04322745964881164
1,0.24386213591156203
0,0.024204765741413375
0,0.019903233709309767
1,0.38733455091481317
1,0.9160477140470941
0,0.017551441637563458
1,0.024342504042144067
0,0.022551935158476078
1,0.8032253491323026
0,0.011638694355407575
0,0.022269644420769945
0,0.01457849410327444
1,0.9673931113025559
0,0.09219325889645351
0,0.08216857728363097
1,0.9529770944121536
1,0.8878332232424302
0,0.4345897283569158
1,0.9539162888470504
0,0.03128539218795806
0,0.04575034950074898
0,0.02248180504960207
1,0.5011725296774818
1,0.12009824710748263
0,0.008155763459135733
1,0.7724966779952754
0,0.019520207673621323
1,0.9768041246773339
1,0.9183657587103053
1,0.8638393960772603
0,0.06460270206085922
0,0.07235008955440876
0,0.10447723594825015
1,0.04692278096975028
0,0.019535668719830687
0,0.668738856501665
0,0.009007670487293534
0,0.02221696187936448
0,0.058131265364426137
0,0.015205072557326102
0,0.009027185624482077
0,0.059269346981142855
0,0.19243844891963527
0,0.04760366996877694
0,0.033898823186688354
0,0.014538893073339974
0,0.006043540164414718
0,0.010245965001084455
1,0.9476880255291402
0,0.031992299743735096
1,0.06086526243187232
0,0.15172720156320946
0,0.10856189069104133
0,0.037655450696994386
0,0.010189236205733795
0,0.025576349282169848
1,0.9843414436773683
1,0.42190549932189114
0,0.06579919426102532
0,0.08339010744095608
1,0.8796263610310721
0,0.03492808823958525
0,0.010825564704031478
1,0.89487712771096
0,0.010251779587883557
1,0.5265579438825316
0,0.02824475028558906
0,0.006656204457788388
0,0.028513618620749477
0,0.015006605124859124
0,0.04529351363454763
0,0.557968913516586
0,0.2120640180650012
0,0.16277600156917713
0,0.0377339568418109
0,0.010942247063086316
1,0.1401723687235659
0,0.17756572727776077
0,0.02762250532217667
0,0.03163165975010358
1,0.9620565337054223
0,0.026514866611407152
0,0.05173112778399101
1,0.03854423466759791
0,0.5985194894725122
0,0.025109640241957724
0,0.02678740493975664
0,0.06127119138037508
0,0.8103392366856959
1,0.843818583008652
1,0.9035501100331534
1,0.7058419880546465
0,0.07957006301813921
0,0.012237124374658829
0,0.2526358868890194
0,0.026781662066819454
1,0.16210050762036068
1,0.8788470324020319
1,0.9831299021704615
0,0.02431904472264813
0,0.8698518218740311
1,0.4800642989603801
1,0.8264705513087345
1,0.41203356640571526
0,0.22115656076343193
0,0.06347349678372251
0,0.12563034454340635
1,0.7229836379419879
0,0.009407270878573147
0,0.0049928012805626355
0,0.6323677305893105
0,0.04071339705058173
0,0.025321873205792742
0,0.0284489498494424
0,0.1401665244121047
0,0.02159447097124276
0,0.04962656860032952
0,0.04346676843563296
0,0.33907386603069617
0,0.00809846521539914
0,0.038128814113459135
0,0.009136150822448287
1,0.772173803904857
1,0.972358581536266
0,0.07016598169531275
0,0.012310613497017488
0,0.01945717131292788
0,0.06268308486696422
1,0.9754372526679806
0,0.019040531129357455
0,0.026692010372500543
0,0.020082415647706887
0,0.021984212535878535
1,0.46960876870957496
0,0.02953396717590506
0,0.048330245031423705
0,0.07265985067752215
0,0.05489863502860629
0,0.22322355625794948
0,0.039942978386119356
0,0.8585054436373102
0,0.6619994350980205
0,0.28046283950008494
0,0.021769825974522226
0,0.016613717045140385
0,0.012720668048674283
1,0.9806102199581274
1,0.6256343798277253
1,0.8102666295041683
0,0.9028728289636908
0,0.009744044149773139
0,0.030624239194532537
0,0.3697932229640191
0,0.07775968765728043
1,0.09844026705780971
0,0.04210063685410432
0,0.0723030356081706
0,0.09468888290592518
1,0.21093841298911656
0,0.11566412358243158
1,0.991466537520795
0,0.6825495101174492
1,0.9099200558592561
0,0.06664346883542996
0,0.07234624159353872
0,0.02212935739556526
1,0.9600932313947255
0,0.0318583721759986
1,0.7856214858631102
0,0.04674831204753027
0,0.03766657212499695
0,0.009832561914968141
1,0.5779892115890419
0,0.004314261349104313
0,0.5048742501031155
0,0.0095582633662884
1,0.8564866544143048
0,0.007383763915968746
0,0.018256064034104645
0,0.19658091772751538
0,0.10360301605101713
1,0.5018299590778786
0,0.04518070789872669
1,0.7313472267754006
0,0.010166589556759913
1,0.6977411088002496
0,0.8958209799203178
0,0.01629237709776435
1,0.9433915142933437
1,0.7223811392108074
0,0.04680164513396527
1,0.5881422299243675
1,0.7754059906078177
0,0.020791969306085116
0,0.012785028011904892
0,0.1034122234945101
0,0.10869292239524878
1,0.9347296282845435
1,0.1432095009805176
1,0.9826448220301157
0,0.010031831924570207
0,0.09653738939849874
0,0.5861607083108346
1,0.8117420058427582
0,0.014222148926946886
0,0.016460293550866742
0,0.020296968189683236
0,0.12767601308130963
0,0.05694294303283823
0,0.033723476927208285
0,0.007405431058296122
1,0.5032264506568498
0,0.016190957790282998
1,0.39545222735425684
1,0.9443122710343624
0,0.020296502196861594
1,0.985837257252142
0,0.019161908838317934
0,0.03903684151094884
0,0.020854413861016954
0,0.07075503438727006
1,0.9773191306816491
0,0.6214408709155533
1,0.6713895259241656
0,0.03936355177326396
1,0.09178075187098371
1,0.7061627015514407
0,0.8244909951875612
0,0.03230289202384795
0,0.018523031225450355
0,0.006263632646774075
0,0.05064452987855106
0,0.009000885980023242
0,0.012589749933227354
0,0.030567968930006642
0,0.07064681479180528
0,0.04407192283033667
0,0.01748105911248615
1,0.9625553802717565
0,0.7930604727573517
0,0.04511474550171417
0,0.7304001305991963
0,0.01010339289637908
0,0.03136976682865886
0,0.4569453536653038
0,0.05426408738249506
1,0.9684393327430606
0,0.009207104815305716
0,0.06947424323002512
0,0.050621863259869865
1,0.961564173077215
0,0.00976445915683604
0,0.1921524355170659
0,0.017772652832507622
0,0.04030861987475602
0,0.04584992284457399
1,0.8609699177269059
1,0.8849455424661746
0,0.013956969715988777
0,0.6159944758732062
0,0.044559694812207895
0,0.14700720762343672
1,0.23302272206593475
0,0.023654663413889925
0,0.040228939761839166
0,0.03842394693379232
1,0.4271473356961045
0,0.047579502270451726
0,0.0646645955546772
0,0.05970915194282968
1,0.9630211135289093
0,0.049986335773547295
0,0.5556750197071878
0,0.9162943513711452
0,0.15937725638208777
1,0.9708901294118649
0,0.05276318745727685
1,0.8693007612651441
1,0.9535336694084326
0,0.02897457816048082
0,0.02604786198251442
0,0.16842530856396695
0,0.011937151365233163
1,0.9485375082832243
0,0.015745468231981568
0,0.045712426067495725
0,0.011803429945711477
1,0.9762708740254327
0,0.06364404823668117
0,0.00921277939149479
0,0.24718492526279714
0,0.032554310493076395
1,0.5657177610997545
1,0.5634166046425398
0,0.009911894899964961
1,0.9681244746291211
0,0.010001033175099561
0,0.40965380199710744
0,0.04578235637762662
0,0.7006995519189082
1,0.9122758740379066
0,0.026232511012589256
0,0.022546031338883197
0,0.7503654010987336
0,0.8336264089171825
0,0.3869781216856643
0,0.018077030534977747
0,0.09400287659689899
0,0.03148672925015928
0,0.06652894157304662
0,0.018936183628663433
0,0.1329313209011073
1,0.8154820688127143
1,0.2773915387002513
1,0.25444806983804036
0,0.043987227856854105
0,0.13764155310344295
0,0.20246051325349668
0,0.010790038203190083
0,0.5360531067884727
0,0.025274754964022202
1,0.9643765077774523
0,0.07698791417498568
0,0.8123752624666081
1,0.17958674162863525
1,0.4830659491547989
0,0.014912440184869282
1,0.8563926140494778
0,0.022321821799123107
0,0.2894335982042153
0,0.04357737459349038
0,0.7677151897609861
0,0.15975599527679935
0,0.012334773050607447
0,0.050932286207283725
0,0.31677865116333265
0,0.019574656780484763
1,0.7992829463085616
0,0.011886096141979613
0,0.02667293625598134
1,0.4074235918873168
0,0.07859247385292227
1,0.9122538849660755
0,0.009283259243128887
1,0.16466988955122314
0,0.026519256824185846
0,0.03580499448268618
0,0.024603071654458332
0,0.029079678944649467
0,0.08327669035747733
0,0.027996230711849857
1,0.9602453429014118
1,0.9633319779666816
1,0.10962742305283092
0,0.374755398030329
1,0.5676511227958294
0,0.06686860593535436
1,0.8755444644787124
0,0.044277428494673525
1,0.5167873474042
0,0.0660563277294787
1,0.9419035568355536
1,0.9509946793335595
0,0.8667536820848054
1,0.9866230372811445
0,0.019809961675204164
0,0.035446173010863516
1,0.27857036821906994
0,0.056160096555410245
0,0.050496121621038094
0,0.051586957384427236
0,0.012962811486830997
1,0.5926273281770508
0,0.006730386395578927
0,0.02177913531289697
0,0.051141441397438266
0,0.028974580036186453
1,0.7792838110632372
0,0.11052203346830926
1,0.9678263770637062
1,0.9733983125130975
1,0.21384029654091158
0,0.04969756375568562
1,0.960777448087496
0,0.006390316710152001
0,0.016565226202142392
1,0.7536062145156598
1,0.965268065628494
0,0.444029208905807
0,0.022963729534385618
1,0.9198490615548666
0,0.14708480465281504
0,0.1330174144911291
0,0.13491241391730993
0,0.12933628226928107
0,0.037696153244698195
0,0.14095958167880446
0,0.04082032970860221
1,0.9552080256661889
0,0.05321305260480037
1,0.8958877692204912
1,0.9358635363355922
0,0.09621436528588226
1,0.9501046625064486
0,0.009293285570149966
0,0.017826772551301558
1,0.9012583667255883
1,0.5720645732122155
1,0.8132015607215105
0,0.06255177682771536
0,0.18089442864878158
0,0.047678357353654506
1,0.2984500105794854
0,0.054085745199889144
0,0.07323021096864676
1,0.982637572724082
1,0.732456590760966
1,0.989749043508312
1,0.9555811877158376
0,0.02708528809479531
0,0.02454878098084379
0,0.09866862467605125
0,0.06088819682635505
0,0.06465437527152491
0,0.03648001981062849
1,0.018706048085922394
1,0.13251287257385536
1,0.8684724646465147
0,0.00911569008069662
0,0.7223129441264817
0,0.039822718585266106
0,0.9899109069379457
1,0.8130277139223718
1,0.7679015904236904
0,0.012697909767211045
0,0.011946284228880328
1,0.7370137161375048
0,0.0298482715542408
1,0.9321528890830113
0,0.0032797564700422833
0,0.09172758399486004
1,0.8660158056002182
0,0.0816151235002145
1,0.7285441987915635
0,0.08488941596896134
1,0.5304843207468286
0,0.03151763534784164
1,0.8367322467899
0,0.057301359900391126
1,0.9003915758718088
0,0.006807827999147892
0,0.22059586828271577
1,0.3846952167680592
0,0.1537647017105594
1,0.9166709184335654
0,0.04536233228100678
0,0.03305798927151464
0,0.053440374297086445
1,0.032866979105409394
0,0.043942211209412364
0,0.9329236107062976
0,0.11417224429787548
1,0.25949139802935023
1,0.8633731562436177
0,0.0409064682182819
0,0.031027196602339536
0,0.029210586464708088
1,0.9709718487856825
0,0.04217124138697803
0,0.02266944793328549
1,0.9049437925840381
1,0.921581629750638
1,0.10147418976588045
0,0.09717711288899379
1,0.5895914376084082
0,0.01834637190626317
1,0.744789559523298
1,0.05300832139234388
1,0.5849300360334392
0,0.04556339593357737
1,0.9835439462071417
0,0.040374139980966076
0,0.08112872395105386
0,0.024663038927944782
0,0.007750216774419083
0,0.06446835119594325
0,0.5848936588535734
0,0.043349966754800774
0,0.006659811351985655
0,0.05563838629178853
0,0.014704298526913332
0,0.025445804950860046
1,0.9945472819357968
0,0.06004473231435896
0,0.09178430706900793
1,0.8708942354111733
0,0.02917837850180486
0,0.04382681922265558
0,0.007227532066052032
0,0.01646892206327552
0,0.09969949463002822
0,0.014082791083464066
1,0.009890266134563975
0,0.0539648204992304
1,0.807243774386951
0,0.03105513739172426
0,0.0344844933129546
1,0.7530277991080732
0,0.008086855453660263
1,0.594245142612973
0,0.013848520579924774
1,0.9039055052733693
1,0.9812897342028869
0,0.12886067436347726
1,0.9679305081908992
0,0.030125204262514353
0,0.02568235373151132
1,0.7426549153312487
0,0.023080580469233003
0,0.20448825992137878
0,0.05758953947715934
0,0.08982677386184382
1,0.9867267677079574
0,0.041663525695149854
0,0.011851739084032883
0,0.1678861960499694
0,0.012627744833832366
1,0.385024847601161
1,0.8479760582659298
0,0.1687285283956047
0,0.059631661123022116
1,0.8983817966087405
0,0.010149683070963708
0,0.017504519066226555
1,0.6626647645539069
0,0.03063227835952594
1,0.7489790509472322
1,0.2971451237751746
0,0.029546947412185474
0,0.46494438757473944
0,0.054211907431791474
1,0.9646381416236225
1,0.4159950638267627
0,0.41898671712472213
0,0.040350235558558455
0,0.04913660635000065
1,0.9804109378832337
0,0.013132151990171157
0,0.021354792180746613
0,0.024888220658050644
0,0.08179999181482296
1,0.7218744823799587
0,0.003370405119573391
0,0.1134919110281048
1,0.9891952336706734
0,0.06762318899424172
0,0.005509367596219518
0,0.008336246403606366
1,0.5018160062463313
0,0.12544362020508834
1,0.8726112855399393
0,0.041260082448467475
0,0.03141119531763894
1,0.9950943609166287
1,0.05059641339142541
0,0.007100179371162011
0,0.024498103415865433
0,0.031083466358559946
1,0.9674298247881523
1,0.9008290031250191
1,0.30130525173207523
1,0.10241723624714229
1,0.9153139628649094
1,0.2688130918234929
0,0.16198608510032814
1,0.9108675124506627
0,0.053576174645212554
1,0.45051480050780507
0,0.16431546920518944
1,0.9241183160062488
0,0.06564241715222868
0,0.07537404381205917
1,0.5863883937344594
1,0.8599320034768418
1,0.3046557573026733
0,0.32001509676537304
0,0.01961260195368635
1,0.9260537539736546
0,0.24986323230894758
0,0.050159968765555
0,0.06278012966336795
0,0.02764326784131692
0,0.12336178800319575
0,0.12985068838256303
1,0.9223565082442897
0,0.02243631323022225
0,0.11391916185250978
1,0.9148341272521553
0,0.0059879601750843035
0,0.04596074143848488
0,0.09664893364564561
0,0.047304658884221355
1,0.07095201330341566
0,0.69052566956557
0,0.04734010786412164
0,0.009264095942273478
0,0.011972864820942564
0,0.027115273096895515
1,0.3595092294985637
0,0.03599280871004597
1,0.9625591986787324
1,0.7840731224123932
0,0.006713116739726253
0,0.03438630276833135
0,0.8426535011234292
0,0.030960444493240757
0,0.01360351507801294
1,0.8543492666434478
0,0.026713415258359442
0,0.08131376006138857
0,0.10645664610476809
1,0.8684608487818948
1,0.9871348881559774
1,0.9883904130100223
1,0.6305081916678333
0,0.0067537958505286206
0,0.06090816830048172
0,0.009327696974517677
0,0.05049665819919856
1,0.8130907533520121
0,0.05140397820107719
0,0.04476801180595134
0,0.003954235923592411
1,0.021856999878080114
0,0.015276328330038082
0,0.04950897909308012
1,0.8078812771400524
0,0.11710305962109334
0,0.03235022553145575
1,0.18395434065546004
0,0.041997280857426066
0,0.1534664195835223
1,0.4154392601540643
1,0.9720437310393022
1,0.7726805593910175
0,0.0311138390818315
0,0.026637838500584387
0,0.21804909597435312
0,0.37255056837216866
1,0.9488486423404117
0,0.1922452083933951
0,0.04754813713490952
0,0.019548920379233448
0,0.028405751645443383
0,0.07496941928103257
0,0.52878288788879
0,0.09765389034112802
0,0.04495391882561545
0,0.02310060211888038
0,0.10236452366490686
0,0.17221379832101893
0,0.04833997233137287
0,0.012475160923490094
1,0.8589468055525323
0,0.005663640640954498
1,0.06282513582981017
0,0.01868452381743781
0,0.05732587659702564
0,0.6215082475635518
1,0.9635032899308531
0,0.014778352370131913
1,0.8676087606057756
0,0.04508521126268633
1,0.965787455377688
0,0.01213377699505463
0,0.014945204875232408
0,0.033746881355076294
0,0.023321479193977254
0,0.06299719260030619
0,0.6501384724907454
0,0.2793995331903725
0,0.009479531780966645
0,0.3159186201691934
1,0.8396779071184601
0,0.026169566058487036
0,0.026887443626142597
1,0.7389891528946766
1,0.9546879292961158
0,0.024812053657313878
0,0.06820793144891317
1,0.6900863281268127
0,0.17795329986649808
0,0.011997418093341159
0,0.3416567445977133
0,0.13205585382601703
0,0.07015251682692379
0,0.022026756736881384
0,0.03160335511158493
0,0.021007892411391182
0,0.03811999606124017
0,0.0774024829251922
0,0.014559672871384184
0,0.6422102387277979
0,0.008152908954738957
1,0.18905055344246996
0,0.0032281525187831898
0,0.011268770231790976
0,0.014839949414253943
0,0.0457427262452975
0,0.6169619453221878
1,0.19743506836871175
1,0.993096256556792
0,0.14834425893291067
0,0.016393638908831148
0,0.06262009750097672
1,0.9761097158927683
0,0.15934648044168484
0,0.03435886081040574
1,0.9226201329922528
0,0.07988427933648898
0,0.04118727089949204
0,0.00652656862975166
0,0.05237530561015497
1,0.9546314612108253
0,0.05994896798266122
1,0.9278959892600659
1,0.5822348116196405
0,0.16788427632966016
0,0.02487470838010677
0,0.14487143597266947
0,0.7813566435572993
0,0.03223252786844831
1,0.9842296054702157
0,0.08173908165707017
1,0.540245062745128
0,0.009069655757001952
1,0.882906901789785
0,0.04139807646830619
0,0.009828678951295059
1,0.9730168654046945
0,0.03486857426085619
0,0.00925785047309065
0,0.026018240714613648
0,0.02959406367958419
0,0.05071968363797194
0,0.03151059007310922
0,0.004805944449000506
0,0.01685164638059278
1,0.8040494610879196
0,0.005379954466785152
0,0.01653956457775405
0,0.04063912338483882
0,0.06649758054852149
1,0.9391869007778906
1,0.408616280913778
0,0.025437886123377
1,0.9721183849926682
1,0.7136026737663324
1,0.8683429814984283
1,0.03808072691220139
0,0.22345784225993667
1,0.488532839619358
1,0.9230560965556363
0,0.04057032581895555
0,0.01295304217022307
0,0.02535509994433073
0,0.19531123093021371
0,0.017456669851660184
1,0.9575158787159315
1,0.6739172617095718
0,0.019540812536050667
0,0.24335315997437185
0,0.027080152027257536
1,0.5911306005273589
0,0.6235688720637792
0,0.016991575640263806
0,0.01352802444412705
0,0.5153071030789291
0,0.16557333444233596
0,0.01230702146154964
0,0.010630504092056313
0,0.020970101414520277
0,0.07568596724603119
0,0.016578951738115227
0,0.08237928991864332
0,0.03441135523190249
1,0.7629785638399997
0,0.0384671670984858
0,0.6838852617265837
1,0.6507567781926078
0,0.03323544889502239
0,0.8130729798942313
0,0.1118494814413065
0,0.26747616942255237
1,0.18367148660054908
0,0.04125266944843059
0,0.33278066883663915
1,0.9140121602335601
1,0.955508615319333
1,0.20078737682533715
1,0.846366329053341
0,0.011720352098639761
0,0.04110116813082356
1,0.8739588535834081
0,0.0158971574943454
0,0.15973226274490698
0,0.05344278624492898
0,0.06827581824331946
1,0.7772070952434955
0,0.017266388209380687
0,0.06971286429817865
1,0.7764543790882328
0,0.07023053345596336
0,0.05277088740490547
1,0.8854240700568629
0,0.7831911336090159
0,0.04089339796536355
1,0.9221683677398624
0,0.47166564918835924
0,0.020634898618176006
1,0.5758140971550945
0,0.06858870928324265
1,0.9716681503015201
1,0.7040654699316996
1,0.9083194450479121
0,0.03241342734697864
0,0.085762187265489
0,0.009218957992865179
1,0.9588223851253822
0,0.01317224976610988
0,0.035111421163957414
1,0.295474698949122
0,0.019421546570588574
0,0.028593525213608223
0,0.08297851488172445
0,0.06541146901514021
0,0.058880779138360685
0,0.005500925355588072
0,0.1659207147963794
0,0.22309578923570617
0,0.06610560735751383
0,0.019550397469860654
1,0.837370688366542
0,0.07276045159188516
1,0.9119352704827832
0,0.02147749807440357
1,0.19004087929355246
0,0.026544769655743865
0,0.02036685927558537
1,0.8689706397174671
0,0.010898662359758919
1,0.6601105323206274
0,0.11834695256812883
1,0.7989688571603658
0,0.08653464713473659
1,0.9399838890623807
0,0.0080532252532304
0,0.05309084183054287
1,0.9336677738393151
1,0.7623483887371681
0,0.7677514052458451
1,0.9929854922354066
0,0.014494784075123952
1,0.15986991321628455
1,0.6813878055514241
0,0.019435458047628893
0,0.5423106271166922
0,0.06164044567402723
1,0.9709263302270219
0,0.006080514507293289
0,0.02523802230377785
1,0.767679885567957
1,0.9433471570717266
0,0.1618962479955262
0,0.12407115860289653
0,0.020263689769715626
0,0.004821805526676298
0,0.03541632295243154
1,0.7819342456100198
1,0.9440160912276357
1,0.9695014215182676
0,0.01008075831680034
1,0.5385877973632144
1,0.15768565800542533
0,0.0679920682163372
0,0.02714103923515283
0,0.5982877332090542
0,0.14275188459367386
1,0.8492442134636508
0,0.08633980724228292
0,0.030161343755146116
1,0.9846184413435923
0,0.6317502635064164
1,0.8300396652843379
1,0.6467040327405924
1,0.9879237604295691
0,0.00512652613957442
1,0.4546475168937834
0,0.011990888960334352
1,0.9770292686172024
0,0.029006246055911355
0,0.018332803681432662
0,0.1546008636100136
1,0.35506614694621097
0,0.13894805866438217
0,0.8447728407994005
0,0.01197628443382861
0,0.5681845784553823
0,0.4793046687806698
0,0.018289393629578012
0,0.1966740188983284
0,0.02818458223548033
1,0.07520604479100526
0,0.03331614346296008
0,0.36566623579821755
0,0.022565347881814517
0,0.05112284513229058
0,0.039888613587586844
1,0.709646832949622
0,0.03317957565660682
1,0.06749147959873768
0,0.4799493303568766
0,0.05009891083504424
0,0.028242958868552357
1,0.8664376512262547
0,0.01334452775065578
0,0.03819203236912394
1,0.634732637531571
0,0.037436813922858116
0,0.13443558381966084
1,0.8145336524380679
0,0.006465564910694527
0,0.022854951116445945
1,0.848469007774358
1,0.9205222760924372
0,0.010666883166814628
0,0.019950172496809946
0,0.8234524476715822
1,0.9470493479163716
0,0.1653314104408376
1,0.41233391196343544
0,0.7624735105370508
1,0.9586773129905901
0,0.036102549520513075
0,0.013371351706657809
0,0.05554511622661963
0,0.03900209691989878
0,0.0096057521063755
0,0.4409297676402334
1,0.43014428022555323
0,0.0858238749407442
1,0.3382046091430095
1,0.9616183283355652
1,0.9636879834828284
1,0.9275891480879372
0,0.019079255700373294
0,0.016771862555923937
0,0.022144581718998666
1,0.888901704770845
1,0.9097207142756579
0,0.18783248412116724
1,0.6974412209256241
1,0.13534328753705135
1,0.9072659210558714
0,0.1128072994073807
0,0.02910389494759351
0,0.04218554668948676
0,0.08693186641618833
1,0.9731209303555507
1,0.9647768635207892
0,0.013137886994908343
0,0.27110163230297657
0,0.0208311943625965
0,0.03686045525054237
0,0.017694379107719094
1,0.8309438834586603
0,0.009081595872253607
0,0.019412037433339607
1,0.07470408370616091
0,0.07509066729263777
1,0.9573871592616469
0,0.01605837050587915
0,0.15089402985886466
0,0.039821966241126994
0,0.019562530884068
0,0.028160271016031645
0,0.01705687198053218
1,0.1211738536344649
1,0.956290950615018
0,0.04667734362811051
1,0.9733083712000213
0,0.02823544705219362
0,0.058985648987025276
0,0.09153963986697379
0,0.03521745703229833
0,0.07717994262509933
0,0.056573258130691785
0,0.07573526908952141
0,0.058632408174834554
1,0.9813504123232412
0,0.04121766411074964
1,0.7850756449742502
0,0.5014459846404646
0,0.15831680345487573
0,0.011286049389968788
1,0.9488702591106959
1,0.710084599952248
0,0.2921229471531527
0,0.4457310035172397
0,0.043394738559620505
1,0.9159671745667101
0,0.05556701685150166
0,0.02302371243964582
0,0.023167316461474206
0,0.36555406430043363
1,0.15336259576310288
0,0.05356471540805415
0,0.9943902278079219
0,0.07004148187922767
0,0.5804762435045557
0,0.015495547414240968
1,0.9102985495494677
0,0.06833231067511764
1,0.6025352359583483
1,0.9594959724208373
0,0.031979567417821875
0,0.028380874444553297
1,0.915334321112498
1,0.8683923148585979
0,0.015050396852148115
0,0.017059957539173654
0,0.059876879239216745
0,0.03308829449177318
0,0.037867893591259576
1,0.928197692677494
0,0.05276915583040046
0,0.03513035259354881
0,0.05271697037589369
1,0.934692065562225
0,0.11267485172563044
0,0.0554565487696756
1,0.822065006157159
0,0.039258274521041234
0,0.044432595685705095
1,0.7203364888073066
0,0.039736603157669255
1,0.8554769842417732
0,0.07225156162012135
0,0.024308660100224668
0,0.04852299391483445
1,0.8356572486535427
0,0.010343239430246865
0,0.026335563116524848
0,0.03460121824498939
0,0.12824799309577392
1,0.9777586775086707
0,0.03186407133562924
1,0.4358166139849031
0,0.5629948580796521
0,0.2541340073506073
0,0.005751871998453537
0,0.026973747782570945
0,0.07105431703841526
0,0.10068898298328358
0,0.008728744489772091
0,0.02623938484420924
1,0.7691175946102263
1,0.6278995408961636
0,0.0258998192582126
0,0.11307489198566568
0,0.01444341979398466
1,0.49426520531636664
1,0.9712095157716398
0,0.0310294662440934
0,0.7125445420472353
0,0.014630340551394819
1,0.2670404450478439
1,0.5342213566553708
0,0.8273731659677142
1,0.9343674541864485
0,0.010953987058127513
1,0.41914909485957336
0,0.01463669235410027
0,0.02131828771370611
0,0.03975471888622731
0,0.8670141055794252
1,0.1477206181379606
0,0.1816704217272158
1,0.8735830823566114
0,0.1249691397091861
0,0.1024850573341094
0,0.007129297425930034
1,0.6558701169590656
0,0.031615717386267735
0,0.28859639644276563
1,0.22812491213229674
0,0.09882808281934682
0,0.012660745174416514
1,0.952024993291942
0,0.046905295128790284
0,0.11382223557993996
0,0.05142342192336584
0,0.016176635236364582
0,0.14268187323787732
0,0.06221859021245129
0,0.029849349182915076
1,0.18673975285347594
1,0.8116886530941493
0,0.8607564209539739
1,0.9494769866256144
0,0.037471099207891476
0,0.044039896715093466
0,0.22505568224979505
0,0.11310027396147532
1,0.7521635594637647
0,0.014268275447323866
0,0.024589598852919815
0,0.02871132454670344
0,0.08040590587693434
1,0.9615845956679164
0,0.011945562274377165
0,0.10792786694628949
0,0.017627776569335774
0,0.08369125660664582
0,0.007826873928547065
0,0.7915807808246291
0,0.007240087873568545
1,0.9687448480635311
0,0.006199399057697607
0,0.026160492611234973
0,0.02499828354069002
0,0.2698215886195045
0,0.021557646228851392
0,0.16758999940898384
0,0.946608151271162
0,0.023121487687511322
1,0.9544644631820235
0,0.06453738163441748
1,0.7777803724335781
1,0.28092242603597667
1,0.2461396247582333
0,0.02529939494508499
0,0.03982532871649793
0,0.04555505318951236
0,0.029114318367210793
0,0.007282758953776171
0,0.055004109218874706
1,0.6682718715468747
0,0.048966009741296584
1,0.33247673685619866
0,0.013938304474860996
0,0.021697351269903183
0,0.08204850180729963
0,0.03991510585597762
0,0.02591213140041793
1,0.9063666400178856
0,0.014614392967354733
0,0.027670148658423026
1,0.8684685276537947
1,0.9607002475381403
1,0.7930584719434133
0,0.10400019275478935
0,0.1321432147220784
1,0.9284131596184667
1,0.8194925551086009
0,0.044435665628708695
1,0.45275165903270465
0,0.023796681801900473
1,0.9903781544708932
0,0.028258112516265133
0,0.03401349850987055
0,0.4830475496120517
0,0.02613704062503699
1,0.15108905671169515
0,0.11830997963075697
0,0.017237270735328162
0,0.057770398105619354
1,0.8684614097119344
1,0.5589312024905277
1,0.7837373374659306
0,0.01671457586711736
1,0.8181250518069644
0,0.028811121070418978
1,0.5339959283520155
0,0.004073808849176345
0,0.028379549165685566
0,0.007298024265576519
0,0.025970300850946995
0,0.12130753653896308
0,0.03089380639948692
1,0.4986915346525997
0,0.02434772336914359
0,0.009118811448354486
0,0.07353139551136785
0,0.02813156587772896
1,0.9549249259877028
0,0.023652081588409868
0,0.0362998828181872
0,0.4164738303203989
0,0.08810863547116889
0,0.5831676013939134
0,0.02085289129148064
0,0.03279694618832996
0,0.7639817679939865
0,0.04839921873218504
1,0.989113244902145
0,0.014220110069468644
0,0.1675761074716396
1,0.9631074375368073
1,0.6996393063116256
1,0.9523870250516778
1,0.38320253583015645
1,0.5710584741705532
0,0.07319417722676341
0,0.03010078619394656
0,0.010415122096749442
0,0.07095642347883867
1,0.8421680994561773
1,0.09179279891928871
0,0.0661486657063816
0,0.01256367803379061
0,0.03500776483771121
1,0.991727949180036
0,0.07643284502791732
1,0.9654802889894337
1,0.4880899230191206
0,0.025338820228900442
1,0.9700498674687228
0,0.08450507297457739
0,0.04505118346453637
1,0.950299761465851
0,0.03857169662104635
0,0.08236949580342016
1,0.5616107130796497
0,0.019097755942256846
0,0.3745962165563692
0,0.08988930916158616
1,0.9049670719271349
0,0.061128723535503346
0,0.051457579361815296
0,0.01086530789875462
0,0.039388999290384946
0,0.6835587699209269
0,0.6340596944892587
1,0.39193543628846883
0,0.1269104529959774
0,0.013057878427334768
0,0.028654269280931448
0,0.016245763544734514
0,0.2430994940134127
0,0.1519046447418527
0,0.15949412280162092
0,0.016188653992810546
0,0.07768580351237717
1,0.3919034688983229
1,0.8304132123293366
0,0.022074365929939298
1,0.8785109894861344
0,0.025362277653590275
1,0.7953439824225811
0,0.08301635700262104
1,0.24241952784891233
1,0.8064918426790206
0,0.008909145206060448
0,0.02751730505024329
1,0.3457184655490871
1,0.4532667249258674
1,0.9264347352156053
0,0.009833881976233748
0,0.04621392497679685
0,0.04284251630715739
1,0.9417031108155779
0,0.06463489301153615
1,0.9500096757682714
0,0.04727171191012287
1,0.9609059137487949
1,0.7271042334505942
1,0.9385756543128336
0,0.1452871718247089
1,0.8118794936649256
1,0.21266160743785423
1,0.03710021417209446
0,0.031191948242894174
0,0.11815872398771848
1,0.9483648996625188
0,0.010430503498452124
0,0.2849981409432222
1,0.9528622587930554
1,0.6418430064632824
0,0.05867820044737519
0,0.017381257563436243
0,0.5974664331619085
1,0.5924186960098943
1,0.9476131364952634
1,0.9322778132448248
0,0.04995218845323648
0,0.01563948254420773
1,0.9668303965862355
0,0.009735928819861055
1,0.8724126015912129
0,0.013602874020574507
0,0.013417710545667854
0,0.023756127807418485
0,0.42338905078447936
0,0.2127034200072976
0,0.09908005310720888
0,0.0706483823928084
1,0.05780923848984855
0,0.7464917909314073
0,0.1198947795527715
0,0.011204943061790542
0,0.05885632313642578
0,0.16711527438726123
1,0.567286600595385
0,0.02428826628129959
1,0.5023537398680386
0,0.01895564285263157
0,0.031302308960256806
0,0.013970801699506903
0,0.02639966514217457
1,0.01639584619813278
1,0.9287900948985696
0,0.03006980498616598
1,0.992884399504329
1,0.9529103846597385
0,0.004247860008682151
1,0.8719010687897382
0,0.40128578413313304
0,0.7073120075014374
1,0.12559657855062822
0,0.016899435140161994
0,0.09527065961809873
0,0.6833297236677519
0,0.05409824923480973
0,0.13971831667668716
0,0.6299693401417977
0,0.37821423191469045
0,0.040766267784226526
0,0.08520474222236384
0,0.005993319822607775
1,0.08153798166088568
1,0.9553325873721422
0,0.015903088760875102
0,0.012941941029673226
0,0.20066260187161464
0,0.07156546274876183
0,0.02471695532911202
0,0.024617462501628672
1,0.7090126319377804
1,0.07690222669169901
0,0.007475664479793187
0,0.013061220439418179
0,0.01885372429295756
0,0.030586008556260525
1,0.8928812483996375
0,0.03050012134731027
0,0.008669269552309329
1,0.004788450892532698
0,0.03237549141969994
0,0.14297347270239594
0,0.029826892072811684
0,0.20507019133746074
0,0.030545602791683134
0,0.030768215588821295
1,0.04988041078528462
1,0.892160029680613
0,0.6693768618924997
1,0.8591792365168162
0,0.2198625818395112
0,0.10109222212443442
0,0.02559902581561401
0,0.018454343967599374
1,0.6906399241582739
1,0.9305984909085214
0,0.014614459967026122
0,0.02414340160010714
1,0.016550066361285674
1,0.956103397240585
0,0.02597015954536273
0,0.0146180373561095
1,0.9335380419975856
0,0.01827871660772128
0,0.06185181860313076
0,0.029141400072759033
0,0.8589997213254382
1,0.84482314415546
0,0.008446411836236064
0,0.11057249666537289
0,0.11478623510126974
0,0.0038615790385229435
0,0.03952781564047314
0,0.04132842808483467
1,0.03267830687482572
1,0.8838198957360691
0,0.026683005807520057
1,0.7814552041989744
0,0.0254752713095535
0,0.03097574478734266
0,0.01026256205383139
1,0.9789612803742033
0,0.01548919668920026
0,0.03880431961129865
0,0.04229687347303939
0,0.059068411656149906
0,0.16055366026272003
1,0.36493159359914484
0,0.026504965318711163
1,0.25481263523014774
0,0.021589345008926925
1,0.9672956796631099
1,0.7821276266721869
1,0.7899620022964603
0,0.024440172216872006
0,0.019738492029505218
0,0.03595077121239548
0,0.05490978268745627
0,0.04289789854457175
0,0.01577176963702568
0,0.038453797631894826
0,0.25074159578083816
1,0.009423444062490925
0,0.010068268232453681
0,0.05334436041147328
0,0.1127334278597604
0,0.030151434164215098
1,0.7963151700685093
1,0.9462970259959406
0,0.03645903125481726
0,0.02163013323479684
1,0.7799918765365623
0,0.22417621894801312
0,0.029430593584846457
0,0.05021380917160774
0,0.026395881841411103
0,0.04219059724153882
0,0.00467125847152896
0,0.8318160447330984
1,0.7157713683625572
1,0.7913502011941923
0,0.12713016018787782
0,0.06931286224446023
1,0.7354608783491132
0,0.05115738197232389
0,0.019918370380224218
0,0.11620173933542752
0,0.008885917152825492
1,0.4722950335202961
0,0.022207580624322484
0,0.11629464523137484
0,0.4301006407053872
1,0.6848921094608877
0,0.02120904593251618
0,0.9265458726257079
1,0.7692215779043406
0,0.01538340336133829
0,0.03035194530316885
0,0.0178566500371393
0,0.017984515430219533
0,0.01049359103185295
0,0.00874896307776044
0,0.05387021493608458
0,0.13792294586027595
1,0.047368960443843866
0,0.03789978654773928
0,0.007411784283547051
0,0.9112242509735017
1,0.9753283408262386
0,0.0068346906865896775
0,0.023881626139501132
1,0.238999417688334
0,0.03304426307056553
1,0.7178254519069599
1,0.8799633193607027
0,0.02171149932459865
0,0.07067386679226559
1,0.9199436669379182
0,0.022627833939287835
0,0.050424405472688
1,0.6126373121349247
1,0.08076975800841021
0,0.414897479908747
0,0.039535785000844266
1,0.8885115597409052
1,0.10256263695394295
0,0.024048417233881694
0,0.02206692906807491
0,0.0322046315022697
0,0.02629936160300328
0,0.08776088933654871
0,0.027053195981303863
0,0.022381874619611598
1,0.9624919967826209
0,0.06454332064636119
1,0.041973294062752464
0,0.3577897438683752
1,0.622245011589696
0,0.38210953855316104
0,0.23078101186789013
0,0.1678870112329711
0,0.012772647082777287
1,0.800095644669949
0,0.03804372175753441
0,0.5696220473806355
0,0.03720112154861428
0,0.4646257662968642
0,0.5298311314200234
0,0.20017191328123612
1,0.643480864531112
0,0.050798113544669975
0,0.0044038259767764255
0,0.04210461108710092
1,0.9579696099623002
1,0.6226291391346479
0,0.03029239957636326
1,0.8562668417665075
0,0.016895928330877795
1,0.5608418752882448
0,0.17877732268803775
0,0.015264453432862302
0,0.04484931278419199
0,0.1287263128218184
0,0.03550463053995555
1,0.9526058334668412
0,0.165608365597707
0,0.010514628608757787
1,0.6968871994275707
1,0.9741974613775887
0,0.062421265310805836
0,0.012307250446737809
0,0.016615857722706764
1,0.9708247696652639
0,0.09478743139618845
1,0.12847499788112918
0,0.02427317691213008
1,0.025216752423129023
1,0.6786178312661082
0,0.007913956797372394
0,0.024131519381148808
1,0.9105290425717005
0,0.010783073193656819
0,0.02860692925479865
1,0.9447014245921662
0,0.05519577032323182
1,0.2826803637442388
0,0.04312373580159494
0,0.01975531383434153
0,0.05934484567437341
1,0.7737292696235057
0,0.015242112450956155
0,0.036252326336863865
0,0.03971247198007264
0,0.044486178832071024
0,0.021023034348083044
0,0.03007541358394167
1,0.7626248442255115
0,0.03445106794026328
0,0.029855755375369983
1,0.9647966084625071
0,0.7880404934951644
0,0.040398282673598386
0,0.5196307421705171
0,0.02071493351731544
0,0.020550653415925185
0,0.12281418194302597
0,0.4613902611356186
0,0.762459701430044
0,0.027255093750875176
0,0.035197631080091885
0,0.2072345606898299
0,0.7304584751336202
0,0.02779361272264263
1,0.39595485385535995
1,0.5515702142457697
0,0.0812048663087877
1,0.8525562989575549
0,0.006459024576623503
0,0.04509452684820729
1,0.19100389941374857
1,0.9868018114599981
0,0.01785397466037985
0,0.01490400382392202
0,0.020908445877509854
1,0.4998242344399014
0,0.02520088517512895
0,0.009316969750129396
0,0.042768111765802606
0,0.044609119561863995
0,0.03165247356112455
0,0.01843016868157189
0,0.05202271785340085
0,0.9339009441660336
1,0.37930812273771836
0,0.6269758519114731
1,0.8730895139181368
1,0.4732940978910974
0,0.015769389416923296
1,0.964719693536963
1,0.8823616531792577
0,0.09566400598266184
1,0.08307146914635166
0,0.06633589603504993
1,0.4016517777621984
1,0.6412875940887985
0,0.01974259990961272
0,0.08531692091162717
1,0.720822903719706
1,0.7009471927272594
1,0.9443997191350711
0,0.5573625159107196
0,0.01818187466957802
0,0.04303753421020689
0,0.017235490206293867
0,0.020690035267154877
0,0.022845408003221532
0,0.015072000456393314
1,0.932106018389617
0,0.034937303019326724
0,0.06349828339643569
0,0.011253120496454754
0,0.6133021154622276
0,0.6976488058084809
1,0.9297167696310421
0,0.01637495415668637
0,0.014564242984820085
0,0.10599333460167831
1,0.6755023767285845
0,0.034680520375980475
0,0.024969495483828204
0,0.0265000246653422
0,0.3791057499742773
1,0.750674830638497
0,0.2521392299946052
1,0.4547981203233217
0,0.009260248376969966
0,0.025521843529234766
0,0.017891017087724323
0,0.016265483018664584
0,0.021773487509031603
0,0.0331539877874335
1,0.9919911827858358
0,0.011947925385518579
0,0.013117978017752024
0,0.03169271205007846
0,0.025329456315665286
0,0.13562732770395097
0,0.21185724523228786
0,0.05656771991615633
1,0.9699148341500176
0,0.12685918107995423
1,0.5857998281789853
0,0.017032051819710396
0,0.003917520785280822
0,0.01649133994175601
0,0.03264390032197592
0,0.006447350062897723
0,0.030452376838187026
0,0.11101052728048287
1,0.8436858379128493
0,0.0253929318226614
1,0.7551193384621008
0,0.01943612624099111
0,0.01669655261961962
0,0.018889715883337953
0,0.19536022684727808
0,0.012953360037842187
0,0.1401947696022949
0,0.5154913448470552
0,0.7208776726307761
0,0.009886735844135781
1,0.8605236940134602
0,0.028575599464507224
0,0.08149022364400299
0,0.031436847658831424
0,0.011875781569793183
0,0.015514586527069767
0,0.011925090463281392
1,0.6977411088002496
0,0.01684284181679815
0,0.9126132592976961
0,0.8873645571148578
0,0.025048147060795597
0,0.07993151570159558
1,0.9823094565852685
1,0.8802746859476179
1,0.36589808472352053
0,0.06340474514219198
0,0.015444806720718908
0,0.013085270696564908
0,0.006079916493200342
0,0.018385940878297966
0,0.057329094079852025
0,0.02353132488514946
0,0.029673712687179242
0,0.060873850493853875
0,0.04274122167387159
0,0.041101173170702936
0,0.05756784563575263
1,0.8933348447040413
0,0.017072465524500712
0,0.11476115617007773
0,0.006155828589311538
0,0.12555527405119687
0,0.06642803141152588
0,0.03462157251509811
0,0.2275272248105259
0,0.016830368121490243
0,0.10702941703213958
0,0.059870292495540864
1,0.2737876756605819
0,0.021277756690423946
0,0.5658308308790557
0,0.09711568817410328
0,0.01520029129118692
0,0.012486190894970788
1,0.9392597094557145
1,0.9738280787264094
0,0.016407249760016743
0,0.0774496677661648
0,0.05044298485606646
0,0.01453763635155956
1,0.9554313204965655
0,0.024682447096808096
0,0.37311601415100915
0,0.011514577798139405
0,0.010023478027600233
0,0.06946897738018691
1,0.9268263337497102
0,0.059629061994098634
1,0.3901779618177285
0,0.029251455421087404
1,0.5921036511332671
0,0.031499688444116554
0,0.1023749943743184
0,0.005156433512400116
0,0.25470833922391717
1,0.9710545545379571
0,0.01134951998898513
0,0.02564814083933952
0,0.07210370299918017
0,0.5811523136907475
0,0.010303953424428448
1,0.8610121373449453
0,0.050299821695917186
1,0.3532296200308234
0,0.47044683713480956
1,0.430776893961714
0,0.020153000140868182
0,0.09161347575736922
0,0.006907615024517597
0,0.0493938725189076
0,0.017880932175541576
0,0.020345496883073386
0,0.013996638542976468
0,0.0221859521671478
1,0.5569046906824412
0,0.015610250492633267
0,0.014161305567037404
0,0.08426035522454875
0,0.06169111388686869
0,0.01432208684559118
0,0.01697042914436415
0,0.3183165078058664
1,0.023582964196850287
0,0.05200328568911288
0,0.22653138261388006
0,0.9271678087969077
0,0.7883591263214917
0,0.03832811027436233
0,0.03738672219349797
0,0.0164804536146288
0,0.02815755795102783
0,0.015848063689673734
1,0.38858530075237463
0,0.05493492923123012
0,0.16544729748792372
0,0.01653015090134036
0,0.011237248201817348
0,0.013664369667715946
0,0.16943893517125475
0,0.05049798139498724
0,0.05814832868017582
0,0.038453797631894826
0,0.01843374106900663
0,0.043047414652938536
0,0.05523461340569896
0,0.08757192204191087
1,0.9416494722328796
0,0.04445582334597899
0,0.05861408594907737
0,0.03634569107123662
1,0.7678860126886854
0,0.014172196693163526
1,0.7900512671907739
1,0.8310511067581509
0,0.24664070064178692
1,0.0596838476398241
0,0.28148780316239436
1,0.3828206431233499
0,0.02563768195237574
0,0.03354662461300957
1,0.20627780893617548
0,0.0713250358284984
0,0.07324229074550857
0,0.005412880092193396
0,0.013813294353817658
0,0.03872740591556315
0,0.005373094808414898
0,0.08211146396785458
0,0.025966265453968785
0,0.38576103120213256
0,0.016055555982228117
0,0.018311687752665853
1,0.2419000592009475
0,0.024851012172548387
1,0.9398734241982054
0,0.04277069329423667
0,0.4390181933481533
0,0.040867009605692575
1,0.9776936443368416
0,0.9685462398948693
1,0.5384155481678963
0,0.12293918507293196
0,0.03684962706452401
0,0.3972660179872925
0,0.0206577530554879
0,0.033406866788830876
0,0.02189754097593984
1,0.272546212004381
0,0.008587080861381114
0,0.042327164095542595
0,0.040680393594857506
0,0.01276523656977764
0,0.028565314082659676
0,0.3429524579150716
0,0.052893408925166314
0,0.014492712906033038
0,0.02454523151134878
0,0.041753431878503604
1,0.8550807517497581
1,0.18597638443180867
