target,prediction
0,0.12723016472993312
0,0.11679857606344679
0,0.14231880798982105
0,0.19693242559709034
1,0.16459480644897134
0,0.11520284239277453
1,0.5440322323064013
0,0.14151372758376174
0,0.17067890772114072
0,0.24732802639289336
0,0.1237364214875233
0,0.11898598855086906
1,0.14451237397044336
0,0.28262709182281226
1,0.744533305977783
0,0.1376538918301778
0,0.1720729674685533
1,0.1786044643198564
0,0.11898598855086906
0,0.12634604225896065
0,0.22350763137780527
0,0.4911755340452525
0,0.2465927180228022
1,0.6517193944701605
0,0.12265207725397904
0,0.6062766011191685
0,0.11520284239277453
0,0.1679036653657846
0,0.15052681117873162
1,0.7574367982603639
1,0.13445433345849336
1,0.5762573635042503
0,0.164708209109823
0,0.13090927567124983
0,0.17489944070097074
1,0.7721980075645954
0,0.11520284239277453
0,0.18087386042572579
0,0.19388905726454003
1,0.8425235499560718
1,0.6255478387550587
1,0.689000405074426
1,0.1578992556936887
0,0.12794266443304197
0,0.14355626491826276
0,0.12490240953759331
0,0.1342627367936839
0,0.13804644071652666
0,0.13044971573309053
0,0.6183797008941752
0,0.15730509166827245
0,0.1634115646319345
0,0.2486603341634126
0,0.12986423211024903
1,0.7507994676127286
0,0.11520284239277453
0,0.12887974444889747
0,0.18267745280715897
0,0.25717859412340244
0,0.1330404713351714
0,0.2082050125307634
0,0.12408252861617186
1,0.817154543724274
0,0.1490932191239793
1,0.8109767522114655
0,0.1306337722862303
1,0.855158148359218
0,0.13320313351326055
0,0.12190071535287664
0,0.2935355191961471
1,0.14043623067189676
0,0.16741824662017615
0,0.14125386732499412
1,0.1563671264265182
0,0.13324440807891974
0,0.15278784773509704
0,0.11520284239277453
0,0.1421518805724899
0,0.1387197612537727
0,0.11520284239277453
0,0.17438077860090917
0,0.24156668084416566
0,0.16299456829203507
0,0.14317583133554712
0,0.12269203337154391
1,0.8160923998994843
0,0.1209059788591794
0,0.7047851597720173
0,0.17371300574320894
1,0.6433625733766057
1,0.8878677141618087
0,0.29327866693363197
0,0.14551658166339354
0,0.15343830321667876
1,0.22070235998741614
1,0.46339979798256264
1,0.20328837252120488
1,0.6995310218780578
0,0.42312845104698227
0,0.16473406772054153
0,0.11879024420759232
1,0.3015021085233393
0,0.14317583133554712
0,0.1282674809867165
0,0.1351727906607759
0,0.1666226800220634
0,0.11850911073983704
0,0.7505565517565566
1,0.17827900904864302
1,0.14807478116138442
0,0.11898598855086906
0,0.13144871557230595
1,0.6251574429133302
1,0.12108114965590201
1,0.23342660228457002
0,0.1571517611251257
0,0.1272122302496782
1,0.15903046340613258
0,0.14593353030845505
1,0.5799754066108745
0,0.12707362875660133
0,0.14006344429719125
0,0.14247062063930863
0,0.1314045624336029
0,0.5876793926844286
0,0.1229931538358631
0,0.19170319395521448
0,0.15195629212718598
0,0.12319127848515914
0,0.2384805732625581
0,0.13059961360413247
1,0.13198890141196948
0,0.1912911313443605
1,0.8459367772977006
1,0.7007724342489727
0,0.2648672823928529
0,0.22626724566826106
0,0.11368037016502759
0,0.11879024420759232
0,0.15865104034875438
0,0.12519664821868845
0,0.12383412030967313
0,0.2128451454342766
0,0.15133526670752814
0,0.1345230386147526
0,0.11879024420759232
1,0.48413813432769726
0,0.6399130765359665
1,0.21691334410222435
1,0.7157036613349866
0,0.15506191450534978
0,0.14547188149613616
0,0.2925033947342898
0,0.1592696569800017
0,0.13090927567124983
0,0.11520284239277453
0,0.12279691677307215
0,0.11431631498783146
0,0.11431631498783146
0,0.1997182474861174
1,0.6017324102350334
0,0.1709465814153972
1,0.1668948003600937
0,0.474559478519968
0,0.11431631498783146
1,0.30861004858481084
0,0.2077363633739135
0,0.11678861622231797
0,0.12126651908960243
0,0.1247837990950715
0,0.11898598855086906
0,0.23117879747469494
0,0.13125705092852397
1,0.5157853992532259
0,0.1650453267264623
0,0.11364646381638703
1,0.7207965826964661
0,0.11879024420759232
1,0.13445478822957244
0,0.12872049330354765
0,0.11605370033710244
0,0.2575742945770153
0,0.22271285765481108
1,0.3666498436423269
1,0.8263697007170208
0,0.1458979589849343
0,0.11363372687490395
0,0.14428343572221639
0,0.15958300164179762
0,0.24166277140992487
0,0.11431631498783146
0,0.12490240953759331
0,0.1642033366955054
0,0.1269214827535774
1,0.8015103717200476
0,0.15566620224962552
1,0.25835327211569603
0,0.12267778709244413
0,0.1518290134063587
1,0.2764958063793282
0,0.1239063873322745
1,0.7106182070480319
0,0.147724779548511
1,0.7308141274505218
0,0.13743719492010983
0,0.17513147468350793
0,0.12271041773144782
1,0.6317935484787579
1,0.24290037643031615
0,0.14137952638393356
0,0.12690246618317266
1,0.22554954652026707
0,0.5347283706803049
0,0.23474958436793775
0,0.1392031037862396
0,0.1304374707556479
0,0.20988855930763067
1,0.1776917491481978
0,0.14007015913790513
1,0.42665761967517607
0,0.12133909884685151
1,0.15647814328642143
0,0.12595787025850907
0,0.1644203834538326
0,0.5813891926866583
0,0.6411082190334024
0,0.12838660566322724
0,0.12811199321567424
0,0.15342059396765795
0,0.7126357987956002
0,0.23846078221383638
0,0.26780981319284386
0,0.13177852522340516
0,0.15305251269395095
1,0.6167551251179391
0,0.13848328424477513
1,0.8878677141618087
0,0.23642219383518384
0,0.12735728707561872
0,0.14572057957358947
0,0.17514979221311894
1,0.13487654625901102
1,0.24186378366617436
1,0.5878573432567038
0,0.12131109934691857
0,0.6503526171008943
0,0.11520284239277453
0,0.14125386732499412
0,0.11520284239277453
0,0.12267778709244413
0,0.1257124366290259
0,0.12380105648458255
1,0.12723016472993312
0,0.14964141037584136
0,0.13658548892916808
0,0.14106275969614912
0,0.12267778709244413
0,0.15569719724002862
0,0.11431631498783146
0,0.23925813734012658
0,0.12742554455388053
1,0.7368288580012423
0,0.13142215513715405
0,0.13914804058404392
0,0.5980987707016835
0,0.3231143606949558
0,0.22385881379037376
0,0.12331933013831442
0,0.2602762471663201
0,0.16373574990859258
1,0.6251574429133302
0,0.11957881185857493
1,0.8326767527959373
1,0.6729664830304098
1,0.1349358001887134
1,0.12984151423759738
0,0.21658531749732848
0,0.11898598855086906
0,0.13035998906733895
0,0.12519664821868845
0,0.209540759483118
0,0.1209059788591794
1,0.8627281340874344
1,0.8301277545879288
0,0.13938848256466418
0,0.23511372643550948
0,0.1239063873322745
1,0.19587324811817927
0,0.19128578140526853
1,0.494697899352247
0,0.13095959930368167
1,0.729770207936885
0,0.13923367509235823
1,0.9079590259953358
0,0.12398481663551855
1,0.14391654982582114
0,0.14506656026047415
0,0.12485525707475771
0,0.1252688951219044
1,0.8986340901998119
0,0.13110531247519194
1,0.17339393546379953
0,0.15387089215263347
0,0.26888386668389896
0,0.15458516609979223
0,0.13923367509235823
0,0.14930253144090117
1,0.6503526171008943
1,0.7930183077906092
0,0.1737200960732539
0,0.1703215933852949
0,0.1503625703146145
1,0.8582175037099526
0,0.13385645535122623
0,0.1479625772093286
1,0.16189537525831094
0,0.12182770872892695
0,0.14382036766618655
1,0.7969370846000318
0,0.11906711785946761
0,0.11879024420759232
1,0.8444570075922072
1,0.7141241235473614
0,0.11431631498783146
1,0.8292340395706235
0,0.13133398799747278
0,0.18399810669775574
0,0.7310179840572871
1,0.6515893569002483
0,0.22535122542183333
0,0.15999298322189368
0,0.12271925453361676
0,0.1679741714274434
0,0.11431631498783146
1,0.5656756135944946
1,0.8582175037099526
0,0.3310447815056203
1,0.6898005009967717
0,0.11431631498783146
1,0.7166925274738346
0,0.18193107123460597
0,0.12680615672614892
1,0.2234883242322667
1,0.4860647085000468
0,0.11714852135123152
0,0.6549276886460694
0,0.5417370261518201
0,0.13317274973929744
0,0.12680615672614892
1,0.6565052110138094
0,0.15387262381777753
1,0.6455754526025541
0,0.23992118004841959
0,0.17035471260529733
0,0.18200450448663927
0,0.15931924619678745
1,0.5487749485229801
1,0.6737392114388597
0,0.12617637327915812
1,0.6369472074839377
0,0.2087816221177623
1,0.7523438355919079
1,0.6315414341378384
0,0.1437699443295014
0,0.11611196185923248
0,0.11441386130601383
0,0.12267778709244413
0,0.12894322791899732
0,0.12408252861617186
0,0.11520284239277453
0,0.49775710573850857
1,0.7567719451419866
0,0.13191926558247313
0,0.11898598855086906
0,0.19478822683476565
0,0.17514979221311894
0,0.11520284239277453
0,0.11849754004573929
0,0.6560900712012616
0,0.16160785542360862
1,0.7857748495566695
1,0.8819912977290362
0,0.13930134279258008
0,0.1773026980020838
0,0.1594395133611504
0,0.12405858500184541
0,0.2689808009146937
0,0.1283590278462782
1,0.18815679958576487
1,0.6836862866488977
0,0.2977760271550068
1,0.15173274671836307
1,0.8543016275304216
0,0.13980097693749152
0,0.19170407163145806
0,0.12939700465204143
0,0.14759881940850578
0,0.1360801701461215
0,0.15193361097317254
1,0.14822289779340947
1,0.20298909973716878
0,0.28848664903826093
0,0.1430951770764615
0,0.13072531466619175
1,0.6503526171008943
1,0.8142438339922
0,0.22837234272769782
0,0.11821402785439718
1,0.21006456613445942
0,0.1256858437669659
0,0.14509680259491356
0,0.13658548892916808
0,0.18589449949253045
0,0.17506742142575518
0,0.18399810669775574
1,0.6660273961902727
0,0.3027373822594608
0,0.1606763693757883
1,0.7574125789533804
0,0.16633245745245184
0,0.28187288231529617
0,0.17514979221311894
0,0.14744897153931785
0,0.11879024420759232
1,0.6525073045443609
0,0.14293470783656062
1,0.7835010379125756
0,0.1511728739594323
0,0.11520284239277453
0,0.26888386668389896
0,0.11520284239277453
0,0.13873301218566786
0,0.13687034131798032
1,0.8389475318365758
0,0.19971107380958616
0,0.125029360481478
0,0.1376079548919489
0,0.20905892003717605
1,0.25631067399894986
1,0.543989856442587
0,0.14870692186275675
1,0.6904191241604883
1,0.27195660432901797
0,0.15551882533756592
1,0.7907493612022015
0,0.5289135197813433
0,0.16169630648672978
0,0.7177332184725158
0,0.14295030708911016
0,0.11898598855086906
0,0.15241596439715877
0,0.12560379709376915
0,0.1426836276672563
1,0.8451795408370828
0,0.11898598855086906
0,0.12475522108475366
1,0.15284112060720467
1,0.4763362248169546
1,0.15351552318238518
0,0.17710714257545906
1,0.15798620198269472
0,0.12922457079357222
1,0.8544184218253019
0,0.13955953240301225
1,0.700634849411719
0,0.564995366390132
0,0.15424994639551243
0,0.34652247923061025
0,0.14964141037584136
0,0.18963522611811578
0,0.1486011615839343
0,0.13531531561029128
0,0.2241684770698893
0,0.16605541805401275
0,0.14395301002143215
1,0.8878677141618087
0,0.12319127848515914
1,0.7523438355919079
1,0.2876350482519213
0,0.11870128175839166
0,0.13839694737881672
0,0.11849754004573929
0,0.13586699578557226
0,0.12033223301179496
0,0.13218936341772713
0,0.18094254426027556
0,0.14913952267812633
0,0.12182770872892695
0,0.2927123412572155
0,0.14478327679642028
1,0.8272962765707611
1,0.18712925537511527
0,0.12267778709244413
0,0.16184285720508337
0,0.13126415422273996
1,0.5239259209820425
0,0.3112393728991469
0,0.1252688951219044
0,0.25234734563216266
0,0.12182770872892695
0,0.11520284239277453
0,0.12717768400091878
1,0.13692973187475194
0,0.14293592181393863
1,0.705879290018446
0,0.11879024420759232
0,0.12267778709244413
1,0.6821399065096476
1,0.17114127369978563
1,0.6414896136227486
0,0.6751581072629117
0,0.17253388568832925
1,0.1269772438483988
1,0.7080566967725
0,0.1396734840615824
0,0.11431631498783146
1,0.8362671693559499
0,0.12376337287498475
1,0.7589553849927119
1,0.18158485196604673
0,0.24700907518681042
0,0.3432814149391706
0,0.12202598752571374
0,0.26888386668389896
1,0.12182770872892695
0,0.13226695658555107
0,0.11861365939498167
0,0.11920527260596837
0,0.1857770445393012
1,0.13218936341772713
1,0.1229931538358631
0,0.17184152332438984
1,0.1385291197586768
0,0.14410043531717795
0,0.12790052742119
0,0.12882179840859184
0,0.1252688951219044
0,0.5919887585006438
1,0.7335480235496147
0,0.11520284239277453
0,0.13909438267440338
0,0.14621874275340352
1,0.23412369909120226
0,0.12182770872892695
0,0.1543179074859805
0,0.1375360905111946
1,0.7574125789533804
0,0.585250955280824
0,0.1426885741790652
0,0.10730458042393436
0,0.1278917745278151
0,0.4730060600889151
0,0.13278608284588098
1,0.29652687771125064
1,0.1435434216990465
0,0.11849754004573929
0,0.18467778179052324
0,0.14570570002867433
0,0.6767244771983558
0,0.1776917491481978
0,0.12028729789244663
0,0.1181757465381733
0,0.6369357452824205
1,0.13129975476776634
0,0.16127144700587798
0,0.12571655041068622
0,0.141507411736971
0,0.12005509941141639
0,0.11520284239277453
0,0.6917568744308336
0,0.13764115637859453
0,0.1419020977390015
0,0.19652556725741024
0,0.11368037016502759
0,0.1229931538358631
1,0.6610788394480783
0,0.11520284239277453
0,0.6614233285240996
0,0.5602074427152541
0,0.11431631498783146
0,0.21613001095517304
0,0.12182770872892695
1,0.7427212685521573
1,0.6836862866488977
0,0.1419662780004386
1,0.7900692086893255
0,0.12495517528359149
0,0.5467967629779346
0,0.1629559160333324
0,0.13644686215339766
0,0.1446704720014366
0,0.14196652373036986
0,0.11099413576725274
0,0.5370185277887627
1,0.737267777730781
1,0.5721464801727291
0,0.12896069366347948
0,0.22214504538529098
1,0.8263697007170208
0,0.12359935447101494
0,0.12543219388372362
0,0.22469456491308248
1,0.712708044814899
0,0.4910227963110226
0,0.12182770872892695
0,0.6868219221104909
0,0.17514979221311894
0,0.11929297217529487
0,0.13401063193023405
0,0.1442255761735106
1,0.22111699644168759
0,0.26888386668389896
1,0.8544184218253019
0,0.8114277159688479
0,0.15551612260854594
0,0.4601174183944146
1,0.6821878298137157
0,0.12704622586975292
1,0.6130783804796348
0,0.1611732425936768
0,0.11368037016502759
0,0.13055687626061555
0,0.21587506411308116
1,0.6152076816410234
0,0.6980271825918107
0,0.11879024420759232
0,0.2087666174832628
0,0.1390945519445803
1,0.5311642396221449
0,0.1449093977109322
0,0.12033223301179496
1,0.5171158535960384
0,0.16986997031896026
0,0.14106636981023316
1,0.1317246019686575
0,0.22555483164318038
0,0.13198890141196948
0,0.12150349777016145
0,0.11368037016502759
1,0.6127231407198506
0,0.6754476900105129
0,0.1729401994989763
0,0.29201032947944916
0,0.11383271331767968
0,0.29135804865255904
1,0.2924237390939992
1,0.47054656349255236
0,0.17605542635226365
1,0.1939030174467137
1,0.782464601311666
0,0.11879024420759232
0,0.1470834235113977
0,0.11898598855086906
0,0.1441110320252266
0,0.12591528432735208
0,0.13923367509235823
1,0.631330569688721
0,0.12735728707561872
1,0.1655044149601488
0,0.6267599858850432
0,0.5172850057480876
0,0.11879024420759232
1,0.5900329867463668
0,0.11898598855086906
0,0.5674513809474157
0,0.11849754004573929
1,0.7996734581414264
0,0.11520284239277453
0,0.13097731396962375
1,0.4417505498507132
0,0.13183193207763796
1,0.8381839567118613
0,0.12279691677307215
0,0.12944063222017976
0,0.12867503623636112
0,0.11721103022005841
0,0.11879024420759232
1,0.1843179108999293
0,0.6266881111574574
1,0.6870061810358
0,0.11637008690087165
0,0.14474333559556252
0,0.11611196185923248
1,0.23412369909120226
0,0.12494872866073747
0,0.15349792577372467
0,0.28817774753432635
0,0.11099413576725274
0,0.1470571854362194
0,0.11368037016502759
1,0.2188101763568
0,0.33393803517226023
1,0.23698249774633962
0,0.14073918869953325
1,0.2041181414572382
1,0.7220876096128368
0,0.1309369037453283
0,0.13172491508177986
0,0.19502844702131203
0,0.13891350278380601
1,0.8433140760559524
1,0.5555173531278246
0,0.1304312570602817
0,0.11893436336775422
0,0.11898598855086906
0,0.15201028890165624
0,0.12527408806765444
0,0.21168897079867371
0,0.12319127848515914
0,0.11420371796173961
0,0.12182770872892695
0,0.2533420160963511
1,0.6952896442666537
1,0.11317874785212996
0,0.15158167453896196
0,0.15769722925597585
1,0.7368288580012423
1,0.6749767144863633
0,0.11520284239277453
0,0.12325474335517257
1,0.23489679781531977
0,0.32235937271538595
0,0.14510962242914707
0,0.21384681438738323
1,0.631091009378886
0,0.15342801917478696
1,0.6544490302889541
1,0.6525948833080704
0,0.12291216200287472
0,0.1297313038786317
1,0.6829147880180824
1,0.7456009227445328
1,0.9079590259953358
0,0.1232144330391854
0,0.15593740044608373
1,0.7799115801005864
0,0.15273489092848974
1,0.5603905989757046
0,0.15387262381777753
1,0.3273693387809676
0,0.11870128175839166
1,0.15264917284220267
0,0.1442255761735106
0,0.6288011748744508
0,0.17299546573115498
0,0.13796048442881656
0,0.11898598855086906
1,0.20229342119951998
0,0.14981953159728342
0,0.11520284239277453
0,0.2351843406779392
0,0.12222296193672201
0,0.11879024420759232
0,0.11368037016502759
0,0.15005285090053674
0,0.4451823977833478
1,0.5669576551315846
1,0.5520901696758638
0,0.15213765276394856
1,0.6866373402026908
0,0.18265206043727086
0,0.1760468174523477
0,0.21792366707765912
0,0.4823204452095714
0,0.11638034410606804
0,0.13325624100436076
0,0.11368037016502759
0,0.12618267486406542
0,0.15259285595904976
0,0.700634849411719
1,0.20400609059028657
1,0.21636069186356044
0,0.13460535911012175
1,0.6836862866488977
0,0.1490224549988459
0,0.12182770872892695
0,0.2473774938002005
0,0.2033968440826765
1,0.8160923998994843
0,0.23843968514614264
0,0.11520284239277453
0,0.5577220655762868
1,0.7367810970568336
0,0.22830631243781754
0,0.11581953139583416
0,0.8285162056827752
1,0.8173624300736367
0,0.5198511270228257
0,0.27833192416979213
0,0.13718645083889647
0,0.13907506746889536
1,0.5687431603312275
0,0.12519664821868845
0,0.14152273771822826
1,0.125927525400018
1,0.4032798344117543
1,0.16338551926800632
0,0.16318573134771336
0,0.38638516404452
1,0.7019390723438337
0,0.11431631498783146
1,0.1636070937830104
0,0.13555189161350173
0,0.12033223301179496
1,0.8310778441562997
0,0.3172318440601587
1,0.7126357987956002
0,0.16804684356511515
0,0.5087183812940348
1,0.7454206359181075
0,0.12318705440922734
1,0.690595349740883
0,0.11785119933585678
0,0.5328533636046526
0,0.14877289278711162
0,0.21506003350679595
0,0.19096531706994616
1,0.684222886213745
0,0.17337830444113297
0,0.13762252202245595
0,0.12319127848515914
1,0.7423006869080923
1,0.6347313944567735
0,0.146916334241509
0,0.11849816853681831
1,0.729770207936885
0,0.19446906052218826
1,0.20242778020130744
0,0.1220956918610723
0,0.20654118562581514
0,0.1419662780004386
0,0.14139897880835253
0,0.2155292981874827
0,0.1996064701377454
0,0.11566913741066132
1,0.6576791690281828
1,0.9079590259953358
0,0.1224586352101083
0,0.12033223301179496
0,0.12411623045300853
0,0.21911719953966807
0,0.11357488346288344
0,0.1891058849031156
0,0.487448270692824
0,0.12400890595007787
0,0.144563658808359
0,0.11893436336775422
1,0.2577601337869446
1,0.18824165439730123
0,0.1779274918720761
1,0.6486669726680133
1,0.5997114122547839
0,0.21153052210242101
0,0.6820509620023097
1,0.8916513581808163
0,0.2036618251660343
0,0.1251786646020284
1,0.8853929065242916
0,0.11520284239277453
0,0.12364626290432694
0,0.14953333314646586
0,0.22557879276589052
1,0.10768829284984907
0,0.14221833013432947
0,0.14912417176954174
1,0.79124819130992
0,0.14240232899999256
1,0.6835732767870785
0,0.17514979221311894
0,0.11898598855086906
0,0.17003433959028844
1,0.12729407813664229
0,0.14086312377717938
0,0.12319127848515914
0,0.12922457079357222
0,0.18816721462014388
0,0.11844962386434697
1,0.8280726980999878
1,0.6921081617616701
0,0.17367398971926767
0,0.20167301835856283
0,0.12176709180050806
0,0.12888844676026354
0,0.12735728707561872
0,0.12258896854242655
1,0.8100669336744903
0,0.14877289278711162
0,0.3103008329768189
1,0.7346124973644397
0,0.1252688951219044
1,0.6952844833298804
0,0.2099510850089355
0,0.10768829284984907
0,0.16079871965235165
1,0.3217743416522081
0,0.1644104483669542
0,0.11879024420759232
1,0.6981482342973941
0,0.13955953240301225
1,0.7790261118437469
0,0.13646637623810604
0,0.1302436020978801
0,0.7325242834256955
0,0.1259494506521816
1,0.7095277045975217
0,0.2602762471663201
0,0.14877289278711162
0,0.11520284239277453
1,0.7023134740759764
0,0.13291438358765928
0,0.14733597396190745
1,0.6761013732353834
0,0.11431631498783146
0,0.2062816477828095
0,0.1422534979449909
0,0.5742226397749919
0,0.19462861368390375
1,0.733987174871282
1,0.13513176102854238
0,0.12812498922412632
0,0.14837331190460773
0,0.1768103481900888
0,0.11984262826822695
0,0.13037755672110174
0,0.20167301835856283
0,0.6215640319021175
0,0.12060657456101834
0,0.1206591111357868
0,0.17514979221311894
1,0.5718318801780379
0,0.1154867911508221
0,0.12443072300481103
1,0.2476183357413893
1,0.22922118946045897
0,0.11611196185923248
1,0.7368288580012423
0,0.23869760154221875
0,0.11898598855086906
1,0.577998338733881
0,0.6795894668000608
1,0.6981482342973941
0,0.21025219604015472
0,0.19170319395521448
0,0.21180833317926315
0,0.16512419175022044
0,0.12222296193672201
0,0.11368037016502759
0,0.2921113595358368
0,0.17716455476844345
0,0.17257874741184726
0,0.1314616217411058
0,0.12033223301179496
0,0.7386916196378995
0,0.16658885986783678
1,0.7368288580012423
1,0.6666342442521914
0,0.7505565517565566
1,0.16459480644897134
1,0.5997114122547839
1,0.1789775151371492
0,0.2167483254248178
0,0.17496580725277977
0,0.12359935447101494
0,0.8114277159688479
0,0.132630390284139
0,0.6508630768481288
0,0.2999053855590836
0,0.12923191578120494
0,0.11282039020908789
0,0.11020914798917532
1,0.5973763849985062
0,0.20449738897138858
0,0.5236537063246519
0,0.15491580311754938
0,0.12735728707561872
0,0.12182770872892695
1,0.4833952255204771
0,0.1256858437669659
1,0.9079590259953358
1,0.678379803613263
0,0.19721063459483062
1,0.2520256807832828
0,0.13662261334619324
0,0.27612581424004773
1,0.18730118037103785
1,0.2234883242322667
1,0.2645999009556248
1,0.8101642757682229
0,0.703843060095789
1,0.28882813085022246
0,0.12469462954929884
1,0.8280726980999878
0,0.23236095472236573
1,0.6868219221104909
0,0.13566755845881767
0,0.18976595066610547
0,0.19652468746872317
1,0.5190905775167225
0,0.12158197702564301
1,0.17733122170553411
0,0.12031404031260297
0,0.15936424080908926
1,0.7261251720394206
0,0.11520284239277453
0,0.6836862866488977
1,0.7310179840572871
0,0.6503526171008943
1,0.4331128751852092
0,0.17036389930225573
0,0.23160597436870214
0,0.16417340909495085
0,0.1526606346407718
0,0.11879024420759232
1,0.1347269296182712
1,0.13173141638948055
1,0.5870266032325046
0,0.19745794744052092
0,0.73803152585953
0,0.24188226769339374
0,0.11735221236970685
1,0.18188302794552222
0,0.1306086803996244
1,0.47980909689710216
0,0.11898598855086906
0,0.14174595071527743
1,0.12543219388372362
1,0.3211952571426437
1,0.7870928464162487
0,0.1653538411857706
0,0.11863571502926532
1,0.7012504112748638
1,0.22158548202613423
0,0.12824382761995987
0,0.15769856739283913
0,0.13848328424477513
0,0.14574285065359835
0,0.12261747659549904
0,0.13226850497653483
0,0.10768829284984907
0,0.12490240953759331
0,0.1330894089026624
0,0.11975486459677122
1,0.1306337722862303
1,0.7461154709654788
0,0.12896069366347948
0,0.11431631498783146
0,0.13414120985706726
0,0.11368037016502759
1,0.8073493734700968
1,0.8411296640557433
0,0.10768829284984907
1,0.17707877371039343
0,0.1413015214669773
0,0.1357938960965375
0,0.2346081932334739
0,0.5627223845247391
1,0.4372402848887726
0,0.11879024420759232
0,0.1443420947702219
0,0.17156806584120662
0,0.11368037016502759
1,0.25744538838174075
0,0.16313943564281835
1,0.14964962469446766
0,0.11762321375391141
1,0.2097023460141651
0,0.23489458923826667
0,0.14586587745131613
0,0.19028476676036687
0,0.13979791088353302
0,0.134091903361158
0,0.12033223301179496
1,0.7333079599922662
1,0.6989629492974017
0,0.12648726409526914
1,0.12723016472993312
0,0.19010874155807883
0,0.1330404713351714
0,0.12003682629927648
0,0.17138932791188694
1,0.1782811234445217
0,0.11520284239277453
1,0.6521644339340138
0,0.1411112108518305
0,0.14593353030845505
0,0.11520284239277453
0,0.6540807613764587
0,0.11870128175839166
0,0.17705445913423593
0,0.13151752659085583
0,0.11368037016502759
0,0.13923367509235823
1,0.7136711837210734
0,0.16919466110898015
0,0.11839726315847371
1,0.855158148359218
0,0.23627647383085262
0,0.13650549628775038
0,0.13173141638948055
0,0.283271961461088
0,0.11431631498783146
0,0.28130950236399205
1,0.734228303883886
0,0.11431631498783146
0,0.1454430905701312
1,0.6121661772783862
1,0.8262815987350544
0,0.20449738897138858
0,0.16210235947825338
0,0.14185107263206398
0,0.1366516385910094
0,0.13449974505510795
0,0.18670959650910265
0,0.13915165069859367
0,0.15899513694467549
1,0.7325607670278347
0,0.598288281990588
1,0.48203264156317605
0,0.5419607001444683
0,0.17705445913423593
0,0.13118322654304068
0,0.13183193207763796
1,0.24646342121441012
0,0.13979934542852837
0,0.5798761362051621
1,0.6251574429133302
0,0.14052983577716477
0,0.19510465823300627
0,0.14141829132004358
0,0.12487725173240898
1,0.3517795049163034
0,0.132459058774017
1,0.12293305943641553
0,0.12475522108475366
1,0.17858349668308685
0,0.15524196727248757
0,0.1295378258114274
0,0.20804254569050823
0,0.11879024420759232
0,0.128417706702736
0,0.17299546573115498
0,0.2260151240221924
0,0.14332931460730364
0,0.1440591554538996
0,0.11368037016502759
0,0.1400781457879263
0,0.16034367271467706
0,0.12729407813664229
0,0.5795876008482215
0,0.2215329505754306
0,0.1369829966197612
0,0.2850224950354778
0,0.22632962302266194
0,0.15970523210529705
0,0.13258887071973133
0,0.13649730051879605
0,0.48900783585864827
0,0.11898598855086906
0,0.19529719966276646
0,0.1191470462973821
0,0.1527696489193906
0,0.14543554161764963
0,0.19972732737816667
0,0.15259285595904976
0,0.14389916037363681
0,0.11368037016502759
0,0.12832774925194929
1,0.9079590259953358
0,0.24472799642927948
1,0.6035199892584433
1,0.5568079209055917
0,0.24228392162379905
0,0.12661304642036342
1,0.14327824522977414
0,0.26888386668389896
0,0.11879024420759232
0,0.15647814328642143
0,0.7007724342489727
0,0.12198253650018204
0,0.12460800221787659
1,0.7346124973644397
1,0.22803875054078873
0,0.11520284239277453
0,0.11520284239277453
0,0.21891379645975054
0,0.20409081988532446
0,0.1256105807450861
0,0.14506656026047415
0,0.5627223845247391
0,0.11929297217529487
0,0.18361401473667105
1,0.7255734820899552
0,0.14240232899999256
0,0.6228380620096581
0,0.12682575086551254
0,0.17800443419005182
1,0.13520162951865192
0,0.11520284239277453
0,0.11520284239277453
0,0.12047177260275532
1,0.1805494600542663
0,0.28221291891259637
0,0.11431631498783146
0,0.18250377277070595
0,0.20573543789712156
0,0.12432141573065057
0,0.700634849411719
0,0.27263230876785655
0,0.6825564400066604
1,0.7131364548730547
0,0.1314795547897238
1,0.8389475318365758
1,0.2762538057627997
0,0.1548412599160817
0,0.32522101295347833
0,0.21813614084801217
0,0.1382764432196193
0,0.11638034410606804
1,0.2165335360988087
1,0.18041639459081055
0,0.23232926443655
0,0.12028729789244663
0,0.12799554165185695
0,0.5448348914347949
0,0.11879024420759232
0,0.7368288580012423
0,0.14312494376274615
0,0.12472590816116093
0,0.11520284239277453
0,0.304635395063407
0,0.21749843892668128
1,0.14580674830373175
0,0.12703089581047675
0,0.11520284239277453
1,0.820444466048907
0,0.14555523325311148
0,0.12942178310922456
0,0.12258896854242655
1,0.607685553143288
1,0.1900008702913597
1,0.8627378849294566
1,0.83785422660543
0,0.19162277296248106
0,0.11032788395750026
0,0.2358002385446354
0,0.14305087674607017
0,0.12874115549310358
1,0.28004794396078253
0,0.11368037016502759
0,0.12182770872892695
1,0.7477255636947334
0,0.5841620374110494
1,0.18472607187261567
0,0.12182770872892695
0,0.13914804058404392
0,0.6471531329191557
0,0.11368037016502759
0,0.11006499726952372
1,0.7060064866328127
0,0.11893436336775422
0,0.15644111570442296
1,0.700634849411719
0,0.12735728707561872
0,0.14209277784931454
1,0.13685287058802878
1,0.8092131940404476
0,0.5993658037696028
0,0.11777179866171486
0,0.6616846875374633
0,0.17496580725277977
0,0.18652058551972084
0,0.11879024420759232
1,0.3682305981578436
0,0.5961213805417641
0,0.18125139659443604
1,0.22554954652026707
0,0.11879024420759232
1,0.1980920980712743
0,0.23417721105420647
1,0.11520284239277453
1,0.15301805107947994
0,0.11879024420759232
0,0.11520284239277453
1,0.1113625229349019
1,0.12850903304457192
1,0.702107049363551
0,0.14704709343770855
0,0.124717996824851
0,0.2744906673018608
0,0.11879024420759232
1,0.27442726624410096
0,0.16862207896177953
0,0.11520284239277453
1,0.7722309249391714
0,0.41186359901536373
0,0.22158548202613423
1,0.322983605518795
0,0.1181757465381733
0,0.19480153045817472
0,0.6556796014510191
1,0.15213765276394856
0,0.14777782501404801
1,0.14599254791195138
0,0.17461167836751812
0,0.12154563714715648
1,0.6197401918367486
0,0.6834270178958353
0,0.17205314359982526
0,0.13148053793763778
1,0.703843060095789
0,0.13529424244181001
0,0.1597559138449851
0,0.18789798046494524
1,0.48025530998417987
1,0.8572731550425297
0,0.14825228761111867
0,0.11520284239277453
0,0.11420371796173961
0,0.12731008175146669
0,0.12680615672614892
1,0.8389475318365758
0,0.2491666596020227
0,0.2346576541298234
0,0.1252688951219044
0,0.15767879070254742
0,0.13618048590095852
1,0.6931655328595782
1,0.16419277250045294
0,0.12160278804364494
0,0.12475522108475366
0,0.1374799836721191
0,0.6025646317720398
0,0.14506656026047415
0,0.12408252861617186
0,0.3031424638057086
0,0.7350412680949194
0,0.5746077190890139
1,0.7368288580012423
0,0.11243326688094461
1,0.6958521689760484
0,0.5254904214670363
0,0.511722673499753
1,0.7365935698033563
0,0.1467508628163348
0,0.22959002425552344
0,0.13183193207763796
0,0.1368372401537428
0,0.14506656026047415
0,0.13907506746889536
1,0.6208373674286227
1,0.8126790278107724
1,0.6085426253007216
1,0.5685591268900145
0,0.13566112402652655
1,0.7760112184312912
0,0.13551395373564715
0,0.6433625733766057
1,0.12856083086131184
0,0.13464251964913884
0,0.14332618114960788
1,0.834043701239359
0,0.5675336469157422
0,0.22043412047613697
0,0.6775555936991661
0,0.13213747790219602
0,0.14577060843613213
0,0.11520284239277453
0,0.13291438358765928
0,0.18789798046494524
1,0.25587778152266266
1,0.8232223184226665
0,0.32926868416991334
0,0.15542765811759066
1,0.13696687299183619
0,0.12939700465204143
1,0.7167185575713527
0,0.24907948635399468
0,0.20167301835856283
0,0.1191470462973821
1,0.6168254997440789
1,0.2327368523643644
0,0.11672105046692877
1,0.8117344804319113
0,0.11898598855086906
1,0.19194547253474648
0,0.6526683881859312
1,0.6989646534715324
1,0.8914031356047881
0,0.18998149088364774
1,0.15886819016853204
0,0.1322902660470881
0,0.12196520276114015
0,0.1302436020978801
0,0.18076698895352333
0,0.11520284239277453
0,0.13011488377312536
0,0.18361401473667105
1,0.27195660432901797
0,0.16608274019895022
1,0.8262416817980116
0,0.14947223401734466
0,0.22614761484773482
0,0.5854783553067996
0,0.11898598855086906
0,0.23436658912532332
0,0.14817942751604712
0,0.798117955110165
0,0.1206376577805908
0,0.6836862866488977
0,0.1317846454801981
0,0.14011547059247573
0,0.1404188122971699
0,0.22988381830327964
0,0.2432178412373616
1,0.15201480028189235
1,0.12414684460753284
0,0.13177852522340516
0,0.19169835292531925
0,0.12519664821868845
0,0.3782873116378593
0,0.48148634926244077
1,0.5925719023684359
1,0.7384531775787495
0,0.12558773661510633
0,0.14964141037584136
1,0.4815070945798354
0,0.1269214827535774
0,0.12150349777016145
0,0.1522540305221695
1,0.591825676718182
1,0.6911245431135735
0,0.17514979221311894
1,0.1861023209466686
0,0.14339167472415526
1,0.19462137388567569
0,0.17003433959028844
0,0.4570959109305184
0,0.15110933399762777
0,0.1467490202738497
0,0.12182770872892695
0,0.21806574265881537
0,0.18669892192670096
0,0.18094254426027556
0,0.1503625703146145
0,0.1104393091471224
0,0.16420467441843437
0,0.15386151572055298
1,0.1699708760948431
0,0.14461960279870223
1,0.7299330036205357
0,0.11431631498783146
1,0.14469394391259452
1,0.1585353073151732
1,0.18918908343616916
0,0.1355453164508765
0,0.12832695865638652
1,0.7365161544270034
0,0.14372052006883015
0,0.38139982252443716
0,0.15726194939222476
0,0.13544863470819335
0,0.13463680797954958
0,0.554691380989553
0,0.19617122571425755
0,0.22953520316312725
0,0.12050028065582777
1,0.3502103104696699
0,0.12364626290432694
0,0.19800983458503493
1,0.19143651186178226
0,0.11520284239277453
1,0.5985695467270596
0,0.21515593741009198
0,0.345155172441409
0,0.1781734440784912
1,0.15804674652473366
1,0.20910830602284314
0,0.6532198775859538
1,0.11849754004573929
0,0.22431646862437837
1,0.20621477190184978
0,0.2491666596020227
0,0.15698827925138198
0,0.1690462569215425
0,0.6311084312096529
1,0.7969370846000318
0,0.17765577172149805
0,0.1293709134463976
1,0.6384171569354007
0,0.12267778709244413
0,0.1210152343826236
1,0.25452759267913333
0,0.1569147894176197
0,0.14641700353355613
0,0.5309388052993028
1,0.16843231612449147
1,0.6932524602194747
0,0.15900236081985206
1,0.8160923998994843
0,0.11431631498783146
0,0.6917568744308336
0,0.13804644071652666
0,0.12285329535104031
0,0.6870061810358
0,0.15202914574998969
0,0.11780030671478732
0,0.13183193207763796
1,0.704765074261898
1,0.5301945580934959
0,0.12319127848515914
0,0.2508153135573533
0,0.1334856525400912
0,0.631330569688721
1,0.2657836674461157
0,0.13318946206952087
0,0.11898598855086906
0,0.11520284239277453
0,0.12707700014210416
0,0.11810716466103406
0,0.11431631498783146
1,0.1398695994858888
1,0.7308694443210201
0,0.1421518805724899
1,0.7313360991079834
1,0.18372372075105536
1,0.6172549385799043
0,0.11887090205060623
0,0.11431631498783146
0,0.5651837358509183
0,0.7199412724566383
1,0.22763780005803058
1,0.700634849411719
0,0.20746721639118584
1,0.6540807613764587
0,0.13804644071652666
1,0.47103072138756785
0,0.12937378974430788
0,0.635876424427226
0,0.6082635923576835
0,0.3147073979624002
0,0.6411082190334024
0,0.18741233031459484
1,0.6167551251179391
0,0.11431631498783146
0,0.11898598855086906
0,0.12205836744524724
0,0.14577060843613213
0,0.17105543505572607
0,0.18898678333176444
0,0.15290310597544948
0,0.11520284239277453
0,0.14251789713623125
1,0.5701139744180509
0,0.11879024420759232
1,0.3501071698434661
0,0.11368037016502759
0,0.13393072348088086
1,0.1511031767664922
1,0.6964224532405523
0,0.11520284239277453
1,0.1289156014216584
0,0.12791252219176266
0,0.12170960774083031
0,0.3113172365570381
0,0.12519664821868845
0,0.11520284239277453
0,0.16842656159686037
1,0.6182804995978295
0,0.5993725289023704
1,0.10768829284984907
1,0.1509103113476129
1,0.32104406277491926
0,0.2100273138016803
0,0.6590103390884959
0,0.17460136915463054
1,0.22794514377423383
0,0.12717783697248397
0,0.1254797895316386
0,0.11845076169760244
0,0.11520284239277453
1,0.8937978059517628
1,0.40689244708667766
0,0.13029474683729395
0,0.18396112263353268
0,0.12436727468822416
0,0.13964879936892632
0,0.12279691677307215
0,0.12561697152626203
0,0.13524627441647957
1,0.6775555936991661
0,0.15330669192567295
0,0.21430398093877445
1,0.83785422660543
0,0.12570258128680747
1,0.29817222494241635
0,0.1553977591232641
0,0.6749767144863633
1,0.7203581278946206
0,0.14518635255007892
0,0.17205314359982526
0,0.17651276728517287
0,0.1785881853851541
0,0.12364626290432694
0,0.14877289278711162
0,0.1983280602913669
0,0.1527696489193906
0,0.15806680565484305
1,0.779185784050564
0,0.16741824662017615
1,0.8537030210501034
0,0.13809384388209273
0,0.15923640178461573
0,0.11368037016502759
0,0.11520284239277453
0,0.11520284239277453
0,0.14877289278711162
0,0.1435342665433561
0,0.1821416293785692
0,0.6167551251179391
0,0.12539044606721728
1,0.729770207936885
0,0.14330375420883407
0,0.13454469455371712
0,0.11520284239277453
0,0.11638034410606804
0,0.7970856955134895
0,0.14566217470269646
0,0.22577797527913623
0,0.17086307018674834
0,0.23853351056102684
0,0.25532041710913794
1,0.739661754251013
1,0.6727267267820314
0,0.20558174478055338
1,0.2551206563804341
0,0.135615584747419
1,0.7135242783215116
1,0.5564627383369295
0,0.13847307128898387
0,0.15476698374585118
1,0.7835729044481542
0,0.17506742142575518
1,0.15407576247367785
0,0.5594937814476005
0,0.12650317627484564
0,0.17043168417588203
0,0.7368288580012423
0,0.1730386217521365
0,0.14498984624561384
0,0.19307411331645344
0,0.1400781457879263
1,0.8292340395706235
0,0.14068395951693466
0,0.7174643468034311
1,0.1688872539296521
0,0.12490240953759331
1,0.12892260951118523
0,0.11368037016502759
0,0.13232117561315226
1,0.6091700067004477
0,0.19856747184274554
0,0.1381121335353555
0,0.6082635923576835
0,0.11975486459677122
0,0.2001305240501742
1,0.8368615730823356
1,0.7368288580012423
1,0.5340291079012967
1,0.1252688951219044
1,0.8566830714271765
0,0.12191283127886209
1,0.1893376738792469
0,0.1428430172873431
1,0.5211057796405129
0,0.7235350488708184
1,0.5938596876794385
1,0.7174643468034311
1,0.1620152200324331
0,0.15081436350486965
1,0.6775555936991661
1,0.7310179840572871
1,0.8368615730823356
1,0.6521813126874698
0,0.13777508604377534
0,0.15242614523453007
0,0.13279978903441675
0,0.11721103022005841
0,0.1501038953070199
0,0.11898598855086906
0,0.1336209680169374
0,0.2852503368267127
1,0.1805494600542663
0,0.1353277975674738
1,0.11520284239277453
0,0.13390340542864873
1,0.8256188495458514
0,0.13133398799747278
0,0.12182770872892695
0,0.18183817377360426
0,0.14514292719705488
0,0.16154066945370182
1,0.8572731550425297
1,0.2282678102555831
1,0.14972574813014994
1,0.6125872389779741
0,0.11644934920889073
0,0.12929093664385957
0,0.2367398853841203
1,0.8652761750134949
0,0.1421965359482314
1,0.6377507118574061
1,0.65420907980347
1,0.1306337722862303
1,0.8123072129715155
1,0.7081996731251671
1,0.7368288580012423
1,0.8544184218253019
0,0.14554287117363904
0,0.5610404029012324
1,0.1900404867259785
0,0.5733290153832389
0,0.321115581302104
0,0.12744193268553
0,0.12189173521147459
0,0.15488567772022793
0,0.15006448755858418
0,0.13963539736162545
0,0.14317583133554712
0,0.12496005871635513
0,0.1726324123817037
1,0.1402899965010512
1,0.7983659865704544
0,0.14326085178687578
0,0.11368037016502759
1,0.7948831599462305
0,0.22224684398087105
1,0.1712193683155437
0,0.12279691677307215
0,0.1421518805724899
1,0.735511624456384
0,0.16446796516977838
0,0.5152248502679605
1,0.16259285550483954
0,0.23596921897628143
0,0.14036685648963815
0,0.11879024420759232
0,0.2988867499728318
1,0.7899663451907235
1,0.11520284239277453
0,0.1560610071452537
1,0.5768745039007617
0,0.14094960393495734
0,0.13435596981042755
1,0.12119751398677973
0,0.12279691677307215
0,0.13923367509235823
0,0.1262078410747006
0,0.2351843406779392
0,0.25073177064586216
0,0.6252073229948009
0,0.14915203629113855
0,0.13237670033921048
1,0.634931096358902
1,0.6630212525569955
1,0.3517795049163034
0,0.18079985493839323
0,0.11714852135123152
0,0.12514068533353015
0,0.17393999452904169
1,0.8411296640557433
0,0.16829812660346846
1,0.5927074655877115
1,0.8208886453207297
0,0.13143847296068972
0,0.17514979221311894
0,0.6194707127484491
0,0.3079766239691561
0,0.11898598855086906
0,0.12553293562582762
1,0.8274041034507297
0,0.15422595562915506
0,0.14006344429719125
1,0.7204784813160655
0,0.12279691677307215
0,0.11879024420759232
1,0.7368288580012423
0,0.1381407483326413
0,0.7044958184054254
0,0.25832444122975634
0,0.15386151572055298
0,0.1384669068662023
0,0.12033223301179496
1,0.8627378849294566
0,0.1284231226809316
1,0.8594262393326256
0,0.11368037016502759
0,0.14805671209176835
1,0.16313508590454298
1,0.6298025181495452
1,0.7214376924461864
1,0.12695709934794738
0,0.11975486459677122
0,0.11342224658936735
0,0.11879024420759232
0,0.10768829284984907
0,0.11520284239277453
0,0.17514979221311894
0,0.17009249316946454
1,0.579015921499824
0,0.11879024420759232
0,0.11879024420759232
0,0.13658548892916808
1,0.8878677141618087
0,0.12408252861617186
0,0.15826154318153784
0,0.17835858456822967
0,0.13218936341772713
0,0.3617376181472009
0,0.15909492948593473
0,0.14071793781131486
0,0.11368037016502759
0,0.13630091452143664
0,0.13452528350154794
1,0.8389475318365758
0,0.7126357987956002
0,0.178120957306321
1,0.7084044435801634
0,0.24495614299916732
1,0.13978160027393727
1,0.6754927963895665
1,0.653347417718265
0,0.12543219388372362
1,0.6471531329191557
0,0.13554474986962245
0,0.2131517819087404
0,0.12077596505024259
0,0.12619931248590005
0,0.5742226397749919
0,0.1418966658029585
0,0.6755960611374094
0,0.6408515417603491
0,0.11898598855086906
1,0.9177277539461154
0,0.3155102558414579
0,0.17612791447184284
1,0.244696023753924
1,0.12832774925194929
0,0.11879024420759232
0,0.17949883037528375
0,0.11368037016502759
0,0.15542148094467875
0,0.13938092988300066
0,0.13607681870746513
0,0.1136420871740962
0,0.13914804058404392
0,0.7229856352726425
0,0.14731808525879816
0,0.13257373673437656
0,0.12280728298979426
0,0.16304961245801428
0,0.7787870452065178
0,0.14148604169747808
0,0.6866373402026908
0,0.11520284239277453
0,0.37089267929764397
0,0.2508153135573533
1,0.8437437772578213
1,0.14567179535471667
0,0.16193197621797303
0,0.12294166422253687
1,0.59046654481366
0,0.6917568744308336
0,0.1575259160205928
1,0.13125749989779534
0,0.11520284239277453
0,0.1269234348744943
1,0.6433625733766057
0,0.11368037016502759
0,0.2991826755284821
0,0.12279691677307215
0,0.14087805819272467
1,0.6386747235281869
0,0.5745964813200419
0,0.146916334241509
0,0.13257373673437656
0,0.12033223301179496
0,0.20405703873152048
0,0.29018082892388253
0,0.2746686029632867
1,0.6000632486311875
0,0.16968856696507503
0,0.12601646777622952
1,0.7968064162508629
0,0.11780030671478732
0,0.11431631498783146
0,0.13502048092372299
0,0.12460800221787659
1,0.16562818012185543
0,0.17225836562761085
0,0.13791736954565245
1,0.13391642411833973
0,0.5697714519010086
1,0.7368288580012423
0,0.11842239339593191
0,0.1252688951219044
0,0.6157789714039694
0,0.11861365939498167
0,0.11520284239277453
0,0.11879024420759232
1,0.1861023209466686
0,0.20612486656125692
0,0.17950229110139923
1,0.8318102962036978
1,0.21175167031999173
0,0.1263501695317004
0,0.13146639789138392
0,0.12735728707561872
1,0.6245649474128329
0,0.14144910544638317
1,0.21298751759005746
1,0.601550292690246
0,0.18109760827577392
0,0.16148670060382164
0,0.1409520190822342
0,0.19321680658772433
0,0.13136126783545538
1,0.4864782217347827
1,0.8433140760559524
0,0.11780030671478732
1,0.12698047329092305
1,0.18816721462014388
0,0.11850889268730588
1,0.7140332124487395
0,0.12510527081486547
0,0.48413813432769726
0,0.5376971646458133
0,0.11879024420759232
0,0.6663786635128589
0,0.20806193284393384
0,0.23394430747047296
0,0.23325985996760365
1,0.1782811234445217
0,0.13658548892916808
0,0.2713052553196779
0,0.6192922627910505
0,0.6898200937597458
1,0.35966539778211426
1,0.751844598826497
0,0.12196520276114015
1,0.1432541036647277
0,0.16067490325835365
0,0.14328141651504925
0,0.11431631498783146
1,0.20298909973716878
0,0.20454581765352264
0,0.16338551926800632
0,0.13792770222325576
1,0.3491403968031325
0,0.1376538918301778
1,0.7726586742411596
1,0.14145593784006577
0,0.1656435868888283
1,0.12723016472993312
0,0.11431631498783146
0,0.12078722314209374
0,0.12614705631012701
0,0.11849754004573929
1,0.11849754004573929
0,0.2653079675655253
0,0.13135992571401903
1,0.2007545833080138
1,0.6414896136227486
0,0.19846582125393028
0,0.13914804058404392
1,0.11431631498783146
0,0.16169564994533764
0,0.1297487701637596
0,0.18265206043727086
0,0.42312845104698227
1,0.834779388739618
1,0.6748661576734205
0,0.23713933726486408
0,0.16503615868129512
0,0.12455907537094192
0,0.13478097534731603
0,0.1370481709268922
0,0.1573446320195158
0,0.16338551926800632
0,0.15770211914713603
1,0.7638719544648579
1,0.8627378849294566
1,0.8424906298545357
0,0.13149462556068664
0,0.20779779190142367
0,0.141080928961179
0,0.12614705631012701
0,0.14674773807171101
0,0.11879024420759232
0,0.18768806592596657
1,0.13513176102854238
1,0.5968349788960912
1,0.6577772209990752
0,0.15900816524625927
0,0.6500282147021555
0,0.1863588339326892
0,0.13336066395282054
0,0.28454009057480295
0,0.11032788395750026
0,0.11520284239277453
0,0.17647815225591143
0,0.14593353030845505
0,0.1395391475753961
0,0.1317561374271256
0,0.13044971573309053
1,0.11898598855086906
0,0.6892783390374905
1,0.7325607670278347
0,0.2713052553196779
0,0.12862455978378712
1,0.83785422660543
0,0.17514979221311894
1,0.14354207100092775
0,0.13709739194120757
0,0.1264652135898909
0,0.8991786182310572
0,0.1381724709650276
1,0.7023134740759764
1,0.8237734135466361
0,0.18265206043727086
0,0.13839694737881672
0,0.5659273903256826
0,0.12490240953759331
0,0.14185107263206398
0,0.13349947547327828
1,0.1584724599319304
0,0.12182770872892695
1,0.8304427648101489
0,0.7186728896410931
1,0.7767302034506359
0,0.24036127433954416
0,0.2921113595358368
0,0.12457975910028223
0,0.15315472325121504
1,0.22390640458645972
1,0.6991914639747389
1,0.6411608183016154
1,0.6761884526621244
0,0.13262509365909944
0,0.12319127848515914
0,0.11898598855086906
1,0.2374193100814923
0,0.15290860356979943
0,0.12325474335517257
0,0.16546223767947105
0,0.1940000379853595
0,0.2375820856738295
1,0.7273618947394642
0,0.2887567398405087
1,0.7368288580012423
0,0.17869023327218644
0,0.12222296193672201
1,0.13738720127739734
0,0.12182770872892695
0,0.11777179866171486
1,0.6005731677439037
0,0.10768829284984907
0,0.16149398624420694
1,0.6844236799358617
0,0.1133708401869274
0,0.11721103022005841
0,0.12359935447101494
1,0.6816547633804086
0,0.17628732307507092
1,0.69297848868325
0,0.11368037016502759
0,0.1749083527790564
0,0.11431631498783146
0,0.5197014361670108
0,0.5801370362385396
0,0.20806193284393384
0,0.12723016472993312
0,0.1557512204754186
0,0.14464488403284706
0,0.12150349777016145
0,0.20833228364007794
1,0.15656624382411144
0,0.6369472074839377
0,0.1237364214875233
0,0.11898598855086906
1,0.1421518805724899
1,0.8334307794229833
0,0.24964491074345266
0,0.62038924290786
1,0.5143194509877191
0,0.12831093385256098
1,0.5172850057480876
0,0.11368037016502759
0,0.13194892538832692
0,0.2041212969170994
1,0.8223444004364167
0,0.11870128175839166
1,0.5603905989757046
0,0.6836862866488977
1,0.7223483062948148
0,0.12799554165185695
0,0.11520284239277453
0,0.13848328424477513
0,0.11898598855086906
0,0.21761224695011205
1,0.18087386042572579
1,0.7992493611773607
0,0.22445749698904396
0,0.16499955102957917
1,0.7776117703778453
0,0.6855280221008022
1,0.6991914639747389
0,0.13009830858889895
0,0.13011488377312536
1,0.5996736835466987
0,0.11879024420759232
0,0.15082686618397123
0,0.660621235977907
0,0.4860647085000468
1,0.15278784773509704
1,0.12490240953759331
0,0.1592696569800017
0,0.14877289278711162
0,0.1349890289080886
0,0.13745245560805638
1,0.5389433392106067
0,0.14272659411806765
0,0.12573528879599957
1,0.9157231643672306
0,0.11898598855086906
1,0.7335480235496147
1,0.8350481498475997
0,0.13144932559186928
0,0.14853723371512897
0,0.12306869529264058
0,0.2727983013672241
0,0.12812437157215106
1,0.16889094588758985
0,0.16985986600852057
1,0.21917890950639124
0,0.1369829966197612
0,0.19170319395521448
0,0.13451420432630556
1,0.12359935447101494
0,0.6790781387444399
0,0.14951822882450538
0,0.12044876242044893
0,0.13907506746889536
1,0.7584144677563543
1,0.8386282682677846
0,0.11898598855086906
1,0.9063785954494885
0,0.11368037016502759
0,0.11520284239277453
1,0.7612516273996306
0,0.19844963363193882
0,0.11879024420759232
1,0.629722760694039
1,0.6761884526621244
0,0.17361956923245983
0,0.12947418505619449
0,0.12392234156683112
1,0.7325607670278347
0,0.5099291392294041
1,0.12475522108475366
0,0.11520284239277453
0,0.1177407154421424
0,0.12066616583366328
0,0.3026805896411
1,0.8594262393326256
0,0.5522625592513641
0,0.16338551926800632
0,0.12165494564372233
0,0.14762372347206865
0,0.1381121335353555
0,0.1304844743377175
1,0.1803170301605004
0,0.13487654625901102
0,0.13544863470819335
1,0.21539148381941528
0,0.11520284239277453
0,0.15726194939222476
0,0.12841652435172668
0,0.7136711837210734
0,0.12050028065582777
0,0.11879024420759232
0,0.1860769744432131
0,0.1104393091471224
1,0.675646511635697
0,0.11520284239277453
0,0.19101254249983093
1,0.7209095215968342
0,0.14072221067236754
0,0.12010446548590042
0,0.12182770872892695
0,0.11863571502926532
0,0.13719125051041806
1,0.7151024113141414
1,0.1314795547897238
0,0.143189350764026
1,0.19938002619406822
1,0.701242963557587
1,0.18789798046494524
0,0.2333117987805083
1,0.6816224114116433
0,0.12815540377140824
0,0.12033223301179496
0,0.16470646455220336
0,0.2600530764432732
0,0.22147691825467927
0,0.4456400749755886
0,0.2507609278463177
0,0.16582759039310613
1,0.739661754251013
0,0.1331085547280388
0,0.12319127848515914
0,0.1404685904962806
1,0.8160923998994843
0,0.23403527718780628
0,0.12327773099001409
0,0.13839694737881672
0,0.2983195776216741
0,0.14372052006883015
0,0.12658099691171806
1,0.8548488245861444
1,0.6749767144863633
0,0.14678729577055274
1,0.6414896136227486
0,0.12170960774083031
0,0.11520284239277453
0,0.11644707235634164
0,0.19532614702139972
1,0.15553524473968397
0,0.11520284239277453
0,0.27404171760052354
1,0.8126790278107724
0,0.11644934920889073
1,0.1665931224276327
0,0.14798758684859603
0,0.2713285709944076
0,0.13965392464248344
1,0.8628868270605945
1,0.8627378849294566
0,0.6254186873845866
0,0.14068761085316642
1,0.40205074323847345
0,0.1584724599319304
1,0.23078363909581417
0,0.12050028065582777
0,0.10768829284984907
1,0.689920259205151
0,0.22634996918319267
0,0.11368037016502759
0,0.12376523964885046
0,0.11780030671478732
1,0.8294407009224186
0,0.13626588545301768
1,0.1154867911508221
0,0.11964496619421955
0,0.496308736177851
0,0.17835858456822967
0,0.12680615672614892
0,0.1256355070634676
0,0.12182770872892695
0,0.13585190072185815
0,0.2282678102555831
1,0.7368288580012423
0,0.13923367509235823
0,0.13848328424477513
0,0.16583700697988815
0,0.12044876242044893
0,0.16827424186256545
0,0.17514979221311894
0,0.12634604225896065
0,0.12182770872892695
0,0.13464251964913884
0,0.17460136915463054
0,0.22895060567942813
1,0.20002938262317385
0,0.16073672265983718
0,0.11006499726952372
0,0.23017312846488555
1,0.14604348334041187
0,0.1370481709268922
1,0.13923367509235823
0,0.12707051779981246
0,0.1614560819155337
0,0.21561251328960937
1,0.8433140760559524
0,0.6870061810358
1,0.7261910397518293
1,0.5426873901867768
0,0.16881919949408794
1,0.6525948833080704
0,0.15424994639551243
1,0.83785422660543
0,0.4014803652937316
0,0.14577060843613213
1,0.29588028298730484
0,0.1649748382331349
0,0.1783680947089967
0,0.20039291973940881
0,0.150752515689744
0,0.11520284239277453
0,0.13507445542449978
1,0.16493677997238607
0,0.5052749574358775
1,0.22831016690283332
0,0.1154867911508221
1,0.7060379945321182
0,0.11879024420759232
0,0.1568032707358223
1,0.6035795667805408
0,0.11956597526081772
0,0.12359662326576899
0,0.1358053716693927
0,0.13382627627009638
0,0.11780030671478732
1,0.8433140760559524
1,0.8819912977290362
0,0.11520284239277453
1,0.16711450484179477
0,0.16715592640688906
1,0.22518149408478663
1,0.2000195972729272
0,0.11520284239277453
1,0.12182770872892695
0,0.14542492861616996
0,0.29135804865255904
1,0.7325607670278347
0,0.11879024420759232
0,0.606045606061881
1,0.5202121337307287
0,0.7061533780113406
0,0.1434731937095206
1,0.8224995132915328
1,0.7671319675297206
0,0.1760074560321939
0,0.12919543038468934
0,0.28268324429384606
0,0.27148012405553773
0,0.11520284239277453
0,0.18605581067145774
0,0.1339379203335636
0,0.14428343572221639
1,0.2710764410045547
0,0.553118469517726
0,0.13773992263853144
0,0.6577241436966857
0,0.15273865961218003
1,0.8173624300736367
1,0.6069958194429335
1,0.24122732660087948
0,0.11654548665544866
0,0.17864843846569115
0,0.14353002336145382
0,0.11520284239277453
0,0.12563644325400172
0,0.7278109377503499
1,0.1297224561402434
0,0.13715740993541567
0,0.12044145359888052
0,0.23155220372696633
0,0.10768829284984907
0,0.2153686144279296
0,0.15312916334880125
1,0.7389829372267173
1,0.5615460909601547
0,0.14877289278711162
0,0.18187493096670138
1,0.6844447509765426
0,0.1381682638829132
0,0.12189173521147459
0,0.11368037016502759
0,0.16262260917630497
0,0.16390613518707942
0,0.14006519080773386
0,0.19938041355324151
0,0.17972704165654646
0,0.20598345761925094
0,0.21792366707765912
0,0.15473654198771197
0,0.14188481255349225
0,0.16829812660346846
0,0.12116694862726696
0,0.11898598855086906
0,0.14349475428094616
0,0.14171145232636054
0,0.12318597150968379
1,0.7136711837210734
0,0.13399183812423066
0,0.22373633056028008
1,0.17784726612529195
0,0.5839871055002213
1,0.12942178310922456
1,0.7661101307997659
1,0.12947418505619449
0,0.12430374311028186
1,0.48068121645231643
0,0.16351674318636664
0,0.11520284239277453
1,0.14831132470024716
0,0.14293751758223258
0,0.11803534658395752
0,0.15467131048289084
0,0.13180893140325256
1,0.14312370088436904
0,0.12605294995434285
1,0.685946211813579
0,0.15424994639551243
1,0.15535505117706103
0,0.7697452676092513
0,0.12071705845473271
0,0.11520284239277453
1,0.7461154709654788
0,0.1254885632566139
1,0.7582019736529352
0,0.16291782089873733
0,0.11520284239277453
1,0.7068098134072487
0,0.13436353864763986
1,0.7450637462602446
1,0.8049834591474743
0,0.348170687267136
0,0.13312601116472486
0,0.15945220147916692
0,0.14062931378655588
1,0.8044535526440261
0,0.19691286377732062
0,0.1893376738792469
0,0.12158126410597729
0,0.12359662326576899
0,0.32300859212191446
0,0.221419247454526
0,0.22559843688611467
0,0.1359946324680082
0,0.12710344559356157
0,0.5853886011338792
1,0.18765552650761402
0,0.11520284239277453
1,0.15132562805354197
0,0.19121892817699038
0,0.17750264313452513
0,0.1432541036647277
0,0.12710344559356157
0,0.13090927567124983
1,0.8263870394738709
0,0.19229091810208185
0,0.6373124077455881
0,0.17251217672549723
1,0.5680379119479756
0,0.1381121335353555
0,0.12350182742255825
1,0.7461154709654788
1,0.7477255636947334
0,0.1239063873322745
0,0.12543219388372362
0,0.3267093506478797
1,0.7087001108400385
0,0.14506656026047415
0,0.2528132825120957
0,0.12523753704618418
0,0.2351732804797705
0,0.29197220023894915
1,0.6592385769506481
1,0.14442892495099013
0,0.22326594436776925
0,0.13804644071652666
1,0.6128024169866363
0,0.19108207917691858
0,0.13133398799747278
0,0.13213747790219602
0,0.11879024420759232
0,0.6984953896043332
0,0.15196353081656658
1,0.8444225500762995
0,0.15911918075056075
0,0.13133398799747278
0,0.12044876242044893
0,0.2028310424004277
0,0.1528295897853236
1,0.4664407475924638
0,0.2375249946481843
0,0.11638034410606804
1,0.700634849411719
0,0.14917544044796208
1,0.1791724337308748
0,0.5959648473888286
0,0.11893436336775422
1,0.3434087825052312
0,0.11368037016502759
0,0.11520284239277453
0,0.15024352941452135
1,0.6565052110138094
1,0.7949089646719589
0,0.18461941940854415
0,0.623128815401525
0,0.11368037016502759
1,0.631330569688721
0,0.6455789449795931
0,0.1397162406194219
0,0.12042630683259556
1,0.8246750414947592
0,0.22309945501200332
0,0.2466699182407749
1,0.2876350482519213
0,0.12643305232233337
0,0.25639677908610303
0,0.11099413576725274
0,0.17661992704480176
0,0.16597519413018194
0,0.1569228351875618
0,0.27649603838621145
1,0.9177277539461154
0,0.11879024420759232
0,0.13840235283732835
1,0.6680015399410275
0,0.6725057161296674
0,0.13804644071652666
0,0.12319646368870438
0,0.21658959553434712
0,0.12723016472993312
0,0.11520284239277453
1,0.1766278532461434
0,0.1263537353531942
1,0.13529424244181001
0,0.12196520276114015
0,0.16940479925011587
0,0.5609735884160875
1,0.5870266032325046
0,0.11368037016502759
0,0.13887198729821207
0,0.12222296193672201
1,0.7930183077906092
0,0.2326549228227516
0,0.18512215179921016
0,0.1252688951219044
0,0.6669611787702393
0,0.19596077504455364
0,0.17541518573437664
0,0.12984151423759738
0,0.14541696080870167
0,0.13451948841614222
1,0.1503315240533384
0,0.5293719724365377
0,0.13003180015661375
0,0.15751814116081173
1,0.8386282682677846
0,0.11780030671478732
0,0.1104393091471224
1,0.6650242972112916
0,0.1173429954389873
1,0.8306306143928991
1,0.7169375595763932
1,0.8368615730823356
0,0.19804108422241917
1,0.12846749538673208
1,0.8627378849294566
1,0.7755198755506533
1,0.2520727018156614
0,0.12326679374505867
0,0.12519664821868845
0,0.8433140760559524
1,0.6820509620023097
0,0.17288829106536963
0,0.3493920546693537
1,0.13005351152078704
0,0.16462274433201057
0,0.12334549978417557
0,0.4620252842690511
0,0.17514979221311894
0,0.16295506018707848
0,0.1312196171060239
0,0.15217664864152808
0,0.14939836210227772
0,0.13425526210619246
1,0.7228227859704558
0,0.12190071535287664
0,0.6738771621099057
1,0.15606350490339926
0,0.11520284239277453
0,0.5827735042440549
1,0.5003204077775725
1,0.5936981543912396
0,0.11898598855086906
0,0.16318196320794986
0,0.12877836924026914
1,0.16361166175370886
0,0.16338551926800632
0,0.11638034410606804
1,0.6630885319417602
0,0.7368288580012423
1,0.5420365372591482
0,0.13618048590095852
0,0.7368288580012423
1,0.6989629492974017
1,0.7174643468034311
0,0.16187924311634644
1,0.6048727063810279
0,0.1762459245839142
1,0.7373907187680188
0,0.18897845469880714
0,0.26888386668389896
0,0.12735728707561872
1,0.32522101295347833
1,0.8470220746066581
0,0.16216737006248189
0,0.6820509620023097
0,0.2322493007593682
0,0.1104393091471224
0,0.12666691560345852
0,0.19746896900527483
1,0.5866365795591124
0,0.12119751398677973
0,0.1317846454801981
0,0.6668495820256751
0,0.21025219604015472
1,0.2885857144636887
0,0.13861513833488306
0,0.11780030671478732
0,0.5242699077779919
1,0.5514002658179058
1,0.6666342442521914
0,0.13262509365909944
0,0.3967394379880598
0,0.15447325754556654
1,0.6813605924949553
0,0.20019972972175942
0,0.1250411593165116
1,0.8340302849918687
1,0.8986144570775938
0,0.20449738897138858
0,0.17012063862877536
1,0.21122917724128173
0,0.11898598855086906
1,0.7084044435801634
0,0.11879024420759232
0,0.11842239339593191
0,0.27078058133353905
0,0.21239277829580802
0,0.16169564994533764
0,0.13539161964373916
0,0.12133909884685151
0,0.7523438355919079
0,0.13112407171223306
0,0.17003433959028844
0,0.13466669736392198
0,0.6898200937597458
0,0.13554474986962245
1,0.29453193400417627
0,0.12182770872892695
1,0.7324228193314007
0,0.11917652862688
0,0.11879024420759232
0,0.12044471648693526
1,0.34171956317706426
0,0.12154563714715648
0,0.11672105046692877
0,0.12033223301179496
0,0.1503625703146145
0,0.18733489675218315
0,0.13226695658555107
0,0.1603379183113514
0,0.17175134300010458
1,0.6028907390316213
0,0.39240930098755505
1,0.6442663993057718
1,0.7893793129040374
1,0.8986144570775938
0,0.11898598855086906
0,0.1528042209167678
1,0.7941037267944304
0,0.13461558001876187
0,0.11520284239277453
0,0.16597519413018194
1,0.735511624456384
1,0.5938596876794385
0,0.6471531329191557
0,0.1987998970819338
1,0.126366056662329
0,0.11431631498783146
1,0.6991392322284766
1,0.5688869098045221
0,0.14428343572221639
0,0.11879024420759232
0,0.1584864573019465
0,0.11898598855086906
0,0.12182770872892695
0,0.11870128175839166
0,0.4044674389906551
1,0.5971230133745963
0,0.11898598855086906
0,0.19170319395521448
1,0.1549379887321287
0,0.13965392464248344
0,0.18976452657652934
0,0.1273565291262036
1,0.7169761357883067
1,0.3432814149391706
0,0.1239063873322745
0,0.14317583133554712
1,0.7154597699943769
0,0.11520284239277453
0,0.15584275372754988
0,0.1474953752314071
0,0.11520284239277453
1,0.8819912977290362
0,0.1343923805816849
0,0.11870128175839166
0,0.14828337488112334
0,0.6416555171003587
1,0.6991914639747389
0,0.13338466445170133
1,0.2037448910769449
0,0.18548962076903538
1,0.16889094588758985
1,0.6082874781020554
0,0.12475522108475366
1,0.8192886180358991
0,0.15879858549450906
0,0.12119751398677973
1,0.26072199014479397
0,0.12984151423759738
1,0.5878573432567038
0,0.16715592640688906
0,0.11714852135123152
0,0.11974728177157028
0,0.1269234348744943
0,0.11431631498783146
1,0.1306337722862303
0,0.8114277159688479
0,0.5304313147083071
1,0.8819912977290362
0,0.16869769311123697
1,0.8162088404046058
0,0.21544241682140675
0,0.12267257861128367
0,0.12792630739209257
0,0.13876047870477012
0,0.28712866895130534
1,0.20639650229003997
0,0.13618048590095852
0,0.11898598855086906
0,0.11431631498783146
1,0.5799754066108745
0,0.14506656026047415
0,0.11672105046692877
0,0.11520284239277453
1,0.2859688046894426
0,0.28848664903826093
1,0.7477255636947334
1,0.20423229225144462
0,0.24344014983499468
0,0.12056376189017726
0,0.12202598752571374
1,0.20912676423790505
0,0.14645159753335993
0,0.10768829284984907
0,0.14390486581005077
0,0.19384836179583365
0,0.13261462928263554
0,0.1252688951219044
0,0.11638034410606804
0,0.16571561858955783
1,0.7839806072304687
0,0.2260151240221924
1,0.847183156248277
0,0.21025219604015472
0,0.14809588501296925
0,0.13759521549272566
0,0.1731876933360965
0,0.11520284239277453
0,0.5077233612191302
0,0.43142722951106627
0,0.1128044359745313
1,0.7618782815701822
0,0.1929245566928943
0,0.14506656026047415
0,0.1824988855014656
0,0.1569806711194252
0,0.1560610071452537
1,0.13915165069859367
0,0.14023717659000343
1,0.5495105576943258
1,0.15700069740205863
0,0.14448101384290835
1,0.8064913495896073
0,0.12936782867605187
0,0.12508608239899585
0,0.5864512822543788
0,0.16090007247547275
1,0.635876424427226
0,0.11520284239277453
0,0.11898598855086906
0,0.17099088888244401
1,0.11879024420759232
0,0.12799554165185695
0,0.16502815647197455
0,0.1450865165906227
0,0.19657096928913392
0,0.13294900138639582
0,0.1470943886626062
0,0.130948419573638
0,0.1239063873322745
0,0.3469778721712399
0,0.20247429635577824
1,0.7140328565232095
1,0.2491613348254039
1,0.7589553849927119
0,0.1348865493811734
1,0.8263697007170208
1,0.12662622890439437
0,0.12147657030968256
1,0.8544184218253019
0,0.17460136915463054
1,0.57113542907037
0,0.1210921664589704
1,0.3027373822594608
1,0.7188657255201765
1,0.8126790278107724
0,0.26260210524422695
0,0.13804644071652666
1,0.17858349668308685
0,0.22410783489158792
1,0.14098425353407024
0,0.6423876716598098
0,0.14540903001081404
0,0.11520284239277453
0,0.12413431701986721
1,0.6881798569439589
1,0.441303373727486
1,0.7948983849364833
0,0.23642219383518384
0,0.5293661694402156
0,0.8107139977156886
0,0.13087270794021805
1,0.8249657427355018
0,0.11721103022005841
0,0.1239063873322745
0,0.23394430747047296
0,0.1896523138863231
0,0.12535070828135186
0,0.1472298268515649
0,0.13111877975283195
1,0.3122216853188832
0,0.2343666363554249
1,0.2269348174277212
0,0.21281100251926333
1,0.13675884079159598
1,0.7426064096340064
0,0.11849754004573929
0,0.11672105046692877
0,0.22022207692645326
0,0.1587679440873559
0,0.6670604196558337
0,0.20153040183019996
1,0.7166925274738346
0,0.13674630012144595
0,0.25523669332449916
0,0.13395403428744568
0,0.1400781457879263
1,0.2620168523879279
0,0.12624742022649676
0,0.24855584217229693
0,0.1421518805724899
0,0.1326755311684401
1,0.1340598996550595
0,0.19987648208155873
1,0.6836862866488977
1,0.7332986700589035
0,0.12741731389077715
1,0.7335480235496147
0,0.14384393195236175
0,0.13487654625901102
0,0.12812498922412632
1,0.6889598113056985
1,0.7325607670278347
0,0.23394430747047296
0,0.13218936341772713
0,0.1671616973456314
1,0.6630885319417602
0,0.1416763494169478
0,0.12836904886368591
0,0.14575131838460342
0,0.1505892101044149
0,0.12670708203711883
1,0.6995310218780578
0,0.12230339687103955
0,0.13658548892916808
0,0.14330375420883407
0,0.1262259280217409
0,0.11898598855086906
0,0.12359935447101494
0,0.13085905485778634
0,0.6330831758836521
0,0.15155424813955146
0,0.1826204947486253
1,0.5765054242378548
0,0.12084560696849567
1,0.14593353030845505
0,0.13163871853694806
0,0.13133398799747278
1,0.19735982009816117
1,0.378361780845401
0,0.13183193207763796
0,0.16590698875495613
0,0.12050028065582777
0,0.23752521872859347
0,0.13278608284588098
0,0.1317846454801981
0,0.1254885632566139
0,0.2234084236861649
0,0.12581991396544287
0,0.14546156239078922
0,0.11342224658936735
1,0.6703427719259927
1,0.6755960611374094
1,0.285445497869803
0,0.13721632363948089
0,0.13092139722482599
0,0.182536940637981
1,0.6410790206838957
0,0.13531531561029128
0,0.12182770872892695
0,0.12066616583366328
0,0.18018150885141523
1,0.787966191814843
1,0.7325342584260217
1,0.7368288580012423
0,0.13848328424477513
0,0.12359935447101494
0,0.19028476676036687
0,0.7335480235496147
0,0.16465299713185547
1,0.8986144570775938
0,0.12261747659549904
1,0.6917466561883029
1,0.5799754066108745
0,0.14819035097453118
0,0.12490240953759331
0,0.11888358256407262
0,0.3381965212014501
0,0.6315532159780975
0,0.684454884506015
1,0.46339979798256264
0,0.5375226869552946
0,0.12742554455388053
1,0.7477255636947334
0,0.13383541259397783
1,0.6199886562605627
0,0.11357488346288344
0,0.11879024420759232
1,0.7060064866328127
0,0.12196520276114015
0,0.12346662420131324
1,0.7541018673094414
1,0.8986144570775938
1,0.677621803118768
0,0.1334292244051148
0,0.20393989356800252
0,0.13923367509235823
1,0.8510419784967082
1,0.7992493611773607
1,0.8246252633821726
1,0.7310179840572871
1,0.11698503903083511
0,0.11844962386434697
1,0.7042969448228775
0,0.1320520767538233
0,0.11920527260596837
0,0.11520284239277453
1,0.8627378849294566
0,0.3484701318902155
0,0.14294960569738385
1,0.2737230418311342
0,0.12603094616521984
0,0.21613001095517304
0,0.16389083306840016
1,0.14724162396189258
1,0.13487654625901102
0,0.16553000623501313
1,0.6644888239614324
1,0.27404171760052354
0,0.18986008617243794
1,0.7527863765084131
0,0.18962480137813437
1,0.4288896886293341
1,0.7335480235496147
0,0.14011547059247573
0,0.11638034410606804
1,0.5998296364685104
0,0.1351828395201791
0,0.6825214106571851
1,0.8118606919470005
0,0.16741824662017615
0,0.12050028065582777
0,0.15395569890297106
0,0.12148160109098838
0,0.11654622928390355
0,0.11520284239277453
1,0.8572731550425297
1,0.8411296640557433
0,0.14693141989127875
0,0.12792269161961817
0,0.12915232389035625
0,0.5938370160255928
1,0.8411296640557433
0,0.12947418505619449
1,0.7692946458804678
1,0.7209095215968342
0,0.12258896854242655
0,0.11970764135289488
0,0.12554672169480183
0,0.11721103022005841
0,0.12182770872892695
0,0.1273306291581126
0,0.10768829284984907
0,0.16472378547717878
1,0.8260271612900462
1,0.18204718023611696
0,0.265022128878218
0,0.11520284239277453
0,0.13507445542449978
0,0.17491072783920736
0,0.11520284239277453
1,0.4669352383271936
1,0.8503448788604838
1,0.7741702305455633
0,0.1523478786968648
0,0.13055687626061555
0,0.11363372687490395
0,0.20683848934579302
0,0.12695709934794738
0,0.14317583133554712
0,0.2183166601682073
0,0.14509680259491356
0,0.1514168395491226
0,0.5627085735883293
0,0.3122248290957595
1,0.8519731157811776
1,0.23065801441500175
0,0.11217577963227086
0,0.1328068410343606
1,0.2535577177312543
1,0.11879024420759232
0,0.7368288580012423
1,0.6866373402026908
0,0.12323847479406934
0,0.12810898522881486
1,0.7368288580012423
1,0.1481175491837555
0,0.2701911979531198
0,0.19001479050301257
1,0.700634849411719
1,0.26957537733359427
0,0.6260980301231337
1,0.15201480028189235
0,0.16883795661057313
1,0.19429516933602703
0,0.1848458538304959
0,0.17299546573115498
0,0.11431631498783146
0,0.1654972018304721
0,0.6236918748326808
0,0.16510581711901254
0,0.1413474073414724
1,0.5789017023208665
1,0.1776917491481978
0,0.6898200937597458
0,0.11519384508801472
1,0.11898598855086906
1,0.39313955920721966
1,0.5924283311895135
0,0.13203042153227887
0,0.2553169628678064
0,0.13601707881937952
0,0.11431631498783146
1,0.18265589800713394
1,0.7767302034506359
1,0.12396421617809378
1,0.5959648473888286
0,0.13887697890515463
0,0.5276953659530949
0,0.11520284239277453
1,0.3554379797738971
0,0.11520284239277453
0,0.11879024420759232
0,0.5637664124409753
0,0.11879024420759232
0,0.13267361886484635
0,0.11520284239277453
1,0.5502316123679014
1,0.1353843319926535
0,0.12697867986326447
0,0.19360781882001368
0,0.11520284239277453
0,0.14877289278711162
1,0.7394396025841506
0,0.5334008834991157
0,0.16766755359694532
0,0.11520284239277453
0,0.12475522108475366
0,0.5221794831031665
0,0.12799554165185695
1,0.6383700767440667
0,0.11368037016502759
0,0.11975486459677122
1,0.5828252311562805
1,0.130874760044433
0,0.264590401499751
1,0.18236397961970952
1,0.579015921499824
0,0.14125386732499412
0,0.11520284239277453
1,0.2674534840092875
0,0.2867525476025947
1,0.623886760552803
0,0.20086420343330946
1,0.8627378849294566
1,0.6175167398186964
0,0.11870128175839166
0,0.13242426359408216
1,0.5889284393436739
1,0.8160970393194897
0,0.23418857854850347
0,0.16154066945370182
0,0.8002424891008262
1,0.3575552081480742
0,0.1385739955637736
0,0.14317583133554712
0,0.1543767934020816
1,0.27442561826521666
0,0.12794266443304197
0,0.2658762874246956
0,0.6801774882587402
0,0.21025219604015472
0,0.6433625733766057
0,0.12041078794298665
0,0.14788119688525714
0,0.12874115549310358
0,0.11520284239277453
0,0.11520284239277453
1,0.7039315821517594
1,0.13545985215701856
0,0.10994417153158553
0,0.1256858437669659
0,0.18600721177006066
1,0.795579108026539
1,0.8292340395706235
0,0.12033223301179496
0,0.1913317610972522
1,0.6430339351184685
0,0.15599062576207082
0,0.6028930616419078
0,0.1104393091471224
0,0.11638034410606804
1,0.11249846317250368
0,0.18327377856712637
0,0.1828615411239511
0,0.1557775519754084
1,0.12195628890324169
0,0.12832695865638652
0,0.11520284239277453
0,0.12910301058023452
1,0.6503526171008943
0,0.2128451454342766
1,0.7001691856873031
0,0.11400014220090132
0,0.11879024420759232
0,0.12789417608712841
0,0.16397351793614917
0,0.17021738394391797
0,0.5364166374983137
0,0.2190658857006792
0,0.1777673025039028
1,0.23830537651778275
0,0.16940479925011587
0,0.12182770872892695
0,0.4653164563095828
0,0.12792034645829756
1,0.6201277312182892
1,0.6245760749939522
0,0.12291216200287472
1,0.829468554731191
0,0.15084282938741939
1,0.19043308623604965
0,0.1946272864477096
0,0.14114799509337322
0,0.1762459245839142
0,0.1275478800858634
1,0.13730550654240933
0,0.14391160515705778
0,0.14212853109353427
1,0.6632420386345206
1,0.688987395736935
0,0.12617637327915812
1,0.12994297707905214
0,0.1485606362059764
1,0.7368288580012423
0,0.12790946415922036
0,0.13914043324976844
0,0.1320994660214185
1,0.9177277539461154
0,0.1628495352017836
0,0.23438727832798634
1,0.27595719964375004
1,0.7325607670278347
0,0.15470188737924617
1,0.6808634491785435
0,0.11897415562542804
0,0.11863571502926532
0,0.13923367509235823
1,0.19178886529191816
1,0.11849754004573929
0,0.13247608475760753
1,0.3103008329768189
0,0.1263537353531942
1,0.7703261551382786
1,0.25961959456768663
1,0.20575032496630763
0,0.12729407813664229
0,0.5797236932736461
0,0.13557910635211096
1,0.1477604745123841
0,0.11374515206452608
0,0.24459213081289768
0,0.1485876236429712
0,0.16605541805401275
0,0.12182770872892695
0,0.1254940229291458
0,0.11879024420759232
0,0.1889751207999834
0,0.20806193284393384
0,0.16281819160272593
0,0.11927817553333171
0,0.13429810808726494
0,0.11898598855086906
0,0.10768829284984907
1,0.8544184218253019
0,0.16854753070211628
1,0.16308909123628848
0,0.20242264718473135
0,0.1608093192403146
0,0.15457738448805203
0,0.1181757465381733
0,0.17514979221311894
1,0.7699614852216665
1,0.6684772245392873
0,0.13859472959287242
0,0.5027525448713469
1,0.7461154709654788
0,0.20169443913679772
0,0.14870462957226444
1,0.6866373402026908
0,0.11898598855086906
1,0.18002776077841393
0,0.20775152672423094
0,0.13848328424477513
0,0.1369150272363533
0,0.11654622928390355
0,0.1313471731484196
0,0.17577856440405634
0,0.15372193570594994
0,0.23307528968145969
0,0.14145593784006577
0,0.11898598855086906
1,0.2557149944443298
0,0.5392400466022543
0,0.18156881022203356
0,0.13183193207763796
1,0.8437437772578213
0,0.11520284239277453
0,0.5494733529240177
1,0.11383271331767968
0,0.11849754004573929
0,0.16741824662017615
0,0.16741824662017615
0,0.1239063873322745
0,0.8292340395706235
1,0.834043701239359
1,0.7368288580012423
1,0.15447325754556654
0,0.14737007231155447
0,0.11520284239277453
0,0.13045695739524368
0,0.11520284239277453
1,0.12735728707561872
1,0.5674513809474157
1,0.8263697007170208
0,0.1644104483669542
0,0.6486586522883888
1,0.6039886510524202
1,0.2932768201455587
1,0.17967260756308442
0,0.14068761085316642
0,0.17724904144659526
0,0.22760389158083325
1,0.5528564838729502
0,0.11861365939498167
0,0.11879024420759232
0,0.13177852522340516
0,0.20598345761925094
0,0.11793930467362017
0,0.14261420460893479
0,0.13325624100436076
0,0.1256858437669659
0,0.1301766503511048
0,0.14509680259491356
0,0.2644283051301559
0,0.11520284239277453
0,0.22374359460820814
0,0.13285477076898786
1,0.8021573411522545
1,0.64126420233855
0,0.19069580554769192
0,0.11898598855086906
0,0.13253371216943075
0,0.15971451748940557
1,0.7548597738500535
0,0.12182770872892695
0,0.18440605204895483
0,0.13923367509235823
0,0.15155424813955146
1,0.6829950687718331
0,0.12028729789244663
0,0.19170319395521448
0,0.12510527081486547
0,0.136596351154858
0,0.20990829330947278
0,0.12535070828135186
0,0.62872901392466
0,0.6477671932462213
0,0.5669576551315846
0,0.1425769746739726
0,0.12267778709244413
0,0.12737234268052952
1,0.6525546759361877
1,0.8102188437675455
1,0.6245363092007294
0,0.8135720371727008
0,0.1294794505963335
0,0.13226695658555107
0,0.3088137943053063
0,0.1741882359042962
1,0.1252688951219044
0,0.2103960451966782
0,0.12044471648693526
0,0.1746552772221914
1,0.1421000521523007
0,0.1486819990553313
1,0.8319592644646978
0,0.6820509620023097
1,0.2863248913795395
0,0.518789309792528
0,0.13296267731704478
0,0.11431631498783146
1,0.7722309249391714
0,0.12182770872892695
1,0.4698899175232525
0,0.1472298268515649
0,0.11520284239277453
0,0.11898598855086906
1,0.7080566967725
0,0.11431631498783146
0,0.6881983567429137
0,0.12202598752571374
1,0.7505565517565566
0,0.15890232696192472
0,0.13734166884970403
0,0.14246183129567772
0,0.18199857427896737
1,0.5848560169718839
0,0.11780030671478732
1,0.6225980754453433
0,0.1390043450018288
1,0.6787505943566599
0,0.6898200937597458
0,0.13482423911023075
1,0.7525218091159788
1,0.7310179840572871
0,0.1464192479835039
1,0.4417505498507132
1,0.1481413193637796
0,0.25549046232050715
0,0.12670708203711883
0,0.44604658455913104
0,0.18432288679332037
1,0.8445354717204572
1,0.6159663691512379
1,0.6850994073974499
0,0.11520284239277453
0,0.1805494600542663
0,0.6670421653697977
1,0.8107169147965936
0,0.18428996452470622
0,0.17514979221311894
0,0.12726110795709383
0,0.1356626899306156
0,0.15083433622280634
0,0.12601646777622952
0,0.11810716466103406
1,0.16617317608910984
0,0.17514979221311894
1,0.13807595403076148
1,0.8160923998994843
0,0.11520284239277453
1,0.6843463127819089
0,0.11364646381638703
0,0.18017548919367948
0,0.12202598752571374
0,0.14530498748914059
1,0.84804580125365
0,0.6556796014510191
1,0.20854781743416706
0,0.16072060422748616
1,0.11520284239277453
1,0.5795393629993274
0,0.21239277829580802
0,0.14461271373551138
0,0.12634604225896065
0,0.11898598855086906
0,0.14071778536024449
0,0.21808234927829043
0,0.11879024420759232
0,0.1746398753581135
0,0.14827579220747575
0,0.13054426590729853
0,0.14877289278711162
1,0.716097429101686
0,0.7505565517565566
0,0.12988461170377408
0,0.774843903087692
0,0.14577060843613213
0,0.22368625424266483
0,0.19569807299856048
0,0.12258896854242655
1,0.8439703540913099
0,0.11319470208668657
0,0.12624742022649676
0,0.3028924875251896
1,0.6153439459976006
0,0.14587815199845736
0,0.11672105046692877
0,0.12430374311028186
0,0.13848328424477513
0,0.13487654625901102
1,0.22008169799939606
1,0.7213618508244766
0,0.11306732266250782
0,0.2520256807832828
0,0.16260817071461825
0,0.2087484562015894
1,0.48155080253187393
0,0.11971747353745059
0,0.21162180231162095
0,0.16397351793614917
1,0.12543219388372362
0,0.1334249855736692
0,0.15154886627795572
0,0.15169778763243247
1,0.6597444211616343
0,0.12355178401495237
0,0.7306500290624344
0,0.6444365117348291
0,0.6850855220888784
1,0.8627378849294566
0,0.17009555307437974
1,0.6196724317306321
1,0.6730263421457927
0,0.13111877975283195
0,0.11849754004573929
0,0.31823210934960416
0,0.13544863470819335
1,0.6645675073865975
0,0.11520284239277453
0,0.23108768170494967
0,0.11520284239277453
1,0.9079590259953358
0,0.16883795661057313
0,0.16338551926800632
0,0.20242778020130744
0,0.11520284239277453
1,0.12267778709244413
1,0.4539947751275455
0,0.18951543731646062
1,0.8192886180358991
0,0.1370363027638071
0,0.460826182247016
0,0.1168983296799943
0,0.35985631387040534
1,0.7138779352851181
0,0.13804644071652666
0,0.11431631498783146
0,0.7079456706802001
0,0.7767302034506359
0,0.6029650243852737
0,0.15243373463704382
0,0.14081901707478467
0,0.16839070948681115
0,0.13726767431669137
0,0.1376637292376817
0,0.2058560361952591
1,0.28817774753432635
1,0.25189699646066604
1,0.1584724599319304
0,0.2867525476025947
0,0.12697004106997187
0,0.13680822872079
0,0.12571655041068622
0,0.671812761528079
0,0.1563106673567536
1,0.8126790278107724
0,0.22599414600403697
0,0.625957136268029
1,0.23128095998032627
1,0.472954502231289
0,0.12150349777016145
1,0.13545985215701856
0,0.11879024420759232
0,0.13973343658070111
0,0.12182770872892695
0,0.6948711412550689
0,0.359813058662487
0,0.1314795547897238
0,0.1600189241525811
0,0.23590110172979395
0,0.12707362875660133
1,0.8368615730823356
0,0.21673265558829224
0,0.12180506730289827
1,0.23752521872859347
0,0.15158167453896196
1,0.5198221777617507
0,0.11920527260596837
1,0.21387654385456933
0,0.16227662770989862
0,0.14005408132944241
0,0.15656730077450776
0,0.20248617997556537
0,0.12507020970080368
0,0.1946080930192463
1,0.19266791480835038
1,0.8411296640557433
1,0.20358805038114078
0,0.6148080282412177
1,0.12359935447101494
0,0.12182770872892695
1,0.7069286420616728
0,0.14142312636816162
1,0.13923367509235823
0,0.18986008617243794
1,0.6408515417603491
1,0.24486156782590435
0,0.150450202192575
1,0.8819912977290362
0,0.13205706021987604
0,0.12591440698022585
1,0.1926271666164541
0,0.15875659134751302
0,0.16128698511292683
0,0.5526146259203376
0,0.1208993805299745
1,0.3741317796987597
0,0.13914804058404392
0,0.1381411855734645
0,0.11520284239277453
0,0.16876950744951308
1,0.4569333206250962
0,0.20867391524613751
1,0.6823596156694586
1,0.8544184218253019
1,0.1208993805299745
0,0.14395085666658236
1,0.6414896136227486
0,0.11879024420759232
0,0.11627010068948164
1,0.24334033155037954
1,0.7561776958061153
0,0.6961028533528766
0,0.19759773980232262
1,0.6079056895329247
0,0.5873810755339404
0,0.27987510131554316
0,0.2220100715000655
0,0.19169627684494056
0,0.12182770872892695
0,0.20466333155203614
0,0.14580172670728675
1,0.7245729976936034
0,0.26805840236198364
1,0.8544184218253019
1,0.7102918611362002
0,0.182536940637981
1,0.7285647706075016
0,0.10768829284984907
0,0.17237672050975295
1,0.558719948335279
1,0.5389433392106067
1,0.15716742062055278
0,0.14678699575852716
0,0.17037322209680136
0,0.12281587325100961
1,0.14822289779340947
0,0.13161567099854127
0,0.19463099251809987
1,0.6690012877350162
1,0.2829085696530524
1,0.8544184218253019
1,0.8652761750134949
0,0.15698169237533233
0,0.12893397316692426
0,0.2345166053755391
0,0.13270965486198152
0,0.1128044359745313
0,0.1128044359745313
1,0.1253548076092329
1,0.47103072138756785
1,0.7859576538351394
0,0.1252688951219044
0,0.15250323692429998
0,0.12707051779981246
0,0.8544184218253019
1,0.521583734605393
1,0.7053065108583293
0,0.13383541259397783
0,0.11520284239277453
1,0.2819007155762605
0,0.13385645535122623
1,0.7038525710279447
0,0.12738942738225184
0,0.14877289278711162
1,0.5637664124409753
0,0.28029255033054623
1,0.24472799642927948
0,0.2558001057287108
1,0.6532198775859538
0,0.18975344751795026
1,0.7870928464162487
0,0.15653004399468962
1,0.8411296640557433
0,0.1259161658855008
0,0.6930561445933879
1,0.21502748384486584
0,0.5809866872005416
1,0.7670756214494671
0,0.14152524421233534
0,0.13585190072185815
0,0.14957279699333795
1,0.15441958697337252
0,0.13441443126870928
0,0.6041483937028695
0,0.14067495810299027
1,0.1423427810837154
1,0.820444466048907
0,0.12694978977909518
0,0.11520284239277453
0,0.10768829284984907
1,0.7068797811963036
0,0.1243862285278128
0,0.11400014220090132
1,0.66531793857714
1,0.8371654025246714
1,0.1533778060866881
0,0.38812151752195856
1,0.4792979325964272
0,0.11520284239277453
1,0.7044440933338354
1,0.21143160334351677
1,0.18740859141830907
0,0.12182770872892695
1,0.6230745360599551
0,0.48148634926244077
0,0.15280060506836102
0,0.125283100511967
0,0.11208402015194052
0,0.1370226775176166
0,0.6847119032154279
0,0.12182770872892695
0,0.1702817188808358
0,0.21658959553434712
0,0.11520284239277453
0,0.1789641797903005
1,0.879545991684912
0,0.2965985881907819
0,0.19506259909915707
1,0.610477927132468
0,0.11870128175839166
0,0.28029255033054623
0,0.1256686342292939
0,0.12815540377140824
0,0.18733932210038992
0,0.11762321375391141
1,0.1296415194386337
0,0.12543219388372362
1,0.7161394555135151
0,0.12490240953759331
0,0.12150349777016145
1,0.626410814896602
0,0.12984151423759738
1,0.2951761431144328
0,0.16606060213598614
1,0.7670756214494671
1,0.6279339872424468
0,0.23609561288017245
1,0.83785422660543
0,0.13923367509235823
0,0.25124537388384977
1,0.564767724765772
0,0.14727096488795097
0,0.7224453255906601
0,0.3674327790911008
0,0.12059073227407181
1,0.8359091660204897
0,0.12614345286809128
0,0.12318597150968379
0,0.13833291564573796
0,0.11879024420759232
1,0.7157310874771751
1,0.7117671694350429
0,0.17460136915463054
0,0.20011964745157118
1,0.8220968039377454
0,0.11879024420759232
0,0.15995042600947973
1,0.3200085385361262
0,0.12271925453361676
1,0.14869050190327404
1,0.3124776036056331
0,0.11898598855086906
0,0.3620689031311859
0,0.6127953454674545
1,0.6335920488696614
1,0.16580356071340116
0,0.16131651562269456
0,0.18960227357057535
0,0.12189881434283013
1,0.6749182414291387
0,0.12140767111681533
0,0.11879024420759232
0,0.15691032484441256
0,0.12182770872892695
1,0.6866373402026908
0,0.13454469455371712
0,0.13003180015661375
1,0.8061822734202375
0,0.1966553456620633
0,0.11929297217529487
0,0.11645814397124274
1,0.2769959338550865
0,0.12792630739209257
1,0.6824311498599609
0,0.2021782893625421
0,0.13430913789680723
1,0.6820266805659719
1,0.17003433959028844
0,0.11898598855086906
0,0.1219256505054357
0,0.1355658437043296
1,0.8819912977290362
1,0.6337788048791699
1,0.2802154848582438
1,0.20380250230627345
1,0.8160923998994843
1,0.22073747822545603
0,0.13092139722482599
1,0.8160923998994843
0,0.15637282118405305
1,0.12723016472993312
0,0.18265206043727086
1,0.8368615730823356
0,0.14165953606429613
0,0.12680615672614892
1,0.23009279992961085
1,0.8045693847620115
1,0.2520256807832828
0,0.6200927997229868
0,0.17514979221311894
1,0.8817505667808344
0,0.2753721167204406
0,0.12279691677307215
0,0.4986088133681141
0,0.12133909884685151
0,0.16294995133140003
0,0.1239063873322745
1,0.837570747221892
0,0.19322386064410646
0,0.13089237856009256
1,0.6150447189331523
0,0.17514979221311894
0,0.14765873062776397
0,0.17710714257545906
0,0.17525209566771352
1,0.17395789072610088
0,0.7167185575713527
0,0.13257373673437656
0,0.12490240953759331
0,0.12872049330354765
0,0.12723016472993312
1,0.2877375124984211
0,0.1273565291262036
1,0.6101918277763353
1,0.1525500172912853
0,0.11879024420759232
0,0.11520284239277453
0,0.7967933693699956
0,0.11924620322494402
0,0.12114959780538744
1,0.6941778086919532
0,0.11842239339593191
0,0.17092375516002936
0,0.16915550258682088
1,0.8288720097631043
1,0.8755832413812403
1,0.8537030210501034
1,0.16073672265983718
0,0.14877289278711162
0,0.18963522611811578
0,0.11501749343355934
0,0.22495749129230228
1,0.2208670362488157
0,0.16443507770444848
0,0.12695709934794738
0,0.15118110360993464
1,0.11520284239277453
0,0.11856197335297268
0,0.2157023428622958
1,0.40664026481083243
0,0.13138008742090607
0,0.11879024420759232
1,0.13400262312650288
0,0.4921546859358988
0,0.14819035097453118
1,0.17652744600419956
1,0.6820266805659719
1,0.2569985654819644
0,0.11780030671478732
0,0.11735519493088596
0,0.1416763494169478
0,0.13711547715760905
1,0.5173866934888317
0,0.28268324429384606
0,0.13460986522742188
0,0.11735221236970685
0,0.11520284239277453
0,0.1906909346814304
0,0.2833240917919199
0,0.2148547384836148
0,0.20449738897138858
0,0.12028729789244663
0,0.14181933527753018
0,0.11850093035196707
0,0.14349716456523345
0,0.1470018689822346
1,0.6172549259280881
0,0.13873301218566786
1,0.14862376156406806
0,0.1470943886626062
0,0.14641700353355613
0,0.3502103104696699
1,0.7143540323470896
0,0.16338551926800632
1,0.5703910817749054
0,0.12723016472993312
1,0.8582175037099526
0,0.13369903800868926
0,0.2562450152964263
0,0.17514979221311894
0,0.11520284239277453
0,0.26042538808270804
0,0.7325607670278347
0,0.6016135564691527
0,0.21203227290603105
0,0.12904877138473378
1,0.19075526840021734
0,0.1750722952742431
0,0.13211854761034642
1,0.7166925274738346
1,0.7535537274301546
0,0.2012010364431799
0,0.14819035097453118
1,0.7303288763349254
0,0.12543219388372362
0,0.19942793139627119
0,0.5796922884818134
0,0.5873415841902623
0,0.12319646368870438
0,0.1680179665293452
0,0.5364362403178533
0,0.13370899610972947
0,0.20248617997556537
0,0.1651719489851442
0,0.17429467027278528
0,0.22157292820259458
0,0.18086079827729923
1,0.28167681582551174
0,0.126317169183154
0,0.11879024420759232
0,0.11920527260596837
0,0.1516047447551715
0,0.12495018841874721
1,0.23218163640547315
1,0.8319592644646978
0,0.6940746895819814
0,0.14009638224453708
0,0.12133909884685151
1,0.8438676477017125
0,0.1583660951932799
0,0.5232174322283509
1,0.5727616509754805
0,0.14205146536449323
0,0.13097731396962375
0,0.16968856696507503
0,0.22500617605079998
1,0.6577772209990752
0,0.1483287530191006
1,0.7335480235496147
1,0.24662803991268423
0,0.28631884775847605
0,0.11520284239277453
0,0.15068567079478548
0,0.7782247329880884
0,0.259139953496347
1,0.8208886453207297
0,0.15657279177670277
1,0.20194903947671272
0,0.12394278248138907
1,0.7505565517565566
0,0.154819352117835
0,0.11006499726952372
1,0.8451795408370828
0,0.153654513365802
0,0.12737234268052952
0,0.11368037016502759
0,0.17318882082718962
0,0.14295030708911016
0,0.11585115607369206
0,0.1104393091471224
0,0.11368037016502759
1,0.7017105846796713
0,0.1911406710442788
0,0.14506656026047415
0,0.11368037016502759
0,0.1528753984803659
1,0.8652761750134949
1,0.631330569688721
0,0.1400781457879263
1,0.8582175037099526
1,0.5866365795591124
1,0.7505565517565566
1,0.1824176764834028
0,0.21025219604015472
1,0.1418966658029585
1,0.3548466695154064
0,0.14770435012891012
0,0.11898598855086906
0,0.12540589150722561
0,0.1712193683155437
0,0.14506656026047415
1,0.8544184218253019
1,0.736742683705704
0,0.1104393091471224
0,0.24375609467563236
0,0.13020278702374047
1,0.7325607670278347
0,0.32520776984666216
0,0.17647815225591143
0,0.18428996452470622
0,0.1620152200324331
0,0.14071793781131486
0,0.10768829284984907
0,0.10768829284984907
0,0.19987648208155873
0,0.2867525476025947
0,0.13393072348088086
0,0.26098421576619
0,0.12887217468700524
1,0.5080773750153399
0,0.14451237397044336
0,0.17157707072705966
1,0.17414610397350014
0,0.11431631498783146
0,0.2753635691467125
0,0.1592696569800017
0,0.2730303272884226
1,0.19097117060246982
0,0.11906711785946761
0,0.6369357452824205
1,0.7879500564979718
1,0.8126790278107724
1,0.16811655076711984
1,0.7203581278946206
0,0.16239963737603844
0,0.25733045878802024
1,0.7675698975001155
0,0.13544863470819335
0,0.25003024917417027
0,0.18514844855092571
0,0.14991887023768016
1,0.6252924237376039
0,0.14343896502664827
0,0.15515501026928116
1,0.7907160365551147
0,0.1701131697233055
0,0.11520284239277453
1,0.7462341764549698
0,0.7409191025520132
0,0.1524516856379663
1,0.38997473541439276
0,0.1271441830100032
0,0.11160719327364546
1,0.19094045609932916
0,0.17410920226204213
1,0.7461154709654788
1,0.6775555936991661
1,0.8627378849294566
0,0.2661779435542531
0,0.1421750827863502
0,0.11898598855086906
1,0.6298025181495452
0,0.11368037016502759
0,0.14214650088431927
1,0.5664671290441023
0,0.13925059694872713
0,0.17290830398133653
0,0.12033223301179496
0,0.1618759332233971
0,0.14674773807171101
0,0.11676684439221538
0,0.296201109387643
0,0.13278608284588098
0,0.1867926778724044
0,0.1782063394670507
1,0.7454206359181075
0,0.17719221588749043
1,0.5878573432567038
0,0.12662118829549993
1,0.4058873564525618
0,0.13418282792978514
0,0.13999751886531758
1,0.1854586996257558
0,0.11431631498783146
1,0.5542337644229183
0,0.13211236914442945
1,0.5971230133745963
0,0.21664241907068407
1,0.6630885319417602
0,0.10768829284984907
0,0.13682979932575315
1,0.8185314242897282
1,0.1265459784399257
0,0.21260680504970217
1,0.8249657427355018
0,0.15058516226258437
1,0.12033223301179496
1,0.6128024169866363
0,0.17119905429076068
0,0.2530328116191457
0,0.254550234200556
1,0.32667557129516983
0,0.11431631498783146
0,0.12735728707561872
1,0.5835163869555433
1,0.8096501810725298
0,0.16027650561892817
0,0.12772917751247984
0,0.14195338327842502
0,0.15720317532557135
0,0.12283260671301797
1,0.6588557122013684
1,0.7507994676127286
1,0.8142438339922
0,0.11319470208668657
1,0.18044683306655263
1,0.18225614669396173
0,0.11870128175839166
0,0.12318705440922734
0,0.1791387762058996
0,0.1578776260569415
1,0.7199412724566383
0,0.4526668402791798
0,0.17205314359982526
1,0.9049393374674868
0,0.7338118847221142
1,0.6659690078965751
1,0.29466770385873886
1,0.8574712861508937
0,0.1208993805299745
1,0.16639385094888073
0,0.12267778709244413
1,0.8761718077290602
0,0.12182770872892695
0,0.13627050339919408
0,0.20659606481532994
1,0.12279691677307215
0,0.1419119340409327
0,0.6703427719259927
0,0.14917772287084505
0,0.6980898541137305
0,0.6889283005753527
0,0.18361401473667105
0,0.160644876383169
0,0.11520284239277453
1,0.21298751759005746
0,0.12364626290432694
0,0.20683424201203093
0,0.10768829284984907
0,0.1940000379853595
0,0.1273565291262036
1,0.1940000379853595
0,0.4374828396259773
1,0.12746856763867737
0,0.15059999065390373
0,0.14540427941383727
0,0.12364626290432694
1,0.6903817134004444
0,0.11898598855086906
0,0.1254885632566139
1,0.4008808416256382
0,0.11898598855086906
0,0.14474333559556252
1,0.1313585824023266
0,0.1542581408348268
0,0.1374789085613009
1,0.6836862866488977
1,0.7007724342489727
0,0.11752786450830188
0,0.13111877975283195
0,0.7918760619643798
1,0.6630885319417602
0,0.13090927567124983
1,0.2197789828522398
0,0.15577899257648575
1,0.8320376534008054
0,0.17003433959028844
0,0.1294019381529785
0,0.13530320778392813
0,0.18087386042572579
0,0.13914804058404392
0,0.12874115549310358
1,0.16568804111720786
0,0.17770183447062946
1,0.21846618462808162
1,0.7207504986608757
1,0.7368288580012423
1,0.7223483062948148
0,0.1866712949604114
0,0.11431631498783146
0,0.14877289278711162
1,0.7670756214494671
1,0.6865233097836776
0,0.1619740552765686
1,0.14366766392938227
1,0.12721656890224295
1,0.7588634542601945
0,0.13142081445086012
0,0.1225957404192474
0,0.12370258811041118
0,0.14115509887865174
1,0.6640260960738172
1,0.7299330036205357
0,0.12142983531524348
0,0.6470960435193897
0,0.16338551926800632
0,0.12050028065582777
0,0.14762372347206865
1,0.5550341737690432
0,0.1397162406194219
0,0.11431631498783146
1,0.13922747039020164
0,0.26888386668389896
1,0.28374039486119085
0,0.1209059788591794
0,0.20907171738648828
0,0.11520284239277453
0,0.11893436336775422
0,0.11520284239277453
0,0.12198253650018204
1,0.20380250230627345
1,0.8179299455810428
0,0.13097731396962375
1,0.856699107826918
0,0.1403212806263443
0,0.1537795963620022
0,0.11520284239277453
0,0.13487654625901102
0,0.11520284239277453
0,0.14899169728868877
0,0.11761808161886249
0,0.1593493221947199
1,0.8433140760559524
0,0.17460136915463054
1,0.7505565517565566
0,0.22369517636169423
0,0.14922055008348573
0,0.14577060843613213
1,0.8652761750134949
1,0.7060978398759782
0,0.18256441242950272
0,0.13671029467958104
0,0.12131109934691857
1,0.7143540323470896
0,0.11920527260596837
0,0.11368037016502759
0,0.12400890595007787
0,0.3481356349790997
1,0.12695709934794738
0,0.13909155656202166
0,0.9157231643672306
0,0.13092139722482599
0,0.17394627218070322
0,0.11898598855086906
1,0.8149779217316575
0,0.19617122571425755
1,0.31145507260780203
1,0.8114277159688479
0,0.11654622928390355
0,0.22169996732867406
1,0.7177332184725158
1,0.29966262521904086
0,0.12490240953759331
0,0.11879024420759232
0,0.1940000379853595
0,0.17369131952489297
0,0.13518041468075254
1,0.9079590259953358
0,0.1415987336131983
0,0.16000040483281153
0,0.2326549228227516
1,0.6213705284101005
0,0.4205597444537393
0,0.1510525562741218
1,0.745748825249996
0,0.1365057238709677
0,0.12543219388372362
1,0.7167185575713527
0,0.13155137418205
1,0.6428668433871687
0,0.12202039429220468
0,0.1308325705865737
0,0.11520284239277453
1,0.5697714519010086
0,0.13454469455371712
0,0.2622147461422963
0,0.14494166639613168
0,0.17798651089234127
1,0.5979940826829909
0,0.13891350278380601
1,0.13923367509235823
0,0.16355853692395636
0,0.7500840611395114
0,0.12523462001982047
0,0.4459285821650379
0,0.3628587685342499
0,0.13724314203902221
0,0.11431631498783146
0,0.40911584083652497
1,0.7830623826362543
1,0.8160923998994843
0,0.14153097591600983
0,0.13955953240301225
0,0.13658548892916808
1,0.14710822063799334
1,0.8165936221982482
0,0.11780030671478732
0,0.6197401918367486
0,0.10768829284984907
1,0.1940000379853595
1,0.6492494216498528
0,0.13202021428349378
1,0.22217955943115178
0,0.1446401326593782
1,0.6517603647441655
0,0.148281039039767
0,0.12142983531524348
0,0.11520284239277453
0,0.6577772209990752
1,0.12182770872892695
0,0.658908634111522
1,0.2755909431448183
0,0.12182770872892695
0,0.34188116506722205
0,0.12408379545299844
1,0.5920598673421698
0,0.12950818107265885
0,0.5705079271759418
1,0.12555647684141313
0,0.13618048590095852
0,0.12279691677307215
1,0.8443185246641928
0,0.151772925692692
0,0.1462888054557457
0,0.26957053025298244
0,0.11520284239277453
0,0.2714312044741505
0,0.13764629718822954
0,0.11306732266250782
1,0.24057708849812737
1,0.14410980344232505
0,0.2666339735883137
1,0.7814411740419999
0,0.15173274671836307
0,0.12446310292434454
0,0.14838521498586887
0,0.1528295897853236
1,0.700634849411719
0,0.1286697981535868
0,0.15931924619678745
0,0.11898598855086906
0,0.15039183403717027
1,0.8213602395763057
0,0.14392421501757485
0,0.1400781457879263
0,0.12519664821868845
0,0.14595812018963097
0,0.1690928279990539
0,0.7166925274738346
0,0.1397162406194219
1,0.6103170951833135
0,0.11638034410606804
0,0.21368450405214773
0,0.11368037016502759
0,0.1252688951219044
0,0.4813602810507022
0,0.16470646455220336
0,0.47479794344026294
0,0.11898598855086906
1,0.6909695548010547
0,0.17933985579051767
1,0.20307945256263116
1,0.13133398799747278
1,0.16278729370760095
0,0.19847889495895554
0,0.1782811234445217
0,0.11714852135123152
0,0.1467377393596631
0,0.17948638212771578
0,0.2122509835915889
1,0.6645774959510541
0,0.12584500830340717
1,0.13685287058802878
0,0.12378958518738102
0,0.12570574025316902
0,0.15637282118405305
0,0.12033244021171406
0,0.1409304001635347
1,0.7143540323470896
0,0.1421518805724899
0,0.12408252861617186
1,0.8129369631537198
1,0.6772523587424006
1,0.7409695326560763
0,0.13707619692993805
0,0.5801370362385396
1,0.8490887674846263
1,0.7505565517565566
0,0.2008614071260364
1,0.7368288580012423
0,0.13160900399373965
1,0.7899611643327742
0,0.1398695994858888
0,0.1711249161704271
0,0.685154838300572
0,0.18395889214487207
1,0.11975486459677122
0,0.22290471817009913
0,0.18094254426027556
0,0.15090493838514618
1,0.7368288580012423
1,0.17377770130594425
1,0.5482914629002927
0,0.12735728707561872
1,0.2713052553196779
0,0.12033223301179496
1,0.14145593784006577
0,0.12944063222017976
0,0.12670708203711883
0,0.11520284239277453
0,0.14634277149212607
0,0.12947418505619449
0,0.2070080487798445
1,0.6657437075825933
0,0.17514979221311894
0,0.12096826119079716
0,0.12400890595007787
0,0.12182770872892695
1,0.83785422660543
0,0.11520284239277453
0,0.11520284239277453
0,0.14117199931114868
0,0.17488696052009314
0,0.15201480028189235
0,0.12267778709244413
0,0.11803534658395752
0,0.7518183354196877
0,0.12595776446257484
1,0.8535488061379397
0,0.1555460833151036
0,0.14819035097453118
1,0.8225484603961084
1,0.6844236799358617
1,0.685946211813579
1,0.28319799961404135
1,0.3749087528766404
0,0.154348398241418
0,0.14674773807171101
0,0.12050028065582777
0,0.16869769311123697
1,0.14391654982582114
1,0.17765577172149805
0,0.14395085666658236
0,0.11879024420759232
0,0.11520284239277453
1,0.79124819130992
0,0.12942178310922456
1,0.8627378849294566
1,0.1438842150182401
0,0.16804565863310847
1,0.6883048132044883
0,0.12158197702564301
0,0.13951386936118104
1,0.6630885319417602
0,0.13501142866202492
0,0.5678903433472406
1,0.6517193944701605
0,0.12565132585902797
0,0.8114277159688479
0,0.2346750032827006
1,0.47479794344026294
0,0.2624066237793297
0,0.1604279790444213
0,0.1560610071452537
0,0.17514979221311894
0,0.774843903087692
0,0.3004684829860952
1,0.5242699077779919
0,0.17449209284094863
0,0.1429626597751069
0,0.14159017688590034
0,0.13848328424477513
0,0.5968668236940725
0,0.3432814149391706
0,0.14404220550340024
0,0.11431631498783146
0,0.12066616583366328
1,0.35075347647773986
1,0.23899211568281017
0,0.12196520276114015
1,0.5129460643438465
0,0.11879024420759232
1,0.6194530043576273
0,0.12942178310922456
1,0.25189699646066604
1,0.4657334552594622
0,0.13058739853257983
0,0.153906630043104
1,0.1905734275705446
1,0.24426757936543395
1,0.7310775150665282
0,0.2019481049451299
0,0.14652586667846337
0,0.13806748863752788
1,0.7368288580012423
0,0.15287388197248003
1,0.5975803524098218
0,0.1314597133795935
1,0.7368288580012423
1,0.14067495810299027
1,0.8395052042982732
0,0.17378106197692564
1,0.8111323746141845
1,0.14071394876871945
1,0.11849754004573929
0,0.14913739224176578
0,0.14580172670728675
1,0.28374039486119085
0,0.12271925453361676
0,0.6724593491399554
1,0.8708088603875652
1,0.16097867038627084
0,0.11771959099651755
0,0.12999851996552578
0,0.1252688951219044
1,0.6525315717279379
1,0.6366098725425772
1,0.7336400239955588
0,0.20071304967118206
0,0.15464321083089616
1,0.744533305977783
0,0.14159017688590034
1,0.7116151967527493
0,0.14273954378379386
0,0.1242420371684597
0,0.12222296193672201
0,0.2860357527555645
0,0.14551658166339354
0,0.1821528810149284
0,0.11420371796173961
1,0.14451237397044336
0,0.12723016472993312
0,0.1400781457879263
0,0.11520284239277453
0,0.13804644071652666
0,0.14819035097453118
1,0.1626465099520981
0,0.20167301835856283
1,0.20308873930304355
0,0.13220298252424065
0,0.19666600572775103
0,0.11879024420759232
0,0.11044368578941323
1,0.1348384407194843
1,0.6577772209990752
0,0.1423722791916988
1,0.8252405104362164
1,0.7725897335117812
0,0.11663379610983776
1,0.7359014648607696
0,0.6993940269902433
0,0.6101187055050648
1,0.15162912537933979
0,0.1395391475753961
0,0.12506276486685802
0,0.7368288580012423
0,0.1365337938088985
0,0.1591981714883413
0,0.7505565517565566
0,0.7009531219814638
0,0.17026664740557296
0,0.1909704010440948
0,0.11520284239277453
1,0.13005351152078704
1,0.7368288580012423
0,0.11368037016502759
0,0.12278818032379422
0,0.6283262728342326
0,0.15386151572055298
0,0.17514979221311894
0,0.23847218997342584
1,0.6820509620023097
1,0.1305401185288412
0,0.1484236497973777
0,0.11520284239277453
0,0.12704549999856235
0,0.17903206084050716
1,0.6030806521142635
0,0.13048379009060276
0,0.1181757465381733
1,0.11215279199742932
0,0.12267778709244413
0,0.11898598855086906
0,0.16520705411021447
0,0.1954773673261435
0,0.2255669520542567
0,0.13835404790649017
1,0.12942178310922456
1,0.7335480235496147
0,0.6907508825248349
1,0.5110204663069607
0,0.15369641844166368
0,0.2788083280475097
0,0.16263423619286402
0,0.1239256937676004
1,0.2713052553196779
1,0.7293886026881972
0,0.13839694737881672
0,0.1326717610087897
1,0.12872049330354765
1,0.7433168839802277
0,0.12832774925194929
0,0.11898598855086906
1,0.8220968039377454
0,0.11849754004573929
0,0.20582953076765537
0,0.20455642299520108
0,0.30686254136559404
1,0.25675837680057184
0,0.11879024420759232
0,0.1569969594844316
0,0.6082874781020554
0,0.12186175993692239
0,0.1695682882351986
0,0.13351515990629356
1,0.11879024420759232
1,0.7166925274738346
0,0.1234350281457178
1,0.6775555936991661
0,0.12278818032379422
0,0.11849754004573929
0,0.10768829284984907
1,0.8386658497054845
0,0.12131109934691857
0,0.14964141037584136
0,0.12506278544483904
0,0.13618048590095852
0,0.14595447625561891
1,0.24976624584057827
0,0.1252111165632324
1,0.26076464915877834
0,0.33998637620851846
1,0.7507994676127286
1,0.4913478365466993
1,0.1329489167513217
0,0.15240775536728987
0,0.14241287410117787
0,0.1302436020978801
0,0.1313471731484196
0,0.1208993805299745
0,0.13179115592634127
0,0.18920041037649327
0,0.14432253690598096
1,0.13156872471868267
0,0.1237364214875233
0,0.18265206043727086
0,0.15770211914713603
0,0.19120324904549515
1,0.727948378869331
1,0.7529143887358779
0,0.1209059788591794
0,0.13100565916239135
1,0.7094138112357441
0,0.15173274671836307
0,0.12682575086551254
0,0.12680615672614892
0,0.1375873716943372
0,0.12198078110908578
0,0.11995409854635822
0,0.7454206359181075
1,0.6924771377521665
1,0.755564862194879
0,0.15626744036178722
0,0.2070287305685507
1,0.6665614333897293
0,0.12114959780538744
0,0.12792630739209257
0,0.1419521141766932
0,0.11879024420759232
1,0.22763780005803058
0,0.1168983296799943
0,0.23617990749813592
0,0.3865198009693243
1,0.1665232915978045
0,0.1307688896465797
0,0.7589553849927119
1,0.7368288580012423
0,0.13470236978332029
0,0.11032788395750026
0,0.1208993805299745
0,0.13524627441647957
0,0.12560119916780166
0,0.11605370033710244
0,0.18854199390366158
0,0.17313169851462465
1,0.12944063222017976
0,0.21105463651422945
0,0.13011488377312536
0,0.8411296640557433
1,0.8190659885425587
0,0.12394278248138907
0,0.1291254580829913
1,0.12702457789323657
0,0.2580403453531897
1,0.40376725318227025
1,0.5051491158517931
0,0.12441033858328647
0,0.15287388197248003
1,0.6630885319417602
0,0.11520284239277453
0,0.1144607245716152
1,0.2048503833234634
1,0.13487654625901102
0,0.14819035097453118
0,0.20024309320181238
1,0.3173864394133862
1,0.17211727170206062
0,0.11520284239277453
0,0.17967880238275347
0,0.12793606881967962
0,0.12408252861617186
0,0.15590224659893848
0,0.1559403549777462
0,0.13804644071652666
1,0.6695476259532835
0,0.126173583806684
1,0.1287802660991018
0,0.6341744269219132
1,0.2805786768146446
0,0.6004931298549919
0,0.13715740993541567
0,0.18072523220773262
0,0.1104393091471224
1,0.29574968022100545
0,0.20296621234844747
0,0.607685553143288
0,0.15469509488243935
0,0.19184807799354056
0,0.6898200937597458
0,0.19993584814264162
1,0.7273618947394642
0,0.12050028065582777
0,0.13158336025406997
0,0.11898598855086906
1,0.8237734135466361
1,0.22305557900232448
0,0.14165953606429613
1,0.5568079209055917
0,0.11520284239277453
1,0.5242699077779919
0,0.1766278532461434
0,0.11780030671478732
0,0.14143159691539847
0,0.11850093035196707
0,0.19491810000889273
1,0.8627378849294566
0,0.25743915608537304
0,0.10768829284984907
1,0.41763523697160376
1,0.8302538772469028
0,0.12033223301179496
0,0.18160045547976816
0,0.11967441859183936
1,0.8157855563315811
0,0.15823394330544943
1,0.4813332910579141
0,0.16109193419915846
1,0.1421518805724899
1,0.12922457079357222
0,0.11752786450830188
0,0.12364626290432694
1,0.546740439270587
0,0.11431631498783146
0,0.11520284239277453
1,0.7325607670278347
0,0.18420882702209163
1,0.11674213742449324
0,0.12485525707475771
0,0.18992424036588434
0,0.13445433345849336
1,0.5373625593201714
0,0.12406204198230561
0,0.11780030671478732
0,0.2041212969170994
0,0.1550784549941174
0,0.11319470208668657
0,0.17582950244694442
1,0.8411296640557433
0,0.21743876884701238
0,0.12903837118491218
1,0.8368615730823356
0,0.1403615043361317
0,0.11850093035196707
0,0.29091878571113916
0,0.14605636256635401
0,0.16338551926800632
0,0.23035327553794244
0,0.26519441838433017
0,0.13235955534895355
0,0.11793930467362017
0,0.1832850205172122
0,0.1558673153636405
0,0.1465826755001191
0,0.13529424244181001
1,0.6787505943566599
1,0.30318042190026245
0,0.16478841956261406
1,0.15697606101921488
0,0.12271925453361676
0,0.11975486459677122
1,0.5377220582237662
1,0.8316350630011394
0,0.19672494631243945
0,0.13169692868351174
0,0.11790660061997789
1,0.20316145375786127
0,0.16965859217272317
0,0.11431631498783146
0,0.14912701202382167
0,0.12359935447101494
0,0.19449717376756642
0,0.1257124366290259
0,0.1572062443654971
0,0.7494695638003065
1,0.6202726540530278
0,0.2538587411393226
1,0.7741479405938452
1,0.11520284239277453
0,0.11520284239277453
1,0.9014093473003285
1,0.7409828133930093
0,0.12490240953759331
1,0.15514091119604523
0,0.24482802553431454
1,0.15464715153273823
1,0.2829085696530524
0,0.13524627441647957
0,0.12133909884685151
1,0.759690214843406
1,0.16355853692395636
1,0.7336777881084964
0,0.20734241760850358
0,0.11991522354254557
0,0.16869769311123697
0,0.11520284239277453
0,0.11898598855086906
0,0.11879024420759232
0,0.1154867911508221
1,0.8627378849294566
0,0.18018150885141523
0,0.11520284239277453
0,0.13538801040915538
0,0.13759521549272566
0,0.7438238434277985
1,0.7950843693756195
0,0.15605695516024104
0,0.11879024420759232
0,0.15386151572055298
1,0.41942748620964565
0,0.11900217008140027
0,0.1828427066724755
0,0.11520284239277453
0,0.1791387762058996
1,0.2668693388857705
0,0.20913282294652516
1,0.16093969558592058
0,0.11431631498783146
0,0.18936398555264894
0,0.14947225733506134
0,0.11613860613331314
0,0.11879024420759232
0,0.11589166425543836
1,0.8495144524568782
0,0.16338551926800632
0,0.12267257861128367
0,0.11520284239277453
0,0.12884456186045326
0,0.15683634391581894
0,0.2545733796223207
0,0.12033223301179496
1,0.5797316429488925
0,0.15212278051206754
1,0.4529011375511294
0,0.2146492938100816
0,0.12319127848515914
0,0.11368037016502759
0,0.11520284239277453
0,0.14325022268808263
0,0.11520284239277453
0,0.2880146167875044
1,0.4864782217347827
0,0.12523462001982047
1,0.6199886562605627
0,0.15904545585996452
0,0.11520284239277453
0,0.14008423261651584
0,0.21913184030347443
0,0.11431631498783146
0,0.19693242559709034
0,0.5366167509145446
0,0.6091700067004477
0,0.12707178491621945
1,0.27413130999347746
0,0.14395085666658236
0,0.4889007404339887
0,0.18491562019249355
0,0.12408252861617186
0,0.11520284239277453
0,0.11906711785946761
1,0.6787505943566599
0,0.12573528879599957
0,0.7368288580012423
0,0.8073939880664152
0,0.18426383482893777
0,0.21979478506120675
1,0.6414896136227486
1,0.2106495154195474
1,0.15084932318451352
0,0.23509741700321138
0,0.12664436371575322
0,0.1477449675789414
0,0.11431631498783146
0,0.137711120318503
0,0.17972237754562187
0,0.11368037016502759
0,0.13285477076898786
0,0.5516840912804101
0,0.1376982334553455
0,0.5500712593201341
0,0.12359935447101494
1,0.6435594910909714
0,0.12202063808745083
0,0.1626946453232152
0,0.13038207712519795
0,0.13703329304113931
0,0.18789798046494524
0,0.11898598855086906
0,0.7368288580012423
0,0.139540658716784
0,0.12294166422253687
0,0.1992576429636166
1,0.13673943115126583
0,0.13777508604377534
0,0.6337788048791699
0,0.12182770872892695
0,0.13848328424477513
0,0.15969802756372806
1,0.8544184218253019
1,0.8627378849294566
0,0.11879024420759232
0,0.14837331190460773
0,0.5232174322283509
0,0.11520284239277453
1,0.8065710032743519
0,0.14143159691539847
0,0.5804905371852892
0,0.12868198494602207
0,0.12850201878695441
0,0.1404488214211634
1,0.8272940924101124
0,0.22156691182291416
1,0.13226695658555107
0,0.11520284239277453
1,0.5738806223087226
0,0.12195628890324169
0,0.15466796674662364
0,0.11898598855086906
0,0.6011686745376421
1,0.7254195580673312
0,0.1263537353531942
0,0.3440287612095922
0,0.13507344136146007
0,0.4097185378405362
0,0.1560610071452537
1,0.5551840521806178
0,0.11906711785946761
1,0.140818880485247
0,0.5486520622426277
1,0.6825214106571851
0,0.13804644071652666
0,0.4109675669016613
0,0.11898598855086906
0,0.11520284239277453
0,0.178437625067058
0,0.13287266444671747
0,0.14212853109353427
0,0.11520284239277453
1,0.21379431352743902
0,0.14535109291758783
0,0.11875810111245405
0,0.16608274019895022
0,0.13110531247519194
0,0.12475522108475366
0,0.11714852135123152
0,0.5568079209055917
1,0.11520284239277453
0,0.13657330730783734
0,0.7235003261311442
0,0.6874358870148504
0,0.23279785271181677
0,0.13133398799747278
0,0.13183193207763796
0,0.21515593741009198
0,0.14964141037584136
0,0.12845632396140402
1,0.17078436786754536
0,0.22469456491308248
0,0.4150229498759759
0,0.11893436336775422
0,0.13858502319613117
0,0.12729614907930906
0,0.15701638450973276
0,0.1168983296799943
0,0.11520284239277453
0,0.18920041037649327
0,0.12983423120233176
0,0.12587145142716014
0,0.1449305919763185
0,0.11520284239277453
1,0.8267287516266872
0,0.14360303227359536
0,0.12984151423759738
0,0.18977407390778075
1,0.37875072152756684
0,0.13116702557911283
1,0.6820509620023097
1,0.3730729557847431
0,0.14068761085316642
1,0.14877433653407465
0,0.20654118562581514
1,0.3567858205077634
0,0.11520284239277453
0,0.15524067901586375
1,0.18816721462014388
0,0.11672105046692877
0,0.1430951770764615
0,0.11898598855086906
0,0.14457611340382984
0,0.13133398799747278
0,0.14469394391259452
0,0.19229022535047866
0,0.12361332293208088
0,0.1596871918804527
0,0.14495893300347834
0,0.11520284239277453
1,0.5193751005350108
0,0.1400781457879263
1,0.7188657255201765
0,0.163777326318513
0,0.7167185575713527
0,0.13254580625871756
1,0.8425963060987698
0,0.9079590259953358
1,0.1270724320279239
0,0.13090927567124983
0,0.12867503623636112
0,0.12182770872892695
0,0.11368037016502759
0,0.16764409753363135
0,0.14601941460315151
1,0.13445478822957244
0,0.13802929239276104
0,0.16913474383399946
0,0.23955303271283368
0,0.12560119916780166
0,0.4084914906588926
0,0.14029509166665224
0,0.1302957574936756
0,0.13365894350161486
0,0.12394278248138907
0,0.13833366976657127
1,0.21314275562278076
1,0.134551173728245
