target,prediction
0,0.016440019671836944
0,0.2978004387405245
0,0.10583118184501349
0,0.022417120757229757
0,0.01435921626281561
0,0.31669780582946505
1,0.0831276340565207
0,0.5916820968672936
0,0.1591660525517771
0,0.034449581073588614
1,0.8906830873360954
0,0.015065682394983761
1,0.133831064042856
0,0.18825656585315914
0,0.0836906785365895
0,0.18794266299831391
0,0.015283252182995068
0,0.06902217184915348
1,0.8959678694167476
1,0.9435443613429298
0,0.058895175120716015
0,0.015519864241610627
1,0.17802973275520526
1,0.906278943445065
1,0.844288942789074
0,0.9037988388521768
1,0.4029914405033734
0,0.043344653390906304
1,0.6454686350927497
0,0.009500971118652142
0,0.04830185162350455
0,0.009886114523249466
0,0.028210698469262708
0,0.1251138082778778
0,0.07177404607432931
0,0.31266829047088374
0,0.01970574389279001
0,0.09050102588289347
1,0.7771199720571642
1,0.6489466615018766
0,0.2581565772493848
0,0.7307806314405734
1,0.8767696331109613
0,0.13194919408046488
0,0.11618799937703594
1,0.6445693887269233
0,0.06950145406151968
0,0.036446999425612275
1,0.8545013380439722
0,0.16874367490615996
0,0.03519379447048939
0,0.08950660219437319
0,0.005741140488326078
1,0.33370300337144715
0,0.044855352004992986
0,0.01193115759263201
1,0.7842724517528556
0,0.18345567295534335
1,0.8063096724179402
0,0.0365997579768197
0,0.0434952711919297
1,0.42273819937132634
0,0.13953517217412298
0,0.29367996759627896
1,0.29593132007993134
0,0.037982998487207056
1,0.5960889786985614
0,0.23640645025715937
1,0.3455727808024619
1,0.7724159821933212
1,0.8743951060235857
1,0.1444918881837463
0,0.03173688069134011
1,0.7904274997721394
0,0.046209413299769936
0,0.09687797828202337
1,0.980674001138482
0,0.12190423109183812
0,0.03246450967867345
1,0.8691157375429348
1,0.3714467987951691
0,0.014246800037484793
0,0.061467552948625645
0,0.2072843185185926
0,0.5204672751620794
0,0.027694728428956098
0,0.041161939707736996
0,0.09810608181680847
0,0.84685736810036
1,0.9751966745322518
1,0.8766349708372865
0,0.01577558531038334
1,0.7997163296114548
0,0.004996698269902397
0,0.028246294446575494
0,0.1735228252026157
0,0.15794297131516588
0,0.3222097916920353
1,0.7673210232400434
1,0.752326868672272
1,0.8537457155298281
0,0.03661616536301499
0,0.12531031472460055
1,0.8368312157938663
0,0.02101060398669781
1,0.5396708840961125
1,0.9244042479763256
0,0.00895305778965528
1,0.5793941428976641
0,0.3154698723056461
1,0.9196805070613285
0,0.28875358627581327
1,0.720871353368441
1,0.9436952932422732
1,0.8426715714898497
0,0.0311980833732319
0,0.04097774031847443
0,0.2167748993949896
1,0.6516082407371775
1,0.8733769252319853
1,0.20070578687154034
1,0.6851405152851521
0,0.046733201091941116
0,0.03461318992634727
0,0.0211317939326224
1,0.9658698394228628
0,0.009659353218514846
1,0.2458176808821856
0,0.021686179175751937
0,0.023293420430073715
0,0.26053615475979713
0,0.03132110720578493
0,0.5389235600962441
1,0.8774855932456284
0,0.0947003398409128
1,0.784220369936321
1,0.9034821282900372
0,0.1537813064918085
0,0.04149969304185699
0,0.38715536887977403
0,0.06561202680922733
0,0.44341436589106553
0,0.04166136651804788
0,0.01853761973949947
1,0.8610241783484173
0,0.05480366949382607
0,0.1514168096061267
0,0.011550807995334585
0,0.019577306648178215
0,0.4880560428422238
0,0.0363730465335471
0,0.1407054006789276
1,0.24904321159231335
1,0.6850460649387097
0,0.042304745901696784
0,0.04559052756690875
0,0.4127444462148446
0,0.024561684825097466
1,0.5091425537197343
0,0.03217932424503651
1,0.553528520708007
0,0.0827150859008202
0,0.013721605264495552
0,0.10269203973925152
0,0.7288580555055825
1,0.14557492922798576
0,0.11689759310471474
0,0.06580939766247684
0,0.013007979387570007
0,0.4081735730600958
1,0.9067806044663891
1,0.4333053362860482
0,0.05676344470008777
0,0.01390080776208559
1,0.8249137681666627
1,0.5195864628691033
0,0.30856763655963415
0,0.04235506582096526
0,0.022862152999846702
0,0.17322817055176346
1,0.7684653797571236
1,0.7682103216485994
1,0.9524310928617524
1,0.9451713537109799
0,0.00979793870060511
1,0.964408495125214
0,0.050643464518179505
0,0.04553310462678854
1,0.8375090867133349
0,0.14924102447785276
1,0.7787905298609451
1,0.16517003991851412
0,0.05570201383658755
0,0.1414831680030078
0,0.049729480931416346
1,0.7836376684192594
0,0.23419628392808176
1,0.3219196426706321
1,0.7818001349251447
1,0.8478478895807636
0,0.1391258746129311
0,0.034270025187017376
0,0.017231471438861876
0,0.08520093195047082
1,0.78073991779564
0,0.189112080723643
0,0.03450198462788368
0,0.017506578120044445
1,0.3364580511979641
0,0.0325710181201982
0,0.11638792046586276
1,0.18424033360011996
0,0.028367838978136543
0,0.08274342763932618
0,0.010815577738789932
1,0.4635219652344407
0,0.7555383096675083
0,0.00466683624879599
0,0.5892385675101041
1,0.5962295707763029
0,0.028081951014247347
1,0.03175651968250931
0,0.01028649888051141
0,0.03470482292255869
1,0.7980770289984316
0,0.18822401016606408
1,0.816114062807868
0,0.07880496230723161
1,0.9343456939667619
1,0.16431547161217214
1,0.9040317922535515
0,0.030531714669478755
0,0.041660778605796894
1,0.1386170062506272
0,0.02429848430851552
1,0.9060435740352663
0,0.20679038971165828
0,0.015677497883618656
1,0.7050560441172065
0,0.7008229105749009
0,0.026632274143767207
1,0.8631562011307812
0,0.028775110716428343
0,0.12623510237081118
0,0.12033280188486982
0,0.005087300763403201
0,0.41154537486026693
0,0.011342870355698973
1,0.9173273985402282
0,0.019712316199502884
1,0.4797862105526231
0,0.30403028331570503
1,0.8361082678678906
1,0.9583706677407691
1,0.6288082602861756
1,0.7385425191705638
0,0.4861916732344467
0,0.011501378531484805
0,0.6245363183905153
0,0.024735452540949353
0,0.6379385262037035
0,0.10749899568966828
1,0.740689358723883
0,0.052624174037475935
1,0.7573579763853536
0,0.006322246984183912
0,0.009473419921205296
0,0.7241893187268609
0,0.033332301973629117
1,0.5061228785521391
0,0.020070112120987835
1,0.8308726575811103
1,0.8311334249072178
0,0.09352344872013843
0,0.014771892678409573
1,0.8387193197177262
1,0.9232425052942048
0,0.49607410070139635
1,0.8581395289075465
1,0.9577696828313506
0,0.03351769269136345
1,0.7100539840977859
0,0.0031657609756393203
1,0.7155689958725292
0,0.030603905706170515
0,0.03264273347390973
0,0.3163013516766127
0,0.13830164050062393
0,0.04511956223643707
1,0.8622827427598393
0,0.06231116991775665
0,0.032054656935812956
0,0.5958614679005647
0,0.48177051877994403
1,0.880999897632014
0,0.003969305080196577
1,0.9724455803064089
1,0.958508068508696
1,0.8833598701159475
1,0.971818058738969
0,0.3348228295182193
0,0.04011842662267981
0,0.012517929448307291
0,0.5239995098504057
1,0.8381976653302176
0,0.14215109744830157
1,0.7019948989977967
1,0.07868009141523266
0,0.03637582723181095
1,0.8555770452581212
0,0.04509367661579621
1,0.8907551627769354
0,0.014932948557501907
0,0.006873325938727377
0,0.0630560969206043
0,0.04865765636827019
0,0.41792748526032764
0,0.1286544499378844
0,0.08549262366399765
0,0.046250598760864535
0,0.08118695817644037
0,0.052298545697080194
0,0.02175984121470913
0,0.017412318188857304
0,0.27633822704514555
1,0.8802891886252532
0,0.016403121505280317
1,0.8192869211789804
0,0.020137418122981043
0,0.029808357442073687
1,0.7962336254125534
0,0.6718232994264163
0,0.04197416117540887
0,0.022394956624585002
0,0.25963779635936474
0,0.06313421010920134
1,0.5047303875022932
1,0.7081261767215205
0,0.30944542660527957
1,0.8861834977387842
1,0.16133656668560475
1,0.9306629348406779
0,0.039984468937283864
0,0.020752590085640676
1,0.791747678645071
0,0.017848356566778658
0,0.5165509515878394
0,0.4824004729123294
1,0.6303091110382412
0,0.030124955753754505
0,0.0042363879017088876
0,0.06022789687965298
1,0.541153125348332
0,0.021400241674849284
0,0.21482275662995767
0,0.2848936531653895
0,0.1484542323989951
0,0.08758094003303005
0,0.805137893765524
1,0.3965321330573247
0,0.18538657994565447
1,0.9761031057412055
0,0.007281523706000719
1,0.1963312640962303
1,0.8509319422067447
1,0.9661399338624327
1,0.8943250589717774
0,0.29038471496906415
0,0.023148015760035102
0,0.15304223318019944
0,0.049683284424674616
1,0.9000951752852301
1,0.3379029275864585
1,0.2214728744977554
1,0.867766428208283
0,0.31440959141992075
0,0.7682285974502325
1,0.6556697750866709
0,0.2864705125296997
1,0.4965609411665034
0,0.05675578551675297
0,0.04991574325303493
0,0.06563197670759169
1,0.7076381834795259
0,0.11341225155870122
0,0.016495972819864285
0,0.061671989361420494
1,0.9458559638811568
0,0.06958481444648518
1,0.6724869996580056
0,0.008325174082017965
1,0.8132532705468333
1,0.9931983959544946
1,0.7086456352561464
0,0.014586215335422465
0,0.14152183139497285
0,0.4872025523669365
0,0.06370028100615574
0,0.12213672534560437
0,0.17897219313220833
1,0.9200436541327989
0,0.07626562235971447
0,0.32378613137433526
0,0.2834174113565267
0,0.052447070625003575
0,0.38730149210057985
0,0.17137888340884122
0,0.9120230152094817
0,0.5401945408137133
1,0.797900981899281
1,0.07913373479205185
0,0.3652301675064281
1,0.8390637767312932
0,0.03837691941778701
1,0.935952874463785
0,0.028815500003100895
1,0.7104431881876323
0,0.027551698869167716
0,0.28004233090544584
0,0.3449438582350669
0,0.13951797628603116
0,0.34598725521976603
0,0.029389231588647775
1,0.8560793716207881
0,0.007840265079764326
1,0.9437368658032816
1,0.8647728207832701
1,0.7049432599055587
0,0.9256809765997758
0,0.006483534256019147
0,0.1540488689600028
0,0.0143300482691959
0,0.009513339845464264
0,0.007684229578579371
1,0.9604808083168466
0,0.11028172166809043
0,0.03457970073803783
1,0.4495658735026716
1,0.9144244878839002
0,0.34417775006886236
0,0.27226876285715984
1,0.5043292873503196
0,0.0760796020353861
0,0.3609462587474193
0,0.08727899030422943
1,0.9257017497995931
0,0.015689225500937955
0,0.1155915034393939
1,0.8477823929923656
1,0.1297703983201064
0,0.059431450558443386
0,0.6723099549444527
0,0.010957492896095681
1,0.7652833334228404
1,0.7893679960965393
0,0.41154537486026693
0,0.017549533531001478
1,0.3783447093079351
0,0.011696812853538525
0,0.035331806409966776
0,0.05226382787172094
0,0.03517404303796837
0,0.2092523606395725
1,0.654368709821446
0,0.4120315845309856
0,0.16370697145081198
0,0.5750092916795643
0,0.17183128777760437
0,0.0783294582141483
0,0.9593429058006693
0,0.20474555660137883
0,0.7738598205990241
0,0.04955974636332415
0,0.42304049679057537
0,0.008084217058352244
1,0.2018375163760618
0,0.03102701288272568
0,0.0791989361446552
0,0.40641813761211404
1,0.9351331876942973
0,0.005727527276844761
1,0.23273936734734849
0,0.051516041115840745
1,0.8747293148186364
0,0.017433955408884604
1,0.9297956872486365
1,0.6445027184511214
1,0.7801688052667515
1,0.19640373470310796
0,0.15196957165196284
0,0.05701843016404221
0,0.05637668402462079
0,0.00736169121232767
0,0.16947615947847425
0,0.00391475079127819
1,0.9081115743553093
1,0.6274854777826425
0,0.01327404780780644
0,0.034987891649577836
0,0.24367775914975762
0,0.030040848463088188
1,0.5956351446072026
0,0.20521197951115686
0,0.06283711603462172
0,0.08640597655042184
0,0.018237758423946985
0,0.012540582922684838
0,0.4681472372920552
1,0.8187053930014125
1,0.31005402338856625
0,0.06373164131590416
0,0.03987230051402384
1,0.8435264785230335
0,0.2058124447009021
0,0.04627791142235043
1,0.46318746593865423
1,0.23333521690642808
0,0.014675180538404296
0,0.23928673442163703
0,0.09290299862264814
0,0.1663037523909342
0,0.6511448977154156
0,0.17477424856317755
1,0.47712045620331855
0,0.20859856743629018
1,0.710731005896191
0,0.0063799489603799855
0,0.13834491461207535
1,0.2715069772292548
0,0.008530842873216102
0,0.04012989495175632
1,0.12491298254751095
1,0.843991427213579
0,0.029042717804223683
0,0.16233642353474265
0,0.031470572376339975
1,0.9681209147024517
0,0.019985141204359954
0,0.2515602747779303
0,0.009049768939007552
1,0.4534175575102398
0,0.9282938357266652
0,0.09388192477672448
0,0.01941392516560434
1,0.9051906066425072
0,0.0375689903834445
0,0.3468480270343855
0,0.019889347699964345
1,0.49843488567990135
1,0.5122294901139802
1,0.6852515114409126
1,0.7132721053093162
0,0.013553529858504451
0,0.03925659735618891
1,0.9394526813832139
1,0.8849590632117105
1,0.9498207158220614
1,0.3069080333095066
0,0.9012416811114817
0,0.1385065148801737
0,0.1487184298357706
0,0.041241968790548755
0,0.027240058988450947
0,0.11319904755734397
1,0.7967737972936446
0,0.016660336654275656
1,0.923983391415397
1,0.6399059004603173
0,0.5303261250787643
0,0.010753331935166281
0,0.05036719595391392
0,0.7881803019961101
1,0.8782837710795384
0,0.017589417460421388
0,0.16638252003859202
1,0.5061918470546705
1,0.8703649623415556
0,0.030642403510812273
0,0.2668338923038988
0,0.010380626452543446
0,0.12708885245406235
1,0.9223992061887026
1,0.6808005535862238
1,0.3771909547042653
1,0.8825526481846967
0,0.0844161044999397
0,0.04962917263271318
0,0.040201817872144795
0,0.8273606604496019
1,0.3919668025411232
0,0.0407518550065293
1,0.91867023486895
0,0.3084868942694067
0,0.019651709231031135
1,0.6283449559556422
0,0.02211231719036906
0,0.030380873488657867
0,0.12458547425172137
0,0.07674067698015632
0,0.1485239504860004
0,0.007393266149911468
0,0.06153528944528748
1,0.6404659597219585
1,0.36851241065943113
1,0.1192337882991854
0,0.020985199481096208
0,0.714536585166823
1,0.5277665042492712
1,0.08512245636263918
0,0.01130577867829589
1,0.8409274884303894
0,0.23160971423267238
0,0.3362336341037717
0,0.006970967358114941
1,0.15853243343227091
0,0.3124087657528493
0,0.007954252759187257
0,0.21884398115029854
1,0.9719318824455312
1,0.8597091249483492
0,0.4408915600786962
1,0.8343112855097119
0,0.004820876347320505
0,0.5360031487350079
0,0.5277541039637192
0,0.32342987310109944
0,0.18182690346716235
0,0.8538142947771532
0,0.6234998857610099
0,0.14349344745120804
0,0.043319022991754
1,0.5120589744110292
0,0.011041212071178358
0,0.06964063633045933
0,0.08657071693329593
1,0.9234983105754905
0,0.5299633753049494
0,0.04197789063410038
1,0.8590582694921071
0,0.2000852978814471
0,0.13878262016067058
1,0.9141059543963906
0,0.012778789575921224
1,0.46235391116846614
0,0.22291570801177615
0,0.17829352904263274
0,0.024702799833136394
1,0.07768811700157323
1,0.9593700707624445
0,0.0855505313371973
1,0.8232123524646657
1,0.7097512662565045
0,0.11284973900880471
0,0.023904071120923184
0,0.2545862664566607
0,0.8256282392423302
1,0.19609061319185386
1,0.9341604556249414
0,0.08810224124006574
0,0.16654499565383787
0,0.01697955317132227
0,0.08089518582893349
0,0.02743689150405343
0,0.4718608602856308
0,0.5702763810273512
0,0.022793575935390956
1,0.7611316345177522
0,0.24318149478638823
1,0.888802831593123
0,0.004412937325844214
1,0.981424196464116
0,0.021452711463509397
0,0.007661446587273564
1,0.9293571092308602
0,0.010164542070647261
1,0.917201453583103
0,0.8047794410330557
1,0.9694186138350405
1,0.887753096166361
1,0.8203389540685211
0,0.05874180484443905
1,0.11873085001811438
1,0.8571745543635182
0,0.003730089469851057
0,0.232593266688772
0,0.08875069414488956
0,0.003070474052321889
1,0.9455883436693594
0,0.0028959132770997468
1,0.13871370427728558
0,0.37765076083292554
1,0.7581000721449995
0,0.013560744317153426
0,0.08898715016929316
1,0.49617840291834286
0,0.15884583837560373
0,0.07986982550360325
0,0.027796275628146752
0,0.022574234209267022
0,0.19733957765920507
0,0.24421773418823267
0,0.13646569840114642
1,0.2682224660952435
0,0.020747395561057057
0,0.6743232065977921
0,0.04415027856200886
0,0.01266384058223555
1,0.3298544379996406
1,0.911645104915202
0,0.09693108823998817
0,0.10746653493699831
1,0.4481613068426746
0,0.003366147302266785
0,0.053641477645849076
1,0.7725492261508291
1,0.8130482961035692
1,0.8047797052312968
0,0.21921071025276273
0,0.6101421668026561
1,0.6857680641572929
0,0.07854610689999006
1,0.48159653827273285
0,0.08950150347017446
0,0.06996381350396841
0,0.0184963894810843
0,0.12492816114544936
0,0.1370951676886021
1,0.173940105464509
0,0.03431580159220244
0,0.07364672789323155
0,0.19827008158042345
1,0.8729908942259619
0,0.04373653218405373
1,0.8025843634817318
0,0.05948115295042283
0,0.42761067772711125
0,0.046059011639648574
0,0.13756757649652707
0,0.06342887882201888
1,0.1827930132059404
1,0.8506727961889023
0,0.029257916249870477
0,0.03933081865121308
1,0.6282105688181245
0,0.7755466651051744
1,0.9515264874812338
0,0.32621440886422287
0,0.013828550367751744
0,0.3213509745894808
0,0.1185573582966359
1,0.13499464933757546
0,0.1044004324515805
0,0.42992551092446685
1,0.36669313107849044
0,0.5998520765952918
0,0.05369849020769657
0,0.651648865587026
1,0.9402578004665655
0,0.017496277020723372
0,0.8405559164719391
0,0.016310606325541013
0,0.025815580893222737
0,0.047674592070225695
0,0.06548794105129377
0,0.050056318408955386
0,0.06284085979838806
1,0.7334538800747251
0,0.01019252980307146
0,0.3161493306699656
0,0.013999072080541715
0,0.4313057382709524
0,0.1868115768487964
1,0.8771748512526921
1,0.8200602000949954
1,0.9391919641341454
0,0.5847655853403769
1,0.9237137037258494
1,0.8579138721997359
1,0.6478743921890419
1,0.8102470661611346
0,0.6057391212768898
1,0.8432165685623009
0,0.0285986110064706
0,0.039005050189173884
1,0.8281529067399195
0,0.06527551686357681
0,0.0171057788334539
1,0.3292224822132908
0,0.22519334435691965
0,0.023778204490529562
0,0.009117870528741665
0,0.02891325799343804
0,0.9074401909134289
1,0.9159156431271095
0,0.8919804208495458
0,0.05157838521551845
0,0.048529017052294184
0,0.8206423396329394
1,0.9358866376098449
1,0.2873906209021655
1,0.5055750431313091
1,0.8363324916217905
1,0.6480469689988784
0,0.33874684664745586
1,0.173140599495607
0,0.10562036419807108
1,0.658574770763029
0,0.11435082204001132
0,0.11775268135108818
0,0.13837535775327134
0,0.48341971278575885
1,0.9806369196700352
0,0.06618332196925657
1,0.7741112038609557
1,0.7325780480917613
0,0.9042103772641903
0,0.11487650529570234
0,0.7415904426124266
0,0.13101407834555812
1,0.48639992980233526
0,0.046815747783992154
0,0.003519395102502245
1,0.8199267507815087
1,0.8768521758239642
1,0.07284185801127246
0,0.060747257892564376
0,0.09541920656375794
0,0.2564680165758808
0,0.5263836870306328
0,0.03386265822965335
0,0.16875464271953117
0,0.053247857845101935
0,0.08839619153138983
1,0.5998770820117648
0,0.009310325351814582
1,0.39622790631494914
0,0.31598481541163476
1,0.9139133373874718
1,0.854677660172574
1,0.8852988695745868
0,0.009263050162655048
1,0.8694554016792548
1,0.957597359883907
0,0.019332514802194882
0,0.03318624887727632
1,0.507699050641815
0,0.6356849641561702
0,0.00587037779093918
0,0.014181802197618033
0,0.05209099424743828
1,0.8225107353062117
0,0.6083252612294924
0,0.3613388705292881
0,0.02264348111158934
0,0.05035126498638525
1,0.48367777558657893
0,0.2648893406291498
0,0.16223493722332813
0,0.020908121931849044
1,0.8352262031330204
0,0.4107631371724578
0,0.01748342620024881
0,0.012815586885656859
1,0.06836614199924672
1,0.6999294451785214
0,0.00523295011461428
1,0.47344220825401145
0,0.027500091914488274
0,0.46466269882715083
1,0.9480876559645068
1,0.8333187761671829
1,0.7782532912857858
0,0.20695663031501352
1,0.8314739851826465
1,0.9449245697815323
1,0.20665002320896847
0,0.17840665502658398
1,0.31503678832984305
1,0.9552403412157277
0,0.020237127368364402
1,0.8570507838287686
0,0.1807546120978035
0,0.045721696850134996
1,0.7774505034840582
0,0.7828115336876473
0,0.07171924202607784
0,0.15283505304562653
0,0.10236106337975175
0,0.02855564470688279
0,0.07610169587156061
1,0.7281818008372541
1,0.9231113526829433
1,0.8898822623816882
1,0.7120492715779331
0,0.010469539277744104
0,0.017376488333912934
0,0.09467337488377082
0,0.017368721883975393
1,0.10135938504572273
0,0.042663033999682236
0,0.017295870681923932
0,0.06193229261936971
0,0.014361612036927462
0,0.2357606167118963
1,0.9355127085895966
0,0.34531395789228186
1,0.9569205332084425
0,0.041147809894587835
0,0.19716608908994127
0,0.02598774783900048
0,0.8200238046869838
0,0.07182632238766423
1,0.844444284418684
0,0.927142942665722
1,0.7556241823601356
0,0.03430183226568688
1,0.8801997122485061
0,0.009498134394889331
0,0.12887154736714646
1,0.903877795513988
0,0.21398230823231076
1,0.7337353288293195
0,0.5890463771912153
1,0.6830400638430012
1,0.6312143915101577
1,0.9559874527146387
1,0.12806247071048402
0,0.10384416718915715
0,0.3133812279293821
0,0.07266230815623019
0,0.01640622903022281
0,0.09935938802304872
0,0.1141987182725376
0,0.4486206653036114
0,0.2086397211901414
0,0.2733884809741476
0,0.04254161873436202
0,0.1831471239722394
1,0.34174595271542896
1,0.5098362955717947
1,0.9187805878642681
1,0.8328622808989433
1,0.2737340680597199
0,0.1303073145492788
0,0.007198723005302134
0,0.4242973792862007
0,0.019062854200696592
0,0.007566208861350845
0,0.043817914710108145
0,0.017741121314301507
0,0.8418014767541544
0,0.3563675591527552
0,0.374963669511518
0,0.2921826280466044
0,0.2189474120545243
1,0.9572800810042632
1,0.8716344531647048
1,0.751554788775513
0,0.055431526238840845
0,0.06280652372480822
1,0.9070158804064131
0,0.1759230761421529
0,0.011152117464186154
1,0.29216525530564796
1,0.9534377504310778
0,0.08935546100468868
0,0.6058926720970566
0,0.00939468265539563
1,0.6581109080605447
0,0.00974201924077733
1,0.8244317101559305
0,0.6469255271862002
0,0.01778626750370284
1,0.9200476863454545
0,0.16737382331711323
1,0.9389826942340201
0,0.011301586110050006
1,0.95923367524952
1,0.578478838576317
0,0.41299860229309543
1,0.4161162691347865
1,0.02693095325415314
1,0.7092601035547966
0,0.1275233141595281
0,0.06545295503004037
0,0.07553654330382034
0,0.020334768386043228
0,0.273885953682992
1,0.9111987759976384
0,0.36432240105947306
1,0.5631817605817764
0,0.16958203022581655
1,0.7997155041144043
0,0.039967628975733416
1,0.8020357236038029
0,0.0048991024050832575
0,0.017559852863103496
1,0.7968429588615344
0,0.02033717227827469
0,0.015644376784039137
0,0.11721916771060636
0,0.010208439720184214
0,0.1908654172553219
1,0.9521432408148783
1,0.39377908119437927
1,0.8556888257662292
0,0.008893944520073844
1,0.8916374028952714
1,0.8477530872938507
0,0.028385760395945946
0,0.007109800439752691
0,0.5486875490447586
1,0.7642856663840737
0,0.392560429176057
0,0.8950676815966386
0,0.3933234679012589
0,0.04537570008441311
0,0.2537423467641664
0,0.2488261151515676
0,0.07907072958499742
0,0.16027875751790507
0,0.019529518075249223
0,0.10269164977715843
0,0.007118346807682767
0,0.006542475395783608
1,0.9070546045340541
0,0.24750680216798204
0,0.9343480930614103
0,0.018113850333053707
0,0.039373159830244545
0,0.8908782977807072
0,0.4234447586461463
0,0.5702161034562647
0,0.011612056391944889
1,0.2694118294757847
0,0.004800756146034605
0,0.012332060230008329
1,0.5468212833204914
0,0.7080775845619571
0,0.038786579106690006
0,0.041860787639453285
0,0.5455810616592641
0,0.3750156137333138
1,0.8751337985371671
1,0.2314636560205094
0,0.16924289322394384
0,0.05675378673958353
0,0.0501923219789152
0,0.3691585070639521
0,0.06498495396890404
0,0.11234386459243077
0,0.5393343891314709
0,0.05285448451191039
1,0.8211775293770025
0,0.08271358667809796
0,0.1144248949148479
1,0.817279475697476
0,0.03309135726367303
1,0.8504376626836159
1,0.9291630875688464
1,0.7049794670404387
0,0.5325611886777365
0,0.5360594594897626
1,0.6922251462334162
1,0.3252562599685642
0,0.018927132597871616
0,0.017856002021887623
0,0.11335563749650351
1,0.91889192454834
0,0.013086054156700309
1,0.9090528609712921
1,0.6624470880199923
1,0.5641753257147024
1,0.6598740782389364
0,0.0842551243693758
1,0.7073239957716569
0,0.17661134748512408
0,0.03383538245359456
0,0.055582459842077235
1,0.6285922339970446
0,0.7425434909331602
0,0.45015171973975654
1,0.33582713456453284
0,0.038741616074587815
0,0.03239783129984739
0,0.26625432117672637
0,0.03157753331755909
0,0.06800455361284378
1,0.3532449961355477
0,0.0388098695131444
1,0.16339619368399352
0,0.02948664880887157
0,0.008811396924758273
0,0.021433981577942077
0,0.11155745987710575
0,0.11099668000899945
0,0.03485832726286046
0,0.23633610077507208
0,0.7478673579175342
0,0.18142412048694334
1,0.5912233074327901
1,0.774998455372244
0,0.4968886133534652
0,0.006809580182817111
1,0.09944568258575824
0,0.015081881311516969
0,0.2727227250100836
0,0.01599600250102914
0,0.07030633710219608
1,0.17552745683388118
0,0.37103287176653743
1,0.977768197790077
0,0.49551492771363614
1,0.8763241659046667
1,0.8447665946719357
0,0.020414985661207155
0,0.008340367270598613
1,0.6252195477242786
0,0.012459921268850727
1,0.8758371888405957
1,0.9146672841859468
1,0.9585478419738352
1,0.8347594650156245
0,0.06819191779885607
1,0.5914032289636837
0,0.1144632267956685
0,0.2639138623875165
0,0.8040068624592708
1,0.5547499674116518
0,0.10999021191980361
0,0.6394372930048906
0,0.05543819587639823
1,0.15126250958685777
0,0.09083452729199945
1,0.7384316164425306
0,0.012961992530136317
0,0.31404643361193896
0,0.14884476321575713
1,0.2982855943241009
0,0.006830516904070066
0,0.2421559692066586
0,0.02548529099752864
1,0.40006928510101863
1,0.9132792984155162
1,0.7455362411148663
1,0.751554788775513
0,0.15971522458142554
0,0.3535088124747074
0,0.15541747325289024
0,0.5845338404302644
0,0.21490110876856577
0,0.05930422140036632
0,0.23283459077387714
0,0.026320866234286495
1,0.6540206529987257
1,0.9528277777901131
1,0.0069259664059028005
0,0.020985496917177274
0,0.2537758554409724
0,0.08072031944751337
1,0.6994450061521942
0,0.004112448599285698
0,0.56567463541664
1,0.7006138736340535
0,0.006900007139880237
0,0.02585551246173554
0,0.044585153587861796
1,0.6358080946156247
0,0.028845235936833566
1,0.6055465917336482
0,0.06259756664204337
0,0.15946446379101967
0,0.8290416233641222
0,0.09350245936957591
0,0.315039182632273
1,0.14790861710723913
0,0.4899114207559941
1,0.9001973347282674
1,0.8335849710205191
0,0.025121618865993168
0,0.09551168933550995
1,0.6420838216100249
1,0.9103713257908687
1,0.8881472023409553
0,0.11513503720019178
1,0.4037334399947781
0,0.07204136590490785
0,0.0563961922108437
0,0.01986413021617634
0,0.18628210156582606
0,0.4800801647048557
0,0.46240159199264513
0,0.013634060772970654
0,0.023402985079464846
0,0.6792923228939426
0,0.03787775901494142
1,0.8143342529469315
1,0.6746950686477348
1,0.9869676727691907
0,0.08862555571421436
1,0.7524607065983121
1,0.7125338093304879
0,0.6296534756326956
0,0.05128264855836472
0,0.048664281493950017
0,0.022966818970826343
0,0.5746819201059116
0,0.5471005055273847
1,0.90564099577321
0,0.28961294032320245
1,0.8991314566637989
0,0.013295544200526145
0,0.012651059079875269
1,0.6218955343230654
0,0.040054274751155285
0,0.08356711520426743
0,0.021081422870723298
1,0.541561812443374
0,0.1189707554368434
0,0.050524038173953054
1,0.5859832829384493
0,0.3285471185753658
1,0.2691387544578985
1,0.587588245834028
1,0.22065690673314722
0,0.01423364600033626
0,0.06830020939488253
0,0.028881732421913973
0,0.02231309768801912
1,0.8822113965972368
0,0.2430321492739402
0,0.012626765410819661
1,0.7378409870069917
0,0.058051413244645106
0,0.01557826066103106
0,0.044421113076399454
0,0.11355926111433876
0,0.021774010836227316
0,0.23825833131583557
0,0.43938588512455706
0,0.36829319677310846
1,0.3350935274774528
0,0.010656322647695693
0,0.2555316558791893
0,0.2864240666431022
1,0.31995581136975
0,0.04115686250267581
0,0.023857624536834668
1,0.7550182331037256
0,0.01711458166784259
0,0.07034871382119175
0,0.018624698655101406
0,0.09346852862024832
1,0.9345280277484578
0,0.0374317673157625
0,0.1865490077504104
0,0.06232443666349131
0,0.13490115125842334
0,0.09913297850473653
0,0.9096176191101362
0,0.05626206510638744
0,0.03547717038216202
1,0.19133470638887437
1,0.74125189908525
0,0.0978102536805184
0,0.48495876655380693
0,0.15022982971941098
1,0.9067702624714101
0,0.0972957947084176
0,0.482674157652083
0,0.3556206240893896
0,0.00957138074325474
0,0.023498875772465146
1,0.27140679920206234
1,0.974614200197299
1,0.49186932727592897
1,0.9177902943251188
0,0.8978840462403512
0,0.11328249981320529
0,0.18080214002824518
0,0.39517521371911285
0,0.8219835638541183
0,0.014837630414884149
0,0.040449891759624323
0,0.0075348113289569725
1,0.8326961770071406
0,0.2547878727901492
0,0.7301422297395374
1,0.15346506363300783
0,0.006683508169353593
0,0.555200308784949
0,0.3458686834102102
0,0.008217467692583615
0,0.028034713772627163
0,0.15142866523785703
1,0.9195882526289034
1,0.7832675263657601
0,0.09521741049014752
0,0.018250606653342587
0,0.04757870141345712
1,0.6361193361451667
1,0.9325859806327541
0,0.16107465227713572
0,0.16753275769662387
1,0.8174459187985857
0,0.13873441971023437
1,0.882940377827921
1,0.469898066879463
0,0.1019995515935661
0,0.031106938770900223
0,0.021991331277966708
0,0.24881896191113778
0,0.43760666602464
1,0.30864337819199145
0,0.07488593018774777
1,0.9161919204115924
0,0.023692054230817387
0,0.07590079309771608
1,0.41623974722741713
0,0.01793725585447908
1,0.4716495762213181
0,0.006146788867890952
0,0.03385800407870944
0,0.7380834364853264
0,0.7041170780717189
0,0.02677359150304339
1,0.7477957829189461
0,0.0038844562414640828
0,0.023144132600628992
0,0.03901873661704013
0,0.14192943924355222
0,0.5332334318996086
0,0.6103444727755594
1,0.04984395588293013
0,0.011773083491053786
0,0.12953777813719403
0,0.061722101752616915
0,0.01917933731697541
1,0.9486187267414159
1,0.9673249658289113
1,0.760190043575097
0,0.03897995786356979
0,0.007764698279453908
0,0.025501963654302268
0,0.04638329196971472
1,0.2815704568053422
0,0.1649854537257451
0,0.2137392255389753
0,0.2703557075657581
0,0.23913455320129892
1,0.8128683106461764
0,0.02235013782083503
0,0.0988579395372981
1,0.5870766692389549
1,0.8456206545576713
1,0.46877015915093617
0,0.3565633942018842
1,0.6834849873868103
0,0.39147674061419296
0,0.027293891610057828
1,0.7776929522256976
0,0.19282576115287473
0,0.018611953296028456
0,0.06951070958719699
0,0.03970746576207175
0,0.06781242704591968
0,0.7764468838223783
1,0.15046378282319167
1,0.9124366229193975
0,0.2757148825543999
0,0.10113440029090073
1,0.4582991532224255
1,0.31113206964308066
0,0.0576873609357539
1,0.6390812512890184
0,0.0448795419969967
0,0.056647321351290775
0,0.04930677597303286
0,0.0038045247493617967
0,0.6170474564402982
1,0.8983753480235639
0,0.01903391239809954
0,0.09577943328783968
0,0.05769958115116944
0,0.00857465299245149
0,0.06120789887936438
1,0.8994185365686221
1,0.3016863004761518
0,0.11272022808253053
1,0.40509774055453424
0,0.05328222873365968
0,0.015386366539264843
1,0.9602310733566254
0,0.031241306222785935
0,0.16805601567775205
1,0.5889557785218805
1,0.9024393814805447
0,0.84453004226579
0,0.03192677008218854
0,0.09592399629928527
1,0.819842559234452
0,0.028720586766719916
0,0.12838251905309822
0,0.0368751777922241
0,0.44290310008562256
0,0.02842689171918995
0,0.061179151597005654
0,0.08503538294551764
0,0.027089353283033166
0,0.15034634155065077
0,0.39866132098299295
0,0.00830576141347507
0,0.9331901425177448
0,0.056091270625611964
1,0.6764261457845852
1,0.4681350255705876
0,0.17773006721200146
0,0.1926666093951191
1,0.9109867979602909
0,0.6609216342993559
1,0.6851131026349945
0,0.13492863096300403
0,0.02288499699572879
0,0.009807598774293644
1,0.8379121307546752
0,0.19200608814047296
1,0.8924302040380849
0,0.009579553624871713
0,0.18873184992073908
0,0.027155873317948265
1,0.5173312527178876
0,0.5226978723553706
0,0.13351270790240696
0,0.653099315730005
0,0.13795710963597824
0,0.21883092932001044
1,0.7610509207168479
0,0.01627929266863
1,0.702610824366833
1,0.9250659320118555
0,0.15795794193877485
1,0.515353831282509
0,0.006543767910717187
1,0.8403022172357848
0,0.8507935311749024
1,0.8821429581172201
1,0.7380801965489178
0,0.04014293615643578
0,0.010670378167730215
0,0.04660867698488472
1,0.9014683806643223
1,0.303440444255567
0,0.013807066189154558
0,0.07900217278866874
1,0.8455413651594953
0,0.05329557907553005
0,0.03771242738120654
1,0.6974712669533016
0,0.09307869337703725
1,0.21137497380257847
0,0.019129400003429883
1,0.9652101931561511
0,0.037716017063669977
0,0.17258901334919688
1,0.8756717674627742
1,0.8960986312967936
1,0.3322777066409959
0,0.08520953166627793
0,0.6719328205331249
0,0.0836352198411044
0,0.310584643017795
1,0.560287954015248
1,0.8950796913207314
1,0.692692994670423
0,0.7560498442803433
0,0.25963779635936474
1,0.9546143601179468
0,0.13273659981959146
0,0.09106462857283183
1,0.45181974428992594
0,0.0077994902196441744
0,0.015257104266086518
1,0.7149434578002967
1,0.8868725172754058
0,0.04757936476249789
1,0.9616311556526961
0,0.15475584408117415
0,0.02911981039627921
0,0.016429863185071687
0,0.016179461773032134
1,0.9222099640056074
1,0.6335062144241076
0,0.08914622922686616
0,0.13061463961491365
0,0.017093860793636718
1,0.9286774187381587
0,0.07582259737114957
1,0.3599896814594084
1,0.8052227402539853
0,0.023632713462092166
1,0.9550348314046074
1,0.7758324803173985
0,0.7368584157867409
0,0.07200371042284262
1,0.5936928918725637
0,0.34313228247080524
1,0.786486622605072
0,0.028421396438119778
1,0.7352878050673926
0,0.031807879428880186
0,0.3390685945222692
0,0.03541219154510443
0,0.025452412544254954
0,0.16257180288309928
1,0.9070801517155191
0,0.5730619577840561
0,0.08136738595639403
0,0.05969768794419416
1,0.6845745528053069
0,0.18039624401695037
1,0.49457917781229993
0,0.5542990217375041
0,0.08280138318301737
0,0.08309196869587611
1,0.2387353219628843
1,0.8071488151887553
0,0.2317070272378899
0,0.13322394788631212
1,0.9567804254395791
0,0.03602778569915116
0,0.013317760265182324
1,0.9349148591642331
1,0.9591586624179661
1,0.8392980758545003
0,0.1896242216580319
1,0.9168517850628497
1,0.8598318490337882
1,0.7338179846220686
0,0.12394763902296439
0,0.03690494832010037
0,0.03185926772170716
0,0.0560981995562574
1,0.8091077615494693
0,0.08500065264891833
0,0.010484547732253708
0,0.5669162409795401
0,0.2168142225700942
1,0.9034661586724713
0,0.18353880585604865
1,0.7200569487989066
0,0.15578331475431872
0,0.00363893481778649
0,0.025584691261896445
0,0.005633945842960318
0,0.08017544734643742
1,0.800261378725705
1,0.8704147432390468
0,0.03560939119134017
1,0.11579813242916619
0,0.1472001136988133
0,0.2282083097870922
1,0.9388272054337312
1,0.8608689908121065
1,0.8557767023684724
1,0.6178044505656771
0,0.06533336330037448
0,0.14369412837287507
1,0.8567123764315222
0,0.05580076850368888
0,0.03730994507859059
0,0.01566092902532583
0,0.007006997728184675
1,0.9507281818548302
1,0.2912696361546795
0,0.10151828081361355
1,0.7846090354933297
0,0.05925770228810992
0,0.03126973500637303
1,0.9711212589314476
0,0.33578666469221363
0,0.050491362791650125
1,0.9420302588659698
1,0.8848413787713933
0,0.19079247727300055
0,0.06605489434246452
0,0.16785869688039187
0,0.01911156142541857
0,0.18638028605282234
0,0.2517015077041177
0,0.29576124361251943
0,0.02136276866510439
0,0.019426537132910253
0,0.4673915714089636
1,0.7582378861041202
1,0.849584509828631
0,0.38542766878480406
1,0.7772695275812662
0,0.7846743905274982
0,0.3666134210760634
1,0.9434783755983545
0,0.6208027371762773
0,0.0976262941903081
1,0.938858048633109
0,0.15910010312473266
0,0.13412560768454457
0,0.022143267734408067
0,0.017827473430973056
0,0.21070852440537147
1,0.9042664470019729
0,0.004854607262385501
1,0.22957822301808295
1,0.7396031892276547
0,0.17415546695579806
1,0.9634922075322838
0,0.02540774088209817
0,0.8025687112042236
0,0.022293271904575526
1,0.6898966412432259
1,0.21110758759973394
0,0.47872456598963076
0,0.21982736314186804
0,0.015037097996759365
0,0.451918289254531
1,0.9371052029637851
1,0.519431950390911
1,0.2834775326932928
1,0.6709195955869502
0,0.06072685776083647
1,0.2838960069777703
1,0.8896372251823205
0,0.011066455087596095
1,0.9047671882341096
1,0.8904335134335833
1,0.6098227694043631
0,0.8903906788821611
0,0.08737304955153256
0,0.22436593771174906
0,0.04634367344924383
0,0.03916716313773012
1,0.9217649201827605
0,0.03761441261224449
0,0.008952904616846299
0,0.01869826084830527
0,0.42216039119944354
0,0.04105877925534481
0,0.663467292898872
0,0.1328144456634138
0,0.0521515206253891
1,0.4960313012607774
1,0.44846768793379266
1,0.7065940714004967
0,0.22816183489352931
0,0.02132928109554836
0,0.05066673371127814
0,0.019122459309155848
0,0.005431688015660125
0,0.04951518232012261
0,0.35830222872284384
0,0.5789020137376775
1,0.1845425608714555
0,0.22572745138042152
1,0.9058089055680173
0,0.08657847314542563
1,0.5520056562508665
0,0.07544037832295607
0,0.010878641356769315
1,0.9349148591642331
0,0.12532031900596735
1,0.40575932917915614
1,0.3381820864621154
0,0.014586215335422465
1,0.1306109970727812
0,0.02934824916959756
1,0.8000895817987131
0,0.07634609161111774
0,0.029883120429015964
0,0.4143026523536168
0,0.052797475540813335
0,0.09480736069678218
0,0.034558508992907355
0,0.0025882156787452185
0,0.2996715267598581
0,0.1106554926713727
0,0.5797023997722955
0,0.3743054587133874
0,0.05953281915851623
0,0.003194065971790763
1,0.9237281072951603
0,0.05102843747275842
1,0.9241966315688432
0,0.005535411175657254
1,0.13408545763043186
0,0.12966958740925721
0,0.014916605733147358
0,0.011268035540473464
0,0.01838933021878238
0,0.04634517024505495
0,0.0604694123065537
0,0.026253925252559384
1,0.8834280243438851
1,0.8741394854918922
0,0.050066000598795096
0,0.02192091630073276
0,0.08210606045776099
0,0.025751670088461714
0,0.9537151689413689
1,0.369514901323666
1,0.8529667723682928
1,0.9551457919633775
0,0.23707752257256826
1,0.8218574094653961
0,0.015550709825399453
1,0.14877952262709165
0,0.7450661464172598
0,0.8763166758706856
0,0.007128891604612384
1,0.9775181240214404
1,0.6446436935045912
0,0.030337478655579047
1,0.7068041551286631
0,0.061622432811540694
0,0.16214759618784683
0,0.1484022341221314
1,0.5608906102449877
1,0.7074119625588573
0,0.0989505760678771
0,0.37154792704914114
0,0.029541876725729943
1,0.84434638718034
0,0.6471714691236006
0,0.01615082227925756
0,0.19604098607017598
1,0.9303700389905974
0,0.7255045577412438
0,0.03146840658449933
0,0.04076092515340359
0,0.25356674241914184
0,0.012733826523009951
0,0.4336013676623408
0,0.39134339063601536
1,0.6668152506038985
0,0.4794160875765849
0,0.24962017743953066
1,0.82756976660125
1,0.8126665407385831
1,0.8519321460207225
0,0.22483084991211316
1,0.6380397733907931
1,0.08346182025775557
1,0.9760445868167776
0,0.03742668804779614
1,0.9496848446174951
0,0.25108016243672476
0,0.009074942521951677
0,0.004414664934603283
0,0.031115581898624955
0,0.007302985920340911
0,0.0651481712288664
1,0.9527964300324648
0,0.3237448076171243
1,0.9412115503465404
0,0.1280104892701356
0,0.01059113870019957
1,0.38663046411482244
1,0.14772001593983577
0,0.16219569338886672
1,0.7671173494373225
0,0.5346553606116068
0,0.004467947268168371
1,0.7583238449054668
0,0.0390076652121775
1,0.720532082121417
0,0.005451359314086847
0,0.010899419417023269
1,0.9353429873181064
0,0.03437080275679012
1,0.9085998476164644
0,0.0053567547028376735
0,0.2512477919850146
0,0.5836313868768654
0,0.010489457756187858
1,0.2782520125956948
1,0.20796191337888334
1,0.7838477375100865
0,0.4999679795464551
1,0.7440191272297787
1,0.3799776972969544
0,0.07684237974519077
1,0.9359547058943901
0,0.10509877237626039
0,0.03146595732815078
0,0.3440336976242693
1,0.9723955138833177
0,0.03678107096391433
0,0.41690317169855906
0,0.05921314125523413
1,0.2542328151340856
1,0.7929763876469751
0,0.10468171822496324
1,0.7038791969359713
0,0.018447177114031692
0,0.024271466825727946
0,0.018028031413935088
0,0.0321899519847757
1,0.7425448077859718
0,0.013903332265382177
1,0.9614392406745159
0,0.7128148713059356
1,0.8261615504450035
0,0.368063505598021
0,0.027370902040999626
0,0.056515205862675354
0,0.026022620058167932
0,0.08220769004320039
0,0.010059099187476927
0,0.015504239544994743
0,0.06121822895284779
0,0.08661800464315011
0,0.012843968808250983
0,0.15167214591525857
1,0.05600225599588574
0,0.05766017993296206
0,0.01165140466238163
0,0.09542736805079924
1,0.8123275515062419
0,0.015718412830821316
0,0.09834854561302227
0,0.024836890179278554
0,0.03548551292066173
0,0.14098221694518714
0,0.15308163418953163
1,0.9829423282667155
0,0.3069080333095066
1,0.7596897989879825
0,0.009811969533818838
0,0.10384671290037001
1,0.9650839109168777
0,0.2140979195270411
0,0.06493450330678985
0,0.04349229443738201
1,0.9555204348616969
0,0.0126855634595945
1,0.671160238021173
0,0.016307498135337505
0,0.10918583211340886
1,0.9430221472730214
0,0.28089290697823505
0,0.1123999950986681
0,0.01168919692098196
1,0.9059249094275154
1,0.4711390962424726
0,0.01179400784266024
1,0.10028219945567513
1,0.7423946788184516
0,0.26558853990143105
0,0.23967359775410968
1,0.9272069839536582
0,0.08801860510409583
0,0.11141731086099661
0,0.17790697133779
0,0.35640965774325734
1,0.9302063483427448
0,0.006133826396009259
1,0.9612918672117367
1,0.19159888707829226
0,0.016272324449210368
0,0.07953514221028352
0,0.0864514356632608
0,0.6591336682030873
1,0.8155158131617367
0,0.09581094608904712
1,0.571663684453596
0,0.01828012615818877
0,0.0033002697575084377
1,0.7659630094743881
0,0.013232992739744253
0,0.013365315644268703
0,0.022545416958310412
1,0.6509422682867263
0,0.08077099987526168
1,0.3463451008384122
0,0.028282141760641224
0,0.05587327488430655
0,0.12711754256282307
0,0.22269736839352555
1,0.7624471290087158
1,0.9191450496607596
0,0.5361080847001608
1,0.2230996835450902
0,0.8331284251086716
1,0.4850576875631805
0,0.0049138248435089335
0,0.010949126366064679
0,0.07577471295189468
1,0.6686088457878513
0,0.003951740970102919
0,0.11886258005306295
0,0.8482093422254091
1,0.1957706138792449
1,0.9205564914287575
0,0.30317072283998797
1,0.48229281114712524
0,0.09537549063978709
1,0.1593572087692507
0,0.012811983608063215
1,0.8803596817393088
0,0.2048254405300272
0,0.7409035085054336
0,0.7551778945809582
0,0.5080930788273478
1,0.3407347257775273
0,0.20635162536406676
0,0.26969228538033363
0,0.1095128903556957
1,0.8906982139489118
0,0.1154327648198306
0,0.3383507065858122
0,0.8634690311466805
1,0.893237480620058
0,0.02649332550473182
0,0.004772427371660938
0,0.014035815884716757
1,0.9507477131326857
0,0.04938108106352799
0,0.7578882919440093
1,0.7601980535698607
0,0.1317758003411265
0,0.08789834656300664
1,0.886503786314879
1,0.047590774368901086
1,0.6721023572793193
1,0.9340121053419794
1,0.3756474170364188
0,0.36102748993073186
1,0.9509236042740451
0,0.07143634277835317
1,0.816664483591106
0,0.24930219358877825
0,0.6743045069343643
1,0.7114305633973849
1,0.5512260438933833
0,0.48688456330271285
1,0.9843255675430911
1,0.9376492989576544
1,0.8321487539119466
1,0.5370506680063607
0,0.7742916196763995
0,0.24248760644590056
0,0.05525463163026371
0,0.7997810473466382
0,0.01153406272049476
0,0.057698006870040036
0,0.5662961718406261
0,0.027091432916358973
0,0.02117790725450816
0,0.20293065414559583
1,0.4103767204122398
0,0.24170252951302773
0,0.007025557475136022
1,0.8647994107558284
1,0.7624206194923419
1,0.7120440934449768
0,0.08913437212781017
1,0.7799402552261291
1,0.45706457061988415
0,0.17287824002583801
0,0.4236625471179465
1,0.7194331340614025
0,0.507635131627443
1,0.9002266116444683
0,0.007849714619248356
0,0.13070237500039047
0,0.3367690544500225
1,0.5502064740081817
0,0.3141712149008984
1,0.2882408565328562
0,0.08929814544303631
0,0.11258521161699926
0,0.025674246033689712
0,0.47442041269792745
0,0.03269299449429178
0,0.04361447776371228
0,0.07844036432601323
0,0.7429021529816988
0,0.833101902028028
0,0.5435655402752808
0,0.014749988640890953
1,0.9368194432885318
1,0.7820096412345614
0,0.11426839680840228
0,0.6291520393815916
0,0.1120258916487311
1,0.8926912992505142
0,0.03751687990377501
0,0.03541594499292916
0,0.23475326244809383
0,0.6574947359804785
0,0.013823151694116109
1,0.912375135678389
0,0.37088396329999807
1,0.5420896796350297
0,0.01249106018580654
0,0.4957958829527625
0,0.2597994205085542
0,0.3329232728092388
0,0.12537458359075984
1,0.17106820726880348
0,0.47257032597753906
0,0.0420850433096558
1,0.6078773027789797
0,0.03244639809142333
0,0.2117264523940588
0,0.02854697987450152
0,0.3165220206199004
0,0.19635980190187996
0,0.03058664919712442
1,0.35673888351661304
1,0.5491419046804781
1,0.6369421039625927
1,0.44912823330943064
0,0.008169599106037867
0,0.14299669720250094
0,0.06098373925396211
1,0.25485599402054765
0,0.9537151689413689
1,0.8675704952126787
0,0.5203979796221337
0,0.04838793549866041
0,0.018294683748456927
0,0.003970478975654152
1,0.2603888854806613
0,0.2369017950826858
1,0.9391494519469108
0,0.053371846599079543
0,0.5708083026560806
1,0.7521399487434579
1,0.9551857785129433
0,0.07625086846726872
0,0.04819317940897876
0,0.590377819784822
0,0.026097618516622335
0,0.3619910109045175
1,0.6301179273035517
1,0.903280616012727
1,0.5091425537197343
0,0.1297437838811741
0,0.12271005533728646
0,0.04630412539632027
0,0.09177980954168383
0,0.4787083018790675
0,0.005489578812860329
0,0.07759485096691912
0,0.05532602554790324
0,0.47107786529600904
0,0.007733298357531117
1,0.9021862897606621
0,0.20552665810821577
0,0.03282464551964976
0,0.007084720315561335
1,0.9384165373138141
0,0.38096712790753157
0,0.029971042917205086
0,0.03617825520814378
0,0.02723119169959221
0,0.10723846198697197
0,0.7123411829712063
1,0.8185423798997562
0,0.4880739031151366
1,0.5942776471548199
1,0.9279892489574499
0,0.413032093112424
0,0.018426796183366453
0,0.23185009247707528
0,0.30529156768409793
0,0.014908502219398491
1,0.6305004238974253
0,0.09645952587452415
1,0.8013097579608763
1,0.4465277311865238
0,0.09463305016970548
1,0.9508067114367078
1,0.8125999621717871
0,0.057664850377863126
0,0.23213907500548892
1,0.18614089089809058
1,0.9185218148682305
1,0.9462250703747166
0,0.010583513720338727
0,0.10892938071714472
0,0.019415508237221747
0,0.48216042187515207
1,0.9161259452343347
0,0.06022741413374542
1,0.8691021620655754
0,0.004667089338969112
1,0.8768578796231046
0,0.10710425858949477
0,0.12679988146560972
0,0.07349343677125725
1,0.8170088060557669
1,0.8943040352723729
0,0.09772867468541321
0,0.6500983821043104
0,0.01596932849455206
1,0.806882638474607
0,0.08073173650880161
0,0.42809171213108543
0,0.5947792660032255
0,0.008985566271751162
0,0.004554128576838229
1,0.7563864604267342
0,0.09373784620405613
1,0.8391888817591336
0,0.12071540652291873
1,0.8883291431171462
0,0.026186648582690136
1,0.7546313427515152
0,0.034180242231883255
1,0.48719206788192815
0,0.43571684619281187
0,0.07064460570941994
1,0.7092074686118756
0,0.2579201329071125
0,0.03823091708851364
1,0.9627449639042504
1,0.7257418390627766
0,0.01705694310248801
0,0.19568023532918521
1,0.3905136485334805
0,0.034698056052065586
0,0.009401544129504062
0,0.17112578190467703
0,0.059470466822232525
0,0.3640574983893127
0,0.03565838009590867
0,0.2512910204786626
1,0.9383911414988069
0,0.22024048253341486
0,0.02462323397623891
0,0.04522367736001814
0,0.06771051095429036
1,0.8179355345708236
0,0.1217069145595138
0,0.08547745117604089
0,0.034076091565445124
1,0.9083869446478702
1,0.9314169506193485
0,0.08379886203298131
0,0.03517835234432193
1,0.7605028371713923
1,0.7222347002686444
0,0.005617900339824783
0,0.014583493587518466
1,0.18988954457418356
0,0.06120119985019266
1,0.01613484252523211
1,0.30579459259366437
1,0.8757200382835996
1,0.32056836446386283
0,0.49871889238877687
0,0.49279093449461103
0,0.17913848136896202
0,0.08363211511042788
0,0.010664676310223789
0,0.45947368347455037
0,0.02462871294004807
1,0.8340109561589906
0,0.025407892403206768
1,0.7254214145477622
0,0.023125355660748685
1,0.9407147500986957
1,0.8847786440537856
1,0.32175541897044957
0,0.20780254636093862
0,0.11766924793835477
0,0.038751323380245305
1,0.8996468578310207
1,0.8283283852756238
0,0.04622248654263169
0,0.004412138458094724
1,0.9722916614967451
0,0.23725192688789054
1,0.9229293525693579
1,0.8701385964686824
1,0.7614691095868663
1,0.1651277685575135
0,0.01076581281828233
1,0.878389685456935
0,0.06043544449205571
1,0.8233393537002598
1,0.6718773390416886
1,0.8356404243409169
1,0.870225405868774
0,0.03419100506428127
1,0.904947036093694
1,0.8497790471432249
0,0.10930703561619619
0,0.6147980821490159
1,0.8398856780981089
1,0.6968138038213703
0,0.007451671293159764
0,0.027554425907819785
0,0.07793139240715327
0,0.012816077414719323
1,0.9604959368558564
0,0.38157825965643205
0,0.23057699712972926
0,0.008443847233927928
1,0.985345989479115
1,0.14782001280137455
0,0.4921987908116746
1,0.2605016124421298
1,0.8594652264550776
0,0.006901626457458011
1,0.7842614584265731
1,0.6547583541581751
0,0.1373882547605953
0,0.007850904131948366
1,0.9173956591536676
1,0.3942204045173974
0,0.04817269850389143
0,0.19937044893179268
0,0.03659346922087696
0,0.8651185797242176
0,0.04385320749893203
1,0.7529742427119976
0,0.00820565370982563
0,0.8442395362442748
0,0.08498079612164416
1,0.5725386562316392
1,0.9549112235594054
1,0.9329553569475434
0,0.13314682839146771
0,0.0769717256745038
0,0.11012124919019607
1,0.9112329370323604
1,0.8107846360664078
0,0.012794803045710866
0,0.051644793417888135
0,0.024989298406483597
0,0.033123828860731605
0,0.02358809260615489
1,0.5275131857247984
1,0.8521516290956384
0,0.6154497859863535
1,0.8426487256497218
1,0.2157005024134881
0,0.028535763149434002
0,0.12502942257221214
0,0.019716459067779923
0,0.3231743013638322
0,0.007928573503859376
0,0.029780923725606374
1,0.8413430502694539
1,0.5968885301014641
0,0.2592270674906125
1,0.4195388780101313
0,0.9674657516459642
1,0.46278100449850346
0,0.07699131555584167
0,0.3328735122473182
1,0.20996986251761587
1,0.9204454929046855
1,0.9459246439496424
0,0.04325155795748601
0,0.06675129503566461
1,0.6894358057241046
1,0.9519432281501236
0,0.05496296449282963
0,0.03832287490601339
0,0.02267692356310465
0,0.02324171936386884
0,0.01488837474376429
1,0.5647189773730131
0,0.10064219160700812
0,0.042579114398482665
0,0.009458755288296105
1,0.3870051593851977
1,0.9515856539406229
1,0.6566509752562952
0,0.0996020458525171
0,0.037165096481960334
0,0.003620526062658006
0,0.07620635085774696
1,0.9517294753745928
0,0.10601844987855136
1,0.5334779758542322
0,0.05766941095744084
0,0.011081114294811966
1,0.17665042716964072
1,0.578754617543951
1,0.13604986253228898
0,0.13148975507323651
1,0.6913845719239938
0,0.036312045182328
0,0.3033540455789516
0,0.09105563631592051
0,0.061877612015673114
1,0.9400886505968271
0,0.00736665011978999
0,0.056522284007090466
0,0.036681005606761484
0,0.01233257226554674
0,0.013265192889947836
0,0.09737319682520151
1,0.7742916196763995
1,0.9356656465594457
0,0.4671643258200899
0,0.11879252540271247
1,0.04427750603753822
1,0.14591641682527212
1,0.8559142805955355
1,0.6857178649007791
0,0.017671407312858756
0,0.24197235069678075
1,0.731070391200562
0,0.024936439247634452
1,0.8915203430639971
0,0.6821871218240276
0,0.03648256458471743
0,0.751536960469583
0,0.7994292916646155
0,0.009230906919085652
0,0.4424267889623635
0,0.0658963797637287
1,0.7552591063743754
0,0.0839970844503115
1,0.8308502486738841
1,0.7456938613497578
1,0.7294389754245822
0,0.04738385429551545
0,0.5396213542189588
0,0.3249680689480807
0,0.01942495947548306
1,0.8298100803487223
1,0.486385818035738
0,0.08220504748582531
1,0.8522494694485053
1,0.5032636498671618
1,0.009496307011297424
0,0.29296408279355735
0,0.0077323790656706835
0,0.01726306641223624
1,0.9248646449012431
0,0.6269389239220096
1,0.13854672170754898
1,0.8996471247649426
0,0.024752158975059443
0,0.04767417270956903
0,0.021973383348696765
0,0.05636620246749251
0,0.061973432749864374
1,0.5338032519570087
0,0.9283942254800945
0,0.034608981292509514
0,0.12763170950513844
0,0.06441452947364706
0,0.3212039839032208
0,0.10104205908755613
0,0.10104963306760292
1,0.10893864952982911
0,0.07978705033255279
0,0.5564520238226294
0,0.019497202738934374
1,0.7753666151431519
1,0.7963473605603778
0,0.11214230059037904
0,0.003710367571031758
0,0.12877030197657205
0,0.5168572992173119
1,0.18651825507012476
0,0.09756030443402217
1,0.034246635568576544
1,0.32030385172537124
1,0.2017754576702619
0,0.15390129660965515
0,0.02550676806905707
0,0.013266152215308129
0,0.033211724766254
1,0.851944727347118
0,0.0912380688601035
0,0.2013309929914955
0,0.16489374699694886
1,0.9501613612654879
0,0.07681632237008401
0,0.1408256814397929
0,0.37388562921830987
0,0.208691029695344
0,0.027011008438342535
0,0.010121319928388304
1,0.7394279871408279
1,0.9706252901771074
0,0.5655196961383236
0,0.22287100087510034
0,0.033925038344211615
0,0.03302695259274864
0,0.719667037715668
0,0.10356609587029571
0,0.025506355222384078
0,0.06875049237105295
0,0.141540611172642
1,0.9062979337270504
0,0.18506318124818452
1,0.7683621558580418
1,0.9349148591642331
0,0.1702234379884584
0,0.03369642432610144
0,0.7989423132305095
1,0.7842659665259916
0,0.012646255068023927
0,0.17611356759217708
1,0.9725243693265117
1,0.5187382716516389
0,0.009437812248003346
0,0.047209839774995446
0,0.060894497741681076
1,0.31836867535830143
1,0.9734083125337529
1,0.31759911772260147
0,0.19891384755221977
1,0.913816742767933
0,0.18221200088691936
0,0.011428179249203651
1,0.9768636666001675
0,0.02179187146060622
1,0.9415527283844582
0,0.06097429295791484
1,0.9349148591642331
1,0.5594233727987674
1,0.5429162703671347
0,0.020096011159786008
0,0.2097171386617985
1,0.2077505192152037
1,0.7380582241775235
0,0.02698011771955663
0,0.03671783308848923
1,0.816138099676118
0,0.04019651616948584
0,0.1275966276712583
0,0.0354644493920615
1,0.874691104466895
1,0.9329182016127197
0,0.13860438108451012
0,0.14620953970549116
0,0.033472036930499195
0,0.0049222179104174545
1,0.026655384848307383
1,0.7672388328271738
1,0.7588046886883784
0,0.009472712936215787
0,0.5747315778644686
0,0.06155287654260546
0,0.016863045055362284
0,0.020304694397759088
1,0.7176602814924268
0,0.03648256458471743
0,0.12820766902951292
0,0.002844130426264038
0,0.03834426454028386
0,0.21531949608692932
1,0.9353898502442334
0,0.11085704383443774
0,0.8501228362315609
0,0.05987249261363133
1,0.9794038408753432
0,0.013051518195127149
0,0.45426800166683823
0,0.16089636120664658
1,0.44265241248952963
0,0.010163381399252052
0,0.05348159999585147
1,0.43561056336830883
1,0.41106003649724054
0,0.11728544243106236
0,0.08600264362225073
0,0.0064350538192440585
0,0.017428968082809096
0,0.0767840267923907
0,0.2891761909861356
0,0.011571754979008706
0,0.23954276680539818
0,0.01784239273293947
1,0.900371733560224
0,0.19572730656006657
0,0.2570494567860395
1,0.05759969018310298
0,0.01238247851913682
1,0.8599502733241148
1,0.38763001310554795
0,0.0833749639911069
1,0.8551954214711273
0,0.5810263204483989
0,0.33849856460976513
0,0.05643437143411692
0,0.08791849373093312
0,0.1283775517206754
0,0.07172716276995801
1,0.8082379099914759
0,0.05352628460394027
0,0.11088995639280581
1,0.6656213055701083
1,0.24298409438280452
0,0.008931537272210731
0,0.15806325223439588
0,0.008546452039853764
0,0.1683504571979013
0,0.4686314248228668
0,0.09613341869394959
1,0.9249083846593099
0,0.05046985618384574
1,0.9184408487849437
0,0.022678801027815446
0,0.16554740443213978
1,0.5523905718155502
0,0.20691380308699003
0,0.13633525211897418
1,0.18655859461927782
1,0.9120525014543864
1,0.8237569628014942
0,0.07722157346830855
0,0.07363760421932422
0,0.022406458920593335
0,0.05694157577599394
0,0.606976049290939
1,0.8421540542066753
1,0.8496372342731409
0,0.71784356578496
0,0.20575979277896445
0,0.16904068629966473
1,0.3964940576194146
0,0.03991463141728528
0,0.04055152877713661
1,0.9705002191524956
0,0.1408189938630935
0,0.029637108566732486
1,0.9173881845225538
1,0.7950402468207604
0,0.0032208579946571524
0,0.018819195497871973
0,0.1387015984317676
0,0.43170567884937655
1,0.05946209921814381
0,0.013307205893101567
0,0.6575202288130171
0,0.019951423086876134
0,0.6543200041695008
1,0.9725242609549489
0,0.15494347420474436
1,0.04631788287363669
0,0.017811791508823917
0,0.07046029312072544
0,0.00833684823414021
0,0.5096974972661328
0,0.903384912247129
0,0.5711893593201637
0,0.10788293825435726
0,0.007570586641678811
1,0.9044501729861102
0,0.10704126029092645
1,0.9402217367712576
0,0.05093979581882438
0,0.7486164285949152
0,0.006380307070523185
1,0.7481258628271696
0,0.023748139073979223
1,0.8276528824783324
0,0.13057483182655116
1,0.4694330774449914
1,0.7867845327814699
0,0.03469651130418738
1,0.16528106720434416
0,0.009085730056834948
0,0.02367237528240119
1,0.2595201162816217
0,0.09825688936109249
0,0.034811036049909476
0,0.30351040724948136
1,0.3069080333095066
1,0.7958892729304841
0,0.023454465321587927
1,0.9353269010175277
0,0.06509105583797424
1,0.33785559457126635
0,0.04812238124385243
1,0.6129584153107123
0,0.07626454970614846
0,0.26580642961997925
1,0.7229723933049231
0,0.5531122787957958
0,0.08088706309438097
0,0.005655852889318701
0,0.007299463330448043
0,0.007327262425356067
0,0.010632699060140978
0,0.4648217467000588
0,0.008180972755709516
1,0.761687434290818
1,0.6872434847776359
0,0.09848332446094475
0,0.05203248935447623
0,0.05038907190055021
0,0.10106447569838498
0,0.005928094988696431
1,0.07946611013739047
1,0.8788135248180071
1,0.8938599119522174
1,0.20114942878654776
1,0.8792578443968901
1,0.35848115529056224
1,0.7353828248445455
1,0.9607200929276594
0,0.008118359683056407
1,0.7796154494766753
1,0.34918514204863044
0,0.16857136523730432
1,0.8613445154077647
0,0.420464531461067
0,0.7449603184143153
1,0.2796340730932766
1,0.7359142376747521
0,0.8283758151738283
1,0.8069577232003238
1,0.9364632422427135
1,0.7613582826264427
0,0.026952966185002182
1,0.7168907158260623
0,0.030408587061047765
0,0.23485140441625474
1,0.9373283798343627
0,0.040677141702532026
0,0.5869093407873297
1,0.9306319249373066
1,0.1303974575993043
1,0.5427167265984987
0,0.16538172103434218
0,0.06146395351866595
1,0.5842191439479332
1,0.831441459342206
0,0.199533290386413
0,0.09993578521080003
0,0.5862802857224578
0,0.27031381794997633
0,0.003490831363060682
1,0.9187104715777765
0,0.01032309576263611
1,0.7706053839458352
0,0.22649992658585383
0,0.004693790540145507
0,0.13027250544085456
1,0.09540532416765132
1,0.6179524051710135
1,0.706701636507286
0,0.14478455184031536
0,0.6804841785999286
1,0.9206410862046782
0,0.037446277536567305
0,0.12866187060096448
0,0.010949419557053535
0,0.05534207515765422
1,0.08904369438868878
0,0.4814049205757303
1,0.4250442063332257
0,0.05291023595199192
0,0.014676448819364061
0,0.03614056783762616
0,0.03267588516952127
0,0.012484194807557346
0,0.07942746968924468
0,0.40096376329529915
1,0.8715928688145904
0,0.015373513409117058
0,0.06604169665988785
0,0.0559429451575011
1,0.9646089380580345
0,0.24125202405981447
0,0.0070217316679516105
0,0.0059548212490687525
0,0.04487791170630171
0,0.03289706941333609
0,0.16848931064780914
1,0.632512062551772
0,0.12943756414884933
1,0.4421608521600898
0,0.1604564557973053
0,0.030972838975125816
0,0.03116992441615351
0,0.20057883421270642
0,0.07206454667463354
0,0.02033971455223364
1,0.868326768809551
0,0.291735665076077
0,0.004544131763274237
0,0.15095486117426948
1,0.555200308784949
0,0.023929616360050695
1,0.7652904048423035
1,0.705651325448705
0,0.010077471699079618
1,0.4902089520054042
0,0.13031590494839737
0,0.09268485780577947
1,0.3151552783465922
0,0.5539821912966578
0,0.014194244702547088
0,0.017199913746171615
0,0.11355766644658098
0,0.05276140163076078
0,0.011937064473388378
0,0.003285976614913349
1,0.5544802714782262
0,0.1407121791722035
1,0.6762083413552463
0,0.9101101872616775
0,0.10749335181838966
0,0.02491802552319844
1,0.690064894690089
0,0.25998067802151265
1,0.7164212854327254
0,0.05264984428540531
1,0.8843447390872987
1,0.9420629152942068
1,0.8752691011101426
0,0.021063987366738382
1,0.9483811273656265
1,0.9077801118986507
0,0.4463688584938711
0,0.8353727154414953
1,0.8531703312694223
0,0.00676827954460226
0,0.08287339671654113
0,0.049958468666232284
0,0.05196459003741899
0,0.699465790431875
0,0.03906918769829145
0,0.25193066632212535
0,0.25615137941374494
0,0.06267141127553628
1,0.99073825402055
0,0.023921236400219176
0,0.07236097049905321
1,0.8119332372473773
1,0.4804958795755808
0,0.022634524345206845
1,0.23818081790532808
1,0.8562637618873962
1,0.47717323529753
1,0.678971592087629
0,0.8894988160938762
0,0.069361604105112
0,0.15801784063260418
0,0.00847894058167701
1,0.4422595358114452
1,0.8795059369685093
0,0.006185728586836755
0,0.04823182186396231
0,0.8739845152130421
0,0.7045223057925881
0,0.05999181603391922
0,0.5184986217983085
1,0.7845324116208199
0,0.03026775563625142
0,0.20978561439956053
1,0.6444534779567888
1,0.8254417059092476
0,0.009242833387102705
1,0.14455413777459158
1,0.8596053588727025
0,0.0605224668575242
0,0.13624425963735573
0,0.03377654761192248
0,0.1401948698787956
0,0.079634354168954
1,0.9253420246072604
0,0.4281393799523649
0,0.40996069637664884
1,0.8523298408676486
0,0.29677330753048464
0,0.25593009103303627
0,0.017408525328843977
1,0.5250640319714059
1,0.05359357717417641
0,0.6223902139979426
0,0.05163370107229234
0,0.014404953590546561
0,0.834264363793753
1,0.938548142509332
1,0.5548900181063473
1,0.2777966730265859
1,0.9338562241434726
1,0.7331229980908557
0,0.05710935261440421
1,0.7374221782168334
0,0.021740084935057493
0,0.07293105995616148
0,0.0044805740608456195
0,0.2354737204636709
0,0.024157176246676036
0,0.045167545587460105
0,0.02967691114352264
0,0.053410066683919837
1,0.8506043280785645
1,0.9745198837449347
0,0.007885006605544934
0,0.05490290021596679
0,0.03374327354007228
1,0.8684849151081316
0,0.31921971166658664
0,0.11805350113436079
0,0.018062978252611998
1,0.13648738329739002
0,0.07308469456753902
0,0.006143873521695484
0,0.03478604060558575
1,0.8615154669946972
0,0.02664388311365305
0,0.013052548764160829
0,0.01957687637573736
0,0.005237584601429981
0,0.2852356864838757
1,0.7803403948164847
1,0.7104854399630453
1,0.5901806695052375
0,0.20850904654690544
0,0.06186190125310081
0,0.05631471064723097
1,0.2728523176379586
0,0.5853292518963003
0,0.049603528390728034
1,0.7328615635622211
1,0.8521060966325448
0,0.010193699559373957
1,0.9096171345656425
0,0.011216810976366877
0,0.07690720284393565
1,0.9242125561911422
0,0.12644985901209177
0,0.2203693215404159
0,0.2354427456456739
1,0.9414737937729478
0,0.02381727054720469
1,0.9425175046858048
1,0.4674195295031283
1,0.46256976593540683
0,0.08145258379163123
0,0.09487503706983179
0,0.022727950137624298
1,0.7606530527978862
0,0.4450292154858332
1,0.4237171839329031
0,0.09796757028580161
0,0.04872675284910637
0,0.09470539019353304
0,0.7921632519558663
1,0.36586863230665423
0,0.10855860988848273
1,0.19857037660181917
0,0.0036110602072304387
1,0.7919632754721398
1,0.8012901224842426
0,0.01647644817364256
0,0.42806194494804467
0,0.5917878348105465
0,0.026018958485957068
0,0.01364466642806169
1,0.6058049736333394
0,0.08234187036691924
1,0.9084200183506266
0,0.038465253181756615
0,0.11552814175066732
0,0.4444708577190032
0,0.03134236615108883
0,0.01241027284308615
1,0.8359665256744067
0,0.0703707136996679
0,0.06950145406151968
0,0.9127450140088574
1,0.2764599515362832
0,0.050881383401968676
0,0.08624317344097518
1,0.8701812573441712
0,0.02055314237752022
0,0.0566513657815809
0,0.37273930678056383
0,0.05155923224419817
0,0.11616547456654595
0,0.03024883786524097
1,0.9436250127255355
0,0.12500278809557405
0,0.06204154226774399
1,0.483328873260896
1,0.8867934011152248
1,0.7237726723896267
0,0.020379991574102918
0,0.05924596528971029
0,0.07269100284382768
1,0.9345439876208692
0,0.10521053774979575
0,0.7947907214522247
1,0.9669445113183077
1,0.9075282047333002
1,0.9627280810947165
0,0.004902438005919563
0,0.7197851296641885
1,0.9062722907683767
1,0.9772617674831477
1,0.9746182010135765
0,0.04610659941086365
0,0.021353614578445018
0,0.023167769724153315
0,0.249045655382937
0,0.01310673759203126
1,0.05702390665386193
0,0.8791268789363261
0,0.6111988755689693
0,0.06569571562342166
0,0.013970427603737068
0,0.08658515145644359
1,0.7851514010112055
1,0.9576206980596674
0,0.8385316350627614
0,0.2713053690885245
0,0.04979390753850558
0,0.010817592596055492
0,0.00809476107168635
0,0.05766917551782381
1,0.8682642159528378
1,0.9170417454904694
0,0.10306230629746684
0,0.007112247540486438
0,0.045391260320174064
0,0.2037646208656252
0,0.5627149187635571
1,0.8295089214982397
0,0.03223114362460881
1,0.6760900998512448
1,0.49762836052926923
0,0.1681692202116172
1,0.7913843098541103
0,0.01058626768187664
0,0.9139133373874718
0,0.008710614157380746
1,0.8337239878253282
0,0.05517424711557648
1,0.030123080828182523
1,0.8186389674929734
0,0.2627408314625295
0,0.9045882203750247
0,0.591454991835715
1,0.9449317641723738
0,0.2333278173527229
0,0.27353047185781304
0,0.051541098118723525
1,0.7856626321707532
1,0.029771342403150273
1,0.405865116009604
0,0.7689822208745397
1,0.09016217997447781
1,0.09968082969572879
0,0.10997790775494352
0,0.11238640080530388
0,0.15314320517956662
0,0.003999454083892568
1,0.9806447070447278
0,0.01191508048477877
0,0.19266784719980937
0,0.00407773784337448
1,0.6726839547325546
0,0.11768345883871692
0,0.49289157408119993
0,0.08061160118205096
1,0.9464525218593958
1,0.914052445424518
1,0.06237082773313219
0,0.008258458699655418
1,0.9445830641805244
0,0.011478877645794644
1,0.44478886809769436
0,0.014227150210057694
0,0.8367822786943362
0,0.1678655132644937
1,0.2857007737126181
0,0.1393005894279554
1,0.899700640943126
1,0.7568130659981986
1,0.8971804212704941
0,0.021211044583654626
0,0.018557917277959732
0,0.006096543277976331
0,0.038206377035548945
0,0.09130966190186175
0,0.017268647029100574
0,0.9247652549643305
1,0.2732337049008101
1,0.9205464623244363
0,0.3000082209983278
0,0.16185400773255046
0,0.2018110861053504
0,0.02808326150334934
0,0.10598960576487723
1,0.9044780925141065
0,0.7345007423323856
1,0.7149270036709582
0,0.8218454359890353
0,0.011957792624775325
1,0.33422529194387735
1,0.8875275004283107
0,0.009148102181161258
0,0.4061190087999011
0,0.36705434279661014
1,0.24671190150653943
1,0.30812800734971724
0,0.18262481780926143
0,0.6302282639457729
0,0.2586806010144648
0,0.8911240429836096
0,0.09394386380351953
0,0.026324036130839126
1,0.8082253115002822
1,0.707364667940488
1,0.9493889696536241
1,0.23223931079868215
0,0.2571721646396625
1,0.9391269772110967
1,0.8343101612513442
1,0.5479039906308067
0,0.22890021857958925
0,0.19646526653502813
0,0.02127806126115536
1,0.8859540844260781
1,0.8693594702258638
0,0.8286808223061906
0,0.02488962448309722
1,0.8916374028952714
0,0.05097473253411011
0,0.5557930320532671
0,0.3755399505765566
1,0.42003600870174684
0,0.02813356293763659
0,0.34506170579104334
0,0.0272581105701908
0,0.02376026428709816
1,0.5347943089014968
0,0.09777777388845123
0,0.10127410608832361
0,0.07945616735295517
1,0.8038938164756725
0,0.14109013705919554
0,0.10198913939749663
1,0.7630408424373234
1,0.30558154614580907
1,0.9163284099632425
1,0.6286354120364661
1,0.885103306192653
0,0.02153168697570886
0,0.11095447684248785
0,0.40024408806227507
0,0.10127668991022609
0,0.6820194623997317
0,0.03935529377324029
1,0.8591586970574859
0,0.041506481451303416
0,0.04776545184579528
0,0.01762783741505129
1,0.3642237210062927
0,0.07602501861114445
1,0.7149434210165589
0,0.06750362832883389
1,0.932332356280942
0,0.8894527667565761
1,0.1779652539061585
0,0.04353333697832593
0,0.010537164876760529
1,0.8799668507681007
0,0.014355379943923217
1,0.9118321964302423
0,0.2827519339658725
1,0.889378562787691
0,0.44502547352958455
0,0.042019347697120256
0,0.020618610018714206
1,0.8749557602511644
0,0.012477582071189302
0,0.014291987094390996
1,0.54053368421351
0,0.30108221241936955
0,0.6649512055404557
0,0.04864650775550171
0,0.021270788727910144
1,0.9467215079878274
0,0.35234283186455634
0,0.3567248923588303
0,0.015907839388143375
1,0.8736752213156429
1,0.9282836681368688
1,0.6326802291933183
0,0.023427744203662244
0,0.09050326442668583
0,0.31350927761687897
0,0.034927856433737504
0,0.007860463438591042
1,0.9824258187101256
1,0.8691394787351702
0,0.021298374515619032
1,0.295843666788194
1,0.9327951254372309
0,0.4743189542866787
1,0.5627951104250507
1,0.07396538408841459
0,0.08447747053500024
0,0.24911330827467545
1,0.4480383428874721
0,0.05090972246493693
0,0.015169699369571398
0,0.01150127857383515
0,0.7453356741991713
0,0.07857177815941084
1,0.6735907633591461
1,0.863793553905026
0,0.007569714782083979
1,0.9712391969833055
0,0.14815182619921052
0,0.783910692805787
0,0.3395845540504228
1,0.8337632492357152
0,0.247415525685333
0,0.23044533557923885
0,0.05123984565384671
1,0.6164688064600836
0,0.30861808200520374
0,0.029429396424224468
1,0.9764123927531713
1,0.49136857818336954
1,0.10355866073605188
1,0.529377268331309
0,0.027213567614732405
1,0.7453687430774292
1,0.9485307948741432
1,0.9751615956459929
0,0.050597952138497014
0,0.16607334323266643
0,0.36605802925152736
1,0.9129033130946881
1,0.761054588968453
0,0.02857235226175959
1,0.6531977518841773
1,0.8553429251148091
1,0.4680925205293616
1,0.5235447825410894
0,0.11050896434039564
0,0.17074010071017573
0,0.019438754881746022
0,0.021109570039882706
0,0.040204103211772334
0,0.00908257779441709
0,0.70550303240434
0,0.2302750437448813
0,0.023202502901289664
1,0.679052555119387
1,0.9380522356939716
0,0.02443233922656021
1,0.9853449578779955
1,0.9508765668850027
0,0.004506459567233422
0,0.008868877402493477
1,0.6164575583560181
0,0.31567872264909375
0,0.014536667970215968
0,0.044640918680621276
0,0.09662742205142297
1,0.7466377657882817
0,0.01196296523664996
1,0.9703896316421793
0,0.018337093627246927
0,0.052208292692071216
0,0.005088205825990757
0,0.06716882579109275
1,0.9208441773224655
0,0.5614564070496124
0,0.04218530744663691
0,0.047109825285694594
1,0.6576581327220355
1,0.3488371389874977
0,0.026965214402188402
0,0.06303876502646527
0,0.01390724978051681
0,0.08137926910447797
0,0.01433511888210795
0,0.4817061109029696
0,0.059709266033955884
0,0.06725657273593691
0,0.1385931120877955
0,0.1349571992787953
0,0.07591968090110764
0,0.10189700147030152
0,0.036105980495526345
1,0.9122083793580633
0,0.9126225689933561
0,0.011684976239350409
0,0.14078259891835207
0,0.6085456318099428
1,0.9391382916335619
0,0.12551526611436992
0,0.07124184254277675
0,0.30667021259188065
1,0.035085519508715794
0,0.7283787230523813
1,0.34065488372906577
1,0.946823224298251
1,0.260612426719371
0,0.311131726432796
0,0.13671591253331208
1,0.9676557478124533
1,0.8578033518875924
0,0.03528416402913246
0,0.11001048032865103
0,0.5622570483377599
1,0.18630762154342964
1,0.39733653454205176
1,0.8391888817591336
1,0.18438511396886298
0,0.13775429554263782
0,0.009488849857934075
0,0.022163842102417113
1,0.9834010475458319
1,0.7758828455238614
0,0.14057874375589094
0,0.015449175607767176
0,0.12279669623052997
0,0.10448476292669301
0,0.14908747285584403
0,0.07669311133120787
1,0.46994667003709406
1,0.9636210252819487
0,0.13315061758876692
0,0.5321335408730292
0,0.03681132442249908
1,0.9235257975654706
1,0.9249865663076187
0,0.050934152717848916
0,0.2304441593144984
0,0.08147434942192582
0,0.013912453241600961
0,0.04859239174162024
0,0.008262921319297345
1,0.7243827990113483
0,0.1644220294274038
0,0.5948428971840708
0,0.49551492771363614
1,0.12598276413851478
0,0.02041875184530379
0,0.11484327885811041
0,0.007919716884705608
1,0.9539190874636609
0,0.041798306992131946
0,0.0042205437278766585
0,0.01781641398246845
0,0.07198373798107337
0,0.01265801453069592
0,0.04648623609856109
1,0.4023488046961636
1,0.6660331458339874
0,0.005330391442367189
0,0.08793088448444474
1,0.4113607034087906
1,0.7869257367620154
0,0.6087225691002452
0,0.22505369887249588
0,0.036312171799283595
1,0.7956684292924837
0,0.0346005739976555
1,0.89278663903416
1,0.9368210834138836
1,0.9325596532221286
0,0.12011975574824942
0,0.08190295830901068
1,0.9380417145332515
0,0.04089281171903393
0,0.08658515145644359
0,0.07835928018002782
1,0.3599896814594084
0,0.0069556756407056055
0,0.11496674765708176
1,0.9878117151669359
0,0.02181937337354728
1,0.19818120995559108
0,0.6650042867807933
0,0.5909288601723326
0,0.2859157993168907
0,0.29295826805663827
1,0.7191886794554982
0,0.18471302849389015
1,0.035607982087072436
1,0.46890946014800955
0,0.30266662722319554
1,0.7054611312596116
1,0.13354451717330615
0,0.04235245913938219
0,0.10974423819392447
1,0.9267587523176557
1,0.3128201603676255
0,0.18682178402637492
0,0.03218526530809324
0,0.009469287081008677
1,0.9556958303442402
0,0.3940883216935215
0,0.08390803198353508
0,0.1359296968439419
0,0.05761065373074091
0,0.050071325720104365
0,0.04917695621518232
0,0.012874259533187516
1,0.34041643135870653
0,0.3217889142126245
1,0.1576391783310034
1,0.7406803315382001
1,0.46680888501250134
0,0.39180589369869323
0,0.019415596718042397
1,0.7753762451421542
0,0.2067508053124538
0,0.09494097608129869
0,0.010717249202271623
0,0.09165550805886165
0,0.4335439960023218
0,0.03218198349562713
0,0.4000121250897166
0,0.01398627204873506
0,0.005359821325962994
1,0.9822038005431688
0,0.03361960391332516
1,0.11667660649636295
0,0.21054083965683723
0,0.03360845942983593
0,0.010381332508268379
0,0.022516975046243583
0,0.01595038239492379
1,0.8432488224004702
1,0.24872589644627702
0,0.04056108206007926
0,0.546080155281159
1,0.2254787035441926
0,0.02027887895241081
0,0.06324897871351423
0,0.7658033612051037
1,0.8716436420302175
1,0.942480467841519
1,0.20111558673118055
0,0.05891454914472796
1,0.6286862158326494
0,0.6747718469305584
0,0.11800536378860196
0,0.08575603412647664
0,0.22065971039153937
0,0.005957602079315837
0,0.01240909283817989
1,0.34665312059047687
1,0.30363945332693676
1,0.11566585110038126
1,0.9475150973279263
0,0.7570198851848995
0,0.30523632056460215
1,0.888023734212471
0,0.024985159977634692
0,0.04968981240746165
0,0.40885290066004915
1,0.7231111074530976
1,0.7641097596625107
0,0.022974736016205456
1,0.7240931157580758
0,0.030500626339006992
0,0.010794175741011916
0,0.003677458598082405
0,0.014503465000071325
0,0.23827502647273371
0,0.01754720451120709
1,0.549756545324176
1,0.33391260693012514
0,0.040287093971535105
1,0.9329812266094625
0,0.08461741971209503
0,0.07479132421454067
0,0.28297441912791277
0,0.007295951132409101
0,0.8014145695219818
0,0.09219152103230437
1,0.9433725828022953
1,0.6408587294129586
1,0.5541599654705934
0,0.3120257458009062
1,0.9331997986032158
1,0.7917802904091799
1,0.9624970754348388
0,0.07455005730939436
1,0.5784227509025369
0,0.027715226106898336
1,0.6483734667392173
1,0.9663759307541342
0,0.08419649953310863
0,0.0412490541148683
1,0.9331573807897516
0,0.06543900433393406
1,0.9128223442916674
0,0.14865893712027395
1,0.7913313130571585
1,0.7222588064167319
1,0.605093653713348
0,0.16264320807750524
0,0.07880461011936933
0,0.009785351614523246
0,0.019642663928070903
0,0.03855868449261678
1,0.6619081954113338
0,0.005797526238956577
1,0.9393874242213376
1,0.8402085411466301
0,0.05125737549217616
1,0.5998074780086506
1,0.8720821151680327
0,0.5076398378847098
1,0.7228781821289296
0,0.027501367979013785
1,0.9105143079916719
0,0.3417551331125124
1,0.30450612506594404
1,0.5489938249317369
1,0.615734256351111
0,0.3072374062813482
1,0.9527330363862193
1,0.871505176186714
0,0.005609820361563871
0,0.11260552918393983
1,0.40148128021575913
1,0.8988728173446364
1,0.7331178357876063
1,0.598221563198066
0,0.015367378908991897
0,0.10019661339526152
1,0.1808787668552735
0,0.04793879922135782
0,0.8004151353590371
0,0.008552129016141706
0,0.023228733703865873
0,0.47518294211990963
0,0.8250135698828298
1,0.50373996829843
0,0.14076948408986514
0,0.9124863120314111
1,0.8413020687055128
1,0.7407250817685296
0,0.06159397537644568
1,0.809136487497996
1,0.9779134713208611
1,0.6391558911318481
1,0.6801902842420824
1,0.9028040837757205
0,0.07360177098353707
1,0.6146090448372884
0,0.027725171137069023
1,0.5848092494100146
1,0.12438318907431586
0,0.061843459848532664
0,0.011435042838383327
0,0.04218511206909825
1,0.8189399500802164
1,0.8938658442179124
0,0.20325114573854097
0,0.08021342928376397
0,0.07700485614824094
0,0.07819941462767896
1,0.8727500440696273
1,0.11125861234118456
1,0.6957740601445608
0,0.044753829950279156
0,0.21217976470108246
0,0.007492335140617755
0,0.23013714228282323
0,0.026260969370714135
1,0.7605348326355226
0,0.03155947411039016
0,0.03744404745969396
0,0.08400094175461406
0,0.034860590160447305
0,0.0696371115429343
0,0.24461294067484582
0,0.008415796914472591
0,0.036254223906542996
1,0.9668920347899095
0,0.00524898571363376
0,0.0897490142345318
1,0.6698780646440845
0,0.5371283640731097
0,0.028249175375340104
0,0.004777964189190575
1,0.021929393515906226
1,0.8799225431817489
0,0.5456333986094777
0,0.022630443877553353
0,0.016764908171204733
0,0.008264378687709075
0,0.16782672175599572
0,0.03235317194144822
1,0.9820107639415686
0,0.03796783835640201
0,0.07808378760317908
0,0.4942090687805277
0,0.11429696267649346
1,0.5907036875207812
1,0.7261884695923454
1,0.9478338768657683
1,0.2534224793124766
0,0.011701527181341325
1,0.21031378993709413
0,0.09410489155213446
1,0.47706523619503627
0,0.19017425079847758
0,0.49432320838987537
1,0.96542031644599
1,0.8920936597183288
0,0.0828394572818121
0,0.4053982889552579
0,0.5494154037233548
1,0.8808672589525948
1,0.8034979146640757
1,0.17009480337590036
0,0.11455632201812882
0,0.01529257150270173
0,0.277457923596877
1,0.8387872509258838
0,0.02445437422588827
0,0.2552355380613952
0,0.8028926245155127
0,0.18389801609705042
1,0.9312199408766721
0,0.16668755790486325
0,0.061526007612292426
0,0.003005434058552055
1,0.9226468891610182
0,0.12436447251888055
0,0.034619017044520924
1,0.7607961483581824
1,0.5773957704938408
0,0.015141113478505077
0,0.16324763807430692
0,0.013035859187031002
1,0.13540272974342665
0,0.5484813196145337
1,0.9329071061711026
1,0.7173845046351773
0,0.0907069584520109
0,0.05411924738579654
0,0.32049999157529035
0,0.004260538360114616
1,0.9368200004222104
1,0.9194368628527246
0,0.2623353096786024
0,0.44050764358870664
0,0.15822207248525058
0,0.6110336284343868
1,0.8968684569611564
0,0.027192588753428365
0,0.11088410502181359
0,0.026419865109651202
0,0.5443581626203611
0,0.08515343334368256
1,0.6242428351130528
0,0.04333391217199295
0,0.5124752615268914
1,0.06751285039600005
0,0.004565947728163666
1,0.9469129825764484
0,0.018158398268015997
1,0.6869722659971289
0,0.10117749668324973
1,0.011853299268934647
0,0.3339555694957008
1,0.4691701037353637
1,0.6984628711312232
0,0.009336518004968533
1,0.9357988639155105
1,0.9657707429885299
1,0.4109979551702568
0,0.3025593628026363
0,0.10331127665140505
1,0.9511147360861084
0,0.07730851406611725
1,0.4296937485898808
0,0.1325974020149665
0,0.047414682425564805
0,0.030489466740434342
0,0.038280480080566726
0,0.17226404060618988
0,0.05817432867166544
1,0.9764257024705447
0,0.8050589651441095
0,0.22542264798727768
1,0.9317319159591089
0,0.023707697589206843
1,0.9588616243459013
0,0.02056623935548785
0,0.587691264535867
0,0.12052092319883964
0,0.04359331296446274
0,0.26622415229701774
0,0.15536100267282177
1,0.06156937779768119
0,0.13996152481923327
0,0.0788279134373632
1,0.9566110898276216
0,0.3202972215214601
1,0.6251395692206015
0,0.07155832226866979
0,0.08788364224090266
0,0.5914536568972883
0,0.003904572516628812
0,0.12850495210061158
0,0.09717735088463016
1,0.9205077620770539
1,0.9788605630706467
1,0.8390653226551571
0,0.09083533073810394
0,0.02620699146577086
1,0.6859370480498617
0,0.05007123874429682
0,0.016050281023166676
0,0.08387692009099469
0,0.1391202712280091
1,0.5059145882961474
0,0.22542191252646035
0,0.0491988656089344
0,0.2657209089523282
0,0.059552134185268
0,0.37285702244696733
0,0.6342339540188457
0,0.014645264048770689
0,0.5879505365737473
0,0.5430089878715265
0,0.021122418543728746
1,0.8421217402012154
1,0.4980704537279675
1,0.06630478091873092
1,0.9655145110106627
1,0.2586088835299922
0,0.25673563396866544
0,0.2857739583441831
1,0.8077963152641686
0,0.30256015660985364
0,0.01917247623511424
1,0.8701385964686824
0,0.14625318927582864
1,0.1499828556317813
0,0.10288552128523228
1,0.8159666817819078
0,0.579732016230483
0,0.023693794826589294
0,0.35099329663351403
1,0.8464304869856932
1,0.09505219526432507
1,0.964695260739761
0,0.06701383358963552
0,0.08567845474727806
0,0.005876987489458789
0,0.048037797427260755
0,0.8546781270761182
0,0.013529404704003692
0,0.012771503682797706
0,0.4295828902526247
0,0.061815616631614355
0,0.05948389557930119
0,0.01803871938397578
0,0.0248065880705279
0,0.10875143525444288
1,0.9739802261715251
0,0.03998493190617517
0,0.19083959594206326
0,0.16555284287636537
0,0.0074449148966515945
0,0.06737532220731861
0,0.054897789749207476
1,0.870034740275831
0,0.1139234430331488
0,0.051528096926136205
0,0.012498310115667707
0,0.7215524020873466
1,0.43550864349700824
1,0.823282433795772
1,0.4918253910167315
0,0.1462993541137719
0,0.2256272917605424
1,0.6494074002027118
1,0.47165338120933004
1,0.9494314673992909
0,0.24641813374932647
0,0.8750859392614188
1,0.29020063318651695
0,0.4025900014833817
0,0.3261192212390883
0,0.3947517702821328
0,0.16168850357228096
0,0.754985422453632
1,0.8568008204165543
0,0.10421674810378977
0,0.031742115577564636
0,0.3544598320120271
1,0.5034170586569345
0,0.7802579626872518
0,0.40502278287345933
1,0.4431341943053191
0,0.008121010110711627
1,0.34220449197917074
0,0.5863212835311877
0,0.04084710779500946
0,0.041028291573842246
0,0.003924820306775899
1,0.220624988280723
0,0.023924671129253415
0,0.03702634406881929
0,0.23629914501830365
0,0.01879836264541843
0,0.05884457924778836
0,0.0059337414891035955
1,0.8872222418734896
0,0.19049977139585714
0,0.07705991047217867
1,0.7226160050576924
0,0.3559977292841046
0,0.20669203559632707
1,0.311079427583418
0,0.3767931398937588
1,0.38791361530495877
0,0.07011254293132431
1,0.928873598068219
0,0.08281526051412458
1,0.41587265288840547
0,0.0512022380392973
1,0.3067580008655949
1,0.3684185841443746
0,0.02351078029306194
0,0.0126716806714275
0,0.01582927682750249
0,0.06834254702903801
1,0.7837521620285806
0,0.928494972089524
1,0.44676830467018
0,0.0028657207377441106
0,0.014586215335422465
0,0.020909954199076052
0,0.07109071597452017
1,0.2968446915804578
0,0.005806634839636729
1,0.38562676025012765
0,0.041391127198044046
1,0.6878654704976813
0,0.794722524227602
0,0.05022484224057341
1,0.8205202297156422
0,0.1639228778621722
1,0.8979040054944192
0,0.054133513105089806
0,0.281767942584011
1,0.3234905340309645
0,0.7434641514997614
1,0.9734300489058559
0,0.013681155178072283
1,0.8920931589836312
1,0.4606302469259855
0,0.06527590650723067
0,0.012358309627180193
0,0.039772991771232086
1,0.35110859574110187
1,0.908996628665064
1,0.20568111736671768
0,0.843609404857909
0,0.05355725772236827
0,0.3896065002046102
1,0.4093233944412596
0,0.05157838521551845
1,0.7824703636159311
0,0.039965890461002955
0,0.4134270909872093
1,0.43827400363763724
0,0.1914779057291477
1,0.9168736108281416
0,0.05293958045771104
0,0.019387703910377575
1,0.7534818117251835
0,0.0034629324143074817
0,0.0087359856623465
1,0.8079800665846925
0,0.012386644966098377
0,0.21435603337631057
0,0.02385309657176448
1,0.8454461735215388
0,0.10890535660751467
1,0.6606503790494267
0,0.8564535340495871
0,0.20402206641731271
1,0.8729832892878759
1,0.6364371525457091
0,0.06459920642723303
1,0.38791361530495877
1,0.23208095478900995
1,0.7823901567663071
0,0.4509612441738415
0,0.2140717907651221
0,0.2496116902504589
0,0.013292695121714682
0,0.043899216262249796
0,0.00785074748656981
0,0.005185381675887709
1,0.9055539434117043
1,0.9586980513151876
0,0.3135301585240195
0,0.8292796179592921
0,0.8285329298934133
1,0.7301530227912533
1,0.8312844286442583
0,0.6434268278017619
1,0.8992030737132902
0,0.13043143034334934
1,0.9802837713704878
0,0.11871504273937822
0,0.02383699803323658
1,0.08426372487957519
0,0.03760942119055882
0,0.20893780870415732
1,0.7257315978893047
1,0.15943465007774965
0,0.02783803579410935
0,0.011166227709060724
1,0.5773717955413475
0,0.010002689322488212
0,0.17477298270510347
0,0.05311293731768779
0,0.03608199310788742
0,0.05452207736321724
0,0.21614563396238523
0,0.013869774275783975
1,0.90404361925554
0,0.03928575916926927
0,0.057647746077913564
0,0.04682893626475766
0,0.011984701424619385
1,0.20132717170049544
0,0.4213675596313797
0,0.8558704153640543
0,0.051611467914828145
1,0.6207696284623515
0,0.004845927193300634
0,0.08231081186839846
1,0.9501658204139715
1,0.9476208889596216
0,0.11845804861966142
0,0.0486232543395852
0,0.5598095987570887
1,0.9838644747683867
1,0.8668020906101268
0,0.11517944588765659
0,0.16652201894117388
1,0.9549013083635536
0,0.007358314326861036
0,0.5242055531230808
0,0.8137677459393843
0,0.2691760624965057
0,0.09874215097431838
1,0.9033358086868328
1,0.7347233054747743
0,0.07464892154687187
0,0.007481491950361004
0,0.0406208074303973
0,0.007362609625556502
0,0.20079584566850875
0,0.8460602077446133
0,0.041008755809527
1,0.7038308564235962
0,0.04329494164009969
1,0.9215404954329486
0,0.018099557330966687
0,0.593158838756489
1,0.6797936179743221
1,0.8841073556252274
0,0.27647938697242214
0,0.10583204562633061
0,0.9275185024666133
1,0.19777105269683823
0,0.251028192849243
1,0.560361377948655
0,0.011892808710176336
0,0.026299950744854746
1,0.9114715131016119
0,0.037127733030785454
1,0.31173086146034656
0,0.011953763037669518
0,0.06177521271633755
1,0.6915282594897004
0,0.031037147753690607
1,0.6726839547325546
0,0.0559181053310537
1,0.9519569067875796
0,0.005294435631469893
1,0.34633060021835826
0,0.03949526095638306
0,0.6077737638184777
1,0.6534304578455034
0,0.006011260095863251
0,0.06024982461033762
0,0.1935400565912812
1,0.8865766596737843
0,0.01631772386811677
1,0.9549548127257852
0,0.014168650834096805
0,0.007227992650427519
0,0.5254746216430176
0,0.058499775327517524
1,0.3697448967650178
1,0.6414304331338314
0,0.5522363824265812
0,0.029756376119856858
1,0.8597227460796373
1,0.7056975590463688
0,0.020862986339586054
0,0.15879302310636262
0,0.5887232624831421
0,0.004633963729412633
1,0.29804829866415833
0,0.005876987489458789
0,0.161013639040367
0,0.03725869852653883
0,0.0568316728713675
0,0.10402383179384726
1,0.7004175276910282
0,0.08458513542860675
0,0.4485880901039476
0,0.026202433670832092
0,0.03858982737127677
0,0.04272752506928807
0,0.029546373416840233
0,0.07058764554136956
1,0.7716595536664145
1,0.8390478661928386
0,0.8266655206386048
0,0.4344323346940728
1,0.8346835472686552
0,0.5762762561233583
0,0.48994756726072275
0,0.6343857833784239
0,0.015889980309968212
0,0.06635202652901892
0,0.09064553972827204
1,0.9645103749303796
0,0.021741088999902788
0,0.1874372390571549
0,0.46233175368255275
0,0.2518082656520404
0,0.01709768311440472
1,0.9069226444805067
0,0.09640734277331835
0,0.14496243663109815
1,0.6360158660393063
1,0.7355473914490328
1,0.8097513728483885
1,0.8808279186709274
1,0.919901970160204
1,0.6853072242218378
1,0.7305419593354359
0,0.05857167340298738
0,0.13558077723044182
0,0.05757582537408842
0,0.6033039281826106
0,0.04851122072667833
1,0.8760307930146435
0,0.010925655042138454
1,0.44457777171969953
0,0.016153957603444864
0,0.019166234548381043
1,0.6267664911073657
0,0.21725482135526406
0,0.13860386686040302
0,0.05932958802133382
1,0.8870328697078458
0,0.15684733525080988
0,0.011446353741286067
0,0.009081165894932564
0,0.2977721172704518
0,0.02772415058411078
0,0.07002974636789883
0,0.9206323594291589
1,0.32454322271950625
0,0.03522329058653293
0,0.022417853416202296
0,0.16977069241230686
1,0.16180147712842066
0,0.012371965834448407
0,0.30162768112585814
0,0.2057286665505592
0,0.06603448224897418
0,0.4254964827128198
1,0.7908149760194748
0,0.11318624788671819
0,0.06516408363164893
0,0.31634001158502967
0,0.07854610689999006
0,0.3589275848839568
1,0.9580854169427675
0,0.042304198214336786
1,0.08900148206013346
0,0.2605489618114972
0,0.2624817727844062
1,0.80056761115086
0,0.1395046577525757
0,0.021572371257800458
1,0.8222158778933631
0,0.010824543900907816
0,0.30020664659599244
0,0.018857878942342324
0,0.27560519244981563
0,0.06737532220731861
1,0.9910670442181732
0,0.014659414996951121
1,0.6441380036002187
0,0.011782497003613102
0,0.030273020637760908
1,0.8772490640064977
1,0.882660033508839
1,0.8142036790906845
0,0.05040642390077134
0,0.04977859738279762
0,0.0972421575618967
0,0.030843416293096424
1,0.4373119315425619
0,0.2523547800156283
1,0.49334373231387046
0,0.1315453996326794
1,0.63350511135203
0,0.009100149221249389
0,0.03751526859404522
0,0.11857767936987079
0,0.03155037057444073
0,0.3905532917334128
1,0.3813738096901111
0,0.4517469835996993
0,0.7748053842301801
1,0.9194483202137962
0,0.3135904825811791
1,0.07471377395431429
1,0.4330237064933275
0,0.11816337408138225
1,0.8726896662220629
0,0.2870817118506172
0,0.007849665250862373
1,0.6733817316562648
1,0.727695301948224
0,0.004910411603803915
0,0.4837004711452593
1,0.5850435419223519
1,0.7773758160928113
0,0.8478642455551527
1,0.9309658266540772
0,0.17260305623717742
1,0.6306149389691297
0,0.8017750721131744
0,0.027853039417558983
1,0.7347233054747743
0,0.00841879208002446
1,0.9193945917500825
1,0.7720790111837177
0,0.09370681765211956
1,0.5543686342321055
1,0.9239133485139374
1,0.545996754944762
0,0.12982521284525528
1,0.6475106954918732
0,0.01467326481320836
1,0.8978083218029941
0,0.009113059623649186
1,0.850050085828069
0,0.024115486526574775
1,0.8239968100119647
0,0.5421800647959937
1,0.39225703308001064
0,0.04754481372011603
0,0.06113393886258686
0,0.711110586139395
0,0.4977506271968819
0,0.8820589656158464
0,0.03340524510062527
1,0.6468851500226587
1,0.9172525486461912
0,0.5498305901153832
1,0.9549850161019995
0,0.06932040737403238
0,0.012303694689743681
0,0.00479623649670277
0,0.73369138820419
0,0.011651133473356893
1,0.5233443326251909
0,0.021906915746620875
1,0.15028772212413513
0,0.029699588175229785
0,0.00630258436956515
0,0.0057503948834813955
1,0.13656156191686125
1,0.9429158854406049
0,0.07775839710423196
1,0.5019435250008719
0,0.023795100788997034
0,0.10729328265594062
1,0.44263108978404087
0,0.005521740882531175
0,0.1211379996503749
0,0.007643089538293031
1,0.49346173865944665
0,0.22003626911135377
0,0.014293969650463489
1,0.8759360088478773
1,0.9910278737179189
0,0.2371472124923497
1,0.8896002294869976
1,0.9548536803166572
0,0.030938441346070177
1,0.8106223999184665
1,0.49613841561960087
0,0.024653271167258038
1,0.8663292593733758
1,0.8623517660149387
0,0.1281589399304421
1,0.3898433629219168
0,0.025568869424476996
0,0.12615259476387855
0,0.5786169102212976
0,0.17911469483107142
0,0.014126577530617263
1,0.19921838239947962
1,0.7634445781462416
0,0.3127603857223278
0,0.025745753355578764
1,0.8137976039785951
1,0.9609421278735888
0,0.1480551777081614
1,0.6841139805223068
0,0.517641177756655
1,0.4755529654011374
0,0.0978592335317947
0,0.05263707691944687
0,0.0241821792780893
0,0.006453898819167485
0,0.11984636484611048
0,0.3481725201860706
0,0.10559977840982804
0,0.02482046143631793
0,0.3541631232629107
1,0.16679063543174097
0,0.8013917074198647
0,0.009269494546797761
1,0.3128937725760071
0,0.027388085911765187
1,0.8272090510697276
0,0.008206305251113448
0,0.11106742195412646
1,0.6254240589924567
0,0.05843269774708219
0,0.010708732041975644
0,0.010241201909044286
1,0.6874398628811894
1,0.8913708754224
0,0.049079715934230175
1,0.8524405510797813
0,0.8820715654559903
0,0.032820341225737536
0,0.0206895836708818
1,0.728912981398864
1,0.2443021021240506
0,0.06060306589526011
0,0.03263520343599976
1,0.7705314775295976
0,0.11669472334268126
0,0.03678740025337177
0,0.07659716141183258
0,0.14928028258513204
1,0.8495953307611526
0,0.007378149225804062
1,0.2727130792661859
1,0.6524013513226957
1,0.40439093084204997
0,0.040447100663687396
0,0.041578988944501176
0,0.07465966539655665
0,0.00422827831289109
1,0.7635736774547919
1,0.5826672452962746
1,0.9115471042321168
1,0.6820296275636276
1,0.8426715714898497
0,0.03477148966408756
0,0.3804088968503112
0,0.009882629219298715
1,0.8493601442276227
0,0.22709481584280078
0,0.4600738363905405
1,0.7819330472874219
0,0.14096506677595194
1,0.36388635920405266
0,0.033898551293020135
1,0.7677230358536579
0,0.12586917274576803
1,0.9565798905589395
1,0.8568501528387101
0,0.044634039464009984
1,0.9737043799535872
1,0.11737311158928394
1,0.8798865587495983
1,0.7030216720154803
0,0.5805328393152134
1,0.4787257102041053
1,0.31344946777957255
0,0.03049331519465382
0,0.10921693950688362
0,0.08769982899069884
0,0.07393408655753032
0,0.0646185217308057
0,0.014802077242099315
0,0.009950999853423735
1,0.4881531055611823
1,0.8658577045683283
0,0.08991142043161351
0,0.017274843397913322
1,0.7636768589405935
0,0.031043284935934844
0,0.6103210631182227
0,0.04742849473803006
1,0.9039240543871583
1,0.8810630203708594
1,0.956199233015772
1,0.7460703099010048
0,0.8044830516094336
0,0.06538117548322751
0,0.07075834538939961
0,0.3316089490077585
0,0.08096853856492353
1,0.9666171454782814
1,0.8931332126081641
1,0.1469988446039716
0,0.34223771692980104
0,0.04387938792914125
0,0.04958017098486437
1,0.6054871019393796
1,0.8403931141719582
0,0.13570589229331942
1,0.9473726782687589
0,0.09026649037944734
1,0.9751615956459929
0,0.14571861322061364
1,0.866528181485377
0,0.58827523799043
1,0.7966802764291155
0,0.6892090799661682
0,0.045362193506412685
0,0.036433162965308005
1,0.6619630036885806
1,0.43223021743864665
0,0.8293752141840519
0,0.7008229105749009
0,0.032124893629309106
0,0.010254153798040419
0,0.03185954960601154
0,0.013519444281952274
0,0.21075733118672663
0,0.07105774373420293
0,0.2506746489330866
1,0.8265183200616624
0,0.01825848971985857
0,0.17476126527753844
0,0.041123211721333465
1,0.7886419122819387
0,0.033262233500111114
1,0.5284241891241761
0,0.015900027781028992
0,0.13124910319843228
0,0.17026731079463808
0,0.032553958279169425
1,0.3782840161770387
1,0.8736115375516716
1,0.485868119220016
0,0.013185155228213983
0,0.03812173290025563
0,0.640151953480845
0,0.03323589114558519
0,0.02152536751017816
0,0.34164864112647325
1,0.7583561734500801
0,0.17587942935404488
0,0.17060115793523084
1,0.9410476977940397
0,0.03192634593290625
1,0.47823048106820737
1,0.6499864129480928
0,0.07969532149860174
0,0.13360262744557475
0,0.28071074176720007
0,0.04486041188772813
1,0.06732117254716526
1,0.3608198957282841
0,0.04827380150062889
0,0.3222105359109478
1,0.713517175527211
1,0.7567791601467445
1,0.676541923225227
0,0.4796638771891897
0,0.16201291153272188
0,0.06925179892625385
1,0.8637747701120041
0,0.019333046279414023
0,0.18687481748707374
1,0.8036170039740185
1,0.762762063021558
0,0.9075561195863571
1,0.5341076362487137
0,0.2766587740672062
0,0.08104345838716376
0,0.24223744585712192
0,0.2718108578460504
0,0.020784718485788667
1,0.8106559012558361
1,0.28297611408316875
0,0.05530894479177049
0,0.31579745851068813
1,0.9017615992727084
1,0.9702524190427457
1,0.8873348264644904
1,0.7108660715526259
0,0.15037650470824696
1,0.8996348197502677
0,0.05175214855414201
0,0.02152771535022547
1,0.9465470937645232
1,0.009462917085826784
0,0.4222426936140488
0,0.02405460259968386
1,0.6127062904780228
0,0.007007773555280914
0,0.8215418489287107
0,0.1452233076631499
1,0.9689140507013865
0,0.029744664770880697
1,0.8393182056322457
0,0.26368087141020563
1,0.11259587686084976
1,0.15984447486180123
1,0.6911578636458799
0,0.23639748385029657
1,0.04273024246166736
0,0.02843929355620214
0,0.07394063281696629
0,0.31565904311610476
0,0.07554570629887217
0,0.012153333613251407
1,0.9566573356605352
0,0.004882999125567905
0,0.46928745997818205
0,0.0072123768081732475
1,0.5134412140630192
1,0.582779213971597
1,0.9423789815830339
0,0.024646225394459487
0,0.05559397656035542
0,0.055975418741094934
0,0.08611027959886004
0,0.0343683050528482
0,0.21728242485549282
0,0.0063966434873356055
0,0.09676071608694331
1,0.9445996393723226
0,0.015494118762221797
1,0.5289466862178512
0,0.0756471043535226
0,0.099723771105639
0,0.005110705715257773
0,0.1315811180764654
0,0.021416194235435525
0,0.014106575986385376
1,0.9182906498460716
0,0.5253753929766614
0,0.017167455879683952
0,0.5040313183665004
0,0.11945339689690154
0,0.004153708388938382
0,0.13409119580030546
1,0.7859625027619103
0,0.007714613563992064
0,0.2262431159656143
1,0.9420994751540394
0,0.09124287796137716
0,0.15869935944722727
0,0.03582140594697669
1,0.7551681565116257
1,0.893116518700217
0,0.05332813298622013
0,0.007373536715204906
0,0.9112728944513921
1,0.8120231379438522
1,0.5438297953545824
1,0.8340028457213094
0,0.043683843606649654
1,0.8957058198449488
0,0.48219806299519624
0,0.06581999500736622
0,0.546080155281159
1,0.9542364348566641
0,0.08508211393438286
0,0.028233712985306428
0,0.15021632656202566
0,0.005660003241915578
0,0.032018316776582
0,0.022593691791479
0,0.17351692452464867
1,0.9110904151559666
1,0.31635206366749613
0,0.006587182757338411
0,0.016054388023961766
0,0.5029651773720887
1,0.8431780089943187
0,0.041850297495247976
0,0.9604914983991797
0,0.15417004973109483
1,0.6517189483125091
0,0.005300298703426873
1,0.9342875773822958
1,0.9250803427044282
0,0.753299876207085
1,0.8969610296591652
1,0.824084769377535
1,0.9258587381108896
1,0.7448850626901742
0,0.7762691071819793
1,0.947418303487292
0,0.05599531800846194
0,0.022133539354110884
0,0.22375153712347562
0,0.0261043075515851
0,0.05004070539734324
1,0.8532343669521764
0,0.1318188712108883
0,0.0187367150527469
0,0.006501099094356278
0,0.016602091697064433
0,0.018275956762664775
0,0.06336910216014163
1,0.30864337819199145
1,0.8356382724696985
0,0.09821383349189243
0,0.28843538370900434
1,0.969976597465108
0,0.723037097167181
1,0.8142191399319822
0,0.10929296503023042
1,0.8298729656649939
0,0.025515776324403085
1,0.7462353373700518
0,0.01884024087633692
0,0.021432122807981107
0,0.7012938994878883
1,0.34110418618725513
0,0.3814079430147827
0,0.05568952542039021
0,0.1623865718499809
1,0.7602673146944999
1,0.8402887657537318
1,0.8022044413349044
1,0.34559470798973396
1,0.9114148140215228
0,0.11498088286758466
0,0.013226615360347145
0,0.005907251169189625
0,0.07222470150972166
0,0.030570697857470273
0,0.7618851073113112
1,0.8660682728711752
1,0.7172011630990159
0,0.4309227327971935
0,0.007989287095708507
0,0.0653027263478254
1,0.9601806043937365
0,0.03165888230336509
1,0.2149672460355173
0,0.021922080682515263
0,0.082435644030528
1,0.8926133703678172
0,0.058203288916851136
0,0.025408729277766457
0,0.5756982253026407
0,0.09626824924040446
1,0.8570017231896522
0,0.03324946524906167
0,0.05182210309986922
0,0.12267370348367419
0,0.09152988745759291
0,0.778495224466304
0,0.0477625497198355
0,0.05208929628612662
0,0.018033104437425826
1,0.9718147818568265
1,0.8483039822483588
1,0.9298728966003199
0,0.8035090163615572
0,0.4635783886144373
0,0.21681624515858944
0,0.007914024240074454
0,0.029657386723681414
0,0.0051794749819659225
0,0.34120441774797966
1,0.7250104589198197
0,0.01567521627137048
1,0.28890344435408594
0,0.051766594109081514
0,0.005481995319479895
1,0.848419789127102
1,0.11458083140630362
0,0.025409553932119446
0,0.013238558087285596
0,0.03265209698285347
0,0.1709112014246276
0,0.7177448572991473
1,0.008732324980718336
1,0.7754693431724349
0,0.07154024998413004
0,0.03967470387531465
0,0.03632849345335367
1,0.9106069175131909
1,0.7087670011155772
1,0.7916421831639615
0,0.45687895662435507
0,0.2945812584741216
1,0.9324269618864531
1,0.3014220335332291
0,0.036738144678767716
0,0.7294493917706335
0,0.17263987122397553
0,0.01331329680812073
1,0.5718700179017945
1,0.6854021171725383
0,0.07237780690620778
0,0.06744671332158823
1,0.15484795391992992
0,0.019038461148899805
0,0.025693295860854785
1,0.9085267254224079
0,0.09568248485053357
1,0.8603454635223236
0,0.11494732230428137
0,0.020345084787831456
0,0.015462488642257135
0,0.26841173127987045
0,0.29934223940228627
0,0.06745969496671296
1,0.9344304848555588
1,0.954481632910598
0,0.009559361354599168
0,0.02553535674266994
0,0.028379324111465928
0,0.055425096514685614
1,0.5338528236999228
0,0.17374821659543419
1,0.3533444995600473
0,0.12728141284158534
0,0.1161860520280343
0,0.9063437503067693
1,0.7023173358119417
0,0.012520026197374958
1,0.3619759137520502
0,0.053589992551871864
0,0.00911610804608684
1,0.625127248760977
1,0.35454120389887445
0,0.15942720380520986
1,0.47554393138057127
0,0.03932974461278119
0,0.04005076699250897
0,0.01347002200736835
0,0.20304312847081796
0,0.005675789387340547
1,0.2770103495248935
1,0.7624509764082591
0,0.6127976257529637
1,0.8379636063064108
0,0.23612742500849662
1,0.8676658084054503
1,0.8443267106113841
1,0.4717694489446099
1,0.924792470511859
1,0.7866170046586162
0,0.010668106037277001
0,0.026473232845039163
0,0.13481273520359893
1,0.13027346931825312
0,0.3328735122473182
1,0.826741247862456
0,0.9026156290878085
1,0.9502569408660456
0,0.23557351855508413
1,0.2935591257205084
1,0.5638100091695837
1,0.45681871458771767
0,0.033704893892811866
1,0.8527562628406713
0,0.09707241504126173
1,0.653879780324799
1,0.8486940401224523
0,0.05280801143148295
1,0.45592217744068403
1,0.04140558068936847
1,0.8593328209191826
0,0.014487813946190772
1,0.6586651429104293
0,0.043976142627516264
1,0.08077099987526168
0,0.09493228657929764
0,0.02950931616442254
0,0.054393500714851516
0,0.1508470374906639
0,0.014256189353974163
0,0.3092269931729663
0,0.15555838192519353
0,0.030201579441456183
1,0.9233464249339354
1,0.9494577266010717
1,0.36826532826498837
0,0.024312252534813002
0,0.059619865365373365
0,0.12332862426886758
0,0.029593757267954036
1,0.678798519351515
0,0.18213604329022626
0,0.01100851561224313
1,0.3207398606698071
1,0.9709248070259375
0,0.04795658406960792
0,0.3763306026175408
1,0.7762133372936648
0,0.0781117342705925
0,0.013083278041417255
1,0.5785192917946598
1,0.9371930039441441
0,0.050274652369202394
0,0.011730372582502766
0,0.10687614211987079
1,0.9526882780008182
1,0.139624354310567
1,0.2465837391708379
1,0.8624814836050083
1,0.1874861108185201
0,0.4959454819370504
0,0.1843428178306472
1,0.14047756805274406
1,0.5853292518963003
1,0.4771883377331652
0,0.03697481280249837
1,0.9591657487651502
0,0.11239156857088428
0,0.014434469446882271
0,0.020185000014078917
0,0.12737905432909002
0,0.05559048901545402
0,0.006000123384479113
1,0.8839547851645337
1,0.6747007755589148
0,0.022017419827631543
0,0.00949307379180098
1,0.6887984520988343
0,0.17126208001225302
1,0.8647530578526451
0,0.02245826139619972
0,0.012505045120771857
0,0.12420556216616696
0,0.41760169568785477
0,0.015331866833776337
0,0.23495239986602706
0,0.00997823981357178
0,0.02284514609927678
0,0.6759994174309413
1,0.6515157808174005
0,0.004304672750723258
0,0.029959232442968744
1,0.5488435929284052
0,0.27097106591696457
0,0.3730924922278471
0,0.12652065062691548
0,0.7575111205896671
0,0.10895106101674605
0,0.10322500313040545
1,0.9436536769556971
0,0.008773778949557113
0,0.07714800782027818
1,0.7641889033708025
1,0.12163894954055904
0,0.5472981569825061
1,0.7602380805069645
1,0.691301060304364
0,0.015601322585094385
1,0.4409329488084488
0,0.13693544704370303
0,0.09552585327273481
0,0.568955771130767
0,0.03513755051240642
1,0.9433628735149173
1,0.926456739906352
1,0.6928509569018865
0,0.023141801519893878
0,0.5130400281035814
0,0.7359307371495796
0,0.6916267042571462
0,0.13167736367948873
0,0.23747368829858387
0,0.15844233888103496
1,0.4226613243383044
1,0.9341670487859367
0,0.12914533376964205
0,0.011623308807658746
0,0.006112931542592597
1,0.3030266528383226
0,0.12359153164898405
0,0.016776706897149902
1,0.8438366345527017
0,0.010495999114998121
0,0.06846983056294895
0,0.49732902278873403
1,0.7270794106708968
0,0.012246486435845362
0,0.00936803728027861
0,0.008514918742662475
1,0.778495224466304
