target,prediction
0,0.2963026620689322
0,0.43580059313635183
0,0.37346988287700567
0,0.29862525491202596
0,0.062208160276631196
0,0.31628031706067483
1,0.28147730861068354
0,0.3882709923950331
0,0.3489283330063814
0,0.06255398282928343
1,0.541064672976551
0,0.19480915199628374
1,0.553513706637091
0,0.3315344446537404
0,0.31628031706067483
0,0.3000963534889538
0,0.2944353200981068
0,0.31628031706067483
1,0.625049326734868
1,0.56087788020588
0,0.24283922964189425
0,0.06255398282928343
1,0.38181109377870415
1,0.35833158148719885
1,0.6000691160639987
0,0.393251176121897
1,0.42198129347212515
0,0.34127484103384065
1,0.71960480829813
0,0.28624537745087314
0,0.3546823470458043
0,0.05959095024823321
0,0.2590231932136153
0,0.31628031706067483
0,0.2964518234397434
0,0.5041211945218084
0,0.06255398282928343
0,0.29457437953691273
1,0.5944897142232328
1,0.4088516267075851
0,0.4024235620822907
0,0.5410169314827822
1,0.6268809692824793
0,0.2964518234397434
0,0.5148959433867789
1,0.2550154546263453
0,0.3153232823743263
0,0.3162127590299461
1,0.3000963534889538
0,0.33208434912099405
0,0.19953853130898783
0,0.21216059811508944
0,0.06255398282928343
1,0.31628031706067483
0,0.35263846671378263
0,0.28031170687011436
1,0.5167822424539368
0,0.4091474894910692
1,0.4678353098835119
0,0.4373673364599522
0,0.3380952623111862
1,0.4173646625914668
0,0.5303316548608775
0,0.24283922964189425
1,0.41929098655388525
0,0.3175148858320337
1,0.3387907256562978
0,0.5070568365117848
1,0.4191101797825123
1,0.6323125908650693
1,0.598206497299113
1,0.4642364132151224
0,0.28336845115580866
1,0.5591568942440278
0,0.31628031706067483
0,0.28336845115580866
1,0.6790382479575117
0,0.2964518234397434
0,0.4353995783266601
1,0.37346988287700567
1,0.31628031706067483
0,0.33757897685661864
0,0.503702290314797
0,0.4731783629710022
0,0.35262303480276935
0,0.25232175122636563
0,0.15101700616967215
0,0.3223023615056491
0,0.5915919697134598
1,0.2964518234397434
1,0.5747223964694446
0,0.05951576021192091
1,0.15552436121468757
0,0.05951576021192091
0,0.10330870824920718
0,0.34692306816526636
0,0.27928521268629575
0,0.31628031706067483
1,0.22286932247311414
1,0.4528670925475241
1,0.4552509538008654
0,0.3000963534889538
0,0.48208759394084044
1,0.45978872812227245
0,0.05792668845397806
1,0.4799411672691103
1,0.4239496492516406
0,0.07505843463627912
1,0.3424325339618495
0,0.4239496492516406
1,0.5039597134708188
0,0.32581544429506476
1,0.553513706637091
1,0.71960480829813
1,0.4022559468145014
0,0.31898739489648364
0,0.2964518234397434
0,0.30893269292304565
1,0.31628031706067483
1,0.6244722005626766
1,0.30937001750108195
1,0.48535207544540415
0,0.2188469602001251
0,0.2964518234397434
0,0.05951576021192091
1,0.4239496492516406
0,0.06255398282928343
1,0.28147730861068354
0,0.05951576021192091
0,0.28091324226518405
0,0.3220339762692052
0,0.08640390667939772
0,0.30953392212195086
1,0.5839670887475056
0,0.27928521268629575
1,0.5001675494686753
1,0.541064672976551
0,0.34148759760181147
0,0.06255398282928343
0,0.5267775229311747
0,0.3209147186025215
0,0.40998365286545935
0,0.17276527954549303
0,0.2964518234397434
1,0.34692306816526636
0,0.28336845115580866
0,0.4429779836523444
0,0.06255398282928343
0,0.2964518234397434
0,0.4191101797825123
0,0.3408254726222129
0,0.3088078789788981
1,0.4095043829621295
1,0.4889801678886907
0,0.29862525491202596
0,0.3282261173601988
0,0.5842380809653689
0,0.1753275373566862
1,0.4489806999073484
0,0.06255398282928343
1,0.427067529771485
0,0.23925786630140955
0,0.06732994062536889
0,0.3031433326706702
0,0.71960480829813
1,0.09770822184564612
0,0.28147730861068354
0,0.06255398282928343
0,0.31628031706067483
0,0.42662334140529046
1,0.6349041539400961
1,0.5267775229311747
0,0.06255398282928343
0,0.062208160276631196
1,0.5292274595211319
1,0.3283168295464174
0,0.49765146781770175
0,0.5267775229311747
0,0.2836364406792765
0,0.35263846671378263
1,0.4219236277973077
1,0.43866667685594934
1,0.6777161828678043
1,0.43824934879270633
0,0.28147730861068354
1,0.6790382479575117
0,0.30463471062410735
0,0.09266693405312794
1,0.5306327195991317
0,0.34148759760181147
1,0.4622558670865408
1,0.3231429302195486
0,0.31628031706067483
0,0.31628031706067483
0,0.2964518234397434
1,0.4678353098835119
0,0.31628031706067483
1,0.5839670887475056
1,0.45030940068938063
1,0.5591568942440278
0,0.37189472493382614
0,0.3180923569014003
0,0.06517488691149871
0,0.360093530346114
1,0.5039597134708188
0,0.24882157302427962
0,0.5918269823772195
0,0.05792668845397806
1,0.5619260853850554
0,0.3180923569014003
0,0.28336845115580866
1,0.29862525491202596
0,0.06255398282928343
0,0.37346988287700567
0,0.06732994062536889
1,0.3544364303479959
0,0.5048736472075591
0,0.05501112064098373
0,0.37346988287700567
1,0.580922861017759
0,0.05501112064098373
1,0.34541350920373104
0,0.5232755546503756
0,0.39703416054082064
1,0.4314297419876988
0,0.49685474406922586
1,0.6000691160639987
0,0.06385424627177382
1,0.702615485448496
1,0.27476789371679566
1,0.35833158148719885
0,0.06255398282928343
0,0.05792668845397806
1,0.505421276813062
0,0.05501112064098373
1,0.4793825941503337
0,0.458091615396053
0,0.05501112064098373
1,0.34692306816526636
0,0.4486175309357992
0,0.2963026620689322
1,0.37346988287700567
0,0.06255398282928343
0,0.31628031706067483
0,0.44130548430880934
0,0.05501112064098373
0,0.3424325339618495
0,0.05959095024823321
1,0.3544364303479959
0,0.29905334174481163
1,0.28609027011179033
0,0.5522701495176124
1,0.4838565311882153
1,0.6194935786352529
1,0.5675245816883243
1,0.4552509538008654
0,0.553513706637091
0,0.10330870824920718
0,0.3090780219554034
0,0.2821323107369662
0,0.3153232823743263
0,0.5070568365117848
1,0.37346988287700567
0,0.3000963534889538
1,0.541064672976551
0,0.3537277711079603
0,0.14461181310667032
0,0.4027961109462222
0,0.30893269292304565
1,0.2857097974156708
0,0.3200235482497421
1,0.5522701495176124
1,0.5743546273026372
0,0.40812315418065037
0,0.3180923569014003
1,0.5853037703507409
1,0.4302989691957639
0,0.43580059313635183
1,0.5251804318045699
1,0.541064672976551
0,0.31628031706067483
1,0.4420001826582126
0,0.05951576021192091
1,0.31628031706067483
0,0.190338328365076
0,0.06385424627177382
0,0.4239496492516406
0,0.4353995783266601
0,0.43457166764788263
1,0.37346988287700567
0,0.3090780219554034
0,0.31628031706067483
0,0.6755731863087387
0,0.3882709923950331
1,0.5839670887475056
0,0.05959095024823321
1,0.3854019541072372
1,0.5122627800697526
1,0.4895894314107507
1,0.7341679150942465
0,0.39767424087585057
0,0.2848638267474243
0,0.06732994062536889
0,0.6569023916915734
1,0.6012963080804326
0,0.27048733706000533
1,0.6012463674249899
1,0.34486118804092347
0,0.36538823951719845
1,0.514375201353381
0,0.43457166764788263
1,0.4219236277973077
0,0.05951576021192091
0,0.13643813870733312
0,0.3180923569014003
0,0.4829678795421562
0,0.5839670887475056
0,0.3413282879168123
0,0.06255398282928343
0,0.32104185492684595
0,0.391714611668595
0,0.06255398282928343
0,0.05959095024823321
0,0.16398900508433673
0,0.4601948756564415
1,0.5591568942440278
0,0.06768943461125812
1,0.28336845115580866
0,0.06732994062536889
0,0.18917902171692408
1,0.3941538829187108
0,0.2964518234397434
0,0.47858661209630854
0,0.0696769623024773
0,0.31628031706067483
0,0.32572668411065947
1,0.36699099724920176
1,0.5883718279026828
0,0.3020920223213076
1,0.4219236277973077
1,0.4693722379902261
1,0.6389297171777585
0,0.07062411050710649
0,0.3020920223213076
1,0.625049326734868
0,0.05951576021192091
0,0.2929836627762719
0,0.463113786480223
1,0.34692306816526636
0,0.06255398282928343
0,0.05959095024823321
0,0.24283922964189425
1,0.5612228621894576
0,0.2964518234397434
0,0.2964518234397434
0,0.44481615576022016
0,0.06872039117494991
0,0.32432071001988033
0,0.41929098655388525
1,0.3677925156303624
0,0.5001675494686753
1,0.6322529199973348
0,0.05951576021192091
1,0.19055212063700178
1,0.5158788365228628
1,0.694040750226819
1,0.4596131278986215
0,0.3411638577608157
0,0.05792668845397806
0,0.37346988287700567
0,0.2987494662271611
1,0.7105265629598408
1,0.31628031706067483
1,0.5272972914867607
1,0.5316658671803289
0,0.4659295960928261
0,0.33029776666407634
1,0.31628031706067483
0,0.598206497299113
1,0.2964518234397434
0,0.31628031706067483
0,0.4506389216874213
0,0.3000963534889538
1,0.42425930146931146
0,0.24283922964189425
0,0.303941734075722
0,0.3078798734056902
1,0.5526034293051167
0,0.08118783617782512
1,0.5591568942440278
0,0.05959095024823321
1,0.2590231932136153
1,0.5871496432302005
1,0.6012963080804326
0,0.05951576021192091
0,0.5155395037702162
0,0.6619679915324256
0,0.2964518234397434
0,0.3220339762692052
0,0.5627557242488846
1,0.46676256227689267
0,0.35263846671378263
0,0.31628031706067483
0,0.5522701495176124
0,0.28091324226518405
0,0.37346988287700567
0,0.24283922964189425
0,0.5915919697134598
0,0.3762750205728775
1,0.2944353200981068
1,0.22489323387758722
0,0.47119729955602074
1,0.4694922326328772
0,0.24283922964189425
1,0.49685474406922586
0,0.3736124284926176
1,0.4337455296103994
0,0.05792668845397806
0,0.37912996718446396
0,0.5883718279026828
0,0.31898739489648364
0,0.3718649875948408
0,0.11631326443587782
1,0.44481615576022016
0,0.05959095024823321
1,0.42552818734034215
1,0.6012463674249899
1,0.5292274595211319
0,0.5416850571720998
0,0.05959095024823321
0,0.3124957227461789
0,0.28147730861068354
0,0.28147730861068354
0,0.05951576021192091
1,0.5267775229311747
0,0.24283922964189425
0,0.05792668845397806
1,0.406933051281848
1,0.71960480829813
0,0.37346988287700567
0,0.5051075503927966
1,0.31628031706067483
0,0.3854019541072372
0,0.5321950467402574
0,0.3091770286508905
1,0.5839670887475056
0,0.5202772465300753
0,0.3631569724950654
1,0.5476722470314841
1,0.4344250838020488
0,0.3180923569014003
0,0.5020983978399591
0,0.05951576021192091
1,0.4291561903990255
1,0.5068133912205139
0,0.3424325339618495
0,0.3293526004093314
1,0.5839670887475056
0,0.05792668845397806
0,0.06255398282928343
0,0.3180923569014003
0,0.3217963963115066
0,0.25924982120577095
1,0.5037847513842961
0,0.31898739489648364
0,0.40278693417531397
0,0.5747223964694446
0,0.4342830752163569
0,0.2944353200981068
0,0.7315500056426214
0,0.5217589586447786
0,0.5267775229311747
0,0.28336845115580866
0,0.6052132442609672
0,0.06732994062536889
1,0.3116895935068664
0,0.32995308451675237
0,0.3072786442067849
0,0.5267775229311747
1,0.6052363751250377
0,0.05959095024823321
1,0.3247490766119619
0,0.05792668845397806
1,0.5020034489922252
0,0.06732994062536889
1,0.5051075503927966
1,0.5068133912205139
1,0.48116067227400927
1,0.29862525491202596
0,0.34127484103384065
0,0.05951576021192091
0,0.31628031706067483
0,0.05501112064098373
0,0.3123648992133367
0,0.05792668845397806
1,0.6303490768190116
1,0.48447836213410667
0,0.06768943461125812
0,0.07871071369920177
0,0.37346988287700567
0,0.38594618597772457
1,0.37346988287700567
0,0.4733856795527201
0,0.25890409363272165
0,0.3808580990285565
0,0.06255398282928343
0,0.05959095024823321
0,0.31628031706067483
1,0.5301878540244078
1,0.33655422187856865
0,0.47879612497564006
0,0.06255398282928343
1,0.6083091534620733
0,0.2964518234397434
0,0.3000963534889538
1,0.4552509538008654
1,0.4239496492516406
0,0.05951576021192091
0,0.5267775229311747
0,0.3758135886197912
0,0.541064672976551
0,0.5591568942440278
0,0.2964518234397434
1,0.31628031706067483
0,0.41252037931649016
1,0.5323498679290158
0,0.05501112064098373
0,0.08781247744357568
1,0.3148663635038043
0,0.05792668845397806
0,0.2522620461978793
1,0.6166404995143756
1,0.71960480829813
0,0.24283922964189425
0,0.24882157302427962
0,0.06255398282928343
1,0.6728579681314576
0,0.06255398282928343
0,0.31628031706067483
0,0.05951576021192091
1,0.71960480829813
0,0.42182086632087845
0,0.3380952623111862
0,0.17107235914787108
1,0.5839670887475056
0,0.26377742340123433
0,0.6016447896815722
0,0.09013741455341232
1,0.28389817418740254
1,0.46154917177386723
1,0.3153232823743263
1,0.3283168295464174
0,0.05792668845397806
0,0.3196457502858442
1,0.6604536507392603
1,0.6755731863087387
1,0.541064672976551
1,0.37346988287700567
0,0.5591568942440278
0,0.4992120284906914
0,0.5267775229311747
0,0.3180923569014003
0,0.3825146887294813
0,0.3380952623111862
1,0.5292274595211319
0,0.05792668845397806
1,0.6619679915324256
1,0.41744361945995473
0,0.5627557242488846
0,0.05951576021192091
0,0.28336845115580866
0,0.4429779836523444
1,0.41929098655388525
0,0.3153232823743263
0,0.285242800519613
1,0.2964518234397434
1,0.5431505143928725
0,0.3217963963115066
0,0.2944353200981068
0,0.06255398282928343
0,0.28147730861068354
1,0.32771106747854456
1,0.4552509538008654
1,0.31441960168293365
1,0.38648440993811545
0,0.3380952623111862
0,0.3255359240369902
0,0.32926324549621316
0,0.4552509538008654
1,0.34396202590239405
0,0.05792668845397806
1,0.6313009640670918
0,0.3823166694632916
0,0.22489323387758722
1,0.6569023916915734
0,0.49672657497586564
0,0.05792668845397806
0,0.33208434912099405
0,0.3110446792224334
0,0.38948240691411024
0,0.05951576021192091
0,0.28336845115580866
1,0.4880232940713393
1,0.45610580812306595
1,0.6264985829032808
0,0.06768943461125812
0,0.3424325339618495
1,0.3000963534889538
1,0.31628031706067483
0,0.31628031706067483
1,0.6446645535736034
0,0.4332820659052558
0,0.39128103303394624
0,0.06255398282928343
1,0.29862525491202596
0,0.31898739489648364
0,0.09572361153965268
0,0.3385296977961145
1,0.4895894314107507
1,0.6243719600733685
0,0.3090780219554034
1,0.5321950467402574
0,0.05501112064098373
0,0.3607645616853386
0,0.34077848524558874
0,0.49685474406922586
0,0.37346988287700567
0,0.5839670887475056
0,0.37177445808980775
0,0.544771081074611
0,0.3180923569014003
1,0.31628031706067483
0,0.07505843463627912
0,0.37145141452203506
0,0.2963026620689322
1,0.5410169314827822
0,0.5267775229311747
0,0.22934147101422822
1,0.42536863975893235
0,0.28336845115580866
0,0.28336845115580866
1,0.4097069313016948
0,0.06255398282928343
1,0.4342830752163569
0,0.4609423686580755
0,0.2590231932136153
0,0.06781240902201756
1,0.32733813756791647
1,0.5059323370050375
0,0.2964518234397434
1,0.5292274595211319
1,0.5294098766776328
0,0.43547811756507326
0,0.3180923569014003
0,0.30953392212195086
0,0.7260764142400289
1,0.360093530346114
1,0.6755731863087387
0,0.28336845115580866
0,0.28336845115580866
0,0.18947611541217227
0,0.360093530346114
0,0.28147730861068354
0,0.41110655230137744
0,0.37346988287700567
0,0.05951576021192091
1,0.5874159176375421
0,0.39330199629298807
1,0.71960480829813
0,0.05951576021192091
1,0.5835723894884193
0,0.06255398282928343
0,0.05951576021192091
1,0.5267775229311747
0,0.05951576021192091
1,0.5612228621894576
0,0.5143550375193042
1,0.6814207786159097
1,0.5488560713806451
1,0.3544364303479959
0,0.3315344446537404
1,0.2518840648170696
1,0.6860753537789953
0,0.06255398282928343
0,0.30953392212195086
0,0.294618224680158
0,0.06781240902201756
1,0.3544364303479959
0,0.05959095024823321
1,0.31628031706067483
0,0.685860058778166
1,0.4199712470022261
0,0.05959095024823321
0,0.5187955061437124
1,0.5142981300382766
0,0.31628031706067483
0,0.4405560184486664
0,0.05792668845397806
0,0.10694811278854706
0,0.36314413192972544
0,0.5116110271801446
0,0.3000963534889538
1,0.360093530346114
0,0.06385424627177382
0,0.3775044621082178
0,0.34148759760181147
0,0.2963026620689322
1,0.5321950467402574
1,0.541064672976551
0,0.3823166694632916
0,0.28147730861068354
1,0.24283922964189425
0,0.05792668845397806
0,0.33633751514927857
1,0.5874159176375421
1,0.12477469543715085
1,0.3823166694632916
0,0.35384654380599895
0,0.05959095024823321
1,0.3283168295464174
0,0.3380952623111862
1,0.37617238682619364
0,0.3380952623111862
0,0.3031433326706702
0,0.2539762235214734
0,0.3180923569014003
0,0.41831719828596536
1,0.28147730861068354
0,0.24283922964189425
0,0.07871071369920177
0,0.4429779836523444
1,0.43374805643408143
0,0.43457166764788263
1,0.33208434912099405
0,0.24389858608875092
0,0.5090269306520843
0,0.30893269292304565
0,0.43457166764788263
0,0.31898739489648364
1,0.31628031706067483
1,0.5267775229311747
0,0.3220339762692052
0,0.24283922964189425
1,0.5040420572689823
0,0.4622558670865408
1,0.6846251557923058
0,0.35262303480276935
0,0.05792668845397806
0,0.31329580732513074
0,0.31628031706067483
1,0.3000963534889538
0,0.49625598796982284
0,0.47169251470876983
1,0.37610925537383283
0,0.37346988287700567
0,0.4373673364599522
0,0.34148759760181147
1,0.4840886775741603
0,0.28091324226518405
0,0.39767424087585057
0,0.3343473497548217
0,0.05501112064098373
0,0.37346988287700567
0,0.28310948690380655
0,0.28147730861068354
0,0.3941538829187108
1,0.5267775229311747
0,0.06255398282928343
0,0.4199712470022261
0,0.3072786442067849
0,0.3031433326706702
0,0.31628031706067483
1,0.5554757997714107
1,0.43090120740608445
1,0.6389297171777585
0,0.557388729396604
1,0.6243719600733685
1,0.2632761796595876
1,0.05951576021192091
1,0.5158788365228628
0,0.5020983978399591
1,0.44481615576022016
0,0.06255398282928343
0,0.2964518234397434
1,0.3823166694632916
0,0.28147730861068354
0,0.3378830991751777
1,0.37346988287700567
0,0.10585140991130428
0,0.05792668845397806
0,0.05792668845397806
0,0.06255398282928343
0,0.4226838837554923
1,0.5009349286020391
0,0.4840886775741603
0,0.4992120284906914
0,0.292243224173719
0,0.37346988287700567
1,0.5846684940727273
1,0.31898739489648364
1,0.31628031706067483
1,0.4097069313016948
1,0.5267775229311747
0,0.4168590022612044
1,0.4199712470022261
0,0.3000963534889538
1,0.3153232823743263
0,0.27990296334776127
0,0.3000963534889538
0,0.3028624671176579
0,0.43438755149230684
1,0.7150705359404591
0,0.23925786630140955
1,0.5839670887475056
1,0.42662334140529046
0,0.71960480829813
0,0.42536863975893235
0,0.4596131278986215
0,0.5410169314827822
1,0.4465166017224626
0,0.24283922964189425
0,0.05959095024823321
1,0.5321950467402574
1,0.4552509538008654
1,0.3000963534889538
0,0.34692306816526636
0,0.31628031706067483
0,0.32746949301132544
0,0.3607645616853386
0,0.2964518234397434
0,0.4199712470022261
0,0.06255398282928343
0,0.34148759760181147
1,0.5087494148569878
0,0.09446558261841709
1,0.33655422187856865
0,0.17114504607691594
1,0.6052132442609672
1,0.522018111223789
1,0.3738488450265096
0,0.2944353200981068
1,0.5267775229311747
1,0.5122627800697526
0,0.05951576021192091
0,0.3475957597462579
1,0.3826480456318174
0,0.37449679822239584
0,0.35370303056954333
0,0.07505843463627912
0,0.43661363454965274
1,0.503002352438941
0,0.553513706637091
0,0.3112268164616877
0,0.32733813756791647
0,0.3674568650132915
1,0.4064196477912012
0,0.5267775229311747
0,0.06255398282928343
0,0.3544364303479959
1,0.5347013573021556
0,0.4443958709687184
0,0.07301798639468864
0,0.05501112064098373
1,0.40278693417531397
1,0.5248281321444896
0,0.05951576021192091
1,0.3544364303479959
0,0.4701623566741265
0,0.4748418944649378
1,0.6484570501587508
1,0.5529845599847253
1,0.4219236277973077
0,0.34546477584775986
1,0.35263846671378263
1,0.5306327195991317
1,0.42099578894777806
0,0.6062085461369561
1,0.28336845115580866
1,0.13910326849364119
0,0.28624537745087314
1,0.31099061441139203
0,0.6344468551221405
0,0.06255398282928343
1,0.4429779836523444
0,0.7379136276954481
0,0.08656019082783138
0,0.09770822184564612
0,0.34692306816526636
0,0.06255398282928343
0,0.4492127211234352
1,0.4552509538008654
1,0.4895894314107507
1,0.4838565311882153
1,0.5191153668155862
0,0.07505843463627912
0,0.3823166694632916
0,0.28147730861068354
0,0.3380952623111862
1,0.2550154546263453
0,0.3489032903044934
0,0.05959095024823321
0,0.489482374952246
0,0.05792668845397806
0,0.31628031706067483
1,0.5874159176375421
0,0.3229190260872731
1,0.2964518234397434
0,0.29082903791577897
0,0.22403717197074813
0,0.05792668845397806
0,0.6349041539400961
0,0.4338185069275443
1,0.6243719600733685
0,0.5347770574295941
1,0.5388013952524442
0,0.06385424627177382
1,0.5839670887475056
0,0.2987494662271611
0,0.5097772553518223
1,0.71960480829813
0,0.28147730861068354
1,0.13157677184964142
0,0.6634139241595356
1,0.5696546924764112
1,0.34692306816526636
1,0.7341679150942465
1,0.42511451242319237
0,0.10345198991394776
0,0.40278693417531397
0,0.2964518234397434
0,0.05792668845397806
0,0.28147730861068354
0,0.360093530346114
0,0.5477581571826543
0,0.3387907256562978
0,0.31628031706067483
0,0.31071229827425495
0,0.31628031706067483
1,0.5541436891751191
1,0.4199712470022261
1,0.4372452280326993
1,0.5874159176375421
1,0.47858661209630854
0,0.28336845115580866
0,0.05951576021192091
0,0.5839670887475056
0,0.06255398282928343
0,0.05501112064098373
0,0.28336845115580866
0,0.05951576021192091
0,0.5546045601059183
0,0.43580059313635183
0,0.5267775229311747
0,0.41262884621414286
0,0.4812717363260375
1,0.4840886775741603
1,0.43866667685594934
1,0.5883718279026828
0,0.28336845115580866
0,0.31071229827425495
1,0.5155395037702162
0,0.25858113016834355
0,0.05951576021192091
1,0.3387907256562978
1,0.6628599958972134
0,0.06255398282928343
0,0.2964518234397434
0,0.08967397403857588
1,0.44634901427873547
0,0.07505843463627912
1,0.4895894314107507
0,0.5267775229311747
0,0.23925786630140955
1,0.5522701495176124
0,0.3288196463680003
1,0.541064672976551
0,0.05501112064098373
1,0.4162113301425011
1,0.49458255286977915
0,0.4587293701864972
1,0.38815630470203544
1,0.28310948690380655
1,0.43457166764788263
0,0.31898739489648364
0,0.31628031706067483
0,0.31898739489648364
0,0.2836364406792765
0,0.35263846671378263
1,0.6681197826155354
0,0.37346988287700567
1,0.3120980747159817
0,0.36435530427151536
1,0.31628031706067483
0,0.12848187909318998
1,0.48447836213410667
0,0.05959095024823321
0,0.11349315555493118
1,0.5122627800697526
0,0.3180923569014003
0,0.309214665580014
0,0.2902919267965412
0,0.05501112064098373
0,0.3497311919967535
1,0.5526034293051167
1,0.37346988287700567
1,0.7315500056426214
0,0.05959095024823321
1,0.6323125908650693
1,0.41295161258564506
0,0.06255398282928343
0,0.06768943461125812
0,0.2875455012620861
1,0.2944353200981068
0,0.5874159176375421
0,0.6827246318558012
0,0.505421276813062
0,0.5369387463563702
0,0.49625598796982284
0,0.5410169314827822
0,0.2964518234397434
0,0.3607645616853386
0,0.2522620461978793
0,0.05951576021192091
0,0.05792668845397806
0,0.05951576021192091
1,0.4601948756564415
0,0.2964518234397434
0,0.4937183085356024
0,0.05501112064098373
0,0.30893269292304565
0,0.393251176121897
0,0.2838389773424403
0,0.5874159176375421
0,0.2836364406792765
1,0.4801448939655481
0,0.05951576021192091
0,0.41985015996529096
1,0.37346988287700567
0,0.5122627800697526
0,0.31628031706067483
0,0.3000963534889538
0,0.4168590022612044
0,0.4429779836523444
1,0.3860192195453372
1,0.5499819194308052
0,0.39767424087585057
0,0.30893269292304565
0,0.4942278369904532
0,0.47782283520799507
0,0.40243848471810656
0,0.07871071369920177
0,0.5248281321444896
0,0.28147730861068354
1,0.3736124284926176
0,0.2522620461978793
0,0.4266567270874494
1,0.553513706637091
0,0.07505843463627912
1,0.6116923044697958
1,0.7036439177330871
1,0.5883718279026828
0,0.37346988287700567
0,0.5307569550696769
1,0.34692306816526636
1,0.5046103622087289
0,0.2112704980360513
0,0.05792668845397806
0,0.4592772976142144
1,0.3823166694632916
0,0.24283922964189425
1,0.5839670887475056
1,0.31628031706067483
1,0.4199712470022261
1,0.406933051281848
0,0.3563337360424511
1,0.5457550478579927
0,0.37346988287700567
0,0.2543836763025948
0,0.34692306816526636
1,0.2944353200981068
0,0.34127484103384065
0,0.5461649910702034
1,0.3544364303479959
0,0.23925786630140955
0,0.37920405031229587
0,0.5267775229311747
0,0.05501112064098373
0,0.31628031706067483
1,0.3891276505140149
0,0.28725545195436014
1,0.3808580990285565
0,0.06255398282928343
0,0.06732994062536889
0,0.28336845115580866
0,0.28147730861068354
0,0.31628031706067483
0,0.15101700616967215
0,0.28147730861068354
0,0.2887989384337756
0,0.3020920223213076
1,0.46243865385351857
1,0.37346988287700567
0,0.495645102019626
0,0.05501112064098373
1,0.40796735061607975
0,0.05792668845397806
0,0.28336845115580866
0,0.05501112064098373
0,0.34692306816526636
1,0.38948240691411024
0,0.3612759306299634
1,0.6561346605065979
0,0.37145141452203506
1,0.6188072271248958
1,0.644938485238632
0,0.06255398282928343
0,0.05951576021192091
1,0.41929098655388525
0,0.06768943461125812
1,0.37346988287700567
1,0.5839670887475056
1,0.5048687739946616
1,0.34127484103384065
0,0.31469851783468
1,0.7315500056426214
0,0.31628031706067483
0,0.4780154304302922
0,0.5591568942440278
1,0.33208434912099405
0,0.3424325339618495
0,0.43438755149230684
0,0.28336845115580866
1,0.47858661209630854
0,0.5007880785374315
1,0.458091615396053
0,0.05792668845397806
0,0.5522701495176124
0,0.4075911609171222
1,0.48029313223126513
0,0.05792668845397806
0,0.059877265544159834
0,0.05959095024823321
1,0.3536321501325289
1,0.6244722005626766
1,0.42066334676073824
1,0.5883718279026828
0,0.3124957227461789
0,0.2745430996023367
0,0.34846622994206977
0,0.3621256305122247
0,0.4024235620822907
0,0.294618224680158
0,0.4659295960928261
0,0.3947574076116284
1,0.4239496492516406
1,0.5665044946619046
1,0.07871071369920177
0,0.05951576021192091
0,0.3776159739551061
0,0.37127812762416035
1,0.4429779836523444
0,0.05951576021192091
0,0.41262884621414286
1,0.522757203887282
0,0.05951576021192091
0,0.2731866221294013
0,0.33961535123698
1,0.321607744351282
0,0.31518638077253136
1,0.626413769110404
0,0.24389858608875092
0,0.38756879292343543
0,0.4353586099349977
0,0.2099233088265324
0,0.4749493882546383
1,0.37491307827191206
0,0.31628031706067483
1,0.71960480829813
1,0.5839670887475056
0,0.3275117631230809
0,0.06255398282928343
1,0.34127484103384065
1,0.5292274595211319
1,0.6214674103362215
0,0.28336845115580866
1,0.31898739489648364
0,0.37346988287700567
0,0.24283922964189425
0,0.06255398282928343
0,0.2620672802617773
0,0.36561139774184703
0,0.35263846671378263
0,0.3014892839544095
0,0.26102828867692396
0,0.15831166514742
0,0.22489323387758722
1,0.4979565513865893
1,0.05959095024823321
1,0.6940971079327285
0,0.2848638267474243
1,0.6062085461369561
1,0.44634901427873547
0,0.5347770574295941
0,0.360093530346114
0,0.24336326022804836
0,0.32156072722071194
0,0.4908107972159638
0,0.31317679124404824
1,0.5267775229311747
0,0.44481615576022016
1,0.3424325339618495
0,0.06255398282928343
0,0.12327915438386954
1,0.05501112064098373
0,0.3217963963115066
0,0.31628031706067483
0,0.05951576021192091
1,0.28147730861068354
0,0.30893269292304565
0,0.2964518234397434
1,0.24283922964189425
0,0.3544364303479959
1,0.3544364303479959
1,0.5410169314827822
1,0.46526673285878106
0,0.2659695193256221
0,0.31628031706067483
0,0.3349630718028313
0,0.09770822184564612
1,0.4239496492516406
0,0.4183328793314889
0,0.06255398282928343
1,0.5064691191415681
0,0.06255398282928343
0,0.21944417243538852
0,0.2964518234397434
0,0.3380952623111862
0,0.05951576021192091
0,0.2099233088265324
0,0.3124957227461789
0,0.5536190199649208
1,0.31117141703062734
0,0.06255398282928343
0,0.47119729955602074
0,0.6083091534620733
1,0.31628031706067483
0,0.40041703425971675
0,0.06255398282928343
1,0.5267775229311747
0,0.4601212100079648
0,0.05501112064098373
0,0.2964518234397434
0,0.31628031706067483
1,0.7315500056426214
0,0.2964518234397434
0,0.47965522931353194
0,0.1692883020785926
0,0.05792668845397806
0,0.337012309452712
0,0.2987494662271611
0,0.34148759760181147
0,0.28147730861068354
1,0.39767424087585057
1,0.35263846671378263
0,0.5262001479308871
0,0.4199712470022261
0,0.3097453389070692
1,0.31974656378461475
0,0.3000963534889538
0,0.2964518234397434
0,0.3493126718315372
0,0.05501112064098373
0,0.05951576021192091
1,0.11641209938188787
1,0.7154811311885063
1,0.3031433326706702
1,0.644938485238632
0,0.625049326734868
0,0.33441728656405467
0,0.32184469643412744
0,0.5375160580663232
0,0.4929669776037316
0,0.2916910459036791
0,0.5517307460313379
0,0.05951576021192091
1,0.3823166694632916
0,0.3775044621082178
0,0.4429779836523444
1,0.06255398282928343
0,0.05792668845397806
0,0.3775044621082178
0,0.42920981571364925
0,0.16398900508433673
0,0.2549085088996509
0,0.37346988287700567
1,0.4592772976142144
1,0.3837479053909765
0,0.3363350415699128
0,0.06768943461125812
0,0.33208434912099405
1,0.5675245816883243
1,0.7194185608453213
0,0.36561139774184703
0,0.33679869341357516
1,0.3483717308518597
0,0.4661703846138452
1,0.5944897142232328
1,0.3000963534889538
0,0.27880110058216995
0,0.05501112064098373
0,0.05959095024823321
0,0.32716559765173964
0,0.3823045698177535
1,0.3671669703349909
0,0.37346988287700567
1,0.6264619685785414
0,0.3110576945870557
0,0.3285553903290064
1,0.4429779836523444
0,0.05792668845397806
1,0.37346988287700567
0,0.05792668845397806
0,0.4444208427019534
0,0.4858528485208052
0,0.6500696074600512
0,0.05501112064098373
1,0.5013062206751198
0,0.24283922964189425
0,0.05951576021192091
0,0.0696769623024773
0,0.33908274510945285
0,0.4552509538008654
0,0.4688112192168753
1,0.34541350920373104
0,0.07871071369920177
0,0.3823166694632916
0,0.06255398282928343
0,0.2964518234397434
1,0.3882709923950331
1,0.46028722024212076
1,0.5796951152562303
0,0.06255398282928343
0,0.05792668845397806
0,0.05792668845397806
0,0.4672270059076845
1,0.49342461087805994
0,0.30953392212195086
0,0.3944890223751846
0,0.3180923569014003
0,0.4801448939655481
1,0.5839670887475056
0,0.3736124284926176
0,0.31628031706067483
1,0.4895894314107507
1,0.6501195481154936
1,0.36186130179191667
0,0.35263846671378263
1,0.44818715677810766
0,0.2964518234397434
0,0.27928521268629575
1,0.4659295960928261
0,0.31628031706067483
0,0.2916910459036791
0,0.37346988287700567
0,0.28336845115580866
0,0.5210590972193091
0,0.3759764460180359
1,0.3000963534889538
1,0.42506306686525525
0,0.4024235620822907
0,0.36935865797586837
1,0.3652646652294426
1,0.5306327195991317
0,0.41262884621414286
1,0.4260892249702769
0,0.28336845115580866
0,0.32885986564904107
0,0.3823166694632916
0,0.05959095024823321
0,0.3859551443907544
1,0.42182086632087845
0,0.31628031706067483
0,0.31628031706067483
0,0.28147730861068354
0,0.35797886127846806
0,0.23925786630140955
1,0.35500658124106416
1,0.5087494148569878
0,0.3808580990285565
1,0.33655422187856865
0,0.30893269292304565
0,0.06385424627177382
1,0.6153494759683531
0,0.06768943461125812
0,0.29421593458393724
1,0.44481615576022016
1,0.49685474406922586
0,0.45978872812227245
0,0.21473287445486414
0,0.4097069313016948
1,0.5267775229311747
0,0.05792668845397806
0,0.25858113016834355
0,0.3090780219554034
0,0.3884189137222208
0,0.274134220629163
0,0.24997038931830395
0,0.05792668845397806
0,0.06385424627177382
0,0.3826480456318174
0,0.5267775229311747
0,0.05959095024823321
0,0.4838565311882153
0,0.32615316186065413
1,0.5874159176375421
1,0.40796735061607975
0,0.40210144218248106
0,0.42590800509351234
1,0.42198129347212515
0,0.4024235620822907
1,0.31628031706067483
0,0.2964518234397434
0,0.293543355119826
0,0.06255398282928343
1,0.4429779836523444
0,0.4437430506996984
1,0.6619679915324256
0,0.0669130991259641
0,0.27928521268629575
0,0.46678753682917606
1,0.3015795132542677
0,0.45978872812227245
0,0.328528603012425
0,0.6153494759683531
0,0.31628031706067483
0,0.4552509538008654
1,0.5267775229311747
0,0.15543564685377748
1,0.28336845115580866
1,0.6995546228769454
0,0.2964518234397434
1,0.3000963534889538
0,0.31628031706067483
1,0.3870168987918058
0,0.5601350884579704
1,0.5372285034968342
1,0.541064672976551
0,0.2451932173075047
0,0.07782011691489989
0,0.24794788861420386
1,0.5839670887475056
1,0.31628031706067483
0,0.06781240902201756
0,0.28336845115580866
1,0.706438333966382
0,0.29587024905530473
0,0.2522620461978793
1,0.5301417798997303
0,0.431517942837353
1,0.45544777539025416
0,0.23607584344583685
1,0.5839670887475056
0,0.3040266750137258
0,0.34692306816526636
1,0.4716135960558703
1,0.35833158148719885
1,0.46584400334163883
0,0.31628031706067483
0,0.3807122510256787
0,0.2847888004780594
0,0.35500658124106416
1,0.3283168295464174
1,0.37346988287700567
1,0.49061375062741563
0,0.46729709306377476
0,0.31628031706067483
1,0.6322529199973348
0,0.47223520170286626
0,0.28336845115580866
1,0.3618374787231624
0,0.05959095024823321
0,0.13157677184964142
1,0.503002352438941
1,0.4064196477912012
0,0.28336845115580866
1,0.5834044678076196
0,0.31898739489648364
0,0.31628031706067483
0,0.05792668845397806
0,0.06255398282928343
1,0.467147304379789
1,0.4031375735648619
0,0.33238367333164176
0,0.24283922964189425
0,0.05959095024823321
1,0.6634139241595356
0,0.4725195676678549
1,0.4323145785187535
1,0.49651290705148315
0,0.23925786630140955
1,0.4115046906632986
1,0.374767085707851
0,0.4465166017224626
0,0.2796502804306382
1,0.3148663635038043
0,0.33208434912099405
1,0.3581728416896157
0,0.310122411801993
1,0.4332820659052558
0,0.28147730861068354
0,0.40998365286545935
0,0.4592772976142144
0,0.3471417505494637
0,0.5000076244101885
1,0.6076009020486765
0,0.32617586997719816
0,0.28147730861068354
0,0.4239461573000191
1,0.34148759760181147
0,0.3448871532358954
1,0.3376906243653788
0,0.37346988287700567
0,0.29862525491202596
0,0.31628031706067483
1,0.3180923569014003
1,0.463113786480223
0,0.3823166694632916
0,0.37145141452203506
1,0.6846251557923058
0,0.28147730861068354
0,0.0696769623024773
1,0.5064691191415681
1,0.28147730861068354
1,0.5874159176375421
0,0.5339448317033308
1,0.5591568942440278
1,0.3000963534889538
1,0.3544364303479959
0,0.4353995783266601
0,0.24336326022804836
0,0.08863651141477674
0,0.31898739489648364
1,0.5839670887475056
0,0.5020983978399591
0,0.26167486160181863
0,0.08600103598502842
0,0.47834409708824716
1,0.5267775229311747
0,0.39767424087585057
1,0.6016024533575047
0,0.34381801404484974
0,0.05959095024823321
0,0.07871071369920177
0,0.05959095024823321
0,0.28336845115580866
1,0.44148206864239176
1,0.5312531037946803
0,0.30269325152021287
1,0.30893269292304565
0,0.37346988287700567
0,0.4758409302669516
1,0.6604536507392603
1,0.5554757997714107
1,0.4592772976142144
1,0.3000963534889538
0,0.23925786630140955
0,0.3000963534889538
1,0.49685474406922586
0,0.3424325339618495
0,0.33208434912099405
0,0.31628031706067483
0,0.05959095024823321
1,0.4239496492516406
1,0.36360576668713473
0,0.6118131118438582
1,0.29421593458393724
0,0.3000963534889538
0,0.30893269292304565
1,0.38985603977441274
0,0.05792668845397806
0,0.31681681721604976
1,0.5155395037702162
1,0.5839670887475056
0,0.17542917840833686
0,0.07301798639468864
0,0.30937001750108195
0,0.0669130991259641
0,0.4486175309357992
0,0.2964518234397434
0,0.3823166694632916
0,0.32582565913632794
0,0.15785545060578104
0,0.4219236277973077
1,0.5306327195991317
1,0.45028410130644875
0,0.4541740187081598
1,0.5584347302184071
0,0.37346988287700567
0,0.5483119865583085
1,0.7017261198847599
0,0.4199712470022261
0,0.29862525491202596
1,0.6773263192430248
0,0.34148759760181147
0,0.18155280723371317
0,0.08174441906091191
0,0.05501112064098373
0,0.4183328793314889
1,0.5578094199138524
0,0.05792668845397806
1,0.3180923569014003
1,0.2502401662202097
0,0.31628031706067483
1,0.5016814832619503
0,0.05792668845397806
0,0.5093562839703564
0,0.07119788418943584
1,0.44535041403976505
1,0.3359740421777797
0,0.3736124284926176
0,0.40998365286545935
0,0.06255398282928343
0,0.5267775229311747
1,0.4838565311882153
1,0.554390685231898
1,0.3538498812328597
1,0.6321794991346592
0,0.28147730861068354
1,0.46749805205789946
1,0.5068133912205139
0,0.05951576021192091
1,0.5267775229311747
1,0.6166404995143756
1,0.3749813453851446
0,0.683375190035607
0,0.05959095024823321
0,0.24283922964189425
0,0.3424325339618495
0,0.4672270059076845
1,0.5990737173890115
0,0.05501112064098373
0,0.06732994062536889
0,0.44481615576022016
0,0.4228590903204755
0,0.5839670887475056
0,0.3941538829187108
0,0.3493126718315372
0,0.35089269989560246
1,0.4210722341603742
1,0.31628031706067483
1,0.5267775229311747
0,0.2964518234397434
0,0.28147730861068354
0,0.42536863975893235
0,0.2944353200981068
0,0.41947168066772916
0,0.06255398282928343
0,0.3707800964338714
0,0.32617586997719816
1,0.4444976016153042
0,0.4429779836523444
1,0.5839670887475056
0,0.28336845115580866
1,0.49564201838610566
0,0.24794788861420386
0,0.27975771918846115
1,0.5064691191415681
0,0.31469851783468
1,0.37346988287700567
1,0.28336845115580866
0,0.05951576021192091
1,0.32733813756791647
0,0.05959095024823321
1,0.5476722470314841
0,0.05792668845397806
0,0.31219916241967466
0,0.2964518234397434
0,0.4592772976142144
0,0.31628031706067483
0,0.406933051281848
0,0.08823127155042351
0,0.3380952623111862
0,0.32184469643412744
0,0.5591568942440278
0,0.5407855023050687
0,0.3017951285424998
0,0.08392014892665446
1,0.5295165097386472
0,0.4264413953035179
1,0.5944046252736506
0,0.05951576021192091
1,0.5010729491320174
0,0.31628031706067483
0,0.06385424627177382
0,0.08788008161416515
0,0.05501112064098373
0,0.34077848524558874
0,0.07301798639468864
0,0.06255398282928343
1,0.5243620934848515
1,0.37346988287700567
0,0.3538498812328597
0,0.2963026620689322
0,0.3072786442067849
0,0.06385424627177382
0,0.5020034489922252
1,0.5213631064353029
1,0.7315500056426214
1,0.5846684940727273
0,0.38181109377870415
1,0.2964518234397434
0,0.05959095024823321
1,0.37346988287700567
0,0.31628031706067483
0,0.3941538829187108
0,0.05792668845397806
1,0.6561346605065979
1,0.4115046906632986
0,0.05792668845397806
1,0.34692306816526636
0,0.31628031706067483
0,0.27928521268629575
0,0.34148759760181147
1,0.3288196463680003
1,0.3031433326706702
0,0.2964518234397434
0,0.3736124284926176
0,0.2549085088996509
1,0.5906158932725051
0,0.5839670887475056
0,0.06768943461125812
0,0.46834796558037545
1,0.5059323370050375
0,0.5267775229311747
0,0.36257784109061664
0,0.2522620461978793
0,0.28601567652327486
0,0.05951576021192091
0,0.3440719949194104
0,0.3878371781598793
1,0.422651748117174
0,0.37145141452203506
0,0.31628031706067483
1,0.5591568942440278
1,0.3581728416896157
1,0.35278238163173514
0,0.28147730861068354
1,0.5915919697134598
1,0.29642379657070855
1,0.46154917177386723
0,0.35089269989560246
1,0.41295161258564506
0,0.4670778694130787
0,0.05951576021192091
0,0.05959095024823321
0,0.28147730861068354
0,0.08600103598502842
0,0.3563337360424511
1,0.7165816382017145
0,0.37346988287700567
1,0.28147730861068354
0,0.34148759760181147
0,0.4292639769351421
1,0.5410169314827822
1,0.3000963534889538
0,0.3000963534889538
1,0.41831719828596536
0,0.6277040662257888
0,0.05951576021192091
1,0.5064691191415681
0,0.33208434912099405
1,0.5915919697134598
0,0.08788008161416515
0,0.3020920223213076
1,0.5990356564334848
0,0.4168590022612044
1,0.683375190035607
0,0.3939750397944247
0,0.5839670887475056
0,0.4321686009757878
0,0.05501112064098373
1,0.2964518234397434
1,0.31898739489648364
1,0.6361050692379587
0,0.4451305586444854
1,0.543187466837191
1,0.3153232823743263
0,0.2902919267965412
1,0.5112128926046887
0,0.28336845115580866
0,0.2796502804306382
0,0.09770822184564612
1,0.7315500056426214
0,0.05501112064098373
0,0.4743239623447952
0,0.08781247744357568
1,0.42198129347212515
1,0.4934355885212019
0,0.3544364303479959
1,0.30087786937209743
0,0.10361665378726523
0,0.31469851783468
0,0.06255398282928343
0,0.33208434912099405
1,0.2590231932136153
0,0.05792668845397806
1,0.7256390436779581
0,0.5839670887475056
1,0.681335434818117
0,0.47119729955602074
0,0.06255398282928343
0,0.3031433326706702
0,0.3349630718028313
0,0.31628031706067483
0,0.05951576021192091
0,0.05792668845397806
0,0.30953392212195086
0,0.24336326022804836
0,0.05959095024823321
0,0.6243719600733685
1,0.4134379846875088
0,0.31628031706067483
0,0.06255398282928343
0,0.3162446160168298
1,0.545951130826505
0,0.06732994062536889
0,0.31071229827425495
0,0.3295187822181801
0,0.05792668845397806
0,0.3085430273849347
0,0.48208759394084044
1,0.7750252724466018
0,0.37346988287700567
1,0.6284368708594618
0,0.3823166694632916
0,0.360093530346114
1,0.541064672976551
0,0.05951576021192091
0,0.28147730861068354
0,0.09770822184564612
1,0.7315500056426214
0,0.05792668845397806
1,0.5248281321444896
0,0.31628031706067483
0,0.28336845115580866
1,0.5107670300641665
0,0.5627557242488846
0,0.2842936404634776
0,0.05959095024823321
1,0.31628031706067483
1,0.545951130826505
0,0.06255398282928343
1,0.31628031706067483
1,0.5138072610561275
0,0.553513706637091
0,0.31628031706067483
1,0.6463526470205027
0,0.3380952623111862
0,0.3220339762692052
0,0.5874159176375421
0,0.4492127211234352
1,0.6327135897090751
0,0.05501112064098373
1,0.6244722005626766
1,0.5051075503927966
0,0.2963026620689322
0,0.3043383159327804
0,0.08688438809853898
0,0.4596131278986215
1,0.479672523338931
0,0.36127887488954313
1,0.36879775377573404
0,0.06255398282928343
0,0.05959095024823321
1,0.5885528462568925
0,0.05951576021192091
0,0.07505843463627912
0,0.3180923569014003
1,0.34148759760181147
0,0.4670778694130787
1,0.463113786480223
0,0.28336845115580866
0,0.31628031706067483
0,0.5522701495176124
0,0.5410169314827822
1,0.5944897142232328
1,0.5874159176375421
0,0.46390267468451263
1,0.4097069313016948
0,0.5874159176375421
1,0.37446750957727587
0,0.05959095024823321
0,0.06781240902201756
0,0.360093530346114
1,0.406933051281848
0,0.21216059811508944
0,0.4845438214535261
0,0.5874159176375421
1,0.5612228621894576
1,0.5796951152562303
0,0.22934147101422822
1,0.43090120740608445
0,0.4458704955006974
1,0.05959095024823321
0,0.05951576021192091
1,0.3671669703349909
0,0.5267775229311747
0,0.37346988287700567
0,0.6522829007566806
0,0.3448871532358954
1,0.28336845115580866
0,0.31628031706067483
0,0.31628031706067483
0,0.07505843463627912
1,0.4239496492516406
0,0.31628031706067483
0,0.3584227873351831
0,0.5874159176375421
1,0.5957256761397953
0,0.22616960374490974
0,0.08296897977453914
0,0.0669130991259641
1,0.3072786442067849
0,0.28147730861068354
0,0.5347770574295941
1,0.5267775229311747
0,0.41887289779731146
0,0.41343910183853166
1,0.3941538829187108
1,0.28336845115580866
1,0.40549403887775304
1,0.541064672976551
1,0.3229190260872731
0,0.3904492833657991
1,0.6162485986501113
0,0.24283922964189425
1,0.4443958709687184
0,0.35263846671378263
0,0.565150148357484
1,0.4429779836523444
1,0.553513706637091
0,0.47276371585284016
1,0.654979035973247
1,0.6619679915324256
1,0.541064672976551
1,0.3941538829187108
0,0.5267775229311747
0,0.4272750968591999
0,0.24283922964189425
0,0.4443958709687184
0,0.28147730861068354
0,0.3546823470458043
0,0.4288514215120628
0,0.2509590422191391
0,0.2550154546263453
0,0.37346988287700567
1,0.36945695689522107
0,0.3380952623111862
0,0.05951576021192091
1,0.625049326734868
1,0.3595299241123384
1,0.6354865066411552
0,0.06732994062536889
1,0.5093562839703564
1,0.5068133912205139
0,0.43457166764788263
0,0.37346988287700567
1,0.5839670887475056
0,0.5267775229311747
1,0.5054013573394902
0,0.05792668845397806
0,0.4731783629710022
0,0.37346988287700567
1,0.3191502965226512
0,0.3153232823743263
1,0.4552509538008654
0,0.31628031706067483
0,0.37346988287700567
0,0.05959095024823321
0,0.5267775229311747
0,0.28455777432178003
0,0.3000963534889538
0,0.31628031706067483
0,0.3823166694632916
0,0.5915919697134598
0,0.31329580732513074
0,0.05951576021192091
1,0.694040750226819
1,0.6255262285118572
0,0.35136721271758314
0,0.4392743922044285
0,0.31628031706067483
1,0.71960480829813
0,0.2836364406792765
0,0.30893269292304565
0,0.360093530346114
0,0.5600441306413698
0,0.05501112064098373
1,0.28147730861068354
0,0.44634901427873547
1,0.31628031706067483
0,0.24882157302427962
0,0.1316529801380162
0,0.5020983978399591
0,0.4780154304302922
0,0.37346988287700567
1,0.33208434912099405
0,0.3544364303479959
0,0.2964518234397434
1,0.3738488450265096
0,0.5007880785374315
0,0.1016951307721016
0,0.07871071369920177
0,0.37346988287700567
0,0.683375190035607
0,0.3544364303479959
1,0.3000963534889538
1,0.541064672976551
1,0.3448871532358954
1,0.4686109133425379
0,0.05792668845397806
0,0.2897424334972833
0,0.30893269292304565
1,0.19529272148807042
0,0.5020034489922252
1,0.6262361960096612
0,0.463113786480223
0,0.3180923569014003
0,0.21216059811508944
0,0.06255398282928343
1,0.2964518234397434
0,0.5087494148569878
1,0.5306327195991317
0,0.16663155308653063
0,0.5267775229311747
1,0.41768833223730045
1,0.6039334133643796
0,0.06255398282928343
0,0.2857211841910355
0,0.5437163076520848
0,0.1818108843553114
0,0.48388373193934453
1,0.31628031706067483
1,0.6895105541698734
1,0.4489806999073484
0,0.14465977030380844
0,0.3380952623111862
0,0.07062883625869934
0,0.05951576021192091
0,0.5591568942440278
0,0.4417957950626571
0,0.38805337521848704
0,0.31628031706067483
0,0.3085430273849347
0,0.15973106799934833
1,0.40436323732092533
0,0.37346988287700567
0,0.2927858760668231
0,0.05792668845397806
1,0.3577303975020017
0,0.37346988287700567
0,0.05959095024823321
0,0.05501112064098373
0,0.05959095024823321
0,0.31628031706067483
0,0.4429779836523444
1,0.5667524253031202
0,0.5874159176375421
1,0.35500658124106416
1,0.4332820659052558
0,0.31628031706067483
0,0.06255398282928343
0,0.3283168295464174
0,0.5070568365117848
0,0.06255398282928343
1,0.38533835630206
0,0.4191101797825123
1,0.5591568942440278
1,0.4429779836523444
0,0.37346988287700567
1,0.5059323370050375
1,0.5687307746747454
0,0.21216059811508944
0,0.44145841237429806
1,0.31898739489648364
1,0.588602786912335
1,0.40555371096835174
0,0.06385424627177382
0,0.38648440993811545
0,0.05501112064098373
0,0.2502401662202097
1,0.6569023916915734
0,0.34970583062080945
1,0.6853151201737712
0,0.05951576021192091
1,0.35367669838625587
0,0.4104819301968444
0,0.28147730861068354
0,0.31628031706067483
1,0.4601948756564415
1,0.4341133337031546
0,0.31030362682179113
0,0.49937863551514716
0,0.24283922964189425
1,0.4678353098835119
0,0.05959095024823321
0,0.38349906974714093
0,0.44099340385444474
0,0.05501112064098373
0,0.05951576021192091
1,0.5068133912205139
0,0.3538498812328597
1,0.5441569266057714
0,0.28336845115580866
1,0.43110596887356917
0,0.0669130991259641
1,0.4321001729866501
0,0.05792668845397806
1,0.41929098655388525
0,0.4429779836523444
0,0.339062221678372
1,0.37346988287700567
0,0.5874159176375421
0,0.367892932942238
1,0.4239496492516406
1,0.3471417505494637
0,0.05959095024823321
0,0.3180923569014003
1,0.40278693417531397
0,0.07809735138621329
0,0.05501112064098373
0,0.3363350415699128
0,0.46039673710943413
0,0.4168590022612044
0,0.4552509538008654
0,0.24810574105051353
1,0.5155395037702162
0,0.4373673364599522
0,0.07053399645797719
0,0.3482899439847971
0,0.28091324226518405
1,0.4642364132151224
0,0.47325814923913273
0,0.5176552712147299
0,0.3127695399298021
1,0.44481615576022016
1,0.6322529199973348
0,0.31628031706067483
0,0.34866619083604145
1,0.5059323370050375
1,0.541064672976551
0,0.05951576021192091
0,0.05501112064098373
1,0.37500567207651
0,0.28246422758358575
1,0.05959095024823321
1,0.2964518234397434
1,0.3822311909156168
1,0.3736124284926176
0,0.40575231997599487
0,0.05792668845397806
0,0.28336845115580866
0,0.3153232823743263
0,0.06255398282928343
0,0.5839670887475056
0,0.06385424627177382
1,0.5200429684979648
0,0.09209382332599166
1,0.37346988287700567
0,0.28336845115580866
1,0.3652955778889306
1,0.3506765134882709
1,0.44776600756984697
0,0.49765146781770175
0,0.2964518234397434
0,0.06607633030693964
1,0.6953326462765622
1,0.3544364303479959
0,0.2964518234397434
0,0.07996111806732184
1,0.7315500056426214
0,0.3180923569014003
1,0.5839670887475056
1,0.3823166694632916
1,0.6116923044697958
1,0.37725306593872165
0,0.06255398282928343
1,0.683375190035607
0,0.3302531926793894
1,0.5229164481553134
1,0.5839670887475056
1,0.5154259104063181
1,0.5077088429534131
0,0.07871071369920177
1,0.5239611332106223
1,0.4552509538008654
0,0.40232856430107145
0,0.31628031706067483
1,0.5267775229311747
1,0.6755731863087387
0,0.05792668845397806
0,0.059877265544159834
0,0.31628031706067483
0,0.05792668845397806
1,0.5809095450431283
0,0.4593983865718704
0,0.32615316186065413
0,0.08823127155042351
1,0.6719559165452452
1,0.4412751609138758
0,0.5839670887475056
1,0.34127484103384065
1,0.5068133912205139
0,0.07782011691489989
1,0.5752885311906645
1,0.37346988287700567
0,0.5217589586447786
0,0.3031433326706702
1,0.5370285246261457
1,0.3762750205728775
0,0.21663467250779056
0,0.37346988287700567
0,0.436912142665522
0,0.45214115087240997
0,0.05959095024823321
1,0.5100507679290335
0,0.05792668845397806
0,0.4642364132151224
0,0.06768943461125812
1,0.37346988287700567
1,0.5665236285540194
1,0.706438333966382
0,0.29335396217551224
0,0.24283922964189425
0,0.3153232823743263
1,0.34148759760181147
1,0.5154259104063181
0,0.16040743390190743
0,0.3991704061772496
0,0.28147730861068354
0,0.35168938440120007
0,0.28147730861068354
1,0.3120980747159817
1,0.4552509538008654
0,0.5020983978399591
1,0.5267775229311747
1,0.4460865504838445
0,0.3380952623111862
0,0.4444208427019534
0,0.06255398282928343
0,0.4024235620822907
0,0.05959095024823321
0,0.05501112064098373
1,0.4263394395008345
1,0.3854019541072372
0,0.280467612970145
1,0.4393168625733879
0,0.6846251557923058
1,0.406933051281848
0,0.3043383159327804
0,0.4482989375133507
1,0.07871071369920177
1,0.5874159176375421
1,0.7004876973840093
0,0.3217963963115066
0,0.31628031706067483
1,0.44099340385444474
1,0.6290410055613788
0,0.31628031706067483
0,0.05792668845397806
0,0.08392014892665446
0,0.07322413347170488
0,0.05951576021192091
1,0.463113786480223
0,0.31628031706067483
0,0.360093530346114
0,0.06768943461125812
1,0.4593983865718704
1,0.71960480829813
1,0.49685474406922586
0,0.31628031706067483
0,0.2790417380600125
0,0.05951576021192091
0,0.3180923569014003
1,0.7315500056426214
0,0.5755717228239936
1,0.5347770574295941
0,0.3000963534889538
0,0.06768943461125812
1,0.2909356299769773
1,0.06255398282928343
1,0.28147730861068354
0,0.4332820659052558
1,0.2964518234397434
0,0.4168590022612044
0,0.3000963534889538
0,0.24283922964189425
0,0.3000963534889538
1,0.6619679915324256
0,0.05951576021192091
0,0.12848187909318998
0,0.2605740871298639
0,0.05501112064098373
0,0.40796735061607975
0,0.3448871532358954
1,0.5267775229311747
1,0.44469496556247473
0,0.40575231997599487
0,0.3031433326706702
1,0.2982310083246123
1,0.10345198991394776
1,0.3000963534889538
1,0.37346988287700567
0,0.05501112064098373
0,0.2964518234397434
1,0.4934355885212019
0,0.08004100982022593
1,0.5410169314827822
0,0.40278693417531397
0,0.06732994062536889
0,0.4694922326328772
0,0.35500658124106416
0,0.05951576021192091
0,0.5874159176375421
0,0.280467612970145
1,0.5108043857894111
0,0.31500402583238946
1,0.26998687355446654
1,0.5972211354463588
1,0.5839670887475056
0,0.32101731797926064
0,0.557388729396604
0,0.3295187822181801
0,0.28336845115580866
1,0.6755731863087387
1,0.35404211743642683
0,0.31628031706067483
1,0.706438333966382
1,0.3180923569014003
1,0.05792668845397806
0,0.2964518234397434
0,0.0669130991259641
0,0.05959095024823321
1,0.5267775229311747
0,0.42920981571364925
1,0.5413536557807673
1,0.35833158148719885
0,0.06255398282928343
0,0.05792668845397806
0,0.38390890817346185
0,0.42662334140529046
0,0.4291561903990255
1,0.5846684940727273
0,0.4597456228448597
0,0.45588706081241037
0,0.31366923365806565
0,0.31628031706067483
0,0.4714812314111779
0,0.4710316413543197
0,0.5267775229311747
1,0.31628031706067483
0,0.41329140084167504
0,0.2964518234397434
0,0.08225318623940397
1,0.3823166694632916
1,0.6410763939577343
0,0.3380952623111862
0,0.05951576021192091
0,0.29283638438012616
0,0.3607645616853386
1,0.3808580990285565
0,0.29862525491202596
1,0.28147730861068354
1,0.24283922964189425
1,0.3878371781598793
0,0.4323190977830448
0,0.2963026620689322
0,0.06255398282928343
0,0.31628031706067483
1,0.40010883888802634
0,0.4592772976142144
0,0.4429133794678024
0,0.4372452280326993
1,0.4369027688437893
0,0.33208434912099405
0,0.24283922964189425
0,0.4904872556740488
0,0.4592772976142144
0,0.09770822184564612
0,0.06255398282928343
1,0.35263846671378263
1,0.6719559165452452
0,0.3681012136274003
0,0.3209147186025215
0,0.09334875171134027
0,0.4353995783266601
0,0.4656024209335885
0,0.4941962512162179
0,0.4353995783266601
0,0.26199758661968386
0,0.4492127211234352
1,0.38648440993811545
0,0.3882709923950331
1,0.43457166764788263
1,0.5064691191415681
0,0.5267775229311747
0,0.05501112064098373
0,0.5839670887475056
1,0.37346988287700567
0,0.06255398282928343
0,0.4219236277973077
1,0.6619679915324256
1,0.5591568942440278
0,0.08863651141477674
0,0.31628031706067483
0,0.3625943843370779
1,0.4591969387365131
1,0.4928754278673022
1,0.5267775229311747
0,0.40796735061607975
1,0.49685474406922586
0,0.45610580812306595
0,0.05951576021192091
1,0.7341679150942465
0,0.05959095024823321
1,0.6631113336275385
0,0.05501112064098373
1,0.5064691191415681
1,0.30142538664577867
1,0.5267775229311747
0,0.06732994062536889
0,0.3293421304257497
1,0.4199712470022261
1,0.52410808391951
0,0.06385424627177382
0,0.2964518234397434
1,0.4678353098835119
0,0.059877265544159834
0,0.518469518133056
0,0.12800728105864959
1,0.6666523820695159
1,0.5990560952989836
0,0.2964518234397434
0,0.4492127211234352
0,0.49676168756797656
0,0.0696769623024773
1,0.2944353200981068
1,0.35623069141079533
1,0.31898739489648364
0,0.07782736158569123
0,0.07782011691489989
0,0.254591120632377
0,0.28147730861068354
0,0.4187702647372671
1,0.5511047162176271
0,0.06732994062536889
0,0.3153232823743263
0,0.05959095024823321
0,0.2964518234397434
0,0.40210144218248106
1,0.6034007813520613
0,0.48447836213410667
0,0.5413536557807673
0,0.31628031706067483
1,0.6244722005626766
0,0.06255398282928343
0,0.3489216994878597
0,0.3324686879461498
1,0.31628031706067483
0,0.06255398282928343
0,0.4429779836523444
1,0.37346988287700567
1,0.5670593802230837
0,0.4429779836523444
0,0.06255398282928343
0,0.05951576021192091
0,0.09494942547671509
0,0.3153232823743263
0,0.31628031706067483
0,0.06255398282928343
0,0.28147730861068354
0,0.06255398282928343
1,0.4219236277973077
0,0.4340161433137621
0,0.44481615576022016
1,0.46823883456377813
0,0.05792668845397806
1,0.5538436951139347
1,0.4239496492516406
0,0.24283922964189425
1,0.5591568942440278
0,0.4024235620822907
0,0.45239323190408565
0,0.4479819720294496
0,0.31628031706067483
0,0.2964518234397434
0,0.2897424334972833
1,0.5267775229311747
0,0.31628031706067483
0,0.28336845115580866
1,0.31898739489648364
1,0.28336845115580866
0,0.06255398282928343
0,0.3823166694632916
0,0.3232984374584411
0,0.3823166694632916
0,0.3618374787231624
0,0.4699558516851559
1,0.5839670887475056
0,0.06385424627177382
1,0.644938485238632
0,0.07871071369920177
0,0.05951576021192091
1,0.40344831879687365
0,0.31628031706067483
0,0.2796502804306382
1,0.3823166694632916
1,0.5370285246261457
1,0.10384341017126966
0,0.31628031706067483
0,0.3393802131782705
0,0.05792668845397806
0,0.06255398282928343
0,0.5696838039315131
1,0.5533068723639433
1,0.4199712470022261
0,0.35833158148719885
0,0.2964518234397434
0,0.48208759394084044
1,0.09770822184564612
0,0.28336845115580866
0,0.5267775229311747
1,0.5110808795398151
0,0.584922234044045
0,0.05792668845397806
1,0.5064852690353853
1,0.7165816382017145
0,0.05959095024823321
0,0.07057736376333655
0,0.33208434912099405
0,0.4183328793314889
1,0.2909356299769773
0,0.07702331289576217
0,0.3607645616853386
0,0.3200235482497421
0,0.5001073309716254
1,0.6846251557923058
0,0.31628031706067483
1,0.0858775317312754
0,0.2964518234397434
0,0.31628031706067483
0,0.05792668845397806
0,0.35278507879115517
0,0.683375190035607
0,0.34127484103384065
0,0.30893269292304565
0,0.05792668845397806
1,0.40010883888802634
0,0.2987494662271611
1,0.694040750226819
0,0.33029776666407634
0,0.42198129347212515
0,0.0669130991259641
1,0.4432805382506265
0,0.28425716311651233
1,0.5490599810004371
0,0.42473704208304247
1,0.31628031706067483
1,0.35500658124106416
0,0.08688438809853898
1,0.30893269292304565
0,0.05792668845397806
0,0.41095460195919264
1,0.39623365335685384
0,0.3359740421777797
0,0.31898739489648364
0,0.31329580732513074
1,0.37346988287700567
1,0.7260764142400289
0,0.27606012247566053
1,0.553513706637091
0,0.24283922964189425
1,0.28336845115580866
0,0.3112268164616877
1,0.3153232823743263
0,0.24450818375973
0,0.4024235620822907
1,0.33736130102453143
0,0.4570119988159753
0,0.34148759760181147
0,0.05792668845397806
0,0.4011266800143417
0,0.05792668845397806
0,0.28147730861068354
0,0.5267775229311747
0,0.06575796560393038
1,0.463113786480223
1,0.706438333966382
0,0.31329580732513074
0,0.31628031706067483
0,0.4879448873513035
0,0.32615316186065413
0,0.05792668845397806
1,0.28147730861068354
1,0.5839670887475056
1,0.31628031706067483
1,0.34692306816526636
1,0.34353489765814793
1,0.4030146354405361
1,0.35263846671378263
1,0.3584227873351831
0,0.059877265544159834
1,0.5267775229311747
1,0.3724520683435851
0,0.5120245595500925
1,0.6231226861637704
0,0.22934147101422822
0,0.625049326734868
1,0.41295161258564506
1,0.49592589102957946
0,0.5009349286020391
1,0.6199424725836129
1,0.6995546228769454
1,0.5311889956306501
0,0.4592772976142144
1,0.5253928891164122
0,0.08587125297495779
0,0.3424325339618495
1,0.5039597134708188
0,0.28336845115580866
0,0.4917975749765766
1,0.5526034293051167
1,0.42198129347212515
1,0.5410169314827822
0,0.28336845115580866
0,0.25858113016834355
1,0.5839670887475056
1,0.6199424725836129
0,0.3538498812328597
0,0.2380965758099854
0,0.36045821822380425
0,0.5370285246261457
0,0.3015795132542677
1,0.28336845115580866
0,0.05501112064098373
1,0.39767424087585057
0,0.28147730861068354
0,0.21663467250779056
0,0.34148759760181147
1,0.37346988287700567
1,0.34692306816526636
1,0.4176508547547108
0,0.4971964549656839
0,0.5068133912205139
1,0.7820297720172563
0,0.31628031706067483
0,0.3947574076116284
0,0.360093530346114
0,0.4111632992639321
1,0.5418911546748832
0,0.48073435218317656
1,0.5000076244101885
0,0.3424325339618495
0,0.28336845115580866
0,0.2963026620689322
0,0.32104185492684595
0,0.05792668845397806
0,0.2964518234397434
0,0.4291561903990255
1,0.5554757997714107
0,0.06255398282928343
0,0.34835469378445233
0,0.4512091535164153
1,0.5419693266542297
0,0.4373673364599522
0,0.3031433326706702
0,0.05951576021192091
0,0.06255398282928343
0,0.2590231932136153
0,0.6569023916915734
1,0.39767424087585057
0,0.3291333715760417
1,0.5765016227907422
0,0.48863813765737474
0,0.28147730861068354
0,0.3124957227461789
0,0.3500892483105642
0,0.34713551885869076
0,0.22489323387758722
1,0.5839670887475056
0,0.3283168295464174
0,0.05951576021192091
0,0.43010924331431927
1,0.3775044621082178
0,0.40796735061607975
1,0.37346988287700567
1,0.5154259104063181
0,0.06255398282928343
1,0.35784762065301456
0,0.49685474406922586
0,0.3000963534889538
1,0.35263846671378263
0,0.5187955061437124
0,0.2633444741944926
0,0.05501112064098373
0,0.28336845115580866
0,0.3000963534889538
0,0.06768943461125812
0,0.05959095024823321
1,0.08807114077584974
0,0.28336845115580866
1,0.5874159176375421
0,0.644938485238632
0,0.4659295960928261
0,0.2779015687695255
1,0.5291067639551399
0,0.33208434912099405
1,0.31628031706067483
0,0.36092125551610854
1,0.46353601462766736
1,0.3860192195453372
1,0.49548850562380115
0,0.360093530346114
1,0.7315500056426214
1,0.6119219503294818
0,0.4392743922044285
0,0.6569023916915734
1,0.5306327195991317
0,0.05501112064098373
0,0.31628031706067483
0,0.05792668845397806
0,0.28147730861068354
0,0.5382598391827247
0,0.3209147186025215
0,0.5001675494686753
0,0.6036066360637617
0,0.2627033024537786
1,0.6243719600733685
0,0.2964518234397434
0,0.05792668845397806
1,0.5846684940727273
1,0.4837730800256777
0,0.06559668700611997
1,0.2877618011269491
1,0.34692306816526636
1,0.34127484103384065
1,0.6936676607355143
0,0.5306327195991317
0,0.28336845115580866
0,0.527125103608358
0,0.05951576021192091
1,0.38948240691411024
1,0.545951130826505
0,0.05951576021192091
0,0.3000963534889538
0,0.2944353200981068
0,0.3209147186025215
0,0.36792923387326554
0,0.4199712470022261
1,0.6155964609177061
0,0.05792668845397806
0,0.5883718279026828
1,0.4168590022612044
1,0.36186130179191667
0,0.22406781650647503
1,0.3941538829187108
1,0.37346988287700567
0,0.2963026620689322
0,0.354085918166272
0,0.2944353200981068
0,0.4236998828059833
0,0.42536863975893235
1,0.5140441299674773
0,0.40717957177178404
0,0.34148759760181147
1,0.4199712470022261
0,0.3124957227461789
0,0.463113786480223
0,0.05792668845397806
1,0.37346988287700567
1,0.505421276813062
0,0.30087786937209743
0,0.05959095024823321
0,0.42721195661797146
0,0.5839670887475056
1,0.7260764142400289
1,0.3786188923090469
1,0.38989566165909173
1,0.5659511397085877
1,0.6220679001999653
0,0.4699558516851559
1,0.28147730861068354
0,0.07871071369920177
0,0.2944353200981068
0,0.05951576021192091
0,0.31628031706067483
0,0.2964518234397434
0,0.28147730861068354
0,0.2550154546263453
0,0.31628031706067483
1,0.4239496492516406
1,0.6036066360637617
0,0.4950658037440057
0,0.3031433326706702
0,0.4327157072981748
1,0.34701960000952636
0,0.3761769607128145
0,0.3156433868179246
0,0.05792668845397806
1,0.584922234044045
0,0.2964518234397434
0,0.05959095024823321
0,0.23925786630140955
1,0.14152162060393744
0,0.3000963534889538
0,0.06768943461125812
0,0.05951576021192091
0,0.05959095024823321
0,0.3162127590299461
1,0.4429779836523444
1,0.37336138331776275
1,0.35263846671378263
0,0.28147730861068354
0,0.3859700079435062
0,0.12893932884832035
1,0.31628031706067483
0,0.6363094140180958
0,0.08600103598502842
1,0.5488560713806451
1,0.37252469346301664
0,0.05501112064098373
1,0.5865360276136122
0,0.0669130991259641
0,0.07505843463627912
1,0.5696546924764112
0,0.31628031706067483
0,0.3162127590299461
0,0.2944353200981068
1,0.541064672976551
0,0.2564844315077184
1,0.572220176145561
1,0.37346988287700567
1,0.4429779836523444
0,0.31628031706067483
0,0.3574984952824073
0,0.17095244467921056
1,0.541064672976551
0,0.3939167406084407
1,0.6100305834497008
0,0.360093530346114
0,0.3200235482497421
0,0.35278238163173514
0,0.5068133912205139
1,0.3081257183015279
0,0.37346988287700567
1,0.2796502804306382
0,0.06255398282928343
1,0.3584227873351831
1,0.3807505271177857
0,0.2944353200981068
0,0.577516987008216
0,0.6193904014647053
0,0.22934147101422822
0,0.05792668845397806
1,0.38948240691411024
0,0.4811913312380391
1,0.6983212958072545
0,0.28455777432178003
0,0.37346988287700567
0,0.24794788861420386
0,0.23925786630140955
0,0.05951576021192091
1,0.5292274595211319
0,0.31898739489648364
0,0.3153232823743263
0,0.5488560713806451
1,0.3180923569014003
0,0.3180923569014003
0,0.3380952623111862
1,0.6193904014647053
0,0.13624680553242383
0,0.4393168625733879
0,0.34692306816526636
0,0.43661363454965274
0,0.33208434912099405
0,0.28336845115580866
1,0.6181564015280084
0,0.30893269292304565
0,0.41805638626356284
1,0.598206497299113
1,0.5591568942440278
1,0.6104206089170906
0,0.059877265544159834
0,0.4183328793314889
0,0.28147730861068354
1,0.6827246318558012
0,0.28336845115580866
0,0.45020880753095416
1,0.7809466873922443
1,0.26998687355446654
1,0.6230337532098605
0,0.05951576021192091
0,0.4856723521217841
1,0.41929098655388525
1,0.6773263192430248
1,0.6991964460742544
0,0.2661483089895122
0,0.05792668845397806
0,0.05792668845397806
0,0.36045821822380425
0,0.05501112064098373
1,0.24794788861420386
0,0.44148206864239176
0,0.37346988287700567
0,0.31628031706067483
0,0.05501112064098373
0,0.107590179667163
1,0.48535207544540415
1,0.540305600830955
0,0.4443958709687184
0,0.495645102019626
0,0.3028624671176579
0,0.08387012834072184
0,0.05501112064098373
0,0.2964518234397434
1,0.71960480829813
1,0.625049326734868
0,0.2590231932136153
0,0.05501112064098373
0,0.4914896461437375
0,0.31628031706067483
0,0.31898739489648364
1,0.4277309970461446
0,0.2964518234397434
1,0.4239496492516406
1,0.4656024209335885
0,0.2964518234397434
1,0.321607744351282
0,0.28091324226518405
0,0.6052132442609672
0,0.31862402280346036
1,0.5839670887475056
0,0.5267775229311747
1,0.07871071369920177
1,0.7194185608453213
0,0.4429779836523444
0,0.6934044789378839
0,0.5267775229311747
1,0.5710687339836832
0,0.31628031706067483
0,0.28358041429545444
0,0.28091324226518405
1,0.71960480829813
1,0.2909356299769773
1,0.37346988287700567
0,0.4199712470022261
1,0.39767424087585057
1,0.34148759760181147
0,0.43580059313635183
0,0.3674064313786455
0,0.3180923569014003
0,0.05951576021192091
1,0.6322529199973348
0,0.2963026620689322
0,0.4382228166993487
0,0.05792668845397806
1,0.5087494148569878
0,0.4199712470022261
0,0.3876804889095783
0,0.38648440993811545
1,0.5633382342133529
1,0.39767424087585057
1,0.280467612970145
0,0.06255398282928343
1,0.6646327980749274
0,0.32156072722071194
1,0.28147730861068354
0,0.05951576021192091
0,0.5146139777515162
0,0.5612228621894576
1,0.2543836763025948
0,0.31628031706067483
1,0.6827246318558012
1,0.5323498679290158
1,0.5839670887475056
0,0.4758704304076157
0,0.06255398282928343
0,0.06768943461125812
0,0.06553283638658007
0,0.31628031706067483
0,0.09605026404273471
0,0.7379136276954481
1,0.3283825297959249
1,0.5433969001815376
0,0.5851443642402588
0,0.49061375062741563
0,0.2964518234397434
0,0.06872039117494991
0,0.4944652227554217
1,0.5927731254918326
0,0.4597456228448597
1,0.3483717308518597
0,0.31628031706067483
0,0.26587322336926966
1,0.22934147101422822
1,0.6200776833069634
0,0.05501112064098373
0,0.5846684940727273
0,0.5486152491157377
1,0.2964518234397434
1,0.3584227873351831
0,0.2964518234397434
0,0.5059377026061314
0,0.2256391884808439
0,0.5051075503927966
0,0.4239496492516406
0,0.28336845115580866
1,0.5944897142232328
1,0.5461649910702034
1,0.7315500056426214
1,0.5421795732534578
0,0.3031433326706702
1,0.5321950467402574
1,0.5270693926304468
1,0.43561844970605723
0,0.4288514215120628
0,0.3031433326706702
0,0.0815322321671756
1,0.5306327195991317
1,0.49606470185973883
0,0.3662563547654136
0,0.07782011691489989
1,0.6323125908650693
0,0.3544364303479959
0,0.5839670887475056
0,0.46620077325494697
1,0.4429779836523444
0,0.2964518234397434
0,0.37346988287700567
0,0.2740879545436979
0,0.05792668845397806
1,0.28336845115580866
0,0.2964518234397434
0,0.352574235238869
0,0.31628031706067483
1,0.33633751514927857
0,0.0669130991259641
0,0.5267775229311747
1,0.6235744980459088
1,0.34148759760181147
1,0.6619679915324256
1,0.625049326734868
1,0.42824210983711675
0,0.05792668845397806
0,0.2451932173075047
0,0.38532516904848696
0,0.24283922964189425
0,0.18890867030229683
0,0.24283922964189425
1,0.3878249089949435
0,0.3220339762692052
0,0.3243020044954768
0,0.08404484530826514
1,0.2875455012620861
0,0.31628031706067483
1,0.26942861359647213
0,0.43457166764788263
1,0.5007809392272693
0,0.6193904014647053
1,0.458091615396053
0,0.3775044621082178
0,0.05951576021192091
1,0.537228095982504
0,0.31050899191797227
1,0.35263846671378263
0,0.31628031706067483
1,0.5267775229311747
0,0.553513706637091
0,0.05792668845397806
0,0.05501112064098373
1,0.31628031706067483
0,0.3292986418548098
0,0.06255398282928343
1,0.23925786630140955
0,0.37346988287700567
0,0.42425930146931146
0,0.3993416533394957
0,0.0669130991259641
1,0.7194185608453213
0,0.3941538829187108
0,0.5839670887475056
0,0.3153232823743263
1,0.4064196477912012
1,0.6053426121633809
1,0.545951130826505
0,0.06255398282928343
0,0.3892256749996969
0,0.3380952623111862
0,0.2964518234397434
0,0.05792668845397806
1,0.6434411393385004
1,0.3295187822181801
0,0.2964518234397434
1,0.31628031706067483
1,0.7315500056426214
0,0.49458255286977915
1,0.3153232823743263
1,0.2618792298555582
0,0.2790417380600125
0,0.45030940068938063
1,0.393139689585012
0,0.31628031706067483
0,0.07505843463627912
0,0.07882538365995959
0,0.3809974201224389
0,0.406933051281848
1,0.5068133912205139
1,0.35833158148719885
0,0.06434340244960622
1,0.6790382479575117
0,0.37346988287700567
0,0.5188799284330162
0,0.42198129347212515
1,0.5267775229311747
0,0.5510410887491273
0,0.4251766973459176
0,0.36492245278700863
1,0.33029776666407634
0,0.4323145785187535
0,0.31628031706067483
1,0.5051075503927966
1,0.5508859442731198
1,0.2964518234397434
1,0.3969074753700156
0,0.05501112064098373
1,0.3724520683435851
1,0.6870970252259775
1,0.7256390436779581
0,0.44148206864239176
0,0.4183328793314889
0,0.09770822184564612
1,0.36314413192972544
1,0.495645102019626
0,0.05792668845397806
1,0.5001675494686753
1,0.4239496492516406
1,0.28336845115580866
1,0.45524810913763963
0,0.2661483089895122
0,0.3882709923950331
0,0.07301798639468864
0,0.1464039495372839
0,0.2549085088996509
0,0.05501112064098373
0,0.5042388102035272
0,0.4602371988113408
0,0.2711110367147752
1,0.49758494073670595
1,0.7165816382017145
0,0.06255398282928343
1,0.6758147403927838
1,0.5187032068118642
0,0.05951576021192091
0,0.05951576021192091
1,0.5874159176375421
0,0.4492127211234352
0,0.32156072722071194
0,0.24283922964189425
0,0.2964331589876382
1,0.4260892249702769
0,0.05951576021192091
1,0.6814207786159097
0,0.05792668845397806
0,0.3355918633601115
0,0.06575796560393038
0,0.3180923569014003
1,0.4239496492516406
0,0.5642977592075169
0,0.28147730861068354
0,0.0669130991259641
1,0.4260892249702769
1,0.3823166694632916
0,0.06255398282928343
0,0.27928521268629575
0,0.05501112064098373
0,0.3449617006251035
0,0.05501112064098373
0,0.4202171637000346
0,0.17467699085784538
0,0.05951576021192091
0,0.4191101797825123
0,0.584922234044045
0,0.34127484103384065
0,0.31898739489648364
0,0.3823166694632916
1,0.4239496492516406
0,0.5273525013877965
0,0.06255398282928343
0,0.4672270059076845
0,0.5796858398007878
1,0.7260764142400289
0,0.2964518234397434
0,0.06255398282928343
0,0.31628031706067483
1,0.4357191462461817
0,0.41929098655388525
1,0.5874159176375421
1,0.7379136276954481
1,0.34385500210174613
0,0.25404061564988234
0,0.05792668845397806
1,0.7341679150942465
1,0.5794461066700938
0,0.32401826765967734
0,0.31628031706067483
0,0.46189624099605986
1,0.45588706081241037
1,0.48151558657939564
1,0.5441569266057714
1,0.3380952623111862
0,0.406933051281848
0,0.05792668845397806
0,0.28336845115580866
1,0.6122186734219924
1,0.45939464868709545
0,0.4239496492516406
0,0.06255398282928343
0,0.06559668700611997
0,0.2944353200981068
0,0.4183328793314889
0,0.23550619717101232
1,0.4179438286821059
1,0.694040750226819
0,0.35035253267398375
0,0.45543352704890677
0,0.29034713457415545
1,0.69978141132991
1,0.557293157595149
0,0.31628031706067483
0,0.5187955061437124
0,0.38591474420717475
0,0.21473287445486414
0,0.3657369845232686
0,0.06255398282928343
1,0.5009349286020391
0,0.2964518234397434
0,0.6166404995143756
0,0.37145141452203506
1,0.34692306816526636
0,0.190338328365076
0,0.28336845115580866
0,0.07495687459791192
1,0.555560014669872
0,0.4187702647372671
0,0.2617261485212242
0,0.07505843463627912
0,0.3220339762692052
0,0.05501112064098373
0,0.28485387010673335
1,0.3607645616853386
1,0.4526535997321842
0,0.05792668845397806
0,0.2944353200981068
1,0.32642688833523315
1,0.6662427722092
0,0.34692306816526636
0,0.36216481996355654
0,0.3180923569014003
1,0.05501112064098373
0,0.35471098734938167
1,0.5591568942440278
1,0.4934355885212019
1,0.6628796651406412
0,0.2964518234397434
0,0.2826597088945328
1,0.5292274595211319
0,0.2964518234397434
0,0.107590179667163
0,0.3293421304257497
1,0.4323145785187535
0,0.05501112064098373
0,0.3544364303479959
1,0.7373410856681795
0,0.05501112064098373
1,0.28336845115580866
0,0.33126036504500467
0,0.24283922964189425
0,0.44099340385444474
0,0.37910566936131224
1,0.43534474831286724
0,0.520971250383241
1,0.06255398282928343
1,0.44099340385444474
0,0.5264043347550355
1,0.5488555086011394
1,0.4007258528772537
0,0.15283344470314564
0,0.05501112064098373
1,0.5020983978399591
1,0.31628031706067483
0,0.3171347647713617
0,0.34127484103384065
0,0.05959095024823321
1,0.625049326734868
0,0.4825239089616244
0,0.27990296334776127
0,0.5001675494686753
0,0.28147730861068354
0,0.31628031706067483
0,0.09605375601350236
0,0.3484935953420907
1,0.41119058580132195
0,0.22969531238567037
1,0.3424325339618495
1,0.46709883681432424
1,0.31628031706067483
0,0.2964518234397434
0,0.05501112064098373
1,0.71960480829813
0,0.490916298738977
0,0.3066865557582091
0,0.05501112064098373
0,0.5922980931394981
0,0.5839670887475056
0,0.3950535988724103
0,0.4591969387365131
0,0.05951576021192091
0,0.07522998939740347
1,0.7750252724466018
0,0.22489323387758722
1,0.37196249671772075
0,0.24283922964189425
0,0.4260892249702769
0,0.3292986418548098
0,0.2232436662637788
0,0.07505843463627912
1,0.6284368708594618
1,0.09770822184564612
0,0.28147730861068354
0,0.31628031706067483
1,0.35263846671378263
0,0.05951576021192091
0,0.35262303480276935
0,0.5987585264371762
1,0.5144296773995367
1,0.7315500056426214
1,0.386525225576853
0,0.3000963534889538
1,0.3859551443907544
0,0.4219236277973077
0,0.3584227873351831
0,0.3994063291692278
0,0.37346988287700567
0,0.06255398282928343
0,0.06255398282928343
1,0.5179169330174047
1,0.24336326022804836
1,0.31366923365806565
1,0.42425930146931146
0,0.31628031706067483
0,0.3090780219554034
1,0.4716135960558703
0,0.05501112064098373
0,0.28336845115580866
0,0.4199712470022261
1,0.49458255286977915
1,0.4726618387672925
0,0.05951576021192091
1,0.406933051281848
0,0.3546823470458043
0,0.05501112064098373
0,0.05792668845397806
0,0.31862402280346036
0,0.32184469643412744
0,0.20570229059055495
1,0.31628031706067483
1,0.31628031706067483
0,0.24336326022804836
1,0.3823166694632916
0,0.05959095024823321
0,0.24283922964189425
0,0.3233943268081997
0,0.05951576021192091
0,0.5068133912205139
0,0.37346988287700567
1,0.7260764142400289
1,0.503002352438941
1,0.3618374787231624
0,0.5591568942440278
1,0.43824934879270633
1,0.2944353200981068
1,0.6561346605065979
0,0.31628031706067483
1,0.49032602898345323
0,0.06255398282928343
1,0.4632620797263353
1,0.6577823535238034
0,0.4353995783266601
0,0.33208434912099405
1,0.7163595196529243
0,0.31628031706067483
1,0.5267775229311747
0,0.3882709923950331
1,0.44099340385444474
1,0.48535207544540415
1,0.34127484103384065
0,0.5267775229311747
0,0.05951576021192091
0,0.05792668845397806
0,0.05501112064098373
0,0.2836364406792765
1,0.33655422187856865
0,0.30707565913632795
1,0.625049326734868
1,0.5267775229311747
0,0.4845438214535261
1,0.5607848399319724
1,0.4592772976142144
0,0.27928521268629575
1,0.34127484103384065
0,0.30047432638509325
1,0.6349041539400961
0,0.28147730861068354
1,0.5001675494686753
1,0.34148759760181147
1,0.3958035105811241
0,0.3283168295464174
1,0.6327704946115574
1,0.4840709897930718
0,0.05951576021192091
0,0.30893269292304565
1,0.5292274595211319
1,0.5665044946619046
1,0.40010883888802634
1,0.5267775229311747
0,0.30893269292304565
0,0.2878763963605603
1,0.3440719949194104
0,0.3343473497548217
0,0.3853368976876952
0,0.05959095024823321
0,0.06255398282928343
0,0.09770822184564612
0,0.5077088429534131
1,0.08600103598502842
0,0.3349630718028313
0,0.5839670887475056
1,0.644938485238632
1,0.36809173110792515
0,0.24283922964189425
1,0.5370285246261457
1,0.7315500056426214
1,0.4332820659052558
1,0.541064672976551
1,0.6594227143432603
0,0.4168590022612044
1,0.5124630683369745
0,0.28147730861068354
1,0.525229003734291
1,0.31628031706067483
0,0.3736124284926176
0,0.31628031706067483
0,0.31628031706067483
1,0.3671669703349909
1,0.7341679150942465
0,0.45524810913763963
0,0.2625801441167911
0,0.38589673544051606
0,0.41929098655388525
1,0.7315500056426214
1,0.3884189137222208
1,0.5321950467402574
0,0.18947611541217227
0,0.27928521268629575
0,0.24487444784403145
0,0.31628031706067483
0,0.3530282983295436
1,0.3000963534889538
0,0.08004100982022593
0,0.2727292973526169
0,0.34692306816526636
0,0.3054124291674676
0,0.38648440993811545
0,0.3072786442067849
0,0.05792668845397806
0,0.34148759760181147
1,0.6284368708594618
0,0.09494942547671509
0,0.30893269292304565
1,0.31628031706067483
0,0.7379136276954481
0,0.06255398282928343
0,0.05951576021192091
1,0.28336845115580866
1,0.706438333966382
0,0.06255398282928343
0,0.06255398282928343
0,0.06255398282928343
0,0.05792668845397806
0,0.37346988287700567
0,0.2964518234397434
1,0.662725469768025
0,0.21216059811508944
0,0.41887289779731146
0,0.41831719828596536
0,0.28317987178107823
1,0.2964518234397434
1,0.3376906243653788
1,0.71960480829813
1,0.5001675494686753
0,0.20570229059055495
1,0.28147730861068354
0,0.29862525491202596
1,0.3180923569014003
0,0.2108453122554151
0,0.2964518234397434
1,0.6492308389721566
1,0.35833158148719885
0,0.31898739489648364
0,0.37346988287700567
0,0.5267775229311747
1,0.4226838837554923
1,0.40766855738850677
1,0.3941538829187108
0,0.34148759760181147
0,0.337472316254147
0,0.3674064313786455
1,0.6533658744168911
0,0.3537277711079603
0,0.406933051281848
0,0.5353936486142534
0,0.33208434912099405
1,0.46031114622388103
0,0.3037667723011791
0,0.06255398282928343
0,0.05959095024823321
1,0.625049326734868
0,0.4919062731779447
0,0.31628031706067483
1,0.7315500056426214
1,0.33655422187856865
0,0.05959095024823321
0,0.2944353200981068
0,0.06255398282928343
1,0.5154578456368574
0,0.4342830752163569
1,0.541064672976551
1,0.31628031706067483
0,0.4097069313016948
0,0.24283922964189425
0,0.3775044621082178
0,0.05951576021192091
1,0.5874159176375421
1,0.31628031706067483
0,0.37346988287700567
0,0.4114765276842274
0,0.5267775229311747
0,0.39767424087585057
1,0.6167003261362153
0,0.06768943461125812
0,0.360093530346114
0,0.28147730861068354
0,0.3809974201224389
0,0.3612759306299634
1,0.5321950467402574
0,0.48289107523932784
0,0.31628031706067483
1,0.4429779836523444
0,0.05951576021192091
1,0.6827246318558012
0,0.06255398282928343
1,0.4237020728139385
0,0.3014892839544095
1,0.05792668845397806
0,0.43580059313635183
1,0.3699954979732365
1,0.5839670887475056
0,0.06255398282928343
1,0.5591568942440278
1,0.7315500056426214
1,0.15505446519466137
0,0.3823166694632916
0,0.28147730861068354
1,0.541064672976551
0,0.37474256898700953
1,0.5267775229311747
0,0.31628031706067483
0,0.05792668845397806
0,0.06768943461125812
0,0.06768943461125812
0,0.34148759760181147
0,0.3000963534889538
1,0.6036066360637617
0,0.46729709306377476
0,0.46283470052565434
1,0.31071229827425495
0,0.2549085088996509
1,0.4591969387365131
0,0.06255398282928343
0,0.43154410079570027
0,0.35334789690417284
0,0.24283922964189425
0,0.3175148858320337
0,0.47410626476406464
1,0.20437306881719022
0,0.30893269292304565
0,0.28336845115580866
1,0.56087788020588
0,0.35060629323691295
1,0.3032717114097832
0,0.3000963534889538
0,0.360093530346114
0,0.5839670887475056
0,0.05951576021192091
0,0.41887289779731146
0,0.28147730861068354
1,0.5591568942440278
1,0.6039334133643796
1,0.31628031706067483
0,0.2842936404634776
0,0.31628031706067483
1,0.35977289747699787
0,0.06255398282928343
0,0.05501112064098373
0,0.2964331589876382
0,0.2590231932136153
1,0.2745430996023367
0,0.39767424087585057
0,0.4183328793314889
0,0.3014565440629699
0,0.3324686879461498
0,0.4552509538008654
0,0.41929098655388525
0,0.298159249106399
0,0.5783887301251495
0,0.28147730861068354
0,0.5426484049517294
1,0.6243719600733685
1,0.31628031706067483
1,0.31582490504298116
1,0.7260764142400289
1,0.3380952623111862
0,0.5366561284795209
0,0.4870439003643918
1,0.6236238017769478
0,0.37346988287700567
0,0.3040266750137258
1,0.3823166694632916
0,0.4018786141911591
1,0.375068738776181
0,0.456521364181538
1,0.5714733747927176
0,0.4168590022612044
0,0.2904678222545455
0,0.541064672976551
1,0.19603413759968746
1,0.37346988287700567
1,0.7014970501867399
0,0.3231429302195486
0,0.31628031706067483
0,0.05501112064098373
0,0.5097772553518223
0,0.5455621866837712
0,0.40796735061607975
0,0.05951576021192091
0,0.5267775229311747
0,0.31628031706067483
0,0.24283922964189425
0,0.06255398282928343
0,0.28336845115580866
0,0.406933051281848
1,0.7341679150942465
0,0.3961192577945039
0,0.4919251685534424
0,0.23925786630140955
0,0.05959095024823321
0,0.3000963534889538
0,0.34148759760181147
1,0.34148759760181147
0,0.4492127211234352
0,0.3960345844342854
0,0.05959095024823321
0,0.4599764999916448
1,0.4260892249702769
1,0.37346988287700567
1,0.5418886827525078
0,0.3823166694632916
0,0.31628031706067483
1,0.5138841118171624
1,0.4592772976142144
1,0.3878249089949435
0,0.5524693956840268
0,0.34571452015698373
1,0.31628031706067483
0,0.43905189605533795
0,0.3380952623111862
0,0.45610580812306595
0,0.37346988287700567
0,0.5246685898367032
1,0.47314769278274743
0,0.4514871160523196
0,0.23925786630140955
0,0.5839670887475056
1,0.3090780219554034
0,0.41558656560285484
0,0.5839670887475056
1,0.4199712470022261
0,0.05959095024823321
1,0.463113786480223
0,0.5673441564245392
0,0.4109455671781433
0,0.3415435188152729
0,0.05959095024823321
1,0.5407855023050687
0,0.3994063291692278
0,0.10393583614870112
0,0.31628031706067483
0,0.05792668845397806
0,0.2549085088996509
0,0.06559668700611997
1,0.3831017536062145
0,0.2780541590417197
0,0.31966694723127415
1,0.36952959634988297
0,0.3674064313786455
0,0.4429779836523444
1,0.30937001750108195
0,0.553513706637091
1,0.4183328793314889
0,0.4552509538008654
1,0.4146320365660963
0,0.2964518234397434
1,0.45610580812306595
0,0.3031433326706702
1,0.2944353200981068
1,0.40724371211664756
0,0.5094200961439629
0,0.06255398282928343
0,0.30269325152021287
0,0.28336845115580866
1,0.4780154304302922
0,0.6322529199973348
1,0.40722788815918687
0,0.06888154575750753
0,0.05951576021192091
0,0.3040266750137258
0,0.37127812762416035
1,0.4504059634276743
0,0.33290465734210106
1,0.5453810246034695
0,0.3216775969660028
1,0.38181109377870415
0,0.3686781493249004
0,0.34692306816526636
1,0.5267775229311747
0,0.24283922964189425
1,0.6143360439588818
0,0.19055212063700178
0,0.2964518234397434
1,0.27928521268629575
0,0.5347770574295941
1,0.41295161258564506
0,0.05951576021192091
1,0.44481615576022016
1,0.6349041539400961
0,0.28336845115580866
0,0.05951576021192091
0,0.3000963534889538
1,0.3180923569014003
1,0.6446645535736034
1,0.28336845115580866
0,0.37910566936131224
0,0.4228772668702244
0,0.39767424087585057
1,0.4601948756564415
0,0.4992120284906914
1,0.3165787240812562
0,0.30893269292304565
0,0.5895629131256471
1,0.5267775229311747
0,0.24283922964189425
1,0.41929098655388525
0,0.28336845115580866
0,0.3124957227461789
1,0.42536863975893235
0,0.05951576021192091
0,0.07782587589434681
1,0.31628031706067483
0,0.05951576021192091
0,0.42313530630875756
0,0.08404484530826514
1,0.5267775229311747
0,0.05792668845397806
1,0.4854542800715619
0,0.5915919697134598
0,0.3950535988724103
1,0.5874159176375421
1,0.49458255286977915
0,0.29821769590420083
1,0.4183328793314889
1,0.49279096278243867
1,0.13382558248614032
0,0.5321950467402574
0,0.3180923569014003
0,0.2964518234397434
0,0.31862402280346036
0,0.12455376050825184
0,0.05501112064098373
0,0.05792668845397806
1,0.5267775229311747
1,0.3031433326706702
0,0.37346988287700567
0,0.4592772976142144
0,0.3324686879461498
1,0.47119729955602074
1,0.5696546924764112
0,0.6215133952187292
1,0.4429779836523444
0,0.28147730861068354
1,0.6633553653295882
0,0.2964518234397434
0,0.25844232602393336
1,0.06255398282928343
0,0.06255398282928343
0,0.06255398282928343
1,0.6043070472736425
1,0.2964518234397434
0,0.30893269292304565
0,0.3162127590299461
1,0.514031020891084
0,0.07062883625869934
0,0.07871071369920177
0,0.30893269292304565
0,0.30893269292304565
0,0.28147730861068354
0,0.28336845115580866
0,0.05951576021192091
1,0.6827246318558012
0,0.25469769513111634
0,0.30893269292304565
0,0.2522620461978793
0,0.07871071369920177
1,0.30893269292304565
0,0.28336845115580866
0,0.29426698581184096
0,0.3057727748175309
1,0.23784585856378615
0,0.05959095024823321
0,0.34148759760181147
1,0.6790382479575117
1,0.38648440993811545
0,0.2821323107369662
0,0.31628031706067483
0,0.5980535425389912
1,0.44481615576022016
1,0.3295187822181801
0,0.41887289779731146
0,0.29202213816496114
1,0.4672270059076845
0,0.05501112064098373
0,0.34692306816526636
0,0.2929836627762719
0,0.33208434912099405
0,0.28147730861068354
1,0.5410169314827822
1,0.5839670887475056
0,0.2964518234397434
0,0.05792668845397806
0,0.2550154546263453
0,0.05501112064098373
0,0.31329580732513074
0,0.71960480829813
0,0.05501112064098373
1,0.38308271428156887
0,0.2964518234397434
1,0.41295161258564506
0,0.2964518234397434
0,0.5798443521395898
1,0.5922980931394981
1,0.3759764460180359
0,0.14326533485111786
0,0.4552509538008654
0,0.7820297720172563
1,0.2550154546263453
0,0.25890409363272165
1,0.463113786480223
0,0.06255398282928343
0,0.28336845115580866
1,0.6014131898639653
0,0.29862525491202596
1,0.5255438774136022
0,0.05501112064098373
0,0.31628031706067483
1,0.4737813626790719
0,0.17050430951920356
1,0.5087494148569878
0,0.24389858608875092
1,0.6760723333771895
0,0.06768943461125812
1,0.35263846671378263
0,0.4373673364599522
0,0.4297229399313047
1,0.43561844970605723
0,0.08031487111154256
0,0.05959095024823321
0,0.35263846671378263
1,0.71960480829813
0,0.05501112064098373
1,0.41929098655388525
0,0.2913421590770303
0,0.05959095024823321
0,0.21216059811508944
0,0.27990296334776127
1,0.3941538829187108
1,0.4236786780254925
0,0.43580059313635183
0,0.09446558261841709
1,0.6349041539400961
1,0.4304784859570385
0,0.05792668845397806
0,0.30893269292304565
0,0.5621424363457566
0,0.06768943461125812
1,0.5839670887475056
0,0.05501112064098373
0,0.4709936980032399
0,0.23925786630140955
0,0.35263846671378263
0,0.38731961262160397
1,0.35263846671378263
0,0.4104819301968444
0,0.3263786331747426
0,0.2842936404634776
0,0.3193221243881371
0,0.06255398282928343
0,0.06255398282928343
0,0.3031433326706702
1,0.486352802539111
1,0.5267775229311747
0,0.4970362378300863
0,0.31628031706067483
1,0.5267775229311747
0,0.3823166694632916
0,0.2964518234397434
0,0.5138841118171624
0,0.06255398282928343
0,0.28336845115580866
0,0.3000963534889538
1,0.5488560713806451
0,0.05792668845397806
0,0.2964518234397434
0,0.5369430221567457
0,0.28336845115580866
0,0.05501112064098373
1,0.5559260228561682
0,0.4777693354450074
0,0.4764660585647193
1,0.5267775229311747
1,0.42425930146931146
1,0.3873914517241678
1,0.4934355885212019
1,0.6827246318558012
1,0.4552509538008654
1,0.5707108448034606
0,0.40259429879847364
0,0.2897424334972833
0,0.43166034984447793
0,0.34148759760181147
0,0.07871071369920177
1,0.5413536557807673
0,0.05792668845397806
1,0.4429779836523444
0,0.06255398282928343
0,0.21944417243538852
1,0.32617586997719816
0,0.30893269292304565
0,0.31628031706067483
0,0.31628031706067483
1,0.26069380520807134
0,0.3424325339618495
0,0.05792668845397806
0,0.2857211841910355
0,0.5707970930940759
0,0.06781240902201756
0,0.37127812762416035
0,0.6243719600733685
1,0.24283922964189425
0,0.360093530346114
0,0.06255398282928343
0,0.4870439003643918
1,0.50873694590476
0,0.06732994062536889
0,0.4199712470022261
0,0.5068133912205139
0,0.3115832663994492
0,0.48535207544540415
1,0.7315500056426214
0,0.4592772976142144
0,0.28310948690380655
0,0.30953392212195086
0,0.3380952623111862
0,0.34148759760181147
1,0.3860192195453372
0,0.31496638890326595
1,0.28147730861068354
0,0.406933051281848
0,0.4429133794678024
1,0.4642364132151224
0,0.2964518234397434
0,0.05501112064098373
1,0.23925786630140955
0,0.05792668845397806
0,0.3180430055890276
0,0.06255398282928343
0,0.05501112064098373
0,0.3000963534889538
1,0.7750252724466018
0,0.05959095024823321
1,0.4672270059076845
0,0.05792668845397806
0,0.05792668845397806
1,0.5839670887475056
1,0.4642364132151224
1,0.4895894314107507
0,0.2964518234397434
0,0.06255398282928343
0,0.31628031706067483
0,0.24794788861420386
1,0.28580787252011425
0,0.5259776060883755
1,0.5318168396441997
0,0.37346988287700567
1,0.42600494298244646
0,0.05792668845397806
0,0.4111632992639321
0,0.4199712470022261
0,0.05792668845397806
0,0.43580059313635183
1,0.4840221343623577
0,0.2964518234397434
0,0.5554757997714107
1,0.5306327195991317
0,0.31628031706067483
1,0.4251766973459176
1,0.28147730861068354
0,0.3090780219554034
1,0.4409016890167381
0,0.5124388896065215
0,0.05951576021192091
1,0.5037847513842961
1,0.06255398282928343
0,0.08807114077584974
0,0.3448871532358954
1,0.46196356128646804
1,0.3581728416896157
0,0.4219236277973077
1,0.5459809268008621
0,0.4239496492516406
1,0.43438755149230684
0,0.5895629131256471
0,0.28336845115580866
1,0.5839670887475056
0,0.06936903612659934
1,0.42425930146931146
1,0.4917975749765766
0,0.4506389216874213
1,0.3115832663994492
1,0.41929098655388525
1,0.4982360362030072
0,0.23925786630140955
1,0.2944353200981068
0,0.06255398282928343
1,0.4199712470022261
0,0.06255398282928343
1,0.49685474406922586
0,0.06255398282928343
1,0.292243224173719
0,0.2964518234397434
1,0.5839670887475056
0,0.3275117631230809
0,0.2842936404634776
0,0.3544364303479959
0,0.553513706637091
0,0.5839670887475056
0,0.3153232823743263
1,0.6163810605491651
1,0.41295161258564506
0,0.43580059313635183
1,0.7260764142400289
0,0.28928619079601386
0,0.23925786630140955
0,0.05792668845397806
0,0.34148759760181147
0,0.05959095024823321
1,0.6277040662257888
0,0.07871071369920177
1,0.30751000599130435
0,0.32126115119324933
0,0.05951576021192091
0,0.05951576021192091
1,0.4251766973459176
1,0.5895629131256471
0,0.2964518234397434
1,0.2964518234397434
0,0.06255398282928343
0,0.24283922964189425
1,0.3765019454619457
0,0.05792668845397806
0,0.28147730861068354
0,0.05951576021192091
1,0.5627557242488846
0,0.2964518234397434
0,0.24794788861420386
1,0.31628031706067483
1,0.662725469768025
0,0.411461917179439
1,0.5796951152562303
1,0.5229164481553134
0,0.08587125297495779
1,0.4620057627396726
1,0.28147730861068354
0,0.05951576021192091
1,0.5839670887475056
1,0.4451305586444854
0,0.2964518234397434
1,0.3283168295464174
0,0.06255398282928343
0,0.4592772976142144
0,0.33539668229702907
0,0.31628031706067483
0,0.05792668845397806
1,0.360093530346114
1,0.5839670887475056
0,0.2099233088265324
0,0.2655921072037373
1,0.39767424087585057
1,0.5665904362532076
0,0.24283922964189425
1,0.6347586988064219
0,0.3467427532934229
1,0.5488555086011394
0,0.2935394407808441
0,0.30720776336276
0,0.07851326835836524
0,0.06255398282928343
0,0.432221060086181
0,0.48447836213410667
0,0.3000963534889538
0,0.23925786630140955
0,0.3783122591411317
1,0.29862525491202596
0,0.5355258999347704
0,0.06255398282928343
1,0.4492127211234352
0,0.07344884580068943
1,0.5267775229311747
0,0.05792668845397806
0,0.47518563700188765
1,0.3283168295464174
0,0.4810055644915329
0,0.06255398282928343
0,0.05501112064098373
1,0.5347013573021556
1,0.6067330007280162
0,0.42155071722009047
1,0.49829813893834823
0,0.6323125908650693
0,0.406933051281848
0,0.06255398282928343
1,0.71960480829813
1,0.28336845115580866
0,0.06385424627177382
0,0.360093530346114
1,0.5039597134708188
0,0.33029776666407634
0,0.2641447846549946
0,0.5267775229311747
0,0.39767424087585057
1,0.6088510038822009
0,0.05792668845397806
1,0.44099340385444474
1,0.4812618760468
1,0.4353995783266601
0,0.05792668845397806
0,0.06255398282928343
0,0.31628031706067483
0,0.06255398282928343
1,0.36314413192972544
1,0.5267775229311747
1,0.6361050692379587
1,0.4591969387365131
1,0.4022559468145014
0,0.28336845115580866
0,0.2938772116213251
0,0.3090780219554034
1,0.5839670887475056
0,0.294618224680158
0,0.4982360362030072
1,0.2099233088265324
0,0.28336845115580866
1,0.06385424627177382
0,0.2964518234397434
1,0.4551221464312706
0,0.28336845115580866
1,0.6362391576726031
1,0.6339580737498538
0,0.42335121457196
1,0.6561346605065979
1,0.3180923569014003
1,0.5654829571490383
1,0.5725016302585114
0,0.4202171637000346
1,0.3072786442067849
1,0.2944353200981068
0,0.31628031706067483
0,0.4492127211234352
0,0.31628031706067483
0,0.2842936404634776
0,0.4168590022612044
0,0.05501112064098373
0,0.3072786442067849
1,0.2964518234397434
1,0.71960480829813
0,0.05792668845397806
0,0.3124957227461789
1,0.3764653660039824
0,0.384298716517292
0,0.31628031706067483
0,0.28147730861068354
1,0.5882080397798178
1,0.625049326734868
1,0.5267775229311747
1,0.31628031706067483
0,0.5591568942440278
0,0.46039673710943413
0,0.3590651270881579
0,0.409424541434931
0,0.3736124284926176
1,0.5298031928817287
1,0.48151558657939564
1,0.33208434912099405
0,0.4619283498388289
0,0.23925786630140955
0,0.06255398282928343
1,0.46558216939191155
1,0.5853037703507409
0,0.05792668845397806
1,0.3741594277141656
0,0.28336845115580866
1,0.7256390436779581
0,0.4097069313016948
1,0.3854019541072372
0,0.34692306816526636
1,0.35833158148719885
0,0.4017096634711817
0,0.0669130991259641
0,0.40041703425971675
1,0.2964518234397434
1,0.42662334140529046
0,0.5511047162176271
0,0.4486175309357992
0,0.25858113016834355
0,0.14894398952998925
0,0.34692306816526636
0,0.3009051143107737
0,0.5267775229311747
0,0.36050776325733963
0,0.2964518234397434
1,0.47773240233136927
0,0.05501112064098373
0,0.35833158148719885
0,0.28147730861068354
1,0.40549403887775304
0,0.3274040200201053
1,0.29638134472223376
0,0.05951576021192091
0,0.5839670887475056
0,0.503002352438941
0,0.24997038931830395
1,0.503002352438941
1,0.6542391146054893
1,0.3618374787231624
0,0.06255398282928343
0,0.31628031706067483
0,0.5522701495176124
0,0.4098207406912205
0,0.3278647335019194
0,0.06255398282928343
1,0.5122627800697526
0,0.24794788861420386
0,0.3424325339618495
1,0.5884154444050103
0,0.360093530346114
1,0.34692306816526636
1,0.5175675704165738
0,0.36314413192972544
0,0.31628031706067483
0,0.306064062838992
0,0.48675679966934987
1,0.3764653660039824
1,0.28147730861068354
0,0.06732994062536889
0,0.4435338991808576
1,0.35263846671378263
1,0.4895894314107507
1,0.3736124284926176
0,0.33655422187856865
0,0.31628031706067483
0,0.280467612970145
1,0.39149719717394554
0,0.3255359240369902
0,0.360093530346114
1,0.3000963534889538
1,0.47348997530427944
0,0.6755731863087387
1,0.6380027597260959
0,0.4782197086484732
0,0.49685474406922586
0,0.4365211783476964
0,0.45729623419923304
0,0.07343162263997449
1,0.42099578894777806
1,0.2842936404634776
0,0.24283922964189425
0,0.5407855023050687
1,0.6569023916915734
1,0.6315699665990151
1,0.6195644464284005
1,0.35263846671378263
0,0.3544364303479959
1,0.6200776833069634
0,0.29862525491202596
0,0.2944353200981068
1,0.6979938368282884
1,0.06255398282928343
0,0.2604554795321478
0,0.3072786442067849
1,0.5292274595211319
0,0.05792668845397806
0,0.3612759306299634
0,0.28336845115580866
1,0.7150705359404591
0,0.05501112064098373
1,0.5267775229311747
0,0.44481615576022016
1,0.28336845115580866
1,0.38756879292343543
1,0.05501112064098373
0,0.37346988287700567
1,0.06553283638658007
0,0.3124957227461789
0,0.4353995783266601
0,0.2099233088265324
0,0.3014892839544095
0,0.07871071369920177
1,0.7165816382017145
0,0.06732994062536889
0,0.3180923569014003
0,0.05501112064098373
1,0.4291561903990255
1,0.37346988287700567
1,0.4917975749765766
0,0.05792668845397806
0,0.0802501447771086
0,0.4251766973459176
0,0.31628031706067483
0,0.3882709923950331
0,0.5122627800697526
0,0.07871071369920177
0,0.3295285425731192
1,0.6322529199973348
0,0.28147730861068354
1,0.34692306816526636
0,0.31628031706067483
0,0.05951576021192091
0,0.06255398282928343
0,0.2964518234397434
0,0.06255398282928343
0,0.06255398282928343
1,0.5106480223799307
0,0.4429779836523444
0,0.27192683159319797
0,0.646991685687556
0,0.40298007008948245
0,0.05959095024823321
0,0.4670778694130787
1,0.4670778694130787
0,0.05501112064098373
0,0.5255963339224283
1,0.5526034293051167
0,0.2902919267965412
0,0.4749493882546383
0,0.37271453213847605
1,0.5839670887475056
1,0.3995210793365901
0,0.24389858608875092
0,0.07451419586226829
0,0.4672270059076845
1,0.6048718937358017
1,0.4008196057372655
1,0.31628031706067483
0,0.33757897685661864
1,0.43798688499781535
0,0.27928521268629575
0,0.39875214071640797
0,0.31628031706067483
1,0.630784163130713
0,0.3736124284926176
0,0.27192683159319797
0,0.43457166764788263
0,0.05959095024823321
0,0.32104185492684595
0,0.4946846573542278
0,0.2963026620689322
1,0.35833158148719885
1,0.3506802602027782
0,0.30484573012611116
0,0.05792668845397806
0,0.5037847513842961
1,0.5476722470314841
0,0.46219163018809944
0,0.6470886230979243
0,0.5059377026061314
1,0.323195809021293
0,0.12327915438386954
1,0.2964518234397434
1,0.49327033693737743
0,0.4704774291156314
1,0.4678353098835119
1,0.6905074392725243
1,0.520213101197933
1,0.31628031706067483
0,0.31628031706067483
1,0.6052363751250377
0,0.2964518234397434
0,0.3049299380593836
0,0.3424325339618495
0,0.2964518234397434
0,0.34859154283676613
1,0.40766855738850677
0,0.3028624671176579
0,0.05792668845397806
0,0.05501112064098373
0,0.367892932942238
0,0.3031433326706702
0,0.05959095024823321
1,0.3671669703349909
1,0.5522701495176124
0,0.3291333715760417
0,0.406933051281848
1,0.6492308389721566
0,0.5158788365228628
1,0.3839079333464476
0,0.4829678795421562
1,0.4429779836523444
0,0.05959095024823321
1,0.4928608268779622
0,0.05959095024823321
0,0.31073002590387844
0,0.5148959433867789
1,0.5219834512782388
0,0.5285176263275867
0,0.3359740421777797
0,0.386525225576853
1,0.5020983978399591
1,0.37346988287700567
1,0.3878249089949435
1,0.5142981300382766
1,0.5601724446246357
0,0.2964518234397434
0,0.05501112064098373
0,0.05959095024823321
0,0.3180923569014003
0,0.25858113016834355
0,0.5059323370050375
1,0.5846684940727273
1,0.5698789754868314
0,0.3512578203682887
0,0.0696769623024773
0,0.34148759760181147
1,0.5839670887475056
0,0.2188469602001251
1,0.4199712470022261
0,0.47979235798242154
0,0.5267775229311747
1,0.5839670887475056
0,0.3950535988724103
0,0.05501112064098373
0,0.5464708466709207
0,0.4250643646207198
1,0.5064691191415681
0,0.2963026620689322
0,0.29862525491202596
0,0.31628031706067483
0,0.3882709923950331
0,0.37346988287700567
0,0.3180923569014003
0,0.34148759760181147
0,0.07782011691489989
1,0.6561346605065979
1,0.4552509538008654
1,0.5292274595211319
0,0.5152420661190165
0,0.5122627800697526
0,0.37346988287700567
0,0.2549085088996509
0,0.3180923569014003
0,0.05792668845397806
0,0.458091615396053
1,0.3376906243653788
0,0.15101700616967215
1,0.5744767780758399
0,0.4506389216874213
0,0.05792668845397806
1,0.3544364303479959
1,0.29202213816496114
0,0.05501112064098373
0,0.31974656378461475
0,0.10330870824920718
0,0.41078900662929474
0,0.4735685004080348
1,0.3124957227461789
1,0.31628031706067483
0,0.48289107523932784
0,0.07871071369920177
0,0.2543836763025948
1,0.5418886827525078
1,0.16878630185957263
1,0.5874159176375421
0,0.3736124284926176
0,0.5874159176375421
1,0.5068133912205139
1,0.4239461573000191
0,0.3243626199550474
0,0.42920981571364925
0,0.4429779836523444
0,0.05792668845397806
1,0.5591568942440278
1,0.46196356128646804
0,0.48675679966934987
0,0.31628031706067483
1,0.4393168625733879
0,0.3537277711079603
0,0.09770822184564612
1,0.463113786480223
0,0.28147730861068354
1,0.5068133912205139
0,0.3423646316290604
0,0.06255398282928343
0,0.07871071369920177
0,0.4429779836523444
0,0.3031433326706702
0,0.2987494662271611
1,0.6344468551221405
1,0.7165816382017145
0,0.05501112064098373
0,0.3031433326706702
0,0.3471417505494637
0,0.38304970248626397
1,0.463113786480223
0,0.4794363833065877
1,0.09494942547671509
0,0.3852226493448169
0,0.39767424087585057
0,0.4045015616122722
1,0.598206497299113
0,0.05501112064098373
1,0.47858661209630854
0,0.31628031706067483
0,0.3292986418548098
1,0.47858661209630854
1,0.4561543659024927
0,0.35263846671378263
1,0.31628031706067483
0,0.3000963534889538
0,0.21216059811508944
0,0.06768943461125812
0,0.46243865385351857
0,0.08600103598502842
1,0.3233943268081997
1,0.5122627800697526
0,0.41252037931649016
1,0.39767424087585057
0,0.2875455012620861
1,0.5068133912205139
1,0.31099061441139203
1,0.3090780219554034
1,0.5267775229311747
1,0.463113786480223
0,0.05792668845397806
0,0.25253797587044824
0,0.4492127211234352
1,0.34692306816526636
0,0.4482989375133507
1,0.39767424087585057
0,0.3882709923950331
1,0.42021010943069453
0,0.4758409302669516
1,0.09770822184564612
1,0.3170296893776873
1,0.3493126718315372
0,0.3000963534889538
1,0.5796858398007878
0,0.05792668845397806
1,0.39767424087585057
1,0.6083091534620733
0,0.40671266159285074
1,0.2589746429943678
1,0.36114809570519696
1,0.706438333966382
0,0.24503942029428644
1,0.34127484103384065
0,0.28147730861068354
1,0.4670778694130787
0,0.37346988287700567
0,0.33633751514927857
0,0.3837479053909765
0,0.28336845115580866
0,0.05501112064098373
0,0.3891276505140149
0,0.4353995783266601
0,0.24794788861420386
1,0.5095656146435245
1,0.7260764142400289
1,0.5148924000449366
0,0.06553283638658007
0,0.3657369845232686
0,0.5186571326871868
0,0.2711241698228159
1,0.2964518234397434
0,0.4183328793314889
0,0.06255398282928343
1,0.06385424627177382
1,0.6014131898639653
0,0.3275117631230809
0,0.3415435188152729
1,0.6000691160639987
0,0.3153232823743263
0,0.05959095024823321
1,0.4982360362030072
1,0.6631757027087442
0,0.2740879545436979
0,0.05959095024823321
0,0.4168590022612044
1,0.5901850413606388
1,0.06255398282928343
1,0.2964518234397434
1,0.4737813626790719
1,0.280467612970145
0,0.4506389216874213
0,0.32104185492684595
1,0.2964518234397434
1,0.6363094140180958
1,0.3424325339618495
0,0.45030940068938063
1,0.4570119988159753
0,0.31628031706067483
0,0.05951576021192091
0,0.3017951285424998
0,0.4239496492516406
0,0.28336845115580866
0,0.06732994062536889
1,0.3941538829187108
1,0.5413536557807673
0,0.28147730861068354
0,0.05501112064098373
1,0.367892932942238
0,0.26173263359102084
1,0.6827246318558012
0,0.2964518234397434
0,0.05959095024823321
0,0.4919062731779447
0,0.5407855023050687
0,0.28147730861068354
0,0.5267775229311747
0,0.06385424627177382
0,0.31628031706067483
0,0.4382830654815331
1,0.47890866827726475
0,0.05792668845397806
0,0.3859700079435062
1,0.34148759760181147
0,0.24882157302427962
0,0.4251766973459176
0,0.33208434912099405
0,0.4429779836523444
0,0.07062411050710649
0,0.0669130991259641
1,0.4305670113699203
0,0.05951576021192091
0,0.31628031706067483
1,0.7315500056426214
1,0.40278693417531397
0,0.458091615396053
1,0.31628031706067483
1,0.31628031706067483
0,0.05792668845397806
1,0.4199712470022261
0,0.05951576021192091
0,0.2877618011269491
0,0.43438755149230684
0,0.32525392445447554
1,0.6323125908650693
1,0.5271252608734744
1,0.462491713792873
0,0.059877265544159834
0,0.3544364303479959
0,0.44687428408217567
0,0.2964518234397434
0,0.5522701495176124
0,0.24283922964189425
0,0.4111632992639321
1,0.5068133912205139
1,0.4562299263181063
0,0.415536061547907
0,0.06732994062536889
0,0.06255398282928343
1,0.29088182142645097
0,0.4283913878218285
0,0.06255398282928343
1,0.4429133794678024
0,0.05951576021192091
0,0.3220339762692052
0,0.31329580732513074
1,0.4239496492516406
0,0.05792668845397806
0,0.30893269292304565
0,0.05792668845397806
1,0.37346988287700567
