target,prediction
0,0.14507585633621206
0,0.32088947356261055
0,0.34197509297192646
0,0.22971782095965756
0,0.18433840439747504
0,0.3512497044684789
1,0.18975785756192481
0,0.4836745793388571
0,0.37665947862987165
0,0.032688731866419796
1,0.6198512761453012
0,0.1824786559606215
1,0.5366183265515798
0,0.22898219977410428
0,0.2538462573225785
0,0.26810689346948585
0,0.15754089065003202
0,0.17473822111207998
1,0.8630585526833768
1,0.7926309958722753
0,0.22029265543038662
0,0.010756465737160829
1,0.3412030843583746
1,0.507941854269466
1,0.7323442605882943
0,0.5311171742162815
1,0.441522672123347
0,0.22817351949064013
1,0.7842272963502008
0,0.21616148797085966
0,0.26203257987312356
0,0.014020284594371359
0,0.17437455666988064
0,0.3400188166096889
0,0.21613535071761003
0,0.5751834154391844
0,0.016426979746158293
0,0.2187440678203564
1,0.7077334393236305
1,0.5126057938623162
0,0.3965692040547152
0,0.5318520680150117
1,0.7084392308215004
0,0.21482520176382902
0,0.3462927593249247
1,0.2733688499828407
0,0.18649275531441983
0,0.3005424678049507
1,0.42947108960224967
0,0.2832195110592861
0,0.0041965316509321084
0,0.4140089987093653
0,0.01606040994405611
1,0.37962485425919035
0,0.29385175585090717
0,0.20189217253906927
1,0.6658395722901717
0,0.33234247263112965
1,0.5012579500522162
0,0.2571085816970644
0,0.28207977939841733
1,0.37029961876895234
0,0.5648842002506036
0,0.29786406678772304
1,0.5077604110896754
0,0.24678245991049053
1,0.33387266258578324
0,0.3679472115973904
1,0.4531700046123777
1,0.6889071430679535
1,0.767431552305573
1,0.48024323299375776
0,0.091298990056302
1,0.6492800496773535
0,0.20357042203902528
0,0.19209497918458357
1,0.9364722049297366
0,0.22224903467001758
0,0.3219314579724285
1,0.47896519238315954
1,0.29666731251940975
0,0.23213501031363612
0,0.37466643342763767
0,0.39584163689147983
0,0.2953984846985541
0,0.1750828484408848
0,0.06765423261051019
0,0.23862413240530492
0,0.715894153967223
1,0.3602008647501218
1,0.7471027467282606
0,0.14758881222898323
1,0.31490135674803965
0,0.015744652380658655
0,0.0651436614473429
0,0.3159210299311041
0,0.2548285971751542
0,0.3070293374458821
1,0.5262942864362742
1,0.4701120927657686
1,0.6381121457437559
0,0.20154429588406486
0,0.3405605749374334
1,0.6424743355856788
0,0.03547816158222446
1,0.44648577931104255
1,0.7541441018685934
0,0.09510562256002303
1,0.3004163036707187
0,0.48411325216428147
1,0.6995019514508255
0,0.35171747208697385
1,0.677138523154668
1,0.751983842096383
1,0.41252831667160245
0,0.09993021919525669
0,0.2833302948658514
0,0.29315344393337744
1,0.3485513373790617
1,0.7620597792907229
1,0.2419801977932503
1,0.4736664866463636
0,0.2130850116000505
0,0.2107168494773391
0,0.035127744671855594
1,0.64624262871671
0,0.06656348004030664
1,0.22829691293542567
0,0.10167489807030752
0,0.17727399423223714
0,0.2865772673049648
0,0.012001796361624463
0,0.35455934389317934
1,0.7154952998405513
0,0.19907444418328815
1,0.3675205241316711
1,0.6363244150941292
0,0.4756506688575012
0,0.03715200375494837
0,0.6123495539147013
0,0.2066172076492286
0,0.39650035165382624
0,0.010825260114697482
0,0.313682457232816
1,0.2891684994621355
0,0.18797467945187193
0,0.29528905265719446
0,0.009065552430248624
0,0.30871468758821535
0,0.48503945583887054
0,0.21321094135180807
0,0.23107635424968742
1,0.42168469653957835
1,0.3470387302831871
0,0.18025841305407775
0,0.12927367288416505
0,0.6615837357367628
0,0.03547816158222446
1,0.4750573624284506
0,0.10341258529051703
1,0.37085279432517537
0,0.18954608379773671
0,0.053012381294281284
0,0.23555458238718321
0,0.7595508937974874
1,0.24500807973631214
0,0.2254022551051842
0,0.11893088426797248
0,0.18796953733460536
0,0.46938981082534303
1,0.7558520306625013
1,0.4265926631809602
0,0.01420645132938957
0,0.1955848884139456
1,0.6046641679366443
1,0.338061241713075
0,0.41276871570970686
0,0.31329109391445087
0,0.19591366578023808
0,0.3465456328230376
1,0.4719885438762857
1,0.48421699791460937
1,0.9592828745256861
1,0.7253960000582683
0,0.1374470011959995
1,0.9025055773802212
0,0.20786867199452638
0,0.14069071078189074
1,0.5998489409926173
0,0.4756506688575012
1,0.3217677577910849
1,0.23307193921898287
0,0.1286701948849362
0,0.4420283469176412
0,0.15937952522121937
1,0.4986478371160121
0,0.29568614474252847
1,0.5774239376400595
1,0.49806294009737484
1,0.6769635804948964
0,0.4342081654613839
0,0.24613742659647259
0,0.03956784295024515
0,0.2687602859361161
1,0.6621971833158539
0,0.27409072188222666
0,0.5559076560823565
0,0.0041965316509321084
1,0.5310344759287676
0,0.18575131727987582
0,0.19582045860719188
1,0.24282974921777753
0,0.040800677281409646
0,0.32455023554970663
0,0.09303418196923519
1,0.39095176851011776
0,0.4567537948610637
0,0.009367588819074495
0,0.4922756087717013
1,0.6565460041304341
0,0.008763709558478815
1,0.2463487739730935
0,0.30704017838660547
0,0.20453012618852273
1,0.33851808436636105
0,0.45354870082551957
1,0.6984444953452456
0,0.041237038473828064
1,0.8434540141763844
1,0.23437780762702104
1,0.42475197752150695
0,0.019758748876290994
0,0.04385222479499735
1,0.4481230264970315
0,0.019029541987323678
1,0.6259216653831313
0,0.3519742343243295
0,0.016386026756975522
1,0.4887072135635224
0,0.3811780687808969
0,0.19913632536585243
1,0.5550313947261226
0,0.06023691012385202
0,0.23152596654062566
0,0.27431233469924265
0,0.009587369038854715
0,0.30729993715465825
0,0.017411280211757706
1,0.48047734009270615
0,0.13808898850378004
1,0.4723483602685105
0,0.5853767296043917
1,0.630223539932949
1,0.950177101548359
1,0.5740231577398094
1,0.5504578609180908
0,0.5985751112579227
0,0.0651436614473429
0,0.4155515060535764
0,0.23466932754096204
0,0.41806929669387977
0,0.32749526299222526
1,0.4352977085290132
0,0.21843287853877652
1,0.5537347364753736
0,0.19445473935666485
0,0.05898786978142153
0,0.40271231493263765
0,0.23577869003663415
1,0.2720259770764868
0,0.17947201813957456
1,0.59531396973451
1,0.5111723726253047
0,0.3650041442061937
0,0.17854389857624844
1,0.7857864848302686
1,0.5535835515783696
0,0.41400743086577324
1,0.6937195536541135
1,0.6858503871682734
0,0.25879810615529614
1,0.42547414730353406
0,0.013054159183208063
1,0.5598448110953695
0,0.13864937868307234
0,0.04254248056513373
0,0.43249386825405184
0,0.3378914718140339
0,0.23439293003051226
1,0.5171560436121811
0,0.27723134854104775
0,0.2263194181343052
0,0.7296455210131373
0,0.3233898211400931
1,0.7164160959668792
0,0.009607644176175467
1,0.5510166691931111
1,0.6800179183546876
1,0.5654083991159778
1,0.89548354410105
0,0.4477319951490671
0,0.16414503236565547
0,0.04875265325512894
0,0.803706322710863
1,0.6104916971593027
0,0.08011428091874034
1,0.6517917589770229
1,0.3423345278722178
0,0.27775586840118804
1,0.5117140652716627
0,0.2787457209563039
1,0.4719885438762857
0,0.027821408792805997
0,0.05524153856400764
0,0.18575131727987582
0,0.3721333564754951
0,0.5645272437302602
0,0.29776336681180626
0,0.20418569637581896
0,0.13858090283160218
0,0.3162098546578094
0,0.03715200375494837
0,0.05240979536296455
0,0.19008573126220185
0,0.2714832477166604
1,0.6500278053426987
0,0.033840668868261155
1,0.3413631502211383
0,0.07340445284392351
0,0.2552325388285657
1,0.4684328755659936
0,0.4523460380606887
0,0.3981859785225637
0,0.03309257934595713
0,0.2795907619621905
0,0.14912539619922366
1,0.3285804606665096
1,0.5367423126234384
0,0.2570607174185803
1,0.5825992022015412
1,0.37743125051247084
1,0.8630585526833768
0,0.008393339188108445
0,0.23344389016005224
1,0.7849535590854255
0,0.05764240699256095
0,0.4809709179589683
0,0.47636008884167985
1,0.385425737929271
0,0.10076095861411208
0,0.03349797878983426
0,0.23543405003787726
1,0.4721669414664301
0,0.12786501259387623
0,0.2559684476081832
0,0.439257796042479
0,0.04132899249681657
0,0.17598054097506613
0,0.5665100470834148
1,0.37404745543058665
0,0.28500123632885804
1,0.9210915736426989
0,0.017866966107794417
1,0.1274228351901805
1,0.5785969415804487
1,0.955945376119464
1,0.699055993306415
0,0.3779465849532127
0,0.0041965316509321084
0,0.33695541708156623
0,0.17804131947705087
1,0.7879832928176215
1,0.3417503915653523
1,0.46192335530461215
1,0.6024830439294203
0,0.480145469583601
0,0.48417731769434286
1,0.3334777445256771
0,0.44907048245221937
1,0.2818231571969853
0,0.2460844984890925
0,0.28059262281035724
0,0.20837322825221608
1,0.4806834687608887
0,0.24577051292116603
0,0.38274216217711354
0,0.2501348344177147
1,0.8698799784425831
0,0.21512701089850994
1,0.6274418291736452
0,0.048750187547107325
1,0.48408617167231865
1,0.7820586028819102
1,0.7471027467282606
0,0.015172846235602444
0,0.4128200727600714
0,0.5135499536045061
0,0.21938141231872574
0,0.30577246480185255
0,0.36458009553517634
1,0.7938974807358491
0,0.2763755686690677
0,0.31612387036295775
0,0.6142011522461455
0,0.24699004538227454
0,0.3904250791898388
0,0.22047226666091066
0,0.7788028169000971
0,0.45931371447469893
1,0.3550727269527546
1,0.19713588044481167
0,0.5078298398046885
1,0.4822930694154519
0,0.27833281536340565
1,0.5738973530607423
0,0.31187544248512955
1,0.47652157115734656
0,0.03679518479137653
0,0.2929580368164144
0,0.4791287657681552
0,0.2785089159632082
0,0.4341377942496591
0,0.025013573671195544
1,0.5663160572536935
0,0.02364860345509504
1,0.9283562021084876
1,0.6861124944213539
1,0.5565710280523
0,0.6572690881620582
0,0.012853286679883705
0,0.18700423976144714
0,0.20142741887356216
0,0.19437291654968952
0,0.09617639494206935
1,0.7942924470128284
0,0.21688631493167862
0,0.14056016801456847
1,0.39536226101327765
1,0.8733605754122856
0,0.4328739811953438
0,0.45562106743799746
1,0.30434742100146134
0,0.25807184219797036
0,0.5290331898155582
0,0.24679114473141137
1,0.7722720608685085
0,0.2994731256871963
0,0.33650826306149995
1,0.6947843312567312
1,0.277250594873574
0,0.20257565803165162
0,0.6337117995881377
0,0.014569649049755495
1,0.4667518289402787
1,0.5293600979191405
0,0.30729993715465825
0,0.2187236055053405
1,0.6030730810026125
0,0.012001796361624463
0,0.020618055144192553
0,0.23772465293625814
0,0.23803327136204144
0,0.2650924124862314
1,0.593657079979891
0,0.2955991354106591
0,0.4989655057682897
0,0.7056523750052921
0,0.4480979193513288
0,0.23911775261440757
0,0.8817713935462022
0,0.5394491877557165
0,0.4939884160351391
0,0.13838261826902076
0,0.5333855383922373
0,0.009590229669863073
1,0.33814182440732027
0,0.3117544593521509
0,0.24379162200621732
0,0.582536810107167
1,0.6473280997061923
0,0.0246093422649809
1,0.29567454067754745
0,0.06916929586895669
1,0.5940985867020641
0,0.05452866027022419
1,0.697392911571712
1,0.5474071506665787
1,0.5377145490001669
1,0.3462202629066983
0,0.3264226757030865
0,0.04369832623022594
0,0.3019421787647325
0,0.019442703577733554
0,0.25070505668263066
0,0.0041965316509321084
1,0.7997142858481703
1,0.5183537350297177
0,0.0548458432813319
0,0.04520571382113711
0,0.3970226158134657
0,0.3401669059032741
1,0.4170324120463263
0,0.4111265587484042
0,0.1704458519110152
0,0.3835199511606245
0,0.07231462329708857
0,0.019788181900648103
0,0.3164586623157009
1,0.5949632794925074
1,0.36835193616011386
0,0.2485933540266812
0,0.05658327361415753
1,0.6655338151176573
0,0.2517066074828142
0,0.29434936159265296
1,0.49017247337868985
1,0.3195305684253095
0,0.056002793290204474
0,0.40667262914972174
0,0.26333364856591035
0,0.5646175369843714
0,0.6466479390820039
0,0.3701850688751836
1,0.26578745851719365
0,0.32269276907552047
1,0.5160855241589036
0,0.016278957354634936
0,0.03990422347428078
1,0.4232723912683775
0,0.0041965316509321084
0,0.11036359092141108
1,0.6486698750846865
1,0.8405251822348925
0,0.32435066952611297
0,0.27878258749216567
0,0.06697009653854068
1,0.9295091669829257
0,0.07694686414412442
0,0.3322830330734095
0,0.03126658049055123
1,0.8051415411578186
0,0.5103748580930656
0,0.2877765700266802
0,0.024541328357209194
1,0.739997481106821
0,0.20250489676861808
0,0.6227716477267363
0,0.14310942818645364
1,0.4052713547724933
1,0.5114054317619616
1,0.4165135259193034
1,0.34847138896865426
0,0.012001796361624463
0,0.12946777928927333
1,0.8431776130601736
1,0.8336596433852013
1,0.6697473923100994
1,0.36074888363427676
0,0.656134928245539
0,0.31160738255895115
0,0.36771610619653977
0,0.2151762134367561
0,0.21151212941019013
0,0.2689526448289337
1,0.5957132987469813
0,0.04004004137503885
1,0.7042526102111814
1,0.35323327124186854
0,0.5135038920064801
0,0.042327529677048274
0,0.13795785487900158
0,0.4772890520903696
1,0.4687739882273943
0,0.2190325552061621
0,0.2760698321409541
1,0.29470876378210725
1,0.6098154171009691
0,0.23623652248897797
0,0.2963526452169062
0,0.027366055221984178
0,0.22838262070793242
1,0.4637695018590376
1,0.6742184062459843
1,0.4780541275555272
1,0.5143572879080179
0,0.23546521525893227
0,0.19675185179982452
0,0.19840389968990998
0,0.6635187368183199
1,0.3539541037426537
0,0.03508981944964756
1,0.7720855935391402
0,0.3318917168304944
0,0.16672841717872544
1,0.8003495176312669
0,0.17597749377454913
0,0.008267087960294388
0,0.23855911552610182
0,0.18931349185231391
0,0.33129064939180075
0,0.012565770841599834
0,0.20233928864541645
1,0.4772991895548091
1,0.39772330240538717
1,0.4393736370672924
0,0.030182002552696274
0,0.3605437980725973
1,0.258313371407136
1,0.27256274763262955
0,0.20533472076350812
1,0.7238800292480447
0,0.3634390463600104
0,0.3532344847997734
0,0.02884986303553087
1,0.32098191655779346
0,0.37308329104426446
0,0.05342596366581054
0,0.29477838962416075
1,0.6220925997233826
1,0.7593862068460908
0,0.3744082602092221
1,0.6153309992802196
0,0.008393339188108445
0,0.3801284955461175
0,0.28756775570575843
0,0.5348996106005542
0,0.3743661683434318
0,0.690646365898148
0,0.36277735216673634
0,0.36474052289936676
0,0.19221925516734079
1,0.31380914721274294
0,0.0041965316509321084
0,0.31546465484195235
0,0.20069127915246815
1,0.747691794270266
0,0.5814547278438104
0,0.252602993531006
1,0.4036900918862734
0,0.20389737067044056
0,0.18098218153075063
1,0.8155667867321473
0,0.025421398593281366
1,0.38293329345200905
0,0.2898876353480311
0,0.22939667669596492
0,0.04941438093347437
1,0.47014053405642736
1,0.670856832322255
0,0.15937952522121937
1,0.6250977473228806
1,0.6441956253816401
0,0.3363181683376469
0,0.20257565803165162
0,0.2787413724644946
0,0.8554370764593865
1,0.32146351009985025
1,0.8241899464155042
0,0.205590833160741
0,0.2458172950147651
0,0.12992768704899077
0,0.28689607312223675
0,0.140366568227051
0,0.29957961517813975
0,0.5173520563001232
0,0.04119158152026168
1,0.7199234661431597
0,0.35950005832212373
1,0.7879463521500761
0,0.013651398280066668
1,0.8087727296226924
0,0.012716806018893799
0,0.01847752306425756
1,0.5549923999152296
0,0.054354765833826695
1,0.5411034236959789
0,0.6729317537321481
1,0.9020885964483097
1,0.6710222557857461
1,0.5459063977526158
0,0.1687746347811778
1,0.16197033131826577
1,0.8448238557704955
0,0.0204794188690991
0,0.2769758196736268
0,0.2772849814684284
0,0.042649817905347796
1,0.5518310756589336
0,0.14438592445790996
1,0.2955852311770164
0,0.6570508540011427
1,0.41789814207566667
0,0.006335173013786979
0,0.4914750344211396
1,0.4820861883476223
0,0.2740407163246012
0,0.3829796921726717
0,0.007931240052262185
0,0.03167705675798152
0,0.30207630438739413
0,0.4022759545815418
0,0.3593662940190637
1,0.27773059528265587
0,0.008317581612350869
0,0.5573285224958826
0,0.3247486315028865
0,0.18997588102878027
1,0.5534233687613443
1,0.6035133172536868
0,0.3203357333276858
0,0.22764732374163585
1,0.28113406873645697
0,0.10278173839113261
0,0.053282816999853544
1,0.6854611653860821
1,0.466533401983739
1,0.39744937063002206
0,0.3924933708471153
0,0.19535919393877912
1,0.38055990262234246
0,0.20343378311884064
1,0.5221835586639405
0,0.2689526448289337
0,0.22940610402223913
0,0.2409683283018649
0,0.24316745255162275
0,0.3945366128024999
1,0.3063635690508784
0,0.2658909565528274
0,0.16921763144859445
0,0.5268220627284547
1,0.5322086436343213
0,0.2787457209563039
1,0.47867048251644956
0,0.2093952027532391
0,0.5786604715306344
0,0.24631554192133626
0,0.340743608718461
0,0.14017816191858692
1,0.3297857228653965
1,0.5443259777971707
0,0.25949530314859914
0,0.169198662155286
1,0.503034071545771
0,0.3217677577910849
1,0.8774833282773821
0,0.2326883425975746
0,0.0041965316509321084
0,0.29960206866797756
0,0.2903493523050167
1,0.19960464860885274
0,0.2653360022533222
0,0.5301107282126668
1,0.3055841990369435
0,0.5079969717791509
0,0.23525187138410925
0,0.4113340649278308
1,0.7450899197987033
0,0.19526072399157635
0,0.5303694963677901
0,0.15779620476765638
0,0.00949541501586621
0,0.3188061402110841
0,0.2479452171944206
0,0.19540554217001085
0,0.3749186406459795
1,0.6216590073488769
0,0.01527175982210143
0,0.3879457221877334
0,0.20581620645437324
0,0.28336284275242385
0,0.3296205442801977
1,0.7088617299344158
1,0.5655472631162537
1,0.8630585526833768
0,0.5712620640367698
1,0.7249819388070318
1,0.29096578974701837
1,0.30915631052007264
1,0.5594417288262922
0,0.5655921112661225
1,0.6229745899446065
0,0.03908885581394163
0,0.19553920453665533
1,0.3914746963606122
0,0.211621836945621
0,0.29750155598298633
1,0.37495284760921316
0,0.2972808327474255
0,0.06507690964170988
0,0.01698731807385745
0,0.015048421458264386
0,0.6595704802236239
1,0.6605708179931025
0,0.7479565334623461
0,0.2077796968347137
0,0.2721073988933291
0,0.43562606744353566
1,0.6968885996481862
1,0.2809290283949554
1,0.3639238118020583
1,0.6593010968560656
1,0.6069716614408515
0,0.44325889100474813
1,0.37593785312040423
0,0.3629070722739587
1,0.4088204965544474
0,0.27306720947940977
0,0.2724267416203372
0,0.2900579806335187
0,0.6218366854323707
1,0.9128756362598177
0,0.2767818788340007
1,0.6805956131690725
1,0.5674023336689643
0,0.8096404345469455
0,0.3259951321844294
0,0.4286849322441176
0,0.3864250152796073
1,0.49496665248505944
0,0.26846373123559264
0,0.018207336253655823
1,0.7124242695220049
1,0.6381121457437559
1,0.24656855163091915
0,0.22190864587922832
0,0.23031104546645786
0,0.36791272464638225
0,0.3768374093818826
0,0.1926679505246291
0,0.4068751980287506
0,0.04561140331701616
0,0.397424916410237
1,0.5573336058887791
0,0.03717699778942579
1,0.30823245536923644
0,0.19606103066526728
1,0.7037166512509654
1,0.6300232025177774
1,0.4187988800290968
0,0.16419750816453568
1,0.7371262814126294
1,0.6148817334244089
0,0.07995762544258536
0,0.28605586014530016
1,0.3331660726084057
0,0.5388062984144204
0,0.4644972007900875
0,0.0041965316509321084
0,0.38361996862054726
1,0.5617799580998473
0,0.6450529616573419
0,0.17425363121820203
0,0.1434252535085606
0,0.22761051119443976
1,0.4244777364458796
0,0.46240146048167435
0,0.04074278161311178
0,0.2581585674628293
1,0.7594386771794847
0,0.47235636824018284
0,0.024660547633309906
0,0.00949541501586621
1,0.3748132358847968
1,0.532197896491757
0,0.0215266492721786
1,0.418391618151917
0,0.30537936281787703
0,0.37689173052742986
1,0.816285911241208
1,0.6965161502451065
1,0.6930037594245732
0,0.35262553257666385
1,0.3640348604581909
1,0.6200178710697051
1,0.37183959156527147
0,0.5636689184605316
1,0.2588270826898824
1,0.35716640793416693
0,0.2092723603700189
1,0.29984001787097136
0,0.3237588714682514
0,0.06439987112132728
1,0.5692223370447254
0,0.8665247770819703
0,0.05113665382278518
0,0.12725665721881574
0,0.39538681765809336
0,0.04127561222783246
0,0.3449568490442409
1,0.6479890081638838
1,0.5840472116503375
1,0.6142649342684611
1,0.653238151002602
0,0.02439855185295231
0,0.2212685590513917
0,0.18443925814701398
0,0.2713963805761441
1,0.2659440499974871
0,0.2668299223923068
0,0.05337107152490145
0,0.3291703456788671
0,0.01325260967252737
0,0.41714424856048116
1,0.7471027467282606
0,0.44118619993205815
1,0.3602008647501218
0,0.2532078463951291
0,0.10539054896793591
0,0.0436559982309097
0,0.753138333484819
0,0.34068691627886377
1,0.8423496245951947
0,0.6560475217553462
1,0.7454472500081121
0,0.10133160289525403
1,0.7065320579759633
0,0.17409144427583007
0,0.4120129195670071
1,0.7934001696532338
0,0.25335834321868606
1,0.20672752178551115
0,0.7481124205810614
1,0.6963536152795171
1,0.37673305560997283
1,0.8948985092780672
1,0.24508744457211856
0,0.15606913273941658
0,0.43475906919577795
0,0.23608810269669356
0,0.07668412105428238
0,0.25976995965251454
0,0.2695999746523863
0,0.6596652240970278
0,0.27220172294635575
0,0.3714684093222111
0,0.15064953843969556
0,0.2941198747961584
1,0.6228897746446831
1,0.37618555724248565
1,0.4549011713961885
1,0.7725269447586709
1,0.4611946030014037
0,0.18544024061830797
0,0.11496468987102768
0,0.6028968533952418
0,0.09242321685051781
0,0.008393339188108445
0,0.18243027530137218
0,0.02612944929401631
0,0.6429874998162071
0,0.3285668703857211
0,0.49991233872838675
0,0.3599021973324836
0,0.3836482668302796
1,0.7606012586060115
1,0.49254141859197115
1,0.551268007789232
0,0.1731700682581479
0,0.14988520722950446
1,0.6689815891069547
0,0.17608035135728364
0,0.019413526509682606
1,0.31783845905042757
1,0.8050972116835372
0,0.023493554122453495
0,0.3981482103159705
0,0.006054056983145331
1,0.48519026743257493
0,0.0041965316509321084
1,0.5840472116503375
0,0.40814346685568387
0,0.17112982816992445
1,0.6417162749867471
0,0.2965851158345293
1,0.6730062444055325
0,0.022263938473678593
1,0.6968480806993878
1,0.34110571157811215
0,0.5393485308637693
1,0.40536260710634175
1,0.24059037346382614
1,0.37664411935506037
0,0.2167779473841913
0,0.21706172756339467
0,0.24242036459928315
0,0.1910501312093794
0,0.3493316400361955
1,0.8070970579956922
0,0.447571164025394
1,0.47344612351515725
0,0.35593291949736333
1,0.4224746657534715
0,0.17050046849871464
1,0.5391615816223395
0,0.09213704653831761
0,0.01325260967252737
1,0.6154355730003714
0,0.17854389857624844
0,0.21866957372037335
0,0.19996602062373703
0,0.02852026379418067
0,0.44088041014377455
1,0.8429880474679375
1,0.34596501738119767
1,0.8398427415224708
0,0.0132051233882303
1,0.7970237900484861
1,0.7231939822090031
0,0.04768827047972749
0,0.014982715870044553
0,0.4901100263302226
1,0.40895305577469077
0,0.6786352664960744
0,0.85453328818397
0,0.5742146520521945
0,0.2034859695612861
0,0.3114886449863628
0,0.3206088263457508
0,0.23488475889206842
0,0.2269365994660263
0,0.13144673781114968
0,0.2423520178586837
0,0.06460708883568284
0,0.023516712278069223
1,0.4878240128041242
0,0.23608810269669356
0,0.6022219767894509
0,0.012883077340859033
0,0.2269828055341601
0,0.5294231934848861
0,0.4787906625740142
0,0.6908871992179363
0,0.22581971583384522
1,0.30809202293954846
0,0.015744652380658655
0,0.3219314579724285
1,0.5556504519505271
0,0.6634709379445077
0,0.1371121367486579
0,0.24986022989121448
0,0.40286286357250556
0,0.3288112375797264
1,0.5671397405527614
1,0.4593076647787794
0,0.49504041769505813
0,0.22579896240709343
0,0.37153027878816325
0,0.42181364780130765
0,0.3260510662150371
0,0.08065975471525273
0,0.5930797974256734
0,0.2520253162769255
1,0.5505298547235304
0,0.12999196659461196
0,0.5260468294796276
1,0.677138523154668
0,0.03547816158222446
1,0.7366716223820874
1,0.8735978308983345
1,0.5095630320383376
0,0.5095310079471139
0,0.5807338481611485
1,0.33177325052469797
1,0.4965170512660566
0,0.17551316609008147
0,0.012001796361624463
0,0.40265876530040834
1,0.39116490470359266
0,0.1802402866607781
1,0.7557894581320102
1,0.4642844363811029
1,0.4059530662340399
1,0.4008644230721933
0,0.4457314139989098
1,0.7457337019490795
0,0.35420659500945334
0,0.14410092760710805
0,0.30618374013644245
1,0.3440094366899423
0,0.40331885817044993
0,0.5858530499180469
1,0.40025923572377586
0,0.168986691403736
0,0.31599241489897983
0,0.5664038288054181
0,0.0321686012063892
0,0.21864899756619374
1,0.45520214940850007
0,0.27307046921023415
1,0.3929694906586481
0,0.14057866067587646
0,0.06699380693324189
0,0.18947041830983977
0,0.21921898909487111
0,0.2510451396230559
0,0.08579929585120198
0,0.2246103706916755
0,0.1646226183705183
0,0.2324287979569796
1,0.6434904585369946
1,0.42547167414464804
0,0.5434164396262934
0,0.012883077340859033
1,0.35257267302899414
0,0.012001796361624463
0,0.2567334364015041
0,0.05678476516875053
0,0.19322284623110597
1,0.33129064939180075
0,0.30118284763028985
1,0.950177101548359
0,0.5680240866155801
1,0.614038505168698
1,0.7899977332245973
0,0.03521811811626499
0,0.008563275664397933
1,0.5340377066116728
0,0.06644823489663093
1,0.5534993244824755
1,0.7212877032835031
1,0.5432437006098585
1,0.3997198722843973
0,0.2718318127851328
1,0.8049899542660832
0,0.24551098624975293
0,0.5416914412351628
0,0.650238928034257
1,0.30259441069974985
0,0.2679766524868931
0,0.5631245642202495
0,0.13838261826902076
1,0.4282565265850664
0,0.31505974731698533
1,0.5880806820958615
0,0.0041965316509321084
0,0.6145261612269799
0,0.4322567254551854
1,0.6249631037213442
0,0.010061634290228296
0,0.08271206812897523
0,0.01381194274614618
1,0.36021606716828686
1,0.7459859239357692
1,0.5819364411572571
1,0.551268007789232
0,0.28496800220234747
0,0.2762355534728983
0,0.20624566188742413
0,0.5327281600287828
0,0.3142745445349341
0,0.12536462498610101
0,0.3082574487037949
0,0.28378781789018087
1,0.4872743835000914
1,0.831906877622204
1,0.00817713440429666
0,0.05530288332742752
0,0.42082118621903836
0,0.2520159435389726
1,0.6494639533050576
0,0.011817811992195625
0,0.3863135154622706
1,0.6470807421369128
0,0.0167625900727803
0,0.18263455633402084
0,0.2215413067597697
1,0.3996726030294048
0,0.24146510992012846
1,0.5844678908994859
0,0.1750828484408848
0,0.3892583763815325
0,0.5214564355605459
0,0.12106907339363389
0,0.33412490421722524
1,0.2869664639729379
0,0.3793023042654053
1,0.8479234885687328
1,0.727603395921091
0,0.22024370300409996
0,0.08869198502024259
1,0.2947951635149137
1,0.6428484957866127
1,0.7869774282574493
0,0.18836226029057435
1,0.408675759636119
0,0.3487651232380911
0,0.2277358616706433
0,0.014483555165517218
0,0.2857167318090498
0,0.3670082230776336
0,0.3341089870021203
0,0.19863016429304708
0,0.1538012552889224
0,0.272309330232036
0,0.1868927332994795
1,0.5972996443237751
1,0.24398570131815164
1,0.9183007689724448
0,0.25427373178976687
1,0.6266017750322912
1,0.5521095491887538
0,0.615740961493978
0,0.24005947919421766
0,0.239884545626475
0,0.2747930269759328
0,0.5027807118274686
0,0.5409141834653187
1,0.6751439746467873
0,0.5537400166812705
1,0.36111031760342005
0,0.013030596241545426
0,0.05571168316608362
1,0.15115579071719273
0,0.2488416251944295
0,0.34458818759608667
0,0.017510255165292723
1,0.2360649744526455
0,0.2901965980313578
0,0.18273518632856553
1,0.2596075182029001
0,0.3062590056285574
1,0.3818271172862116
1,0.466960480108238
1,0.3968919787989562
0,0.17556981334024752
0,0.19012819950040072
0,0.1603990033606397
0,0.12716899307710672
1,0.7115084488279058
0,0.32386262153270934
0,0.1809954102329842
1,0.4929848677225542
0,0.04534785035760557
0,0.1263064301797061
0,0.1466021861363687
0,0.2478713720115672
0,0.012290908262424592
0,0.44066889358161143
0,0.30214444209327346
0,0.6445401340985727
1,0.38184655639197784
0,0.012568354144436899
0,0.4630288256837961
0,0.6992295047689557
1,0.2647426682636668
0,0.19428867183669893
0,0.0329423480516338
1,0.7476414850556147
0,0.44754576528339957
0,0.05632177706525246
0,0.1031218263537277
0,0.16549101896345036
1,0.781711734497572
0,0.1031218263537277
0,0.3319826299546549
0,0.23411919980078819
0,0.12626676339535609
0,0.34787332743836025
0,0.6568147925738115
0,0.24429216705546383
0,0.20541609933109828
1,0.5010741149232654
1,0.3146163789813015
0,0.2755816668751923
0,0.36933141183474516
0,0.210889379599037
1,0.30726220201424903
0,0.29448229060484327
0,0.25206183055030373
0,0.27850092696157186
0,0.050193720387309036
0,0.04923815146216931
1,0.2828916179242833
1,0.9029729328564065
1,0.37721651343971335
1,0.8093084878294695
0,0.8630585526833768
0,0.26528268539323796
0,0.2336920981507406
0,0.5125975240146055
0,0.484425686190941
0,0.2578150429004046
0,0.36750173289585875
0,0.05190507317438528
1,0.38277199314586285
0,0.40916642937629444
0,0.48088753693885444
1,0.09622036878558901
0,0.0041965316509321084
0,0.5463307009669804
0,0.41170829933226044
0,0.13526675256262613
0,0.11818315252961183
0,0.3167016368817508
1,0.5856519076841546
1,0.5722933055533392
0,0.20934271991295686
0,0.03642315172447479
0,0.24831366847509945
1,0.6416233443289397
1,0.8037839305829726
0,0.371685612743002
0,0.4770545633821576
1,0.47835269776688
0,0.37539589033112475
1,0.7247446308970339
1,0.28480095961733776
0,0.21413754980878988
0,0.01573383368531936
0,0.01136739310303933
0,0.3103754234464771
0,0.4352163367706288
1,0.41782507933100843
0,0.39138688323316057
1,0.8152673419437423
0,0.19268236922983517
0,0.2711085097360837
1,0.29023004270381664
0,0.03459992020931443
1,0.3682519365619091
0,0.0041965316509321084
0,0.28860052847353973
0,0.5044482287162075
0,0.7485290679137777
0,0.0607084215876451
1,0.35880529129696986
0,0.18882607682636213
0,0.12497954997211334
0,0.025147732720865967
0,0.2819026642568844
0,0.5681896895488615
0,0.3527682549604957
1,0.2047921819985761
0,0.10408089887381458
0,0.34178228136033406
0,0.06514739483866917
0,0.25186009532169323
1,0.5147030756911891
1,0.7282304092706829
1,0.6538138290907466
0,0.13122953178715413
0,0.0041965316509321084
0,0.0041965316509321084
0,0.29069876409013595
1,0.5026139711227197
0,0.24752870154728313
0,0.32402581319916296
0,0.2773394414530059
0,0.2986744540493489
1,0.6208245987054399
0,0.25029453361116427
0,0.3382279779788609
1,0.567598042531398
1,0.6766170949187379
1,0.4925829598616959
0,0.4282364300446507
1,0.5301842996831162
0,0.37458267366678744
0,0.2716916722075109
1,0.49097505247015294
0,0.29344188975302726
0,0.26476627476836506
0,0.3366190463214366
0,0.12658977019814596
0,0.39031466537752396
0,0.4465381629074728
1,0.23609091270479718
1,0.7501052035781761
0,0.5434166311050751
0,0.24330593519738364
1,0.34863734262032914
1,0.5352235236729296
0,0.3223361644836852
1,0.3367419243324566
0,0.1917018248307043
0,0.3014926330863978
0,0.26949650536529934
0,0.013743118919605392
0,0.34669018132706375
1,0.5165240187428727
0,0.1636423093659995
0,0.2610661870697118
0,0.16595493982363302
0,0.14096920170770824
0,0.1414109389242651
1,0.5912698253790144
1,0.45732712400268744
0,0.3835199511606245
1,0.2943936786826607
0,0.22327149519036596
0,0.05082782116175318
1,0.8556016030314966
0,0.0254706231595206
0,0.220255420166151
1,0.5354798386871477
1,0.5738973530607423
0,0.6506871044847945
0,0.21122407216817318
0,0.2774855042748514
1,0.700886304454577
0,0.22439865662385755
0,0.18638321382298187
0,0.17499210487325584
0,0.39858511257257623
0,0.22223710320287868
0,0.19726658283949963
0,0.13900164082450558
0,0.008317581612350869
0,0.3877537185405404
0,0.5768912574731988
0,0.010725363794027144
0,0.630223539932949
0,0.38260975406560427
1,0.678845422656983
1,0.3721172280912211
0,0.3008719229906942
0,0.38856790909078065
1,0.4878143599280413
0,0.3966739147084525
1,0.43497628004540856
0,0.23428702499415657
0,0.2622510532644402
0,0.008644643792087727
1,0.668362074197255
0,0.41209339182001287
1,0.8206512002498108
0,0.0041965316509321084
0,0.26109399364513297
0,0.27179413462887525
1,0.3607230826394205
0,0.6481061008082369
0,0.48984065206731636
0,0.6142368123917024
0,0.3222502945854159
0,0.4980712706792592
1,0.56685004947108
0,0.12190296151178885
1,0.25869873474027577
1,0.9024621153010083
0,0.22224903467001758
1,0.44769825160547105
0,0.17249393194400311
1,0.3318340099231557
0,0.6889921061521929
1,0.6121180640740729
1,0.617735502279745
0,0.19591386387630436
0,0.06095437387610904
0,0.2107168494773391
1,0.6900831254620218
1,0.325420132103626
0,0.02381394373323361
0,0.2060095891834476
1,0.8164898866938377
0,0.24312663666847342
0,0.14488731189569815
1,0.5851070397006614
0,0.2807134012930495
1,0.36789928566921154
0,0.17550123756822586
1,0.7085371676107292
0,0.18194572537409076
0,0.2377305726868725
1,0.6420333542605898
1,0.46623687851857165
1,0.43457662024609706
0,0.2323126406039653
0,0.39392003519725655
0,0.30075953048626397
0,0.5168601301597835
1,0.31854364137546953
1,0.4813393913188147
1,0.606020146185419
0,0.6591775246615194
0,0.2795907619621905
1,0.9019473361643648
0,0.27751646857619566
0,0.20168927479665225
1,0.40690028543121287
0,0.11067348020667021
0,0.06460708883568284
1,0.5007871128655674
1,0.46083931290807195
0,0.15242826797820005
1,0.724476327741798
0,0.2785089159632082
0,0.23463971230823336
0,0.01698731807385745
0,0.10079242043956883
1,0.4737010555437212
1,0.5403206016852871
0,0.3697348742413593
0,0.2063537863870911
0,0.010725363794027144
1,0.7744455840428448
0,0.38192721040514516
1,0.42929376870143315
1,0.6200827499596436
0,0.12473794959264005
1,0.5417102344616647
1,0.3764112943500078
0,0.4913992496791192
0,0.21421382483042622
1,0.3343715402062464
0,0.32029757250584684
1,0.517280190179066
0,0.2503108806379253
1,0.46187659071466475
0,0.13507889470355514
0,0.3973887023878883
0,0.27494746640859635
0,0.1861142740569894
0,0.4688070201252847
1,0.5675124509447896
0,0.4675352123628175
0,0.13878610475197492
0,0.22467569737264914
1,0.5001888126187248
0,0.32096739902179067
1,0.34963178810392936
0,0.43209091042003533
0,0.2459456367742996
0,0.23405627135986448
1,0.2764545651478903
1,0.441358424859635
0,0.3240298093716193
0,0.3127769418740858
1,0.8809251397136605
0,0.19726412534892698
0,0.007623113317117152
1,0.5764666671128973
1,0.3579732881673181
1,0.7471027467282606
0,0.46856587657346055
1,0.7102713949038224
1,0.670239504232944
1,0.4324610492805742
0,0.3568168598138075
0,0.1939068616132755
0,0.058071681629018684
0,0.23671895512435015
1,0.7108792363038472
0,0.40361776977330777
0,0.191949015292702
0,0.18326254176348733
0,0.4278736036464186
1,0.6802551900630438
0,0.4682913875430677
1,0.6559127313142044
0,0.25336710002904855
0,0.012739973400875898
0,0.04448766453578352
0,0.015367286636585186
0,0.11711380140803902
1,0.5786954522938007
1,0.6319863686870616
0,0.1487308339311394
1,0.29271065354217274
0,0.35865343541063294
0,0.3307352771224651
1,0.8420880060833622
1,0.6554218400793281
1,0.4327759783660158
1,0.3004757352633761
0,0.20471143600781924
0,0.36985026056793724
1,0.5148180766110244
0,0.2727718244196445
0,0.27997631213734003
0,0.18016564202341412
0,0.013439464005546
1,0.6421420330191415
1,0.4543388552045322
0,0.532590317018817
1,0.2907399368493311
0,0.24538971224906184
0,0.24144639681974078
1,0.5133303984336482
0,0.0041965316509321084
0,0.29330225130513043
1,0.6947614721859151
1,0.6838494719128158
0,0.09584126787896421
0,0.042787793676491895
0,0.22517872716441462
0,0.0041965316509321084
0,0.38849347019169816
0,0.3429442298025081
0,0.4028499070917333
0,0.24879493778125128
0,0.03807127459180667
0,0.5047712712564834
1,0.6037248727498342
1,0.41194511564081693
0,0.4867941235435433
1,0.6605802866585526
0,0.41623454824643896
0,0.45990270563102825
1,0.8148805834487097
0,0.4184593608684506
0,0.16751298015973973
1,0.850990621957683
0,0.4660890979924025
0,0.1289229969233144
0,0.047737103537483415
0,0.00949541501586621
0,0.3537180637969296
1,0.7611693524664074
0,0.0041965316509321084
1,0.24954610709011094
1,0.3538147931361462
0,0.19632900639818784
1,0.6725198959753459
0,0.04493987277796175
0,0.6095657278581376
0,0.18128330509604015
1,0.5404277934314046
1,0.3615583045851758
0,0.4992706325760256
0,0.3937668170329001
0,0.010498773363568265
0,0.5734719131296723
1,0.6340359674638287
1,0.5740322062831792
1,0.3333032298690463
1,0.7580944139797974
0,0.21392569687354832
1,0.3660089553060084
1,0.5807548201430792
0,0.03185116926589474
1,0.6923481709408892
1,0.736271602120826
1,0.35995668761443345
0,0.9013453697789497
0,0.03182874614072638
0,0.25340194310037706
0,0.23642112891519756
0,0.3088939554543658
1,0.6295664640098436
0,0.01605234684711611
0,0.06335758076406854
0,0.2575744790102979
0,0.44264579550202304
0,0.38665813360419515
0,0.45707945664340033
0,0.23964295060402846
0,0.1467562254899363
1,0.34596162890040044
1,0.32549017128395946
1,0.5924816850878116
0,0.33546589452555825
0,0.1784542784527121
0,0.3468301019094062
0,0.20342511665917992
0,0.1816433504438513
0,0.0126541046473513
0,0.31885351270253215
0,0.47162755741264784
1,0.40290818956416014
0,0.3650905752120508
1,0.7004865081446753
0,0.1723426706279733
1,0.679682226283329
0,0.24080309539810063
0,0.1609753097286108
1,0.5764666671128973
0,0.2341753249398925
1,0.49911123406216445
1,0.25690467903650027
0,0.015172846235602444
1,0.3935392314254511
0,0.042631482667992146
1,0.6332046133010324
0,0.043024007864978196
0,0.2102361780897867
0,0.27450939608301544
0,0.3829278888192414
0,0.22394724555338824
0,0.2855289563470778
0,0.031739573812017446
0,0.3294302495861357
0,0.25721694666238626
0,0.5855958897513663
0,0.6116849414619178
0,0.25433784932597947
0,0.05731506135694094
1,0.619941099645729
0,0.36419264210967384
1,0.8343288620088954
0,0.014261688464290719
1,0.3767381286430554
0,0.3039279190571884
0,0.03920273995178481
0,0.03584792236142382
0,0.011689047490112762
0,0.28829060678225976
0,0.00951161146309714
0,0.15442056899881917
1,0.6033016560063892
1,0.4376116846998511
0,0.20368749285316665
0,0.14438853723804673
0,0.2197706729991136
0,0.009419657440108635
0,0.6742172006466632
1,0.4611946030014037
1,0.8535962784117067
1,0.8127272248181874
0,0.3412030843583746
1,0.5159150056013719
0,0.03165109558324612
1,0.3798319908517384
0,0.3638869580696491
0,0.4368999073943962
0,0.01325260967252737
1,0.950177101548359
1,0.49836074439581673
0,0.03547816158222446
1,0.32746145014091405
0,0.12501894715667317
0,0.2355828433352344
0,0.2962399408477249
1,0.2882057757582682
1,0.2671277916510318
0,0.390289175574747
0,0.3135791547173458
0,0.1575384493177511
1,0.7299224194058695
0,0.6635101274256789
0,0.022299482052703032
0,0.42892373265282224
1,0.670856832322255
0,0.6690424313494173
0,0.18010345116730853
0,0.12621270548667948
0,0.3756132762710393
0,0.0227855611835086
0,0.28514575320446234
0,0.38850057325590237
1,0.5305492575615698
0,0.589663581719633
0,0.3208126758121271
1,0.6816476256169172
1,0.517280190179066
1,0.35430101359273675
0,0.24852262890634205
1,0.7360810470164775
1,0.19061339781732267
1,0.6639274656409939
0,0.30593990874437815
1,0.7054827849988539
0,0.37522239570149857
0,0.03992791133986662
0,0.018043832306018047
0,0.14345074273358524
0,0.026984088110239238
0,0.2890868487831635
1,0.9189482178802155
0,0.4347326987603724
1,0.3881756352699573
0,0.5157407468092423
0,0.3801779093705278
1,0.42331700532703154
1,0.26925265357501593
0,0.29854437004194323
1,0.3857510801759098
0,0.590687799816879
0,0.11891090885998465
1,0.5029999532796768
0,0.24831366847509945
1,0.656984183387991
0,0.05688792272834196
0,0.19114288764949916
1,0.8423496245951947
0,0.2929824704224953
1,0.8286180970516771
0,0.19437058899895326
0,0.5885802328524872
0,0.4237136995255621
0,0.008393339188108445
1,0.3082639559925451
1,0.259370896998289
1,0.7045960060442772
0,0.5060790365252213
1,0.5188178324604538
1,0.3781030525039942
0,0.19307021361434615
1,0.6480635618306312
0,0.17921218786136822
0,0.1830499334033083
0,0.25299888952824273
1,0.863401427306405
0,0.00949541501586621
0,0.5931554339385837
0,0.0487184188606361
1,0.40653000936997336
1,0.6532283501094952
0,0.3710921899721808
1,0.3159872897567902
0,0.2747130583090852
0,0.1665181617516392
0,0.022627494463588093
0,0.26561470653738317
1,0.4011419440917813
0,0.008267087960294388
1,0.8503625900708329
0,0.7097636833668136
1,0.8098488168229302
0,0.5078298398046885
0,0.05670121761695289
0,0.2536825662146474
0,0.15319158465701233
0,0.2961133240216795
0,0.025930588651162243
0,0.01325260967252737
0,0.25028381990940723
0,0.2041993406800003
0,0.048628199148628704
0,0.5522482325635415
1,0.250414262034003
0,0.18602991516591186
0,0.027285599448772267
0,0.2422070969076904
1,0.746147869308675
0,0.04861361460813035
0,0.1327148531363292
0,0.2830329774595739
0,0.01325260967252737
0,0.4363705406854443
0,0.3564731428325082
1,0.9533119056875564
0,0.36074888363427676
1,0.706324784189287
0,0.31349859961759086
0,0.33732012754571733
1,0.6703551237955864
0,0.07317131916225861
0,0.2279937730236191
0,0.12033969123746807
1,0.8123298551808683
0,0.10284870738835253
1,0.6181681554283839
0,0.172299771841501
0,0.14672803296605502
1,0.6393051273842381
0,0.36458009553517634
0,0.43312773725633985
0,0.042134524000463004
1,0.40457447016544856
1,0.5824988364218785
0,0.04772385341174428
1,0.27410126678286717
1,0.5821477784537264
0,0.6615837357367628
0,0.31102943745947226
1,0.8063410715101911
0,0.2284056532701307
0,0.30338641426650476
0,0.6762045563046576
0,0.415258650891727
1,0.6997023765185694
0,0.027502667103271247
1,0.8056308243566053
1,0.46448218733818714
0,0.269840477124688
0,0.11330148635927259
0,0.06531348483999054
0,0.5962727113082981
1,0.5093983205608671
0,0.2757133921230952
1,0.46005514658442975
0,0.012785772284273038
0,0.009607644176175467
1,0.6789710395621238
0,0.032452667436497815
0,0.008267087960294388
0,0.23949976280718835
1,0.5760800083976858
0,0.304350580903689
1,0.4386389464814707
0,0.15813930401514192
0,0.22836377887820847
0,0.5369152539374358
0,0.4666056008005128
1,0.7077334393236305
1,0.7697545135660739
0,0.5558936101786496
1,0.30776551387667817
0,0.6286184381418252
1,0.3568280424195036
0,0.019341539108926668
0,0.03708175150535125
0,0.26815583261997245
1,0.3597452216884084
0,0.06389423111482348
0,0.39699829096675154
0,0.7369036533214259
1,0.4909275715173053
1,0.6599182711292205
0,0.3860638705222154
1,0.5579319840232614
0,0.3599776774918878
1,0.039803857996004374
0,0.07263454162932471
1,0.4379724450925238
0,0.4079243377169604
0,0.49799207061636014
0,0.7138007870552786
0,0.34043305436318017
1,0.27748266373704933
0,0.2954788712047608
0,0.3747590671258463
0,0.043024007864978196
1,0.7728648260781861
0,0.274661446820798
0,0.3217234231308212
0,0.7725269447586709
1,0.6993276099513588
0,0.16854527160766053
0,0.04026705516010461
0,0.0041965316509321084
1,0.3281707709564492
0,0.206875972279924
0,0.6419274601746425
1,0.7028368231237891
0,0.3090253363451029
0,0.2598521439844731
1,0.5440380449949653
1,0.1494188106579792
1,0.4377105044184637
1,0.6412845176794802
1,0.4924165889284046
0,0.3930504055950056
1,0.7902867842287695
0,0.23166304644030847
1,0.49208472321853786
0,0.29165697307790983
0,0.375643911052123
1,0.5514435352406337
1,0.5990699783077512
0,0.4995205053823103
1,0.7836967050002005
1,0.7719526167218512
1,0.6240599473490216
1,0.45122631055220425
0,0.5864665349649718
0,0.3264202085930489
0,0.2039785158532991
0,0.519808762722657
0,0.24199801033799032
0,0.28092400944398355
0,0.3722940420686328
0,0.20004823142561573
0,0.2943427040765981
0,0.421228570024197
1,0.2713963805761441
0,0.24613744594342843
0,0.028244707212325006
1,0.801423526702001
1,0.38624390160379174
1,0.7545250760930288
0,0.058654201516803915
1,0.5864546167470265
1,0.5479058301686964
0,0.31246771876694246
0,0.44054428934406453
1,0.6613344085082412
0,0.5611728945387248
1,0.6976677264451909
0,0.0041965316509321084
0,0.3437313803441578
0,0.48436658899954144
1,0.4436468576917415
0,0.32146833766677513
1,0.5061223969596985
0,0.2961133240216795
0,0.3785781739797506
0,0.019646662785766905
0,0.587937204643881
0,0.2112320851950115
0,0.2486353112891228
0,0.2846244052204868
0,0.3745754386834271
0,0.6491082232171514
0,0.28329550871945314
0,0.01761976467912052
1,0.955945376119464
1,0.7632070528345106
0,0.3936363471627189
0,0.5019088078996436
0,0.18216041564525973
1,0.8415168333463134
0,0.2013178697364735
0,0.23945289479431142
0,0.2911929958007191
0,0.7234721629451851
0,0.04227056532916329
1,0.32601518273992375
0,0.3915684456482351
1,0.2976531151701826
0,0.1855821599226551
0,0.4207178195189229
0,0.5500030721682463
0,0.5545475860045425
0,0.34942220384569084
1,0.30225966414077315
0,0.32205649342779696
0,0.26054019719400423
1,0.3854834552161549
0,0.30324132239903717
0,0.17536170741823287
0,0.043750683323910654
0,0.36888213189323055
0,0.4702252287001387
0,0.2612389293280998
1,0.2910221514786454
1,0.5863757438669224
1,0.3431711111051174
1,0.35451094628245106
0,0.012001796361624463
0,0.2865934682097594
0,0.23859445355509176
1,0.18087746463044327
0,0.6742172006466632
1,0.8630585526833768
0,0.4108498004953924
0,0.1979287604068237
0,0.14424389181794844
0,0.022185948391695652
1,0.23608810269669356
0,0.47459567296266814
1,0.5903706700195546
0,0.3087577174394103
0,0.37669516244114026
1,0.6375748640076074
1,0.7441102932994862
0,0.08992951464238495
0,0.18773814681539705
0,0.6450511816907464
0,0.17814749893421533
0,0.41267432310040225
1,0.33119014931177204
1,0.8241899464155042
1,0.4750573624284506
0,0.1132177411277019
0,0.28855544240482467
0,0.04685581205997157
0,0.031822365024464276
0,0.6215174752561055
0,0.2492229055056553
0,0.36408640574390017
0,0.2076438466122655
0,0.45439473749586307
0,0.05230317519931715
1,0.6724889436872074
0,0.3537450830596838
0,0.12102455661272501
0,0.0041965316509321084
1,0.4125919578769692
0,0.3378473901425748
0,0.014564388413579704
0,0.052144848065376434
0,0.032008625612431216
0,0.32639541051712073
0,0.6496534767339772
1,0.695678325874239
0,0.7056523750052921
1,0.5578843037931045
1,0.5661077672902227
0,0.3139007533468429
0,0.07231462329708857
0,0.34633897612991
0,0.38327475366797664
0,0.0067889109547259715
1,0.35323327124186854
0,0.4056936215772661
1,0.6657313346779679
1,0.5074588706987545
0,0.34887941609029977
1,0.670856832322255
1,0.6738181215489848
0,0.25870252619610073
0,0.26729418148965517
1,0.24547910166293757
1,0.7915077603193207
1,0.4808736198024838
0,0.02121222114009805
0,0.22280031114981816
0,0.020106849558335235
0,0.3538147931361462
1,0.8723602849106314
0,0.27158396385504224
1,0.7503606925244651
0,0.02501641335782083
1,0.6323007215352054
0,0.38468826782279236
0,0.17633317185825562
0,0.1866936783403492
1,0.4839429131998115
1,0.5876829548831843
0,0.2692789021728326
0,0.6411935927916358
0,0.25857990086533544
1,0.502138812055287
0,0.03387794625972431
0,0.5472126140766161
0,0.468873553239213
0,0.008393339188108445
0,0.015023463280572668
1,0.5244999036697388
0,0.22251550612150608
1,0.6435322500264666
0,0.14774520179612952
1,0.3721790264212621
0,0.0041965316509321084
1,0.5636924772232501
0,0.008267087960294388
1,0.5201973804575467
0,0.5418198917866552
0,0.18575131727987582
1,0.4695258417012536
0,0.573413635712742
0,0.19129216229118895
1,0.6853145107501153
1,0.4267002003167503
0,0.006335173013786979
0,0.2773394414530059
1,0.4857341815102637
0,0.06806630291290451
0,0.012883077340859033
0,0.2667823446876651
0,0.34679529596720166
0,0.39204726976369814
0,0.32820104834100583
0,0.21055772644816353
1,0.7131580428817285
0,0.3798913380155292
0,0.06417162003804085
0,0.3083198649478967
0,0.13829797601746457
1,0.6884423740209579
0,0.2917895734411031
0,0.42950688708159357
0,0.23961266201594886
1,0.6261238069305376
1,0.8575513865059028
0,0.18620921894530665
0,0.13114825469474536
1,0.5627186313659692
1,0.627515297549616
0,0.11481448091006448
0,0.04495479133484467
1,0.35181307751255664
0,0.22932430211289914
1,0.006903516293127701
1,0.31987285071763605
1,0.5330570579970154
1,0.5514501556103008
0,0.4132627465800249
0,0.21371171048636198
0,0.24164782385408223
0,0.22657343981377145
0,0.020025960205968127
0,0.6230582633754245
0,0.05549517502316009
1,0.6260743623182687
0,0.03740561286163133
1,0.3693113420198542
0,0.18366200808651595
1,0.5070371575591376
1,0.3580483856916085
1,0.41953806459745907
0,0.5000762541637237
0,0.251402111362859
0,0.10052332293281525
1,0.813919727963679
1,0.44012948595694723
0,0.22012080116023489
0,0.031119589890750386
1,0.8927246465921376
0,0.2764545651478903
1,0.7120333799938033
1,0.4026107272105096
1,0.7641984027178566
1,0.2949077142834046
0,0.011632633330805888
1,0.8182444216473268
0,0.3047940141187474
1,0.6309841386329822
1,0.6724907629820926
1,0.40234176058621746
1,0.6472667607988958
0,0.061512728485333915
1,0.6444228707152804
1,0.6973973318540588
0,0.55353222225306
0,0.3272444854622185
1,0.5432713938009456
1,0.8241899464155042
0,0.01698731807385745
0,0.03439902914750449
0,0.15832824484122968
0,0.008267087960294388
1,0.7584953284430354
0,0.4124359568668592
0,0.4426025638323123
0,0.03749116689576766
1,0.950177101548359
1,0.2856879722773558
0,0.6155201730239759
1,0.3934700773103016
1,0.5680729039230438
0,0.08672110698708478
1,0.7724627019403886
1,0.38400877348378315
0,0.5394491877557165
0,0.15978559204639242
1,0.6954569226203106
1,0.4790576601425577
0,0.19768661975636925
0,0.3294370118951751
0,0.3505147770692863
0,0.5449482210634076
0,0.017997455124804648
1,0.5469993370258194
0,0.0041965316509321084
0,0.6517015225707584
0,0.043797388743763044
1,0.41091392225461026
1,0.950177101548359
1,0.8493787755827265
0,0.19350909960633544
0,0.21085610245125627
0,0.190819649951136
1,0.47598787885386246
1,0.49346026417587024
0,0.015222717762964499
0,0.2994743984756797
0,0.17112147212620019
0,0.2612763342029456
0,0.22639137736563714
1,0.46861848434826053
1,0.6101614351001657
0,0.6237016621626058
1,0.6046669952031256
1,0.4179403611591973
0,0.2265415297465611
0,0.3282432101179784
0,0.011378066358761452
0,0.5044073939415201
0,0.014311462198946115
0,0.023909781137549407
1,0.4648210420316619
1,0.541174300873234
0,0.2407276207911181
1,0.45687676071459116
0,0.8891143390882383
1,0.3810873287474424
0,0.19980128544222547
0,0.5008985664124492
1,0.042170146182172775
1,0.7314503058879687
1,0.9412449185403269
0,0.2444425325729808
0,0.23579803568356122
1,0.44638864318693466
1,0.7947711325750051
0,0.12406167062175831
0,0.03547816158222446
0,0.11112961990728891
0,0.0613602399143714
0,0.026919736007399386
1,0.47612668377099454
0,0.24888745251590805
0,0.19898118257228148
0,0.0545949568053295
1,0.41368226767334076
1,0.8613881951856802
1,0.5514303846799751
0,0.2632173112730412
0,0.2330575102842437
0,0.019528469480514375
0,0.27382943493325373
1,0.8094728993779675
0,0.47842058726365216
1,0.6242289553591992
0,0.23979692156743204
0,0.018075260964362985
1,0.24617068729327976
1,0.14461421997737506
1,0.22152234983884123
0,0.3653231184237041
1,0.3766091403699124
0,0.28974852757428804
0,0.2900127235853939
0,0.2173960865559606
0,0.17398636667810605
1,0.746469167569426
0,0.06771107222786879
0,0.19006959867049059
0,0.19371972839871188
0,0.011689047490112762
0,0.23695569083356677
0,0.2611715284720324
1,0.5864665349649718
1,0.6868011310177833
0,0.41925901717146474
0,0.23488859606917617
1,0.26612663104669404
1,0.1670109713885723
1,0.3482593868737689
1,0.4451783727244371
0,0.028393339188108446
0,0.34551319406294884
1,0.6450978061764409
0,0.16743422939257396
1,0.6629504911495854
0,0.6110887815977948
0,0.06792836881860814
0,0.4946147833974629
0,0.5637784453625153
0,0.01391736827868602
0,0.7056523750052921
0,0.18385208554976382
1,0.5349705499821557
0,0.24958133670907934
1,0.3307335880586854
1,0.6560989434335144
1,0.6832856674455302
0,0.19147753825129551
0,0.6027484453597269
0,0.4809390844286544
0,0.19094473936621473
1,0.8093081264489386
1,0.2529339617452931
0,0.29513771938073
1,0.6954564188368404
1,0.43009481398243027
1,0.0041965316509321084
0,0.33546589452555825
0,0.01698731807385745
0,0.026375067577597142
1,0.7767054254705448
0,0.4505512465314629
1,0.34192649462748065
1,0.5095863685844195
0,0.019697942613886937
0,0.14801297211650083
0,0.19738173004694623
0,0.18861076990725897
0,0.3816939092986579
1,0.5507549740777556
0,0.6600768031641127
0,0.30991338548345104
0,0.3178111506648455
0,0.21834900701324486
0,0.32480717287522226
0,0.44053171848356504
0,0.3965168336693206
1,0.29846520845350377
0,0.25559519210345555
0,0.25491611596503305
0,0.034040601983008616
1,0.3732116254776877
1,0.7472270931637643
0,0.2395122948426219
0,0.011440239648584713
0,0.11347258025218342
0,0.4036066401511133
1,0.3835199511606245
0,0.25323879843206715
1,0.12037707410316072
1,0.42732747718095265
1,0.37538330850540064
0,0.30061821008581424
0,0.15513120081568538
0,0.020623119523710227
0,0.20738407483661203
1,0.5864524313491873
0,0.3682237459507902
0,0.3768959644990973
0,0.37186903749047323
1,0.5555484204016209
0,0.30469712363397033
0,0.2869718690709712
0,0.42739671982047467
0,0.40051366136700894
0,0.11847278693062287
0,0.17072453549605568
1,0.5306975416931302
1,0.950177101548359
0,0.4437992750296667
0,0.26598235477532295
0,0.21017940919847763
0,0.35731001147294333
0,0.49405899485135457
0,0.2940265642612037
0,0.3292170484332245
0,0.25243313743063733
0,0.3213351703731343
1,0.5143572879080179
0,0.2504292704225696
1,0.42227004317260036
1,0.5764666671128973
0,0.4237975536254309
0,0.030646396374164636
0,0.6548701033673591
1,0.5165010520720248
0,0.059608195064450496
0,0.5047712712564834
1,0.7168392465033135
1,0.6081545428026496
0,0.03368861204676937
0,0.2615956575967392
0,0.19618472603170137
1,0.5399967812577988
1,0.619941099645729
1,0.4393136914407321
0,0.37472582279217803
1,0.5964810858694943
0,0.3242121172836319
0,0.04013498935723768
1,0.9019323276650884
0,0.022485129799560896
1,0.8919551434332491
0,0.06655631864307762
1,0.5764666671128973
1,0.37857694134086034
1,0.5868893557628269
0,0.13892833195116083
0,0.2649157223285582
1,0.42283933783146954
1,0.5229201366074139
0,0.011613289914355188
0,0.26054019719400423
1,0.4925048223708626
0,0.02651977764323623
0,0.44579434272303475
0,0.008723581663439433
1,0.798713027766351
1,0.5984144083154929
0,0.34897023718802384
0,0.35135148133803257
0,0.3960133869279529
0,0.015557414562931473
1,0.19313807413709574
1,0.3957877527400713
1,0.4658082069564405
0,0.03672938772619053
0,0.180145651897967
0,0.20684798029840734
0,0.14197647710317585
0,0.2990369898812361
1,0.685783924055194
0,0.06792836881860814
0,0.34738915730092207
0,0.011574561116684062
0,0.1428628612631245
0,0.40469327835573843
1,0.5940322691242179
0,0.4834296741073253
0,0.6971303262349555
0,0.20515024988952082
1,0.792890143139703
0,0.01635666161604477
0,0.2868983964347897
0,0.23570923768395033
1,0.4596267997451182
0,0.03763503976544515
0,0.2406314287381629
1,0.4284340554619374
1,0.5977047876309199
0,0.28139521549791835
0,0.049881610497746164
0,0.055773887551368195
0,0.11141423400125004
0,0.19942051956625678
0,0.33458780099455077
0,0.06167532868416427
0,0.21284518301058086
0,0.01128879797170351
1,0.6415884799480392
0,0.39031378392878713
0,0.37457773017441254
1,0.37532805053994556
0,0.0041965316509321084
1,0.6539242995380402
1,0.32571359271922706
0,0.24367587225022402
1,0.6352446950469445
0,0.6062882111462247
0,0.41978068228145926
0,0.3583678617599709
0,0.22951122244937636
0,0.17499210487325584
0,0.13267074426249936
1,0.6398143080617619
0,0.24678439961269624
0,0.21116025516081444
1,0.5352999735525261
1,0.16368280428788734
0,0.035402103532667865
0,0.3048100260055339
0,0.22460776737326185
0,0.3239721554252485
0,0.3377567522580346
0,0.31584222852601757
1,0.64757640620105
0,0.041237038473828064
1,0.744530921677923
0,0.04632593466049069
0,0.0196862322020398
1,0.34094548423664606
0,0.2603057619404957
0,0.34832586040482555
1,0.30835323412055954
1,0.6954569226203106
1,0.3696939461694561
0,0.17911703327793588
0,0.1298975714725286
0,0.007931240052262185
0,0.18346924908862636
0,0.6590826856881745
1,0.6613870582039693
1,0.42587433342508413
0,0.40535497758465505
0,0.22224903467001758
0,0.3555753490662572
1,0.2902823335544358
0,0.1978963891820283
0,0.3814051597564501
1,0.5577298401845681
0,0.430443244551599
0,0.027284554738955195
1,0.8209374343065449
1,0.7817850604005034
0,0.016721860336370676
0,0.012883077340859033
0,0.3333099885640238
0,0.3623395331321812
1,0.23795689193531963
0,0.055081767992901896
0,0.37542026231675263
0,0.1783175403226296
0,0.5200983489712047
1,0.838512338378815
0,0.2510818636486233
1,0.009957739409225085
0,0.1926679505246291
0,0.20973121805674363
0,0.0041965316509321084
0,0.38555144772156835
0,0.9035639844975645
0,0.3944587313117324
0,0.28982509530340245
0,0.0041965316509321084
1,0.5864524313491873
0,0.30295509808397025
1,0.9276273079987449
0,0.11577235687622528
0,0.4511911997237801
0,0.09379262936675727
1,0.45877932918170894
0,0.14253154692517916
1,0.5380547823383319
0,0.30227410399871535
1,0.24800698116914138
1,0.5981590534587068
0,0.048284305749242896
1,0.27079460962600344
0,0.04375359294712384
0,0.19127876666716076
1,0.3117884487096568
0,0.2378571107558783
0,0.20372648214684
0,0.23983843149627743
1,0.36074888363427676
1,0.8769106290934245
0,0.2486578383269978
1,0.7107514694115388
0,0.1747493210993755
1,0.3981502028586268
0,0.13840274378806067
1,0.39039519811508794
0,0.08387980491213752
0,0.3456892933165466
1,0.28851201007636795
0,0.4766574861669304
0,0.36749747107020797
0,0.02308275520377734
0,0.24847883812420565
0,0.0671591018166277
0,0.15623966610672094
0,0.5651137067930837
0,0.008393339188108445
1,0.45029774852853777
1,0.8493787755827265
0,0.17474341350505493
0,0.19028295028609354
0,0.1345541331815877
0,0.4445052981195833
0,0.0041965316509321084
1,0.19769572016596063
1,0.6727695811575758
1,0.46085754826442166
1,0.25895049708981294
1,0.44215555419734565
1,0.4683096220269458
1,0.44310285129088756
1,0.42433034487491095
0,0.03956784295024515
1,0.6535702242489029
1,0.3754746893585788
0,0.5085776444576922
1,0.7356004739184807
0,0.349619203135273
0,0.7510965236809889
1,0.405673623855359
1,0.5359186491594322
0,0.6718181594466841
1,0.6756305768763529
1,0.8969140454041263
1,0.7169904363750086
0,0.29596623316462856
1,0.6016368890623112
0,0.02830174064041779
0,0.28285386529978584
1,0.6216316393205173
0,0.12151528171723269
0,0.6242173514783971
1,0.7973609423853906
1,0.38366082274508145
1,0.48310284038713247
0,0.24092928089183097
0,0.22640065439674198
1,0.6740470857514914
1,0.6756305768763529
0,0.27170428959363546
0,0.27567851761558726
0,0.3952884053335939
0,0.47110954337460614
0,0.26087542055667484
1,0.30302556578769946
0,0.008393339188108445
1,0.45333544194416375
0,0.2503117785593693
0,0.1550577542400635
0,0.2428857255965128
1,0.3178218865397409
1,0.2757571762809108
1,0.3367231544383327
0,0.2827511755554481
0,0.5440114709565271
1,0.8558311536025149
0,0.25035059884832794
0,0.27126319581167013
0,0.16975365200657747
0,0.22268676832672005
1,0.4083134236171063
0,0.43994091760594306
1,0.45040681290896145
0,0.30009237288874635
0,0.1541553638037227
0,0.2358284003272817
0,0.14817498220615646
0,0.008267087960294388
0,0.2107168494773391
0,0.4679463293952156
1,0.7216745954314918
0,0.008400574904052258
0,0.23800999682982477
0,0.46365259339876697
1,0.6751286520312115
0,0.39394261901455097
0,0.20140835290798986
0,0.016802514912015107
0,0.06511264481817293
0,0.22018884760455137
0,0.5768096481678255
1,0.47581907322577216
0,0.1976443003714988
1,0.4977828075821455
0,0.34366348813807823
0,0.22222242976292544
0,0.1926032878799503
0,0.3366126021647722
0,0.25880221903230355
0,0.16672841717872544
1,0.6760226090226058
0,0.34293188281833126
0,0.03974479105726106
0,0.338401703081784
1,0.5463307009669804
0,0.31584233441190634
1,0.41231339749945234
1,0.46660012869567247
0,0.016180635953736554
1,0.3275435504707112
0,0.43108173244475234
0,0.26676604386698977
1,0.3798927455973011
0,0.5625089160084832
0,0.1748214944052054
0,0.015504595708591206
0,0.11385665549048568
0,0.26087950830539186
0,0.05881665735867122
0,0.006622400262486053
1,0.09951337882208938
0,0.19657605564853448
1,0.6005145245113291
0,0.8141774846108435
0,0.42741716268278346
0,0.2384946289710635
1,0.6516225848746082
0,0.27416784280161116
1,0.4488711553445264
0,0.29572671531861866
1,0.6528578099177954
1,0.598215060817873
1,0.6777467818281476
0,0.2736985900075758
1,0.8305588958092897
1,0.7663227886992482
0,0.43553370038404
0,0.8831723835258452
1,0.5070743269539632
0,0.008393339188108445
0,0.1711029528201991
0,0.10416170058161828
0,0.21034579575278473
0,0.6682558450473551
0,0.16068524747528337
0,0.2926058026136414
0,0.6828880459770256
0,0.17059472551499172
1,0.901002474523537
0,0.12175206092402258
0,0.03101926314028527
1,0.736279334570153
1,0.5271965059599333
0,0.0649936309618675
1,0.2846194106845176
1,0.39659120555517036
1,0.2995956435944315
1,0.7889217970432334
0,0.6127335488226937
0,0.1494188106579792
0,0.5269805861412769
0,0.015318659311922849
1,0.3730594802318302
1,0.7633946159100867
0,0.021238396430333237
0,0.2016325086967031
0,0.3546883781867885
0,0.29620397886216565
0,0.29572671531861866
0,0.5071976416300512
1,0.754423576971258
0,0.02266913625567563
0,0.44615918655331244
1,0.39867301087201457
1,0.5941921054991459
0,0.17490954282655416
1,0.34425500160813216
1,0.49100739825817247
0,0.1758571702950842
0,0.4627335920457283
0,0.20172237093928116
0,0.36659222209137304
0,0.31093430782385206
1,0.6297057592575485
0,0.43662034091338175
0,0.4566439423306568
1,0.4389610507159569
0,0.31569604445208255
0,0.36248855557689175
0,0.06566270489835153
1,0.45952918145997207
1,0.43282326206169325
0,0.3159872897567902
0,0.049584730147792244
0,0.25044139310119107
0,0.724695200618815
1,0.8768681950183963
1,0.48023223358403544
1,0.23696281798596414
1,0.7952050979689388
1,0.6057540303951814
0,0.30051468645543133
1,0.2694595163475639
0,0.0322043763423762
0,0.2230702238552856
0,0.01603870539487216
0,0.25949060562931614
0,0.15226437442393756
0,0.19551710259435995
0,0.21334939591668084
0,0.21996989739459238
1,0.49593713114295934
1,0.837710485756376
0,0.2918998177071215
0,0.25553404758873804
0,0.20312924362226245
1,0.5783385008908596
0,0.3187531555768957
0,0.2814204562538758
0,0.008267087960294388
1,0.42505894304802855
0,0.3026815769133275
0,0.01966063648461924
0,0.20471143600781924
1,0.052603162176484995
0,0.1757906999414019
0,0.018830831361579287
0,0.03642376659077759
0,0.024508736454104427
0,0.40852769573254966
1,0.6094951245324735
1,0.4700475041823601
1,0.34365137149079344
0,0.18585749495614784
0,0.24529928775270168
0,0.06714709148280357
1,0.49326555677707423
0,0.6981857488291194
0,0.04537025497456834
1,0.6540192942129557
1,0.45511420869176356
0,0.01853980383457309
1,0.6297586431556041
0,0.0041965316509321084
0,0.043024007864978196
1,0.7083874014590751
0,0.19330910221323522
0,0.337820285436686
0,0.27054879055133835
1,0.6722089543962054
0,0.26867752059976213
1,0.6814121285297985
1,0.418082468287873
1,0.5641503532010101
0,0.2913358667476148
0,0.2621190448354769
0,0.11554313299236364
1,0.632730342748414
0,0.3801284955461175
1,0.709920726594126
0,0.2747084417592803
0,0.17283123984217247
0,0.30724054525297767
0,0.5614194538428052
1,0.2697878229715312
0,0.3161318072593669
1,0.26963349968777117
0,0.021707460390807305
1,0.4311808772886407
1,0.4668076283798434
0,0.11026247910306307
0,0.6028701719344092
0,0.6545169829070807
0,0.252602993531006
0,0.0041965316509321084
1,0.40343700224633866
0,0.31617765516312857
1,0.889740245193578
0,0.18689823431558464
0,0.3893184743783984
0,0.25206183055030373
0,0.1771356835283483
0,0.12740966402121762
1,0.640090680392901
0,0.2041790328649449
0,0.18649275531441983
0,0.7077962217281419
1,0.2801796679467516
0,0.24009109563915157
0,0.2730650288987646
1,0.681685823530331
0,0.07021698373619814
0,0.21222092406573975
0,0.26855340524796234
0,0.35853801007301184
0,0.29838765955573493
0,0.1223186306556434
1,0.7524057616914819
0,0.24015908481352796
0,0.29393768738273374
1,0.5578878565637241
1,0.6257031474934069
1,0.6938874880398912
0,0.03439902914750449
0,0.2923093147453834
0,0.21996863433890992
1,0.8744247890881292
0,0.24454264108501825
0,0.627799652269906
1,0.8593997747686087
1,0.31967515168532884
1,0.7638024368179088
0,0.0348169159814558
0,0.6645717738504845
1,0.50824282605285
1,0.850990621957683
1,0.9013453697789497
0,0.13662890807671302
0,0.008267087960294388
0,0.027284554738955195
0,0.27837954764936956
0,0.008763709558478815
1,0.18463595571966457
0,0.551419001916123
0,0.4159685430909533
0,0.20576489139683726
0,0.02001489553534673
0,0.19654983170659548
1,0.5655888152415356
1,0.596964594217971
0,0.519808762722657
0,0.5148527271658937
0,0.25365613420666594
0,0.046245754861977
0,0.056789808092852105
0,0.28930011236747877
1,0.8562579980893872
1,0.8829580080667031
0,0.23892612459128332
0,0.008393339188108445
0,0.2720254026608862
0,0.24972447423300856
0,0.24981440667128585
1,0.5462545352699673
0,0.12042286441601145
1,0.5228846546955943
1,0.5573216218940317
0,0.25186009532169323
1,0.52094007770711
0,0.24288169309578456
0,0.7037166512509654
0,0.23556930981315427
1,0.6603813542961811
0,0.35033199999612513
1,0.03510565982051617
1,0.8116830924396959
0,0.31744450046583894
0,0.7992634576590768
0,0.6329243363196031
1,0.663474758296009
0,0.2835620361460294
0,0.24103249500664567
0,0.21098828187629318
1,0.8083996026969725
1,0.2078750801293986
1,0.41901084758074497
0,0.4265025263567726
1,0.45688001569382397
1,0.359085779944798
0,0.31950616779190855
0,0.3563806744339634
0,0.2569233036347774
0,0.05850490500762294
1,0.897045270233549
0,0.1857832212784677
0,0.43335462794687346
0,0.06419854514131769
1,0.5121385404390142
0,0.350697491166535
0,0.3590033037836277
0,0.27540259638258385
1,0.7524080515456002
1,0.45333544194416375
1,0.24940160528716937
0,0.02417753403848148
1,0.8255664239272726
0,0.24192262893944408
1,0.24394670982038338
0,0.012951281446624087
0,0.6408315978792182
0,0.46408378826227564
1,0.2563039492858125
0,0.21999055457420932
1,0.8744247890881292
1,0.5160855241589036
1,0.6303696550344476
0,0.281205899015917
0,0.009778948630611463
0,0.026856474026369263
0,0.024529612623757954
0,0.17777802014447852
0,0.025131326023226482
0,0.8776822980059584
1,0.30717572910772595
1,0.538278090387259
0,0.6674104660237848
0,0.47349797927316073
0,0.28718589903148545
0,0.02121222114009805
0,0.3675483470541022
1,0.6467009649402775
0,0.609680401731865
1,0.5292706632669077
0,0.3711244862305852
0,0.20054708678821706
1,0.2995730150137711
1,0.7069804127023737
0,0.008393339188108445
0,0.5817857782398325
0,0.5684299837338772
1,0.28967648568739224
1,0.3944508142071957
0,0.28987179122812595
0,0.3379068905236308
0,0.20074747087494407
0,0.6708479614341685
0,0.2505716408178398
0,0.15859073831943474
1,0.6887179592311357
1,0.5939506008283876
1,0.8286506178544361
1,0.511513151257875
0,0.25397714728876897
1,0.7124242695220049
1,0.6050450457059499
1,0.429183489470451
0,0.3645646003687872
0,0.2348032226629673
0,0.04182010013124729
1,0.5517310738524598
1,0.6702854573509002
0,0.5988260644101344
0,0.04413221833587673
1,0.7970237900484861
0,0.27187991994186705
0,0.6217431251038955
0,0.35375847344159217
1,0.49345689295902406
0,0.22382587912898097
0,0.428845755418959
0,0.11422598655413643
0,0.10284870738835253
1,0.27854146321875817
0,0.21698598693187285
0,0.3726704624079501
0,0.2352076311465951
1,0.40404438542849647
0,0.055607212672012914
0,0.3359380254784116
1,0.7145796321870881
1,0.4389098174073017
1,0.7739830061675186
1,0.7448858462374743
1,0.45610282365778576
0,0.09875941905993377
0,0.22702148083903714
0,0.3953502385237475
0,0.2329650478217656
0,0.05054892886957098
0,0.196450019483104
1,0.6959172783524523
0,0.285437397369718
0,0.3780854335486249
0,0.0041965316509321084
1,0.4901100263302226
0,0.2592746036067991
1,0.3322210213529047
0,0.3157110427821008
1,0.5985797921190069
0,0.7628319558000588
1,0.3449622598956649
0,0.31449344950411784
0,0.014526299896295735
1,0.6894826477613413
0,0.3999850759209567
1,0.3386376444247634
0,0.34525891751706494
1,0.5357127323324269
0,0.6259604442995179
0,0.0041965316509321084
0,0.04748779252157123
1,0.47880695857210054
0,0.45058270432396763
0,0.04400690334878727
1,0.3495017100992937
0,0.4478132500344507
0,0.4806834687608887
0,0.3328230683901913
0,0.027284554738955195
1,0.8498104600334294
0,0.4464934338509963
0,0.550121587470065
0,0.2435812808262301
1,0.4564361976255944
1,0.8289659768114374
1,0.6285331904052494
0,0.01482400125887289
0,0.3391773811724931
0,0.2847934475397536
0,0.27616450250937624
0,0.09510562256002303
1,0.950177101548359
1,0.3351991646943368
0,0.15847602658163767
1,0.27892377949599645
1,0.762757356141709
0,0.3882917575956608
1,0.39884364343962336
1,0.171758373264992
0,0.2505751850682186
0,0.38025531084580766
1,0.3428975606756638
0,0.22440266829554084
0,0.0041965316509321084
0,0.058438309773307245
0,0.4665274553494084
0,0.3308470232784372
1,0.5282438730997218
1,0.5095863685844195
0,0.017015131150161133
1,0.9208864834616621
0,0.4008728355760706
0,0.5268001410104338
0,0.4439426058925881
1,0.6893271619005559
0,0.4386195790001375
0,0.3200112565604963
0,0.41226219521617546
1,0.3797687636372257
0,0.44009711894937736
0,0.22923234933956105
1,0.7205107317869237
1,0.6426389681994755
1,0.273939382200722
1,0.368425564377133
0,0.009957739409225085
1,0.4156309774472805
1,0.8731559878110824
1,0.8581704824477737
0,0.3862933528880213
0,0.33650009830561195
0,0.35548400698610455
1,0.37847357774233464
1,0.6366420157478957
0,0.08875072798637462
1,0.40961702701459995
1,0.6496475958831681
1,0.22270287336265035
1,0.5174047327052105
0,0.24595656112931225
0,0.312813284092597
0,0.00951161146309714
0,0.22123470783821275
0,0.21076673787969952
0,0.04076672839013047
0,0.5132095205903069
0,0.3590945294413416
0,0.19461259051082128
1,0.5951038743032107
1,0.9189482178802155
0,0.02843930344200144
1,0.9041279510283385
1,0.657259948182232
0,0.01214431855755589
0,0.01798774074186648
1,0.6908871992179363
0,0.38337969126306404
0,0.24443575722151456
0,0.207445485659053
0,0.2337313772770292
1,0.37489608202402264
0,0.01742422826551979
1,0.8991635332673009
0,0.12671701651101633
0,0.2571956250659775
0,0.008393339188108445
0,0.24666143575559565
1,0.7702552736812516
0,0.5791828479730866
0,0.21475682581099015
0,0.01325260967252737
1,0.3089737692543743
1,0.38068892192795195
0,0.0473058581264921
0,0.19056170987988852
0,0.02748091827568754
0,0.34592029646413097
0,0.009587369038854715
0,0.3602331285667319
0,0.03211541788542782
0,0.07348812189269444
0,0.4339576494711288
0,0.4308975208390412
0,0.23151500110824016
0,0.203162219822799
0,0.2871892323976077
1,0.6933229830833505
0,0.6942647187062515
0,0.008413962543161173
0,0.40527385708738495
0,0.6765780222758413
1,0.8079639516615449
0,0.17499210487325584
0,0.09556244410739231
0,0.2996718257250319
1,0.2550647178751301
0,0.551200440776058
1,0.5316289940615936
1,0.8620850885716662
1,0.2766113205743385
0,0.3634799429377059
0,0.12626676339535609
1,0.8985044027831023
1,0.7097365133086724
0,0.28123263706760526
0,0.23745297420691813
0,0.5162317263832494
1,0.3290686880695067
1,0.450324533703168
1,0.6435322500264666
1,0.25895049708981294
0,0.3689082996685584
0,0.08126586562569373
0,0.11846928738677506
1,0.897045270233549
1,0.6104019444865664
0,0.41098614153276164
0,0.015695817413016587
0,0.04696851178094766
0,0.2087388411349421
0,0.3494423011234252
0,0.25125811472153037
1,0.34805560241067307
1,0.9514050857765227
0,0.46983658676317447
0,0.34417248492475316
0,0.2067033750821613
1,0.8429567147118225
1,0.715107898215737
0,0.24995252071538515
0,0.5215873869959845
0,0.4002389475382438
0,0.1354975365327595
0,0.42790190715825693
0,0.04183002929822824
1,0.6469075301334996
0,0.273939382200722
0,0.659647713443419
0,0.5680240866155801
1,0.3429847649193518
0,0.0481619733938465
0,0.2258163035216452
0,0.012119621199436721
1,0.7405734446269344
0,0.3009290134097663
0,0.18949777508125745
0,0.008267087960294388
0,0.29622922106338223
0,0.012883077340859033
0,0.2445866931019597
1,0.3801284955461175
1,0.46950999636560464
0,0.01698731807385745
0,0.2683088985029855
1,0.3351402391818799
1,0.7918601419248933
0,0.37673305560997283
0,0.40218880726373907
0,0.215068506935607
1,0.16783337315756833
0,0.2164603970271854
1,0.6479740980208002
1,0.6716120918907265
1,0.8241899464155042
0,0.2427954020508631
0,0.23347103174654454
1,0.6885184286836433
0,0.20073608848418212
0,0.19654983170659548
0,0.1932971998286953
1,0.42929376870143315
0,0.016278957354634936
0,0.4569947967697803
1,0.8522020075286962
0,0.03650843885567021
1,0.1922116035594427
0,0.5523872896253544
0,0.26720344570635124
0,0.46003061859367694
0,0.4047760068653768
1,0.5357134539141313
0,0.3122847039952568
1,0.06454055565677302
1,0.5005011508785353
0,0.40478226143744617
1,0.5928161935081726
1,0.3341771011427413
0,0.0887354654145953
0,0.07734661989731485
1,0.6409847705672705
1,0.3426347934463698
0,0.3923948651358672
0,0.24603263499482936
0,0.013965181538936168
1,0.8630585526833768
0,0.511372973700844
0,0.27306720947940977
0,0.3262325600561254
0,0.20358944190447742
0,0.22689399415649364
0,0.08550627829125779
0,0.4209137163950985
1,0.4828117721587745
0,0.2573058624086183
1,0.3043601944062157
1,0.35850921073851694
1,0.3342889905883101
0,0.20897638213720937
0,0.02285100456523691
1,0.8084149944312717
0,0.3926980564633644
0,0.2648553821655603
0,0.0368061307921535
0,0.6666108680883106
0,0.5800980587745863
0,0.35682836309204563
0,0.5036052325999502
0,0.021129270807915802
0,0.014215900598934166
1,0.9575516949206333
0,0.16369294125092868
1,0.30205671844554965
0,0.25809531909853217
0,0.26723920141274443
0,0.41794349208015646
0,0.08537758654635574
0,0.0041965316509321084
1,0.7012076234714003
1,0.2517064189682426
0,0.19494854299618555
0,0.3864332680113452
1,0.2703940721450453
0,0.010738748020326979
0,0.29438606107334186
0,0.6494487350486603
1,0.6051353001102224
1,0.8553870227698858
1,0.3640636024101525
0,0.29249540868386487
1,0.34669018132706375
0,0.5724001087947065
0,0.29899134899922203
0,0.34795761543750414
0,0.4066468494297664
0,0.01881053853592121
0,0.012385034075996566
1,0.48648436572948445
1,0.22982552063170417
1,0.24457630696171725
1,0.6644519312188234
0,0.4549385194938727
0,0.12042286441601145
1,0.567556230972646
0,0.009587369038854715
0,0.12151528171723269
0,0.37760135350392887
1,0.34110571157811215
1,0.5522846040682796
0,0.04537622783674572
1,0.40488368199782304
0,0.277189753853827
0,0.008393339188108445
0,0.04975143536082958
0,0.23287021504493718
0,0.21200307458610548
0,0.0041965316509321084
1,0.2929664121633912
1,0.2878320781483614
0,0.1572499180864384
1,0.4584720811426093
0,0.03715020298334083
0,0.22591552112129623
0,0.28100122285702017
0,0.009498484802117409
0,0.5702410734545402
0,0.3103588162510872
1,0.8552412354620815
1,0.4799163182167919
1,0.40690028543121287
0,0.5006315767894014
1,0.688436007720102
1,0.369500976910833
1,0.950177101548359
0,0.27679219574624103
1,0.5142136697735916
0,0.024017552804663368
1,0.45293943585965074
1,0.8507556212004675
0,0.3521174066468631
0,0.26561470653738317
1,0.8199769628144098
0,0.17336918223848424
1,0.7761274080450318
0,0.28004033107424525
1,0.4834463617885447
1,0.5041426771225541
1,0.2982062336906105
0,0.3630189478299394
0,0.05235797290654679
0,0.09510562256002303
0,0.06849041776985301
0,0.22365918715944805
1,0.36835193616011386
0,0.18387778385804765
1,0.8400443999357037
1,0.6639087669507702
0,0.3788492946040949
1,0.6010563932664589
1,0.5361081478286999
0,0.27767748052999447
1,0.4625253848811306
0,0.30104240566574797
1,0.7410699152957106
0,0.23844948140392913
1,0.3431926838168514
1,0.5256245086011758
1,0.4648818902143028
0,0.33377177122721063
1,0.7360290260847867
1,0.4212698627250093
0,0.029832107286084056
0,0.27625619154439035
1,0.5335132032953976
1,0.7595472805914509
1,0.5953957315464787
1,0.5628640971197874
0,0.21066817766634718
0,0.2364563021012241
1,0.29294478778594246
0,0.21696127073596513
0,0.5156598705932539
0,0.045653635929690815
0,0.016437433526723427
0,0.25934425481848966
0,0.6186167453091798
1,0.18039591028094576
0,0.3352493948860256
0,0.7348815595512727
1,0.7890026603510519
1,0.5274480839587006
0,0.2846321018984619
1,0.6423841558517573
1,0.8775754643044547
1,0.4679301007997014
1,0.6282218626810275
1,0.6526183248955608
0,0.28423704150688445
1,0.5402757983327998
0,0.22956259360503606
1,0.5821575535695382
1,0.31944377729939316
0,0.24395622906189798
0,0.19785441164036202
0,0.2666977714091354
1,0.4379724450925238
1,0.8725797711129832
0,0.4765125232740664
0,0.2006720336237399
0,0.29334030791270926
0,0.3361129516036539
1,0.851626081968485
1,0.42926968018944656
1,0.534393988325851
0,0.10996300898078423
0,0.24821516526156578
0,0.1958508587340343
0,0.34525891751706494
0,0.31707170927733275
1,0.4437151183652759
0,0.14786509922079805
0,0.22187117981398255
0,0.2594043938095646
0,0.21424136327986185
0,0.31153559657478064
0,0.27840561555195126
0,0.0041965316509321084
0,0.34379775267783264
1,0.6898205562253567
0,0.1343825435423928
0,0.31979749267675933
1,0.37157253006978164
0,0.8017369470237758
0,0.031105552794970858
0,0.02036473670102039
1,0.1553924171576023
1,0.8493787755827265
0,0.09177036250864755
0,0.014244369869046968
0,0.012790517199830107
0,0.0041965316509321084
0,0.347536614467748
0,0.20738761150647858
1,0.8431491776468991
0,0.25870252619610073
0,0.2708959480002326
0,0.3839899059579024
0,0.24243034867936525
1,0.4094324299296892
1,0.35650447353637804
1,0.7914685658629442
1,0.28884533133029955
0,0.0041965316509321084
1,0.188948712117059
0,0.28670987984147683
1,0.38658050145897127
0,0.18324538232955737
0,0.3307935330810994
1,0.7889020433380735
1,0.7057570541188656
0,0.2130988377882424
0,0.45300578379799866
0,0.6095862452026161
1,0.6610633419706703
1,0.5603966408305032
1,0.393738705220913
0,0.3780279164733852
0,0.46956243120438995
0,0.3563806744339634
1,0.8008823663078842
0,0.24651494314238087
0,0.36251399390762723
0,0.5767799719294062
0,0.24912860196837705
1,0.7632354543832265
0,0.22322495543933218
0,0.021996524959567464
0,0.01655838600770925
1,0.8630585526833768
0,0.4261169652059282
0,0.1794266889626022
1,0.7119221218462206
1,0.3815827978986234
0,0.036514900182931485
0,0.2737347129276833
0,0.01108709754519127
1,0.4665101766670998
0,0.5608223437963473
1,0.6277635612796305
1,0.46263066702247085
0,0.25919861236860015
0,0.18114255911003763
0,0.36290653354269514
0,0.03132452952704173
1,0.7416767128964065
1,0.5507761704225442
0,0.4356155695924165
0,0.4060115828483838
0,0.41194933945431883
0,0.535019593832371
1,0.6446205270989688
0,0.026649072134833182
0,0.2971785444816635
0,0.09732813501131825
0,0.4665274553494084
0,0.31275715092988987
1,0.5698323373712098
0,0.331985451352704
0,0.35395381650846025
1,0.30916723744226127
0,0.028955279325016875
1,0.8744247890881292
0,0.053098768816153906
1,0.506013208099812
0,0.23225403743604642
1,0.0041965316509321084
0,0.3422055941224641
1,0.5122122826765593
1,0.7200774331115425
0,0.02042392071965495
1,0.693220170445273
1,0.8830749855117535
1,0.24973041520212605
0,0.4156792362043823
0,0.20523110067869973
1,0.6745480450377108
0,0.2787810222978954
1,0.4362716856078595
0,0.2589144084094478
0,0.041780706503609516
0,0.04663538776332254
0,0.042069843134337384
0,0.359085779944798
0,0.25100067269316834
1,0.8087727296226924
0,0.6591775246615194
0,0.4675905737717445
1,0.4533293156206806
0,0.1365849325753073
1,0.6151958424591085
0,0.023773136591052853
0,0.4792387342207
0,0.27382444369987025
0,0.21276903468173966
0,0.2628087228271362
0,0.31699275627746926
1,0.1561637663887654
0,0.26101246517675103
0,0.2103013578706246
1,0.8072050979689388
0,0.31598195996906114
1,0.3478441019351344
0,0.2579951762686877
0,0.2945737636327032
0,0.6729106008688059
0,0.009498484802117409
0,0.3162423432535181
0,0.19318425320194246
1,0.7235758138691618
1,0.7441102932994862
1,0.3053503218641756
0,0.23868828288181437
0,0.2077390712512478
1,0.6367535375972999
0,0.034003602785864576
0,0.03277248046698488
0,0.23376491823956178
0,0.21489211553527046
1,0.32588415722844527
0,0.5010741149232654
0,0.35366000603431796
0,0.3028961169930317
0,0.1776284296031422
0,0.4398334565349559
0,0.49398291809948414
0,0.19785465740887723
0,0.6266008893433928
0,0.24825688583076472
0,0.3894565460135395
1,0.7916027264855628
1,0.33712856895126414
1,0.3837428332455551
1,0.8393323890612822
1,0.308090351402348
0,0.46873636962903625
0,0.34272956027426454
1,0.6881549739221687
0,0.3730721948343202
0,0.18194572537409076
1,0.4026107272105096
0,0.25087359632200007
1,0.37712083057003715
0,0.30592578110029534
1,0.6864768595231779
0,0.40286286357250556
0,0.20747528405864618
0,0.5439071080929051
1,0.2612136053529722
1,0.2968433907188884
1,0.8270196286183159
0,0.24212801724057814
0,0.2060434909820754
0,0.023732182163315057
0,0.3696697538791904
0,0.6683990058295001
0,0.24722473351557464
0,0.030564022906947562
0,0.4265926631809602
0,0.15745126761227612
0,0.24367587225022402
0,0.07094807194009638
0,0.16745555578443075
0,0.3322419843508176
1,0.9215031186773527
0,0.32164985489005177
0,0.33851538320218966
0,0.2428824367751016
0,0.015557414562931473
0,0.18916679760901556
0,0.34379775267783264
1,0.5352366110378838
0,0.32814431780672954
0,0.2602151696917952
0,0.017161113521793992
0,0.6572721652303447
1,0.3078540357683199
1,0.4880999218844315
1,0.6507724434269788
0,0.33090621458551767
0,0.2894591547054917
1,0.6306154915629539
1,0.45314391762432626
1,0.7503814371811853
0,0.5370244052585593
0,0.3609189110400811
1,0.28363328237591146
0,0.37751921927745863
0,0.30838215416308723
0,0.3820407972701637
0,0.38795660101148627
0,0.6430030792451839
1,0.6075536026457794
0,0.4096286755430616
0,0.2696984728175655
0,0.6057811096638457
1,0.3505150347166204
0,0.5770608164546934
0,0.6757357413211013
1,0.37516795990008595
0,0.039685812188258125
1,0.45524255176093287
0,0.5596528109131983
0,0.3897433723557449
0,0.48251943355338717
0,0.015579186058269525
1,0.6210620931735232
0,0.24780248561131543
0,0.14970208434918997
0,0.20034298876345114
0,0.0041965316509321084
0,0.13480765104411555
0,0.041932207307459335
1,0.5735661586758766
0,0.2485956796733002
0,0.25100524811600394
1,0.21357315620113243
0,0.3563806744339634
0,0.415018229570814
1,0.25625843962249806
0,0.6259604442995179
1,0.3668104260771065
0,0.2627460490350549
1,0.5396705651239455
0,0.24088174239762328
1,0.45264323968843867
0,0.1901947174838916
1,0.3174370224689762
1,0.41544753939640255
0,0.26976589780296223
0,0.011927225398876848
0,0.13600583612238354
0,0.10950069882480086
1,0.6419032095508821
0,0.837432021971768
1,0.4473762655491902
0,0.04897044947126222
0,0.015172846235602444
0,0.27209116746209955
0,0.2520159435389726
1,0.6446496796251997
0,0.2721322135464163
1,0.6724764587470385
0,0.250016271054859
1,0.3412030843583746
0,0.3589592748153694
0,0.2564128816606008
1,0.3947618851594155
0,0.2039935654334635
1,0.7546560774158669
0,0.012001796361624463
0,0.20897638213720937
1,0.22963996012375001
0,0.6211785096116283
1,0.7701796955794946
0,0.01653701179628577
1,0.598971066724076
1,0.7022158039608356
0,0.13553306783558583
0,0.10661841169152834
0,0.21564228090005316
1,0.3936441130638642
1,0.67797011533446
1,0.15473469927881062
0,0.5118608448013997
0,0.23791245544277784
0,0.43602516191067175
1,0.28917870870146795
0,0.2077796968347137
1,0.35245525830182933
0,0.22811757801960175
0,0.4637059399184959
1,0.6706241171424321
0,0.2561904209166821
1,0.5807217526430968
0,0.18025921579408724
0,0.1492131805964668
1,0.4086631239387769
0,0.11476320086109366
0,0.20413931716848302
1,0.3010415890757551
0,0.03191649826739155
0,0.33864701005227227
0,0.0041965316509321084
1,0.4515851579802499
0,0.027284554738955195
1,0.6598194830846555
0,0.769926184680278
0,0.3720141399905498
1,0.7033711006028267
1,0.34110571157811215
0,0.2630554632501683
1,0.3668104260771065
1,0.38070641731147176
1,0.4741533635294934
0,0.5274623085895045
0,0.2988631296046455
0,0.33240513715788006
0,0.23572076684101606
0,0.4065991397717665
0,0.009587369038854715
0,0.09510562256002303
1,0.7395184431917663
1,0.4075498483025655
0,0.3745471241707225
0,0.4327759783660158
0,0.39570902839606176
1,0.5861935060161048
1,0.6959878819590927
0,0.6796504302707281
1,0.5403901678972931
0,0.19616255631763
1,0.8147310013214146
0,0.13494474669981635
0,0.17746918081813792
1,0.06591483819467758
0,0.0250843256375065
0,0.08759684312320026
1,0.684611018201851
1,0.2107168494773391
0,0.23669114491310722
0,0.3349471497084145
1,0.5037934489520965
0,0.04254816131932181
0,0.17952759507738622
0,0.24363308960253574
0,0.23577869003663415
0,0.1386852547736753
0,0.27340154584077697
0,0.02521294541381313
1,0.8706008792860439
0,0.3951107787862314
0,0.2327725130807639
0,0.11992368760926304
0,0.017237393953232746
1,0.3156321430580541
0,0.3115768223090198
0,0.42777710107011785
0,0.07775165729096015
1,0.22740077112166016
0,0.014311462198946115
0,0.31418669202615696
1,0.9355725599124445
1,0.679692909433192
0,0.17183733961744568
0,0.22904906461096228
0,0.6733747261766724
1,0.6727626938572945
1,0.3087061091402687
0,0.3429690283723959
0,0.2523457235012881
1,0.5995452025554249
0,0.055915664560343234
0,0.3842153637146833
0,0.4809709179589683
0,0.308130244094953
0,0.22623834694954276
1,0.7213999961388757
1,0.7187591162855431
0,0.3029940773242061
0,0.0041965316509321084
0,0.18300516919406246
0,0.009587369038854715
0,0.30866676193880765
0,0.8397688588115683
0,0.012883077340859033
1,0.37090568325917794
0,0.15937952522121937
1,0.7231939822090031
0,0.12042286441601145
0,0.6284631855225933
1,0.6896162301868817
1,0.5877745180183817
0,0.29213865682780077
0,0.4587594076923435
0,0.8087619293043276
1,0.24343671778738404
0,0.2000118224164943
1,0.34333303007500987
0,0.018450050684849954
0,0.1553924171576023
1,0.7316361307331846
0,0.19008831380154
1,0.5941200010457786
0,0.008393339188108445
0,0.2172650213010949
1,0.47612014730244184
0,0.05387020388456254
1,0.5121385404390142
0,0.1750828484408848
1,0.8830173816807217
0,0.02202145395185362
1,0.2974176468198833
0,0.24821902599076925
0,0.5787265920941391
1,0.4068529996513533
0,0.006358054551164787
0,0.04257943621419128
0,0.43188714401018474
1,0.8578834373330109
0,0.035841257238672306
1,0.5719789478741176
0,0.1113047001965161
0,0.020250230881825884
0,0.43591686140503166
0,0.2666370542687667
1,0.44730181615364223
1,0.603556721026014
0,0.39938797216914607
0,0.057597166515109516
1,0.7197506927775761
1,0.5592493216988949
0,0.01698731807385745
0,0.2547728588354433
0,0.6857340329999436
0,0.022664408597052987
1,0.42516574172366145
0,0.023732182163315057
0,0.4601275288078099
0,0.13945761057448955
0,0.29385175585090717
0,0.32505662552180303
1,0.3949150897865872
0,0.3219314579724285
0,0.2855748519092874
0,0.22452204105777512
0,0.21607971388932554
0,0.06274438931914161
0,0.049272495695914506
0,0.18428102345537978
1,0.7982040803668297
1,0.5459003811397375
0,0.4221957808092697
0,0.334373879872491
1,0.6422503434966097
0,0.3158603389671955
0,0.31964833805362686
0,0.6369406551750063
0,0.00947189149131012
0,0.21855979548593282
0,0.41797461535835
1,0.731468665968231
0,0.0041965316509321084
0,0.28987179122812595
0,0.4832118105164861
0,0.20060149292012244
0,0.02769660431380477
1,0.5008141792369218
0,0.3713091437561376
0,0.40351971194438424
1,0.6992415612603433
1,0.4806834687608887
1,0.41083406239057985
1,0.6111295522081869
1,0.8815359001992404
1,0.5275503149504933
1,0.7963557094210406
0,0.41037257354121187
0,0.21718052971328336
0,0.23051422094947638
0,0.6784299930075955
0,0.01273005452864826
1,0.7106896923689122
0,0.01698731807385745
1,0.3097429195079168
0,0.015416488747719349
0,0.18901936795736407
1,0.5789356877104942
0,0.23445269366761773
0,0.2525792341056661
0,0.291913955256637
1,0.3073718049447704
0,0.2558503207722214
0,0.0041965316509321084
0,0.2049940834908588
0,0.5859624033726335
0,0.038775352106638426
0,0.2520159435389726
0,0.8564737217935459
1,0.3677547216970539
0,0.24945452743767282
0,0.061678789352285296
0,0.31378701043852975
1,0.3818875354751118
0,0.10307474769156293
0,0.41423379714763614
0,0.4073243055153755
0,0.28818728131096344
0,0.5257755401167814
1,0.8057826734689666
0,0.3939318693588256
0,0.2536488011307496
0,0.3026305346933347
0,0.20343378311884064
0,0.4389098174073017
1,0.5817392331225331
0,0.1553702786208443
1,0.2147896516980683
0,0.34808847468175147
0,0.3239582339645823
1,0.6504706080570437
0,0.2400665471775777
0,0.025559646775682912
1,0.3495017100992937
0,0.007931240052262185
0,0.361372044815716
0,0.02199624429861388
0,0.07054796217919405
0,0.18916679760901556
1,0.9452848782801897
0,0.035006570280480466
1,0.3255573764234107
0,0.0041965316509321084
0,0.008267087960294388
1,0.7361138724980548
1,0.6517015225707584
1,0.567598042531398
0,0.1791004571597458
0,0.28809576893466377
0,0.23011715143332062
0,0.1791004571597458
1,0.2756571027742003
0,0.45237339805023996
1,0.5311076074958883
0,0.322728632561295
1,0.5445602678379254
0,0.09379262936675727
0,0.2000079970296177
0,0.356675247036466
0,0.03101926314028527
0,0.32277402946578465
1,0.4844395506052376
0,0.46935831307354986
0,0.7083412620981585
1,0.6122046202663957
0,0.27085928084739663
1,0.28480650444729855
1,0.3127794978087827
0,0.2107168494773391
1,0.47183588608589827
0,0.5564542266881712
0,0.007962469040939448
1,0.5423372195596027
1,0.3282304728025082
0,0.013765909641362732
0,0.34990200068239585
1,0.40006350968531734
1,0.5039468568457326
0,0.6080234002319513
1,0.7613035381105699
0,0.18771136419723458
1,0.6493037204976267
0,0.7471027467282606
0,0.1450780398279719
1,0.7187591162855431
0,0.008393339188108445
1,0.664117581623452
1,0.6447991188158894
0,0.395368767655103
1,0.37185859191812204
1,0.5750247679994059
1,0.5955157651810906
0,0.1771356835283483
1,0.36953894100665335
0,0.009465201601635557
1,0.41319641192622103
0,0.058638232491792674
1,0.6321559958264273
0,0.030769591956292888
1,0.28201969677924354
0,0.41702655782270875
1,0.5781037466413107
0,0.2319624760627594
0,0.25506442940356416
0,0.29660033766298255
0,0.5699259615408973
0,0.6337433751880431
0,0.22101358272210667
1,0.696787225942317
1,0.7291569490465384
0,0.4179373606784708
1,0.8511984304604016
0,0.22044969280756616
0,0.14784505359008707
0,0.04493987277796175
0,0.47598787885386246
0,0.015293327241756883
1,0.590687799816879
0,0.12354294780862982
1,0.20713685344696917
0,0.28323580114459246
0,0.01578280313717185
0,0.010682063930119893
1,0.3068261000085057
1,0.785424915992251
0,0.16258437886812763
1,0.27450939608301544
0,0.07143354550765245
0,0.22445946550566706
1,0.41177946348168426
0,0.01698731807385745
0,0.21102120620135473
0,0.046906283071608906
1,0.518174400466459
0,0.2530297310203618
0,0.23296444471453334
1,0.42201731233702194
1,0.8554284925797314
0,0.4489933819179722
1,0.666568275564
1,0.7082214696763097
0,0.042935886981881215
1,0.5914429570420536
1,0.31268176154631605
0,0.023189919052212273
1,0.6781449267573751
1,0.5060790365252213
0,0.23976616670202214
1,0.3471615065795049
0,0.039002954112239856
0,0.3939318693588256
0,0.45221109270333487
0,0.33048533274019853
0,0.01698731807385745
1,0.33420873481484065
1,0.5159496397668573
0,0.42830092996552765
0,0.2114722682284604
1,0.4966849320100117
1,0.5866691266183489
0,0.21376284230168086
1,0.6128800349270928
0,0.38269099994839606
1,0.5944908905123433
0,0.20584679953792034
0,0.33958931959931865
0,0.1228818604407874
0,0.013419997875564136
0,0.35758187052974716
0,0.3632133487485435
0,0.23689590885895742
0,0.16046269419672327
0,0.37853945910835934
1,0.2390775652722344
0,0.5784615671228553
0,0.04725810274619931
1,0.387273860807951
0,0.09875074859428928
1,0.6807040915644469
0,0.01698731807385745
0,0.3321273311889535
1,0.35877742345410885
0,0.3189256881976715
0,0.00768622584481488
0,0.008393339188108445
1,0.7094157360116597
1,0.7774870142887416
0,0.35293925235921153
1,0.6827367353616395
0,0.7955876292540364
0,0.3362854556981786
0,0.03518025170369363
1,0.7855111045083806
1,0.2567334364015041
0,0.04462470079882088
0,0.19832503646093003
1,0.6505470096153877
0,0.38999411245269316
0,0.2108306686223324
0,0.4171925400901147
0,0.45333544194416375
1,0.7937413866276318
0,0.007931240052262185
1,0.47784378579795295
1,0.5467008840247516
1,0.43452659381580255
0,0.0041965316509321084
0,0.05944211511658488
0,0.24672340322085307
0,0.018374582006909557
1,0.36931053059411195
1,0.5493065179152181
1,0.8186387253727188
1,0.5825903960520453
1,0.41252831667160245
0,0.17963510231890992
0,0.34102439637564186
0,0.185170293542436
1,0.6942858690668143
0,0.21330749503923763
0,0.5633520795900931
1,0.4861763883642873
0,0.22560738406626363
1,0.06009285624902887
0,0.15905594962102645
1,0.5349010890937359
0,0.17745742403359366
1,0.6494378143336369
1,0.7932145273423085
0,0.19459650616698995
1,0.868137190240155
1,0.2532359676188463
1,0.6988510659546328
1,0.6638964193779365
0,0.39081638894581405
1,0.2764353536085812
1,0.3437128194235452
0,0.2119285797640304
0,0.32864616406087316
0,0.2364507552668579
0,0.3365158407891937
0,0.280571460042305
0,0.013587369038854715
0,0.235523642516321
1,0.3352058819627849
1,0.8274837213073697
0,0.010061634290228296
0,0.14437596484689988
1,0.3785673556905348
0,0.24043263401720322
0,0.3357352368779811
0,0.1912531216376012
1,0.7233003898077252
1,0.8630585526833768
1,0.7605742231073843
1,0.3044655253474058
0,0.6405446555950044
0,0.32764370519989044
0,0.2682724021330526
0,0.33783617010713646
0,0.2844364476527389
1,0.7120333982388831
1,0.5785847939250311
1,0.29838765955573493
0,0.41394834905989714
0,0.18674812769605073
0,0.037246166711962965
1,0.5861376014508405
1,0.7857864848302686
0,0.12546821672703
1,0.6950160771989934
0,0.2313357094366272
1,0.8581704824477737
0,0.3797449483239789
1,0.5312976242820089
0,0.37673305560997283
1,0.5095863685844195
0,0.4536571044759799
0,0.01698731807385745
0,0.19428867183669893
1,0.40319886503543745
1,0.5588202915954764
0,0.6705126678340831
0,0.3811780687808969
0,0.1877065017661749
0,0.06463857952282548
0,0.19279501360911522
0,0.34375103931382384
0,0.2738299599220974
0,0.2728918789600673
0,0.2107168494773391
1,0.6530045610647314
0,0.019029541987323678
0,0.41700393468815766
0,0.14796173523486328
1,0.5151060818140412
0,0.16637095481235364
1,0.2553761707024233
0,0.018961474295527282
0,0.6566957317525314
0,0.4964796527207169
0,0.18640421124014814
1,0.43913033432454507
1,0.8336352913766302
1,0.3736228863993201
0,0.03378853491027244
0,0.13026644033332427
0,0.6433163123418285
0,0.23399624372808686
0,0.2892227292609429
0,0.02684044614837786
1,0.6800179183546876
0,0.22024370300409996
0,0.30057497603303013
1,0.6408984879114803
0,0.27670812110157433
1,0.33373917635209155
1,0.5419980531986561
0,0.3156113504062712
0,0.23583339982798537
0,0.519721444146672
0,0.2845983164785415
1,0.3173035261009816
1,0.3035179280011349
0,0.057255428478608046
0,0.4687006855910908
1,0.3351938892972341
1,0.5400420847599725
1,0.35645400992883186
0,0.36898956800572286
0,0.22098766041235937
0,0.2176217474148627
1,0.5295067074779586
0,0.18929555602850398
0,0.31714781762166255
1,0.5223601296603186
1,0.6328212628051204
0,0.8093081264489386
1,0.6673557338592627
0,0.49654587301911557
0,0.43108173244475234
0,0.3265711552491836
0,0.4232031534035146
0,0.05285463225563546
1,0.5561536723884317
1,0.5038874170224785
0,0.19671617883597003
0,0.482893850862383
1,0.9093317210743854
1,0.799452567291715
1,0.7315899012552982
1,0.3146163789813015
0,0.3143875814146628
1,0.765136726672641
0,0.16971152221647787
0,0.21436461546718175
1,0.9413407249566732
1,0.0073495255081145435
0,0.2650924124862314
0,0.20690628221939458
1,0.5859661890002003
0,0.07668412105428238
0,0.31265483714775477
0,0.2327538300203588
1,0.8762362196439201
0,0.03177710368841626
1,0.6776657247699178
0,0.5373849408894131
1,0.18836226029057435
1,0.3917958324285361
1,0.19411223804158312
0,0.41363495559762736
1,0.05991145376770645
0,0.12397420113240894
0,0.35803758613476927
0,0.41931980994986495
0,0.19574377515471764
0,0.0178467024649957
1,0.9189482178802155
0,0.016695154586180302
0,0.33826452992171624
0,0.008393339188108445
1,0.46904439417291577
1,0.5103403430379865
1,0.6493384972659624
0,0.008267087960294388
0,0.1811851784873094
0,0.3328291205232777
0,0.25626858568235683
0,0.1879390573426681
0,0.6244542136371315
0,0.14768619920142734
0,0.24876846833371016
1,0.9210915736426989
0,0.09555491070905336
1,0.4166455971088092
0,0.27549532232658097
0,0.024829948552424663
0,0.02602699084699899
0,0.251728640175862
0,0.034678211383440696
0,0.009050012414708606
1,0.7251373205274869
0,0.35023317911343727
0,0.240472560754682
0,0.6120302509591512
0,0.2876985538737232
0,0.024510256683626375
0,0.34727937466187453
1,0.4704085852169373
0,0.04042002279807152
0,0.44816501089752564
1,0.8585756306164963
0,0.28838839828267504
0,0.41213812787368603
0,0.24334472936428472
1,0.7035666154054171
1,0.5074112771466394
0,0.1836711343483275
0,0.038715455159450476
0,0.571969450075954
1,0.6401135042615127
1,0.45908497695714456
1,0.33178395565618496
0,0.17379536903737405
1,0.47997220147200265
0,0.3537446481358243
0,0.2886786065364457
0,0.3864332680113452
1,0.7667939622097294
0,0.29773049415685565
0,0.18491691194306945
0,0.2649005338943878
0,0.022225836612095307
0,0.14817498220615646
0,0.2808042397968526
0,0.24903336903568332
1,0.46623687851857165
1,0.3399834439316335
0,0.2357353480930727
0,0.06973326120771382
0,0.5147102301998381
1,0.5189939634770023
0,0.2672003279879334
0,0.8803409320263812
0,0.45826789772100357
1,0.4671719050200918
0,0.11247669459771674
1,0.40134411059447606
1,0.6429377312976147
0,0.36197096855428545
1,0.5319920011610609
1,0.7804023561389694
1,0.5660879786855303
1,0.45513470020846536
0,0.3738506563173362
1,0.6122078093421408
0,0.1926679505246291
0,0.2495835581885076
0,0.3137544856083146
0,0.32255351292943957
0,0.2960770972277399
1,0.5603966408305032
0,0.276743859565787
0,0.008267087960294388
0,0.008393339188108445
0,0.2015868577725249
0,0.17716528750125898
0,0.009911641744194923
1,0.41782507933100843
1,0.6772170010166708
0,0.21749284833932978
0,0.3959394129203966
1,0.7895750084441954
0,0.5703207673231039
1,0.4450976541042331
0,0.4281674816778725
1,0.6637807110017124
0,0.01209152429331458
1,0.5506685973376895
0,0.019521462664985476
0,0.15878621146727234
0,0.3649202287606716
1,0.42351578362594805
0,0.5033988584801496
0,0.3323092571543691
0,0.33129064939180075
1,0.6195517713891486
1,0.44625907427587397
1,0.7779571896606563
1,0.45732712400268744
1,0.6832921567684443
0,0.34669385886100673
0,0.008393339188108445
0,0.012853286679883705
0,0.25002533093307683
0,0.16785267693920963
0,0.5118566106071715
1,0.6682588036365888
1,0.5549500285526009
0,0.4929805296379421
0,0.025448112740462447
0,0.20721410560890313
1,0.7340003478612654
0,0.2130850116000505
1,0.4114525383542931
0,0.2138576275024571
0,0.4589152044347984
1,0.6830990936560841
0,0.35682836309204563
0,0.05652926253225021
0,0.39513094665347437
0,0.2772602998596306
1,0.5589140025843493
0,0.16116552494619865
0,0.19569761524615661
0,0.24113225359367618
0,0.30702313984088836
0,0.539790871653687
0,0.2925930788356343
0,0.30418923910888584
0,0.04413221833587673
1,0.950177101548359
1,0.5600898408487228
1,0.6672615916067846
0,0.4812794589631772
0,0.6244542136371315
0,0.38653203891124693
0,0.176961916583287
0,0.16063847389480712
0,0.01698731807385745
0,0.36622512656657086
1,0.35605967262729765
0,0.01197399625713761
1,0.5929303889634499
0,0.2928028150955758
0,0.01698731807385745
1,0.5239491639932593
1,0.24025828881679914
0,0.022061527539841107
0,0.2543753161966279
0,0.0651436614473429
0,0.31989653558434195
0,0.6140252745893617
1,0.1529494077883626
1,0.4578526835198196
0,0.3609555115769411
0,0.017728106627769562
0,0.19402836433705845
1,0.7095561801222544
1,0.3237530996670804
1,0.7416767128964065
0,0.35656990088358537
0,0.644246170636763
1,0.6558982966567674
1,0.37807858620021845
0,0.28702221854283894
0,0.5060779555276621
0,0.4398944457985992
0,0.01325260967252737
1,0.5109385752770405
1,0.40006350968531734
0,0.31797715683980193
0,0.17932357912263003
1,0.34787332743836025
0,0.2565090502371449
0,0.13043015577850772
1,0.5528738378230764
0,0.16316237059439914
1,0.561737202824799
0,0.2833941649857892
0,0.08494677264830292
0,0.03408045921975146
0,0.4877597761995072
0,0.2466702381626308
0,0.28858041693562364
1,0.8284393688682616
1,0.9189482178802155
0,0.012393339188108443
0,0.18519291887021075
0,0.1861142740569894
0,0.2943229809980568
1,0.4295636933130759
0,0.43481124448201736
1,0.19737922163462446
0,0.281454319937818
0,0.5299371884375039
0,0.5898667146452787
1,0.5531064236755516
0,0.008393339188108445
1,0.5683361206738612
0,0.17436165521009747
0,0.40827699513623616
1,0.5023378488457579
1,0.49815766809812706
0,0.30818839419184135
1,0.4596267997451182
0,0.18178285969709104
0,0.2593241268177014
0,0.055916639135371767
0,0.45740192745197045
0,0.02201323452138544
1,0.2258644821327641
1,0.6800179183546876
0,0.3840856850533605
1,0.47900688527536306
0,0.526554693717165
1,0.5519353865448624
1,0.277856278033573
1,0.3301526852576477
1,0.7395184431917663
1,0.5626961133864197
0,0.03966219566381481
0,0.10457307695166522
0,0.41071366430675643
1,0.2934954313531442
0,0.5008985664124492
1,0.4682913875430677
0,0.5428570076488021
1,0.6485942985507146
0,0.3307352771224651
1,0.249909152118327
1,0.32703538580681946
1,0.3007389484274662
0,0.2821832028738622
1,0.6991459488744649
0,0.03101926314028527
1,0.5010741149232654
1,0.6655338151176573
0,0.2777025267081979
1,0.29368984809822185
1,0.3864907130931572
1,0.8197145659185169
0,0.2328676392540201
1,0.4108165322890492
0,0.13377258977536205
1,0.304350580903689
0,0.34750208698488466
0,0.04993915789457655
0,0.2545902279456212
0,0.24639939100705885
0,0.0964870092272497
0,0.4346312883446812
0,0.3541272362996993
0,0.17499210487325584
1,0.641421839444516
1,0.8787470880618384
1,0.5690157506480835
0,0.012883077340859033
0,0.3886485761757749
0,0.38337627402020275
0,0.20429509056621514
1,0.2661897515645268
0,0.3659742572471988
0,0.028631460898517775
1,0.04866428482045744
1,0.6839407468616
0,0.2029630374428439
0,0.4863345538527938
1,0.7690851120384937
0,0.30619878121790195
0,0.06548469671987153
1,0.4773111187592729
1,0.8528417575559871
0,0.13616493147130973
0,0.03521866962662955
0,0.34601551647531914
1,0.6375284575996487
1,0.08918447102928223
1,0.27450939608301544
1,0.43735644823990677
1,0.26190570908092553
0,0.3564123419426792
0,0.2111026009916285
1,0.17760226939139645
1,0.6981857488291194
1,0.28293921142438583
0,0.3068572243030899
1,0.6198624577769167
0,0.22492828589017494
0,0.009657783886147676
0,0.2732353582440426
0,0.3464136889638482
0,0.22026272908917388
0,0.01185102060851542
1,0.5465285836289585
1,0.6645839464069432
0,0.18613442822937112
0,0.008393339188108445
1,0.30999524506109244
0,0.25004433461156717
1,0.8744247890881292
0,0.1326415573067809
0,0.03436260940011833
0,0.3118172520980595
0,0.618013094204003
0,0.21995506440134754
0,0.4071234818426494
0,0.05082782116175318
0,0.22686188977767188
0,0.40220728476071527
1,0.5890099993975948
0,0.0041965316509321084
0,0.2602151696917952
1,0.4179843088042377
0,0.2754539132673896
0,0.36199271024115093
0,0.242396796455669
0,0.5784036139321066
0,0.009587369038854715
0,0.01698731807385745
1,0.5345023992768609
0,0.013521818724973421
0,0.20771741821371362
1,0.6659518241177961
1,0.37404837476448255
0,0.4285426308591343
1,0.3792383940756159
1,0.4704577700969469
0,0.07001762110416049
1,0.38065727667722377
0,0.046068216903005166
0,0.21869504382466484
0,0.573761365125726
0,0.2311312476386275
1,0.7997236734477235
1,0.6905029161199219
1,0.3961178312524475
0,0.03439902914750449
0,0.4071133904332735
0,0.5957828550425156
0,0.4487052115162085
0,0.5369152539374358
0,0.3703934372931158
0,0.34544850217486156
1,0.4912134819181138
1,0.6033264080545778
0,0.4412178324062992
0,0.04862387023209563
0,0.009057790998079055
1,0.3756132762710393
0,0.26137197076683044
0,0.022810872849259846
1,0.5465912433229038
0,0.010598549895475715
0,0.42506973498041534
0,0.22677471805766256
1,0.4215502154346083
0,0.07588272374345667
0,0.18876568959255885
0,0.0041965316509321084
1,0.539790871653687
