target,prediction
0,0.12461359806467001
0,0.08908752025356158
0,0.12135512341205267
0,0.15971698016036628
1,0.17582551340278504
0,0.12596684057586352
1,0.529153063700654
0,0.12800115775269078
0,0.18202792447592822
0,0.15263345656686614
0,0.11706291201503331
0,0.12288108458529555
1,0.14854170513313447
0,0.2774420429075289
1,0.7415661844079632
0,0.1455601388402155
0,0.205764131118627
1,0.16870111815902783
0,0.12550497075763284
0,0.14430591861491424
0,0.15591184456726648
0,0.5241690259628633
0,0.2577279204052289
1,0.7378142930101793
0,0.1159348650058002
0,0.5319495515358077
0,0.10240610376506284
0,0.13468086869188686
0,0.11449861917986888
1,0.6914081013675639
1,0.14957493248459983
1,0.5712310191546636
0,0.17545188767039954
0,0.12409900095420309
0,0.15029506192438957
1,0.864447432212211
0,0.08877467699251959
0,0.1295577972875108
0,0.10457549431495179
1,0.9077155562573256
1,0.6499879444254384
1,0.7151697422793073
1,0.1640154573867931
0,0.12730203064155426
0,0.134397677512179
0,0.08877467699251959
0,0.1390163856924795
0,0.14046949618556379
0,0.12981560525422778
0,0.5539617274394529
0,0.1416438775359137
0,0.16552483987785083
0,0.17831928993827884
0,0.13490187245538016
1,0.7947715147347968
0,0.08877467699251959
0,0.1259344935756164
0,0.46221029746355047
0,0.4063698754061765
0,0.08958808076450639
0,0.1738250269717607
0,0.11496024036458628
1,0.9212675970603503
0,0.145254969085297
1,0.7716172959951738
0,0.1777945738738163
1,0.8972062661278226
0,0.1388077136906104
0,0.11237460047880869
0,0.30347606719443415
1,0.15233395967328164
0,0.17548552586598012
0,0.14249849940259451
1,0.19677964162660938
0,0.1017610278403014
0,0.16434255592453315
0,0.08877467699251959
0,0.10713340661376251
0,0.13974915647789649
0,0.11322703750145717
0,0.19309466973542788
0,0.2639252915254868
0,0.18576154959046026
0,0.12833852574596227
0,0.1469984212464691
1,0.8838150940997935
0,0.0791577104473611
0,0.6540727675730338
0,0.19200680067133416
1,0.6154551028571325
1,0.9842216372343181
0,0.284711946276217
0,0.13631368593364487
0,0.13167829253797067
1,0.2038186579993952
1,0.41164655534919514
1,0.2236252794016988
1,0.698295679552092
0,0.2620644796347478
0,0.15720744966256375
0,0.08743819930144237
1,0.3027190520820249
0,0.15936032137660885
0,0.09937163271125536
0,0.1251484309729458
0,0.19113465702120325
0,0.0896683658356622
0,0.6707672463657441
1,0.1842049310961968
1,0.16750210357663575
0,0.10689404659033304
0,0.13388071783198277
1,0.7429712800056036
1,0.08451835117154421
1,0.2881414055267598
0,0.11774958443911228
0,0.11589275064027654
1,0.12404914490549342
0,0.13831229918693866
1,0.5889546541877578
0,0.11511575299982042
0,0.13789679314342337
0,0.113343173664654
0,0.12951465969902579
0,0.5664650226610124
0,0.1326500857547652
0,0.1937664099163669
0,0.07311983454174821
0,0.10118784298959634
0,0.17653569993536733
0,0.169605350080152
1,0.10200869377220377
0,0.1278426579448925
1,0.9554379725932134
1,0.6408907504390225
0,0.35959177669055176
0,0.1370024488331498
0,0.14326379686698243
0,0.0926209141886714
0,0.13590735896044245
0,0.0981798677286071
0,0.10383429007823476
0,0.16610011992478652
0,0.10728631541239605
0,0.11998603855539557
0,0.12296758807142386
1,0.7321070397509092
0,0.7455771838160682
1,0.24248485831841948
1,0.6728803373909071
0,0.15305561588262748
0,0.16601699186494545
0,0.2977907559078434
0,0.14940524723322446
0,0.12620559311327728
0,0.07771006929583307
0,0.08877467699251959
0,0.08132579466892573
0,0.1224491002680715
0,0.21061523570279214
1,0.5681615115983073
0,0.131158892509752
1,0.2589488465926305
0,0.45047261176298353
0,0.07857210701029184
1,0.2788296494850284
0,0.1635363847530024
0,0.10224096329384878
0,0.1042924934138517
0,0.0926959994300642
0,0.11207183649670327
0,0.22742377919716986
0,0.1009801210667606
1,0.5094253461849518
0,0.19295260964537556
0,0.10855024598607929
1,0.6809458106241116
0,0.10925313824171004
1,0.15625330923092626
0,0.10269573355587812
0,0.10430755650410932
0,0.31016288590618973
0,0.1037791332906306
1,0.5184913809056559
1,0.8986116895495279
0,0.13042172052778664
0,0.11378781651098388
0,0.12121346699593091
0,0.15178858679613583
0,0.2598153822154297
0,0.07935976878248176
0,0.08877467699251959
0,0.206425144704113
0,0.10629968691427133
1,0.7668318003161342
0,0.14315052586850244
1,0.4707767009131147
0,0.11419080456675701
0,0.13646553469708772
1,0.2658336601227594
0,0.12113417731702258
1,0.7338548005254314
0,0.14248798228054518
1,0.7328782167100033
0,0.11644187006443274
0,0.13486221846669091
0,0.12868663922566792
1,0.8725682218020928
1,0.27843405401343446
0,0.12147452838869027
0,0.10409316299316541
1,0.2521621105983763
0,0.487772708549694
0,0.21958708467972776
0,0.11773549808760052
0,0.09290052689292255
0,0.21989090249260754
1,0.18335822377323147
0,0.1037791332906306
1,0.3208308265902855
0,0.13885011295651184
1,0.2087630063345287
0,0.12180362013105352
0,0.16394082555962008
0,0.5273179260597822
0,0.5070808121204557
0,0.12921891427715093
0,0.10459659550585944
0,0.1340448329097077
0,0.6564008975574148
0,0.2390987418486134
0,0.26613951604104513
0,0.15721369443245936
0,0.15558622426636065
1,0.7556120519906496
0,0.14885522903142265
1,0.9842216372343181
0,0.26918478961128917
0,0.11857000105943777
0,0.12378142277489645
0,0.14350470500942994
1,0.14260430987042988
1,0.2029284660615879
1,0.6657382176555154
0,0.11824802452194938
0,0.6061392618361351
0,0.08877467699251959
0,0.14249849940259451
0,0.10713340661376251
0,0.11338682880379218
0,0.12006434646417588
0,0.07473690449662329
1,0.18511051843267548
0,0.11985286947707606
0,0.09707440111708739
0,0.1311889238199508
0,0.12620883642539615
0,0.18152367917315104
0,0.10924489302582788
0,0.1973033123946954
0,0.12588079801165994
1,0.6788624641344954
0,0.1074302567099566
0,0.1474680022608836
0,0.5311112841073384
0,0.3608538204041792
0,0.18940715758710455
0,0.12786908053171175
0,0.23305043294333966
0,0.15710277301347905
1,0.7429712800056036
0,0.10938229020427523
1,0.8595199843256499
1,0.6747872140879847
1,0.11895136849465068
1,0.17186214472583766
0,0.1874606383837813
0,0.1202375653860976
0,0.1377267154652369
0,0.11276550994308543
0,0.17060997078237744
0,0.08451835117154421
1,0.9465246493230423
1,0.9607488294905343
0,0.10567023577925003
0,0.2528487771217803
0,0.11818780823614691
1,0.28999846830294834
0,0.20037738922561285
1,0.5530802506075142
0,0.09683359122713239
1,0.7495379366547309
0,0.11880053377747214
1,0.9699005600984938
0,0.1300006580269102
1,0.13567146698445845
0,0.131158892509752
0,0.14030191393605124
0,0.13160301241788672
1,0.9584878974005604
0,0.1386387505633744
1,0.17103780299921
0,0.11837990031358268
0,0.21217463466699513
0,0.12665069045260016
0,0.11367667140887562
0,0.14407878941728056
1,0.6345944919979144
1,0.7096761390269425
0,0.24371592906845665
0,0.16064443917387786
0,0.12326764025949277
1,0.9075243101045781
0,0.1279997060962561
0,0.130525785772416
1,0.15227103513683973
0,0.11230165359250859
0,0.13738188629871856
1,0.9185429154387825
0,0.12821386326874354
0,0.08775324696201078
1,0.9403876081158712
1,0.8323076752149073
0,0.11588044266040921
1,0.8405814253873658
0,0.1551383005597604
0,0.13981043490703784
0,0.6704384581173136
1,0.6178981010245679
0,0.21221945033549175
0,0.20736549422608913
0,0.13141973136298638
0,0.14758789275869363
0,0.0966241951100467
1,0.6833872962899298
1,0.9156609856546742
0,0.2872597092165345
1,0.7016404037037599
0,0.10243512620200113
1,0.7397236126237976
0,0.1817450620948561
0,0.08877467699251959
1,0.3240087838220633
1,0.7367072981267392
0,0.08844466696160562
0,0.7236584210011634
0,0.523385310335563
0,0.1277095003409515
0,0.08877467699251959
1,0.7308241758896515
0,0.10388616523702472
1,0.6496877641046865
0,0.14628784879503234
0,0.1203794234713832
0,0.15503551222810003
0,0.1253515584144078
1,0.45778973723072447
1,0.690594657519196
0,0.10624574979665272
1,0.5853984549502813
0,0.19094660081241938
1,0.7060595425541287
1,0.5487393158075535
0,0.15567207421089269
0,0.10882966103889659
0,0.10559177714647597
0,0.12153837033297857
0,0.11406274470054863
0,0.10934095882944322
0,0.19282446915375298
0,0.5228052948428323
1,0.9391698717491019
0,0.12595261563351892
0,0.10074598555365348
0,0.16391886846145845
0,0.14350470500942994
0,0.10760811095462057
0,0.11676180633511112
0,0.6023650217241969
0,0.19458351296601134
1,0.8731188224532798
1,0.9403196964011005
0,0.11073516155986723
0,0.20230575820364372
0,0.2010498469823251
0,0.13118308241583654
0,0.2303609725904316
0,0.12546241998024846
1,0.2368411707656895
1,0.674978785307495
0,0.2650218062558518
1,0.16666941161784096
1,0.944683778529797
0,0.2154335886289522
0,0.17828383898474542
0,0.10703656793129133
0,0.1565034927734461
0,0.13188934025856378
0,0.11286090135980442
1,0.16305107690746995
1,0.3456054066936616
0,0.20799053329117134
0,0.10774859708552322
0,0.12036581539717274
1,0.6258226020897069
1,0.9448610526368365
0,0.20354366720012745
0,0.1201979973437418
1,0.33204735320167533
0,0.10705692103315545
0,0.12391415163257528
0,0.09707440111708739
0,0.1752125335435417
0,0.13107791365389695
0,0.13981043490703784
1,0.6843089839556231
0,0.39084177669055176
0,0.15363135959922447
1,0.7387672471422773
0,0.11853537588940254
0,0.19859276627712166
0,0.14904513653190601
0,0.21615329383224502
0,0.12376361582392716
1,0.6725179562536062
0,0.1249752889325102
1,0.8337409069356099
0,0.10737859937334182
0,0.14454429451182543
0,0.2605593389508167
0,0.08877467699251959
0,0.14785500954537012
0,0.09877586170365156
1,0.9405998123613941
0,0.14517914214844166
0,0.15812593831359656
0,0.08221184999886628
0,0.23787346729786832
1,0.3168827077072003
1,0.5545373318219811
0,0.14342919929002643
1,0.6979986289719833
1,0.39781489800372427
0,0.11555732910225525
1,0.7757049798324042
0,0.5001506801800298
0,0.17135772036246674
0,0.8171320517381987
0,0.14613535414743697
0,0.10984504660387163
0,0.1252949857162266
0,0.11304152964059475
0,0.12542895001726284
1,0.9063494955645846
0,0.11712368221813095
0,0.09511198184050644
1,0.19204294724539903
1,0.47069646828428996
1,0.20206935783998173
0,0.15281188876070637
1,0.2547700200894303
0,0.15040288202599555
1,0.9067775995784997
0,0.15486490435023584
1,0.6669808632236388
0,0.5125793756858614
0,0.1406224049841973
0,0.2543998781731811
0,0.11985286947707606
0,0.13688493184133982
0,0.11491003789618702
0,0.13928348350535785
0,0.23261448655023306
0,0.14758851240095183
0,0.1488580864776589
1,0.9842216372343181
0,0.11978027461503513
1,0.7376774602058204
1,0.3691429761499498
0,0.1428849569011748
0,0.13728335245298875
0,0.10882966103889659
0,0.11752364972431385
0,0.11322703750145717
0,0.1714468651807736
0,0.16367558203006696
0,0.1750618152483329
0,0.11230165359250859
0,0.19029461736171283
0,0.11504515371474017
1,0.8795073490975853
1,0.08877467699251959
0,0.11317530956828835
0,0.13995454202647195
0,0.12163750285568364
1,0.5316526397918746
0,0.18958837198292786
0,0.1059538699666456
0,0.226823765417258
0,0.15453972838716046
0,0.10305466955952718
0,0.12186268330820345
1,0.11098217129212676
0,0.1504943559762313
1,0.7276248392059484
0,0.10645277272734527
0,0.11925715551671369
1,0.6722247806793727
1,0.13228459622273372
1,0.7214939953051629
0,0.6682644272358221
0,0.12467583285334073
1,0.13547071820000522
1,0.6162680053191407
0,0.174970478294277
0,0.09700435351910153
1,0.920690237946608
0,0.11150602631482681
1,0.7051054018816169
1,0.20535070167542221
0,0.1555262583220537
0,0.4559731376651127
0,0.12280737452416692
0,0.22779038929882517
1,0.19325966402597075
0,0.13789457960968332
0,0.10190129447169842
0,0.11737816023949273
0,0.1866353822587395
1,0.17454658001080367
1,0.12889335056749127
0,0.156458923987547
1,0.1470630523415451
0,0.12534047491309525
0,0.1179372477275959
0,0.11617890877975232
0,0.1305861922264516
0,0.6039172140840346
1,0.6543100167021133
0,0.10713340661376251
0,0.13665461567319978
0,0.13164681103673836
1,0.2950340752535918
0,0.14453608862610937
0,0.2177340325887359
0,0.13868310648153095
1,0.7387672471422773
0,0.5051806323902841
0,0.14437719282141714
0,0.08230867562114293
0,0.15844313955368308
0,0.5579088556157638
0,0.13791456365717483
1,0.2721215527986066
1,0.19105802954802664
0,0.11201452800120258
0,0.2245802269706956
0,0.14361800902556063
0,0.5943470971350946
0,0.18158658442951175
0,0.10237277695578874
0,0.11205325132895408
0,0.6218346374902354
1,0.1459385284724165
0,0.14262573593065206
0,0.13009228508201842
0,0.13669949823826552
0,0.10465083453569642
0,0.10760811095462057
0,0.6827020876506557
0,0.18294090452524578
0,0.11394889873086834
0,0.2599361308738965
0,0.07276804352877037
0,0.13074694874653922
1,0.5883219148973046
0,0.10240610376506284
0,0.6415388586804736
0,0.5139778083871238
0,0.10918920042307853
0,0.1993263772053323
0,0.11702895644120823
1,0.6408204527515229
1,0.674978785307495
0,0.12936612643315465
1,0.8327057016050385
0,0.09163708813800647
0,0.537192759085974
0,0.11070954992849137
0,0.10051318383052635
0,0.10063390065362206
0,0.13789457960968332
0,0.13049749634640914
0,0.5247156259085936
1,0.7931171639939752
1,0.5872895339679526
0,0.1297909801273796
0,0.20051045707842863
1,0.932372324637425
0,0.10598197332384324
0,0.11781925362467058
0,0.1831760524874642
1,0.6543100167021133
0,0.4247468887098277
0,0.12336626128919512
0,0.6625220891609257
0,0.1375480262731752
0,0.11162089950209317
0,0.16303826368261828
0,0.12935477428119604
1,0.24128137671665828
0,0.2605593389508167
1,0.9136033000917285
0,0.7802681008341299
0,0.15679175375668367
0,0.48986650597690545
1,0.7526701937523095
0,0.12375682631303651
1,0.5559877151499358
0,0.15705984896597422
0,0.11840239371098439
0,0.12451757455124124
0,0.16912576510636962
1,0.7286471819844628
0,0.7077139273526258
0,0.12397955728126143
0,0.22885374149331666
0,0.15907434562288253
1,0.4998747668022485
0,0.13319130729655718
0,0.14920928029626074
1,0.4411406914277283
0,0.11334967771147006
0,0.14346957783889955
1,0.12837861566362263
0,0.18687395869492868
0,0.10200869377220377
0,0.1139377910499409
0,0.10882966103889659
1,0.5498890335260511
0,0.648474905074047
0,0.15730826580274723
0,0.39716017820991906
0,0.09893828949101051
0,0.3112582919179819
1,0.27342815822063854
1,0.5778062173759634
0,0.16065719504396797
1,0.19943735518366076
1,0.8772848553519627
0,0.11420358745363138
0,0.1633463089324579
0,0.0933105886652371
0,0.15553071682604364
0,0.156955035386344
0,0.11037139184649829
1,0.6158450928940321
0,0.13837070832721554
1,0.12840247945010222
0,0.5586654024460043
0,0.47856173782383055
0,0.10315011013036522
1,0.5141396810363802
0,0.11328212749354344
0,0.5168169789801584
0,0.09809799024260436
1,0.8174001288063797
0,0.08877467699251959
0,0.1756459664976624
1,0.3470447476842421
0,0.11781925362467058
1,0.9051271179484386
0,0.10216242980477067
0,0.10213933889242688
0,0.12422235975716678
0,0.10806387891456104
0,0.09218129061248752
1,0.2333660863154151
0,0.6303897167195655
1,0.6824659701791383
0,0.08818187823844607
0,0.08877467699251959
0,0.08755640527657603
1,0.2950340752535918
0,0.16068740204505505
0,0.11917214135643718
0,0.36005259370984977
0,0.10058646635089791
0,0.14460837491834355
0,0.08072336819805193
1,0.15321858514298617
0,0.29332073492493993
1,0.28974377077127295
0,0.112152925996432
1,0.3327976869802842
1,0.6746503117085022
0,0.1178053055223855
0,0.13663123812000239
0,0.23050929724966207
0,0.12404278531497365
1,0.9252687742571465
1,0.5359359078560436
0,0.11820355740352559
0,0.1241801353844327
0,0.10754559782747017
0,0.23297704878698827
0,0.11070184928898369
0,0.14046949618556379
0,0.09168929642561532
0,0.13353109777671224
0,0.18019999199223963
0,0.2681722970599261
1,0.6583951960070236
1,0.10067124491960765
0,0.16380740460997115
0,0.09263624668770998
1,0.6788624641344954
1,0.6272983649261694
0,0.11946733461572305
0,0.11837689095808014
1,0.2291855571412121
0,0.34572417969666974
0,0.13522968769100766
0,0.24059609713923163
1,0.7299950506273253
0,0.15813486679190722
1,0.6215037865895354
1,0.7929181112108413
0,0.1196797895673826
0,0.1405681893917348
1,0.6051692950671049
1,0.829214585358557
1,0.9653592176369856
0,0.0877032181338502
0,0.15957944183180245
1,0.8838150940997935
0,0.11631267773464403
1,0.47364783314493664
0,0.15446870211681335
1,0.27757534684801316
0,0.13715327958845988
1,0.10760811095462057
0,0.12436005416894905
0,0.5982751742392949
0,0.11113031264804092
0,0.13207692849588384
0,0.11157346452256033
1,0.2122140391183614
0,0.14130858055609757
0,0.10216242980477067
0,0.16321196813662875
0,0.11946733461572305
0,0.09736701947089442
0,0.09647818221979883
0,0.1514271331122187
0,0.46542339574109476
1,0.583153684023239
1,0.6029548203868753
0,0.14418101681238416
1,0.766664355168246
0,0.18945198164976895
0,0.1905559580031039
0,0.2678312132177648
0,0.4929888231591454
0,0.08578978036879217
0,0.10278266224422483
0,0.10465083453569642
0,0.08948553230315813
0,0.1570563196369399
0,0.6565598179665278
1,0.42486433937790763
1,0.1373500566351583
0,0.11015707408539058
1,0.6411895385808487
0,0.12636267819215716
0,0.11702895644120823
0,0.19675158776996163
0,0.17630935068422623
1,0.8838150940997935
0,0.22779038929882517
0,0.09476653132888758
0,0.5679987019376334
1,0.8481915481316296
0,0.24452206431077475
0,0.09111967900222975
0,0.8943036481085753
1,0.8390315728722774
0,0.4941344850406556
0,0.32281944814190744
0,0.1644051483079348
0,0.1447207381240648
1,0.5903546219101531
0,0.12198254478783865
0,0.11255627536646426
1,0.1535783034077406
1,0.27013682734768596
1,0.1750161340760503
0,0.19578228990559782
0,0.46166133679085086
1,0.690193141148381
0,0.10999536391936647
1,0.26158822290313044
0,0.12421696765564814
0,0.08404737414381992
1,0.9127709312547339
0,0.33574714770525893
1,0.6564008975574148
0,0.1655032798360694
0,0.4886465772721936
1,0.747876555704833
0,0.10156106651669158
1,0.6500153798078059
0,0.11229082560552213
0,0.5209822629492735
0,0.11312526095013051
0,0.1758458074058193
0,0.2089622257446989
1,0.6461869419065519
0,0.1491964134622756
0,0.10716560531379338
0,0.08728468598960903
1,0.7388220409599986
1,0.6876947327105422
0,0.14032325156397502
0,0.09734634508883817
1,0.7711877571930998
0,0.17252688133453808
1,0.2689484441230613
0,0.1229073037822585
0,0.11700394035798846
0,0.1250714378340191
0,0.15562610962002255
0,0.13440919668854334
0,0.2729503918430018
0,0.1428988804657381
1,0.7263570153515485
1,0.9674565072660314
0,0.13507785377708015
0,0.12763594538600198
0,0.11887844058216206
0,0.19112660084489067
0,0.09583649158370679
0,0.18592774503219484
0,0.42668775240703066
0,0.08404737414381992
0,0.10590578968364096
0,0.12686828681927464
1,0.15319708131019788
1,0.24503016958596177
0,0.12754413721469907
1,0.6941618030509631
1,0.5287988835937419
0,0.270056748544304
0,0.6577696192710162
1,0.9662647413331443
0,0.15523541939596747
0,0.10170294306246752
1,0.7836303515351356
0,0.09964953564602058
0,0.12085801101857109
0,0.15997237842973897
0,0.1460880761857728
1,0.08761080653866513
0,0.0878192446230683
0,0.1551693296145141
1,0.8836106862256246
0,0.14023218966032797
1,0.6262309488125505
0,0.13337542571704797
0,0.10628214473547258
0,0.11198293993740085
1,0.15182968135160418
0,0.13449553114352902
0,0.11825938215721339
0,0.1357838919001946
0,0.16391886846145845
0,0.09669378704708374
1,0.8552321837859713
1,0.7263690095496557
0,0.14094720407973332
0,0.16175772849916403
0,0.15725066434135623
0,0.11230809381661244
0,0.11057166886776736
0,0.11676180633511112
1,0.8290623246827696
0,0.09476653132888758
0,0.3992366090106454
1,0.7444496281540833
0,0.13065496097502508
1,0.6827020876506557
0,0.1797748676801373
0,0.08213677953537989
0,0.20890928975480455
1,0.3842561703445682
0,0.17571723922255164
0,0.11026355168639507
1,0.6381244583218716
0,0.15486490435023584
1,0.8579768807856312
0,0.11527043517391468
0,0.08668873600081783
0,0.6944428538266663
0,0.11730359625444078
1,0.7000410322789216
0,0.25664102918615905
0,0.10110383617687443
0,0.10240610376506284
1,0.6827020876506557
0,0.11618978136562783
0,0.17929507376371429
1,0.6487959158834964
0,0.09956372358320661
0,0.23364138564683257
0,0.11710500456953102
0,0.5675443419254382
0,0.2752576597445099
1,0.8279671520133761
1,0.18479192761679722
0,0.08840643434577439
0,0.17081013543233214
0,0.17200760880049676
0,0.08881602053238595
0,0.10297828784154027
0,0.16517268926397222
0,0.5319495515358077
0,0.13758873036407285
0,0.11608831717112775
0,0.1668703724948211
1,0.5332949917326113
0,0.12377340381439286
0,0.15038154084236785
1,0.19723763628714847
1,0.3294093129816241
0,0.14118838339761897
1,0.6788624641344954
0,0.22294637423421362
0,0.11343828589583471
1,0.5722116688081009
0,0.5764519763737669
1,0.6378612313095426
0,0.15321858514298617
0,0.10655280921889525
0,0.21397442996603802
0,0.1737218226363028
0,0.08877467699251959
0,0.1498189641948706
0,0.2017945886503426
0,0.13076894136814168
0,0.16934714484198768
0,0.17489344545691723
0,0.12628544893847177
0,0.6603164184816402
0,0.11326932786339601
1,0.6788624641344954
1,0.7448381220119462
0,0.6993820471247574
1,0.1702697089312585
1,0.4970245768838052
1,0.14528755241410463
0,0.1865731927519131
0,0.121437059231381
0,0.10598197332384324
0,0.7604991919320866
0,0.12276603443518533
0,0.6542051447832984
0,0.29345718716574526
0,0.15364425748959254
0,0.09939097726326553
0,0.09948413738472144
1,0.65462314995517
0,0.1991796002916834
0,0.572856202217887
0,0.15085394561060622
0,0.12175486802174375
0,0.18394906035015895
1,0.5859858792575273
0,0.0965547837780349
1,0.9687485231217032
1,0.7479802215887084
0,0.17571381755533086
1,0.2770583042836519
0,0.10703656793129133
0,0.2676956715980397
1,0.24420824467743862
1,0.3212365547560788
1,0.3065932363807564
1,0.8838150940997935
0,0.7426469041332399
1,0.30121557469665
0,0.09492411829967695
1,0.877491907347527
0,0.22067086522393325
1,0.6771134264272703
0,0.131012042768571
0,0.13631032310486785
0,0.15841667317226782
1,0.46975704362898624
0,0.11521983065025417
1,0.189950464706688
0,0.10343724130878758
0,0.07523433414303661
1,0.7998726744236508
0,0.08877467699251959
0,0.6824661406036052
1,0.6848461191870795
0,0.5986494842240312
1,0.41664576995422276
0,0.14229415077867383
0,0.2635075244782445
0,0.20405640103333056
0,0.131158892509752
0,0.11286234237782447
1,0.14833119941830203
1,0.11858322118380188
1,0.6935550557877748
0,0.22193628644135244
0,0.7332856553815909
0,0.15348813759679517
0,0.09963615377855548
1,0.22378391743255632
0,0.1575615890746277
1,0.5557030555418678
0,0.10771898278168773
0,0.12268733769147623
1,0.09511198184050644
1,0.4203508272425068
1,0.7167533102420939
0,0.1332082155738984
0,0.11119096653792676
1,0.7337202026406302
1,0.2858058608449299
0,0.11538482836678479
0,0.14327347759899192
0,0.15632863797589522
0,0.1328932746399691
0,0.12005230783892093
0,0.12872276753629333
0,0.09580956037961524
0,0.1028808081059209
0,0.12153759070053738
0,0.08568898623844835
1,0.16391886846145845
1,0.7553975414736741
0,0.13032408805219317
0,0.07318103172065424
0,0.14657338155229896
0,0.11856421083796254
1,0.859929834131469
1,0.9296903425609434
0,0.09829710027526713
1,0.19339582207867947
0,0.09151681364485156
0,0.11440736565125972
0,0.2212575548636045
0,0.5023957614230843
1,0.5091507103117294
0,0.10926466807327842
0,0.10465083453569642
0,0.1527208663150112
0,0.10327385656737009
1,0.3438246533377831
0,0.11770103041661946
1,0.13858217261657965
0,0.10112424682097554
1,0.3136925652803457
0,0.12043283450201663
0,0.1102916264336181
0,0.14108001751708513
0,0.13270442300405222
0,0.10219459142320594
0,0.1353335748839029
1,0.7070831437598699
1,0.7011103223586811
0,0.1366492757781875
1,0.12461359806467001
0,0.11334967771147006
0,0.0941144504521664
0,0.10090221971906933
0,0.14317136006815454
1,0.16581905466153546
0,0.07771006929583307
1,0.5649092292001782
0,0.10323132230922906
0,0.12550234311641228
0,0.08404737414381992
0,0.5850180060251767
0,0.14218810070647503
0,0.11198293993740085
0,0.12770700347006816
0,0.09665250234402598
0,0.14769863329149693
1,0.6632387932909964
0,0.12010531794866781
0,0.08033952466834403
1,0.8090836607638379
0,0.2255144398791336
0,0.10602794296141636
0,0.12675391220584203
0,0.1915694481419074
0,0.1009789778812843
0,0.17590397465489574
1,0.6288336234130238
0,0.10179172895268093
0,0.14267191756905506
1,0.6010578396801136
1,0.9127709312547339
0,0.18115425669581695
0,0.14593870818194052
0,0.09974252487537266
0,0.13278225065060212
0,0.15879534288373376
0,0.19002045460100578
0,0.20714574726748414
0,0.086388383241089
1,0.7092726907209361
0,0.7244007715746671
1,0.7321070397509092
0,0.4770933643285464
0,0.16920333807938642
0,0.10295802563669589
0,0.07771006929583307
1,0.16027388799294726
0,0.08551653102682487
0,0.5543233709320073
1,0.7429712800056036
0,0.14902911927401477
0,0.2547608006864583
0,0.113415778205607
0,0.14372403005749912
1,0.35125096534142736
0,0.11657358992090917
1,0.11127765640913981
0,0.11803581319829544
1,0.2229943638664876
0,0.14251895664296624
0,0.14259589019898292
0,0.15313381763152684
0,0.11026355168639507
0,0.12589192447607578
0,0.11113031264804092
0,0.2113317470637533
0,0.1286831573569555
0,0.15054791184982572
0,0.11308953082700185
0,0.1462257142104758
0,0.15503551222810003
0,0.1355184323534319
0,0.54737276890702
0,0.19235368184133983
0,0.12800906364914097
0,0.31551892514886176
0,0.2005029304168858
0,0.12866792013241596
0,0.13352857587301034
0,0.10016299567328951
0,0.4721198658887626
0,0.10693149479082813
0,0.13689963003422395
0,0.11302304772804482
0,0.14624598124278723
0,0.1501211896530883
0,0.15861861384430107
0,0.13254651571537124
0,0.1609431392024811
0,0.10263515786764922
0,0.10717500368606171
1,0.9179516348036015
0,0.3768254848054795
1,0.7236881435212319
1,0.5282310565008668
0,0.19464397115301046
0,0.0869982725659393
1,0.15424441032137826
0,0.2841669796296139
0,0.11847048110568262
0,0.2087630063345287
0,0.6349201552218277
0,0.12051341960174178
0,0.12514021548319929
1,0.7444496281540833
1,0.34562179344642485
0,0.09476653132888758
0,0.08877467699251959
0,0.35812642931844113
0,0.2242076634539992
0,0.1323537993547559
0,0.131158892509752
0,0.5357556957544197
0,0.10906219738966642
0,0.16389360356611207
1,0.7864995036134244
0,0.13341704104083058
0,0.5938326904445838
0,0.10533506051681221
0,0.2312141588127362
1,0.11494490890763767
0,0.08877467699251959
0,0.08877467699251959
0,0.11346573018857985
1,0.2509203269355934
0,0.30784386145453296
0,0.10690606947851866
0,0.18249868901258035
0,0.193741243345229
0,0.10457882497746644
0,0.6669808632236388
0,0.25013179240542177
0,0.5736364807810366
1,0.7349229748828393
0,0.13567626747753997
1,0.9357296824912644
1,0.268999762777323
0,0.1399603552535616
0,0.48264804160028296
0,0.16331174737312565
0,0.11778314875067561
0,0.10209389014961304
1,0.22482087719347557
1,0.12801504576291975
0,0.16521491683883935
0,0.09566779412954385
0,0.13055521196620207
0,0.5315518811516907
0,0.1054510965154722
0,0.6788624641344954
0,0.13217513743927656
0,0.11439584066699385
0,0.08877467699251959
0,0.30458198114663515
0,0.19848406862779935
1,0.1866538120927013
0,0.10522113217048519
0,0.10240610376506284
1,0.8851207786515516
0,0.14878343604200575
0,0.18019999199223963
0,0.1209406328383113
1,0.5974514607126482
1,0.16247223938918223
1,0.9607488294905343
1,0.8389378776127128
0,0.12031416109654987
0,0.09049527516377165
0,0.29935085297169023
0,0.19991777465940017
0,0.14951455608074288
1,0.31759894008922784
0,0.10465083453569642
0,0.19325966402597075
1,0.7337202026406302
0,0.5121694666075733
1,0.21619464630764712
0,0.19325966402597075
0,0.1272644641261611
0,0.5407890400793381
0,0.10882966103889659
0,0.09185326311915644
1,0.6484574816928729
0,0.11940618427526752
0,0.13695906478902303
1,0.6700258963633314
0,0.11360972297279916
0,0.11411175332533666
1,0.08250411927614237
1,0.9537770391749845
0,0.5676635055824929
0,0.06740740280458725
0,0.6270194018961631
0,0.16603082375415812
0,0.21131430254711744
0,0.11026355168639507
1,0.442765826501304
0,0.6277227060622167
0,0.19916523652797863
1,0.20797894330819344
0,0.1189664292434888
1,0.222092068725783
0,0.2656030638464304
1,0.10713340661376251
1,0.20628248612374223
0,0.08425033499828319
0,0.08877467699251959
1,0.09284578338337353
1,0.1418941963723991
1,0.6830196352623787
0,0.14216646470442817
0,0.11520670886900977
0,0.2221483553940948
0,0.10925313824171004
1,0.32276749010548955
0,0.19287806047401101
0,0.1028808081059209
1,0.8153424135874847
0,0.3869675122135479
0,0.2658183418646681
1,0.4670699764664718
0,0.1009978447996699
0,0.1760912739899498
0,0.5874878744381272
1,0.16041306780738096
0,0.15480435337392184
1,0.1395449809780074
0,0.16973869632545388
0,0.11770867835566227
1,0.6739821414349001
0,0.6645487734068848
0,0.1591168251333202
0,0.11848277373807471
1,0.7024422787846796
0,0.1411787188210778
0,0.12685042620709217
0,0.11198293993740085
1,0.4765316000040395
1,0.9392277313116097
0,0.1634403302848006
0,0.13686924716039645
0,0.13353109777671224
0,0.15329584835902438
0,0.08877467699251959
1,0.9552921906901362
0,0.23703931123226846
0,0.17205201910508713
0,0.15057903110467943
0,0.10157351925979653
0,0.1739540629796966
1,0.7996694755590494
1,0.22425416898428951
0,0.10882966103889659
0,0.09511198184050644
0,0.12599098413309595
0,0.6096099069176855
0,0.14046949618556379
0,0.11905919284878401
0,0.2820016104519336
0,0.7415661844079632
0,0.5575698283367696
1,0.6788624641344954
0,0.0998995268325494
1,0.6091354915419134
0,0.5051780005988612
0,0.4358579793914137
1,0.8156825614822673
0,0.12633465550773515
0,0.22515114599063468
0,0.08877467699251959
0,0.11286388137800422
0,0.12940488848887727
0,0.1315324634410557
1,0.5488247235671597
1,0.8670525530538514
1,0.5761714810385574
1,0.6451295387741599
0,0.11832070254611299
1,0.8696389935881303
0,0.12372455481326307
0,0.6154551028571325
1,0.11998829815354682
0,0.11897020458204803
0,0.1465602864037801
1,0.9313847588415327
0,0.5604512126448863
0,0.1451126965917316
0,0.5874878744381272
0,0.17703462226196104
0,0.11759223152645225
0,0.08877467699251959
0,0.11828374404686597
0,0.11198293993740085
1,0.2171818657657616
1,0.9252687742571465
0,0.47199423412624214
0,0.2016995912678285
1,0.1248668744062324
0,0.10703656793129133
1,0.6831096911868347
0,0.2494472374832637
0,0.13380749531656744
0,0.11420486194902774
1,0.4980659620920104
1,0.48067779763460133
0,0.13181442002448202
1,0.927077669483313
0,0.12953564825232983
1,0.19690471573433047
0,0.5919256180219131
1,0.7671159226349635
1,0.97781287711304
0,0.15697621751196242
1,0.15161833325913565
0,0.1298389452425268
0,0.12587839627472552
0,0.08668873600081783
0,0.19422326480615215
0,0.08877467699251959
0,0.10920402736130418
0,0.20194949512134736
1,0.39781489800372427
0,0.13216035426873307
1,0.946201281599227
0,0.1014170293474845
0,0.17555725038276937
0,0.5339415269378138
0,0.09329452496058456
0,0.15042579535791237
0,0.13967251344297812
0,0.8536378868846752
0,0.11856421083796254
0,0.674978785307495
0,0.1243765698673688
0,0.1346985306531155
0,0.13964160699976452
0,0.1343245339495663
0,0.2275055911527157
1,0.20060938327472955
1,0.14109003129127504
0,0.18623389999463533
0,0.20369096913173415
0,0.09740998714137494
0,0.30965031046409386
0,0.4098642575882765
1,0.6500197593719219
1,0.6460289197709961
0,0.11470824148870153
0,0.11985286947707606
1,0.44772524788536583
0,0.11358533391476482
0,0.1139377910499409
0,0.133171163186788
1,0.6623500751602996
1,0.6886974342514963
0,0.1468271534696816
1,0.18196049957658858
0,0.11218811997024496
1,0.19862056354614854
0,0.13440919668854334
0,0.4120843277806767
0,0.11219191513041808
0,0.13967925831942254
0,0.11230165359250859
0,0.18001252094976045
0,0.11198293993740085
0,0.13837833956439233
0,0.11813468927241813
0,0.09777341234067749
0,0.1502865779899077
0,0.11084091159474431
1,0.17000425094511318
0,0.1422079913993302
1,0.7546284638410731
0,0.12213512542495357
1,0.15107361765868532
1,0.16690127155473364
1,0.2223276937145316
0,0.16362805166999672
0,0.12984769837698223
1,0.6915351141742211
0,0.13584264747107305
0,0.2699610449713536
0,0.13365851955986044
0,0.11577489666613942
0,0.08531068076827714
0,0.5501546448327795
0,0.11942839621320958
0,0.20354742428470285
0,0.10874515382771342
1,0.4316199591091307
0,0.11201049523901342
0,0.14153219207269185
1,0.2278451976053983
0,0.1429899924347584
1,0.6963940642258218
0,0.12973289398774576
0,0.5004488046513565
0,0.15928876511538442
1,0.15846371716680413
1,0.2651540387281995
0,0.7208225403869453
1,0.10882966103889659
0,0.16395106751949354
1,0.2707641554644472
0,0.23703931123226846
0,0.1684157531112264
0,0.12675639644838926
0,0.4827042406976571
1,0.9074466653243196
0,0.1713213140822496
0,0.127088022920603
1,0.6393242538420062
0,0.12392098087046179
0,0.0869982725659393
1,0.3222705305209909
0,0.11799965911069271
0,0.12487084708346773
0,0.4770933643285464
1,0.3079243340679742
1,0.7166339941788247
0,0.14415686802825486
1,0.8932024458784498
0,0.10921791470504505
0,0.6984439215743078
0,0.131158892509752
0,0.1329935677433927
0,0.6401004409715039
0,0.09642999409467307
0,0.14145490160719335
0,0.14227161413360817
1,0.7171821875080961
1,0.7412508065935886
0,0.08962522825948752
0,0.21614847072979856
0,0.11043380118331902
0,0.5103922691780298
1,0.35676120738637046
0,0.12408899397153912
0,0.1069953980956903
0,0.10063390065362206
0,0.10906669022048353
0,0.11173577083436455
0,0.11544150805223866
1,0.16069380085255464
1,0.7373068975448823
0,0.10713340661376251
1,0.7302371788009404
1,0.25131395744884094
1,0.7084899960552306
0,0.13104047901991603
0,0.10951540258072118
0,0.5081782229533016
0,0.7269284808586581
1,0.18071710240718467
1,0.6669808632236388
0,0.13922591925356467
1,0.5850180060251767
0,0.131158892509752
1,0.20696092860988125
0,0.12955874977627302
0,0.5413042873598003
0,0.48298534927963993
0,0.27527698799504197
0,0.5133604553550336
0,0.2191859770950767
1,0.8133242556701963
0,0.10849075439168737
0,0.09150333108184593
0,0.11884639107097716
0,0.11759223152645225
0,0.1742208795427024
0,0.1375656055369886
0,0.14699555574996642
0,0.08877467699251959
0,0.1728821237127873
1,0.5734940239695638
0,0.11963104332458259
1,0.4321219422164097
0,0.09665250234402598
0,0.11620113058215928
1,0.17575624320668257
1,0.6513914336110667
0,0.08877467699251959
1,0.11608361535658701
0,0.13348798433030376
0,0.09420216433681342
0,0.30239452765012037
0,0.12712022095000128
0,0.11322703750145717
0,0.15438563989744997
1,0.637077119396395
0,0.5965746253081429
1,0.10292776979490167
1,0.15538832777077777
1,0.28081699675510563
0,0.2254339984213955
0,0.7616279182550838
0,0.18378082193210094
1,0.20621725820662798
0,0.14523802920761256
0,0.11604502416382283
0,0.12447980391229502
0,0.10760811095462057
1,0.963062014042733
1,0.5231110383532467
0,0.1254883444398178
0,0.1568368982337741
0,0.1332302143892936
0,0.11720983051568906
0,0.10713340661376251
0,0.12066510911445896
0,0.13789679314342337
1,0.5874878744381272
0,0.1441844240036216
0,0.19891497511672396
1,0.9077155562573256
0,0.10371834537336713
1,0.3192426848679042
0,0.12432307836576464
0,0.6272983649261694
1,0.7112231108573689
0,0.13215378957088475
0,0.17839599353490557
0,0.10388616523702472
0,0.1406224049841973
0,0.1302067221356635
0,0.07771006929583307
0,0.2061504999134353
0,0.1510584364137101
0,0.12192275636256658
1,0.8704680493777377
0,0.16032435974733905
1,0.9815981660221157
0,0.11595860520476582
0,0.10974333368299409
0,0.09665250234402598
0,0.11169850835030859
0,0.10240610376506284
0,0.08877467699251959
0,0.11395731425712331
0,0.22101515164682328
0,0.8203079032518503
0,0.12803890843754978
1,0.7495379366547309
0,0.1652343911408534
0,0.13702045879467709
0,0.11781925362467058
0,0.11420486194902774
0,0.7721561922799348
0,0.1657269249481295
0,0.1786724926081402
0,0.15481740562903434
0,0.19632414245730254
0,0.24618521856369796
1,0.6740885228103292
1,0.6564124745344094
0,0.15934340118406445
1,0.41661029209016737
0,0.12032966116603941
1,0.6579123760922279
1,0.5257243962668116
0,0.11265373891721098
0,0.15227945195109066
1,0.906850703882903
0,0.14890800444619454
1,0.17195875154462403
0,0.5276802137161295
0,0.1254397866977223
0,0.11946733461572305
0,0.6788624641344954
0,0.09102538852811923
0,0.1142241783809763
0,0.07276803788917238
0,0.14713244604418266
1,0.8756428902754159
0,0.12986528947580459
0,0.6789113461893667
1,0.17324088996154544
0,0.08877467699251959
1,0.16333798064349786
0,0.10465083453569642
0,0.10687799923020731
1,0.7321904513123306
0,0.10754363595571785
0,0.130525785772416
0,0.48298534927963993
0,0.10404778837389035
0,0.18289027780278103
1,0.8972062661278226
1,0.6788624641344954
1,0.48975440269432063
1,0.15636696799614191
1,0.9159426995482582
0,0.15473506012293947
1,0.2053508858578683
0,0.11877029517431557
1,0.6168769120278056
0,0.6997427381839504
1,0.7137660883760969
1,0.6577603065734262
1,0.1415913321529652
0,0.1530777629741221
1,0.5874878744381272
1,0.6634575377516093
1,0.7031605672030914
1,0.5922262855048669
0,0.13691812784295834
0,0.16839472364354313
0,0.12071623406178343
0,0.12770206819537172
0,0.14474828270888238
0,0.11331943123085347
0,0.13611390667424467
0,0.26313365416909196
1,0.2509203269355934
0,0.1298465635515538
1,0.12734641687410725
0,0.1514672178812416
1,0.9084569552185371
0,0.14808753966334162
0,0.18019999199223963
0,0.24319226383583248
0,0.17597897141507968
0,0.17910822505929486
1,0.8822149808562364
1,0.34382183864761334
1,0.16922935368867584
1,0.7321904513123306
0,0.09601920695977259
0,0.14207513146060688
0,0.21125734351663714
1,0.9852095919953062
0,0.14101123973947327
1,0.4959192641310663
1,0.7253699488800054
1,0.19296344509360944
1,0.7887133265051433
1,0.5907398587705107
1,0.6788624641344954
1,0.9118121243908703
0,0.15606489014908673
0,0.5991520006165645
1,0.18528811894708727
0,0.5298494766342978
0,0.28658087619442163
0,0.12099225306486062
0,0.1493993385100096
0,0.1640251792872725
0,0.10013067096581957
0,0.1361589136252974
0,0.1899441689453331
0,0.1133056646018165
0,0.1346368327828634
1,0.12609876170251397
1,0.8829172914898756
0,0.1676346985332436
0,0.10882966103889659
1,0.8785365025466894
0,0.2252951050845389
1,0.1782388668461478
0,0.12628544893847177
0,0.10713340661376251
1,0.7180919385471605
0,0.1627611748550373
0,0.40011679298430336
1,0.14915588670406685
0,0.19474370332953633
0,0.13498922471255756
0,0.10526407655709294
0,0.26439181343370566
1,0.8972062661278226
1,0.12123953772716382
0,0.14154386008301842
1,0.6722054649015692
0,0.15171251720987977
0,0.1169381850461987
1,0.10526444563371305
0,0.07771006929583307
0,0.120753634564793
0,0.1275405195524087
0,0.16937102470402554
0,0.20623899178376093
0,0.6242432260739703
0,0.1628148978450097
0,0.09238662189070812
1,0.7408384662439902
1,0.5796531922647283
1,0.41791763200809395
0,0.14062458216980167
0,0.1139377910499409
0,0.10964613209214358
0,0.12266728400578444
1,0.7031605672030914
0,0.1392502711874721
1,0.614365092247888
1,0.9212173364148015
0,0.12096808244280917
0,0.14350470500942994
0,0.6272226837797543
0,0.22825013370351344
0,0.1069953980956903
0,0.13266455629828888
1,0.9097229632005843
0,0.19506420193506777
0,0.13789679314342337
1,0.7187052460880882
0,0.096068798917076
0,0.11159169558897408
1,0.6788624641344954
0,0.10480667218136802
0,0.6461869419065519
0,0.3355346697705053
0,0.12614439398747307
0,0.1472529022186889
0,0.1353335748839029
1,0.9607488294905343
0,0.09791506364641284
1,0.8972062661278226
0,0.10263515786764922
0,0.1308621251532967
1,0.18770410383042688
1,0.7574170100202646
1,0.9271013754859087
1,0.18852816744163592
0,0.10395535625462396
0,0.1041532535733791
0,0.1054510965154722
0,0.08992905731650798
0,0.10760811095462057
0,0.1468271534696816
0,0.13876852096246278
1,0.6901150862336134
0,0.11177613685909431
0,0.1054510965154722
0,0.25446929228948467
1,0.9842216372343181
0,0.11289622138790405
0,0.12681747343529107
0,0.11764108040088549
0,0.17396421030264994
0,0.3187070220245113
0,0.13254953469612088
0,0.12700829640148883
0,0.09247367584082579
0,0.19063035384514498
0,0.14417984582017876
1,0.9266387734003552
0,0.6564008975574148
0,0.14111728370225468
1,0.7299885031578618
0,0.270587405638587
1,0.1619023838045668
1,0.6583951960070236
1,0.6750389665331129
0,0.09511198184050644
1,0.82971107894495
0,0.12143408058164935
0,0.19596844836876393
0,0.12661140796917275
0,0.11355463484328189
0,0.5688093545373074
0,0.12673092647690504
0,0.6756506168283115
0,0.6732179679380247
0,0.11687305452529965
1,0.9967741935483871
0,0.36369961367752013
0,0.18080080794767317
1,0.2891600332776278
1,0.10829012869216505
0,0.11824802452194938
0,0.1498364252539226
0,0.14430591861491424
0,0.14112469824000382
0,0.11960679735720861
0,0.12197557088765926
0,0.12654836410093523
0,0.10192382904357931
0,0.7337202026406302
0,0.13176537029691096
0,0.11074237846581063
0,0.11539855605357988
0,0.1482421437836575
0,0.9167366389427644
0,0.15681950819280518
0,0.7450167380644599
0,0.08404737414381992
0,0.445579300261878
0,0.210003959018666
1,0.9513557133837248
1,0.20645692840402835
0,0.15627500258551222
0,0.09181751091510178
1,0.5287988835937419
0,0.6827020876506557
0,0.18157745735623465
1,0.13745139508971319
0,0.11322703750145717
0,0.11200421850959183
1,0.6154551028571325
0,0.0791577104473611
0,0.30227289827820836
0,0.1373500566351583
0,0.14890770446096616
1,0.6231979841554485
0,0.6200286399668061
0,0.14032325156397502
0,0.07814021363459459
0,0.16217534493362729
0,0.15372875212146783
0,0.317738471860671
0,0.18362999184861342
1,0.749932081671206
0,0.1122497164447901
0,0.10132827373917079
1,0.9296903425609434
0,0.12005230783892093
0,0.09162635718780618
0,0.11628829070486285
0,0.11750733314424533
1,0.2466617147252655
0,0.1652659528037243
0,0.12092080679688391
1,0.1326261169760023
0,0.6889776456289249
1,0.6788624641344954
0,0.08877467699251959
0,0.13465713757140077
0,0.5428769335739705
0,0.10076966157888295
0,0.08404737414381992
0,0.11026355168639507
1,0.19551635948904333
0,0.18323953575706356
0,0.12801560007522542
1,0.9405998123613941
1,0.2144517642085162
0,0.12685593615109897
0,0.12232436224286565
0,0.09169989900277618
1,0.4980659620920104
0,0.14115886279425785
1,0.2107885966674733
1,0.6545939964992556
0,0.1994926429969241
0,0.17327935822502366
0,0.19540436710409476
0,0.17895083718400778
0,0.11963343669218043
1,0.5539816409630453
1,0.9252687742571465
0,0.11784257840167181
1,0.08250411927614237
1,0.16391886846145845
0,0.110439894815234
1,0.6736785839212942
0,0.1177561691974666
0,0.7321070397509092
0,0.45668867316616973
0,0.11407712324420129
0,0.632946858564908
0,0.20380628462769948
0,0.15383032784424164
0,0.4039469825638637
1,0.16528646129195598
0,0.11095010652944526
0,0.3119569445108913
0,0.589791947349343
0,0.6479295600025149
1,0.42414854197749646
1,0.6759576338058993
0,0.12645198407416625
1,0.23231549722103215
0,0.16559419446396684
0,0.13846778863327353
0,0.11431141784553642
1,0.37414265891512427
0,0.169444030408487
0,0.13647927620456687
0,0.13259926254938628
1,0.4264467134650852
0,0.1455601388402155
1,0.7268553056539357
1,0.15546192131833075
0,0.1635775519587734
1,0.12461359806467001
0,0.11396197579930163
0,0.08352439163065001
0,0.10981273175599973
0,0.10882966103889659
1,0.1321949468154995
0,0.5867831260216565
0,0.12197557088765926
1,0.23721358803381995
1,0.7074382706082449
0,0.24870327867873349
0,0.12380253791410306
1,0.11683292143993704
0,0.09282155754033819
0,0.15050830004332927
0,0.17167907323218284
0,0.280246297816566
1,0.8953516125284098
1,0.6594302695412402
0,0.34382183864761334
0,0.2127631036189589
0,0.11228391596759693
0,0.17445230182677401
0,0.11075130234866071
0,0.1887071199138993
0,0.11541813986427432
0,0.11560721906537462
1,0.6913834815890738
1,0.9607488294905343
1,0.9537770391749845
0,0.18669808661532306
0,0.13488705544774543
0,0.14753020792245
0,0.13566926585064965
0,0.13367513370644968
0,0.10723291312390053
0,0.17952685133192509
1,0.1391035161342363
1,0.5933226727473789
1,0.7213236629018176
0,0.13259211422012918
0,0.7228232895387883
0,0.2425072460395763
0,0.16057463737260616
0,0.19134706719863573
0,0.08798848176657331
0,0.09511198184050644
0,0.1639740888138468
0,0.11716584141568756
0,0.11141324698262951
0,0.1089329996708929
0,0.12981560525422778
1,0.12881272564503435
0,0.690193141148381
1,0.6787741256240098
0,0.29714326845628547
0,0.12107978542504004
1,0.8914587256562326
0,0.144600306372845
1,0.12411979457470489
0,0.1649266896932421
0,0.1491732767600036
0,0.9534570563351644
0,0.09474315766616467
1,0.6827020876506557
1,0.9607488294905343
0,0.1315751973280655
0,0.12107534754616081
0,0.5711868156462386
0,0.17910732195504825
0,0.10871605224676248
0,0.1654903746597632
1,0.1391035161342363
0,0.15453972838716046
1,0.8662487376727072
0,0.7171447166554136
1,0.862477637708667
0,0.22570817397896492
0,0.2017945886503426
0,0.12889136450378677
0,0.14168388096641402
1,0.19432153754806997
1,0.7188241902018754
1,0.6505222062614474
1,0.658937342024174
0,0.12256921109663817
0,0.1242735998520079
0,0.11174208669071461
1,0.31625692403834554
0,0.12675503034792238
0,0.10809490584677864
0,0.1948796600437837
0,0.20632611741129553
0,0.2314007762868429
1,0.6736785839212942
0,0.2964757313258866
1,0.6788624641344954
0,0.15610143146163327
0,0.08877467699251959
1,0.13928378990109022
0,0.1905559580031039
0,0.08072336819805193
1,0.6639356024052435
0,0.08358649163991964
0,0.09359306376427953
1,0.5734686668499391
0,0.10493338151472552
0,0.12234543378023634
0,0.10915252880794327
1,0.9247813678164618
0,0.07771006929583307
1,0.7488448892187081
0,0.09665250234402598
0,0.1780790361180996
0,0.10332435886733825
0,0.5053918387853884
0,0.5515236122041044
0,0.20380628462769948
0,0.12981560525422778
0,0.11977818924466382
0,0.11301447405441524
0,0.0962048278835438
0,0.18442177847962263
1,0.10358669215294418
0,0.6031946528601155
0,0.10844894672886216
0,0.10342478992824918
1,0.10713340661376251
1,0.9016954689180077
0,0.1929857731057247
0,0.6059890142933639
1,0.4876347296653399
0,0.10760811095462057
1,0.46873525905861146
0,0.09665250234402598
0,0.09904263409838711
0,0.17230340632359697
1,0.9198795913476332
0,0.10918540712633136
1,0.47890403387437425
0,0.6814225367984008
1,0.7098516469538926
0,0.13576341690761334
0,0.10697120550160891
0,0.14257110963435202
0,0.10764694933282744
0,0.16649915961883457
1,0.17051706422484547
1,0.5604058719160587
0,0.2390987418486134
0,0.1288638632945579
1,0.8681502057384207
0,0.5534685708232255
1,0.7155281362334369
0,0.12088324676692068
0,0.1156212614805736
1,0.5144752030889194
0,0.11026355168639507
0,0.1283176414893946
0,0.5586894375496567
0,0.7367072981267392
1,0.14709603579411415
1,0.12100911202612039
0,0.11022887792920885
0,0.08877467699251959
0,0.1250648472215631
0,0.14553018129251588
1,0.4954605068324494
0,0.11420494206227419
0,0.11768529717750814
1,0.9868451795813006
0,0.111294422047
1,0.6307607589423292
1,0.9108611155372771
0,0.09301686549563094
0,0.13032370259779072
0,0.1037745581626142
0,0.2465748725560082
0,0.12659778923929393
1,0.2452567787824669
0,0.16172168462733397
1,0.24455883161960254
0,0.12800906364914097
0,0.11018791550827296
0,0.14133786157338035
1,0.11809294512325795
0,0.6546087033708211
0,0.12476094952955388
0,0.09993036861226637
0,0.1412762415719092
1,0.9251699771950077
1,0.9169683937723265
0,0.1080554235597653
1,0.985078151457237
0,0.09665250234402598
0,0.11989373673589773
1,0.7363342804506603
0,0.17804190865092062
0,0.11820417968791418
1,0.6429981200457662
1,0.6828757432087373
0,0.11098447608166459
0,0.1166818877976049
0,0.12690588876752862
1,0.68762507361715
0,0.4498852692125379
1,0.09511198184050644
0,0.08877467699251959
0,0.12112868517621173
0,0.1144965033673944
0,0.13440919668854334
1,0.8972062661278226
0,0.561773299793108
0,0.11893907275092219
0,0.15533859803229078
0,0.1483879408523841
0,0.130525785772416
0,0.08946480325943366
1,0.21828844828072552
0,0.13665298327171538
0,0.14547210278194464
1,0.2299633104428213
0,0.10713340661376251
0,0.15451691447093643
0,0.12670868979461533
0,0.6632387932909964
0,0.10874515382771342
0,0.1054510965154722
0,0.15998402834826686
0,0.09777341234067749
1,0.7005564468309843
0,0.09511198184050644
0,0.24366669188488055
1,0.8331970527818118
0,0.13380022732918298
0,0.14340937154638156
0,0.14926339147480902
0,0.11246066163935431
0,0.10449293646376445
1,0.7117190615093518
1,0.13650295318880334
0,0.13652686824911142
1,0.11230165359250859
1,0.6532749627368176
1,0.2679624461901127
0,0.15270674464134276
1,0.7107422741050337
0,0.13328627800136916
0,0.12763594538600198
0,0.19585308907334167
0,0.2429223728812986
0,0.28247837794273506
0,0.39436320142506126
0,0.24437448488220354
0,0.09187519203889132
1,0.6740885228103292
0,0.12107978164926157
0,0.0945227014353926
0,0.1424322378589975
1,0.8838150940997935
0,0.20453311830222481
0,0.1142157345488166
0,0.1303544240808267
0,0.18086618521760198
0,0.13584264747107305
0,0.13301369062530524
1,0.9852095919953062
1,0.6272983649261694
0,0.1567372282169147
1,0.7042420045087531
0,0.11869831259998577
0,0.08877467699251959
0,0.11676180633511112
0,0.14517914214844166
1,0.1767529822181141
0,0.12628544893847177
0,0.47199423412624214
1,0.839674176177043
0,0.08033952466834403
1,0.2237470770826149
0,0.15560513336940887
0,0.2744741764165801
0,0.11701638066389262
1,0.9381855152197424
1,0.9607488294905343
0,0.661002102027895
0,0.15109750232167987
1,0.48297368337486846
0,0.11781925362467058
1,0.27590034324769835
0,0.15171623655926061
0,0.09583649158370679
1,0.7358491755270754
0,0.22996099827532795
0,0.11201452800120258
0,0.10970810800418539
0,0.11686744087661492
1,0.8568181537670007
0,0.11301427776357204
1,0.1145241630293909
0,0.12639088853875946
0,0.45764015221116205
0,0.12241507298989944
0,0.13648026324569984
0,0.0969863395737361
0,0.09611758404051783
0,0.11322703750145717
0,0.34382183864761334
1,0.6788624641344954
0,0.12486014555518608
0,0.11534886947287201
0,0.12123953772716382
0,0.12514018105010752
0,0.13698937076014187
0,0.1528752648768007
0,0.09122343215674844
0,0.15044677367426637
0,0.12011585697664058
0,0.18025629430069115
0,0.18369821436722544
1,0.2704670350541733
0,0.22659745216061103
0,0.10325086353642614
0,0.2748746343876519
1,0.13680193669127125
0,0.08629894183972313
1,0.12570876871536027
0,0.1367401284358412
0,0.14311171973683795
0,0.16212508724145658
1,0.9398644621982852
0,0.6401004409715039
1,0.7118218516084144
1,0.4764460506238875
0,0.0849959202117227
1,0.7929181112108413
0,0.11334967771147006
1,0.8913221136343747
0,0.3437988491690956
0,0.11759223152645225
1,0.4271669633695657
0,0.18546342987274642
0,0.13688493184133982
0,0.15372875212146783
0,0.16621637224330688
0,0.11208448659958099
0,0.16544914062844934
1,0.1855767191547029
0,0.3829637258113667
1,0.5208642689726892
0,0.10861619727721819
1,0.6052449151189044
0,0.08602049581990574
0,0.12357370032868009
1,0.68915377178478
0,0.0951459437397118
0,0.10550522582192963
0,0.10752539512347979
0,0.12628544893847177
0,0.08849554773058312
1,0.9398644621982852
1,0.9608052784636327
0,0.21067904329290577
1,0.2232931729565414
0,0.1421281488223479
1,0.1985152436557223
1,0.18925952894072665
0,0.08404737414381992
1,0.2853943856124791
0,0.11980580360676588
0,0.3173112466398386
1,0.7092726907209361
0,0.08425033499828319
0,0.6966839863667066
1,0.6594275672448043
0,0.6887241947816392
0,0.11622856934974225
1,0.865725831368321
1,0.8228657539730327
0,0.14948965078998785
0,0.0966256101876238
0,0.20848433544201894
0,0.28180967320812605
0,0.12123953772716382
0,0.15230718347263972
0,0.10364027300743514
0,0.12235994789096542
1,0.3134034506220452
0,0.5225672963797584
0,0.12202094210447939
0,0.6366722859111519
0,0.10929159361787823
1,0.8460558417666497
1,0.6630351742176437
1,0.2338008273481658
0,0.1084367164380897
0,0.13305124512616276
0,0.10271980617485318
0,0.11993727013897541
0,0.1312517687810618
0,0.7266486859480281
1,0.15458082144069601
0,0.1373127419801215
0,0.09166180845861302
0,0.18033857696970101
0,0.0884076977033598
0,0.1304930039098961
0,0.1716447949248716
1,0.7695028531289708
1,0.5747749966043274
0,0.10839795810143082
0,0.2237405493384624
1,0.7031567333996659
0,0.0895104380132738
0,0.1493993385100096
0,0.09247367584082579
0,0.16587254048975597
0,0.12009428481306546
0,0.19094893634754107
0,0.13277363216011473
0,0.1372870747297172
0,0.179176135850754
0,0.35502787357204746
0,0.1029190252093921
0,0.12715101183158622
0,0.1589347327691196
0,0.12201590634758235
0,0.10947285204873788
0,0.14650277032536013
0,0.1310782917580007
0,0.11607079159599781
1,0.8087317655901561
0,0.13302130654540142
0,0.19163716390453908
1,0.17090473910390963
0,0.456977795611137
1,0.18019999199223963
1,0.8308386167852135
1,0.17389232028440632
0,0.1020542188301115
1,0.54919815126327
0,0.12068215757186221
0,0.08404737414381992
1,0.18747477292968326
0,0.09850100692650736
0,0.10882966103889659
0,0.16632735182665878
0,0.13213687820525877
1,0.17734456942002283
0,0.1382413487274271
1,0.7714751284593475
0,0.1406224049841973
1,0.15107739897450176
0,0.9222872910289958
0,0.0877032181338502
0,0.0925237453504389
1,0.7616028737056477
0,0.09654350325793405
1,0.7085214311347147
0,0.1741956091757593
0,0.12628544893847177
1,0.7690634329220546
0,0.11957109542175881
1,0.8564651739773939
1,0.8020848616704987
0,0.5382831692020548
0,0.13760361825648815
0,0.13620687926895692
0,0.13541870840359388
1,0.9802962951824811
0,0.17432132726232552
0,0.16354477662762731
0,0.13121448631156263
0,0.10732627289024455
0,0.2844115550441268
0,0.2685418796711011
0,0.24424301534555543
0,0.1301111160918509
0,0.09958396594561918
0,0.5102459856038293
1,0.2000393826854501
0,0.0925237453504389
1,0.12951465969902579
0,0.22662490433459662
0,0.14595387816076483
0,0.14568508601974536
0,0.11055614966490192
0,0.13017001044329793
1,0.9405998123613941
0,0.17277852782281247
0,0.6802627254191472
0,0.16418200345211584
1,0.6169618981787803
0,0.130525785772416
0,0.1575615890746277
1,0.7233482589987311
1,0.7337202026406302
0,0.12344081719763748
0,0.08877467699251959
0,0.22336353837213385
1,0.7594639371148667
0,0.10388616523702472
0,0.2850657431079482
0,0.13047623108675568
0,0.20664923263278848
0,0.32986677260026576
1,0.6962275717682324
1,0.3094333052375306
0,0.31090979722158474
0,0.131158892509752
1,0.5781666630377515
0,0.12926319973463107
0,0.13598346379644485
0,0.17703462226196104
0,0.1262083828650362
0,0.6629177811819744
0,0.1431569927840022
1,0.8724054441178154
0,0.09346345692211487
0,0.1424496546691248
0,0.09993036861226637
0,0.19125903261050486
0,0.12840247945010222
1,0.5366446549277842
0,0.2243485142443841
0,0.10209389014961304
1,0.6669808632236388
0,0.12123520938396608
1,0.17853773646155952
0,0.5291516460434256
0,0.1288591006297165
1,0.5100519571459419
0,0.10263515786764922
0,0.10760811095462057
0,0.12263993414598992
1,0.7308241758896515
1,0.8967322257255123
0,0.15874758919409332
0,0.6344735458413833
0,0.11438538433476234
1,0.6230136468708609
0,0.639876570609682
0,0.13258600666886658
0,0.09206391017800723
1,0.9034861487246824
0,0.14562903096111185
0,0.19501525501848008
1,0.39359533665888746
0,0.11760108896190344
0,0.20263008725799028
0,0.1287201207165745
0,0.2065815480851948
0,0.1410547939088847
0,0.12935696541998443
0,0.23443138931185978
1,0.9967741935483871
0,0.11026355168639507
0,0.1208814380120311
1,0.6162680053191407
0,0.6563761368583629
0,0.10489176743703613
0,0.09866023363924056
0,0.20853522276448508
0,0.14362089348037727
0,0.09511198184050644
1,0.15708279270222078
0,0.09749745961542089
1,0.14882144551773083
0,0.12968184687565745
0,0.131158892509752
0,0.4451999446089269
1,0.7110440997741406
0,0.0877032181338502
0,0.1485613874241281
0,0.08877467699251959
1,0.8797461104550689
0,0.1304930039098961
0,0.10843480010732147
0,0.13543978755250854
0,0.5989366158866052
0,0.16062787542709273
0,0.09282155754033819
0,0.08877467699251959
0,0.12130102816431608
0,0.146180951216127
1,0.17599535782760217
0,0.4775859912130826
0,0.24415308641366149
0,0.19805463035010565
1,0.8928737304877145
0,0.12005230783892093
0,0.09777341234067749
1,0.6538871042770047
0,0.1294050706790386
1,0.9165151572619291
1,0.7189268587779513
1,0.8972062661278226
0,0.167292578575228
1,0.1470254666474943
1,0.9607488294905343
1,0.7523751358693919
1,0.3868602668050351
0,0.12546022102195586
0,0.11625046618999985
0,0.8902321311663337
1,0.6565345545609038
0,0.17173663486989177
0,0.31281276148562914
1,0.10471323455458123
0,0.1591077923756215
0,0.08960195990936261
0,0.4334494360995743
0,0.1468271534696816
0,0.15238944627747283
0,0.13162673178140363
0,0.13289231895533796
0,0.133881030608064
0,0.1506063981898491
1,0.7085373873499424
0,0.15592275214268095
0,0.690193141148381
1,0.19120018311110545
0,0.11322703750145717
0,0.5864018347002079
1,0.5141599952184606
1,0.5814240567091619
0,0.10984504660387163
0,0.18875868572738835
0,0.11756615730153858
1,0.1625588161219686
0,0.12304362969507407
0,0.08996860687199237
1,0.8450260062400522
0,0.6788624641344954
1,0.5297043122567939
0,0.1739540629796966
0,0.6788624641344954
1,0.7039918817194387
1,0.675757321229748
0,0.1643141950885672
1,0.6419144052495169
0,0.1405219362066356
1,0.7337202026406302
0,0.19884603170762893
0,0.25021664604996763
0,0.08847393247908653
1,0.4839378132662232
1,0.8972062661278226
0,0.16961706498639637
0,0.6510736808872271
0,0.15070845425320362
0,0.0910854372519551
0,0.10483462937034953
0,0.5410749812105639
1,0.673462424011242
0,0.11002603544582756
0,0.1243765698673688
0,0.599324546017271
0,0.15321858514298617
1,0.25953314360955454
0,0.13733958271944144
0,0.1493993385100096
0,0.5376294298134524
1,0.48357113061724444
1,0.759013337675177
0,0.13615859521282897
0,0.33075845300363627
0,0.1924603662499115
1,0.5974514607126482
0,0.1960711767971861
0,0.10932296676651826
1,0.8936822059844401
1,0.9614919518560592
0,0.2679624461901127
0,0.16313828827630933
1,0.2594603492900169
0,0.10774518313405998
1,0.7366964750643731
0,0.11026355168639507
0,0.15618349059725928
0,0.2303818618573311
0,0.18636970395387115
0,0.09282155754033819
0,0.11092966329468808
0,0.13394052693801486
0,0.7376774602058204
0,0.13694696781151852
0,0.11198293993740085
0,0.12563148054319281
0,0.6461869419065519
0,0.10925692188677873
1,0.40390315089326373
0,0.16503480051749944
1,0.8267392257856361
0,0.09511090388603906
0,0.12036288807580685
0,0.11160419111331683
1,0.35169379100845805
0,0.12102070028938657
0,0.13104962409080415
0,0.11322703750145717
0,0.1277528847484315
0,0.12722050201669946
0,0.11781925362467058
0,0.1406224049841973
0,0.14301602856814558
1,0.6459920572594599
0,0.29106701378065253
1,0.7271299961139143
1,0.7048598923515714
1,0.9614919518560592
0,0.12722076998428286
0,0.131158892509752
1,0.9677684967474713
0,0.10457549431495179
0,0.13800879239684843
0,0.1525403892121481
1,0.7167170545667988
1,0.6761509625226739
0,0.736853936087807
0,0.18640329148336146
1,0.11691113090227502
0,0.08558738397107782
1,0.6008595344676211
1,0.5999943693695858
0,0.12053020354181446
0,0.08664828361016773
0,0.14003949589178916
0,0.09941965709793822
0,0.3341179610123404
0,0.10080407917969622
0,0.26615388606791845
1,0.5689971139820224
0,0.11601606667432765
0,0.11035020979497578
1,0.18566144044099755
0,0.16137363353191433
0,0.07771006929583307
0,0.09682176601690805
1,0.6543100167021133
1,0.4559731376651127
0,0.12221395162202185
0,0.12833852574596227
1,0.7518079122318597
0,0.08877467699251959
0,0.13441415489898595
0,0.13427182098186904
0,0.12141339918077013
1,0.9506538808424199
0,0.1314466520530641
0,0.1238431040070447
0,0.1711319655120625
0,0.59417175669673
1,0.7081350150505374
0,0.1343752741556771
1,0.23131922328870141
0,0.18296817821222325
1,0.2452567787824669
1,0.5933460898125243
0,0.09511198184050644
1,0.8785365025466894
0,0.1659652723553554
0,0.09788812824148276
1,0.262690564427238
0,0.16552483987785083
1,0.6636244552199383
0,0.14699696570685036
0,0.08583149820909625
0,0.10882966103889659
0,0.11403597345896972
0,0.09827405441106378
1,0.16391886846145845
0,0.7802681008341299
0,0.48095856680531346
1,0.953481791649889
0,0.15846298319352953
1,0.8365276869992101
0,0.16252170890491655
0,0.10378753179856946
0,0.08877467699251959
0,0.11900499391551667
0,0.2262653031917412
1,0.16060741832801814
0,0.1739540629796966
0,0.10984504660387163
0,0.10460609789371737
1,0.5889546541877578
0,0.10388616523702472
0,0.13673100894246512
0,0.130917920561682
1,0.23522151163987753
0,0.20799053329117134
1,0.7337202026406302
1,0.29244552183406325
0,0.17237616083403215
0,0.18098105677630566
0,0.08474405701757251
1,0.2717981324625562
0,0.10502712595670627
0,0.09260606539323843
0,0.13023337957403103
0,0.12424989490703164
0,0.168830838242236
0,0.12228428863708787
0,0.1405554286111515
0,0.14487603970845675
1,0.9183237033146282
0,0.18006206409083705
1,0.901351666124849
0,0.15321858514298617
0,0.1548387133602734
0,0.1425420935947809
0,0.11957724259121426
0,0.08877467699251959
0,0.4651225614590434
0,0.5002398194684522
0,0.1065120541633149
1,0.7633185083904718
0,0.19619167489495448
0,0.09282155754033819
0,0.1542388552179073
0,0.16112912866788867
0,0.15596994647673687
1,0.22216173992151536
0,0.14640769654123773
1,0.46621182162882174
1,0.1541453831735682
0,0.15119909182252064
1,0.8975874890961789
0,0.11763550729296066
0,0.11296522944904962
0,0.4739241265832285
0,0.14723977156284376
1,0.7213236629018176
0,0.12141339918077013
0,0.1257376486963833
0,0.12207553605978991
1,0.11145224785664737
0,0.13911008250701642
0,0.1390658849623002
0,0.2905461095037851
0,0.16165151810255038
0,0.15815734256224673
0,0.1371773806919361
0,0.14011457242239655
0,0.13092701850329327
0,0.2885313008225572
0,0.21406935823161274
1,0.6318338608058002
1,0.3380954246024327
1,0.7337202026406302
0,0.09215278775595742
1,0.932372324637425
1,0.14489328875507002
0,0.11319833676550485
1,0.8898697998339624
0,0.16471800492717814
1,0.5447738370221474
0,0.11521816896677109
1,0.40967521065265267
1,0.6997427381839504
1,0.8532050386405717
0,0.2931067671794977
0,0.10489176743703613
1,0.21538250191752184
0,0.10737859937334182
1,0.16219633703582156
0,0.5170910577496686
0,0.09535405757975236
0,0.12100911202612039
0,0.15450746852105393
1,0.6632387932909964
1,0.5058214811582759
1,0.8890301303494372
0,0.26918478961128917
0,0.5739080170902328
0,0.8165740551623585
0,0.13605435106723787
1,0.9194849985377211
0,0.11130028385923468
0,0.14003589901528057
0,0.15383032784424164
0,0.15313551786589308
0,0.09992350427449831
0,0.1406224049841973
0,0.14782584450259292
1,0.4180193535659268
0,0.24074685033398577
1,0.2984580270688929
0,0.18870656055582205
1,0.12489798937381717
1,0.7371707246728734
0,0.08234257740966709
0,0.13940735683555858
0,0.18285558237004879
0,0.20865012469871427
0,0.6416643810257523
0,0.16099789338085463
1,0.7401894234299218
0,0.10696368168817144
0,0.19197485216283297
0,0.11075130234866071
0,0.1485684352261845
1,0.29637655736743723
0,0.15484959421045777
0,0.23852461914561895
0,0.10713340661376251
0,0.1314459130655279
1,0.15363949960799897
0,0.18949666161770765
1,0.6884451924407848
1,0.6649393287154174
0,0.14452151372113126
1,0.6543100167021133
0,0.10369254046412932
0,0.136267005022443
0,0.08840643434577439
1,0.6638253142012314
1,0.7092726907209361
0,0.12951901797688928
0,0.17396421030264994
0,0.16845877971260845
1,0.8450260062400522
0,0.22618713514481076
0,0.10525408988580444
0,0.12039538461736646
0,0.1919923026053777
0,0.12415645693838628
1,0.7004789784382452
0,0.12748056166552524
0,0.09707440111708739
0,0.16219633703582156
0,0.11936347060510141
0,0.10989845783742058
0,0.09704155700852855
0,0.09012518705522381
0,0.5998862827411956
0,0.1355406348539889
0,0.15951569262271884
1,0.5521655618094768
0,0.10683291665427437
1,0.12110626353676024
0,0.12212585824794851
0,0.1624694038999777
1,0.23784614332715392
1,0.30664532484445634
0,0.07771006929583307
0,0.12605223651823147
0,0.1672639073101236
0,0.24502261514241083
0,0.13354112929673229
0,0.1243765698673688
0,0.10713340661376251
0,0.1731616323058108
0,0.13844965878923132
0,0.14589726466530425
0,0.12024201025782193
1,0.6560994953332684
1,0.6756506168283115
1,0.3821234643234608
0,0.1392438372424709
0,0.1559654247999803
0,0.12357985852047397
1,0.6500027113749476
0,0.13621753142151946
0,0.11230165359250859
0,0.11887049361793799
0,0.11799965911069271
1,0.8720527170684556
1,0.706360486105252
1,0.6788624641344954
0,0.13582199795569483
0,0.1278520855475383
0,0.1575493211040659
0,0.6543100167021133
0,0.2193833110902091
1,0.9610802703536115
0,0.0873137335096002
1,0.6385956617200432
1,0.6401740717237736
0,0.12578234093339097
0,0.07771006929583307
0,0.09828905201348352
0,0.288202306439585
0,0.6133286621379618
0,0.5968291806209505
1,0.4188839863285616
0,0.49258189421221943
0,0.12588079801165994
1,0.7337202026406302
0,0.12973183225190943
1,0.6866478007389996
0,0.09583649158370679
0,0.08743819930144237
1,0.6484574816928729
0,0.11509431769299086
0,0.11256629262400572
1,0.7452884954285192
1,0.9569643334651459
1,0.7165174247719637
0,0.11532273446926661
0,0.25394049647310035
0,0.14612018659393872
1,0.9607488294905343
1,0.5604058719160587
1,0.8578829131238
1,0.6814074324711629
1,0.10970545969583169
0,0.10564307125725954
1,0.6581823690119348
0,0.16065714925573157
0,0.09833910728911503
0,0.08404737414381992
1,0.9607488294905343
0,0.2292161520583376
0,0.10760811095462057
1,0.28742137030940945
0,0.2013633627729524
0,0.19322193722683784
0,0.10640245669567842
1,0.14458510475353262
1,0.13779553417359158
0,0.21123075961728832
1,0.7455223069934047
1,0.47199423412624214
0,0.23869674015538822
1,0.7690634329220546
0,0.10908623591892326
1,0.5125321196320511
1,0.6543100167021133
0,0.1346985306531155
0,0.10452531387326515
1,0.6085097978768187
0,0.09728295965279264
0,0.6211500853569514
1,0.9607488294905343
0,0.2123806196680612
0,0.11493965699896079
0,0.10711425922149118
0,0.1216382629819394
0,0.10882966103889659
0,0.08404737414381992
1,0.963817895246036
1,0.8972062661278226
0,0.11469406020237632
0,0.14002381377252027
0,0.13726859282780285
0,0.5644904640835195
1,0.8972062661278226
0,0.1166818877976049
1,0.817193650919574
1,0.8331970527818118
0,0.10882966103889659
0,0.11623969793304764
0,0.11657358992090917
0,0.11282400014530086
0,0.18951059566805145
0,0.11621582395423338
0,0.09183589934942399
0,0.19033792145258732
1,0.8857454902304632
1,0.21808374819514528
0,0.18848416686539207
0,0.11394541580260742
0,0.1556451799592326
0,0.1512877525851024
0,0.09511198184050644
1,0.4088724581320815
1,0.9818114466976325
1,0.8009472563965053
0,0.1576212989893528
0,0.1295250925498076
0,0.09662168074406448
0,0.13044456455809011
0,0.17111151355865944
0,0.11760331243572945
0,0.16924967605687027
0,0.12614531809796475
0,0.12106015529276165
0,0.4953162104382598
0,0.21488438905459512
1,0.8953061837790895
1,0.32632146599963296
0,0.12413816834333223
0,0.1310581700627101
1,0.25848137113236075
1,0.1305783680441593
0,0.6788624641344954
1,0.7450167380644599
0,0.11420486194902774
0,0.1162762254959669
1,0.6788624641344954
1,0.16401655150661143
0,0.28620211139898916
0,0.1534951578170923
1,0.6669808632236388
1,0.29656192778231816
0,0.6178981010245679
1,0.20060938327472955
0,0.14293647457859743
1,0.2498034248788234
0,0.1638512167099335
0,0.11313599649320742
0,0.09088693613796812
0,0.14632830246382736
0,0.5295501750851751
0,0.2131967689128365
0,0.11808009812515058
1,0.6801240857390736
1,0.21386810555308197
0,0.6461869419065519
0,0.11257626682441572
1,0.0956797663936988
1,0.4826436731042741
1,0.6099562363926244
0,0.0998995268325494
0,0.27220829515398554
0,0.142704031489982
0,0.08810861938336507
1,0.23794877778926055
1,0.8436174125966412
1,0.11302304772804482
1,0.5381343557628115
0,0.12359570959130836
0,0.5361199623188333
0,0.0900392284801879
1,0.4766603063153
0,0.08877467699251959
0,0.09559685864927187
0,0.6722054649015692
0,0.12519468099804487
0,0.11628654544625763
0,0.13053194231240955
1,0.8450260062400522
1,0.17440076165960394
0,0.12085763565323433
0,0.16610011992478652
0,0.10713340661376251
0,0.0900392284801879
1,0.6659579181950105
0,0.5115969329500745
0,0.1286831573569555
0,0.07771006929583307
0,0.10240610376506284
0,0.473249074251246
0,0.1159025571409736
1,0.8986056703267552
0,0.0833365369505613
0,0.10395535625462396
1,0.651976992112538
1,0.1360267449275071
0,0.24164293931871328
1,0.1657733400031989
1,0.687088736161009
0,0.14304255437444724
0,0.15096273979533875
1,0.39459886567242064
0,0.2064518478679358
1,0.6599544783781052
0,0.1719763547388243
1,0.9607488294905343
1,0.6157561288454786
0,0.10248881845254214
0,0.11744650494341244
1,0.5586172970470815
1,0.7729114922597685
0,0.33203936782492105
0,0.136870150264643
0,0.7932820995439905
1,0.3886779470645844
0,0.11022340317158087
0,0.11727391804927575
0,0.1322966703328116
1,0.3812824831778295
0,0.14031885866036248
0,0.17815128128600338
0,0.5896986165339608
0,0.12019543482095703
0,0.6154551028571325
0,0.12525860841983216
0,0.14788660636952916
0,0.14951455608074288
0,0.10760811095462057
0,0.10760811095462057
1,0.6572148470307093
1,0.20085610334846768
0,0.09745966787304365
0,0.11762456263169256
0,0.12426588685424743
1,0.7985016839178183
1,0.8851207786515516
0,0.11322703750145717
0,0.19252125379478946
1,0.6281655068857576
0,0.1907816544457288
0,0.5723494009844452
0,0.08904699655026749
0,0.11228391596759693
1,0.0833365369505613
0,0.12685354765482693
0,0.20009141373292155
0,0.1347668388012959
1,0.10478681579091291
0,0.12431791718694532
0,0.10760811095462057
0,0.12203938972705114
1,0.6029529111019458
0,0.16610011992478652
1,0.7587978431208037
0,0.0877032181338502
0,0.10994364811528101
0,0.11350441792637328
0,0.15990916973958227
0,0.113343173664654
0,0.3217605778308853
0,0.21111303121394917
0,0.10454695631525003
1,0.32607479305714465
0,0.131158892509752
0,0.11230165359250859
0,0.46722960880156733
0,0.17278263735888616
1,0.5723434872728783
1,0.6358268798443124
0,0.09082921770202647
1,0.8820121423876156
0,0.16930303899299382
1,0.1892816324640193
0,0.1892927958914506
0,0.13808880033260515
0,0.1405219362066356
0,0.11591707835180247
1,0.17468740765900503
0,0.16172880748749915
0,0.1266482433404566
1,0.5339612755140388
1,0.7894562946038886
0,0.12829253814613722
1,0.14668608544476955
0,0.1321924944736105
1,0.6788624641344954
0,0.1161281816836683
0,0.1393742811798048
0,0.11929271896519794
1,0.9967741935483871
0,0.21114474651964135
0,0.262269721860671
1,0.3164277018040945
1,0.7092726907209361
0,0.18312631063778914
1,0.6521801172582764
0,0.1161831962124512
0,0.1489198694372312
0,0.11597858001827113
1,0.23850227205402463
1,0.12901007985319354
0,0.1037791332906306
1,0.40230188510350634
0,0.11993885561609861
1,0.8566513555375075
1,0.289024248619338
1,0.247143491934952
0,0.13240829426968886
0,0.554285091528572
0,0.15426796576316532
1,0.14029077591010777
0,0.0973517760829029
0,0.28367894543640015
0,0.13231819815192591
0,0.14758851240095183
0,0.14453608862610937
0,0.1056343545106556
0,0.11026355168639507
0,0.1324252886524577
0,0.20908622217726963
0,0.1790442768934159
0,0.11083356563789432
0,0.11847661886049055
0,0.09886442231072393
0,0.09432955990651547
1,0.9067775995784997
0,0.2151854606908601
1,0.0928607642028817
0,0.20457727580432714
0,0.15384503448328438
0,0.14481575488628468
0,0.10125380275263618
0,0.16238014160578798
1,0.7237420432760862
1,0.6309850741091129
0,0.16251060541813228
0,0.5712447019296333
1,0.7531785719815036
0,0.17636908357809106
0,0.13438273044904556
1,0.7450167380644599
0,0.10774518313405998
1,0.16879154317548828
0,0.2053253991415222
0,0.10998648117429442
0,0.13225806312407373
0,0.09349605327781042
0,0.1350288809907195
0,0.16171602084283518
0,0.09953783712741006
0,0.19550860244786175
0,0.13453927108766922
0,0.09009683976534488
1,0.29357252014159035
0,0.5867263295603273
0,0.1168686023582294
0,0.096068798917076
1,0.9709182215825966
0,0.096068798917076
0,0.5264505906640484
1,0.0974995355062923
0,0.1321949468154995
0,0.18786225892841948
0,0.15258200858424872
0,0.1289003807847708
0,0.8396662331970061
1,0.8705677227628104
1,0.6788624641344954
1,0.19798562529416158
0,0.133710160581333
0,0.10305466955952718
0,0.18633449641290412
0,0.11322703750145717
1,0.1481052581262815
1,0.5298799585625894
1,0.9638211613163767
0,0.18652900796463276
0,0.6664783559974975
1,0.5776453022381164
1,0.4518050657957121
1,0.21901289062904156
0,0.15213258104593244
0,0.1598192143564152
0,0.22371834844868918
1,0.7044599226206354
0,0.1015678732276057
0,0.11644130956078333
0,0.15721369443245936
0,0.15202859607496794
0,0.10858333385945244
0,0.12086427794318742
0,0.11007583665457726
0,0.09361624033188015
0,0.17225405098598906
0,0.13816570878529622
0,0.2665625374190052
0,0.07771006929583307
0,0.14008935921345356
0,0.10451307678009536
1,0.7275132677734937
1,0.5961955401959874
0,0.3063486058162547
0,0.0942865108245898
0,0.09456879221897964
0,0.16770229322729827
1,0.878715011667038
0,0.11230165359250859
0,0.18099465388242514
0,0.1208473969027736
0,0.1272459002096084
1,0.5951154603941251
0,0.12604695401870672
0,0.11018791550827296
0,0.12485847292053436
0,0.10740938887202571
0,0.32543299890660776
0,0.12476256871717811
0,0.5128570104431838
0,0.6222491113087448
0,0.5282705658011166
0,0.12386731640642366
0,0.11072569925985079
0,0.11186771514392842
1,0.7141289884876489
1,0.7286112240059608
1,0.5617537193461901
0,0.7933063218730418
0,0.1106141113295019
0,0.09511198184050644
0,0.28699720481938934
0,0.09364527591821836
1,0.1443728838402291
0,0.24087752134890714
0,0.10464749357438333
0,0.1770943114881029
1,0.17981277003247698
0,0.13843873062619322
1,0.8572045501495555
0,0.6662998972503622
1,0.2735901788240842
0,0.391433596869073
0,0.14175057903286375
0,0.10176677897246598
1,0.8153424135874847
0,0.19325966402597075
1,0.460474122102929
0,0.1406224049841973
0,0.11490223287917697
0,0.10211535114734271
1,0.6162680053191407
0,0.07841721554654683
0,0.65555337285176
0,0.12461511524931716
1,0.6993820471247574
0,0.12582194777056013
0,0.0927260447267976
0,0.09846688475058514
0,0.22435978049766558
1,0.71831192904383
0,0.140407046777445
1,0.5808297942529766
0,0.114613906611668
1,0.6649397241385341
0,0.6461869419065519
0,0.09991756359544021
1,0.7853841629561409
1,0.6555604964743053
0,0.1594672077579644
1,0.33914138211104555
1,0.17685121939273954
0,0.1478434169478796
0,0.12100593351785943
0,0.45672593946770557
0,0.250066450489183
1,0.8718751251143912
1,0.5597263818911309
1,0.7468001633085617
0,0.10240610376506284
0,0.1564689881531769
0,0.7450167380644599
1,0.8851207786515516
0,0.1307591595651313
0,0.16930923675834952
0,0.11686746703575847
0,0.18822541880544044
0,0.13566213469650773
0,0.12132525815332533
0,0.11133553909467118
1,0.1813888668312582
0,0.16362708119089195
1,0.17396421030264994
1,0.8838150940997935
0,0.13238986585001186
1,0.7483077204844018
0,0.12743763936063823
0,0.12739770796231822
0,0.10736427116227362
0,0.12147682971511678
1,0.9527937412756013
0,0.5874878744381272
1,0.1987970147226738
0,0.14413706509203214
1,0.11322703750145717
1,0.5449864640929633
0,0.22439731708654082
0,0.11930632934534045
0,0.09983736930633196
0,0.1084338354873076
0,0.14597211060101825
0,0.17396091020127455
0,0.092444389295033
0,0.24719486576400346
0,0.15594064740514327
0,0.14573684726226155
0,0.11781925362467058
1,0.8820956068717976
0,0.6993820471247574
0,0.08404737414381992
0,0.8145725385827254
0,0.11759223152645225
0,0.17016630293296214
0,0.15372875212146783
0,0.08728632803662834
1,0.9818114466976325
0,0.09955078797051213
0,0.15484959421045777
0,0.20354742428470285
1,0.7118987490017676
0,0.10926047038907294
0,0.12976611290173332
0,0.132045438856306
0,0.1127641506812644
0,0.10227856596796747
1,0.3304736496180527
1,0.7467776045755589
0,0.09542700720633068
0,0.26941993813057763
0,0.15313551786589308
0,0.22875095090332834
1,0.43119283425961646
0,0.08422760784257421
0,0.1140366801866372
0,0.16845877971260845
1,0.1413456228053568
0,0.13123657842517972
0,0.14826602601282013
0,0.1330460493540579
1,0.7302895145378292
0,0.11322703750145717
0,0.6736785839212942
0,0.6975103161450823
0,0.624387401636069
1,0.9607488294905343
0,0.14921435689442758
1,0.7392799277608552
1,0.733279970335733
0,0.13435928363436123
0,0.1042924934138517
0,0.25434290894741524
0,0.13266927779570434
1,0.7376453972145685
0,0.10760811095462057
0,0.19042456779801137
0,0.07771006929583307
1,0.9695284022404398
0,0.1397342579772871
0,0.11553700798904108
0,0.20572307979610577
0,0.11322703750145717
1,0.1289216582170303
1,0.44064593989994616
0,0.18516710621549193
1,0.8785365025466894
0,0.11320003982122506
0,0.4700361650807592
0,0.12037643019111804
0,0.525970222557795
1,0.7037487850256644
0,0.131158892509752
0,0.11318717934924136
0,0.6397847716591106
0,0.8735283526336052
0,0.582136814225746
0,0.13048610171982597
0,0.11520774932012924
0,0.1411319698050336
0,0.1604211512764815
0,0.12048129150613414
0,0.19975723814658458
1,0.3642565422016128
1,0.19721556223589384
1,0.13053194231240955
0,0.2064518478679358
0,0.16843261050607208
0,0.1736510316701825
0,0.08539679813683303
0,0.6649397241385341
0,0.1392518042696589
1,0.8598652738658876
0,0.1962751213864655
0,0.6947940788438284
1,0.21794784791646427
1,0.5150487014327946
0,0.1139377910499409
1,0.22228213914440634
0,0.09478567792999025
0,0.1774583854180972
0,0.11230165359250859
0,0.6543100167021133
0,0.49214345972926316
0,0.1348938873735292
0,0.16483121412756802
0,0.3196181024788691
0,0.09675702337857749
1,0.7031605672030914
0,0.10228507001478353
0,0.12354176547536544
1,0.24502261514241083
0,0.16700621085504253
1,0.6604846788996801
0,0.10478681579091291
1,0.187953625039678
0,0.10759877558970045
0,0.11640067233111938
0,0.11759223152645225
0,0.11198293993740085
0,0.15647228864654578
0,0.13237619483223959
1,0.30017360828411266
1,0.8972062661278226
1,0.1709932792200322
0,0.6991718778896359
1,0.11809294512325795
0,0.14453608862610937
1,0.6380344082759845
0,0.128389323020908
1,0.16411645292592864
0,0.2112101334326073
1,0.7163981358892857
1,0.212783907346593
0,0.1737927084928766
1,0.953223847552534
0,0.14453608862610937
0,0.11746478370165074
1,0.19472400981504356
0,0.14773739991023904
0,0.1577038318638829
0,0.46672949267481934
0,0.10652324104187941
1,0.46539266284104885
0,0.10192382904357931
0,0.131701774354343
0,0.11347071146174936
0,0.15379655761722769
1,0.7275462306027187
0,0.20706197789008235
1,0.8653817998197748
1,0.9040884378989882
1,0.09159130130808038
0,0.11394541580260742
1,0.6961306290037538
0,0.11466498353166418
0,0.13940529394509232
1,0.18996221917292377
1,0.8252354649420728
0,0.6782334139480264
0,0.12161264534331874
1,0.6930520474074026
0,0.5353744038261848
0,0.26216785565322553
0,0.17759730780820535
0,0.1406224049841973
0,0.11702895644120823
0,0.26182870191095464
0,0.16044318470769076
1,0.7274841447382504
0,0.2867401993038341
1,0.880869986291073
1,0.690193141148381
0,0.12745875913214852
1,0.725640428868399
0,0.08189369567773029
0,0.12333926107852711
1,0.5374094578755659
1,0.4691937408115851
1,0.2095589958966137
0,0.11670117850447369
0,0.18128074702489044
0,0.132706840566833
1,0.16305107690746995
0,0.14012871440643962
0,0.12800472252742573
1,0.7265378777746779
1,0.4497565230721466
1,0.916085467054993
1,0.9852095919953062
0,0.19340487195522807
0,0.1384354049662317
0,0.23542446701666989
0,0.14010377544820207
0,0.1047085241615672
0,0.10748198090454457
1,0.10987672245520697
1,0.20696092860988125
1,0.7799707577835886
0,0.11616678554724123
0,0.14662225543990542
0,0.1367401284358412
0,0.9118121243908703
1,0.5115382665183892
1,0.6936280433505966
0,0.13723271059682043
0,0.07771006929583307
1,0.2767706402693547
0,0.12271478868688683
1,0.707991227104291
0,0.09074651069771943
0,0.09511198184050644
1,0.6722054649015692
0,0.2665477427022965
1,0.38760532779786006
0,0.1782383998505129
1,0.8047205367439579
0,0.17659383184246613
1,0.7167533102420939
0,0.09292542373141938
1,0.9296903425609434
0,0.0907494188843046
0,0.6503954476476868
1,0.21314896132159455
0,0.6068114861830226
1,0.8666647271124326
0,0.08872704741977154
0,0.12085055381246726
0,0.10713340661376251
1,0.13325468016643183
0,0.08224400049503934
0,0.7942967715264331
0,0.1440761431215338
1,0.12336626128919512
1,0.8851207786515516
0,0.1311874311089092
0,0.11208448659958099
0,0.1034613545757426
1,0.7087720699991682
0,0.13445966993147995
0,0.08451835117154421
1,0.7447948087090503
1,0.8763169246527922
1,0.13637132097681068
0,0.33014889526627855
1,0.8450260062400522
0,0.0900392284801879
1,0.6630617261032747
1,0.21641713396762602
1,0.21028468504328152
0,0.2128204052751128
1,0.6130086031644851
0,0.4195690030189597
0,0.173680077174897
0,0.11313593038963513
0,0.1020902450698438
0,0.1271543045964498
0,0.6461869419065519
0,0.11230165359250859
0,0.12875493970387805
0,0.18510028302584502
0,0.08877467699251959
0,0.14317224596893346
1,0.9559118657611045
0,0.24763445774062895
0,0.15372875212146783
1,0.6916411403829457
0,0.1479631206976515
0,0.2665477427022965
0,0.09438736705006658
0,0.13328627800136916
0,0.2501629726614343
0,0.09556168297998832
1,0.10750818110518902
0,0.1391035161342363
1,0.5713975397143912
0,0.11490223287917697
0,0.12157778211976665
1,0.6417856044485601
0,0.11322703750145717
1,0.23326069709269018
0,0.12637121869615597
1,0.864447432212211
1,0.6585424497218672
0,0.24248485831841948
1,0.8724699511282542
0,0.12447625970778135
0,0.1559165993412588
1,0.6071751438106732
0,0.11358352658951898
0,0.667590317917444
0,0.33075845300363627
0,0.12543463485346507
1,0.8983810721792147
0,0.09944152673475021
0,0.12088324676692068
0,0.13336748248388874
0,0.11174679879880152
1,0.6962256791336414
1,0.7831844654484629
0,0.16318837615293583
0,0.19812709007962453
1,0.8851207786515516
0,0.08743819930144237
0,0.1492349495133644
1,0.3688831531156404
0,0.1273768647819276
1,0.15308446584714555
1,0.26902425500338456
0,0.13119652186217914
0,0.42599752073475283
0,0.4936124949439947
1,0.7633185083904718
1,0.1852394663079777
0,0.18246077523419005
0,0.14651574258116395
0,0.11666919869688423
1,0.7748766837952675
0,0.11356443578715728
0,0.12183729757403693
0,0.13515414137004111
0,0.15295131474356238
1,0.766664355168246
0,0.11418439420185503
0,0.13187529563459482
1,0.9156157541448179
0,0.13688493184133982
0,0.11162089950209317
0,0.13245519342872367
1,0.23305043294333966
0,0.13437621328553662
1,0.6146146256366067
0,0.15273371338466693
0,0.10928087203554239
1,0.7802496518052013
1,0.18115425669581695
0,0.0926134398222819
0,0.09492411829967695
0,0.12442186800839729
1,0.9169054806309417
1,0.589791947349343
1,0.23305043294333966
1,0.15372875212146783
1,0.8838150940997935
1,0.1449546774632676
0,0.14470351393280984
1,0.8549024009535238
0,0.14418657116076278
1,0.12850674484776983
0,0.18362999184861342
1,0.8972062661278226
0,0.13715315095201946
0,0.19494541434294563
1,0.15602281221548958
1,0.8838150940997935
1,0.26804609978865424
0,0.5981904241821024
0,0.14530063897935952
1,0.9697704596983635
0,0.27955576329658155
0,0.08877467699251959
0,0.5208083414215701
0,0.1190099176863539
0,0.17101412303189534
0,0.12048879462125389
1,0.9059921052045178
0,0.12285594335903599
0,0.1657558097232662
1,0.7321904513123306
0,0.1290746072586936
0,0.1525410704787024
0,0.18160453381427163
0,0.19721687823664166
1,0.15205087073100712
0,0.6537893945043859
0,0.14393048523778545
0,0.08877467699251959
0,0.10747286757187435
0,0.11827629321668316
1,0.31943318351258915
0,0.09702885436405677
1,0.696507745836356
1,0.17730975995090453
0,0.085796066182009
0,0.096068798917076
0,0.6941914202301933
0,0.1331080348909028
0,0.10452531387326515
1,0.7159035692537155
0,0.08404737414381992
0,0.13580298357147688
0,0.11531225914835332
1,0.8639589964840881
1,0.9638184313280717
1,0.9815981660221157
1,0.22659745216061103
0,0.10240610376506284
0,0.17167907323218284
0,0.08497284228672965
0,0.2168042929880119
1,0.3338700178199963
0,0.17322175490786001
0,0.14148131695014582
0,0.12718741172712494
1,0.10063390065362206
0,0.09548525558950949
0,0.1530976760561358
1,0.4233949830612917
0,0.13066038321375148
0,0.11876905060170449
1,0.11839644162673289
0,0.4882693992021253
0,0.17665700779745502
1,0.20104955869239866
1,0.7794226374315815
1,0.2676389459043672
0,0.13081679494857756
0,0.12622560772702518
0,0.15453972838716046
0,0.15255826228141092
1,0.619290016474419
0,0.23673861489070758
0,0.11879405873488898
0,0.10786837478281702
0,0.14324707974603684
0,0.23678279558873266
0,0.3821234643234608
0,0.2386914778122478
0,0.15872799994467446
0,0.11178838642540587
0,0.1162818091774207
0,0.10954941396590868
0,0.153958912328869
0,0.13315239541117296
1,0.704687960952978
0,0.12304934435715437
1,0.12690812223974224
0,0.13570868975826259
0,0.12487084708346773
0,0.4164875505340992
1,0.7371625702968819
0,0.11563679307309878
1,0.5470406495279104
0,0.11098217129212676
1,0.9378444624810884
0,0.09542781211859146
0,0.19242829042417856
0,0.1468271534696816
0,0.07771006929583307
0,0.1729797543822788
0,0.6211500853569514
0,0.5319495515358077
0,0.17042387975126225
0,0.16422820115784387
1,0.2175053583294848
0,0.10534747994476379
0,0.09724551330512221
1,0.724257776532583
1,0.7478603524227855
0,0.14517914214844166
0,0.1669199302920946
1,0.6828511322929837
0,0.09511198184050644
0,0.1719405396651472
0,0.5388185260618147
0,0.5803950804173947
0,0.13283496805355188
0,0.14009694069997636
0,0.5485159804635426
0,0.09916633141022768
0,0.13440919668854334
0,0.12422094718426839
0,0.22094693930624262
0,0.2683234665716881
0,0.16383180519508633
1,0.3009623899052441
0,0.12571365303108792
0,0.11676259014563309
0,0.10180279615930346
0,0.1508026089219106
0,0.16301356593274927
1,0.2480537502369371
1,0.8618444980153099
0,0.6008595344676211
0,0.09716288916171617
0,0.12576196090079333
1,0.963817895246036
0,0.16126151921165463
0,0.4409070444895768
1,0.686645270110529
0,0.11706083537025802
0,0.1738997011360174
0,0.14152047919837538
0,0.2146119484022893
1,0.7213236629018176
0,0.15163607036942506
1,0.6543100167021133
1,0.3036912987160631
0,0.24361869133011116
0,0.08877467699251959
0,0.16523876912264568
0,0.7477055069641575
0,0.24734464412471452
1,0.9118299846361453
0,0.16722696301574547
1,0.2640307117370603
0,0.08788248816721259
1,0.6993820471247574
0,0.1466431615263834
0,0.10489123177995
1,0.9197228058895772
0,0.16027388799294726
0,0.11186771514392842
0,0.11201452800120258
0,0.1998772420550772
0,0.15601585059535872
0,0.1033522920644358
0,0.09777341234067749
0,0.09247367584082579
1,0.6862605853664946
0,0.19123329499346362
0,0.163380079284104
0,0.10882966103889659
0,0.1803930079140808
1,0.9852095919953062
1,0.5974514607126482
0,0.1261633509673575
1,0.8887687199142634
1,0.673462424011242
1,0.6993820471247574
1,0.1832714893678476
0,0.15321858514298617
1,0.1196804785126409
1,0.3711979850167365
0,0.13763596073438333
0,0.11390736237052164
0,0.12494195150300878
0,0.16705701468000103
0,0.10388616523702472
1,0.9047075694135132
1,0.5170729560822329
0,0.08586362746060319
0,0.17205201910508713
0,0.11547850428757679
1,0.68762507361715
0,0.49292867849952665
0,0.1639740888138468
0,0.1481206495275739
0,0.13329043063317988
0,0.11253346726792829
0,0.09628846989209594
0,0.11659201814586641
0,0.18781559483433266
0,0.2744741764165801
0,0.1262344079997161
0,0.20290416882174392
0,0.11898257109700609
1,0.48207204321502245
0,0.14337290527716656
0,0.20498213750633937
1,0.15880902606495753
0,0.13147591660683147
0,0.3116564852968609
0,0.1473183245889211
0,0.22910906429357214
1,0.15372875212146783
0,0.1251758091637117
0,0.6317430003072225
1,0.8514618410509377
1,0.8598652738658876
1,0.17715775434379197
1,0.7149842999199187
0,0.15940410831739107
0,0.2041074871208934
1,0.8356764083775536
0,0.12262871339121538
0,0.280781047725333
0,0.171792645722249
0,0.1420259667170677
1,0.5800158764408752
0,0.1304725484723338
0,0.15259571451388373
1,0.8336912559349633
0,0.14874966349736973
0,0.08877467699251959
1,0.7388198736840101
0,0.6788624641344954
0,0.1271699864950335
1,0.4629319671362231
0,0.16284568831294857
0,0.10143831026498126
1,0.18957896990332954
0,0.1574062698689804
1,0.7616028737056477
1,0.6091354915419134
1,0.9607488294905343
0,0.17311799679651635
0,0.15122142453139595
0,0.0844703851889133
1,0.7574170100202646
0,0.10882966103889659
0,0.11584741956189254
1,0.5668170371949984
0,0.1108624586223276
0,0.11025538272357054
0,0.10216242980477067
0,0.16187543314522587
0,0.11979942829409182
0,0.08072336819805193
0,0.3174897753562994
0,0.15022283772658104
0,0.23649165459081214
0,0.12884694270312505
1,0.747876555704833
0,0.15423278036600482
1,0.6591163180948045
0,0.12951465969902579
1,0.4332760745005597
0,0.1009520601626342
0,0.1288716198334723
1,0.2482849220101699
0,0.11255202490245306
1,0.47833486568190053
0,0.14200715363997066
1,0.5689971139820224
0,0.24544003652465848
1,0.8450260062400522
0,0.09384304896075599
0,0.1092940832589515
1,0.8838150940997935
1,0.14696471233631778
0,0.20208532427508832
1,0.9228665197838435
0,0.12102585030154596
1,0.10421463738256664
1,0.5781666630377515
0,0.19605901647058752
0,0.219132203545127
0,0.29887738373576006
1,0.45350131272841754
0,0.11541387813899939
0,0.11857000105943777
1,0.6917499213743125
1,0.8666528381328579
0,0.16374191533984675
0,0.13409100980172586
0,0.11930888106889696
0,0.11567248477093245
0,0.1703387272937811
1,0.6154551028571325
1,0.747876555704833
1,0.9448610526368365
0,0.0931030794687143
1,0.17530183244756906
1,0.14919455341457952
0,0.14147027796613035
0,0.10156106651669158
0,0.2191708419882698
0,0.1372174477294387
1,0.711522303507448
0,0.4133966363497822
0,0.16149368155493313
1,0.9809520198496663
0,0.6909738466614243
1,0.6530338101352927
1,0.3125289307992645
1,0.878101344533059
0,0.09159130130808038
1,0.19294247430682435
0,0.1254165696897667
1,0.9842216372343181
0,0.09611758404051783
0,0.12449812184989728
0,0.1274804728677644
1,0.1629030241330683
0,0.17637450314561104
0,0.6560994953332684
0,0.11510848979788828
0,0.6732126587432519
0,0.6617169131585322
0,0.11198293993740085
0,0.1325859973009973
0,0.08877467699251959
1,0.21036006513642558
0,0.10911777614709295
0,0.20361360235153372
0,0.08340062735492161
0,0.16811955710415874
0,0.09856466558756445
1,0.20725883219534275
0,0.3461253959142622
1,0.10328161628141012
0,0.16272084263219197
0,0.10240610376506284
0,0.12259206871719511
1,0.6898640444710898
0,0.11484552704099464
0,0.09511198184050644
1,0.43736080144250566
0,0.11129117638220835
0,0.0925237453504389
1,0.15674940455654407
0,0.1407938379643029
0,0.16127150305630625
1,0.6658955294683551
1,0.6387510041896279
0,0.08638504280339032
0,0.12202880365401526
0,0.7506392110675667
1,0.8739148951289412
0,0.13295194191064588
1,0.19913145467137688
0,0.19167659815407279
1,0.8854151388406638
0,0.1807657858358302
0,0.1100309743950864
0,0.1202352562757814
0,0.12544813904228394
0,0.10041689736638798
0,0.14951455608074288
1,0.1441508397375116
0,0.11628154639596762
1,0.15618349059725928
1,0.7812849254596693
1,0.6788624641344954
1,0.7098516469538926
0,0.16682054092413284
0,0.0965778798336271
0,0.09511198184050644
1,0.864447432212211
1,0.7588404531914433
0,0.17373825448085786
1,0.14221032291987362
1,0.13290986714490677
1,0.8808699419129402
0,0.09832722955438125
0,0.12892643851341257
0,0.1230062566384681
0,0.11887049361793799
1,0.74008832464184
1,0.7546284638410731
0,0.12328319835403614
0,0.5169790003626431
0,0.13146266211009228
0,0.11741450885152828
0,0.1548593370159887
1,0.5490018257858644
0,0.13498643857749246
0,0.10741775718111887
1,0.15556409179347125
0,0.2605593389508167
1,0.2815612192514918
0,0.08376142230308375
0,0.2148233074026678
0,0.11993727013897541
0,0.10899869486868793
0,0.09654350325793405
0,0.13730081465217622
1,0.15372875212146783
1,0.8021131209525119
0,0.18811414596263193
1,0.884961622450933
0,0.11358524014957147
0,0.13308796441673948
0,0.10760811095462057
0,0.16074647991804794
0,0.10713340661376251
0,0.1385842412515124
0,0.09652109197748322
0,0.131158892509752
1,0.9252687742571465
0,0.1736868333607096
1,0.6993820471247574
0,0.24308018374879994
0,0.16021452705162356
0,0.11759223152645225
1,0.9852095919953062
1,0.7238804911289459
0,0.16208722146810423
0,0.1339332866854507
0,0.11800119955985416
1,0.7307443061369115
0,0.10478681579091291
0,0.10882966103889659
0,0.09511198184050644
0,0.4068350984325805
1,0.13296639347690165
0,0.1373569922745575
0,0.9903423355087089
0,0.14084863083145047
0,0.15117534590367823
0,0.11135681003714437
1,0.9435755848948919
0,0.1342420722678154
1,0.464370142359516
1,0.7716630676328781
0,0.10882966103889659
0,0.1505041407379024
1,0.810693697513557
1,0.3956240193222693
0,0.11781925362467058
0,0.11573131051882884
0,0.21765269497613787
0,0.18084654714560316
0,0.1278569575736823
1,0.9663354310328474
0,0.16786068443459687
0,0.14730421448517958
0,0.1304930039098961
1,0.6105205272379481
0,0.3664970202285546
0,0.1655032798360694
1,0.7355225194027077
0,0.08877467699251959
0,0.10713340661376251
1,0.6827020876506557
0,0.1368049794424244
1,0.6425669593266325
0,0.12479957575099383
0,0.10432342658867517
0,0.10760811095462057
1,0.6221343785207571
0,0.0878192446230683
0,0.18509565224023164
0,0.1028808081059209
0,0.18468883901633637
1,0.6709316019505035
0,0.1290568424940344
1,0.15619625598151315
0,0.22284806200399607
0,0.6108739847966872
0,0.09785027159819648
0,0.35264484212906677
0,0.3480339685085211
0,0.15375144466132187
0,0.10886162364339452
0,0.3949068746229957
1,0.8918250396628018
1,0.7304656870714258
0,0.12481115264227617
0,0.15486490435023584
0,0.09707440111708739
1,0.16125865849915816
1,0.9363569012430871
0,0.12005230783892093
0,0.6648941928799192
0,0.09279192967823645
1,0.18849176348744395
1,0.7883270941210071
0,0.1619282442201017
1,0.2122650171058147
0,0.11182993533081435
1,0.7014239932506807
0,0.1517512384863839
0,0.11620379553556387
0,0.08877467699251959
0,0.7213236629018176
1,0.11230165359250859
0,0.7371484211720923
1,0.3581465183550169
0,0.17626112435062374
0,0.3588201233475446
0,0.13367709245510107
1,0.665603503837271
0,0.14596442072687013
0,0.5545423220646953
1,0.1253772859561708
0,0.21093989084004916
0,0.1254156555490133
1,0.9185725316191328
0,0.1860544743117125
0,0.1569265237681852
0,0.2810228614214167
0,0.07771006929583307
0,0.3035785653585336
0,0.12621560800269535
0,0.09542700720633068
1,0.21076148438410078
1,0.17782955660136038
0,0.2864951293773802
1,0.9607488294905343
0,0.16238338907344121
0,0.13712277378518317
0,0.15770966214476054
0,0.11985286947707606
1,0.6905702661493236
0,0.08502110347114905
0,0.1293673499164341
0,0.11329272870586472
0,0.18571965027194415
1,0.9347935540536065
0,0.11486528775028278
0,0.14371935874332506
0,0.10580318376493535
0,0.1558569656604149
0,0.11010325135833054
0,0.7142306339022095
0,0.13833341457690235
1,0.7688474375640574
0,0.10452531387326515
0,0.11566329930290789
0,0.09665250234402598
0,0.18728463735454876
0,0.4195617593701625
0,0.17415782258589485
0,0.5197848355793855
0,0.10599516469313439
1,0.7132831815371726
0,0.14511069382211314
1,0.17356841645502308
1,0.16204634988300837
1,0.17111732897941276
0,0.15740969923643938
0,0.16740276997326325
0,0.11272849647738599
0,0.11675630599641838
0,0.13750343634756773
0,0.18963029627756547
1,0.6649397241385341
0,0.11085932115649362
1,0.08813100509838352
0,0.1178365721139529
0,0.08792581587386543
0,0.14899902633168566
0,0.11195944443725377
0,0.12821494683128523
1,0.732407837989931
0,0.10713340661376251
0,0.12284067937277177
1,0.8654021035656688
1,0.6872578899487048
1,0.7031693643659306
0,0.12032118184174351
0,0.5515236122041044
1,0.8874913950486438
1,0.6993820471247574
0,0.1775856838747667
1,0.6788624641344954
0,0.1460883679220542
1,0.8463006501060917
0,0.15343352740689756
0,0.14918654122749359
0,0.6483835174787349
0,0.16256746729276952
1,0.08124425073266986
0,0.1724266195973861
0,0.13837833956439233
0,0.11909704141238858
1,0.6788624641344954
1,0.25754450563955655
1,0.5418052230048093
0,0.10578137855587143
1,0.3800027479478438
0,0.08877467699251959
1,0.1633389359380066
0,0.10717087890837054
0,0.13055499220528302
0,0.10713340661376251
0,0.13644390446562135
0,0.13656441345601347
0,0.12372191583974292
1,0.6638219964659096
0,0.1468271534696816
0,0.09322119363327709
0,0.08404737414381992
0,0.12336626128919512
1,0.8854151388406638
0,0.1028808081059209
0,0.08877467699251959
0,0.18089100403890224
0,0.23618197999855725
0,0.20060938327472955
0,0.12187358229142872
0,0.09285213710547917
0,0.7106768072268906
0,0.09565854280313178
1,0.9528505757131167
0,0.14984980151297572
0,0.17061102500179998
1,0.8768404916970132
1,0.5752474490437739
1,0.780465914541078
1,0.33076447687847005
1,0.47274472765537257
0,0.14712029496979626
0,0.11075130234866071
0,0.10756333960673051
0,0.17200488137798983
1,0.13567146698445845
1,0.1941180021337432
0,0.08877467699251959
0,0.106677202365242
0,0.13789457960968332
1,0.8836106862256246
0,0.15453972838716046
1,0.9607488294905343
1,0.19321989540921833
0,0.14453352937084057
1,0.739478102194088
0,0.11223709721597787
0,0.11252013387642587
1,0.8450260062400522
0,0.13776046629552413
0,0.5728435932653148
1,0.7378142930101793
0,0.12704859514383754
0,0.789011649621409
0,0.22325373480980396
1,0.5103165676219446
0,0.33541566291293906
0,0.13236965508795973
0,0.1376546457264156
0,0.14530063897935952
0,0.8145725385827254
0,0.27984586606602585
1,0.5291042316983091
0,0.19916333709101225
0,0.13196963434865108
0,0.14985615325357282
0,0.1312300740870793
0,0.5817391555007444
0,0.4559731376651127
0,0.21341105329385945
0,0.10102922764408398
0,0.15525827259137712
1,0.3916802650345194
1,0.23177643527369143
0,0.09322441108334374
1,0.6550516271898764
0,0.10723291312390053
1,0.7031697668316061
0,0.14453608862610937
1,0.19915768178498106
1,0.7321070397509092
0,0.12295393754028112
0,0.17732621338882584
1,0.24318731512090283
1,0.22498039152249144
1,0.7337202026406302
0,0.17222428272298726
0,0.1290335413747522
0,0.14435210928140607
1,0.6788624641344954
0,0.12837155565736721
1,0.7372574614854658
0,0.1084896288419317
1,0.6372663102883416
1,0.1742140761684513
1,0.9552921906901362
0,0.18519330686812813
1,0.851261512119432
1,0.15566190367501148
1,0.10882966103889659
0,0.12284647725593015
0,0.16044318470769076
1,0.27510983192900046
0,0.1273768647819276
0,0.6099098335730629
1,0.9116381962318327
1,0.23462163150629986
0,0.11298233365173403
0,0.1161760324493907
0,0.16531348836022433
1,0.6331997762957569
1,0.7807402919543379
1,0.7253272452593859
0,0.18973023792154434
0,0.09957334627062042
1,0.7509535361866192
0,0.1437843312625282
1,0.7738248677985425
0,0.13366536589848388
0,0.11515443029122088
0,0.11322703750145717
0,0.25438259592775897
0,0.16060176141314156
0,0.1947076174100855
0,0.13353109777671224
1,0.14045494949431628
0,0.14817433487547066
0,0.14435466648205816
0,0.11781925362467058
0,0.15594064740514327
0,0.17976719076948414
1,0.19765657577016413
0,0.15637021080076244
1,0.24546035162496765
0,0.09616623892046235
0,0.1642409809503193
0,0.1054510965154722
0,0.09250680165679022
1,0.13346368680923043
1,0.7213236629018176
0,0.11509482546897182
1,0.8860984736760099
1,0.8688710232597235
0,0.09584637620061753
1,0.702910817038643
0,0.6318365871961433
0,0.7289597384041983
1,0.1482068235333031
0,0.10787458313524577
0,0.11005796112641728
0,0.6788624641344954
0,0.14961541060734465
0,0.15079310181080433
0,0.6993820471247574
0,0.6030604316797047
0,0.10737859937334182
0,0.1673886654584813
0,0.08877467699251959
1,0.10480874866397666
1,0.6788624641344954
0,0.09109669787249947
0,0.10146424475405934
0,0.5032229880310589
0,0.14346135759372022
0,0.14904513653190601
0,0.2240523897604602
1,0.6597405969553158
1,0.13435521713047693
0,0.1187310479645309
0,0.08877467699251959
0,0.09793901524640054
0,0.18922216204641068
1,0.7411476232129276
0,0.13193631722867566
0,0.10632694621477691
1,0.09564648826267498
0,0.1086866320311766
0,0.1250592363608295
0,0.15537835118863036
0,0.23636690502978766
0,0.16669253982283094
0,0.13113500019909555
1,0.15453972838716046
1,0.6543100167021133
0,0.6361101105930919
1,0.6592229490482078
0,0.21536407812112449
0,0.19327263348157714
0,0.14137959557417526
0,0.08299939979133356
1,0.3800027479478438
1,0.7300166745403677
0,0.12107534754616081
0,0.1156359361983512
1,0.10459540814405834
1,0.748555485219235
0,0.09914333975658693
0,0.11134899404595563
1,0.8851207786515516
0,0.0877032181338502
0,0.19249673595547676
0,0.27930094762562646
0,0.5437193499700819
1,0.24564282246118258
0,0.11339172451699131
0,0.15284972940350153
0,0.6385622450235257
0,0.09945001480188323
0,0.1140991069414219
0,0.12717995513395478
1,0.11980554262465903
1,0.749640917016245
0,0.08281944606273911
1,0.6091354915419134
0,0.11226442548060366
0,0.11040406151931395
0,0.09183589934942399
1,0.9489261151022245
0,0.10803243805637636
0,0.11985286947707606
0,0.1419620399107681
0,0.1739540629796966
0,0.15765916793756593
1,0.3623896759597603
0,0.1153992291186075
1,0.4255502686090008
0,0.278021967482286
1,0.7415661844079632
1,0.4815216965012655
1,0.12918621440696867
0,0.12285881183305132
0,0.11602078286719723
0,0.09420383154329395
0,0.13433988945665215
0,0.09159130130808038
0,0.08834151821155134
0,0.1244281667277679
0,0.18396845563848574
1,0.09563830956285628
0,0.11399763592217238
0,0.19646082812757412
0,0.13588131801288705
0,0.18191116335292482
1,0.702155550854119
1,0.7478844616762529
0,0.10882966103889659
0,0.10984747345640028
1,0.6932481944147227
0,0.17898339940549254
0,0.10293627506811305
0,0.13599231064559297
0,0.15104153806293977
0,0.15251253249836497
0,0.1095919746617508
0,0.747876555704833
1,0.6583951960070236
1,0.8584442429648311
0,0.18003465191222828
0,0.13440919668854334
1,0.6635196273042032
0,0.11346573018857985
0,0.08877467699251959
0,0.1272856484927589
0,0.10463335724277167
1,0.1797210966790457
0,0.13236368626072648
0,0.11198293993740085
0,0.35614437619414047
1,0.23288637586087918
0,0.11752258846461013
0,0.7157725602796972
1,0.6788624641344954
0,0.09625114447744944
0,0.12861621645725416
0,0.09159130130808038
0,0.13789679314342337
0,0.11442962275211524
0,0.10105136214204481
0,0.19301116272158178
0,0.22384719572157155
1,0.11051122131758857
0,0.27603367819162083
0,0.10679147199455077
0,0.8972062661278226
1,0.9165474317356316
0,0.08439053530529976
0,0.12965508959972802
1,0.13088611877390802
0,0.2830439786209723
1,0.597933761040352
1,0.5147281396119059
0,0.10449770267381825
0,0.12363159122895988
1,0.8450260062400522
0,0.08877467699251959
0,0.10193043436259716
1,0.2380159228437944
1,0.13851391247474187
0,0.17725802153413034
0,0.15586775597012328
1,0.3260201172736333
1,0.15889070901988137
0,0.09511198184050644
0,0.11198293993740085
0,0.09159130130808038
0,0.09684565568858293
0,0.16721123874456037
0,0.14290037487733498
0,0.16020346914190298
1,0.6469971758829701
0,0.10961805572694563
1,0.11746478370165074
0,0.6757073013683553
1,0.35483058517966454
0,0.6324621520385998
0,0.1373127419801215
0,0.20300635928416805
0,0.093205004745771
1,0.19194949512134735
0,0.1774954686251311
0,0.5974514607126482
0,0.11930708866106234
0,0.22172316290292632
0,0.6461869419065519
0,0.1896454882790036
1,0.6736785839212942
0,0.11493965699896079
0,0.11334070935791406
0,0.12470405012054799
1,0.9607488294905343
1,0.23963386305312767
0,0.10965697412236114
1,0.5184045777356476
0,0.08877467699251959
1,0.5359637593492449
0,0.15708279270222078
0,0.11385780466767353
0,0.12359459346084357
0,0.1053705874627085
0,0.11198293993740085
1,0.9607488294905343
0,0.2633037141624227
0,0.08014651659966836
1,0.41731499754301427
1,0.8864943968393291
0,0.11322703750145717
0,0.13515513133795173
0,0.11246514954629637
1,0.9075497109892091
0,0.1419873047920481
1,0.5016212212799872
0,0.09553236529439775
1,0.10713340661376251
1,0.17970786817810946
0,0.0866841778596277
0,0.0987938205572336
1,0.5676497585087784
0,0.10526603003166433
0,0.11721977981966869
1,0.7092726907209361
0,0.14582995508937235
1,0.09398228865461598
0,0.14030191393605124
0,0.12198862364299398
0,0.1622607036668405
1,0.7275462306027187
0,0.11699377932252716
0,0.12005230783892093
0,0.1985152436557223
0,0.15417549668230496
0,0.10119299459926566
0,0.13331490855243766
1,0.8972062661278226
0,0.15282348007025576
0,0.1368868310885955
1,0.8972062661278226
0,0.12394957689724541
0,0.12654496581789965
0,0.2910377708723391
0,0.12306824229949559
0,0.13707894271492396
0,0.2519783587397782
0,0.26556344523175257
0,0.16331609170859646
0,0.07932219765367662
0,0.17491837651079267
0,0.13134078512181518
0,0.1713474859875423
0,0.15098433866707242
1,0.6569808010822645
1,0.3736741396122485
0,0.13688493184133982
1,0.20374555871579578
0,0.11788177985089185
0,0.07805938377036388
1,0.5020092577222739
1,0.9419661976818587
0,0.09635297016510408
0,0.1448047932348341
0,0.09717229899448182
1,0.20023462564294467
0,0.1432530528119493
0,0.10886162364339452
0,0.14084165179312425
0,0.11985375335586786
0,0.14079507057173643
0,0.12006434646417588
0,0.07871567149584446
0,0.7212157401634521
1,0.64046005668051
0,0.21295859017247107
1,0.7531760477028072
1,0.16134872205600134
0,0.08404737414381992
1,0.9686131042684536
1,0.6993820471247574
0,0.1391035161342363
1,0.14762155649225228
0,0.25553341210587144
1,0.15764074407842366
1,0.4264467134650852
0,0.130525785772416
0,0.13023647752157852
1,0.7258934303310991
1,0.22027977444523136
1,0.7337202026406302
0,0.21250789886884364
0,0.1221335457537024
0,0.17251037293193375
0,0.08877467699251959
0,0.10328472214471753
0,0.10526407655709294
0,0.10026721090168507
1,0.9607488294905343
0,0.11524487807176431
0,0.0925237453504389
0,0.10181798829899741
0,0.30898511071260926
0,0.8628666187008978
1,0.9118299846361453
0,0.12169394875466977
0,0.1054510965154722
0,0.13341126276173557
1,0.41731499754301427
0,0.10056553654803127
0,0.13641147379094232
0,0.08877467699251959
0,0.21085196703490006
1,0.30180215464226806
0,0.2134749131319597
1,0.315249137384778
0,0.10263972994981817
0,0.12649850782746064
0,0.16467704512083456
0,0.08654001110891116
0,0.11006539389505371
0,0.1375288940434911
1,0.9431605246080528
0,0.140754549226946
0,0.12267165274040608
0,0.08404737414381992
0,0.1145653250674458
0,0.20773397614538008
0,0.2615717165271345
0,0.11322703750145717
1,0.7160036977751738
0,0.2082106184673796
1,0.4876063444319844
0,0.1406224049841973
0,0.09599037169443253
0,0.09665250234402598
0,0.10760811095462057
0,0.09409882329658173
0,0.1463981825805894
0,0.2605593389508167
1,0.5539816409630453
0,0.11858123444995429
1,0.6866478007389996
0,0.14094720407973332
0,0.09964953564602058
0,0.13574316385861385
0,0.2248588144628891
0,0.10427922762175815
0,0.20030407988290544
0,0.502102367549347
0,0.7614112305331098
0,0.10782596930833349
1,0.38679583657408523
0,0.09476653132888758
0,0.45479986425271657
0,0.1322222578539336
0,0.09921140688659928
0,0.08877467699251959
0,0.12455451735493134
1,0.6649397241385341
0,0.11768529717750814
0,0.6788624641344954
0,0.7790305606805156
0,0.09962065743572408
0,0.23332495686091612
1,0.7214939953051629
1,0.3301926192035837
1,0.13781681619876004
0,0.1360159830690511
0,0.10940062342489604
0,0.12877371718761757
0,0.10012906304569216
0,0.10872240917100723
0,0.1247805119180152
0,0.10882966103889659
0,0.10359926268445241
0,0.5373711473271428
0,0.13265553098700997
0,0.44691511789462307
0,0.1066292939503203
1,0.6207841221349736
0,0.11635042506531094
0,0.11488755616416096
0,0.12428621527384784
0,0.15263993913641116
0,0.15872799994467446
0,0.10830402673107065
0,0.6788624641344954
0,0.10999010889199769
0,0.1361087031563585
0,0.16317995801808835
1,0.13875428467944992
0,0.15703560472522773
0,0.589791947349343
0,0.12367867134335034
0,0.10676056909040443
0,0.17526525862711312
1,0.8589225927080685
1,0.9500345437762487
0,0.12397955728126143
0,0.17075072246193637
0,0.45061178992026013
0,0.08877467699251959
1,0.885610526123207
0,0.131092112665541
0,0.5303935873475271
0,0.12500774663978345
0,0.07997662705604722
0,0.11244351166841579
1,0.8931281320937424
0,0.13421340140426244
1,0.11803581319829544
0,0.11993727013897541
1,0.5818994050546616
0,0.10855484039293241
0,0.14738583248158318
0,0.08719395855863937
0,0.6178981010245679
1,0.7615137668382296
0,0.08512044859164804
0,0.2704180432072924
0,0.12604505420134232
0,0.48146662048218525
0,0.1621644496479842
1,0.5387481100344632
0,0.1251758091637117
1,0.15088343039731886
0,0.5414983392300055
1,0.5995024682531652
0,0.12940488848887727
0,0.3934884012439947
0,0.11352589386396604
0,0.07771006929583307
0,0.180121438877139
0,0.11702352341410009
0,0.11593272316341381
0,0.10713340661376251
1,0.2946710959164665
0,0.13535653317136645
0,0.107732563078608
0,0.1469740303233389
0,0.13296473168324338
0,0.08877467699251959
0,0.1017606323550703
0,0.5282310565008668
1,0.10240610376506284
0,0.1237614534528602
0,0.6056314582062527
0,0.7138430602912054
0,0.4494429467275931
0,0.14202918759567007
0,0.14074308498245958
0,0.13234134600234077
0,0.11985286947707606
0,0.11329423612703611
1,0.20439666614803026
0,0.1831760524874642
0,0.2469739575886883
0,0.10593478070136327
0,0.12133999948135249
0,0.0873137335096002
0,0.14227547491423792
0,0.11451537530158923
0,0.12123953772716382
0,0.1244281667277679
0,0.11633245588993338
0,0.09407122270247546
0,0.1309329813957569
0,0.11322703750145717
1,0.880290388166469
0,0.13405808414581696
0,0.1028808081059209
0,0.15252301751653827
1,0.4309508519284752
0,0.0893462032783981
1,0.6715970803128977
1,0.31268960526844614
0,0.15630764579699163
1,0.1378948190390805
0,0.1638567573636997
1,0.5660504215570037
0,0.13437621328553662
0,0.1584016700729893
1,0.16391886846145845
0,0.1347895955946365
0,0.1346865069678332
0,0.09357931833593235
0,0.142387750296805
0,0.15639126276953738
0,0.1120589290533987
0,0.08498258076620521
0,0.12263446212259747
0,0.18998307586879307
0,0.10626465466020661
0,0.08877467699251959
1,0.4714648799957001
0,0.14510445152042784
1,0.7131952594248815
0,0.15520771600477296
0,0.702155550854119
0,0.14022962873557415
1,0.9107375084463395
0,0.918359356064284
1,0.10328161628141012
0,0.13321282748189997
0,0.09921301217896271
0,0.15560069632279588
0,0.10882966103889659
0,0.124278596256059
0,0.12321785451028414
1,0.17910732195504825
0,0.10307999933185065
0,0.17910822505929486
0,0.2686818730880593
0,0.10449459824920285
0,0.3041944771104293
0,0.17734615229945513
0,0.14844148432630663
0,0.13611682666905445
0,0.10575845613828028
0,0.12905536965200703
1,0.247143491934952
1,0.14187519985243965
