target,prediction
0,0.022062930020555975
0,0.33916058661559845
0,0.10148754822814647
0,0.022109021971397125
0,0.016740698502455638
0,0.38333071359566084
1,0.13070038758655853
0,0.659286785502976
0,0.22375848235490162
0,0.025066966858166725
1,0.7820318728006403
0,0.010267293229783023
1,0.11007650504158153
0,0.34756463892044814
0,0.07416556501459612
0,0.27705369113437134
0,0.045404143731169334
0,0.04258439238942221
1,0.9249032086986245
1,0.9104058184355909
0,0.0914713571817797
0,0.005128791372802307
1,0.12742630321189286
1,0.9438762160589789
1,0.8239654857792631
0,0.8857058837189007
1,0.3655295214873306
0,0.054817807389790134
1,0.7830229523443217
0,0.009581057304038455
0,0.02490338260715843
0,0.006105887755144846
0,0.014709276692739729
0,0.08986165542789608
0,0.06191651486921688
0,0.2889802644838164
0,0.02569918304430959
0,0.04610443619760928
1,0.8434595281191591
1,0.48260500450137855
0,0.18114573343890086
0,0.45879002994982204
1,0.8940338194099574
0,0.16295644260883227
0,0.09759528480644954
1,0.6209445126245416
0,0.09053218272995275
0,0.023051951119079504
1,0.946086946711862
0,0.08898905495257242
0,0.03628141283389401
0,0.13385159936312177
0,0.005428154267624142
1,0.32526338468912647
0,0.059986992670755065
0,0.01575522822556451
1,0.8149254583002729
0,0.12294743845560546
1,0.716082501423924
0,0.0705766097568579
0,0.045162831068325464
1,0.4416769465591807
0,0.23634526497634514
0,0.3496242737229074
1,0.24823198157287996
0,0.05053808046281061
1,0.6274663593521788
0,0.31406382531370836
1,0.36810481183140015
1,0.7682497363898482
1,0.862956444495966
1,0.1853557796831592
0,0.012406531376548699
1,0.6893657741030755
0,0.04093054718762726
0,0.10974314249479601
1,0.9876295585902968
0,0.0827509135483278
0,0.058044330545975
1,0.9262327247604502
1,0.2422481453663067
0,0.01242268048043919
0,0.046404186046642745
0,0.2832217252714319
0,0.3004789048835733
0,0.021352790130056632
0,0.01985904494936513
0,0.0718818559925339
0,0.9403634519910558
1,0.9463939828825744
1,0.8791301085680497
0,0.055132370650359745
1,0.6999960505437416
0,0.0074022271926907635
0,0.016194895953931775
0,0.2319364212595916
0,0.21127867377077666
0,0.18919277328709452
1,0.773014195839418
1,0.6895952456524241
1,0.8991122483167421
0,0.03654380391823755
0,0.11657473132929827
1,0.7869958432838426
0,0.018221167676292917
1,0.5225853709486366
1,0.9719195955789299
0,0.008577176148965263
1,0.502387527826301
0,0.45607658677900476
1,0.9244915731414817
0,0.14400188350542167
1,0.6535753253406353
1,0.9405638530028011
1,0.7974538878329458
0,0.03570039670931998
0,0.045233405516848395
0,0.3337873824550218
1,0.547374422855027
1,0.8733316729133226
1,0.14346162130143658
1,0.870976690234995
0,0.031420803697137414
0,0.021580598155744386
0,0.014883169145993051
1,0.9803954662033146
0,0.010593218517605505
1,0.33806445255847806
0,0.040398226801812855
0,0.02448339182591259
0,0.3303097028758413
0,0.023883648780005796
0,0.4410014206366781
1,0.7537701474262349
0,0.08211921460197345
1,0.5460094873431698
1,0.8876592782361767
0,0.2327986456795067
0,0.03310393709854914
0,0.41674848092362504
0,0.08825352025713491
0,0.32796382417243514
0,0.03602593785680271
0,0.029436893110421868
1,0.8786989398387006
0,0.04626299777815463
0,0.10865425757520014
0,0.008556979997238872
0,0.02232399749980979
0,0.4320126779914762
0,0.02519584624964347
0,0.09009472484232256
1,0.17360959720744215
1,0.8258450952299944
0,0.06864264232426183
0,0.06168809040124326
0,0.45556839446858144
0,0.013139520701262524
1,0.5623056893924671
0,0.03372409090542576
1,0.5880661483796574
0,0.09217006443764823
0,0.008476672473188557
0,0.1068696119253629
0,0.8387568958261368
1,0.12607041723641943
0,0.1940721522439899
0,0.02845310697565958
0,0.012973951851762358
0,0.22090676461115163
1,0.894809790952211
1,0.3814987996607179
0,0.055536479588029326
0,0.008237197057763513
1,0.6874846248766233
1,0.4472996979393509
0,0.08031997038174535
0,0.027430803194263106
0,0.027937939186129846
0,0.5422121355194037
1,0.7858793295991561
1,0.7024685713537075
1,0.9338580755835583
1,0.9169310241253312
0,0.007426200695066581
1,0.9425669408177834
0,0.05756506631404193
0,0.05695643103569487
1,0.8182070630354712
0,0.16975289494195323
1,0.7446816785864876
1,0.20235363348561494
0,0.05594171161058856
0,0.2214613392408284
0,0.0219816212319384
1,0.6981979179088483
0,0.14662410204843193
1,0.3393130781676519
1,0.6697442178969323
1,0.8636894618029898
0,0.08495591105527363
0,0.05660398987731185
0,0.013475079890131364
0,0.11289326784012516
1,0.8266799774405662
0,0.16345926894439736
0,0.04521463495292271
0,0.013939924281644945
1,0.17747678669331565
0,0.024817867333338357
0,0.06761868499946615
1,0.230534994024071
0,0.013748419913069286
0,0.14496180345747076
0,0.007270963766855942
1,0.5022736187880634
0,0.8758961312136833
0,0.0035213438036712447
0,0.43457428797654285
1,0.6912470136403602
0,0.01901446409130748
1,0.026440714778750082
0,0.004225616914417821
0,0.063424786920919
1,0.7211434457405189
0,0.2406291532070401
1,0.849635544957719
0,0.02692119913471194
1,0.8961099000469008
1,0.09733927348192312
1,0.9343903546013751
0,0.02082736876092922
0,0.02926930624481136
1,0.14787554482914753
0,0.017530740729948327
1,0.8906961889202452
0,0.18343659536481316
0,0.006426560962669567
1,0.834329226317565
0,0.7671646063864126
0,0.02062986193967799
1,0.8445865824127332
0,0.017632180513463075
0,0.08644155656590463
0,0.11980271258567193
0,0.004070266683501843
0,0.40180066592354363
0,0.013204421575497139
1,0.9345937845019721
0,0.012584494307314764
1,0.525703735202349
0,0.3375239723478756
1,0.8451137624180214
1,0.9741089964683736
1,0.6113996502775356
1,0.7826831018965857
0,0.4854432045664856
0,0.017216701395127626
0,0.5133752599937975
0,0.024340033612131967
0,0.6837516310927204
0,0.15821167049321677
1,0.6943486716826307
0,0.08615029696626912
1,0.7985427419428993
0,0.01181562711854248
0,0.017698840211899297
0,0.8303171269498494
0,0.058763753916497886
1,0.49046842548190184
0,0.02528792180065164
1,0.812195196534213
1,0.9164047240019798
0,0.1622601301880459
0,0.022518646070460585
1,0.8863029200333971
1,0.8611933217265435
0,0.4274231984223469
1,0.775172613305966
1,0.890217015261969
0,0.021006443529596526
1,0.7916549597358055
0,0.0027998888163672997
1,0.7469989313158236
0,0.041487502473441414
0,0.030609682715173118
0,0.4584031922768805
0,0.261099115877775
0,0.07186908633121132
1,0.8896845482778302
0,0.05316904614966254
0,0.05906325038732093
0,0.5636122195868672
0,0.6458913901630449
1,0.8593885397331313
0,0.00520064908193196
1,0.9526695354390016
1,0.9622806371955107
1,0.8779762872988109
1,0.9773883514589067
0,0.4276768720251601
0,0.04816889407524587
0,0.018659894319690926
0,0.5209090769801078
1,0.8413900648471164
0,0.04274784124682468
1,0.7390917996578201
1,0.08754978279616904
0,0.026262252366682903
1,0.8207045545600145
0,0.044156013228598315
1,0.8983818280365937
0,0.003462767948220402
0,0.00322417508782003
0,0.015334456624726826
0,0.060899061704388524
0,0.3787208791493453
0,0.04741625693575598
0,0.03928683627522751
0,0.022241912447643637
0,0.09715897803411087
0,0.04916130358651766
0,0.031318327554752404
0,0.012166194058282684
0,0.4209981918042913
1,0.8818069458158784
0,0.01609517998916699
1,0.803163583498086
0,0.015733357554685544
0,0.014745777824205117
1,0.7997040679071227
0,0.490120713797732
0,0.08420021755157747
0,0.02001002277025262
0,0.30910782325158725
0,0.046017819209192234
1,0.6109446109379552
1,0.6547647969833006
0,0.19494194445246854
1,0.9032935279028278
1,0.2203928530919876
1,0.9459678025213288
0,0.05625216540903646
0,0.024162174696480295
1,0.8012810899517703
0,0.010084998221117211
0,0.737487504951118
0,0.614040104050289
1,0.6169922693510167
0,0.027312442189561328
0,0.008383587436156106
0,0.0680987027287726
1,0.4621503671697691
0,0.018412588524456135
0,0.1382803032803497
0,0.2888453959399427
0,0.07749197256909202
0,0.04099768927711933
0,0.864592917259278
1,0.3979453601062793
0,0.0782123849502928
1,0.9736546390362079
0,0.007442044096733745
1,0.17718388620825887
1,0.8086800025446168
1,0.9665859363120815
1,0.9100057635294928
0,0.32606502337675186
0,0.01591662859472036
0,0.10034485126234674
0,0.04113164531964226
1,0.8658429264334663
1,0.3411514743516787
1,0.2532630406198075
1,0.796530623761345
0,0.40520364093185723
0,0.6644483057116523
1,0.5954416338889718
0,0.14499427297348336
1,0.33330200310724395
0,0.0551541036835375
0,0.0266226054593082
0,0.05093898195483704
1,0.6348140875077644
0,0.1297096264172097
0,0.014957305291667968
0,0.04662059950436775
1,0.9698636417705752
0,0.04558345615437467
1,0.902728723670238
0,0.007729247826687435
1,0.7857515856801889
1,0.9922749068328187
1,0.7147846736321896
0,0.03459627870868498
0,0.08248855085916545
0,0.5517787967570055
0,0.04778432465533536
0,0.1315887835493484
0,0.1594109851520723
1,0.9108213546202315
0,0.039499079342691944
0,0.3444741379567171
0,0.14601740962942678
0,0.030728086683068284
0,0.39186548173729235
0,0.14996518286495245
0,0.9208887899745722
0,0.4878342606135949
1,0.7353840564987392
1,0.03619550320134268
0,0.4278417968527675
1,0.7888876215231606
0,0.024035132809965318
1,0.9728545884822424
0,0.023201275736610474
1,0.55319055516337
0,0.030563692123075643
0,0.23251878440015095
0,0.32813894172618474
0,0.16110532652377435
0,0.393259579563724
0,0.023165540727197103
1,0.8695995098623583
0,0.011330748473742476
1,0.9287862622306066
1,0.8746384556096543
1,0.5938090787864525
0,0.8956703435018755
0,0.0035080881276073317
0,0.1564547751187755
0,0.013914734864269723
0,0.008184816524496435
0,0.002880757567476442
1,0.9497275533961219
0,0.1381782835274178
0,0.02883896418239514
1,0.5683942663344447
1,0.9464335938612503
0,0.5799333450307943
0,0.3876586335559546
1,0.42466913576206916
0,0.07124379783404658
0,0.39653224555469
0,0.05643692228662125
1,0.9357583633510151
0,0.02799782353836309
0,0.09814215825877709
1,0.8163814162576852
1,0.10125636250985702
0,0.026504713943467532
0,0.6417931429113606
0,0.005041194680222959
1,0.6081230530834997
1,0.7874314504044012
0,0.40180066592354363
0,0.02980564511931768
1,0.2977399080317315
0,0.02139036897251479
0,0.029900537369403107
0,0.012860061324217338
0,0.04085241636433942
0,0.18086637882897935
1,0.5429133617815309
0,0.4339149078662853
0,0.1440927450702979
0,0.4302063052010165
0,0.2101381530076205
0,0.12021634717630367
0,0.9566683147629893
0,0.38712273397789554
0,0.6530456521821484
0,0.038082819442132716
0,0.4206132484878435
0,0.007180452991455237
1,0.14727160872072523
0,0.05419722522004824
0,0.051891686668062605
0,0.38902409544422856
1,0.9368819426426257
0,0.005939366895694673
1,0.19967261735429712
0,0.034101102634627005
1,0.9236557103165755
0,0.013414465070920478
1,0.9012638222941347
1,0.7796126704181533
1,0.7982681180081603
1,0.3982996923047478
0,0.11775567787145494
0,0.02963448065427334
0,0.03630371266720528
0,0.004677434877935437
0,0.13749064233434183
0,0.0026157278712442915
1,0.8801439986941851
1,0.6233060451881475
0,0.01240818236301728
0,0.04667822541084582
0,0.2620326958904143
0,0.05504787976604597
1,0.6007443539903861
0,0.3639264007780088
0,0.054576110420648444
0,0.13049930349835517
0,0.012755770744690689
0,0.017899012653714023
0,0.43647369535303554
1,0.7956120996670658
1,0.4684688398470777
0,0.09732353552535414
0,0.04024983907049144
1,0.8166824518698463
0,0.24727459675771504
0,0.044966722885735166
1,0.6219678171648092
1,0.31168072404420316
0,0.009310374847126225
0,0.18879842716481457
0,0.07491513436851698
0,0.10858028661553099
0,0.5308279610677875
0,0.20495566806507845
1,0.36595577623409214
0,0.0957392756165725
1,0.7147085957186277
0,0.004847881671705089
0,0.14220005722771345
1,0.3090004793284333
0,0.008075533438868585
0,0.06716850142558135
1,0.13128524111304848
1,0.9028486851090617
0,0.021193296547850307
0,0.14340346419090497
0,0.028697649228388054
1,0.9771149558066974
0,0.014843458661728285
0,0.1370454248415659
0,0.01089814382004247
1,0.4921522650160724
0,0.9073987855462162
0,0.05992161798504779
0,0.01222759358855651
1,0.9246480478778286
0,0.04643898315212544
0,0.35290753158939075
0,0.020879477315319372
1,0.4295703185596412
1,0.790898436794667
1,0.6469244284421609
1,0.4804992232621883
0,0.007973693503495766
0,0.11435513467417262
1,0.942749041144791
1,0.9193693216023994
1,0.9488000764218563
1,0.20262843827905544
0,0.853099038877967
0,0.06628452215800264
0,0.1755379801284585
0,0.06273024620082399
0,0.025338213156678217
0,0.08342884138266107
1,0.7312031703402785
0,0.006064233263639553
1,0.933638441934852
1,0.4550100116139665
0,0.45627751320014337
0,0.009675215826505833
0,0.02764480042281852
0,0.6889474911015359
1,0.8834961200170962
0,0.008031706148932609
0,0.20212005007268
1,0.687945641588055
1,0.8443111458575349
0,0.04491212059247976
0,0.411215305057277
0,0.025457427336275484
0,0.0854406896767814
1,0.9653887224846049
1,0.7237407044536143
1,0.42563541264180643
1,0.9274226836314751
0,0.0980317480413595
0,0.09211843949080277
0,0.03036707576266395
0,0.8318843618496057
1,0.2721872629111277
0,0.03949354305372192
1,0.8727115631610551
0,0.5894580181621865
0,0.010483662869145791
1,0.7537833240628861
0,0.01713346344785771
0,0.012826901960841562
0,0.11491948653828332
0,0.04061461327836724
0,0.1151099925539773
0,0.006973889598496843
0,0.048533260441815204
1,0.5211967634508612
1,0.23197974987007386
1,0.11463656717566913
0,0.014468767499118145
0,0.687364103379217
1,0.45121045837433327
1,0.1145622434540679
0,0.03689732400165318
1,0.9215932741984811
0,0.128226193636326
0,0.2629777543070166
0,0.010184076566538216
1,0.12211697925733306
0,0.2879499639137131
0,0.005710634657480274
0,0.16123765505641052
1,0.9613384428833712
1,0.9704199830698803
0,0.3864532582256906
1,0.8637199515975592
0,0.007889418686920205
0,0.4750025146087919
0,0.4712838360630213
0,0.2460853085758402
0,0.15932137073315178
0,0.8697824680624686
0,0.37605028590670114
0,0.07253453762622004
0,0.05991682012193081
1,0.5915138124905317
0,0.00407136368972254
0,0.0674893106499564
0,0.055582487559211385
1,0.91616017151426
0,0.5853015711894672
0,0.045758491900456194
1,0.8428987749693484
0,0.15593774013279607
0,0.07927206478028764
1,0.8721849979055576
0,0.009526793419395692
1,0.33262198426712514
0,0.2506022184730466
0,0.11332191723554592
0,0.04331291578359812
1,0.07954595446582803
1,0.9441223376451723
0,0.06860958753695362
1,0.7432714686334574
1,0.8502688425075081
0,0.11549803195381426
0,0.016713696406237266
0,0.2416632778391067
0,0.8789794645417964
1,0.16775111774766674
1,0.9303544061302135
0,0.05810327392273323
0,0.06939735371815663
0,0.008672021343260002
0,0.10961289705365637
0,0.02497972629369136
0,0.47835568783380905
0,0.5662930937388123
0,0.016401828935990456
1,0.6946690506000359
0,0.12935000551377937
1,0.9093354630918498
0,0.0038443036023470523
1,0.9503324082753117
0,0.028726602991894827
0,0.01383791736385361
1,0.9173831203241579
0,0.009374176988164222
1,0.8749643544746748
0,0.764817368101897
1,0.9593778967948527
1,0.829501101576472
1,0.6847819475649268
0,0.04823036674187003
1,0.07161776929894101
1,0.9003836852524382
0,0.003327482214972126
0,0.17497062327866006
0,0.0719012922912635
0,0.003357198741096341
1,0.9050640092622825
0,0.005913650468641076
1,0.15898709893209986
0,0.4437514160334439
1,0.8039269401983034
0,0.007843868222309598
0,0.12861910325189382
1,0.46256533541618833
0,0.12275217453055684
0,0.06407743166126069
0,0.020145307998499788
0,0.043454755039041885
0,0.2486450805452333
0,0.20562410226953698
0,0.09096150125874737
1,0.33679168921965286
0,0.006637764603596399
0,0.8169352129296085
0,0.026366166749346817
0,0.010208033454692785
1,0.35889971505989854
1,0.872639988347637
0,0.07342183374261142
0,0.09242275327859184
1,0.2946870968126153
0,0.0037160252020325807
0,0.04003247691167459
1,0.8390546338350701
1,0.8201482534972604
1,0.8105546536962616
0,0.21378526702821876
0,0.610688194167791
1,0.7277580951178895
0,0.09299634245438985
1,0.206246043790962
0,0.0816690876027135
0,0.07981653280524256
0,0.019936425590274608
0,0.08518431867483604
0,0.14489518392605677
1,0.10399764266941901
0,0.023991072972244648
0,0.08333895282696198
0,0.22095648445084837
1,0.9003442254948983
0,0.03983679014230075
1,0.7912093063335772
0,0.029280628950793138
0,0.4549500457273103
0,0.054835241282347846
0,0.3054637409999276
0,0.06307921202038284
1,0.21643937764397955
1,0.8706278544351587
0,0.02496780748633352
0,0.024034233148337743
1,0.5924774491133528
0,0.7313694446672873
1,0.9521609239110141
0,0.30574564951685945
0,0.008117023800695997
0,0.27328915210215604
0,0.17018762010375774
1,0.142287172749131
0,0.04367052504528987
0,0.47743247603767736
1,0.2708086088071486
0,0.6077759793555345
0,0.037798934070446495
0,0.6166630872294557
1,0.9407557966948481
0,0.014541178493586647
0,0.8503559105441633
0,0.010909219641899955
0,0.018402751331193068
0,0.08602067176611097
0,0.08877768737735801
0,0.022134979654571944
0,0.08929542626892983
1,0.8232607372493319
0,0.009663078909005534
0,0.3068055545430463
0,0.021292738697840825
0,0.5069560174212874
0,0.212154338149217
1,0.9212143109622943
1,0.8996999971571057
1,0.9313829550242105
0,0.6873152535150023
1,0.9135485766817901
1,0.6600181977471556
1,0.6047261250402347
1,0.8965558287173881
0,0.4872314897216344
1,0.8904476280919649
0,0.06653217767848847
0,0.03169614622944137
1,0.7495213037639044
0,0.08123761384111228
0,0.0281607869971094
1,0.37766036613589166
0,0.1627596251459501
0,0.019497654758286468
0,0.007457043497947534
0,0.028008473618558464
0,0.8630527911900949
1,0.9108490138221511
0,0.8986059538067501
0,0.0479332289746862
0,0.05517803980304016
0,0.7399703584823023
1,0.9729884651309796
1,0.3959681890924663
1,0.46636447988151025
1,0.8304875680450375
1,0.6154349404354472
0,0.38284168891068066
1,0.30948033318819473
0,0.10386238256910699
1,0.5979965096253781
0,0.10767551131917864
0,0.09558823649285962
0,0.12827478189753047
0,0.4376967710430353
1,0.9863737652910947
0,0.043057393507465735
1,0.7804295534009729
1,0.8186720286280121
0,0.9198879503758634
0,0.16401288207116504
0,0.6025107015791196
0,0.08633760355216866
1,0.5396001006435012
0,0.04285133333185611
0,0.006189157753208112
1,0.8688873065482521
1,0.9105877369861147
1,0.11531732271666377
0,0.05837940351586066
0,0.06452377574296476
0,0.2421476091232486
0,0.3972825866314286
0,0.04059732518159189
0,0.10187181667195334
0,0.06511660638737586
0,0.08540820450848648
1,0.5222467689631687
0,0.0063523747404935615
1,0.394940515086594
0,0.1989753501094193
1,0.9183831567254827
1,0.9321873872093169
1,0.8039257724564425
0,0.010220004168169013
1,0.8645346355165396
1,0.9509530731093538
0,0.03819819402006902
0,0.08749988952734904
1,0.5588910827300164
0,0.4038293574542995
0,0.005951383046343683
0,0.006848396465968062
0,0.0664188323156637
1,0.8798671176542274
0,0.7151542222280212
0,0.3641153024417608
0,0.027227730415650683
0,0.035276748072537306
1,0.5050227349127525
0,0.24983085433081362
0,0.2709990845720781
0,0.02170460488924302
1,0.8638548393854366
0,0.32174782997053036
0,0.02021827262499709
0,0.008758628202922406
1,0.10024904188946678
1,0.5559680205316984
0,0.012781922062394282
1,0.6442207307430152
0,0.011704268294851165
0,0.3803956811124569
1,0.9697098390194278
1,0.8063343279773363
1,0.8078808098855357
0,0.4263492618746782
1,0.8272463046477005
1,0.9499500889347704
1,0.2100555351860901
0,0.1597444330553593
1,0.24854765662364972
1,0.9560315363644065
0,0.01127093501238969
1,0.8853356644667616
0,0.14898750511947823
0,0.01703368520051054
1,0.7205831185961984
0,0.8282415070080055
0,0.05846844807705021
0,0.09459437458462301
0,0.1133389203672749
0,0.021587019236804585
0,0.06253269904200294
1,0.8145081113358705
1,0.9435536224866058
1,0.8975438346681605
1,0.8746366711134599
0,0.006881100646773282
0,0.023620035880534934
0,0.1351414471006916
0,0.014319896573582546
1,0.10622044983068134
0,0.08279875294878289
0,0.009964840063553134
0,0.06740705842248591
0,0.01414361813062654
0,0.1936973243707423
1,0.9281505781547651
0,0.428645246507758
1,0.9371874346352491
0,0.04511097584625627
0,0.12258300036551092
0,0.03435245909793597
0,0.7114416182906461
0,0.09217734790365496
1,0.934162148545258
0,0.9351727893029685
1,0.6792798846446595
0,0.015847448219004863
1,0.9150204346949019
0,0.007843656515999445
0,0.1257847499400045
1,0.9045103859876994
0,0.15286762056581482
1,0.7533430543500224
0,0.6690033613758077
1,0.7183847848918922
1,0.7356945798255885
1,0.9824351022015154
1,0.16271967504957446
0,0.12768641122370292
0,0.2661785948463771
0,0.10152552182220398
0,0.013095548537352272
0,0.07584849508762861
0,0.16632538964726482
0,0.6823886677109057
0,0.28931135860989293
0,0.37356101840451594
0,0.044983116130805106
0,0.29784779166342995
1,0.33724553830100834
1,0.7110598766364054
1,0.881382345186717
1,0.7870165323228786
1,0.2449345708897705
0,0.08855142231521326
0,0.01681401083551362
0,0.25921100764130445
0,0.01619571080899256
0,0.006738302391285988
0,0.039987269716487486
0,0.02892625707542505
0,0.8758295549956875
0,0.49931142432944026
0,0.5032135844470965
0,0.3378506190319195
0,0.3036219493428649
1,0.9567757326351067
1,0.8808548512426443
1,0.796644239861072
0,0.020382122753845683
0,0.05379155359258436
1,0.8694742547605281
0,0.1875339154440612
0,0.011893441261997888
1,0.2689618432949878
1,0.9205236633300435
0,0.08717142289046587
0,0.6499762405690045
0,0.010303304263752798
1,0.47464322033589634
0,0.0067935456877483
1,0.8556252201251806
0,0.690980542194142
0,0.01633266263788018
1,0.9365699208625422
0,0.18071553827748046
1,0.9115992875534402
0,0.01585023227634307
1,0.9131097598510527
1,0.5772284717484474
0,0.26698652254016614
1,0.42459018140278537
1,0.030900473854860135
1,0.5614767519864647
0,0.16401757951639293
0,0.0684116675540472
0,0.0968108942874158
0,0.01959593281472507
0,0.32937566781953603
1,0.9387129538553325
0,0.3861743338505109
1,0.4455861730467578
0,0.09213268217949924
1,0.7789687110941055
0,0.05637603054767567
1,0.7114008207124637
0,0.0037448775845548075
0,0.011661999357900308
1,0.8536318166753394
0,0.020914839207829328
0,0.0292092631741138
0,0.10381472664890203
0,0.004698610808444055
0,0.2183900595297694
1,0.972687787843236
1,0.27230903774983783
1,0.8835155176567947
0,0.007094757095602798
1,0.9381426282589655
1,0.8979083471317505
0,0.019674604566733533
0,0.006099710104682294
0,0.6319063115481988
1,0.9049177917272556
0,0.597252920643961
0,0.9284500829197655
0,0.39453040121645244
0,0.04358020598561182
0,0.15587061797150686
0,0.34996913746992947
0,0.024599522512632345
0,0.11382876647016504
0,0.01705741142351932
0,0.21598213074001366
0,0.0024977385093159447
0,0.011267915135383059
1,0.9395226133480148
0,0.2505841607912427
0,0.9461886042122241
0,0.0052996430078277755
0,0.04465682925932243
0,0.8999832719667497
0,0.41418177061533357
0,0.5060491850449168
0,0.028035190415205975
1,0.35291091453432977
0,0.006144245721801904
0,0.017108602865318446
1,0.4843133353019601
0,0.6010509293604899
0,0.043523578908866656
0,0.029015652588042107
0,0.5759698451496663
0,0.4125275872652832
1,0.9119517140255347
1,0.32759956791427686
0,0.22042497162640567
0,0.12619532966821945
0,0.057584590352302636
0,0.395123771694348
0,0.07402270040220296
0,0.07948251084276779
0,0.5752911065998713
0,0.08222550211647074
1,0.8648106838957343
0,0.11964305935667802
0,0.09847730886017135
1,0.6865466798019814
0,0.022614454831783877
1,0.8198435840144725
1,0.929355801213528
1,0.7427601051967108
0,0.49958460492494156
0,0.5667156626125862
1,0.6993884122251715
1,0.2904902123961879
0,0.02352567320381868
0,0.01567889493383644
0,0.09893005958644624
1,0.8515796056663613
0,0.01115962136520114
1,0.8783922149299479
1,0.8109525590114782
1,0.6461524248351023
1,0.5688868249947409
0,0.05642268520628195
1,0.8044353904162524
0,0.1993203622210427
0,0.02596154956298555
0,0.04468575169823224
1,0.6372048554266335
0,0.8321211216339568
0,0.3968437391249858
1,0.5811762976079874
0,0.041393249750997965
0,0.024944452331106422
0,0.1763634140214999
0,0.010385908962337138
0,0.12431375768185464
1,0.4133697852995611
0,0.013967661093216571
1,0.19825635986739187
0,0.03568540956405629
0,0.010638017290902288
0,0.01549493721430644
0,0.07620811748017385
0,0.09837717550923158
0,0.018840404158807916
0,0.3350128224354081
0,0.6392861374852631
0,0.23173193727653504
1,0.45560943121810504
1,0.6134883890314416
0,0.43019186064156784
0,0.006106316781953403
1,0.1184686697933532
0,0.01365501614383017
0,0.17693448834999342
0,0.009866273027782658
0,0.07045989601288287
1,0.1804299990779506
0,0.41299680662856336
1,0.9809153382981345
0,0.5540766630841093
1,0.6568509747621046
1,0.922821451917243
0,0.010606574339096914
0,0.009298582956730915
1,0.6170519969120041
0,0.009948021060867238
1,0.8915572793409746
1,0.8694375065927059
1,0.9297146215209187
1,0.8591052553288597
0,0.18650111454424273
1,0.778210399547771
0,0.13147185968347994
0,0.2433686765974243
0,0.7151007724142233
1,0.6212293613189441
0,0.08878099651350013
0,0.634050205172673
0,0.03218254712032363
1,0.16309259405424092
0,0.1281809044531266
1,0.8438491446098091
0,0.005791977773469111
0,0.25407697265525503
0,0.13329120006424713
1,0.403403585149613
0,0.007132778294460051
0,0.28338403419955954
0,0.02025098485918308
1,0.5101137543115395
1,0.9289613095501201
1,0.8183131504729708
1,0.796644239861072
0,0.14186001784642366
0,0.4431887979297878
0,0.09783945895634515
0,0.19622377937547664
0,0.15067456182886776
0,0.0330666150429919
0,0.14689100394496318
0,0.048378637356616766
1,0.672411210508478
1,0.9744595338844944
1,0.005904439915261534
0,0.013323365260637474
0,0.23288073238590595
0,0.11013581773734367
1,0.7658480794213828
0,0.0041738019264516354
0,0.4755956638298614
1,0.7143716541528117
0,0.007048396761492101
0,0.016644385325140915
0,0.017715122904212986
1,0.5026620485999475
0,0.03547472998479505
1,0.6719628462254853
0,0.03264485573819493
0,0.17445591836559945
0,0.8810380809704271
0,0.051458275780618234
0,0.3259680051972582
1,0.1055574253883481
0,0.5049381278129886
1,0.8828169798221255
1,0.7944656532228812
0,0.011030341978530275
0,0.0390153790895042
1,0.5302945099076832
1,0.9130724073581953
1,0.8698472469392061
0,0.0976174481255993
1,0.4405749980935273
0,0.12218262463891337
0,0.0301236828814054
0,0.013933566774751233
0,0.19292617483939145
0,0.5464699707662399
0,0.7049788196880051
0,0.01983239289032178
0,0.011719995230121932
0,0.5656909244150203
0,0.008286132757003338
1,0.8281316772501052
1,0.7371708245295969
1,0.9883145227201034
0,0.06310738380360599
1,0.7802512039276523
1,0.5450693406269669
0,0.7093870770300056
0,0.026845594857693986
0,0.08147997776335104
0,0.017459993192369194
0,0.4980978293750622
0,0.46872070246638037
1,0.8892123276814939
0,0.4449196475353362
1,0.9037017296814926
0,0.005862182010493739
0,0.022082004258600605
1,0.6763708367826409
0,0.057758923126206584
0,0.10329017798100285
0,0.01849602191544668
1,0.5720658176933479
0,0.11505175916793203
0,0.05768243920408582
1,0.5906307382299373
0,0.3799295707333244
1,0.2970465498603021
1,0.7488105228589196
1,0.13267346003268457
0,0.024796913583423025
0,0.06269104624875661
0,0.04595230542453713
0,0.037784637037611174
1,0.8419089722863791
0,0.21205332517996978
0,0.004395538541098778
1,0.7412510285188854
0,0.04031576390491944
0,0.020785212557942512
0,0.027670288817457832
0,0.08219977846378036
0,0.015743968641644734
0,0.20711289468130545
0,0.3879491497442186
0,0.525213330280924
1,0.3318671680425496
0,0.01084498640749805
0,0.44226557495286145
0,0.4182052292775567
1,0.25258216244213727
0,0.04630292995856433
0,0.027249967471217083
1,0.8520935334199565
0,0.019247441416964637
0,0.03155768014869329
0,0.023600070607322388
0,0.06877502341504509
1,0.931434548842216
0,0.03573119131440925
0,0.5269521339406997
0,0.04090512347733545
0,0.05845772288149597
0,0.04449729946504183
0,0.9156581134542013
0,0.023534659389384226
0,0.04218973119262251
1,0.1416895677318799
1,0.6842611745334957
0,0.1249203364537049
0,0.6833827251325094
0,0.2246586384685074
1,0.899428990932566
0,0.07934540539953329
0,0.5781769831856748
0,0.22673509739366848
0,0.017178106304349638
0,0.023420909437844487
1,0.432660373576075
1,0.9674869555129467
1,0.5804562673151139
1,0.9209684098207362
0,0.9353512310193322
0,0.044251659493883364
0,0.2640670902806576
0,0.5894410238150632
0,0.793401762250372
0,0.025415799291640596
0,0.09128546211995067
0,0.008139320201473156
1,0.735480306140628
0,0.3938051041317617
0,0.743611322051413
1,0.2296439265101826
0,0.016655825827858114
0,0.5433618810426143
0,0.20987545527716397
0,0.0059721955760869685
0,0.01904151153890623
0,0.12018197510647154
1,0.9435255942674743
1,0.8148782665306865
0,0.05114129697334737
0,0.05014424470438818
0,0.053508196613408554
1,0.6037803061425436
1,0.9115957882818403
0,0.22713927796230735
0,0.08951237123398804
1,0.8165518052848019
0,0.07502108081733444
1,0.9204814928033507
1,0.7448940481368547
0,0.07943775918169071
0,0.022854360296155778
0,0.029889076430429477
0,0.14104148577695755
0,0.4688795707090702
1,0.26390496243250167
0,0.12777282789486472
1,0.8501740776910847
0,0.019141690344611544
0,0.06294860175557399
1,0.33905048097628226
0,0.014513196251444793
1,0.3240093595997006
0,0.0033494841353568132
0,0.03522060709735601
0,0.8237362872698731
0,0.6417189474990359
0,0.030859212705652103
1,0.742143280159434
0,0.005271109696816556
0,0.037119609420982344
0,0.04072029966402975
0,0.07092057354555646
0,0.54367755575918
0,0.5589174667763065
1,0.08389204740862369
0,0.007949583342855393
0,0.15897964272757484
0,0.030713715761181044
0,0.022269914543429588
1,0.9375373114885031
1,0.9759168017819329
1,0.8209198640838068
0,0.030192091865182225
0,0.002839258752101977
0,0.032947656724442
0,0.08577095557605782
1,0.16306613077411375
0,0.11757628801885033
0,0.23050184573851906
0,0.2407891609780322
0,0.25331477951171094
1,0.7412398765736667
0,0.02445841554485128
0,0.04801399834773739
1,0.5488475815286679
1,0.7212683006206697
1,0.4901406198510423
0,0.21006601144593126
1,0.758195626036892
0,0.5659900340163171
0,0.00963139667241383
1,0.7258638592921905
0,0.17530772573513537
0,0.03604304618186201
0,0.07975460467036964
0,0.02250693948282585
0,0.06836106387168969
0,0.8453785661187584
1,0.11822444284712187
1,0.9303418577689736
0,0.1842286372722934
0,0.11269616770281267
1,0.5336838636332842
1,0.3439666271811718
0,0.07050976185718305
1,0.40571864677370734
0,0.03339082036302543
0,0.060029211353479134
0,0.03561264999592809
0,0.005036453990623621
0,0.5436117232912401
1,0.8907589475930926
0,0.02670990816481458
0,0.10865918704238398
0,0.08528884617660015
0,0.019773256093389674
0,0.05545199458480235
1,0.9247957369227684
1,0.423494352920596
0,0.15340333471476217
1,0.5328359510119993
0,0.05326925181196745
0,0.009441497107717552
1,0.9642232149357476
0,0.038307805183212855
0,0.08587071029177197
1,0.6356071683151814
1,0.9268284702018076
0,0.8750281823132043
0,0.028912415266783505
0,0.08914103409493374
1,0.7752245090051432
0,0.023976015806212773
0,0.14332986776434367
0,0.0193239483760195
0,0.48354702371635017
0,0.06386286894579565
0,0.009839499531732333
0,0.012610113967516656
0,0.012629494309852093
0,0.218439181343061
0,0.3227560514760956
0,0.008302084351876472
0,0.9361444298456053
0,0.04302286800084808
1,0.6296990595509978
1,0.3586111616923421
0,0.1655997878589592
0,0.2137032402636803
1,0.8711260419739691
0,0.4737974757349503
1,0.6423609309327993
0,0.12467148719259852
0,0.030472667983741382
0,0.00760942324578809
1,0.9043298473123358
0,0.16836973161267865
1,0.9395513459285039
0,0.013222775408004988
0,0.17963088086848267
0,0.0077272423729770395
1,0.6552861605770783
0,0.6881424278592998
0,0.1748574892241598
0,0.6839506396080577
0,0.09043682248758027
0,0.20159854751503647
1,0.7607652331269985
0,0.014464704939402549
1,0.6765558093712063
1,0.9414384929417764
0,0.03606407511478545
1,0.44950576662707187
0,0.014008532476089113
1,0.7381292759316026
0,0.8853406456994255
1,0.7277522567838485
1,0.6722838383937513
0,0.03606202010772554
0,0.00955118675934908
0,0.04139651594764011
1,0.881928807791621
1,0.3150420391087583
0,0.01738204290470595
0,0.1584364454401123
1,0.7643959118567247
0,0.10376396196618252
0,0.04753592259602994
1,0.6167150458210426
0,0.10203720611203489
1,0.17058206246221821
0,0.01941680020408729
1,0.9544611193930722
0,0.04802752504872111
0,0.10358371135502835
1,0.7750069687130731
1,0.907849212789585
1,0.2661290697975198
0,0.047432950500930667
0,0.5600873140405346
0,0.059325372135227
0,0.3871632404877525
1,0.3670831051165342
1,0.8655105451971004
1,0.7742552476628737
0,0.7123191720455575
0,0.30910782325158725
1,0.91987875389889
0,0.2309218787973344
0,0.10422996186724857
1,0.4814815081176384
0,0.007902132164889912
0,0.0048583785965872275
1,0.8610980272773295
1,0.9485383392195509
0,0.03089830886592987
1,0.949278589440685
0,0.12273266244003495
0,0.026517945547268284
0,0.008372324708592019
0,0.00846513440332485
1,0.9363058090890948
1,0.583838032935476
0,0.13807862283034847
0,0.19095329587490356
0,0.025851139561421734
1,0.9645582450739928
0,0.06696231457958528
1,0.41817665858719955
1,0.8853551750496625
0,0.029200808823111025
1,0.9788424041556765
1,0.6336250018217728
0,0.7413149346791077
0,0.05517462363239318
1,0.6515568482322878
0,0.28997769729592254
1,0.8303008237628817
0,0.03369507152386394
1,0.7016679552867718
0,0.03510286052279059
0,0.17862249619406248
0,0.040660372105842064
0,0.010902928290550609
0,0.127198477588683
1,0.8747017734376673
0,0.5820179867512948
0,0.058832579999587326
0,0.022148788296229
1,0.5436970790422845
0,0.1361883280989887
1,0.39973159665565
0,0.6933195586237232
0,0.07492071104685293
0,0.039611451114344776
1,0.1845037804794269
1,0.8213280298752219
0,0.3118211054422258
0,0.10128435408076335
1,0.9637416344452466
0,0.030365415190622077
0,0.012325810078113566
1,0.9173315189804296
1,0.8839872121783949
1,0.8742649304984866
0,0.18349979951603887
1,0.9320247404611862
1,0.9017899878931523
1,0.6469401077144257
0,0.11624861123555055
0,0.041358421220010974
0,0.018392558216628437
0,0.0652100944441961
1,0.871005923044421
0,0.21576840797675026
0,0.053278863510809786
0,0.46719194848058626
0,0.1963316373164339
1,0.8322036487865134
0,0.10534061539557653
1,0.825526070774823
0,0.11161434846060761
0,0.005368301231898747
0,0.1156998766345412
0,0.006841563037505907
0,0.08029114068220117
1,0.8632051050326597
1,0.8816323555901572
0,0.03756740732393198
1,0.15758691466285019
0,0.2256832277470209
0,0.32754831930934114
1,0.9158157845179511
1,0.9227782621592961
1,0.7650300923899724
1,0.5007162001044425
0,0.05347654661911401
0,0.18114873951646224
1,0.8480264733546804
0,0.14293943294559713
0,0.02393361100832687
0,0.010096147043382731
0,0.010146153214634588
1,0.9184680499680625
1,0.4016476328665525
0,0.0640784984123317
1,0.8183751103934416
0,0.05571328129111639
0,0.03683236168939352
1,0.9476734054086006
0,0.3338048868956168
0,0.05164411266445105
1,0.9564431167826374
1,0.8243989254303845
0,0.14912323048454948
0,0.044341619774266434
0,0.09444387997578799
0,0.017858945751207413
0,0.08643312251119249
0,0.24691747474185496
0,0.2054954650741722
0,0.04200124964021961
0,0.019226287636551664
0,0.31032135851104437
1,0.7421221035936438
1,0.7598655037242038
0,0.4681971827971064
1,0.8020622839290289
0,0.6812512549513223
0,0.23493593150277006
1,0.9251787813972743
0,0.46852392813904536
0,0.07282440456548984
1,0.9700819846524359
0,0.16371700009617113
0,0.06468974416764384
0,0.01228318471638638
0,0.010090166232236754
0,0.39392983232097745
1,0.8976164053647614
0,0.00517103130842041
1,0.15555749493121895
1,0.8248110484197113
0,0.06444029645877576
1,0.9710274764135476
0,0.01889537278967699
0,0.778447140987762
0,0.017801796530889927
1,0.5879705994578244
1,0.23290196237541655
0,0.5846403711148972
0,0.2848716933113005
0,0.023377170760557602
0,0.3793807933955384
1,0.9241125182819643
1,0.6408973343688124
1,0.32114290937031953
1,0.7774367389908227
0,0.017848266179169552
1,0.17268208536206875
1,0.8886015484750637
0,0.007060399957205751
1,0.9204111321718533
1,0.8927798602342242
1,0.6217519683206285
0,0.8876913448513457
0,0.186385349240199
0,0.32313654906778244
0,0.04487897023057589
0,0.052512181987440947
1,0.9391411950419657
0,0.03607226074607461
0,0.019147417652852005
0,0.031311250907341374
0,0.33643195612585663
0,0.04733093896710818
0,0.5077150371773311
0,0.14177427735730622
0,0.03758644058527385
1,0.42244018258001154
1,0.4956147673188087
1,0.703058414468662
0,0.15691919449520134
0,0.08180370693137716
0,0.05045262255967859
0,0.02611032686566691
0,0.007708111383687404
0,0.027393241884859504
0,0.2675992376061348
0,0.4582763448222185
1,0.14768664928449093
0,0.24560866858262248
1,0.9339042802041919
0,0.07612309149899209
1,0.4999349572661286
0,0.08638491033739806
0,0.027008651936582008
1,0.9173315189804296
0,0.12649460979260915
1,0.2471384317589057
1,0.40812671277140017
0,0.03459627870868498
1,0.24417467509281937
0,0.035479501934718716
1,0.7964147429753704
0,0.24602949817312686
0,0.01111110737013144
0,0.4327958888609752
0,0.07787940059544868
0,0.08900336132209172
0,0.029588413492768667
0,0.0056635447103603595
0,0.2693608010730977
0,0.1895505460383135
0,0.4223659835912245
0,0.54503229130515
0,0.049286885891138166
0,0.004226118056299596
1,0.9132577638956672
0,0.09494773939986491
1,0.8446417615493951
0,0.012516201565522068
1,0.14913499241389544
0,0.1744164844154539
0,0.00600487649724719
0,0.009203563193768055
0,0.017507419145655935
0,0.042929252338925264
0,0.055599464142631436
0,0.01641811912188656
1,0.8427143917008759
1,0.8311724017607839
0,0.09452338778499744
0,0.03405905063910384
0,0.09050934573003801
0,0.018180205202531274
0,0.942678549679304
1,0.4583021287655904
1,0.8537399389147994
1,0.957351803848892
0,0.20034856537055729
1,0.7715176283896136
0,0.024700714119256076
1,0.09726022447884397
0,0.6377964832149495
0,0.873631404473888
0,0.0063640277470366335
1,0.9802746772034957
1,0.827131630099249
0,0.03821467528037788
1,0.7154063443258278
0,0.04451068313734206
0,0.10838516212442952
0,0.1104230113658607
1,0.4451737087033588
1,0.6692861856362265
0,0.09279182601408482
0,0.3576086345609871
0,0.010434391371982646
1,0.8579425693461593
0,0.762484185163352
0,0.018871457707111558
0,0.1368047655041336
1,0.9398058571699833
0,0.7441309242241199
0,0.047736697011648295
0,0.04583137017468316
0,0.27071630945185193
0,0.018795053393416222
0,0.5088032405149474
0,0.3291587187135611
1,0.5672033544418844
0,0.4322808930935678
0,0.33810720271177164
1,0.5900060936286486
1,0.8338735248263838
1,0.91327488651918
0,0.07797027987279305
1,0.8109678654945363
1,0.14042028585959523
1,0.9750588001650166
0,0.04798990759922435
1,0.9401428527276873
0,0.17093471795900697
0,0.01639197429117005
0,0.0069798220466879704
0,0.05308999549715444
0,0.011965281562694855
0,0.055894427755474436
1,0.8995496960394217
0,0.34909394497144675
1,0.9041087777322537
0,0.13069364311757373
0,0.021236030731488408
1,0.3189718856212381
1,0.10675829120134417
0,0.1637077623171195
1,0.8049750619180213
0,0.6509180408472283
0,0.005717773962945716
1,0.7441396331253874
0,0.047065193701192165
1,0.5684350284835246
0,0.01192418750629752
0,0.009524514261558752
1,0.949670634748414
0,0.008616162099024124
1,0.8906493071011684
0,0.0062332874680125295
0,0.4511949324500552
0,0.6428346698248064
0,0.005566094822352706
1,0.13303523976757675
1,0.2831845230218871
1,0.8182054621691319
0,0.2836826617819765
1,0.4797110634037401
1,0.5435563531520605
0,0.0567774267169316
1,0.9083408904480204
0,0.17132393760903925
0,0.032665011513573934
0,0.364745105420298
1,0.9667157361977023
0,0.013141736659144119
0,0.4975933968011682
0,0.055613423237598804
1,0.40466288702307723
1,0.833351743936721
0,0.15401018375348427
1,0.6937004020064497
0,0.007170778477691527
0,0.05251625192814189
0,0.0135336383380646
0,0.017013271468782683
1,0.671240503618602
0,0.028847288258831774
1,0.9711895609908622
0,0.7455770274338084
1,0.8912686538218271
0,0.33395749096003474
0,0.019530810472084853
0,0.07780890226031213
0,0.04547107727355106
0,0.04138441047211954
0,0.015291963892774818
0,0.016121823920205443
0,0.06605149643724195
0,0.07341893323154215
0,0.021323754617596714
0,0.11829121370932946
1,0.0639310640048974
0,0.04882674989572349
0,0.017021675442222363
0,0.07772005869936197
1,0.8692823121925459
0,0.007777416095852424
0,0.10517791827480392
0,0.049307326187186994
0,0.04516789524658619
0,0.08097375910841284
0,0.0709902280929296
1,0.985229911173096
0,0.20262843827905544
1,0.7480944924882971
0,0.010201061401366259
0,0.06503921872075118
1,0.9460463618936339
0,0.21962126722031414
0,0.09399751188377972
0,0.04599721743715292
1,0.9441339918432617
0,0.010826938280958223
1,0.5392060860907522
0,0.029519136516872473
0,0.06308896829169332
1,0.9301355786460808
0,0.2377140752183076
0,0.23150824772391718
0,0.012596035271443411
1,0.8911077907694129
1,0.5348267619762088
0,0.006106478006340256
1,0.13464863758655715
1,0.8646498290050944
0,0.2590136827560195
0,0.2187022849520726
1,0.9756264609520618
0,0.10217429582430973
0,0.15981463021630363
0,0.17723886253335577
0,0.48045035220346294
1,0.938407418713291
0,0.003763818248454318
1,0.9730941889097731
1,0.1810758918250724
0,0.03263330073865601
0,0.07031306469751872
0,0.05956911712902318
0,0.5693332255470305
1,0.8190424254486559
0,0.1931688768785233
1,0.5494810805756053
0,0.007898238322844834
0,0.002975985635095979
1,0.7019912531119519
0,0.014412995317113528
0,0.009543240644207108
0,0.0097397104297193
1,0.458927539621184
0,0.055987943954318733
1,0.38104996268426033
0,0.02988761452125843
0,0.06011284668849294
0,0.06274204419309139
0,0.35894786706592496
1,0.8287700692929992
1,0.9573810945504968
0,0.6284256403902854
1,0.08810914474058693
0,0.8819327936635042
1,0.36969955366823654
0,0.003496868972071348
0,0.0160767395238373
0,0.05024594310588132
1,0.6327970998714869
0,0.006475121604259701
0,0.08317270951343757
0,0.8196681874953861
1,0.3250308575569945
1,0.9629874840691156
0,0.24292975292406643
1,0.6852886586712169
0,0.07250723033869595
1,0.13662231992061336
0,0.010140317307499798
1,0.8881761326880403
0,0.12552303521910113
0,0.7463191479334315
0,0.7259436697482524
0,0.3900010451825207
1,0.2614033190763859
0,0.32731756147430247
0,0.21646306071631125
0,0.1185141567167534
1,0.8727896301393891
0,0.1340085272752903
0,0.196555401591551
0,0.8359682718256678
1,0.8427827459508511
0,0.0205908935189874
0,0.0036714782324700004
0,0.005454996750953439
1,0.8760078074959855
0,0.0443468999660593
0,0.7894298003235785
1,0.6967847675918007
0,0.12487446008255579
0,0.07146461604245759
1,0.888198686918902
1,0.03287028922918886
1,0.8473506276216276
1,0.9334487006941137
1,0.41829203494282574
0,0.29299329521616974
1,0.9714097794752944
0,0.08620932348600326
1,0.8539788326658508
0,0.31841527983281986
0,0.5730207793416215
1,0.7636592729587143
1,0.5948122977132215
0,0.3669124200373283
1,0.9636237255941703
1,0.9625329605130587
1,0.9261518768487881
1,0.4060239379883629
0,0.8267636570046744
0,0.14768157354526512
0,0.06771720396927192
0,0.843502136804247
0,0.019826403787803638
0,0.03563809825560404
0,0.5547122067442241
0,0.03981361092539123
0,0.018717452139444007
0,0.2779500705245653
1,0.28072602138253405
0,0.26399292581921957
0,0.00599134334717933
1,0.9022388711229138
1,0.7594290268988119
1,0.6199188423585605
0,0.2285432494073472
1,0.7478888200068327
1,0.517130155008957
0,0.24066376414255675
0,0.4099420622605255
1,0.7599203387109752
0,0.414085806589078
1,0.9584077496155847
0,0.0078015651231248375
0,0.16006491899016992
0,0.394911531590492
1,0.57780611381305
0,0.3575687029020046
1,0.18807824955741906
0,0.04378131116100713
0,0.1623565538656292
0,0.024220398789826597
0,0.5307247275967418
0,0.025944359817991983
0,0.06689284352935643
0,0.07050706028143898
0,0.7278976022121709
0,0.8341700034520638
0,0.49738179878910355
0,0.006235989009584411
1,0.9763442110616112
1,0.746089154308708
0,0.12404380462874955
0,0.44565396189608947
0,0.08377897997331726
1,0.8970703305784851
0,0.03513397168612716
0,0.02920822862774497
0,0.3275259659674287
0,0.7523414668430397
0,0.006088177010819637
1,0.9331792518143638
0,0.2953096826021094
1,0.35495442405271754
0,0.01546556010842022
0,0.31194986474972963
0,0.31055108233200795
0,0.4359575183048442
0,0.16638982330461127
1,0.43295529099083224
0,0.4017346141781035
0,0.03241691982402352
1,0.5410880476339592
0,0.06838396198546504
0,0.15718317071326096
0,0.12259270054370577
0,0.3298670657960443
0,0.2228560072803391
0,0.05450339121118347
1,0.301105105002556
1,0.5345390843719052
1,0.45467461791860475
1,0.365866404116917
0,0.011833063499747979
0,0.04050985561521565
0,0.09455257379524022
1,0.1934589280434874
0,0.942678549679304
1,0.9246242888604169
0,0.6445560279408376
0,0.027916428849511357
0,0.016386451224320156
0,0.001592798509772239
1,0.4465183200759313
0,0.21703607948115683
1,0.9135619889488276
0,0.052993099203921215
0,0.6754726265698481
1,0.7321403895188713
1,0.9435720028181314
0,0.05857716862392279
0,0.04351845966912963
0,0.5025959661421381
0,0.052289711683796584
0,0.2665805001491287
1,0.6423269028278993
1,0.915414456198496
1,0.5623056893924671
0,0.20561816780857156
0,0.14948909308392377
0,0.03719608379108873
0,0.06592857811387386
0,0.4981162748129334
0,0.00380535221006913
0,0.06791517666511435
0,0.039942580925978785
0,0.5097336459927623
0,0.02137525981070933
1,0.9677244413036692
0,0.2600896428572747
0,0.03226848859441476
0,0.006446702101068335
1,0.9299428005277613
0,0.4169610102925798
0,0.016555236084507256
0,0.04028023040471111
0,0.028739185390024583
0,0.10846078021640651
0,0.8765324947000683
1,0.8790366469807962
0,0.5975810697107435
1,0.7015836591095992
1,0.9285908742105274
0,0.4965990192271701
0,0.010893805791042106
0,0.34370361184103004
0,0.23710039611736947
0,0.014822258158069505
1,0.5489934700313892
0,0.1099046847086621
1,0.7079915163868319
1,0.5146330597560622
0,0.07294303414479021
1,0.943773238557141
1,0.7532800891077152
0,0.04644878331547807
0,0.31546107391845457
1,0.1833607398200364
1,0.9525049982148687
1,0.9636487430143073
0,0.004278796488306492
0,0.11472002284809153
0,0.009552323148348389
0,0.4878874212852357
1,0.8861601400135382
0,0.10141926017658598
1,0.820866616792698
0,0.014576548612568553
1,0.8253719021957395
0,0.13687000797281162
0,0.08006168333969234
0,0.11042405167132928
1,0.9193586660876557
1,0.898067740319256
0,0.1421027447824712
0,0.4791783340821111
0,0.029016980800255932
1,0.8212472362016899
0,0.07435283519265766
0,0.459641597822586
0,0.4877283433306051
0,0.009881958519767264
0,0.005722170004185859
1,0.7165531238264035
0,0.06818094154002514
1,0.8047113086527157
0,0.1976897286572356
1,0.8903319396801556
0,0.012051874275249577
1,0.7674453841785265
0,0.01290538676641323
1,0.2797956756577051
0,0.4983255844984585
0,0.06939233183137096
1,0.8394849825561029
0,0.33341096158086253
0,0.033446705216529336
1,0.9748398612708308
1,0.8041468943681491
0,0.01448703033858085
0,0.22863617789952578
1,0.3531743817279917
0,0.029847803507729434
0,0.008330390702610418
0,0.10734046030551897
0,0.03066871282591911
0,0.3263605651278235
0,0.06254152752124315
0,0.14273831016332442
1,0.9358078688360222
0,0.1749714281261122
0,0.02061172265638491
0,0.10147264978147244
0,0.07024693783707539
1,0.8741151932894816
0,0.17480506068117563
0,0.06533255485132439
0,0.018115301656689845
1,0.871765850491782
1,0.9129325853727253
0,0.07648123674519888
0,0.028279136726626544
1,0.7355735149124856
1,0.6639769606828262
0,0.009908769880962641
0,0.02847619217006741
1,0.16254586569566482
0,0.06482180588333279
1,0.013035829554868907
1,0.40873920061911595
1,0.8266096524449177
1,0.5270149951280825
0,0.4794277340943549
0,0.28685211737476335
0,0.17135797290225502
0,0.06306116400003063
0,0.013842892130192628
0,0.3526252679207892
0,0.015858745903167618
1,0.8590002447213807
0,0.03479750621364952
1,0.7436517496767843
0,0.013415421350090696
1,0.9279226579946706
1,0.8479635563097639
1,0.44230656584223593
0,0.24059510718062166
0,0.05256650325992301
0,0.03196007861608839
1,0.9549329424370439
1,0.8100775135890699
0,0.022036956495861317
0,0.000725733432569778
1,0.9620639936867721
0,0.16097997216792773
1,0.8638179065459218
1,0.8113707699579246
1,0.8646653263366365
1,0.08693570710843541
0,0.01663790435770086
1,0.8864803710019913
0,0.11846512362395187
1,0.8126034291101812
1,0.6235738299365463
1,0.8579285021158982
1,0.8897596580667265
0,0.026945825485317352
1,0.8870532264677724
1,0.9090270901856344
0,0.10724713046416111
0,0.6128675513769418
1,0.8230045530826553
1,0.6940438576443289
0,0.006373532242562408
0,0.032588766772243254
0,0.06033100773162638
0,0.010527175538967494
1,0.9698915201445105
0,0.28467175618234625
0,0.14410445131475855
0,0.010134054690053134
1,0.988177932377743
1,0.1354168576793248
0,0.3946750466074379
1,0.2841071265218961
1,0.7924065235343699
0,0.005979055822302529
1,0.8309087929425435
1,0.6360089109386561
0,0.3511797198461747
0,0.014191718927558338
1,0.8997733040169338
1,0.4293155007529624
0,0.058668944755802
0,0.16223977435435244
0,0.03954828912331567
0,0.8575009216390005
0,0.052883310955938345
1,0.7391826474951972
0,0.0085448998227625
0,0.8597655176011066
0,0.07244949203029677
1,0.3769365457322276
1,0.9685943606652806
1,0.9452510131724063
0,0.09444395122270312
0,0.10840624926202576
0,0.09922663941698948
1,0.8943952456054601
1,0.7188082238105646
0,0.012763817108561224
0,0.05436057399085276
0,0.03201275401188197
0,0.018038048625479638
0,0.02038974147080235
1,0.43147872343094457
1,0.8772311981653756
0,0.708174034946554
1,0.8476098763272044
1,0.3318955396210153
0,0.02363032143998658
0,0.12150699368244697
0,0.006900638802890693
0,0.3326442626385662
0,0.006854713382117187
0,0.02209824587165056
1,0.8319924927374454
1,0.6411767066347401
0,0.27907732902750854
1,0.3308953482279112
0,0.9588743667424928
1,0.34192101503858036
0,0.04068980539230283
0,0.3154994570640654
1,0.2612494625706724
1,0.947894032355975
1,0.9651292605228801
0,0.05512777652373803
0,0.03034635523043245
1,0.5668795248481189
1,0.9483175402440459
0,0.04532379191976802
0,0.040219314540404866
0,0.01564504963555657
0,0.007958242693443097
0,0.02412561828968251
1,0.46327575584828384
0,0.09618890647927689
0,0.05577721924953953
0,0.010148623435290934
1,0.5697856541039517
1,0.9294845516158714
1,0.7240627791327549
0,0.13957464137111592
0,0.04339676389817472
0,0.008207836108061634
0,0.04871371663579459
1,0.9152635879898218
0,0.09643573960498121
1,0.6112959393466897
0,0.04191176826140653
0,0.023719524012398102
1,0.2849918335752931
1,0.5552179394163556
1,0.15929523066093956
0,0.0691326410022997
1,0.5999935814199896
0,0.0342679456848762
0,0.31248775265949014
0,0.04855950167529045
0,0.07688097515471212
1,0.9276763720871709
0,0.015194883962962995
0,0.07333131388177128
0,0.019785056396904855
0,0.019716249375100227
0,0.015264299613246103
0,0.056772837768495094
1,0.8267636570046744
1,0.9060646908209634
0,0.493009696907238
0,0.10648965161394895
1,0.03201777334754591
1,0.1094812014436382
1,0.8480298131961771
1,0.677955621672452
0,0.008506989356195583
0,0.21885007493871234
1,0.8924429950673711
0,0.03943880880245676
1,0.9504413667378446
0,0.6877293001562401
0,0.04459486091418069
0,0.7829998091952808
0,0.8496381325396223
0,0.02207332432550267
0,0.47147332857128427
0,0.06569191764376094
1,0.8400455120595852
0,0.11147124915403679
1,0.888406691742722
1,0.7369497105222645
1,0.8398094595564646
0,0.034624022049216385
0,0.6756517980084467
0,0.21226078628972173
0,0.007528021490019418
1,0.8579687371529197
1,0.5885974549358013
0,0.10290063839411362
1,0.8198764661926066
1,0.45308452195343285
1,0.016684536339770444
0,0.23508248485229125
0,0.011539073963411584
0,0.010303470881295866
1,0.9100577853403976
0,0.7000137166163408
1,0.0448417256978327
1,0.873865376207571
0,0.02852859128393266
0,0.058860056918607385
0,0.020262827042074074
0,0.04383041586402802
0,0.08200398284654488
1,0.3100121125886031
0,0.8214059424570941
0,0.02046024940960919
0,0.23901492321938153
0,0.06671061584227872
0,0.5355242615585808
0,0.13408383175473498
0,0.0821809778672788
1,0.042228763944600504
0,0.07025728542028892
0,0.49411292647257343
0,0.0317979298764576
1,0.7803551950680727
1,0.6453601322381296
0,0.10445408496885189
0,0.005502970138385201
0,0.14199400390238964
0,0.5773248465171406
1,0.22814710367814656
0,0.05899406005926225
1,0.023949437987138195
1,0.25310590566328534
1,0.42525806490299545
0,0.1648541430497581
0,0.028723247371356286
0,0.006811832203463526
0,0.023389106293128913
1,0.9244879759640814
0,0.03242873776640809
0,0.3132347038611051
0,0.3707487824791732
1,0.9249908911067874
0,0.06725554147326841
0,0.16659884669660682
0,0.4701710166077086
0,0.20554330247570168
0,0.03446455657302536
0,0.005978490260730038
1,0.7778037654944627
1,0.9769265222185576
0,0.6116637090748136
0,0.31020273762365186
0,0.020654481715060118
0,0.0591954868951223
0,0.7908829290697066
0,0.04296821294772343
0,0.04662529827616295
0,0.2188090981695224
0,0.05572506578881199
1,0.8501888231691198
0,0.22623361242968137
1,0.8234611369366223
1,0.9173315189804296
0,0.15513929912739324
0,0.02285690126949595
0,0.7228219533295583
1,0.7396885329828052
0,0.015076522736498166
0,0.5082242360115635
1,0.9706163465339002
1,0.407447279826287
0,0.008269716376814153
0,0.03584217080804494
0,0.02192256887175807
1,0.22372357659269307
1,0.9474416526325417
1,0.36256505961426594
0,0.13086812238602166
1,0.8954747010149324
0,0.12448960540109968
0,0.010428543676243015
1,0.9771627896787786
0,0.016724247499431175
1,0.9341955726946085
0,0.06874406154455001
1,0.9173315189804296
1,0.708870005840481
1,0.6472709405029701
0,0.023016300920588054
0,0.14650982550017388
1,0.15026178512266333
1,0.7149486761890559
0,0.07240350187836064
0,0.029696558065429833
1,0.786452515024973
0,0.034415612723375
0,0.2580251950487459
0,0.03629956892311093
1,0.9135116993928569
1,0.9233863022756257
0,0.09203238812337516
0,0.13022347353781455
0,0.024995710230162796
0,0.004699541443169812
1,0.04133061073753596
1,0.7314445119928368
1,0.7241456648255264
0,0.021456215732564555
0,0.46367350545193803
0,0.054744749615006354
0,0.014904697350811158
0,0.05010604078148608
1,0.8680103898619085
0,0.04459486091418069
0,0.2213900958246989
0,0.0030677663053372676
0,0.022481446903934246
0,0.07984619789936251
1,0.9362794501560926
0,0.09560620106265737
0,0.8830421121043772
0,0.061891206381811184
1,0.9809185791956173
0,0.016427852456827933
0,0.39100331792480825
0,0.14602842723567333
1,0.5229018347367624
0,0.012536605708922625
0,0.05076903439327282
1,0.5001115419702561
1,0.6188815230345015
0,0.11599882646201919
0,0.07205326918669092
0,0.009759267616078742
0,0.043451051940605244
0,0.13150987902563963
0,0.2858916029630716
0,0.01118901344938252
0,0.22599280304491381
0,0.01796834075703221
1,0.9272471509249435
0,0.08106640886695812
0,0.30354374704753084
1,0.0624766822918681
0,0.008907740558717125
1,0.8839977414474411
1,0.42722464001679494
0,0.08424976130628935
1,0.7997549346128746
0,0.6210489035125838
0,0.39090798997937404
0,0.0764797667650217
0,0.08348869123302238
0,0.06363298812195942
0,0.028641441257239754
1,0.849440158032659
0,0.03897483833038839
0,0.13289978945077482
1,0.7108529441368991
1,0.13380623974701011
0,0.01296915467014966
0,0.0953280240990688
0,0.015327941268063857
0,0.09817199842489895
0,0.3468490332974435
0,0.14093161216605363
1,0.878264540149218
0,0.01843270768347568
1,0.9509297609912336
0,0.012527728974565121
0,0.10505779798742396
1,0.35542195611854455
0,0.21688833411000447
0,0.09070183937815932
1,0.1586642475827205
1,0.8712727069156936
1,0.806845897840259
0,0.07785375601370378
0,0.10285593499085056
0,0.031794622443136425
0,0.064804200926715
0,0.6887847311012364
1,0.8797168376334299
1,0.8251247050225712
0,0.883937452531485
0,0.19429461230340336
0,0.36350690340319464
1,0.4575460599240709
0,0.027400126785349106
0,0.05408595423840722
1,0.8882459600051882
0,0.25490360749952173
0,0.03387078499088383
1,0.9377541817142802
1,0.8747395427312341
0,0.004779076216142917
0,0.023603951717247804
0,0.1592110480373775
0,0.40254737430604676
1,0.0717994756995006
0,0.027181338160777422
0,0.5478589912404029
0,0.02415337451726324
0,0.7755900189337694
1,0.9459504861449619
0,0.21792084424118438
1,0.060296737414314676
0,0.007980686956337208
0,0.10561262780271874
0,0.004874846329710399
0,0.45867141101161624
0,0.8948243659486719
0,0.5693398983830561
0,0.11291365383237241
0,0.004968856515811306
1,0.9392270613994534
0,0.09522003008620246
1,0.962634594878878
0,0.028767334092315976
0,0.7187179890650107
0,0.013704046608269068
1,0.702614660324324
0,0.03140932852101168
1,0.76592697711505
0,0.1794968774288057
1,0.5217132627937775
1,0.7788390796226754
0,0.04170731638616649
1,0.3709652313331961
0,0.015738060179355574
0,0.023275158727924548
1,0.44753424720851986
0,0.24952138545492564
0,0.02089004666177672
0,0.11378524690603002
1,0.20262843827905544
1,0.8519192302926385
0,0.011582081806180151
1,0.9193019857012592
0,0.06997769559221576
1,0.5321419676685951
0,0.05525365324549316
1,0.6440391502906032
0,0.16068749180414832
0,0.18112160563212285
1,0.7195072835177111
0,0.6124360414452501
0,0.04556916290719822
0,0.007294830198621511
0,0.0054675406061670566
0,0.007657748819155232
0,0.018027872261871948
0,0.3557040156874735
0,0.007790706378808543
1,0.7771562894782044
1,0.6291072888284978
0,0.05446297677385166
0,0.06837418164269701
0,0.03860771340875854
0,0.1494228621799063
0,0.0028100207060546625
1,0.013353258278404622
1,0.8878742107963208
1,0.8995067631203068
1,0.22147611409508003
1,0.8850299639132745
1,0.4083184085737732
1,0.8063817652732769
1,0.9497718560713684
0,0.004445311561810126
1,0.8043902277698232
1,0.5957425610143943
0,0.11782445072252987
1,0.6603433749204342
0,0.5753148200369583
0,0.761379799185244
1,0.2844614830244661
1,0.7401359725895227
0,0.8430088846985525
1,0.8151771877904902
1,0.974392181191549
1,0.5360265708065632
0,0.05099365324729294
1,0.6071235189123765
0,0.028063801869202782
0,0.2372158288385201
1,0.9646837169413673
0,0.01709057575895282
0,0.5837998642714064
1,0.9485903119500508
1,0.13110648889196103
1,0.6116415330612737
0,0.20030539037869077
0,0.05438230657366674
1,0.7755812184143533
1,0.8743113167135566
0,0.18131671107451572
0,0.11053997483357235
0,0.4761281177199566
0,0.32059108879201104
0,0.006720832657729124
1,0.9519565722098385
0,0.00341001479770475
1,0.8477592823465698
0,0.13569739521677834
0,0.0136174769224984
0,0.11282871230824626
1,0.0440537929709916
1,0.330435997816617
1,0.6403689640117802
0,0.11883004993759975
0,0.7088580635905697
1,0.968885721183097
0,0.07769556200941571
0,0.09769743060988674
0,0.023693871880083147
0,0.029020388725006993
1,0.1208708044614593
0,0.5510258735469503
1,0.5710788142921569
0,0.08017038115340343
0,0.008256567986467756
0,0.06628658971803413
0,0.04410814877865935
0,0.020187953282733536
0,0.058398757103925926
0,0.4908742508648324
1,0.9377020699078726
0,0.015252405441406535
0,0.022804207559776128
0,0.07876116252142121
1,0.9685098157087761
0,0.21905947064638037
0,0.007662375602780759
0,0.00493160522660295
0,0.10666630060233724
0,0.038897680189554
0,0.17873143318784235
1,0.5954779847311518
0,0.12676024914934184
1,0.5154357200934045
0,0.09427139256879907
0,0.027073504790179358
0,0.0446605662528686
0,0.19079438628210732
0,0.06558303728090978
0,0.015582502880491327
1,0.8592642008764946
0,0.2104955620937121
0,0.004225678661823252
0,0.17663873319577902
1,0.5433618810426143
0,0.04457522291013405
1,0.8357532173409331
1,0.6783329520895052
0,0.00831070386334087
1,0.6575299708753477
0,0.06549926450824127
0,0.18963307982674008
1,0.3251356261825818
0,0.34140504833689533
0,0.017539922286402877
0,0.01450838056764361
0,0.05561943122032287
0,0.05531720081501551
0,0.00895763652624463
0,0.0053819019882614064
1,0.6197794531051787
0,0.25113360070869684
1,0.5408636972801506
0,0.7940160973179856
0,0.15525541007874266
0,0.02242650682192383
1,0.730046563171564
0,0.16760303682674435
1,0.7649268672908397
0,0.022481848971467627
1,0.9187952609824943
1,0.9347197539092305
1,0.776000089283372
0,0.015909201586714352
1,0.9449982014449242
1,0.9316068038771365
0,0.30151301679334724
0,0.8646602436067176
1,0.8275800863226235
0,0.010588761213528348
0,0.06375942520186056
0,0.05427766649033759
0,0.07597919500832812
0,0.8228007434129317
0,0.05661183659475271
0,0.1411069675455252
0,0.3053513675548162
0,0.038783147947296384
1,0.9880471344903764
0,0.021860618177734405
0,0.05444460938678738
1,0.8526601815567255
1,0.466513277491357
0,0.022622914817026003
1,0.4344435061439841
1,0.8803416864109687
1,0.5177918685954539
1,0.7417447888369819
0,0.8804192512124007
0,0.049850565626466385
0,0.14198328722790068
0,0.006166580944800316
1,0.41211229978148484
1,0.9018651135443185
0,0.0076292133863199805
0,0.04992872351940677
0,0.8568945808327689
0,0.7970725521638565
0,0.026407297884023784
0,0.51033463794799
1,0.8009225480371476
0,0.02768610084684432
0,0.0745089341740748
1,0.7302403082828486
1,0.8449757338315026
0,0.0085691175510952
1,0.16584851233769185
1,0.8242637094592669
0,0.05919642496591444
0,0.15071160926936228
0,0.043580225776870006
0,0.13892530718089424
0,0.11610908278399841
1,0.9312784910579418
0,0.16173304966070037
0,0.456406258065165
1,0.8807835818287576
0,0.41388518824020454
0,0.1432878286168895
0,0.008019245382698107
1,0.5053706547135863
1,0.07978094294221755
0,0.6533328373420478
0,0.05058198638702703
0,0.011550164787201625
0,0.8203231415654592
1,0.9560033783667502
1,0.49743269581807376
1,0.14825184329810076
1,0.9470713815770846
1,0.8712052187361187
0,0.04871203251115588
1,0.6602630847558573
0,0.019847068131476662
0,0.17197722264873855
0,0.00941651317134991
0,0.16176958316114834
0,0.019207100309220293
0,0.06352000422496817
0,0.04877308147015002
0,0.06778837928503022
1,0.9215573072504469
1,0.9690956477455261
0,0.005977804296043194
0,0.04595161150907597
0,0.04024934202205225
1,0.859525587618544
0,0.40683238529071597
0,0.14366365756110033
0,0.018164628021905455
1,0.11785194661234895
0,0.04644404373846911
0,0.0054658878990907316
0,0.040920019567607685
1,0.8907385539371988
0,0.01619310480711388
0,0.023563814889183014
0,0.009516597824149277
0,0.004555544087616424
0,0.2449090665554813
1,0.8413549518057756
1,0.8184761566369781
1,0.4719426712204068
0,0.34455594389380634
0,0.059456893421845146
0,0.020106304069671548
1,0.4519739836511632
0,0.48874811612157115
0,0.042355292328536166
1,0.6403521550365572
1,0.8794533059899465
0,0.007638041680445835
1,0.8957394107487503
0,0.011920928996288457
0,0.13788732554096914
1,0.9190715191840408
0,0.07454221168884492
0,0.23444491805858353
0,0.2769039451341808
1,0.9406898199289812
0,0.016890506392532104
1,0.9529948069207753
1,0.38001300797906123
1,0.3675917009796776
0,0.07463347636959221
0,0.06581438764130182
0,0.025938343654238572
1,0.7747748847686862
0,0.3622228910510512
1,0.2750981730311127
0,0.13400950872808734
0,0.04520498205296767
0,0.1504476651804862
0,0.8331860394252986
1,0.3317214024340182
0,0.14653342341820458
1,0.27707938259962117
0,0.003533697059743715
1,0.8283541256307345
1,0.7767079214856117
0,0.018853608864877296
0,0.5860677655968046
0,0.6736940584701097
0,0.03360884728071542
0,0.010503547261554662
1,0.6036601784970338
0,0.105937729643921
1,0.923175447064457
0,0.04908190171037697
0,0.10166140978340035
0,0.21285800909335156
0,0.038165239929321484
0,0.02219419016801601
1,0.7959451036882034
0,0.13260134792141284
0,0.09053218272995275
0,0.8966019051148398
1,0.2627739243441599
0,0.05539928912467888
0,0.08749891230986334
1,0.9259704558217166
0,0.027701373730180574
0,0.03646591464287433
0,0.3849833647476471
0,0.0536059872495647
0,0.1317676232430339
0,0.018179836167105588
1,0.9519213125348402
0,0.21435393989560927
0,0.06302225425378086
1,0.4422708498261446
1,0.890516938497647
1,0.8166321654139935
0,0.026510073105308007
0,0.025206747319153976
0,0.08950893387685868
1,0.9431898228546173
0,0.11969855939618831
0,0.7730849601847227
1,0.9750963720934714
1,0.8655722287021622
1,0.9573409681569897
0,0.010752685540881574
0,0.34674102264792084
1,0.8904960118940439
1,0.9858298688840565
1,0.9755732565243086
0,0.042329961560228405
0,0.010917861286083427
0,0.016141408720484432
0,0.29631097808862583
0,0.006087349787800027
1,0.04601269089872985
0,0.8446857424549524
0,0.6217973685761946
0,0.07922754537840215
0,0.01214821092896232
0,0.09959782586219948
1,0.8328543201207006
1,0.9580765513652627
0,0.8840392065008585
0,0.2494234337199136
0,0.04391549484711013
0,0.01008110009935614
0,0.009968969433459767
0,0.1025142905588256
1,0.8900869371365813
1,0.8540593591018315
0,0.07280450894977154
0,0.004481901504653294
0,0.050768412960728086
0,0.23841138451830596
0,0.5722657261142913
1,0.7461207130216815
0,0.030297045012301915
1,0.62595010751465
1,0.7254042043177269
0,0.07622025233653595
1,0.814698539418736
0,0.011443552914775602
0,0.9183831567254827
0,0.014731642951380691
1,0.7984356169272339
0,0.08356328141581247
1,0.02462579541058965
1,0.8130939294419105
0,0.29466542922004585
0,0.8830183602049025
0,0.7876412736895098
1,0.9104823645930704
0,0.20142087402841372
0,0.4028703570510574
0,0.11018736899622046
1,0.6883710851508585
1,0.03531296916295406
1,0.4187925130595395
0,0.8279979845755123
1,0.08949840277349162
1,0.04623991834076984
0,0.08441876145758212
0,0.13738161721893813
0,0.1297125343477876
0,0.006192968142682851
1,0.9706643475780886
0,0.008339850510624898
0,0.19584102160861636
0,0.0026455441681124585
1,0.647556867822812
0,0.1666108475924628
0,0.40028476956975245
0,0.10598277520535891
1,0.9693863183112219
1,0.9639113347376834
1,0.08303303931728499
0,0.00695537815416534
1,0.9681731880688749
0,0.023705458213066435
1,0.3011680514843802
0,0.013888101187899458
0,0.8457747002735422
0,0.09910012672509431
1,0.43937993138067033
0,0.1264360879076318
1,0.9476355217463539
1,0.7558946336243911
1,0.8851362896035436
0,0.05237689237256317
0,0.011403393060213329
0,0.006087817090495436
0,0.08252119465284151
0,0.07951196597799826
0,0.008678785505204836
0,0.9071322966665498
1,0.2827549590308246
1,0.8906209675308924
0,0.2518797212101546
0,0.2039065593919756
0,0.11653197520833834
0,0.008064147022623409
0,0.09246094643004976
1,0.9361281412088294
0,0.8290747845830623
1,0.60464316459259
0,0.7308282659669232
0,0.017336533937269062
1,0.28488196524981413
1,0.9171744587514856
0,0.004930642547657749
0,0.2883148079529361
0,0.28500082361628026
1,0.18172609286713376
1,0.6258993996394215
0,0.17060116615905654
0,0.5683677510943355
0,0.3371118912914965
0,0.9124163923379546
0,0.12250896511577686
0,0.04124435370709317
1,0.8913898136194154
1,0.6785511595658567
1,0.9297353597816396
1,0.22668639613625524
0,0.22735701728185945
1,0.95960850082531
1,0.5594617241748665
1,0.7076335341854578
0,0.2590318708951784
0,0.2058488498818993
0,0.010982450929874614
1,0.8220130627403615
1,0.9289086254771651
0,0.8425052079041752
0,0.03046097516357944
1,0.9381426282589655
0,0.06348045197609077
0,0.3367315476605445
0,0.6702557136423324
1,0.33422774498077334
0,0.04474398842989077
0,0.2422677395567186
0,0.03265534628527584
0,0.010020928141715646
1,0.6493224356502714
0,0.07092248227038647
0,0.1028476537594303
0,0.12370764743580283
1,0.7956439808432085
0,0.12880752929829273
0,0.11747919641558435
1,0.8523014801316638
1,0.36235267820456085
1,0.9261248061682653
1,0.6958234685825941
1,0.906178913044997
0,0.011028036205510943
0,0.15526448319149322
0,0.05697892734333626
0,0.07719759859060868
0,0.766975720011987
0,0.03651863692558015
1,0.8770670532008319
0,0.04493787474468731
0,0.04825360022159581
0,0.0053495235103989515
1,0.4801386140665516
0,0.06889017293938636
1,0.6452726702116363
0,0.14100992442715118
1,0.9277834840871007
0,0.8750204448496761
1,0.1467940954492454
0,0.01716867572250606
0,0.009276328113465591
1,0.8066892919377951
0,0.016917662505176963
1,0.9382810913472969
0,0.33077325398625146
1,0.8510066403418567
0,0.36233312308925064
0,0.01992285095391698
0,0.01479492653986948
1,0.9409527140469004
0,0.004782437534534114
0,0.0030725808597535484
1,0.3522153787205987
0,0.2906174683188478
0,0.649217617056651
0,0.060993367808195045
0,0.012062311011851613
1,0.8867022193118449
0,0.4512760564218167
0,0.4264813107712442
0,0.014680768013754128
1,0.885047542596814
1,0.9052086416120705
1,0.5987459878712755
0,0.031839047211010704
0,0.10543192305357177
0,0.2641938348597221
0,0.062063977296340535
0,0.0064875803721771335
1,0.9695971584726522
1,0.690161464720449
0,0.027199987586861457
1,0.24536967668226972
1,0.9326938468913445
0,0.408480045748773
1,0.5454661820324476
1,0.10643715935513122
0,0.12513951580254967
0,0.26494677356555
1,0.5270963965163474
0,0.05467037685553562
0,0.005611377213834375
0,0.005585405730650761
0,0.8022669370428056
0,0.08799819915486168
1,0.7478908897367572
1,0.8944522454512368
0,0.007344301970171586
1,0.9858831742564603
0,0.06814044388064767
0,0.7962444670712899
0,0.3328179098733106
1,0.8823192382868719
0,0.17900532810308117
0,0.24820292324920729
0,0.089420425758747
1,0.6881412841574931
0,0.34509425727289605
0,0.02200116348689813
1,0.9799041728607379
1,0.5581146112850291
1,0.09483608579249513
1,0.40222510679532913
0,0.011397016376052983
1,0.7646247467380165
1,0.9172072693372358
1,0.9860551998389054
0,0.055217069466118006
0,0.19431274823175157
0,0.2733952520067696
1,0.8461246736608389
1,0.813979578323018
0,0.037476057947761744
1,0.6283740327871474
1,0.8752210087077051
1,0.5530317709798972
1,0.4456883331545034
0,0.08005868977290226
0,0.1295557311913072
0,0.0175898120019867
0,0.016253498482458356
0,0.051725741308364166
0,0.01270797053119067
0,0.6907670544646809
0,0.19171137036518288
0,0.0331103078574783
1,0.8418737280654531
1,0.9310857512593668
0,0.025295088758560222
1,0.9754923918794041
1,0.9500206140924401
0,0.013160327084420253
0,0.014522397663155653
1,0.7002077808201195
0,0.2845035538920843
0,0.020598698788886666
0,0.04581129155383703
0,0.2846983728967353
1,0.8033977140211678
0,0.015639359094777937
1,0.9660728806922151
0,0.023114974756318896
0,0.047870597996679455
0,0.006713613755183757
0,0.03904471307432817
1,0.9432161423557781
0,0.5224209003483742
0,0.050807971340345655
0,0.018688956136038947
1,0.39394641723847007
1,0.20498906461327485
0,0.017540645307957067
0,0.04756505157204232
0,0.011968347463015918
0,0.08637750655347315
0,0.006172149719760471
0,0.6168299787854957
0,0.055666689383543334
0,0.0786376752400256
0,0.10849854050819113
0,0.13564101272207313
0,0.048430322285574944
0,0.1281025783232352
0,0.02346574338852858
1,0.8791736955661452
0,0.8706472041508367
0,0.006491818197958714
0,0.21628661508195787
0,0.7259428926150485
1,0.9180154074636281
0,0.12890650870443746
0,0.04574669593165964
0,0.2736205193275502
1,0.047759051042803764
0,0.7381917587410537
1,0.3007654416647968
1,0.9263791348355772
1,0.15514758575252657
0,0.2860282848963219
0,0.1271114637734386
1,0.945501279412554
1,0.9190518719246492
0,0.053269281736739865
0,0.06374774769843052
0,0.5559057233133788
1,0.18025854062860722
1,0.32671419555883074
1,0.8047113086527157
1,0.1333847586826246
0,0.14184701367773223
0,0.01343547258098097
0,0.01736455963360398
1,0.9727555891590692
1,0.9274166763320656
0,0.13165821724090002
0,0.012067767325940464
0,0.05214950370214874
0,0.1080658098199473
0,0.12084809254200252
0,0.06545713957597041
1,0.347658432073041
1,0.9795767757912658
0,0.05968484889242465
0,0.48499007884631185
0,0.042852954038856084
1,0.9492027017780337
1,0.9280857003112685
0,0.03615411782782976
0,0.2624002515832455
0,0.09997401969550283
0,0.014593376640794402
0,0.026316490129937045
0,0.014756412163964066
1,0.6704714440798849
0,0.12212840782579774
0,0.5835715526927636
0,0.5540766630841093
1,0.151573075408765
0,0.037139103016410144
0,0.08711299383266
0,0.013647407408313869
1,0.9704225009668285
0,0.06493629714194644
0,0.007557774567172445
0,0.012523051183657494
0,0.16785940912260963
0,0.025279097235240282
0,0.03206439131836652
1,0.37825379035471923
1,0.5441761597932188
0,0.006389162868991083
0,0.11934545459786723
1,0.5499886164082386
1,0.8572367635022542
0,0.6845555944532884
0,0.3655299094398749
0,0.04503996386034267
1,0.7655731911079696
0,0.015968901879483383
1,0.885754245759118
1,0.9290550584861095
1,0.9711095807006561
0,0.10427250210092924
0,0.13536470851467516
1,0.9113704239993542
0,0.03471935186279195
0,0.09959782586219948
0,0.05599458385293106
1,0.41817665858719955
0,0.00712704665773795
0,0.21246465928337116
1,0.9938256456665292
0,0.03981059751792795
1,0.2335152314766114
0,0.6388339569938271
0,0.6048208786669887
0,0.38486886805410797
0,0.4384177674766541
1,0.7328873117177381
0,0.033648660778048116
1,0.062350337137119405
1,0.5522060837693458
0,0.3593368882319628
1,0.78950525398044
1,0.22868482876954757
0,0.04676485769338369
0,0.21058345371312884
1,0.8689169284976904
1,0.09260844695188318
0,0.19179306096951382
0,0.013055169601401859
0,0.01591186965949312
1,0.966908565333194
0,0.47693441575778045
0,0.04113049894766743
0,0.1791121658103136
0,0.055678161897735716
0,0.03943755044346191
0,0.06375115260831986
0,0.018568900895967792
1,0.41280400329072314
0,0.32922808760623123
1,0.14629573458589287
1,0.699958187253596
1,0.48430011902927916
0,0.4016140365884154
0,0.007556547326423744
1,0.6748282395439956
0,0.41779224238166
0,0.0719743995318989
0,0.006685099234626659
0,0.10950468534439178
0,0.3674064373275009
0,0.035509141576142135
0,0.4081733132235151
0,0.011737096171813519
0,0.006558230323858847
1,0.9851886049826515
0,0.026637791288552107
1,0.10321962220261408
0,0.16564113509723977
0,0.02178410618042217
0,0.0073991568147160494
0,0.02819329898443458
0,0.005214216740049162
1,0.9265922013452831
1,0.20466524042157763
0,0.030543335172440428
0,0.5856915504113037
1,0.11201987602246773
0,0.03225981605327479
0,0.03810376078870413
0,0.6862878193186166
1,0.8091951850317167
1,0.9320963416983986
1,0.15105926986036866
0,0.06477533510726559
1,0.7182144693952195
0,0.8089218646726904
0,0.19544166683777303
0,0.11665461716269589
0,0.290273616953771
0,0.0052044053261778925
0,0.014545856883330311
1,0.415134291025212
1,0.24216333691601166
1,0.14203968528786914
1,0.9151344705005859
0,0.8437226565900467
0,0.09194385028223116
1,0.9039364314178613
0,0.013331273625243735
0,0.025136929210263573
0,0.39332883302565946
1,0.7226874571228377
1,0.7592011409333901
0,0.030060885060506127
1,0.5446499540482072
0,0.028519062751431436
0,0.003071059289051951
0,0.0030125715250730457
0,0.024461768562850983
0,0.17859377386996722
0,0.015286518998926042
1,0.44999131741251625
1,0.34022344532068194
0,0.041549013113542164
1,0.9164694713134053
0,0.0576689864096466
0,0.05578154212811902
0,0.27586139672300486
0,0.0070189870491634
0,0.8508050710104432
0,0.05299512652364583
1,0.9293754947168118
1,0.3798383451366877
1,0.5326959819587811
0,0.46124899196046876
1,0.9087718830528959
1,0.6553886288293151
1,0.9680845501611083
0,0.043650190703736554
1,0.7571174393163053
0,0.013991985739914559
1,0.7989085409853133
1,0.9506961154941981
0,0.1018884471310008
0,0.015947698292979942
1,0.9529730178103485
0,0.06856288754910786
1,0.9271051299114673
0,0.18258024327462052
1,0.7769605290279454
1,0.7414371417869126
1,0.49228297948764754
0,0.1589723468551319
0,0.07198317446976943
0,0.0028519205556764154
0,0.014512769279314242
0,0.04845911959577821
1,0.8175868359781873
0,0.008868592685594392
1,0.9110684883642932
1,0.9012983688610015
0,0.052716395642778704
1,0.6530508031936132
1,0.9011678824639708
0,0.4095385097277806
1,0.454118421081686
0,0.013712737682837196
1,0.8540464177354893
0,0.4037727787484829
1,0.3580001425257015
1,0.5594654297666222
1,0.7332870107396866
0,0.28503146570718385
1,0.9189753573279408
1,0.8671488396840623
0,0.009250625011279661
0,0.09484193341342909
1,0.5652150053921547
1,0.9008685240924207
1,0.7702575000804766
1,0.450223594525568
0,0.02057252400100219
0,0.1314055555112552
1,0.2594125515321333
0,0.010149613174925054
0,0.7163361248173352
0,0.006395978589242071
0,0.025137151606791076
0,0.4219454081396398
0,0.7565845059244284
1,0.3933394307508108
0,0.19295079036886473
0,0.9285218240671026
1,0.9118692278135233
1,0.7988260617464259
0,0.10218393449110667
1,0.7542361416576187
1,0.967732394303947
1,0.5052247115666214
1,0.769058091266974
1,0.9243439206459014
0,0.03083261997666635
1,0.6964680511416249
0,0.012364382349650142
1,0.6430699523410276
1,0.11123250344500184
0,0.06227232639478538
0,0.011771617005678029
0,0.05065990561514505
1,0.7634465979692051
1,0.8524081924145863
0,0.2872490567321311
0,0.05971770891482528
0,0.055608474756989594
0,0.052212046211635534
1,0.8281575672383824
1,0.16754211006443837
1,0.7886847816241476
0,0.028140162047893654
0,0.24309750073682687
0,0.010385603300155158
0,0.3136260170028792
0,0.013779141842161797
1,0.7385566342753657
0,0.027801994397364287
0,0.023419970402106124
0,0.03163683518432876
0,0.03066915135631873
0,0.06974759925659796
0,0.3386195911752903
0,0.005363996107880689
0,0.06632026438949466
1,0.9784714830230486
0,0.010136380064485799
0,0.06506619898595058
1,0.6329221811763834
0,0.4776173988619703
0,0.005838241346096555
0,0.006239310062838421
1,0.013512025411887575
1,0.9052539045625932
0,0.28023030088652834
0,0.008092715028879807
0,0.015511242986123622
0,0.00477150924118122
0,0.19886276064519887
0,0.03149332131152989
1,0.9653799294608222
0,0.035231759036283394
0,0.072157922815616
0,0.4308110280417241
0,0.16515530417336724
1,0.6731917362133589
1,0.6594304720555302
1,0.9570357026055896
1,0.16404092432947306
0,0.016846349443090224
1,0.11715327142489709
0,0.17821819770544897
1,0.605264749403236
0,0.09748305033182025
0,0.452251736295384
1,0.9650334022591486
1,0.9449237942741926
0,0.08338437459718707
0,0.31083575238817024
0,0.4899605075526833
1,0.9084945214047562
1,0.7637984366249906
1,0.16449447114635807
0,0.07555510162145496
0,0.01407049674305217
0,0.1505518434734526
1,0.8608591228056753
0,0.03311446691513652
0,0.254200076431765
0,0.7719453234467792
0,0.17232439992387139
1,0.9387599838652634
0,0.11830445994170885
0,0.052363077341988515
0,0.006598394472985533
1,0.9217748409936539
0,0.0823237322944512
0,0.02695540284907238
1,0.564988033689123
1,0.6324490652031622
0,0.014308877237968315
0,0.17898727258341784
0,0.009097472424093924
1,0.30923573726409576
0,0.6739976100022255
1,0.9043656541545446
1,0.7315943132514018
0,0.06964988987149132
0,0.03792098770490636
0,0.2199093806352463
0,0.008710662821990952
1,0.9422083271548436
1,0.8541982453432166
0,0.4030580364344356
0,0.41318180917559744
0,0.1431045501062366
0,0.5517766601530508
1,0.8443612182105326
0,0.0304921588770418
0,0.07615294057840837
0,0.023916644169093566
0,0.8018811934416833
0,0.1625288931349476
1,0.7511956857625645
0,0.03865229873342541
0,0.5552920466987752
1,0.06900654640294587
0,0.011198505208171191
1,0.9591082273220672
0,0.03460056505553841
1,0.8414218976721429
0,0.1112708144705206
1,0.004148872410905026
0,0.24248460058483706
1,0.4078920517801399
1,0.6387975721811019
0,0.020656991203598495
1,0.9388869745310172
1,0.9575256814325488
1,0.5745860346556932
0,0.28723133550959984
0,0.07439629339635509
1,0.9228924867191326
0,0.08078512723699487
1,0.5650637093638982
0,0.13420847959471105
0,0.020376951192253866
0,0.008977811383752485
0,0.020564264108753123
0,0.12331032920001839
0,0.06767206087037478
1,0.9614112728256962
0,0.916921186824963
0,0.3583853029940822
1,0.944089834611359
0,0.049139284386968865
1,0.9665371973482855
0,0.05101716344456261
0,0.724357072185665
0,0.1372717860479292
0,0.029988626326598156
0,0.17856949558223528
0,0.14722853018966595
1,0.05995939702091347
0,0.27251828584151605
0,0.11843869554781238
1,0.9626014949913511
0,0.5819459141496461
1,0.5960044761044617
0,0.06376159776924412
0,0.0626296997644485
0,0.7159496281134471
0,0.0026115439902202405
0,0.11475998445673787
0,0.10331538365650414
1,0.8957332509354489
1,0.9799396066387678
1,0.8514494897533519
0,0.10884577611048914
0,0.012021879238392874
1,0.5388265857392293
0,0.047522399510289186
0,0.02229556539853599
0,0.2254858676452279
0,0.09605906221121897
1,0.5280106356682157
0,0.20109394327570926
0,0.05676063911126778
0,0.18816698322938893
0,0.029539300722656894
0,0.3387002487276856
0,0.6601808129791312
0,0.01123746238017615
0,0.5128052908766522
0,0.5300927149728768
0,0.013239988415730259
1,0.8969749745134183
1,0.42114919231806436
1,0.05972965781520304
1,0.9882742079134399
1,0.28766944764177066
0,0.31318609990209056
0,0.4339648375641592
1,0.7569335057107496
0,0.15529428230381706
0,0.027819449342608757
1,0.8113707699579246
0,0.05795195571077877
1,0.26080236655939004
0,0.09860006001641493
1,0.8609147548979071
0,0.670805224298902
0,0.04296479034809182
0,0.28531557906164606
1,0.8956934613677953
1,0.11020214858275626
1,0.9448089704680493
0,0.10726197626708851
0,0.09544221732057914
0,0.0076461445208781875
0,0.04408685555189115
0,0.9225586932568363
0,0.009581908708720988
0,0.008158031268996472
0,0.3875539317536433
0,0.1211530133291198
0,0.06482252653797313
0,0.03731633719215517
0,0.045788158328873105
0,0.06586206655243937
1,0.9673179439548104
0,0.062037448165124444
0,0.21532403913754605
0,0.08367048210504077
0,0.004499377821528753
0,0.08689602296570938
0,0.046272947914310976
1,0.9258433485528655
0,0.07544204198102032
0,0.05533325415714202
0,0.014466198485675671
0,0.7067027509548278
1,0.4435028478190564
1,0.797120625457028
1,0.43338790287563794
0,0.19943749835652877
0,0.2676989717951855
1,0.7388797323147068
1,0.4634105066847465
1,0.9359332108123287
0,0.2789793160181696
0,0.850374068200451
1,0.21138831589293747
0,0.4721466222138926
0,0.3310509566640957
0,0.4336671432107637
0,0.10532130117354643
0,0.6319460936549567
1,0.8335381869539776
0,0.11193003608025073
0,0.038371661957882636
0,0.5087872138154831
1,0.44263616104202047
0,0.663790048509931
0,0.5932366557764891
1,0.34265523810121806
0,0.011728604211726853
1,0.5823278721516977
0,0.5745091613575068
0,0.07495827928786765
0,0.03044267604382556
0,0.004737695266243883
1,0.16234348316868813
0,0.0429187798991218
0,0.0351081119101091
0,0.2322549996857228
0,0.007704954597593108
0,0.10388193822646802
0,0.0038822435502026222
1,0.8427900767692375
0,0.29984616491525506
0,0.06355881921940737
1,0.6703435777381032
0,0.2867603670319202
0,0.2533741300842697
1,0.24119894466038044
0,0.3480123593018887
1,0.3764568694161065
0,0.07800614352984742
1,0.9179030259106025
0,0.0636775204500345
1,0.5001242677537953
0,0.08783130943879598
1,0.2704471201856537
1,0.29800085640227597
0,0.010221013492819404
0,0.016277412553409143
0,0.0294595475636469
0,0.032404470265913164
1,0.7636670825507783
0,0.8840356763670292
1,0.23663565722687055
0,0.003464571752042761
0,0.03459627870868498
0,0.04050544418297187
0,0.0544714428659225
1,0.32096693207929883
0,0.009912408421797065
1,0.2592557050020847
0,0.028899282986419195
1,0.7105137783730294
0,0.7012608943625075
0,0.02742860950249806
1,0.7933781757562143
0,0.060481157199078796
1,0.9268049308473191
0,0.022978102708734852
0,0.2554557036677005
1,0.32319369658987146
0,0.7318101559059224
1,0.9686728904310689
0,0.01639627913671273
1,0.8178188890297883
1,0.38475497279709836
0,0.07172305156114232
0,0.00658714219095648
0,0.04862513039865951
1,0.44508086134254665
1,0.9146934084810555
1,0.10079370394609831
0,0.888203703775755
0,0.07259491268246497
0,0.38830287366177807
1,0.5430337754670862
0,0.0479332289746862
1,0.5800493498956154
0,0.025096097375076024
0,0.5553219127528229
1,0.4603813714293899
0,0.16926084057773916
1,0.9134166369571526
0,0.03478553823783205
0,0.023712664858783674
1,0.7479674459086608
0,0.004565007874719301
0,0.016165745133549674
1,0.8017247072078562
0,0.009883109925231497
0,0.24017682674919588
0,0.007279176858146056
1,0.6066838084616816
0,0.08772030873818676
1,0.7774146855658806
0,0.9274607061478849
0,0.16101654016222516
1,0.8750009831581778
1,0.6855528065792802
0,0.07432313363865367
1,0.3764568694161065
1,0.2498467635853664
1,0.7679718991255674
0,0.31874011903674876
0,0.2658926740996515
0,0.3412528851859669
0,0.015609735002706465
0,0.047034023274967286
0,0.005379314838244452
0,0.009696847461624518
1,0.9210557259458236
1,0.9449723364111212
0,0.315846322935009
0,0.8383521728559734
0,0.8713488929879651
1,0.6713499520026035
1,0.8707996052516861
0,0.7134247463889742
1,0.9053589889735587
0,0.15821157081254145
1,0.9923949539328911
0,0.043224043250813665
0,0.04504343510313274
1,0.07732523423938091
0,0.029125602077172547
0,0.07944327132820854
1,0.6759969042845
1,0.16060374009392264
0,0.029957488943007905
0,0.0065387290230393925
1,0.5452659322462313
0,0.005367706766959223
0,0.31253118522966605
0,0.059916014919492416
0,0.03283561613160105
0,0.01904319478470952
0,0.2785534690607122
0,0.0028841740418454817
1,0.9264417304198126
0,0.07757775290950722
0,0.03972863194344388
0,0.05647945246804276
0,0.008904358604297582
1,0.10000159970882748
0,0.35605777558486784
0,0.7058279539649976
0,0.047910685479653096
1,0.6046268024695572
0,0.012158749350303212
0,0.06694167266555383
1,0.9701404439255917
1,0.9621733857096157
0,0.08259337607768913
0,0.10526057925569705
0,0.3256147517680395
1,0.974923851019836
1,0.8731937601014222
0,0.09805056555120796
0,0.103724883313634
1,0.9338992087614075
0,0.006637517089250478
0,0.5665590827234898
0,0.7944018015256732
0,0.20850259315634015
0,0.09602775950065401
1,0.8929584586533598
1,0.7664641592062954
0,0.13238124889661138
0,0.004037825040000353
0,0.03792167213697496
0,0.008809203578630995
0,0.16535740627210171
0,0.9241433755158672
0,0.07962657482466465
1,0.7940442709810053
0,0.04746326527356436
1,0.8981809903281349
0,0.013611882125050193
0,0.744602713862976
1,0.7858271924773681
1,0.8773895307407846
0,0.2711140160661698
0,0.1807236427398225
0,0.8615025529763132
1,0.10159074544702254
0,0.24443943863956447
1,0.5566887856778473
0,0.011815194280170294
0,0.008241713491015355
1,0.9404789960416519
0,0.06161933930708214
1,0.4465528826506031
0,0.01316714553058873
0,0.06501549029382955
1,0.8037587017167329
0,0.01941030119978048
1,0.647556867822812
0,0.03998210787687314
1,0.9824656834513651
0,0.008198160736106347
1,0.41022218544535827
0,0.0517418252232582
0,0.42182684897329303
1,0.7452714903823218
0,0.00848976561973628
0,0.06412637527725305
0,0.23501444212960498
1,0.8868914373437743
0,0.009931051135000786
1,0.9101851151578649
0,0.025609386554902715
0,0.007687002027551787
0,0.5249659786699803
0,0.03427423225296099
1,0.424815714979408
1,0.6941218418326356
0,0.5495179824521761
0,0.030799959014322108
1,0.831243767295971
1,0.8854859082450465
0,0.028647929734428434
0,0.1863934061629504
0,0.31046612342848307
0,0.0057076500376726244
1,0.3658133488187037
0,0.0076461445208781875
0,0.2543407162212931
0,0.02217631133644834
0,0.04332977199153391
0,0.13482394234347617
1,0.6214713152200418
0,0.09457021840831521
0,0.6594883899011886
0,0.021715711542523664
0,0.025280733044447053
0,0.057565962639039785
0,0.029337793058468037
0,0.1247128046770822
1,0.8528110502774338
1,0.8859799211230275
0,0.8510489383944565
0,0.2944199896994109
1,0.8839513410916442
0,0.3141939760916599
0,0.42479551596923304
0,0.5813322190811863
0,0.009855382657011883
0,0.050298158390487374
0,0.1732144519872152
1,0.9688508577483882
0,0.015135808600081424
0,0.15294767354384103
0,0.6630165340890709
0,0.20724891864994519
0,0.013953736959280224
1,0.8578828477445735
0,0.076981451835913
0,0.08268455957870384
1,0.5947432115147698
1,0.6740281128004884
1,0.7690881231743033
1,0.8127824123901493
1,0.9053184663697322
1,0.7390422312209937
1,0.827753652262101
0,0.10730869788736798
0,0.06236751882392662
0,0.07958374612278957
0,0.3397206115203191
0,0.0220019211940086
1,0.8738584962794123
0,0.010611773448513473
1,0.5846147197515489
0,0.009090657844491534
0,0.03512272220852665
1,0.5844413871475829
0,0.37957010708195943
0,0.18932433311612054
0,0.0825689351381226
1,0.8429551087766719
0,0.11699517419848435
0,0.007630689337372386
0,0.005065335837950396
0,0.2647881902442394
0,0.031158819711711572
0,0.06546448685135883
0,0.8956125071779399
1,0.28787397477111704
0,0.03627928454496424
0,0.018512394925480763
0,0.23609162268716427
1,0.2028840042494893
0,0.014788203297632321
0,0.49895977658685725
0,0.3276358938985635
0,0.03550316216367409
0,0.40933942049067806
1,0.6609344966948791
0,0.13345288316186862
0,0.08699171950216496
0,0.38968541779323584
0,0.09299634245438985
0,0.37780177900331635
1,0.9386308347716124
0,0.05712997550071736
1,0.08099288814410989
0,0.42176769485470755
0,0.31173634753737334
1,0.8601685557556938
0,0.09362023062754228
0,0.006631160279923123
1,0.8077602056249248
0,0.011531315552990709
0,0.43187208857367354
0,0.029430326242074846
0,0.5015447544315712
0,0.08689602296570938
1,0.9936162994128163
0,0.027259336211140333
1,0.6060654879576399
0,0.012589610925161325
0,0.02144585135727184
1,0.7595803472289128
1,0.9607797598033387
1,0.8435120590870768
0,0.014417295230178406
0,0.028776959717650333
0,0.04100684374406307
0,0.06122201374767321
1,0.5829076610158654
0,0.2686950219815196
1,0.4311839197402577
0,0.16268551279183138
1,0.6261649437488006
0,0.007154229254326765
0,0.050291113021482946
0,0.1662025451475252
0,0.035778310311639146
0,0.41819511488970196
1,0.45924948849865094
0,0.5960104670741936
0,0.7774898889405238
1,0.9430179993950469
0,0.3907151165273647
1,0.10103663107130564
1,0.531873099956129
0,0.095162727289975
1,0.8768467247063924
0,0.2450368573773975
0,0.003516440074542733
1,0.7952209242557297
1,0.6485628036471461
0,0.007210459350618175
0,0.47926715228572603
1,0.6050531218584
1,0.8369445835202309
0,0.900964402692108
1,0.9406804747580041
0,0.1454727385858923
1,0.6199066325884671
0,0.8715359052444837
0,0.01350017039206269
1,0.7664641592062954
0,0.005148408074923353
1,0.9362173032864478
1,0.7299503462326377
0,0.056660069599936635
1,0.559836379755784
1,0.9236777629213209
1,0.5823923499515736
0,0.1273130362693055
1,0.5677781770794705
0,0.012204441910365507
1,0.8361423735253999
0,0.015070930203931078
1,0.8675555720894134
0,0.030152942814561077
1,0.5844632482595146
0,0.5320595390900468
1,0.4424943595275488
0,0.027835012161936762
0,0.065918197528548
0,0.6113805420709524
0,0.4428203606602368
0,0.8823106391948564
0,0.04109421053147574
1,0.6238848759089866
1,0.9359845699986621
0,0.524983437753801
1,0.9550520320052995
0,0.01657578977127637
0,0.014808570519612582
0,0.0047105090646264195
0,0.7900675736553688
0,0.022264521383469286
1,0.6525053143283339
0,0.05431614222434241
1,0.18801994385649456
0,0.009666578679510244
0,0.009478461594754793
0,0.008161920974744098
1,0.07661551009738568
1,0.9702526535937179
0,0.21157247169511176
1,0.549451993606091
0,0.02228348185714779
0,0.1447221991932119
1,0.5096457736700478
0,0.0038682232979426632
0,0.12122635179594003
0,0.006285603681209615
1,0.5516803899941288
0,0.16547169047576432
0,0.011516689428471855
1,0.8584925471787407
1,0.9867906936652768
0,0.36403110294084695
1,0.8721731656173705
1,0.9649768712545431
0,0.01679368262484283
1,0.8886729767708288
1,0.6251007696431519
0,0.019226205356895672
1,0.788681239654005
1,0.8325141944326897
0,0.14012061918173835
1,0.5237301090855917
0,0.024654915406522523
0,0.16922715103849678
0,0.43519662407222753
0,0.14479554165528494
0,0.007163689499207507
1,0.1979697500771812
1,0.8519069150043856
0,0.23977064991815417
0,0.010731068866215488
1,0.9205143434704803
1,0.9670229714104346
0,0.1438752933344453
1,0.6220354834740368
0,0.3264661819065051
1,0.5193521508858338
0,0.07857123200799791
0,0.03799828019362064
0,0.010315863995333893
0,0.009799647019326677
0,0.15680388955436825
0,0.4415467276876395
0,0.11836123470866988
0,0.0289452149760335
0,0.37646340916681986
1,0.24409968476049787
0,0.7506447678019705
0,0.008968067804266448
1,0.33593491865525715
0,0.04220165130320559
1,0.8888498909506528
0,0.006194218654450618
0,0.052761211828570784
1,0.510857187668681
0,0.09652272242230267
0,0.013507006333230067
0,0.005484157561364573
1,0.5529045449188048
1,0.9476982858349128
0,0.09878421218705258
1,0.8348767734673824
0,0.7786026572592104
0,0.05808445729356201
0,0.03970361913800735
1,0.8104797530147534
1,0.2540309594347335
0,0.04200584929585794
0,0.046977223720759034
1,0.7125829090974074
0,0.1899738313482504
0,0.010991949358763534
0,0.07244519999762458
0,0.16666958942917806
1,0.8870008571075296
0,0.006652284010992949
1,0.21400641525315045
1,0.6920973737183509
1,0.5097023263005792
0,0.01359991094631274
0,0.06678832978190417
0,0.05774843980219937
0,0.005115419253545215
1,0.8639303121724026
1,0.4792148105235401
1,0.9637846909300188
1,0.7422105794360636
1,0.7974538878329458
0,0.060831326674325344
0,0.23689654682917471
0,0.011221144338832399
1,0.8783974389361693
0,0.3814491789064186
0,0.6368087451422685
1,0.8325209302612712
0,0.4057499036128047
1,0.3389353654709591
0,0.03572513665209479
1,0.6618037492494933
0,0.10678066517608664
1,0.9603851352650059
1,0.9319456284602771
0,0.04019034006383468
1,0.9645753496401345
1,0.04961856364062338
1,0.847756079952418
1,0.6990892021274111
0,0.6099634476568117
1,0.5143363102580284
1,0.29911967357761204
0,0.014394619196775944
0,0.06783329949393146
0,0.04390011161967925
0,0.03351106842936921
0,0.03894556123240927
0,0.012489801566067531
0,0.013112271221395258
1,0.6551179608738563
1,0.9257026635487078
0,0.07619603334835007
0,0.02597801811468355
1,0.7399028062429982
0,0.01356495428461549
0,0.6529515772595633
0,0.07951829477918175
1,0.9222781200104875
1,0.9315498670219964
1,0.9366032776915242
1,0.6855003509359757
0,0.8077266875996666
0,0.03528601385328831
0,0.04679988341850991
0,0.26934626980762155
0,0.0576560171271265
1,0.9572662727560359
1,0.8488345830751115
1,0.12279281532371893
0,0.5016621116701855
0,0.033038744942330014
0,0.030911875482814336
1,0.5685993294761534
1,0.8940974619647734
0,0.08823109312641468
1,0.9236827367562507
0,0.13379329559252692
1,0.9860551998389054
0,0.15756337597763317
1,0.881909962850094
0,0.7762268427469853
1,0.8125285326817306
0,0.667924146456331
0,0.05908575421127255
0,0.03979049836561239
1,0.7717134742224238
1,0.48479803924202236
0,0.9042149459781166
0,0.7671646063864126
0,0.061838900804187885
0,0.014339948546302125
0,0.01620795642002914
0,0.052517209955336076
0,0.14888019548489778
0,0.10209993350431999
0,0.1419312033207534
1,0.8257605769872572
0,0.012620100989319033
0,0.2603659668532177
0,0.06295283713512198
1,0.7482136733682117
0,0.054393643977558734
1,0.7147225299596847
0,0.01835132956135112
0,0.13084039084613128
0,0.19669345783028072
0,0.02540644803447982
1,0.3809740468626148
1,0.9290054367365128
1,0.4312361398306979
0,0.01245271414564714
0,0.03142960823362194
0,0.7775271261706183
0,0.018855635664604624
0,0.013047579947728833
0,0.28354545772815043
1,0.8776917580321644
0,0.2322671753869458
0,0.12165780082579952
1,0.8988947523671013
0,0.04744810546440179
1,0.3734503814824583
1,0.8362234159797836
0,0.08911974060648997
0,0.057440707378907545
0,0.4298455881626213
0,0.04990509736482964
1,0.04044635920838167
1,0.3584760472059431
0,0.11392887459306107
0,0.13105643896554917
1,0.6654201644683942
1,0.7181479956197323
1,0.6523474281462756
0,0.4046031110195987
0,0.09655097630429522
0,0.0528337520207803
1,0.874066719984626
0,0.016835519896892265
0,0.22624436699854789
1,0.8894769717304236
1,0.8080167282365364
0,0.8876829458848985
1,0.5116683737096535
0,0.45898726790934313
0,0.05738513498402549
0,0.31435914036036894
0,0.2671127538247045
0,0.02229470273324579
1,0.42203427588247067
1,0.5274598552250542
0,0.11686122478315193
0,0.29804961737647284
1,0.9141146089676208
1,0.9689288088766173
1,0.9104737092199435
1,0.6892039548739333
0,0.08571249974001396
1,0.9514444145683849
0,0.06157885030684405
0,0.041915057300254306
1,0.9598536132038622
1,0.019010368391508915
0,0.6286662157271315
0,0.033335777633953935
1,0.6901172602214282
0,0.005697566879062566
0,0.8473444907007086
0,0.1004541579786761
1,0.9708575301703015
0,0.023599639012777306
1,0.9076622108759923
0,0.2436794328240772
1,0.14032649660848812
1,0.1635366498821641
1,0.6970882268543627
0,0.22715487682911645
1,0.06041921171085701
0,0.030992477979511067
0,0.11335094406706607
0,0.3996730121362072
0,0.08791374036883234
0,0.01900864602399191
1,0.9677034295619719
0,0.008021375649235885
0,0.32372252883009134
0,0.005237575711637831
1,0.6481792430661403
1,0.5845614675332096
1,0.9201216867943114
0,0.021578268760082113
0,0.032702072626111425
0,0.030808887479480275
0,0.10110590121557274
0,0.036143507513141784
0,0.30697191654227823
0,0.009623641411123676
0,0.07197264516590778
1,0.9231486828265482
0,0.01346553544910177
1,0.5071500146223267
0,0.05789900654764603
0,0.07107593033320449
0,0.00619318391702737
0,0.1445304886019131
0,0.026216426611183605
0,0.012417126401612678
1,0.8662785356850418
0,0.593610560235463
0,0.007651188816965304
0,0.6667187072781379
0,0.0953134598685745
0,0.004284944856672453
0,0.10852115443185495
1,0.7326973037351698
0,0.010502058272122134
0,0.23855291254558283
1,0.9500563584780326
0,0.06137196281108357
0,0.1757591505098247
0,0.048522724622025976
1,0.8031684716386679
1,0.9442645814384426
0,0.023356608607947842
0,0.008323967585629952
0,0.9114600787146341
1,0.9135840670900104
1,0.7650314369764465
1,0.8100305895521325
0,0.03472778522218939
1,0.8799691101516326
0,0.3974142537854441
0,0.10453855516875511
0,0.5856915504113037
1,0.9551046614731302
0,0.1257911152115136
0,0.03242160102047356
0,0.18731491938518843
0,0.0069103536141055235
0,0.055854950256589826
0,0.008596601898220707
0,0.2231561403211499
1,0.9326216199824384
1,0.35904643512804607
0,0.01844965459553638
0,0.028589675430389882
0,0.3093726976521478
1,0.8233371153292358
0,0.02401576086170619
0,0.9613528793150601
0,0.12501464890630407
1,0.431127259579182
0,0.0015674641801180318
1,0.9384323524546194
1,0.8905454191807403
0,0.7815586744564967
1,0.8715179531784877
1,0.8643164060539459
1,0.897662895344915
1,0.9053684679135637
0,0.7025933007739701
1,0.9149455476298137
0,0.03147240020360196
0,0.02441177485378073
0,0.29344275160544503
0,0.0194251182246009
0,0.07344950121648997
1,0.7581789027889515
0,0.09755659168753586
0,0.016430630892727033
0,0.003700040569251441
0,0.013868078137922691
0,0.026123808933419923
0,0.09597370798123732
1,0.26390496243250167
1,0.9341212595556758
0,0.09560377922358232
0,0.25265075474761406
1,0.9655354346727217
0,0.6555718616225036
1,0.6788959339011377
0,0.11108587442436917
1,0.8937751353900718
0,0.014492583634945887
1,0.8414072864768473
0,0.015108085431876323
0,0.027643396395617397
0,0.8525823300434885
1,0.38195401627275577
0,0.26037209030990266
0,0.0842979691518931
0,0.10954291391642419
1,0.7589931102691437
1,0.8421630361776501
1,0.8004984467971635
1,0.2287126641052454
1,0.8946036111117013
0,0.12669638598836547
0,0.010530129089103396
0,0.00587769645766533
0,0.04056992052673106
0,0.030578087148093788
0,0.7599981457079577
1,0.8977946102929986
1,0.7776369030710968
0,0.44911560160692937
0,0.007668169333157331
0,0.05129433160792044
1,0.9431165810556659
0,0.012884222440541864
1,0.12330753327459519
0,0.019617639827308485
0,0.1383907983329459
1,0.9009773978915484
0,0.061619189773230325
0,0.019728320266818946
0,0.6700295130841983
0,0.04786827986061565
1,0.7537085196227584
0,0.034873175749593394
0,0.04726802588838754
0,0.09498419704328961
0,0.14725306334126778
0,0.5990982894868042
0,0.0659285145978792
0,0.04159066821673813
0,0.025907413063563485
1,0.9743458487031377
1,0.8173696592050148
1,0.9371221827414625
0,0.8273744744641316
0,0.47270367964267274
0,0.28864159102092646
0,0.00860023062035138
0,0.02518093813376863
0,0.0042649842158523936
0,0.4183139236642254
1,0.7394357005742798
0,0.00785976895935131
1,0.37844478739991966
0,0.018593233929109894
0,0.008432077632500654
1,0.7923670873914426
1,0.14736319882953508
0,0.016528021920218898
0,0.010312760343098092
0,0.024631979013419496
0,0.2032652335060153
0,0.7366682614740491
1,0.019646410539449807
1,0.6535928991624198
0,0.05083444003778135
0,0.03878039421150896
0,0.02140960984468186
1,0.912597605890839
1,0.5282300769935002
1,0.8956716902616739
0,0.39396725424218926
0,0.37103116594061286
1,0.937131963856836
1,0.12364116339527201
0,0.07292930901995649
0,0.6262539951667992
0,0.19103634089739216
0,0.011085659628264483
1,0.7062698255950499
1,0.6871675054000436
0,0.06910638699319242
0,0.14634945996965595
1,0.1647731927742546
0,0.02942784091000134
0,0.011641091284321673
1,0.8874427122866145
0,0.08437632808509112
1,0.8492566307755814
0,0.17161127706855844
0,0.019959296369881807
0,0.008007005302605555
0,0.2615743819759478
0,0.24962886726977931
0,0.08050149480355305
1,0.9060967797874752
1,0.9795216013509054
0,0.008291199192854187
0,0.03144994221966409
0,0.0079580293442371
0,0.14874620833244306
1,0.6630150617285182
0,0.08931467191047276
1,0.3830954291295936
0,0.2345823943418496
0,0.047727041968564365
0,0.9061487728343021
1,0.605087127385042
0,0.01687385853585702
1,0.3288096084159509
0,0.04222642786670878
0,0.008002698681482609
1,0.6046324340020245
1,0.29942222681954983
0,0.19359591389840988
1,0.5120318160320232
0,0.024769840830999618
0,0.021646119014338577
0,0.007794560569217426
0,0.17410098550881986
0,0.006837720718735133
1,0.2729163903415735
1,0.6401009334446315
0,0.7724526719862935
1,0.8749291216318573
0,0.1437831391948799
1,0.8372386286982174
1,0.8655434057348305
1,0.5525092651140342
1,0.9269624796363918
1,0.8848792523295977
0,0.016477757928200845
0,0.04351726743576084
0,0.10777992746047489
1,0.06950994769157792
0,0.3154994570640654
1,0.8119129347477398
0,0.9032026279430327
1,0.8963533906603977
0,0.3260099196228123
1,0.311624606483529
1,0.7615980157561676
1,0.47922898252525253
0,0.06010818551302198
1,0.8778836101958104
0,0.05849861549568066
1,0.6295379886925211
1,0.7915037808769834
0,0.07287501743641792
1,0.39807152863096384
1,0.04332813082686538
1,0.9099223841499191
0,0.006532585419531071
1,0.8092078799592417
0,0.025898014679645136
1,0.055987943954318733
0,0.17392177670932524
0,0.015869552575017584
0,0.043389677913699805
0,0.14975622458759064
0,0.013069987779141768
0,0.3858893868164167
0,0.16183171064480606
0,0.015794613702466195
1,0.7555461266976611
1,0.9598044830104947
1,0.2982218284711028
0,0.047830152328157086
0,0.0402232252202296
0,0.10131869673868302
0,0.0477771135459322
1,0.6505063844459914
0,0.22528531683462835
0,0.015585082579628286
1,0.3037779639039419
1,0.9763626353857959
0,0.05094388068336826
0,0.2584179137804797
1,0.8125681909071163
0,0.1991796605211374
0,0.019475890044663543
1,0.48298962015034075
1,0.9296360171564354
0,0.06842042821395113
0,0.009441698298140384
0,0.06280482247351034
1,0.9422584510870475
1,0.14064912099128288
1,0.28298625538612343
1,0.6397408268444778
1,0.19878831708358316
0,0.5320692470060812
0,0.13166132125863247
1,0.10495733791483529
1,0.48874811612157115
1,0.5172596756696789
0,0.054370438911401246
1,0.9451324233491223
0,0.24484040902984838
0,0.013277171603439185
0,0.026716164377070802
0,0.21808991601027175
0,0.02684625913447536
0,0.005484516946065504
1,0.9105597446514466
1,0.7631518037578828
0,0.05150846773725413
0,0.009530973831710922
1,0.6499310718671296
0,0.1812391538175813
1,0.8971545388584887
0,0.037323727669710406
0,0.008698584995993814
0,0.09123013083558523
0,0.5550608202103703
0,0.022519490258859413
0,0.17663388748541248
0,0.007434443977027281
0,0.062370754490705296
0,0.6359187679913476
1,0.7942506593367941
0,0.0033023144348424075
0,0.0441823820911598
1,0.26739857381840937
0,0.2522181249112976
0,0.2842235292013089
0,0.07502250540779234
0,0.7429630505153267
0,0.1067705335985405
0,0.10018523117846415
1,0.9290148582085773
0,0.019450714058485932
0,0.0777131505959292
1,0.7911105380457916
1,0.10843135911011309
0,0.3990619117320229
1,0.8996790653239876
1,0.7526000725525543
0,0.012332404184192987
1,0.4933373573199382
0,0.03955401331865317
0,0.07601327228190112
0,0.6201471550769473
0,0.015286963136159607
1,0.9429689989475353
1,0.919124353631908
1,0.5427316156718408
0,0.03147782885151115
0,0.5654085701209063
0,0.8129649136988494
0,0.7842215362373273
0,0.09643672474497172
0,0.37031010180794954
0,0.23639204608163392
1,0.4175688765004569
1,0.9264286341009831
0,0.13758253293590136
0,0.012810441116425934
0,0.00571377494298696
1,0.26708504240591896
0,0.1689412794760024
0,0.019242433253451405
1,0.8773530529705473
0,0.006298054683395986
0,0.09211123451734758
0,0.6609861237746671
1,0.8628341734456806
0,0.015005924207248014
0,0.02082616739556061
0,0.001737061626356468
1,0.5990982894868042
