target,prediction
0,0.2126785589185265
0,0.08244881576808456
0,0.1117875750291423
0,0.18482986693829453
1,0.21793642686059264
0,0.14336177025076988
1,0.5764471898012271
0,0.10522412390486031
0,0.20244588965098
0,0.19203747197473756
0,0.0948731090232569
0,0.1120262396723527
1,0.14608505456018314
0,0.39079877126891854
1,0.7959423229494995
0,0.11119938633192052
0,0.1194826038943134
1,0.18869371862353923
0,0.10948441713338536
0,0.1252438370239522
0,0.21704441999732127
0,0.4111272911156537
0,0.24632076081141582
1,0.7308756906291803
0,0.09782232689097684
0,0.4931733216190671
0,0.08314987350323239
0,0.1096615861953526
0,0.051992774667334936
1,0.770245807679183
1,0.16193386247662875
1,0.5409709572850276
0,0.1659227540585289
0,0.1369274579076515
0,0.1137701183325862
1,0.8687036939903345
0,0.08072636004193237
0,0.10374458461020998
0,0.11464155919152824
1,0.9217218310726812
1,0.668513963821355
1,0.7721321785819476
1,0.1904471223161335
0,0.10515566930037555
0,0.12056681556785911
0,0.0992029533575143
0,0.13190804864763228
0,0.15275266824607772
0,0.16742487353149507
0,0.4798582887165148
0,0.11391491984738884
0,0.19352244639122623
0,0.1954452254006444
0,0.13899453663163433
1,0.8348832163463911
0,0.07662248736157845
0,0.11076742839824048
0,0.47723129397448527
0,0.44834241336001296
0,0.06671440018475946
0,0.16277925030158297
0,0.0991294221439501
1,0.9327667017365896
0,0.10671871620730188
1,0.9057694501203003
0,0.1587223983740074
1,0.9687673185174093
0,0.1760654944075821
0,0.07438290554047684
0,0.3767210720023972
1,0.1954958212665338
0,0.13182630630342745
0,0.1659201008772521
1,0.2471166423693336
0,0.10383603463374434
0,0.1659201008772521
0,0.06878566915387307
0,0.14262250482992356
0,0.10613066099764443
0,0.13203718788411156
0,0.2253702615261542
0,0.22231298739444214
0,0.17871066614567652
0,0.09315777712978338
0,0.14615367389432968
1,0.9189954710334733
0,0.04873268717660451
0,0.7503396303215474
0,0.14366709493972027
1,0.5400324454145853
1,0.9397112192337834
0,0.3192002168763638
0,0.12081967451234601
0,0.18317925540493876
1,0.40814456555324696
1,0.45534546573584
1,0.20603052954862922
1,0.743929220373333
0,0.5134025201795183
0,0.141337085259524
0,0.030535101112286793
1,0.46876196062506137
0,0.16522491593991612
0,0.10547009828303797
0,0.09575930278148925
0,0.30507238372480383
0,0.10547009828303797
0,0.7020777817474312
1,0.20805885484588152
1,0.10834117919589305
0,0.08942749302783552
0,0.10928926611178494
1,0.8306819297964917
1,0.07609363549356754
1,0.4914598229938034
0,0.12666836034759807
0,0.10601602044227043
1,0.06827635013028353
0,0.13450432764007803
1,0.5824059866966873
0,0.20006870800540247
0,0.12793673272663
0,0.12782408205214274
0,0.11814353739114034
0,0.5560815419559308
0,0.06869882900162515
0,0.3050970223244928
0,0.1121966308822672
0,0.07025993049272623
0,0.24285245275424938
0,0.1125640611465063
1,0.10391392654007447
0,0.08052312793175612
1,0.9180785355489866
1,0.7050225724665479
0,0.19751985216649678
0,0.09797941660777616
0,0.09837007684363754
0,0.03051135356485441
0,0.15052346570884292
0,0.08237856349650588
0,0.07099533081199366
0,0.1033911631108448
0,0.16193903135452029
0,0.10508708951661513
0,0.18503069733051047
1,0.5949337216927791
0,0.7175637607588046
1,0.22352056076543983
1,0.7043876319113419
0,0.11452370781297941
0,0.2204346043005807
0,0.15282616240065489
0,0.11005629076062792
0,0.11191218856554226
0,0.06511390801406514
0,0.059237905846361696
0,0.05723881722140672
0,0.09341242023076055
0,0.12370020559233463
1,0.6854328196226335
0,0.21719369091922072
1,0.3337381931695422
0,0.5019260017691045
0,0.053925310516913454
1,0.33441416146075686
0,0.17231769215515033
0,0.092417300489195
0,0.10087320448329085
0,0.0726358457284498
0,0.08721632164645768
0,0.26303886947393085
0,0.07083528717334586
1,0.44411936667636925
0,0.2746198429683472
0,0.10547009828303797
1,0.7878447740053055
0,0.10323676242389235
1,0.14940165754379445
0,0.060473040728775226
0,0.09007189236917125
0,0.2648266627932396
0,0.13401986368375807
1,0.5112329920601785
1,0.9505482919120462
0,0.11074725488414734
0,0.08092086279896211
0,0.09456665492860016
0,0.11307152362634491
0,0.2453625207096751
0,0.06813075323159488
0,0.08363792699387962
0,0.19715263935422575
0,0.05836031931815817
1,0.7886352563514188
0,0.0593710442983579
1,0.5262665554607263
0,0.10424091677319373
0,0.11540239319936896
1,0.36292036213212353
0,0.12471818352637287
1,0.762759862342454
0,0.1132375044256965
1,0.8165830966897705
0,0.1074966556824445
0,0.13284700826153592
0,0.08244881576808456
1,0.7587489433417101
1,0.49319834684108005
0,0.06881443382782242
0,0.08335645811594307
1,0.29443804417083846
0,0.4014742990104112
0,0.21000905078414334
0,0.08071173615154952
0,0.09501935030020257
0,0.2344761323769227
1,0.18915501688650185
0,0.11119094614234393
1,0.44968075284412334
0,0.1560678500016932
1,0.19158298503107402
0,0.11368522996958941
0,0.18304722977034907
0,0.40941604327617426
0,0.31460136410201267
0,0.13205555321070955
0,0.08054859121867376
0,0.10886325752569803
0,0.564567318179092
0,0.25865934208397684
0,0.22125217456160332
0,0.1665622241379362
0,0.1947464798579016
1,0.7999398434617925
0,0.14206721074963072
1,0.9746949287457948
0,0.33230117333983233
0,0.09239182462805505
0,0.12602010823557222
0,0.08633134109098003
1,0.251137116042991
1,0.2878703810083961
1,0.6495669678302582
0,0.10323676242389235
0,0.6286932939234959
0,0.052733527888420964
0,0.1659201008772521
0,0.1054276678212236
0,0.10628635828160242
0,0.10982218934112876
0,0.09967847261424398
1,0.22388459988701995
0,0.0605996077069275
0,0.11217009393393788
0,0.10622236556865289
0,0.12368658133849496
0,0.2561388341636589
0,0.1154025552039371
0,0.110993974874135
0,0.1097338776988133
1,0.755639093203904
0,0.09608633755701125
0,0.2068217441297091
0,0.521382939983299
0,0.2851503668234788
0,0.21298474287018887
0,0.12373853573745666
0,0.27160741125961463
0,0.1074290663342969
1,0.8021439157937549
0,0.0811682357665577
1,0.9230180908860524
1,0.7386016150722583
1,0.1618336561861454
1,0.18306085995122634
0,0.18133070761333256
0,0.09548645309614591
0,0.11606046646092737
0,0.1030890795469666
0,0.110993974874135
0,0.07770159563500559
1,0.8904062216347864
1,0.9309428124895767
0,0.07912919596385701
0,0.35132345042592256
0,0.12471818352637287
1,0.42979842923088185
0,0.16851476144523272
1,0.46526431585308325
0,0.03563951788428749
1,0.8319098815495086
0,0.08545379819826333
1,0.9841483382623193
0,0.19354711056111504
1,0.20058389158840087
0,0.12930000510924541
0,0.09814292646652219
0,0.09964539893820053
1,0.9835225904612865
0,0.13636954923299788
1,0.16692232538984567
0,0.10520569711617807
0,0.15653471808538527
0,0.1420823303357317
0,0.08961366552280531
0,0.07213430050556842
1,0.6883888975462207
1,0.5726806026046377
0,0.2451039604519624
0,0.11148859904083229
0,0.13174437751618256
1,0.818977650206215
0,0.10889492715043171
0,0.12340503028655006
1,0.2522596172368682
0,0.07590571057538242
0,0.05206879729323122
1,0.9623673813347836
0,0.11566943515325014
0,0.030535101112286793
1,0.9618058880135497
1,0.877106704193204
0,0.09542775774156816
1,0.8146830256196879
0,0.1221211741602339
0,0.09913443149916722
0,0.7027883737352403
1,0.6441804124541601
0,0.0572256639485297
0,0.21467168741868725
0,0.10246888021567106
0,0.19116783300029294
0,0.06078744472997359
1,0.751789903517834
1,0.9618347930633578
0,0.1671132319111211
1,0.695676221886388
0,0.09300308723547668
1,0.7426967672441352
0,0.15223603983019962
0,0.09619698789556062
1,0.34936093996522605
1,0.7243023329092625
0,0.06520101761257607
0,0.6570809908736032
0,0.37741147895330157
0,0.08918603618730211
0,0.1775582615951615
1,0.6830180171415141
0,0.11836488214664365
1,0.7414189003378513
0,0.29110225273140156
0,0.09884017792917232
0,0.18538205681858172
0,0.13277004764331826
1,0.4101174556502946
1,0.8102948075169393
0,0.07832648364110124
1,0.6492999117688526
0,0.13223982404433482
1,0.6702718512243157
1,0.47004390131606966
0,0.1374936405809137
0,0.0790781386604413
0,0.06869882900162515
0,0.11228844918313524
0,0.07932552460417484
0,0.08868017003097917
0,0.10234570010677967
0,0.38250178784878497
1,0.8263892705053183
0,0.11636502880020595
0,0.09724001443829036
0,0.17565803950147416
0,0.110993974874135
0,0.09513094130859161
0,0.11469856038353322
0,0.6066231662477787
0,0.24085117153528898
1,0.8694054096880502
1,0.9406906848266141
0,0.10332345517606716
0,0.1012450514833968
0,0.2043563584646091
0,0.12741783551336716
0,0.110993974874135
0,0.12201190248272858
1,0.23411069647648677
1,0.6445849670108001
0,0.2935770061746018
1,0.182785487663918
1,0.9567164364198741
0,0.23163167995231246
0,0.15850255182700296
0,0.056729935378636374
0,0.10969916776071885
0,0.13542014367783742
0,0.09341951891677357
1,0.3222765140863385
1,0.30610409426768337
0,0.2891989946058411
0,0.05101167406448096
0,0.14497033183838834
1,0.6504596758944083
1,0.9072175533894996
0,0.21990927476390087
0,0.10839339027148957
1,0.30143416146659574
0,0.08618498089091
0,0.0925955995381506
0,0.14223273183364132
0,0.20228553038789504
0,0.09300003647792002
0,0.09853781082405416
1,0.7220762165384711
0,0.4062456966143095
0,0.3112430365791706
1,0.7857744745158048
0,0.10797559974015469
0,0.24778906824606908
0,0.110993974874135
0,0.2651517002554516
0,0.09289825274042539
1,0.5603759074195863
0,0.1343232229604733
1,0.7541737844895001
0,0.10637307417061284
0,0.10863740533149141
0,0.25943228298865245
0,0.08665925407606631
0,0.13449703454089096
0,0.0746022151813714
1,0.9311458926530604
0,0.16486254290803776
0,0.12546846707136328
0,0.12392521938334762
0,0.240129970495963
1,0.3994784778682483
1,0.49759683533058285
0,0.17306302277222654
1,0.8119029554665506
1,0.6183994485458327
0,0.08071173615154952
1,0.7221368049288003
0,0.4562504377714929
0,0.2458527521097697
0,0.8635242156712819
0,0.13449703454089096
0,0.08089496576909973
0,0.1163545301257374
0,0.11432583528928278
0,0.10057604382003714
1,0.9217218310726812
0,0.09766932725995871
0,0.09962679668124716
1,0.18551900718081646
1,0.5718715686620323
1,0.3007578372311447
0,0.110993974874135
1,0.28459724302839495
0,0.1358049537568582
1,0.9361803678392094
0,0.12178316769557404
1,0.5976251352169927
0,0.45322183601842375
0,0.10069251677447182
0,0.30462511501561906
0,0.06700868220848344
0,0.26725926527451555
0,0.12657322541857524
0,0.1299210132192956
0,0.2268739726597982
0,0.12226842571715887
0,0.2187120204273234
1,0.9746949287457948
0,0.10905195527405036
1,0.7678024193141798
1,0.5895154770532005
0,0.15385022278016597
0,0.12808948551132393
0,0.09773909266305267
0,0.11585075529382845
0,0.08333896721765392
0,0.16109400263531862
0,0.09345600954689402
0,0.22531720250115123
0,0.07590571057538242
0,0.1861532631919335
0,0.11710472986220781
1,0.931695066452856
1,0.11381904572832097
0,0.10939592332759793
0,0.1017669389208434
0,0.10323676242389235
1,0.562478278476292
0,0.24918586701642242
0,0.09020242228221496
0,0.110993974874135
0,0.15947748552676128
0,0.06503062603534109
0,0.11075299927716803
1,0.13179005044315065
0,0.13449703454089096
1,0.8376015406573698
0,0.09289825274042539
0,0.09060921055125086
1,0.709537747367936
1,0.15669842230447684
1,0.8400045448647941
0,0.6925426579504048
0,0.1396753943197799
1,0.1322735339216394
1,0.62279574934796
0,0.13227936077871463
0,0.08242633527761146
1,0.9619248289500434
0,0.09271851781319566
1,0.7446491641343833
1,0.30276578747782423
0,0.3096858211317147
0,0.35134194989949297
0,0.12506547033474957
0,0.2032482308337503
1,0.15771177672039846
0,0.0827700509418682
0,0.0933718532458181
0,0.12651056811796949
0,0.14660857496937862
1,0.22140651643945622
1,0.06869882900162515
0,0.12462200902005606
1,0.1760654944075821
0,0.10825957341942788
0,0.10323676242389235
0,0.14887175750881398
0,0.14147009090267598
0,0.3658742389419798
1,0.6875891749791486
0,0.09971727876134413
0,0.1172780032945258
0,0.10323676242389235
1,0.42794044872577824
0,0.09126906931044203
0,0.07847840029240392
0,0.09306774524413773
1,0.7681907767356463
0,0.4368406398834748
0,0.1171320402504732
0,0.06869882900162515
0,0.19409446592388024
0,0.5796893137938672
0,0.11975186697395913
1,0.31517647754197503
1,0.21973097658857532
0,0.09280185208280436
0,0.35687884896092
0,0.15751831705584435
0,0.5472593925455919
0,0.19197271038329458
0,0.10562073284968357
0,0.08183637435507939
0,0.5293232948680835
1,0.11962812458498011
0,0.0886197329562676
0,0.13893094535910144
0,0.08973929883655665
0,0.11576124282527901
0,0.10898365326964185
0,0.638254529474703
0,0.2124413135165278
0,0.11504737486528226
0,0.46264886352502627
0,0.055880261955465714
0,0.10323676242389235
1,0.6706719760957544
0,0.08735242153379678
0,0.6341235257409611
0,0.5712364292151765
0,0.08910568217625636
0,0.23267469292540172
0,0.06246742187470573
1,0.7703947076819301
1,0.608400584763675
0,0.09824426362523835
1,0.848352331947527
0,0.038949638698910584
0,0.45408175441115517
0,0.10118430808361395
0,0.08244881576808456
0,0.11344909575771525
0,0.09879077407326058
0,0.08537210775653617
0,0.543687223439281
1,0.8302637433605276
1,0.5336183873648956
0,0.12781157765151963
0,0.12978121661136233
1,0.9505482919120462
0,0.12729821031957642
0,0.12788542045995788
0,0.13125542101180526
1,0.6232799698843535
0,0.3980302062127535
0,0.09606900400828128
0,0.6557049995699689
0,0.10051778439794454
0,0.07880981004968396
0,0.1966374855625035
0,0.06869882900162515
1,0.35400933004918367
0,0.19419948543782117
1,0.9483266565053836
0,0.854298861885006
0,0.13592048084475092
0,0.4571264391216194
1,0.7347019248983063
0,0.10323676242389235
1,0.38263606649429255
0,0.11847501961205384
0,0.09117667680900488
0,0.08430079124899709
0,0.15076999672821706
1,0.6076844905415856
0,0.7795551695921168
0,0.10323676242389235
0,0.3102634879635407
0,0.10623128266028661
1,0.4820347224214074
0,0.1503594272414011
0,0.10176098265307333
1,0.3884463810005174
0,0.10400979267346394
0,0.1498127351508648
1,0.1309879316327497
0,0.16538899402479337
0,0.10391392654007447
0,0.08656943215335
0,0.08878265007366273
1,0.5124969113954699
0,0.39709256946072574
0,0.13262739591633063
0,0.42213069833918304
0,0.07744368869132931
0,0.35756208570594955
1,0.37134873950710495
1,0.601050197171452
0,0.15696550057130296
1,0.2629348670154964
1,0.9376351318327626
0,0.10323676242389235
0,0.11947285038660052
0,0.06736531125226826
0,0.10323676242389235
0,0.0948731090232569
0,0.07972875908239675
1,0.655787193119878
0,0.1253919812125393
1,0.2406507277406914
0,0.6349419004893644
0,0.45852037563753895
0,0.11220196534682077
1,0.5397224495373566
0,0.08742625607476838
0,0.5095479493569589
0,0.07135929042490065
1,0.9112176293920088
0,0.078857154761732
0,0.18470624770968655
1,0.5603401952696744
0,0.09623264768884471
1,0.8511538448420443
0,0.10082868913089733
0,0.08368328928676406
0,0.0993779219495956
0,0.08632314917239746
0,0.055274952533085786
1,0.3731810966496264
0,0.5645676876060401
1,0.7583937273443754
0,0.05836031931815817
0,0.1716404676383396
0,0.05983991990302429
1,0.42794044872577824
0,0.2288924086327969
0,0.14712424666435503
0,0.5197669351432771
0,0.07162212099007674
0,0.09953440603207545
0,0.05777411755828479
1,0.1596230408407636
0,0.18137009303644505
1,0.3224101544934767
0,0.11730605809264354
1,0.44817578010444564
1,0.6996043212383124
0,0.17008312363755387
0,0.1220097188933525
0,0.12032939614609948
0,0.11199241438708456
1,0.7158931416432743
1,0.34695671866569405
0,0.06869882900162515
0,0.1035252470656802
0,0.08983673182777142
0,0.34780590409993384
0,0.08990307832883569
0,0.18899310123768182
0,0.06120791715291162
0,0.11665044666898099
0,0.12456304202787355
0,0.3654685088642591
1,0.7079854680764047
1,0.22032252106637423
0,0.14480449485956118
0,0.09717760091359283
1,0.7596477639319014
1,0.6642011460090452
0,0.09785840075121462
0,0.10323676242389235
1,0.18582492211258156
0,0.46527156901938677
0,0.15273531647798885
0,0.24898387005282774
1,0.7187047467883896
0,0.10483125162824977
1,0.6371955985308976
1,0.9146610762734376
0,0.10323676242389235
0,0.10323676242389235
1,0.8119029554665506
1,0.8892373065093346
1,0.9877896888723637
0,0.11453197534651283
0,0.10782491735651853
1,0.8926262722551069
0,0.06492570375967308
1,0.4756103492896092
0,0.127541906672354
1,0.41421998490311346
0,0.15167740525557497
1,0.2319026211066455
0,0.11220196534682077
0,0.3548686723408708
0,0.05205454802511176
0,0.10492133140170179
0,0.08224532765782258
1,0.2854262826890964
0,0.10958703063940624
0,0.06536671922694949
0,0.110993974874135
0,0.1185177053481234
0,0.04084986324832139
0,0.06682939060807044
0,0.13432602855431036
0,0.33766242425040827
1,0.5221369495195128
1,0.41965842035782513
0,0.09995982139488443
1,0.7737878680665433
0,0.20860111010567547
0,0.1375849064603063
0,0.16901782210650776
0,0.4286082225028114
0,0.07256481197076971
0,0.0977777495045544
0,0.07524393171033453
0,0.030535101112286793
0,0.1318850210713668
0,0.5976251352169927
1,0.627963057157228
1,0.3403678677946171
0,0.08662063499153656
1,0.6067560410287334
0,0.09987641850033539
0,0.08286773765234243
0,0.19852024964726098
0,0.1296122286679438
1,0.9244399927051754
0,0.20729138530111477
0,0.10097722945466266
0,0.2921770770286318
1,0.833961158573185
0,0.26595702631393653
0,0.06869882900162515
0,0.9217218310726812
1,0.8698759692088835
0,0.35947539651107946
0,0.20749103915455028
0,0.12780965790427345
0,0.137001465131653
1,0.5400612741279415
0,0.12099187272747888
0,0.1048914253417299
1,0.10980089811340557
1,0.33328791292194365
1,0.17927877092600675
0,0.22873349980759916
0,0.5651449722795349
1,0.6638608104139058
0,0.08747996924605989
1,0.2494889507917458
0,0.11511155739375742
0,0.08543560472136975
1,0.9135999902230028
0,0.384734557344329
1,0.564567318179092
0,0.11917662232261614
0,0.3357894766666736
1,0.7902534581949007
0,0.09106018271533996
1,0.5976251352169927
0,0.08089266598127842
0,0.38666480969645145
0,0.13412277453526192
0,0.22093247212977135
0,0.11892323729313213
1,0.6318720697528288
0,0.10671661174627681
0,0.0942946192633915
0,0.05739423676112219
1,0.7581543553516159
1,0.7336843110793435
0,0.10916934624638733
0,0.0874810004613818
1,0.8090026417305041
0,0.1706953045250801
1,0.28178786159926417
0,0.08382267570831303
0,0.10451061186707916
0,0.10246105708550232
0,0.14273081642805097
0,0.11923462316370918
0,0.2722079033226931
0,0.07919115896369656
1,0.8813885816881025
1,0.9835225904612865
0,0.1777498278975628
0,0.09194497066888482
0,0.10323676242389235
0,0.21837664829614065
0,0.08054859121867376
0,0.33559507558860824
0,0.31205090253349305
0,0.06554805965483404
0,0.09106711374700863
0,0.10710428043525357
1,0.41670406189036535
1,0.36013840338773695
0,0.14446992004224712
1,0.6599636662307328
1,0.561745032809023
0,0.16587843781221018
0,0.6208728480621123
1,0.979493354874847
0,0.15299997771359594
0,0.0944621216760518
1,0.7410926870173037
0,0.10306557116468706
0,0.10187435655594548
0,0.15839315620452274
0,0.20173819856703284
1,0.07211030608461758
0,0.06003965439941443
0,0.14789709633040649
1,0.9369857711283408
0,0.11382728396016627
1,0.6515806001928182
0,0.07585515061478956
0,0.09044193433293167
0,0.07556492182802212
1,0.18105454927833364
0,0.0962883645554499
0,0.09521256655817598
0,0.1207904423414761
0,0.23637856525667703
0,0.06274856515818128
1,0.8785711461411744
1,0.7939445997104551
0,0.06787650806855723
0,0.14093139651333453
0,0.1354186045696074
0,0.10150874709664699
0,0.08092450727859962
0,0.13097055027987423
1,0.8427902571801696
0,0.13249658153633512
0,0.5125691811882888
1,0.8984341022648173
0,0.09508702564898884
1,0.6427246000232876
0,0.19569769835695708
0,0.08244881576808456
0,0.24072251184569182
1,0.4002624855538469
0,0.1429768592347258
0,0.10323676242389235
1,0.6889508336434533
0,0.1308794659758113
1,0.9054472674602128
0,0.08691518572991104
0,0.05654745024472213
0,0.6935983620517773
0,0.09943669585740117
1,0.754814084227503
0,0.26533416163343043
0,0.13329956932645692
0,0.07145894177587776
1,0.6962244047617143
0,0.10199353750447339
0,0.19298589768993296
1,0.5976686342803206
0,0.07038573152359098
0,0.3114075699968558
0,0.051992774667334936
0,0.48436172932561256
0,0.26098796019078485
1,0.8622384816748706
1,0.21422358511247588
0,0.0956986910229281
0,0.17487013178380134
0,0.110993974874135
0,0.08244881576808456
0,0.14167626717435913
0,0.110993974874135
0,0.5189938319424016
0,0.0955947379051888
0,0.1433153049519185
0,0.110993974874135
1,0.5600949793254961
0,0.10644962416159919
0,0.17214677957736724
1,0.3069608716758317
1,0.5950707145382638
0,0.12844423286894083
1,0.7834205848655706
0,0.18239222248695142
0,0.08651779668888615
1,0.6623084384513076
0,0.6304401215120427
1,0.67519971072254
0,0.2499602991279006
0,0.1738780708985727
0,0.3095697373444039
0,0.1780499375189913
0,0.08587466986100997
0,0.12392470043378795
0,0.2068714052706438
0,0.1215144652279925
0,0.15905333939110042
0,0.11221783985238212
0,0.09738021304103776
0,0.6627625868200697
0,0.12015672946554522
1,0.7677497551717601
1,0.7749461202767344
0,0.7248736000483706
1,0.21793642686059264
1,0.4961081370143071
1,0.13059324103228098
0,0.14157969744176263
0,0.08655881829029186
0,0.10766670381677752
0,0.7832690967399049
0,0.10770386593245974
0,0.6556660821276994
0,0.25743890416269155
0,0.1684877374435752
0,0.10547009828303797
0,0.22032252106637423
1,0.6398758560103368
0,0.2511741665836828
0,0.3933207850535198
0,0.10867860619583664
0,0.09171807109313206
0,0.16060128981615415
1,0.661989132064756
0,0.0700073254473249
1,0.9944576166128347
1,0.8528833146753964
0,0.21541258993983578
1,0.3346860153113118
0,0.05490174508612593
0,0.110993974874135
1,0.502318951603716
1,0.3807840063015872
1,0.35422307442506873
1,0.8837594906507202
0,0.8430400143675725
1,0.41767850359630737
0,0.07765275584142264
1,0.8785711461411744
0,0.10049207224930119
1,0.6642233246836347
0,0.11337681191036399
0,0.14074166091203588
0,0.1811141694768549
1,0.380453752068959
0,0.094978541834897
1,0.20182149980013703
0,0.1349668521370407
0,0.12640168942677485
1,0.8365455520680727
0,0.0671898534351368
0,0.6532813004302728
1,0.6631031984143743
0,0.6074702963199693
1,0.44414564796574574
0,0.11223784491376043
0,0.108463680988625
0,0.1371047715771645
0,0.10363430375399485
0,0.09208407330510156
1,0.1099306642461541
1,0.11103604746208136
1,0.6943511572082521
0,0.20711987031751145
0,0.7395257500040396
0,0.16453167840112076
0,0.08425848892009848
1,0.22624541762079434
0,0.14482648721991478
1,0.5486046027825704
0,0.08868387311751091
0,0.16201581914658772
1,0.11336232042376636
1,0.4621166225930817
1,0.7407548796616358
0,0.2632957096265115
0,0.10238740424796414
1,0.7081290027260865
1,0.4034360801675251
0,0.15765073249945283
0,0.10323676242389235
0,0.16692182214350854
0,0.11519311921779393
0,0.1678257279660409
0,0.10169726033101281
0,0.08354311145506803
0,0.09551270399657875
0,0.12942285141563087
0,0.07479051958799819
1,0.198599814038764
1,0.8135863695334692
0,0.10314281185862596
0,0.05145519653991368
0,0.16150717917405022
0,0.09023722688863575
1,0.9197966069802331
1,0.9194185124732706
0,0.08244881576808456
1,0.27010683332174484
0,0.06571847677318085
0,0.11880725490458037
0,0.21807468138794117
0,0.4117272927283759
1,0.6345544904190952
0,0.12052464032110734
0,0.14982955841465867
0,0.11292764147753533
0,0.09320352588581364
1,0.2680111223150281
0,0.07960441468093682
1,0.1557712621280834
0,0.06396633867798303
1,0.42950271370572435
0,0.14888853915769934
0,0.08171237208532779
0,0.08989684516994119
0,0.13690892064477372
0,0.10098536185113331
0,0.08902495691849399
1,0.652944351602863
1,0.7343194063227023
0,0.15082094023292217
1,0.2126785589185265
0,0.09667615535529527
0,0.06808052040333869
0,0.08244881576808456
0,0.14063034415385686
1,0.1559875150792209
0,0.05779653954306965
1,0.768568851657065
0,0.08905366291583988
0,0.12080684296800734
0,0.10371277287156593
0,0.5389959758779138
0,0.15581749750637347
0,0.06452845190305796
0,0.12236232111584458
0,0.07939019280536366
0,0.15643345549644697
1,0.7455601158252547
0,0.12465964162370519
0,0.04920274796613084
1,0.9199805693679887
0,0.2442926589943561
0,0.051992774667334936
0,0.10631855456216487
0,0.1727075803129284
0,0.09547606546913692
0,0.2695589003619302
1,0.600043755314311
0,0.07787895857351718
0,0.07550367511445277
1,0.5078204198817547
1,0.909281300721886
0,0.11888315780903325
0,0.08250485928987411
0,0.06584114307149075
0,0.1516588787599635
0,0.16421241029019423
0,0.19233950997184404
0,0.3458074637628996
0,0.12322308476018513
1,0.741066023331604
0,0.6597524107006324
1,0.6893816364542886
0,0.45751632729989533
0,0.0635851367681222
0,0.1478692852142679
0,0.07860101401662414
1,0.3384591437559665
0,0.07032244158184066
0,0.43907955356286754
1,0.8306819297964917
0,0.07979241204254017
0,0.350472159600822
0,0.08410946055033906
0,0.11367011292830044
1,0.4146747339556607
0,0.09018025010410566
1,0.12708505942509407
0,0.12285211878686848
1,0.27841037370031146
0,0.13562479094339128
0,0.15934452252274406
0,0.08110300135559803
0,0.10323676242389235
0,0.10586644826544539
0,0.04700199885578612
0,0.16931427268003055
0,0.11387600771184875
0,0.14370701435500652
0,0.0932064786991988
0,0.15483612723646817
0,0.08458267618618116
0,0.1179603223898457
0,0.40974639475348723
0,0.15284962491348314
0,0.1012342837698108
0,0.32706127532122187
0,0.1707892848059471
0,0.09199416443293323
0,0.14955611144514647
0,0.07836305439222832
0,0.3967455844399023
0,0.07945227329176056
0,0.12176652177195922
0,0.16141067530731723
0,0.15188741911686748
0,0.2204346043005807
0,0.12087164582789413
0,0.19613924082890188
0,0.2087889213859358
0,0.06887136364856643
0,0.10003713460111946
1,0.9018747424439946
0,0.38977639168162803
1,0.8324877131462762
1,0.40622306544608966
0,0.17359976241055922
0,0.052992855930589985
1,0.1412568413993759
0,0.18482226410772992
0,0.13600512891545993
0,0.19158298503107402
0,0.6830654784454895
0,0.07671229007290876
0,0.11546778266287452
1,0.8984341022648173
1,0.5842929061700038
0,0.10606488487242559
0,0.08211489994857875
0,0.19158598240436295
0,0.16396412381557807
0,0.08519081282535511
0,0.10068116468880244
0,0.6931260735632471
0,0.07976416866628366
0,0.14954978320072948
1,0.855783566439429
0,0.11437166101567006
0,0.5224758290877054
0,0.09013506744689723
0,0.12032939614609948
1,0.14550056639507344
0,0.04867866547702085
0,0.09607575819381932
0,0.08408798133640868
1,0.6185215895461592
0,0.13171117560306808
0,0.09875177067456602
0,0.19499150139431567
0,0.3361398289150656
0,0.10547009828303797
0,0.5976251352169927
0,0.21589313121593137
0,0.4503984227129543
1,0.7086507936507936
0,0.13293800897241037
1,0.9409498142216879
1,0.3675002302187859
0,0.12427723225882388
0,0.5367923524745214
0,0.0978079841261006
0,0.15299643606614194
0,0.06627413980612454
1,0.29443804417083846
1,0.22709260642235726
0,0.18056679640269516
0,0.08679122146925504
0,0.1287557373873167
0,0.425811114653549
0,0.06869882900162515
0,0.734526322245299
0,0.10990451654163844
0,0.09288728418207272
0,0.08382894658015089
0,0.2605799279958291
0,0.16252296973031427
1,0.19441365263191346
0,0.09497432817580545
0,0.054994065001647836
1,0.9159694000420684
0,0.16940897925005596
0,0.19930345014044087
0,0.1065532361844247
1,0.6876551201153014
1,0.30522584701922073
1,0.9405034451007349
1,0.9217218310726812
0,0.18770628940481618
0,0.09884017792917232
0,0.21913821888692
0,0.08519081282535511
0,0.11452370781297941
1,0.35098800392998847
0,0.07524393171033453
0,0.11704623091958792
1,0.8258235863159801
0,0.35139310791708467
1,0.44984739777148264
0,0.13001371059438468
0,0.1434154807234457
0,0.6872342774520441
0,0.07541619796574969
0,0.06250264162013651
1,0.7107232892860641
0,0.09905447768688604
0,0.06459373868963827
1,0.5976251352169927
0,0.08455445702947309
0,0.11669575680380502
1,0.09464123594347201
1,0.8182872194567793
0,0.49882542594429813
0,0.041815143643085605
0,0.4751837603853339
0,0.19349350020974504
0,0.4385895723055478
0,0.10323676242389235
1,0.5390133928887729
0,0.6509705586462683
0,0.19902177099395296
1,0.29443804417083846
0,0.05836031931815817
1,0.3865075717447349
0,0.09390897772062512
1,0.11383043793231877
1,0.2714320844644941
0,0.020196591428819816
0,0.09596479105567779
1,0.08244881576808456
1,0.17955808829299238
1,0.6794077486844791
0,0.13574841259328863
0,0.11591815138668747
0,0.110993974874135
0,0.10323676242389235
1,0.6420319347741688
0,0.2376360896070022
0,0.07954071693958026
1,0.9048245614035088
0,0.3140560517456868
0,0.3268273949047072
1,0.6632700406412706
0,0.09370827600596682
0,0.110993974874135
0,0.5804907065708993
1,0.20115029758536068
0,0.22556647520262443
1,0.15543271520138527
0,0.14621406977316248
0,0.12625804493884576
1,0.7681420386959193
0,0.5692695185574547
0,0.1419731687617751
0,0.10802285499571712
1,0.5738753827336087
0,0.12634109962762402
0,0.12100206868048316
0,0.08730330780117387
1,0.45977369639121096
1,0.9179735778158814
0,0.12987760193840142
0,0.1432464754885089
0,0.11665044666898099
0,0.148416733213795
0,0.1775582615951615
1,0.953067099881614
0,0.28008576135712704
0,0.3211304306753846
0,0.17807966714168255
0,0.1286092020134699
0,0.17688386174684864
1,0.8094180887550857
1,0.19468383980159523
0,0.10259838496420075
0,0.1050508330872585
0,0.12735770905377541
0,0.552409353932338
0,0.11511316759920742
0,0.09235825663584653
0,0.15023502644704795
0,0.8063793404413376
0,0.4507026099254523
1,0.731540526606109
0,0.07260370050890215
1,0.6810328425205051
0,0.49234550492553547
0,0.5111733583136335
1,0.877700733117091
0,0.1179947004376098
0,0.2132743354894941
0,0.05313779398309728
0,0.10323676242389235
0,0.09490102486532619
0,0.1315857824309561
1,0.5265659860918587
1,0.9132830798481002
1,0.6279856936213243
1,0.6282257742966835
0,0.12046974072887282
1,0.9100594540807139
0,0.13456707312479518
0,0.4801792804726018
1,0.101219721155298
0,0.108662840692721
0,0.1629051328509582
1,0.9511970532568126
0,0.5707177000957347
0,0.1511976799114195
0,0.6183611033013997
0,0.10371901515907411
0,0.07848258300878487
0,0.08758127261422723
0,0.10389869862610912
0,0.1102573676302337
1,0.400729128995219
1,0.7369113389710983
0,0.36097041666481355
0,0.06108324636531976
1,0.09164678973673332
0,0.0645911443783653
1,0.6634826809527212
0,0.2146728313154224
0,0.07585515061478956
0,0.14125657242891002
1,0.7407286367442794
1,0.6891643366374329
0,0.13934724375391627
1,0.8670536198865041
0,0.11968143782556451
1,0.14511612450729372
0,0.6593595626121355
1,0.8036466722958264
1,0.9969183801528093
0,0.20744762796730506
1,0.21442871740289818
0,0.14938761244658552
0,0.09441258417386063
0,0.08982679383276404
0,0.21982698111915272
0,0.07753941676859724
0,0.09843198967769615
0,0.09602606215293444
1,0.6183994485458327
0,0.10167127902881466
1,0.888852683749653
0,0.08037698608744222
0,0.22824819127146076
0,0.45388476717659665
0,0.06226332160175514
0,0.11885272377190599
0,0.1225240465469756
0,0.918046761089622
0,0.0916430154719381
0,0.6367342499339954
0,0.12826190179539224
0,0.13600512891545993
0,0.12134912574695099
0,0.16372164559467364
0,0.2500152925625525
1,0.33208938319935927
1,0.14236619111641619
0,0.20617390755497716
0,0.1783525210167224
0,0.07867335760166379
0,0.21048534931184626
0,0.37073230202737634
1,0.4756961879758452
1,0.7074492835369361
0,0.0948731090232569
0,0.0605996077069275
1,0.5649020512869091
0,0.0799857743907122
0,0.08815118615433709
0,0.12184837223305822
1,0.7156792276879032
1,0.6908398058730433
0,0.08633134109098003
1,0.29443804417083846
0,0.1261327238543358
1,0.37615174457861517
0,0.1813426522734617
0,0.3839688866415339
0,0.10344926307298981
0,0.15277108686387167
0,0.10554033276307441
0,0.20460427640584536
0,0.13183088345007196
0,0.10051778439794454
0,0.10772249950053223
0,0.08380702153699224
0,0.5391354963738658
0,0.09265958620198687
1,0.32052384639925896
0,0.12039419820849229
1,0.8536719602308034
0,0.09417186586996705
1,0.13933068239763807
1,0.31854067375984213
1,0.34510836650402993
0,0.1729410020212676
0,0.1362820160903784
1,0.7137567341610931
0,0.05717321406523192
0,0.21216338171037805
0,0.13519166312211334
0,0.06959440831830419
0,0.052270825075742246
0,0.5811552249385267
0,0.08269876255671324
0,0.20100325598760801
0,0.07351421574435499
1,0.7214828753174619
0,0.09684935701652968
0,0.1371819434135943
1,0.36541322676939664
0,0.09513094130859161
1,0.7222083000653949
0,0.08045897712851287
0,0.5093518720430549
0,0.12424138896266218
1,0.08357046803715815
1,0.3367796783651528
0,0.770407016440232
1,0.09375817787799091
0,0.15858750269711125
1,0.422763564184322
0,0.18840893432791894
0,0.1502479879628572
0,0.12188697771395608
0,0.5015984892806589
1,0.950826979958495
0,0.1297297476067147
0,0.13542014367783742
1,0.6494905282910004
0,0.15651390309167323
0,0.05001295386483613
1,0.26113030552880523
0,0.11809725976009797
0,0.1426004084246914
0,0.45751632729989533
1,0.22096937939517738
1,0.6925426579504048
0,0.1330831053795471
1,0.8984382876753374
0,0.12472314580477538
0,0.6606067902170566
0,0.0795670899194887
0,0.10649519274221082
0,0.7365636498916319
0,0.11264430184093475
0,0.12280343032494379
0,0.09982523668417256
1,0.7840811558813977
1,0.5216321010464866
0,0.0702488562492436
0,0.12299840255773908
0,0.10865891905223364
0,0.48766392105240747
1,0.4092464716120857
0,0.09494330477751049
0,0.07461319937402443
0,0.1273168693737933
0,0.07380005629463172
0,0.11241743814015907
0,0.08764433088657954
1,0.1588192985895263
1,0.8799189991226898
0,0.14262250482992356
1,0.7653093839023017
1,0.3200012746541355
1,0.7432341058741646
0,0.08818753227085245
0,0.10191226826183139
0,0.4507236588747475
0,0.7100491504863239
1,0.248445778653522
1,0.5976251352169927
0,0.08901467060424377
1,0.5036941853774537
0,0.12483898370157284
1,0.49007538693956104
0,0.11534057688204981
0,0.529174057301469
0,0.6567759171449208
0,0.34800771397836944
0,0.31460136410201267
0,0.27376765655025853
1,0.7545607772292084
0,0.09092444619137723
0,0.054951142581657855
0,0.10036787628479313
0,0.0660986820799923
0,0.17171287372365623
0,0.07444882870743749
0,0.13883376683444465
0,0.0750266716428422
0,0.12427723225882388
1,0.5588563877997145
0,0.11452370781297941
1,0.4071662549290233
0,0.08630307289830419
0,0.08876271926026576
1,0.23155480341957901
1,0.6669702740127758
0,0.09166576478785629
1,0.08350356448581123
0,0.09384124408682806
0,0.1004735771303642
0,0.30382786624150676
0,0.14036089649389144
0,0.10927986038210037
0,0.1227003198573215
1,0.6384144027691271
0,0.5444086497404924
1,0.22032252106637423
1,0.16152741172170987
1,0.46937350623738716
0,0.17455822212994046
0,0.7732992213207379
0,0.12740846294760091
1,0.21781142480769897
0,0.17785678529722354
0,0.0935654769724931
0,0.1393297472191764
0,0.11831538098529817
1,0.9835225904612865
1,0.6768223065875442
0,0.09518108390567506
0,0.15485558040194367
0,0.08929509954889268
0,0.08759103021683742
0,0.10308353443232296
0,0.10786183651680921
0,0.1240582405773557
1,0.6487790687185747
0,0.1647056735401753
0,0.19707176543046637
1,0.8979123072631572
0,0.05836031931815817
1,0.2901622350325153
0,0.08721626163544141
0,0.7104056527231623
1,0.7792249759091648
0,0.10323676242389235
0,0.21005406267815732
0,0.06663325656754772
0,0.20994536833698238
0,0.12067559697100763
0,0.0711651746058007
0,0.17846467916755565
0,0.12046435278050636
0,0.07336655319101641
1,0.9314614349883513
0,0.10733500103663023
1,0.9180785355489866
0,0.10016271847066437
0,0.11486833310163515
0,0.08761445369333262
0,0.08525756703268232
0,0.08984191802065918
0,0.06857381447729378
0,0.11413197175767031
0,0.17284981226773133
0,0.7471187150104119
0,0.12357346242518567
1,0.8319098815495086
0,0.21834997466303338
0,0.1134530614375769
0,0.08147108526373086
0,0.10420076859244254
0,0.7784205986660636
0,0.1677441354433341
0,0.19203235453061177
0,0.2279203603086185
0,0.2139223444385615
0,0.17809307866657273
1,0.743778145686413
1,0.6641160540813147
0,0.12146338745571168
1,0.37629653415322395
0,0.09947101780991406
1,0.6316405096349268
1,0.6481541334482511
0,0.07579585937945074
0,0.20968913987064233
1,0.8333763057302845
0,0.09512742797181147
1,0.2867859622002423
0,0.5313168753610481
0,0.12633748135400868
0,0.14029654122203075
0,0.734526322245299
0,0.08244881576808456
0,0.09164343347231842
0,0.04132509469982066
0,0.16554127846807595
1,0.9006357053098376
0,0.13496853864298375
0,0.7222522840413964
1,0.1932987198110064
0,0.10876789371617995
1,0.12651056811796949
0,0.07524393171033453
0,0.11201642747908533
1,0.7114971035272175
0,0.0803578976116136
0,0.12340503028655006
0,0.6567759171449208
0,0.07582117227674318
0,0.1700922856445119
1,0.9278269803768809
1,0.6939096956921273
1,0.5276831516719933
1,0.23412093518289184
1,0.8992375343350316
0,0.18116607393321585
1,0.19786638766398293
0,0.09415617801131668
1,0.601137512274527
0,0.8268772160372724
1,0.7973946390308813
1,0.6687116825690399
1,0.22638100711546508
0,0.14060699577210362
1,0.5985223012654725
1,0.6901000692722508
1,0.8611603137102143
1,0.582652548060295
0,0.17966887648288016
0,0.1309653144516614
0,0.16405778958420433
0,0.12143016571221077
0,0.14348563529545974
0,0.08671184064000727
0,0.17582439268811717
0,0.38501957016659344
1,0.5772501573952483
0,0.10562133081716725
1,0.16045622101244592
0,0.11962812458498011
1,0.9383612175286726
0,0.1163871453989928
0,0.19727172801834023
0,0.35316168660435393
0,0.18855825845788685
0,0.11365851221131322
1,0.9179735778158814
1,0.4475690537159694
1,0.12625804493884576
1,0.7413795273289592
0,0.08208038739239447
0,0.12356750136611358
0,0.1714934085427812
1,0.9112634692114973
0,0.10525005084718686
1,0.5336691318492732
1,0.6201207045892061
1,0.2198130371836615
1,0.772089744228423
1,0.4956530176365826
1,0.8032020590990997
1,0.9532431423867027
0,0.13719061535021435
0,0.4662428664905026
1,0.20499092215966253
0,0.44367702203866316
0,0.39523443660312424
0,0.09935365837013219
0,0.12486115797576179
0,0.1314163813195091
0,0.11000375007972592
0,0.12984078759809842
0,0.08768082731019784
0,0.10485700809273978
0,0.08484344502680168
1,0.1462049411966546
1,0.9732442557934216
0,0.17929012555857254
0,0.10293771806702293
1,0.9333039023262075
0,0.2377916929607346
1,0.1675855751775943
0,0.11429680342458838
0,0.14603618300668808
1,0.6606222259016686
0,0.1295314516940172
0,0.35875802342945384
1,0.19770396478292235
0,0.17868905127632764
0,0.15839315620452274
0,0.09289825274042539
0,0.20565159446324358
1,0.8792320527726655
1,0.11344866138913344
0,0.13830668694292014
1,0.7812272205349113
0,0.12089677644504898
0,0.09550380586637815
1,0.09344697269079309
0,0.06555801406715074
0,0.10264887986323741
0,0.15212577128495072
0,0.08633134109098003
0,0.2598762878431498
0,0.5748073182501419
0,0.2440541479698475
0,0.15921980959309243
1,0.7935829524328828
1,0.5065977779700456
1,0.4466775830360113
0,0.20715927680428367
0,0.09428456778955073
0,0.09132299410893609
0,0.08389098857710915
1,0.8225293303304
0,0.1549874104521775
1,0.5525721184065581
1,0.9666209958024025
0,0.09501370923803996
0,0.06879337576373908
0,0.5598754725936985
0,0.25207057041493935
0,0.07498314874006287
0,0.11984171297155488
1,0.8189275717289011
0,0.16783003567458374
0,0.12793673272663
1,0.7548750829850662
0,0.06867249614168389
0,0.04084986324832139
1,0.7918475738799355
0,0.12222771766886818
0,0.6464139523012777
0,0.3597775262080349
0,0.10746365634812866
0,0.17640657960791317
0,0.07058328652630234
1,0.974159215546724
0,0.0820586238108373
1,0.9295052013390971
0,0.06887136364856643
0,0.09939516229272152
1,0.21684784756524356
1,0.835057901670263
1,0.8339459140169809
1,0.18644927318032264
0,0.06594531828308045
0,0.08304198663730598
0,0.06869882900162515
0,0.07211030608461758
0,0.10734570832641181
0,0.15226540702504598
0,0.18133261030306574
1,0.7467535006311871
0,0.10323676242389235
0,0.06869882900162515
0,0.14151364561097216
1,0.9746949287457948
0,0.10059124331111755
0,0.08322223055210339
0,0.05300069877302884
0,0.16109400263531862
0,0.21719742683780446
0,0.09948375952860794
0,0.1253197330486658
0,0.07268660244698137
0,0.16799732012634772
0,0.1451916526178343
1,0.9523877227184199
0,0.594968296925652
0,0.15022742277071943
1,0.8260323524711682
0,0.21685886240188465
1,0.16103287804137958
1,0.6450650600981634
1,0.793513504042596
0,0.11336232042376636
1,0.7587489433417101
0,0.08260861776598956
0,0.17084076811872287
0,0.11372760712215495
0,0.10595344508967215
0,0.47182598044287344
0,0.17329190826598842
0,0.6925426579504048
0,0.6263121730394998
0,0.09833317180260867
1,0.9455761851371978
0,0.612459918893992
0,0.20903836843963405
1,0.31963882924741904
1,0.10849011319490592
0,0.10323676242389235
0,0.16409843887322534
0,0.1252438370239522
0,0.12061224117360986
0,0.10726477476881564
0,0.10739657348558637
0,0.08244881576808456
0,0.05101167406448096
0,0.652419704879114
0,0.09975178544491281
0,0.08082775004602157
0,0.06869882900162515
0,0.15637766797943115
0,0.9300261813095967
0,0.0921677940311713
0,0.7681381240316546
0,0.0823360725932567
0,0.31845323842800755
0,0.15364926410164542
1,0.9477839089802463
1,0.16832664433546113
0,0.14760798205812942
0,0.08830532525828287
1,0.5529421459915232
0,0.6262447255531343
0,0.11962812458498011
1,0.1421445894677033
0,0.13917777346626856
0,0.09289825274042539
1,0.5400324454145853
0,0.05056087746911495
0,0.35036678081553013
0,0.12565286175148482
0,0.13672682829848595
1,0.798498510795845
0,0.5573683065584386
0,0.10916934624638733
0,0.08676904894101797
0,0.23528652580737203
0,0.20286975095484897
0,0.3733522674645897
0,0.11354437394152853
1,0.7859953620600041
0,0.05979556798924243
0,0.17656570888609033
1,0.959430064598211
0,0.08411280877075555
0,0.09937749370881487
0,0.14684175503250263
0,0.09848729580198885
1,0.29002492132937624
0,0.16887666094010317
0,0.0882581786808488
1,0.15172632184760684
0,0.5930874824667591
1,0.7365636498916319
0,0.09013752616025678
0,0.11668653384821565
0,0.5764199172885355
0,0.08637094931080229
0,0.10371277287156593
0,0.10323676242389235
1,0.15821791430879878
0,0.12830986808492276
0,0.1092193095049377
1,0.9605576573589428
1,0.282466823174906
0,0.10010268173732155
0,0.10062861632900216
0,0.07087546393209493
1,0.7434661869816096
0,0.20662728421728482
1,0.2447542034933749
1,0.6540208381153442
0,0.17182345667862328
0,0.20529137650728202
0,0.21917205059679104
0,0.16760946312819777
0,0.09018025010410566
1,0.48294355575506376
1,0.9511970532568126
0,0.07260742989161312
1,0.06050591922164316
1,0.23637856525667703
0,0.05642702304587257
1,0.694364308910305
0,0.10323676242389235
0,0.6998954371687857
0,0.5041395245689992
0,0.10323676242389235
0,0.599019031197119
0,0.23680082420790072
0,0.1969523084473437
0,0.5828223757064577
1,0.15123601984410767
0,0.13668257659287178
0,0.3553643298573353
0,0.5785441163524031
0,0.6162385547531478
1,0.5011306313197678
1,0.7299519485647892
0,0.09796951874598595
1,0.34727407088110507
0,0.16639093785481773
0,0.12073409753698251
0,0.10271943420550218
1,0.3132748043596298
0,0.22328537030554702
0,0.12110860003014538
0,0.15839315620452274
1,0.37342971439406053
0,0.11119938633192052
1,0.7350659616974444
1,0.16314315865271867
0,0.14844266719445953
1,0.21305822995523227
0,0.0851226145601844
0,0.06064123614715058
0,0.11117946331865207
0,0.09266331152705717
1,0.20291320098316934
0,0.44023495779066724
0,0.09783854462131418
1,0.4726014158131967
1,0.8207796977987148
0,0.2985418398181386
0,0.1434154807234457
1,0.09782353858638197
0,0.07981212469717477
0,0.12979809900500897
0,0.1119399439081651
0,0.5503028328703429
1,0.8634742623318864
1,0.5599113188138309
0,0.37062993169179115
0,0.16109400263531862
0,0.08850448495169182
0,0.14257737489352848
0,0.14684839105922917
0,0.1507709487830973
0,0.07543878059051479
0,0.10350287051333776
1,0.8604388161526901
1,0.9603629192504278
1,0.9133648166552589
0,0.13375812921463207
0,0.14256867158963704
0,0.07011474689176846
0,0.1335483206532789
0,0.1021306334232772
0,0.06869882900162515
0,0.15480543073133288
1,0.1291605959743742
1,0.5945266468115116
1,0.6958909549014473
0,0.11425565271647
0,0.5336024763169201
0,0.20498507998910517
0,0.14742803545328345
0,0.26143736843704884
0,0.08755323254008526
0,0.09419838033662199
0,0.1647962385858584
0,0.1059713552757657
0,0.09673028833834357
0,0.09579156387153674
0,0.16033227434240732
1,0.13647066747876838
0,0.6370237199175263
1,0.7328497687185751
0,0.33184432612847703
0,0.0959948793136545
1,0.9217218310726812
0,0.08380104720547003
1,0.15055869777139372
0,0.1339177091891101
0,0.13501609906537768
0,0.9578537732361465
0,0.07912919596385701
1,0.6772891691041958
1,0.9760062573937659
0,0.20778463422939067
0,0.09428785192955806
0,0.4628457231578527
0,0.11706673895813437
0,0.08434638327736829
0,0.14834434057449136
1,0.19909954373327585
0,0.09989907181571964
1,0.9511970532568126
0,0.716210091709619
1,0.8405392395654913
0,0.21064256302254072
0,0.2068714052706438
0,0.1116932780745838
0,0.12353165439895368
1,0.4001294805006531
1,0.6925426579504048
1,0.6012292863529561
1,0.5961555420104664
0,0.10920468149241315
0,0.11189090647244604
0,0.0938998820982446
1,0.33896956328708333
0,0.10473600533487785
0,0.06869882900162515
0,0.1955958465254069
0,0.20944454539588214
0,0.31708123855462267
1,0.694364308910305
0,0.36654350190646606
1,0.7415249523962866
0,0.1516306993173138
0,0.09410794979583077
1,0.11962812458498011
0,0.12256183237632626
0,0.05777411755828479
1,0.7047891563698135
0,0.07211030608461758
0,0.10345841987283486
1,0.5731351242208987
0,0.07218493781803828
0,0.12394501965290956
0,0.1288106230300248
1,0.7932240288734974
0,0.09227540339379309
1,0.8701118351183784
0,0.0637766143608791
0,0.14556639315082207
0,0.0775166425601409
0,0.41537107627865794
0,0.3778360419241257
0,0.24519120048790705
0,0.14345406162706043
0,0.09651797892488277
0,0.09079509620402162
0,0.07867881430089767
0,0.15447875518478343
1,0.11182458618713384
0,0.608271364620226
0,0.06033517560098968
0,0.07798493109815699
1,0.14012873924388866
1,0.9269322340477
0,0.15121170692763442
0,0.4523545614224256
1,0.45251062833594624
0,0.10931234341222894
1,0.5686977799325903
0,0.0637766143608791
0,0.07211030608461758
0,0.12664395898469952
1,0.8308963013771133
0,0.08645639841933361
1,0.4803916645112686
0,0.6749285354288002
1,0.8026096260338356
0,0.1325235213818624
0,0.0990020872056351
0,0.12373045791024
0,0.07392764912206004
0,0.08633134109098003
1,0.23404519464620127
1,0.8489293879516931
0,0.23391082741850758
0,0.1389690712242015
1,0.8063164950994225
0,0.6354798156026589
1,0.7545372671148253
0,0.08073956786778104
0,0.09890131055457571
1,0.5067124400225778
0,0.10323676242389235
0,0.11405615897906293
0,0.717249523077398
0,0.7243023329092625
1,0.13449703454089096
1,0.09947439128380373
0,0.09595666977416474
0,0.09363097810785043
0,0.08504486571341463
0,0.19042960571254822
1,0.5003280141408657
0,0.11452370781297941
0,0.06095761696582678
1,0.9969183801528093
0,0.114024163111042
1,0.6988918042599537
1,0.9511970532568126
0,0.07050424129223096
0,0.06702162999680454
0,0.10257833407569043
0,0.1666581900626129
0,0.13497311406424922
1,0.479159467015293
0,0.16486697084444926
1,0.3633473733760396
0,0.10262221978987848
0,0.1747586631527232
0,0.13012165619805746
1,0.1783784924596153
0,0.7028859546218765
0,0.12237436242232949
0,0.07547291719034853
0,0.10695271148411853
1,0.9040251140650688
1,0.9395000288721193
0,0.0901203351138753
1,0.9984316687180226
0,0.07238299728540565
0,0.08731001448018325
1,0.7971280058719309
0,0.110993974874135
0,0.1760654944075821
1,0.6201596221112462
1,0.6457065259733689
0,0.14494384359034312
0,0.09034941064938576
0,0.12625804493884576
1,0.712970961665114
0,0.4180638850906935
1,0.09295276879795142
0,0.05057149345380539
0,0.08455067398317151
0,0.10380363734347056
0,0.14145959356385995
1,0.9213395666641746
0,0.6388430361669466
0,0.06585568903739045
0,0.11221783985238212
0,0.14325088079748363
0,0.12340503028655006
0,0.1228639380481132
1,0.40958057187788743
0,0.10378703307540425
0,0.12413987526541204
1,0.3983674654155788
0,0.0972064107731266
0,0.1363503893547491
0,0.1326839976902598
0,0.7455601158252547
0,0.06536889154524644
0,0.06869882900162515
0,0.10559598232270756
0,0.08380702153699224
1,0.8310123994397229
0,0.0780043588582709
0,0.20908929820086505
1,0.8963499533758521
0,0.12609847826023685
0,0.14963448237914895
0,0.14273371108421254
0,0.09804301579230414
0,0.1418593479877621
1,0.7224085825016474
1,0.12690463744394417
0,0.13630909002745126
1,0.14951780841921508
1,0.6651339897112367
1,0.27777606958481565
0,0.11621713438103573
1,0.8225219621053507
0,0.11962812458498011
0,0.09344868707826161
0,0.1654823336962761
0,0.2855490278045909
0,0.2561887697334159
0,0.34416233016714465
0,0.1721268333395829
0,0.09581643726358181
1,0.7424085050941269
0,0.10592013738924867
0,0.07230843278792762
0,0.14187886390579774
1,0.9189954710334733
0,0.110993974874135
0,0.09018025010410566
0,0.1511003464562234
0,0.1678954202658823
0,0.07521916366376916
0,0.11871962935699623
1,0.9246844266333603
1,0.6768577557882678
0,0.17205390435876763
1,0.807817935571599
0,0.13526403373175516
0,0.07504565118256233
0,0.1221294078710622
0,0.1082026929911428
1,0.25712007739058274
0,0.078040428499093
0,0.38231604761169435
1,0.8873883774968385
0,0.06827112841721204
1,0.3639860426427211
0,0.10652873458507561
0,0.2516938098974687
0,0.1002362513101924
1,0.9618347930633578
1,0.9778629192504277
0,0.6130233823027521
0,0.17513368287007033
1,0.44718578154732175
0,0.09706518951392538
1,0.48722707292168893
0,0.13397453737005433
0,0.19056937148763803
1,0.8369739875331236
0,0.18133070761333256
0,0.0873143732116206
0,0.09477871289312509
0,0.0795513709514998
1,0.8071425747126029
0,0.11287179521220762
1,0.09968191101577478
0,0.10570169865989754
0,0.4507176936167446
0,0.118877822771124
0,0.10489379824807564
0,0.08054859121867376
0,0.10359409919692789
0,0.07709796472868478
0,0.4475690537159694
1,0.7138313352340201
0,0.12032983870700537
0,0.10596614235411853
0,0.13504318828177586
0,0.09410363545555821
0,0.14943769337626056
0,0.108463680988625
0,0.07650198136066788
0,0.0900667059393599
0,0.0993364517024003
0,0.14916792216917593
0,0.2991660463451118
1,0.5084238853531533
0,0.3579343510982136
0,0.06679860445221433
0,0.26352100233735115
1,0.10791306750177451
0,0.07333523724179783
1,0.11378322055917299
0,0.1099306642461541
0,0.09616929685609736
0,0.16567957092160637
1,0.9511970532568126
0,0.7076162814705793
1,0.8268772160372724
1,0.5164152516956514
0,0.11789197812206421
1,0.9146610762734376
0,0.17035943463585781
1,0.9217218310726812
0,0.3400805166155413
0,0.0984347635158524
1,0.5059347685424572
0,0.13371109547315488
0,0.16053021347792085
0,0.14280869942137267
0,0.1379019469010486
0,0.08915301966210125
0,0.12899175630254003
1,0.22272396222122406
0,0.2708520183491837
1,0.4357706522043439
0,0.08918213464110145
1,0.5431028205620376
0,0.020196591428819816
0,0.0780622685949828
1,0.7790093294073691
0,0.07099201062149124
0,0.10547009828303797
0,0.08404783480970904
0,0.0846905334360428
0,0.0545684111104353
1,0.8083399103996697
1,0.9897774080635352
0,0.18332443164375778
1,0.2649467343728093
0,0.17920927648168902
1,0.18365243204592405
1,0.25846287942656127
0,0.07573681002126657
1,0.10003925343790492
0,0.10216116769545348
0,0.35449932492143255
1,0.7504065251237187
0,0.020196591428819816
0,0.667025999394729
1,0.7420489340638529
0,0.6884851226729806
0,0.11446079544686591
1,0.7919794423138989
1,0.8325857634764507
0,0.11368037237809926
0,0.08967539567862766
0,0.19510152090165167
0,0.27259644169684333
0,0.1355447300434975
0,0.110993974874135
0,0.09535224265931644
0,0.10261690992167001
1,0.5205109616640026
0,0.4709171997503498
0,0.08601334039466296
0,0.632465327898258
0,0.14173034718564367
1,0.8551255233604617
1,0.7247433675618118
1,0.21638726150708235
0,0.10323676242389235
0,0.15842116937070647
0,0.05155182339978593
0,0.10053994655329036
0,0.13101271475143111
0,0.788606214851639
1,0.17875813324404363
0,0.12625804493884576
0,0.08244881576808456
0,0.20803544802382135
0,0.06869882900162515
0,0.1317944147678164
0,0.10553535866175885
1,0.8372037417004319
1,0.42700239439752435
0,0.11938540951932805
0,0.20837852085177969
1,0.7871374566423472
0,0.0951069686386863
0,0.12644291197674887
0,0.09009304470185463
0,0.11948505685999385
0,0.0903519685163662
0,0.12704497958877528
0,0.13221517345931325
0,0.15276434638679207
0,0.04913108815075325
0,0.29522246554652326
0,0.15173750328164323
0,0.10700952182077264
0,0.28290263924960135
0,0.06869882900162515
0,0.08609595900947369
0,0.09771105463402398
0,0.12316710131824635
0,0.09172011151657854
1,0.8445870267144872
0,0.15245162693782896
0,0.16201581914658772
1,0.2382379011573345
0,0.5471862675580489
1,0.20413181636527017
1,0.8750474079465054
1,0.17540927711493534
0,0.05672565156998603
1,0.5307877182568453
0,0.11930985163736323
0,0.06927102030492671
1,0.21690471063794842
0,0.09179861740187177
0,0.08402783049645454
0,0.189940069471049
0,0.15644276237770877
1,0.16004192379628074
0,0.06869882900162515
1,0.7231053171150165
0,0.11717733101901158
1,0.16048338770571965
0,0.8947240153302738
0,0.059024219513380834
0,0.08759927402141722
1,0.838551282121828
0,0.09849700902819732
1,0.6857614207802827
0,0.25081616676468904
0,0.11524615190172173
1,0.8151460778403173
0,0.11210828224981752
1,0.7648899327935267
1,0.7435865570573653
0,0.5306934125093511
0,0.11962812458498011
0,0.1279877219049448
0,0.11962812458498011
1,0.9698685149016103
0,0.17094664076169863
0,0.13237414306211479
0,0.11686718835752638
0,0.10872852860135643
0,0.14924914093030903
0,0.3118615189970678
0,0.17478746760546984
0,0.09047652452853687
0,0.0770066747332142
0,0.674748817172727
1,0.21053283889851945
0,0.09260762011028749
1,0.1774042157952489
0,0.44984739777148264
0,0.07995671991388884
0,0.2146609993210638
0,0.1031245853571119
0,0.14097123383523663
1,0.9398443922958325
0,0.20991608070245926
0,0.4779714664200125
0,0.15382652398164953
1,0.6784850942499591
0,0.12340503028655006
0,0.14556422545367542
1,0.7215761715287203
1,0.7651816829866454
0,0.12471818352637287
0,0.07819706699460881
0,0.29226901876929057
1,0.8101359507034199
0,0.09897267758705693
0,0.23046390569571265
0,0.11270784924817728
0,0.19714297386469623
0,0.3290048650920442
1,0.750587176605508
1,0.1976268539846897
0,0.23415579397378683
0,0.1642143870568548
1,0.5164294346688524
0,0.12402662196432276
0,0.12712317457452926
0,0.13706826458991747
0,0.10323676242389235
0,0.5874368346394298
0,0.15075461473342275
1,0.8766321156147119
0,0.07311759192171555
0,0.11718956041190393
0,0.17028120895138307
0,0.18184099206300786
0,0.056712520466890466
1,0.4505534972609734
0,0.27761845435834714
0,0.06452950225320278
1,0.5976251352169927
0,0.22775922962283715
1,0.20543827407336793
0,0.5123978943055002
0,0.1193036562892506
1,0.5374529702101962
0,0.06887136364856643
0,0.11831538098529817
0,0.1112195634245982
1,0.6908515190926632
1,0.888439987071406
0,0.1453796023696464
0,0.6938922184009205
0,0.11466122158254757
1,0.7261614725792498
0,0.5905807471161928
0,0.11215509769697575
0,0.07256390074958258
1,0.8769623593792615
0,0.12036176043328617
0,0.10033736290961319
1,0.639029897840371
0,0.10235992693487844
0,0.29740499995678377
0,0.08537210775653617
0,0.1603734746080311
0,0.10720670456217479
0,0.10942118888105906
0,0.2905086203813729
1,0.9455761851371978
0,0.10323676242389235
0,0.06647393731601985
1,0.62279574934796
0,0.7014295666647429
0,0.11864770951619705
0,0.07564973100359948
0,0.2566107951558632
0,0.1600863058427581
0,0.07496990232964192
1,0.178679559997629
0,0.09049212602951127
1,0.14444542434608018
0,0.12300985397572689
0,0.10069280955305891
0,0.3622518581115334
1,0.5373159736379687
0,0.05529612961998533
0,0.12678140721917633
0,0.08610550041769693
1,0.9277441284774705
0,0.12159454790990515
0,0.060660888578954526
0,0.1676080479879575
0,0.4969698085039369
0,0.20071433284988166
0,0.09525716392458561
0,0.09554264408660702
0,0.11196992339066393
0,0.130927267630607
1,0.17170551960305708
0,0.4776619758491256
0,0.09572259740449524
0,0.22413856651142233
1,0.9521338172220969
0,0.10388087943109321
0,0.08380702153699224
1,0.6472627402119436
0,0.13687333861366002
1,0.9511970532568126
1,0.7846600080879934
1,0.9278269803768809
0,0.11886300862844254
1,0.14148662860540545
1,0.9694454108329194
1,0.7812515710270026
1,0.33287997688238585
0,0.11412071281922344
0,0.11412061331631694
0,0.9511970532568126
1,0.6204452866786636
0,0.12032939614609948
0,0.20567454514334538
1,0.08376589282648982
0,0.06673306998972584
0,0.06665603107498612
0,0.3496967601708759
0,0.15226540702504598
0,0.16729522900033847
0,0.13715822428301502
0,0.11902120884239796
0,0.1163545301257374
0,0.14066859441991164
1,0.7217447853161257
0,0.09946969168138475
0,0.6239768668970603
1,0.2770234386803028
0,0.07963779930065377
0,0.4339836208520715
1,0.5178646323929004
1,0.6640827463421913
0,0.08120901059863124
0,0.21060851387040488
0,0.0906876935099779
1,0.1947003365940624
0,0.07183542107545524
0,0.055863766098197064
1,0.8172261591818105
0,0.7138313352340201
1,0.48212246179731344
0,0.17688386174684864
0,0.7402701796550174
1,0.7464519261291697
1,0.7048871910748182
0,0.13020003596867483
1,0.5817677263955275
0,0.15557309153708482
1,0.652419704879114
0,0.3520345590191895
0,0.15653471808538527
0,0.10504155320455047
1,0.5367923524745214
1,0.924682419145628
0,0.17887264983215734
0,0.6170081365730204
0,0.19695255605630843
0,0.08054859121867376
0,0.0629941063055127
0,0.5988191844893951
1,0.7135276343361209
0,0.10323635633501238
0,0.1078215140667828
0,0.5248089561919423
0,0.07978526000281522
1,0.19948934645970978
0,0.12276056166694713
0,0.12644291197674887
0,0.47350938369079143
1,0.4990997417079677
1,0.7690869956231721
0,0.1213960726455071
0,0.21489150906795565
0,0.22533271443614808
1,0.6937961615853693
0,0.17413200390618422
0,0.08062159022093035
1,0.9287386384334129
1,0.9845314403935163
0,0.3072180851428901
0,0.16914466280220747
1,0.386995313924582
0,0.0781553967735528
1,0.8142259443860618
0,0.10323676242389235
0,0.11329995625099226
0,0.2378689434316542
0,0.20780041238018204
0,0.07943936333292502
0,0.10743699245245553
0,0.12464466716062872
0,0.7678024193141798
0,0.09579932671806782
0,0.09541679736585217
0,0.12012024063172534
0,0.6316093880351732
0,0.07431451777331394
1,0.6543414996559552
0,0.12163259431016
1,0.8083399103996697
0,0.07146107573898826
0,0.06869882900162515
0,0.09268550540578636
1,0.4595105347126394
0,0.12625804493884576
0,0.10881169639590312
0,0.10078328316162248
0,0.12991251169343884
0,0.09308721177644712
0,0.10623430000505639
0,0.1170820310409129
0,0.10036879984108325
1,0.7032589821334997
0,0.3249191946844298
1,0.7796277586882379
1,0.7011076193396691
1,0.9804138545900603
0,0.12454312126250339
0,0.11074499318166449
1,0.9561743679406076
0,0.10782476851277621
0,0.17328257579812784
0,0.13117907509120777
1,0.6569775315353248
1,0.7923630949811319
0,0.7262489433417101
0,0.17090791065698835
1,0.20175273163259805
0,0.10323213564824069
1,0.5663757888318457
1,0.5298314831721544
0,0.09870053753601851
0,0.030535101112286793
0,0.1374746630162256
0,0.06751566841736463
0,0.1661227382866767
0,0.071527776399826
0,0.2963219979331033
1,0.4087533593315996
0,0.08466656099511034
0,0.15309623853262966
1,0.28367885024820805
0,0.16221774450215407
0,0.07812666518309602
0,0.08162926108840425
1,0.6466744389519726
1,0.35134194989949297
0,0.07984174042063867
0,0.09315777712978338
1,0.7525615957629228
0,0.0599314368048723
0,0.13213806430928815
0,0.19437516266904312
0,0.07488657918242474
1,0.9734554487755824
0,0.13546304971514558
0,0.11316336901259089
0,0.10863139461365547
0,0.5726082711715123
1,0.6925426579504048
0,0.1729445622441392
1,0.25948323469991047
0,0.18589411855796206
1,0.479159467015293
1,0.5144772586406259
0,0.11302548949170467
1,0.9333039023262075
0,0.12797661384469133
0,0.09715287085790221
1,0.36712462044466343
0,0.15739093608437055
1,0.6587567577124623
0,0.18354880720094732
0,0.0674500096312044
0,0.11543164668912073
0,0.09289825274042539
0,0.05805797429279867
1,0.1390154626224616
0,0.724556473126224
0,0.4172868878638562
1,0.979980188022523
0,0.10079730977892896
1,0.7540316600647738
0,0.2071722339880145
0,0.07211030608461758
0,0.07753941676859724
0,0.11831765557285329
0,0.13076374121197773
1,0.13892187494818214
0,0.1784656157478357
0,0.09430265603500025
0,0.08238528601495397
1,0.5824059866966873
0,0.08856679303228318
0,0.15291478240255021
0,0.07676566689909352
1,0.39761485482882514
0,0.3055462233806099
1,0.8258235863159801
1,0.5398469516895145
0,0.16107576631758067
0,0.256003310524908
0,0.054404552845237035
1,0.4212793830567851
0,0.09428988230122011
0,0.06869882900162515
0,0.1799215170113688
0,0.11511601847906339
0,0.1971019829011006
0,0.09242753294775155
0,0.06452950225320278
0,0.10017801493138744
1,0.9636282415579173
0,0.1860583478616362
1,0.9444170949207588
0,0.20453856007728086
0,0.14553329794042388
0,0.21644023341982443
0,0.10916074875339013
0,0.07753941676859724
0,0.3276854218846793
0,0.46452996842473765
0,0.05646009476874736
1,0.7932454382751488
0,0.152855578672571
0,0.07090405151479727
0,0.12708388054878525
0,0.1654668217695573
0,0.12870399401144328
1,0.36730002142860557
0,0.09018025010410566
1,0.4531998955602326
1,0.2085517371825514
0,0.07092518227359391
1,0.8690737121170781
0,0.09728062120589416
0,0.12625804493884576
0,0.5466065201142407
0,0.14749251042747277
1,0.6958909549014473
0,0.11428657652464541
0,0.11868310637795766
0,0.18897670150960658
1,0.10323676242389235
0,0.1411576114167908
0,0.0888169099758709
0,0.2498480819255939
0,0.1381211137102754
0,0.1560645405863619
0,0.10281931453804266
0,0.09502994363368619
0,0.12471818352637287
0,0.23878218310546892
0,0.198182654002415
1,0.6932810021929855
1,0.3232063804068741
1,0.8258235863159801
0,0.08537531290055032
1,0.9505482919120462
1,0.13493476935841778
0,0.0887119144396628
1,0.9406331928415422
0,0.12530385017612766
1,0.47726033973511417
0,0.10553821669537729
1,0.3595052169926911
1,0.8268772160372724
1,0.9006764074473247
0,0.2240451231552866
0,0.11864770951619705
1,0.30662462945046853
0,0.11446971684636188
1,0.2350719503658161
0,0.5423768968187069
0,0.07330106625997514
0,0.11816616347141387
0,0.1500284137747345
1,0.7498530201363823
1,0.5446068712640715
1,0.8583600199518452
0,0.33230117333983233
0,0.4366102312684296
0,0.8525391257092767
0,0.18503069733051047
1,0.9782594167975259
0,0.10136898390588067
0,0.12471818352637287
0,0.1969523084473437
0,0.18019086715221466
0,0.0926380841530913
0,0.19169532575376225
0,0.11455374363389713
1,0.29636650596725794
0,0.2666536120146637
1,0.312652216501212
0,0.1445488015298101
1,0.11584909463826562
1,0.7825323810189887
0,0.06668036093728565
0,0.14652864289662187
0,0.1753030080594621
0,0.1563165048269903
0,0.6116896348676438
0,0.16622673276363428
1,0.7493144841911935
0,0.06869882900162515
0,0.26107815737237705
0,0.1096511598680633
0,0.16520826871945954
1,0.47783058807604173
0,0.13489999546267362
0,0.22755394170394022
0,0.13780290307186732
0,0.12471818352637287
1,0.1665377643817086
0,0.1708092114091678
1,0.6386973791312115
1,0.6993462326563228
0,0.15050372978283166
1,0.6873500751197956
0,0.08882985235582025
0,0.21062501863992275
0,0.0956986910229281
1,0.5412410399732603
1,0.7750438509950486
0,0.152901481762549
0,0.16109400263531862
0,0.12183916901070538
1,0.8172261591818105
0,0.22670343648710972
0,0.10403763437408174
0,0.12020322090960743
0,0.13417338493753567
0,0.09410378326269168
1,0.742788481841505
0,0.12625181133809388
0,0.11662922244001432
0,0.23946288094871923
0,0.09327923684410654
0,0.09045716660995942
0,0.07551823327676356
0,0.06440286616954731
0,0.5043633375661488
0,0.12039003015644435
0,0.15570476769447217
1,0.4781999464148133
0,0.10547009828303797
1,0.09222723671892732
0,0.11962812458498011
0,0.23842025726656377
1,0.2585342397017157
1,0.5025559357818594
0,0.07812949039125172
0,0.17632108031847224
0,0.1451214887090075
0,0.2700846705744371
0,0.12423093464944705
0,0.12527013511382645
0,0.10992838239751015
0,0.0751186244804284
0,0.12549335413331053
0,0.15180224888735425
0,0.09336845943959687
1,0.7169609984895332
1,0.6925426579504048
1,0.5191587959248724
0,0.10615162886009195
0,0.17958147622601064
0,0.09936637681298548
1,0.7192340336303777
0,0.126441793773507
0,0.07590571057538242
0,0.09058607575312895
0,0.13338714640719818
1,0.9430954359084487
1,0.7221371423848889
1,0.7712292699834535
0,0.11530344928658766
0,0.11551617389604094
0,0.10452093997822667
0,0.711836915999425
0,0.4170962130948341
1,0.9815557219538803
0,0.11468072231453955
1,0.669229902821574
1,0.6545335701348551
0,0.13245528688480793
0,0.11284110396243678
0,0.08311966298960606
0,0.27385140659643276
0,0.5159838948798022
0,0.501490452439319
1,0.5385938338348916
0,0.32925420787264986
0,0.1097338776988133
1,0.8258235863159801
0,0.13542014367783742
1,0.6175599052708386
0,0.08054859121867376
0,0.030535101112286793
1,0.7107232892860641
0,0.0956464540170698
0,0.07195725931994361
1,0.738860031120916
1,0.9783519989199572
1,0.7297136015371407
0,0.07035192771814174
0,0.2989288937488011
0,0.11720770982188833
1,0.9843236657111742
1,0.8489293879516931
1,0.9094316372684492
1,0.6855940960383722
1,0.22032252106637423
0,0.08863031104969525
1,0.6755110086492315
0,0.1824961345879227
0,0.10547009828303797
0,0.07143305473954227
1,0.9658212811998211
0,0.1784845995126369
0,0.13687020347218715
1,0.6684827441642972
0,0.2142279687435982
0,0.23267469292540172
0,0.20217109935799307
1,0.1930575135246015
1,0.19048286297276143
0,0.27489404456630506
1,0.7935829524328828
1,0.38231604761169435
0,0.3549907706977481
1,0.8588988962735906
0,0.09095883529923661
1,0.6280825060325235
1,0.6464422777763547
0,0.13600512891545993
0,0.11033211113925913
1,0.4287830531313163
0,0.07302066239662636
0,0.538144269357034
1,0.9142756176631261
0,0.21259111979429143
0,0.0833720668416629
0,0.08777157522311164
0,0.10144656111585969
0,0.08737423570057626
0,0.09198117362908623
1,0.9179735778158814
1,0.9031465589471867
0,0.12941577763057613
0,0.2472153199982625
0,0.13361419695864268
0,0.5092274277573594
1,0.9214025234141193
0,0.09034941064938576
1,0.8467608981867111
1,0.8911953142005944
0,0.09976369266311814
0,0.10019652767098433
0,0.09018025010410566
0,0.1130928182317335
0,0.1330343988001612
0,0.11133684178019512
0,0.08244881576808456
0,0.20968913987064233
1,0.8462732993686402
1,0.2907817047502266
0,0.19026014115659956
0,0.09261819618283655
0,0.1336866115798575
0,0.1346639274708349
0,0.11992100763017727
1,0.7479164945330359
1,0.9753306997755599
1,0.8082764560621725
0,0.1890115379642196
0,0.09258916666596827
0,0.09047652452853687
0,0.13106057892539627
0,0.1296236969933491
0,0.0831493761128333
0,0.15880761798433957
0,0.11019530289618873
0,0.1162825380018936
0,0.674748817172727
0,0.170367825492505
1,0.8798101893707276
1,0.5030653098636191
0,0.1015890610536053
0,0.11789439153821028
1,0.3273321962598635
1,0.18503069733051047
0,0.6906291662092485
1,0.7724410667197419
0,0.1555711450640692
0,0.09575929371081716
1,0.7918475738799355
1,0.19016765710359818
0,0.33998094505697174
0,0.1342875814667549
1,0.5976251352169927
1,0.3736177814054552
0,0.5158171183138188
1,0.33208938319935927
0,0.10066414181174806
1,0.502318951603716
0,0.10657112034243686
0,0.04700199885578612
0,0.07071683947123418
0,0.1607357531441982
0,0.46270326386811456
0,0.2371568921330237
0,0.07548001124988753
1,0.6635868098301982
1,0.32865510705814804
0,0.6316093880351732
0,0.0873278361594076
1,0.08293382340313044
1,0.6100434380286265
1,0.5003682661638977
0,0.08291846264493674
0,0.105765635138753
0,0.14804041084869715
0,0.07248857011086812
1,0.31057869567895446
1,0.8485813854563471
1,0.15615972166796546
1,0.5885886300205976
0,0.0862232500368563
0,0.5305931862378193
0,0.06497606232383837
1,0.47013033111287983
0,0.07753941676859724
0,0.04084986324832139
0,0.806113584171275
0,0.12471818352637287
0,0.09018025010410566
0,0.09833777671665596
1,0.7453382420797495
1,0.25461759308034954
0,0.12244255282936393
0,0.19094113887243078
0,0.08825228888123435
0,0.1127169946709569
1,0.6604347261548282
0,0.3313950860198544
0,0.16296037613799932
0,0.07221410367570606
0,0.12657657685044688
0,0.44391029392021747
0,0.10147238158848826
1,0.796949592526846
0,0.058605326622609664
0,0.06594531828308045
1,0.6402205454220413
1,0.11962812458498011
0,0.21404090603026255
1,0.22436020087782935
1,0.7586195233322328
0,0.1659201008772521
0,0.11575679314072858
1,0.2921261074090499
0,0.19711405663546916
1,0.6804630531578529
0,0.29723170718683906
1,0.9469804923590323
1,0.6450672170814693
0,0.07897065514911804
0,0.08001606512112155
1,0.5115585440874975
1,0.891296994471374
0,0.3577634596530051
0,0.0926918902417664
0,0.5879787093432809
1,0.6140092323866403
0,0.09827876102362339
0,0.07984400910249244
0,0.08045325657523543
1,0.37165852332507743
0,0.11344506647264965
0,0.13428227140936771
0,0.546100887768129
0,0.20131553182017164
0,0.5400324454145853
0,0.1123474833864241
0,0.05579022908718532
0,0.11452370781297941
0,0.09421401190157282
0,0.09421401190157282
1,0.7223981546442015
1,0.318713886706149
0,0.14880832572340705
0,0.0879489031026683
0,0.1385763504777789
1,0.8415613017471271
1,0.8645792719431582
0,0.07700498962515202
0,0.25184460202658804
1,0.5977186629715979
0,0.13449703454089096
0,0.45838276031862946
0,0.08244881576808456
0,0.08378295739838465
1,0.052147573119940165
0,0.11228479309293708
0,0.10834117919589305
0,0.13573844063727047
1,0.10872852860135643
0,0.11053439223247852
0,0.1011218307101236
0,0.11851534302000481
1,0.6272188591239404
0,0.147318734094538
1,0.882934345515247
0,0.05954939136966028
0,0.08519081282535511
0,0.10025662566855534
0,0.1700045391901264
0,0.06526782955087325
0,0.40738471074408655
0,0.17492633812575592
0,0.10291376379288282
1,0.3429576082924565
0,0.11493840844839384
0,0.08169226703981255
0,0.37781569599835946
0,0.16052633525699753
1,0.5189597285543625
1,0.6068737385869971
0,0.030535101112286793
1,0.7919231576478142
0,0.15802905855900287
1,0.2204526650183384
0,0.2072918721230057
0,0.11615388460017707
0,0.15557309153708482
0,0.08453459933978992
1,0.16109400263531862
0,0.13449703454089096
0,0.10262594975913177
1,0.6449532601526157
1,0.8682106917082033
0,0.1035559443505952
1,0.16138008671366874
0,0.1234431850864092
1,0.7138313352340201
0,0.11220196534682077
0,0.1307575701780148
0,0.10307405499813374
1,0.9420047565657692
0,0.1711729534160051
0,0.20435759121521382
1,0.6619662418410515
1,0.7504065251237187
0,0.18395835593816323
1,0.7291811351737858
0,0.10384976898514275
0,0.12987293640810535
0,0.09994988379369071
1,0.3051563253988737
1,0.1893627008459959
0,0.09717516922067818
1,0.5367923524745214
0,0.09267323189738833
1,0.8970788304156584
1,0.5293250249311234
1,0.1976606415408017
0,0.11798839299807824
0,0.40072999331323084
0,0.16579052366663524
1,0.13269780798996142
0,0.06033517560098968
0,0.4257317033523086
0,0.12852801597200927
0,0.12226842571715887
0,0.1053572952021374
0,0.06278252138135035
0,0.10323676242389235
0,0.1172681470325808
0,0.2543458358532982
0,0.1768527258485127
0,0.10894155896354991
0,0.10852274525029248
0,0.07946979936778628
0,0.08054859121867376
1,0.9384385339623078
0,0.15064060886637962
1,0.13626453466422814
0,0.26192002194977027
0,0.12317127350278134
0,0.14082338488967783
0,0.09315669756391277
0,0.110993974874135
1,0.7110561454589251
1,0.6317919644889787
0,0.0948731090232569
0,0.44731061517565657
1,0.8132718177622733
0,0.110993974874135
0,0.09909111069400461
1,0.7427391405827356
0,0.07862553583200817
1,0.2422462222369293
0,0.3069055884261592
0,0.07762849038150962
0,0.07912919596385701
0,0.07011333415749144
0,0.1222740477284505
0,0.1723681446996064
0,0.16234402154098582
0,0.16277925030158297
0,0.11294507489193752
0,0.05922172825333905
1,0.10029020318295163
0,0.41993176943599075
0,0.11712057389257256
0,0.1362669190271351
1,0.9735449854898457
0,0.08348307518274159
0,0.29686186990719865
1,0.09183585889514219
0,0.18532831037934946
0,0.17259075980104435
0,0.11773635675585739
0,0.12471818352637287
0,0.8136844777006589
1,0.7031380396024581
1,0.7131381772565966
1,0.2555767062813291
0,0.12249160736768597
0,0.06243209657869132
0,0.1792921524922923
0,0.08744752806214524
1,0.10942313267520698
1,0.6970452032978584
1,0.9505482919120462
0,0.12648870612929075
0,0.6213305847171584
1,0.5637650790917004
1,0.5804625034617455
1,0.2403865928967527
0,0.17568642974115417
0,0.14470101590184012
0,0.22355574256902513
1,0.547722796098849
0,0.09066615455186161
0,0.057546139882834337
0,0.1665622241379362
0,0.04913108815075325
0,0.058937253428139026
0,0.05023133227459882
0,0.10623315734506573
0,0.06600007652963015
0,0.13352955642531417
0,0.16306583198027783
0,0.3197859428641566
0,0.050381369719861
0,0.0708777960182509
0,0.11454101176396264
1,0.7876166502154873
1,0.6334529978510212
0,0.1843531328490902
0,0.06899056457775629
0,0.07912919596385701
0,0.19499150139431567
1,0.9318932441812313
0,0.0779344168864607
0,0.1819157075091555
0,0.10279019000521739
0,0.0921059946026277
1,0.592546342162048
0,0.10054592520560879
0,0.16974181178995373
0,0.1278418475128435
0,0.09334885812452827
0,0.3079322477442078
0,0.11511543730170416
0,0.575479301383201
0,0.6085120197351306
0,0.5026344276116883
0,0.11279991365411468
0,0.10385517678723317
0,0.07650298679916723
1,0.8344158712433336
1,0.8537247095891201
1,0.6028270492303153
0,0.5940541961139554
0,0.0799157262776481
0,0.1005434042932522
0,0.32872170440710613
0,0.11251913576156543
1,0.11067773963456778
0,0.20034638577098562
0,0.09881447342472635
0,0.16534008768764327
1,0.16559865740848187
0,0.13184744342468394
1,0.9197356243748377
0,0.6303426691823739
1,0.32510235609036686
0,0.31673562097239794
0,0.1257237255069739
0,0.09988317081414282
1,0.9048245614035088
0,0.13048325757022325
1,0.4298620676093091
0,0.09463322534834978
0,0.08354103199979662
0,0.07341672094050583
1,0.6428324782577574
0,0.07722953649382985
0,0.7183351904279572
0,0.11159089495938587
1,0.7384294458934415
0,0.14073232948077838
0,0.08906635533390014
0,0.11119649387615463
0,0.25654860494675324
1,0.5671575615610218
0,0.12885095656557868
1,0.508925714173111
0,0.07705296954034231
1,0.6447046883211245
0,0.6342585273345922
0,0.06517358912537324
1,0.8768416626473634
1,0.672363215642156
0,0.1417862034290938
1,0.5603401952696744
1,0.17378849163342966
0,0.2213547152568172
0,0.085462166189893
0,0.41112415449166057
0,0.12830090942419692
1,0.8596740071062968
1,0.5773389461251871
1,0.8795072803601721
0,0.08832550508359165
0,0.110993974874135
0,0.706687382196279
1,0.9022301015057524
0,0.12366937294276824
0,0.16277925030158297
0,0.08489861789495397
0,0.15726680526130432
0,0.11958140607353554
0,0.162817153737884
0,0.07704205123851295
1,0.19288106756691836
0,0.16277925030158297
1,0.2124413135165278
1,0.8984382876753374
0,0.09973917623519979
1,0.8801852046217761
0,0.10872852860135643
0,0.08598670379922044
0,0.1071272916810589
0,0.09911857226244358
1,0.9182403961994174
0,0.5804907065708993
1,0.40958057187788743
0,0.11029833107835141
1,0.13203718788411156
1,0.46310008094163035
0,0.3512107167625445
0,0.13674870725457056
0,0.08910400329082054
0,0.08588527260006419
0,0.15444823780444866
0,0.1516505186208819
0,0.030535101112286793
0,0.15967423336753775
0,0.09921415551832134
0,0.1331984862024562
0,0.09262959834058551
1,0.7946301877264647
0,0.7248736000483706
0,0.1491453167550135
0,0.9017654407877459
0,0.09365883419960629
0,0.13833780879837018
0,0.2682795875324947
0,0.08830479738721679
1,0.9404567501957279
0,0.10872852860135643
0,0.13489999546267362
0,0.1883604323417393
1,0.740390795992308
0,0.083968150265989
0,0.11500565765304332
0,0.10858543393606153
0,0.09239962551521606
0,0.07060651159467908
1,0.4431348335372582
1,0.6310970973755355
0,0.09884017792917232
0,0.31753663669665716
0,0.13240180777396054
0,0.18068325851164468
1,0.3594941248018903
0,0.06970210307266599
0,0.16493812036679512
0,0.16046892667305024
1,0.12318894971893019
0,0.12200036888158677
0,0.1682358655185822
0,0.10992981491852738
1,0.8057552463358286
0,0.10398944976779759
0,0.6835292821681263
0,0.7597934222724297
0,0.5701283042799032
1,0.9742339796125195
0,0.1283513348515561
1,0.8065184318829194
1,0.7690077902323134
0,0.10853439497999258
0,0.08119599417760173
0,0.2717285653163441
0,0.11097528666483103
1,0.7525426579504048
0,0.1011218307101236
0,0.19603813046523608
0,0.07134374681065453
1,0.9944576166128347
0,0.09028784416705288
0,0.05427277727381394
0,0.19441821114848487
0,0.09162261969429891
1,0.14254039038483576
1,0.5134125059163102
0,0.10051778439794454
1,0.9333039023262075
0,0.09801889925418929
0,0.42809616135879947
0,0.11209284317705633
0,0.5655290011548745
1,0.7826978654161435
0,0.11443090440053515
0,0.0967155962318301
0,0.594404447611213
0,0.8628812952939195
0,0.6182511458593719
0,0.09789700365238098
0,0.11930217908977069
0,0.09658395515768033
0,0.1702156258482735
0,0.08752325267599616
0,0.2732292329228015
1,0.5242393486661671
1,0.2504453742795215
1,0.21653793534159235
0,0.19711405663546916
0,0.24115986665215638
0,0.1674010120737854
0,0.09475438513984502
0,0.6289373406468337
0,0.11007042643188679
1,0.9155748921186703
0,0.2146366012860146
0,0.6076844905415856
1,0.23637320766626654
1,0.43392223640942057
0,0.08656943215335
1,0.3145466490075888
0,0.04084986324832139
0,0.16372786521778734
0,0.07590571057538242
0,0.6270047056389902
0,0.30135396526491387
0,0.11212562634912691
0,0.18336385068060987
0,0.39962741278289393
0,0.09151960342183847
1,0.8611603137102143
0,0.07634004430046938
0,0.13350532502247767
1,0.2700846705744371
0,0.1436151217556593
1,0.7473827008483434
0,0.10872852860135643
1,0.22233696484817733
0,0.10763795829226418
0,0.1216923775549051
0,0.09526154615907258
0,0.1333269528753742
0,0.16448738438793428
0,0.16296709159860068
1,0.473134172205729
1,0.9348191748303288
1,0.1527775625677464
0,0.6509705586462683
1,0.20153883669481606
0,0.10121279540641706
1,0.7057095603759966
0,0.1098332325933084
1,0.1652134104749456
0,0.3056710428065917
1,0.5255774455014207
1,0.32511519609952794
0,0.17547394498503377
1,0.9641928209465566
0,0.09694721789305948
0,0.10733379414599109
1,0.25846287942656127
0,0.23994475879266078
0,0.07943046708688174
0,0.29307804242284424
0,0.08595386765461685
1,0.5671373965331326
0,0.05101167406448096
0,0.22775922962283715
0,0.1269055928644002
0,0.1495323237656775
1,0.6722893357954801
0,0.110993974874135
1,0.8427928962405682
1,0.9471162953923006
1,0.16202294804348452
0,0.10962832518465167
1,0.8253789716944082
0,0.10323676242389235
0,0.08079422833063508
1,0.3788050053076213
1,0.8693299960184071
0,0.6518369462166557
0,0.10392614446868294
1,0.6942089627967157
0,0.4815883743418369
0,0.22649088974590037
0,0.2071958785631864
0,0.14355353445698044
0,0.07503091944463701
0,0.17927388551308168
0,0.13908139717687107
1,0.8984341022648173
0,0.24162857101621973
1,0.9129078606027625
1,0.6824452675126997
0,0.11477259709483836
1,0.8072134083556269
0,0.07211030608461758
0,0.09916864086725616
1,0.660182611035633
1,0.48354897050760204
1,0.2961538956018018
0,0.13908273106485106
0,0.21041009636177224
0,0.11927447676572489
1,0.20689189870172317
0,0.12427723225882388
0,0.12540548371508953
1,0.8813885816881025
1,0.3822255614026409
1,0.9563617757732891
1,0.9220944682777904
0,0.15471306187764838
0,0.08073956786778104
0,0.32986245589877466
0,0.12333346890679034
0,0.07021008153520678
0,0.08054859121867376
1,0.09574080495242628
1,0.49007538693956104
1,0.7807725308825434
0,0.08299000333161313
0,0.20334609448466012
0,0.1099306642461541
0,0.9552505027078804
1,0.5348427669491198
1,0.7731881567333801
0,0.13542014367783742
0,0.05188508612923779
1,0.376063782609429
0,0.07872124685362025
1,0.7895385889877006
0,0.06888682564514492
0,0.1215020857849486
1,0.7812272205349113
0,0.29208758157123715
1,0.38977639168162803
0,0.1835642685343155
1,0.8507526367060566
0,0.12455202774672476
1,0.7432447283420349
0,0.10739736680202883
1,0.9082676262215472
0,0.08703899163298655
0,0.500216588960179
1,0.12977347584589263
0,0.554794664248325
1,0.8570306327561291
0,0.07081146304139707
0,0.06320310932383875
0,0.12007922781113957
1,0.12220867068454325
0,0.05953921692628792
0,0.7999398434617925
0,0.11521688760398281
1,0.14798996720031976
1,0.9159694000420684
0,0.09445037761315013
0,0.07508037007593339
0,0.06869882900162515
1,0.8300197446518535
0,0.10234802751455346
0,0.06525636926185586
1,0.8322430873563985
1,0.6783105078968376
1,0.14603762982939647
0,0.4869291522205136
1,0.6414188594558411
0,0.06459639128713258
1,0.6190643983191667
1,0.2286493700505444
1,0.21498418648757833
0,0.1330343988001612
1,0.72941741901114
0,0.4027457725054971
0,0.13353839086677025
0,0.10323676242389235
0,0.10872852860135643
0,0.11655834192784506
0,0.6176674476226446
0,0.09042223914948327
0,0.22085471366765333
0,0.1413570013306408
0,0.07753941676859724
0,0.1249605044345646
1,0.9770575587821169
0,0.16345300656291464
0,0.2183847091173094
1,0.7474380627229609
0,0.1640081490785685
0,0.25775797854571525
0,0.07524456834905216
0,0.11962812458498011
0,0.15951383622749488
0,0.062220570201214465
1,0.08702063774761766
0,0.11623760511408693
1,0.5989224249118172
0,0.11276969796007878
0,0.12512636497568486
1,0.7365699885698579
0,0.08065860769458834
1,0.5282652024630629
0,0.11889144709240679
1,0.8752744284287978
1,0.7060973131499311
0,0.19260570161364007
1,0.9217218310726812
0,0.11173945000020051
0,0.15001131344940924
1,0.6533844666415121
0,0.1258081495313377
0,0.6435843722991986
0,0.1859059371196906
0,0.10839339027148957
1,0.8836213773095769
0,0.09168214055495359
0,0.12625804493884576
0,0.15458407330510154
0,0.12471818352637287
1,0.6542509355432571
1,0.78298680588639
0,0.14042758863621288
0,0.10834117919589305
1,0.9291473985141845
0,0.030535101112286793
0,0.06465267482604731
1,0.4085200429949316
0,0.09250967067110366
1,0.25779339869564644
1,0.3079722368347925
0,0.11008604167539339
0,0.4698564049925657
0,0.30630677407665347
1,0.7355951195266388
1,0.25164363358550795
0,0.24745321449347965
0,0.14441555922533653
0,0.14288361534255872
1,0.9383883054980748
0,0.06869882900162515
0,0.10323676242389235
0,0.09884017792917232
0,0.1327320477994667
1,0.7686889609142288
0,0.08684101121460916
0,0.12385884756521033
1,0.9759603650254223
0,0.1705898621235214
0,0.0773905162686664
0,0.12928395359457842
1,0.28339374968013353
0,0.10413375499432612
1,0.7145876120468108
0,0.12163163090409057
0,0.07834620175339263
1,0.9383883054980748
1,0.09211760259260612
0,0.07210116267461225
0,0.07765275584142264
0,0.09665577933279865
1,0.8994651597562238
1,0.6416590578496988
1,0.32388100644245627
1,0.21560185344476032
1,0.9244399927051754
1,0.1345709775477792
0,0.16785029822178768
1,0.9189954710334733
0,0.07380324577362585
1,0.25324756776195095
0,0.20168737198239553
1,0.9268520180644997
0,0.14522501475803762
0,0.15303800653716151
1,0.1643187872715549
1,0.9244399927051754
1,0.3161039964928203
0,0.5858693806812599
0,0.110993974874135
1,0.9813119854648915
0,0.3485314073615838
0,0.0907488353808375
0,0.5783973588051057
0,0.10845469086709622
0,0.10323676242389235
0,0.12471818352637287
1,0.9487263806362122
0,0.13436745265177943
0,0.1372993204235361
1,0.7665976058957878
0,0.07585515061478956
0,0.12019785449779583
0,0.110993974874135
0,0.15404508867365627
1,0.2060426851688822
0,0.6752688547506964
0,0.13511440465206354
0,0.09821611331304121
0,0.09000542523001386
0,0.12081013496865674
1,0.34636750183193854
0,0.09150694978491188
1,0.8115027822537945
1,0.30516079436186516
0,0.08359521509581491
0,0.06867249614168389
0,0.8401895596275176
0,0.11005665373624088
0,0.08974617119598023
1,0.7680559484873675
0,0.07394001544608837
0,0.10003304412551198
0,0.1412255633276797
1,0.8520669093959895
1,0.9478770681021303
1,0.9180785355489866
1,0.3940727372385556
0,0.08086592480788456
0,0.19113719967353007
0,0.09142989319657434
0,0.16280647788868624
1,0.5244097512604399
0,0.19211217890757967
0,0.11046699338721697
0,0.10725648795594893
1,0.08375337826882652
0,0.08054859121867376
0,0.16290461295750486
1,0.40838509083095875
0,0.112854356278214
0,0.11452370781297941
1,0.10199230550884571
0,0.3607710208563034
0,0.22341178600095182
1,0.27396608400890754
1,0.8763936963336543
1,0.27016780921618916
0,0.12392663438546876
0,0.08054859121867376
0,0.14016145700666024
0,0.21846726157505966
1,0.5432323531899621
0,0.18047599045768806
0,0.08514536773048617
0,0.14680466504433057
0,0.09949816663405893
0,0.19476715351068613
0,0.48511498897458066
0,0.14273500265480657
0,0.11888315780903325
0,0.08325047837976796
0,0.11233710375895041
0,0.14394870086206857
0,0.14487896965017807
0,0.07351629421828736
1,0.7329415872508129
0,0.07351629421828736
1,0.15530738568430788
0,0.11042418506332996
0,0.12755834291304302
0,0.7214828753174619
1,0.8507936641091857
0,0.06878943756461657
1,0.5993283479174201
0,0.10976186667721817
1,0.9618347930633578
0,0.04595428002032209
0,0.1691884839481229
0,0.15226540702504598
0,0.06177605827084545
0,0.16207525220491825
0,0.6853695052788958
0,0.4931733216190671
0,0.12901724625110944
0,0.23778275669989532
1,0.31289796617512017
0,0.125236914016212
0,0.0799384434975795
1,0.7426967672441352
1,0.8314441081672502
0,0.12269613496349553
0,0.21263216505544746
1,0.6823508895508325
0,0.11336232042376636
0,0.1257704523026505
0,0.50077126883327
0,0.43692186991418963
0,0.11258440532242361
0,0.10245829467397655
0,0.5090330079983452
0,0.07962226631972637
0,0.1072447017931231
0,0.1200692694722946
0,0.1805687138842457
0,0.358813186595839
0,0.10044596677737525
1,0.3639550403212317
0,0.10667223392783563
0,0.11402585871655894
0,0.10547009828303797
0,0.10520827213695864
0,0.1893903006758654
1,0.26707173139789364
1,0.9136759347642737
0,0.42993615406092955
0,0.0741699759219905
0,0.1394084822138251
1,0.9290660147906713
0,0.2233010532582045
0,0.38200818550023197
1,0.6734948740219514
0,0.14091918382018312
0,0.2046832596315453
0,0.10587083794576817
0,0.22532196714199254
1,0.6958909549014473
0,0.14323214209147372
1,0.6785963339848524
1,0.399455431984746
0,0.25207057041493935
0,0.0671898534351368
0,0.24004495809092657
0,0.7954133570931824
0,0.29929369816800294
1,0.9548381662526664
0,0.21100639166774166
1,0.256404766934401
0,0.09806432918225748
1,0.7465587788300505
0,0.17027901322537076
0,0.08054859121867376
1,0.9217218310726812
0,0.12337985925536085
0,0.07650298679916723
0,0.0873143732116206
0,0.12032939614609948
0,0.13449703454089096
0,0.08162456512678834
0,0.08380702153699224
0,0.06761082131098586
1,0.7728402114754138
0,0.2101105492295136
0,0.09053189948111956
0,0.0937692446211668
0,0.18040978534534535
1,0.9220944682777904
1,0.549261827924722
0,0.10625248611554758
1,0.9618347930633578
1,0.6968032975425801
1,0.7342284826229334
1,0.13296992486655979
0,0.1596230408407636
1,0.2981445787890816
1,0.49410830689267543
0,0.11911626933992171
0,0.09995682268961573
0,0.13899453663163433
0,0.1344810705845216
0,0.09897267758705693
1,0.925575609405233
1,0.6183235920490456
0,0.05836031931815817
0,0.26989649462444587
0,0.09468526904917378
1,0.712970961665114
0,0.46267168826080624
0,0.1647962385858584
0,0.1348245952722274
0,0.18582386958279468
0,0.1253197330486658
0,0.08244881576808456
0,0.1015890610536053
0,0.16593705354812613
0,0.23712755191212234
0,0.08752623674565035
0,0.22506418598948502
0,0.10547009828303797
1,0.4007012921912782
0,0.13571711791101837
0,0.26151640326489267
1,0.2297145874799595
0,0.12355211284079089
0,0.41733360287545046
0,0.12528214779499544
0,0.311007686939845
1,0.2000705892482274
0,0.11673895386982767
0,0.5562343673921546
1,0.910573279893865
1,0.9155748921186703
1,0.16201581914658772
1,0.7792446338490037
0,0.15186241691588567
0,0.14389473907692443
1,0.7592379773582782
0,0.09853890740332455
0,0.2854859748799635
0,0.1570760901167444
0,0.22186997230048644
1,0.5774762207508422
0,0.11184606192181541
0,0.16067370069398249
1,0.7540667746564228
0,0.2248106743367532
0,0.09166576478785629
1,0.7943482132053957
0,0.7138313352340201
0,0.14920186777185054
1,0.4199890624706281
0,0.15535669194238974
0,0.08054859121867376
1,0.1905564111579576
0,0.1309237148600394
1,0.8377046143585867
1,0.63765392445328
1,0.9507728053700952
0,0.2163491312120448
0,0.14364158567731328
0,0.057970583668041385
1,0.835057901670263
0,0.08449724162705564
0,0.09292693575923583
1,0.4717214687442059
0,0.08054859121867376
0,0.10428108166160813
0,0.16988122147421517
0,0.17050905113343548
0,0.1067646836575053
0,0.05777411755828479
0,0.35615423119889517
0,0.19927834944496184
0,0.2162681573846981
0,0.10095518598990752
1,0.795243542950645
0,0.16486198528760204
1,0.6339013023980187
0,0.12118911659803484
1,0.3764679950474846
0,0.07890439636977302
0,0.10920367198360612
1,0.3852891791441561
0,0.08423924608276673
1,0.5269053964530644
0,0.13754499032793283
1,0.4781978037760441
0,0.16587843781221018
1,0.8172261591818105
0,0.08054859121867376
0,0.10291440706389865
1,0.9060035749067304
1,0.16959627237921487
0,0.21840962149668156
1,0.9777330788738263
0,0.07021008153520678
1,0.13454685061369237
1,0.5858738791132969
0,0.15238693415273247
0,0.2748596668457374
0,0.268246614558795
1,0.5985264335805707
0,0.0962972350555367
0,0.08872988393336344
1,0.640292403724996
1,0.7951180479193773
0,0.2055877985771077
0,0.130922662919284
0,0.12471818352637287
0,0.10544844628883591
0,0.1289334822277628
1,0.59135839923043
1,0.795243542950645
1,0.9072175533894996
0,0.10547009828303797
1,0.181115215615542
1,0.21428178576954174
0,0.15581749750637347
0,0.09808426240525621
0,0.30622376371383914
0,0.17430160790700577
1,0.7700491504863239
0,0.1969937227426509
0,0.18436455858691653
1,0.9863981876210883
0,0.7501755629372872
1,0.6582829124610453
1,0.3587525269121701
1,0.8922330681658598
0,0.06889651684432431
1,0.21315475621469557
0,0.09890010723808094
1,0.934964289015155
0,0.10359409919692789
0,0.10664890791677936
0,0.1522270434207412
1,0.16959464921311654
0,0.2134851092394712
0,0.7169609984895332
0,0.10329687722523874
0,0.6457478973488867
0,0.616526629790779
0,0.0805044592581715
0,0.18251335837666008
0,0.07253290605680728
1,0.21576296463047556
0,0.09533213413509956
0,0.33435440826160273
0,0.07211030608461758
0,0.19556192650028306
0,0.0957797705305794
1,0.23082716143200777
0,0.2650767788618389
1,0.10547009828303797
0,0.17341796432927425
0,0.13541493909389096
0,0.09655009521742648
1,0.6763583290831395
0,0.10047991684241518
0,0.10704986125765432
1,0.6265374338743618
0,0.0947708015830678
0,0.13920132536172883
1,0.10323676242389235
0,0.11579082802319657
0,0.17726657090718462
1,0.6515888916681987
1,0.7033642564346662
0,0.07359646119482799
0,0.0963519191497123
0,0.6767228196925006
1,0.8172261591818105
0,0.15350478925837732
1,0.2674439568550511
0,0.3072902664739921
1,0.8225916872118582
0,0.07822096432470206
0,0.09591424689769278
0,0.10213743769025525
0,0.1413577133852982
0,0.05101167406448096
0,0.11452370781297941
1,0.17370457578130763
0,0.20374661363454713
1,0.30038584683937675
1,0.8698514126350426
1,0.8099780300099498
1,0.8026096260338356
0,0.09345600954689402
0,0.09279640976627555
0,0.1018326310842227
1,0.8750474079465054
1,0.820914126794473
0,0.19269175227508561
1,0.12921597075602773
1,0.13572364226652858
1,0.8590383496184671
0,0.1374746630162256
0,0.13234987725618017
0,0.10228504917259777
0,0.13446505096779168
1,0.8616834386965411
1,0.8594496355025554
0,0.11962812458498011
0,0.4664902142350509
0,0.10096037768995494
0,0.06395762262512618
0,0.13163380105076602
1,0.6310052620261817
0,0.12122083553784671
0,0.0968558866167065
1,0.15414873387841008
0,0.273402732127109
1,0.42317343723485473
0,0.07855901292240598
0,0.18252593554122593
0,0.10053994655329036
0,0.0983704899616999
0,0.09068087324100498
0,0.10858076888854157
1,0.2099476954626331
1,0.895265248439628
0,0.18348859000652026
1,0.9196493977248331
0,0.10245866081521034
0,0.1568837214366173
0,0.10240452460367817
0,0.10555197087915066
0,0.12470965113319227
0,0.10478435859856775
0,0.059168773258081044
0,0.08917441196251712
1,0.9182300202897796
0,0.14456909838919435
1,0.7248736000483706
0,0.16370769308081096
0,0.18841379923390963
0,0.09365883419960629
1,0.9220944682777904
1,0.7790054297701902
0,0.17651203122486162
0,0.2641944159175352
0,0.08519081282535511
1,0.843909838049452
0,0.10872852860135643
0,0.08933721139809771
0,0.09286594008685735
0,0.45337432659641885
1,0.0915322300041022
0,0.15839315620452274
0,0.9969183801528093
0,0.16399286917000286
0,0.26513625600136387
0,0.08524846698473552
1,0.9072126769566761
0,0.1062187662855714
1,0.4409811904283112
1,0.6647127273211927
0,0.08737423570057626
0,0.08633134109098003
1,0.8663549691707328
1,0.4433033636996781
0,0.11698633262649635
0,0.07195725931994361
0,0.21228353221744703
0,0.1270895073226748
0,0.1423003353661983
1,0.9733952405522507
0,0.18016388067823355
0,0.12290678336144797
0,0.12159454790990515
1,0.6296948799985236
0,0.25733996826354955
0,0.09340392306973702
1,0.7473299093756924
0,0.08826453775349076
0,0.10665287428368088
1,0.6957958155350101
0,0.11439434522229948
1,0.6509238329021405
0,0.10359007385664881
0,0.08287619988371947
0,0.1999015845061041
1,0.7289073790126083
0,0.055785165718696246
0,0.1580894825441014
0,0.0994871516982035
0,0.1709419177344612
1,0.7066996210629322
0,0.11199241438708456
1,0.1837976463895809
0,0.25528812607718915
0,0.4754336476297068
0,0.070136335002541
0,0.33805026623021334
0,0.15648597038534406
0,0.14954571444811945
0,0.08325484147898958
0,0.2686102722809717
1,0.8674945313629425
1,0.7417815526792463
0,0.1249851775622618
0,0.1308794659758113
0,0.116224956345338
1,0.1692908218936222
1,0.7941934448735991
0,0.08662143296750875
0,0.6901314384993327
0,0.06869882900162515
1,0.19905188195690138
1,0.768141668885477
0,0.16221935764066361
1,0.4290977549018556
0,0.07616245940193736
1,0.6982988789278675
0,0.08117541378560196
0,0.07380324577362585
0,0.08939522013876049
0,0.6958909549014473
1,0.1073095695120411
0,0.5731225416595292
1,0.5391883255427627
0,0.1912434417203009
0,0.3619754054106458
0,0.1351776574603483
1,0.6286331930649032
0,0.1295838233486182
0,0.5058502262731818
1,0.16339916113105843
0,0.1690226527471197
0,0.0864066066655827
1,0.9511970532568126
0,0.2020479969498217
0,0.1718130246937575
0,0.3334451742328311
0,0.05779653954306965
0,0.28770780538625423
0,0.11426601715428746
0,0.09884017792917232
1,0.1942250201311198
1,0.24101831370917176
0,0.4511264676624738
1,0.923149114536623
0,0.1917736504045519
0,0.12380312809043895
0,0.1253197330486658
0,0.14787413446385497
1,0.5976251352169927
0,0.1228639380481132
0,0.1380521257451325
0,0.09652085708700948
0,0.15751831705584435
1,0.9511970532568126
0,0.06869882900162515
0,0.13772446500979732
0,0.06569040777733429
0,0.13001276128538222
0,0.05507508146628008
0,0.7426967672441352
0,0.12466140627533966
1,0.8174020155849864
0,0.06991028391547001
0,0.11846004980607706
0,0.07272345958663513
0,0.1699731748399
0,0.3392598493162252
0,0.16352935318109096
0,0.46215560909925596
0,0.0961535019396937
1,0.7717566600364834
0,0.1599559322696137
1,0.2765363693439524
1,0.2416650634251999
1,0.2173473768849042
0,0.09716850646464388
0,0.13382849662872595
0,0.09205458848746394
0,0.11618264141541543
0,0.010718557535864728
0,0.15226540702504598
1,0.6289373406468337
0,0.11273052258855339
1,0.12338274266308685
0,0.08360422500426243
0,0.0732015880785734
0,0.10834117919589305
0,0.09289825274042539
0,0.13600512891545993
1,0.8406692376855951
0,0.14262250482992356
0,0.10598857433668718
1,0.890836384524584
1,0.8322949774214822
1,0.750837899172124
0,0.11326453800114157
0,0.3778360419241257
1,0.9315040110798405
1,0.7248736000483706
0,0.08144883523476232
1,0.6504735057106519
0,0.11406135560351177
1,0.920400915155954
0,0.14448052707382325
0,0.12505665465767038
0,0.6136353939526193
0,0.13083891060287406
1,0.09802342313922341
0,0.1845966064563258
0,0.07585515061478956
0,0.08130650514373523
1,0.7472372399859625
1,0.38758626069737956
1,0.5666248646654076
0,0.08799123302499387
1,0.4255665624264309
0,0.09737421907054129
1,0.1920694596441138
0,0.09761980821746133
0,0.13378722661150277
0,0.0733525169697876
0,0.10993360945303854
0,0.13621047282496557
0,0.12650088065756368
1,0.7760666125636018
0,0.15226540702504598
0,0.05874818176787148
0,0.09975796283439543
0,0.09606900400828128
1,0.9217218310726812
0,0.12551778262423902
0,0.09573738282499157
0,0.1838531929870824
0,0.1286092020134699
0,0.33208938319935927
0,0.11474608606112308
0,0.0558940122382024
0,0.7926288724842159
0,0.10142383893484799
1,0.9618347930633578
0,0.13318686207096675
0,0.17745699943953142
1,0.9177490362191889
1,0.5795364388347097
1,0.7256538461126735
1,0.2809468872924326
1,0.4749601444873227
0,0.13488256038451088
0,0.1281492698128008
0,0.06330035182709591
0,0.14510558025227016
1,0.19275131511077212
1,0.1888764748795942
0,0.10430845030684209
0,0.05836031931815817
0,0.1007736074533728
1,0.9420758158277182
0,0.10759880912078622
1,0.9742339796125195
1,0.1997728534729505
0,0.08450520592509038
1,0.7215026411404456
0,0.13848167818009263
0,0.1482286538089593
1,0.7941867936626482
0,0.10632819158867758
0,0.6127083747954114
1,0.7308756906291803
0,0.12538790526465848
0,0.5825599154670157
0,0.16183140828738443
1,0.46215560909925596
0,0.3043387686696792
0,0.14027426537472626
0,0.1445526798258522
0,0.110993974874135
0,0.8716067106290157
0,0.40168691955651736
1,0.4325805275811577
0,0.1584114028925956
0,0.11416028254999817
0,0.08519081282535511
0,0.10588111428927881
0,0.5138209565391109
0,0.35134194989949297
0,0.17296971885248474
0,0.08623283583372357
0,0.20578956637840842
1,0.4512560437519042
1,0.4474365060407703
0,0.09033143203529255
1,0.7347965722317179
0,0.050652879403087894
1,0.6683861423644809
0,0.09419002495609073
1,0.2679115611765408
1,0.649760948002955
0,0.09240888420456116
0,0.17693243497762598
1,0.2694022298654218
1,0.21607365298111408
1,0.7723524019598755
0,0.110993974874135
0,0.09515240963409873
0,0.17275509288252164
1,0.7834205848655706
0,0.17740263305328788
1,0.7791461237344728
0,0.12895164839525777
1,0.7695152725383463
1,0.26556326004582115
1,0.953067099881614
0,0.17396615768788545
1,0.9217218310726812
1,0.22945972496691525
1,0.09266331152705717
0,0.1056283738099593
0,0.1784764706087594
1,0.41928314351767915
0,0.09250967067110366
0,0.5279169751122474
1,0.9208656715043098
1,0.13831049678666169
0,0.1148628858032127
0,0.06869882900162515
0,0.2214419398130287
1,0.5995668458612128
1,0.8517151284138926
1,0.7669340823245444
0,0.1161837580619194
0,0.06974836029409696
1,0.7812528351142317
0,0.07984174042063867
1,0.8125724375286586
0,0.0791638356644355
0,0.06869882900162515
0,0.10298679978240671
0,0.29404508313073857
0,0.17697791185872874
0,0.22190869822471523
0,0.1191609458415295
1,0.13392569399658705
0,0.2920019023844213
0,0.1421900231590318
0,0.11886393369867217
0,0.10568539319131996
0,0.23072949968925555
1,0.19234265456781477
0,0.110993974874135
1,0.2310420848590535
0,0.09886346009401065
0,0.11529161808363166
0,0.06869882900162515
0,0.11675704367212503
1,0.12411531713147193
1,0.6958909549014473
0,0.10481177661689442
1,0.9034660862445704
1,0.8469088659929266
0,0.09576745850551444
1,0.7277156456451315
0,0.6605991189213298
0,0.7213228076901332
1,0.15298115399000983
0,0.08058769688042035
0,0.12811439069998315
0,0.7258639953113728
0,0.1331670805360759
0,0.23994475879266078
0,0.6945902606012959
0,0.6403998127842634
0,0.08025455675247938
0,0.17025225662007373
0,0.05257662675526339
1,0.08904800840707569
1,0.8125425608912145
0,0.06888809661750069
0,0.09416084810588504
0,0.4615365604426524
0,0.16147899721823628
0,0.110993974874135
0,0.18587664662353867
1,0.6322959420278225
1,0.11962812458498011
0,0.09626141270184867
0,0.07850538370583823
0,0.07193067740047956
0,0.10834117919589305
1,0.6943511572082521
0,0.12067232342185044
0,0.10583005226694332
1,0.07568981155863438
0,0.09029850173481141
0,0.12254178697370997
0,0.14580261633947783
0,0.20940817932752312
0,0.17629887836202981
0,0.12786855152961746
1,0.10147526203322238
1,0.6875891749791486
0,0.677945119330984
1,0.7377022555465097
0,0.2204329416140231
0,0.2417024354144118
0,0.11445528593615859
0,0.058809134496991565
1,0.4198561733665515
1,0.8643167485699988
0,0.09546498593577105
0,0.11878106454409286
1,0.06496757893300859
1,0.8226592415546343
0,0.10115920962416235
0,0.0928386936303754
1,0.896469038643171
0,0.08588542207270573
0,0.13624626446747853
0,0.24635911106013364
0,0.4026732039983583
1,0.44583060449658096
0,0.09018025010410566
0,0.15002630144508736
0,0.6264110933303427
0,0.07445976313636726
0,0.09884017792917232
0,0.13472998333226754
1,0.1453053618205077
1,0.7493144841911935
0,0.07165564551098305
1,0.63765392445328
0,0.09414416640333644
0,0.10073331492204929
0,0.08244881576808456
1,0.7475490787776435
0,0.09172011151657854
0,0.07874308132027652
0,0.1463679692428912
0,0.16936931746759848
0,0.11141144217519877
1,0.5295952173635827
0,0.10834117919589305
1,0.3049975945544786
0,0.14208164560503816
1,0.8063793404413376
1,0.5361658176981449
1,0.21124193200982264
0,0.1594716096479553
0,0.08595522604969885
0,0.12353449535548637
0,0.125878444755276
0,0.09759994883933963
0,0.09668420496528814
0,0.09839637101007576
0,0.22713454689179446
1,0.07616986610150474
0,0.06033517560098968
0,0.12163093988948365
0,0.14258275101983992
0,0.14270904629484576
1,0.6957958155350101
1,0.8031209322419678
0,0.10136087670013383
0,0.09553378649263287
1,0.6919757896072081
0,0.20969926442651718
0,0.10388505421335666
0,0.13202768687008984
0,0.13323060307076554
0,0.194680566470327
0,0.12625804493884576
0,0.7925944036512261
1,0.5868659459865526
1,0.8857036927056481
0,0.20068786820482906
0,0.1746726959172305
1,0.7065199001212585
0,0.07215847284491315
0,0.07753941676859724
0,0.13781797372205293
0,0.09018025010410566
1,0.24873399728021772
0,0.12817397953908793
0,0.12879813506226195
0,0.470250198812502
1,0.33324360961556215
0,0.10693453889180207
0,0.742842714653887
1,0.7339757747910838
0,0.08091881277772237
0,0.08928451619959756
0,0.10482650127203563
0,0.1240582405773557
0,0.08414092888391721
0,0.08224464294782037
0,0.17046771387213672
0,0.36120819142919314
1,0.10127256169412717
0,0.10612856259849814
0,0.08365685036657558
0,0.8644551464183553
1,0.9225763944669808
0,0.06634608309035929
0,0.1356760548605108
1,0.12471818352637287
0,0.1063565213033978
1,0.5981707199755312
1,0.3278353520858437
0,0.13523912236733554
0,0.10722071336992604
1,0.8172261591818105
0,0.10599951686059535
0,0.10547009828303797
1,0.2915213205590113
1,0.1352178726280112
0,0.22107077791711455
0,0.07995671991388884
1,0.5627940809752667
1,0.18300647989422145
0,0.09203634590200642
0,0.09566181736814267
0,0.09431589115470218
0,0.08018840178396255
0,0.13449703454089096
0,0.12527845534624155
0,0.12473973710532636
1,0.6667594350363443
0,0.10547009828303797
1,0.09918846994688259
0,0.6951575857282164
1,0.430729303605794
0,0.5294308911583971
0,0.12625804493884576
0,0.16708857328273402
0,0.06250264162013651
1,0.3105295108149281
0,0.15251676088665636
0,0.6210108979378643
0,0.1601579781151392
0,0.29181109699562907
0,0.6316093880351732
0,0.12861883177416578
1,0.694364308910305
0,0.07158104681902162
0,0.11091972608752164
0,0.12976216477472963
1,0.9760062573937659
1,0.2983061479187517
0,0.08352300107467407
1,0.6166801184078865
0,0.0750266716428422
1,0.46338437224284273
0,0.178679559997629
0,0.08073712058549506
0,0.1227323700830767
0,0.11795356857453276
0,0.08057239343176527
1,0.9694454108329194
0,0.2604736307262274
0,0.05836031931815817
1,0.421157330533773
1,0.9183061336652996
0,0.10507405210840302
0,0.09172011151657854
0,0.09657401908502716
1,0.9577446148882564
0,0.1550339471180407
1,0.7429577052079359
0,0.06619270422681399
1,0.14012873924388866
1,0.25192235470526436
0,0.05833222204356007
0,0.08272806922745111
1,0.5628185086355378
0,0.09903201423309588
0,0.1045852491649255
1,0.7641820353278004
0,0.20967719620634978
1,0.043800478536034075
0,0.09814292646652219
0,0.1418603966052895
0,0.16889111922096348
1,0.7049058666871925
0,0.09520650687147456
0,0.08662143296750875
0,0.12353393876867663
0,0.13194685674194026
0,0.1507971279979718
0,0.13721292978061966
1,0.9147006782025444
0,0.11540075622341836
0,0.12471818352637287
1,0.8918578551312462
0,0.15989462112861344
0,0.1100142568241471
0,0.38538577384100087
0,0.07981441322532609
0,0.08930573457435137
0,0.2582134725080848
0,0.23036143649826266
0,0.2676876282771372
0,0.08392427953497919
0,0.2386332979824038
0,0.13960547641523458
0,0.2546453330138535
0,0.14547110212806963
1,0.6263956336001906
1,0.45336653712476493
0,0.1316380691579574
1,0.15597845564337148
0,0.08627736410487619
0,0.06319930426796938
1,0.4659159411754904
1,0.9511970532568126
0,0.18591768338850181
0,0.13265464153623108
0,0.0868901170071596
1,0.2894559083815227
0,0.07823393103070851
0,0.08198361047465717
0,0.13028437846167176
0,0.10700650520016815
0,0.13184719009940846
0,0.10982218934112876
0,0.10170474278224127
0,0.788002868854371
1,0.6397570852599981
0,0.3263959861880833
1,0.7720261092383253
1,0.16959464921311654
0,0.07895789347661064
1,0.9748408678875354
1,0.6915811030581125
0,0.15160181964077749
1,0.15166933971221364
0,0.11819985769253331
1,0.20151502630072374
1,0.37347444059857315
0,0.12340503028655006
0,0.13342854531456305
1,0.7138483187970845
1,0.2575051873242114
1,0.7992953279538115
0,0.24458193060048644
0,0.09537610086639578
0,0.13116487939968777
0,0.07348455435719713
0,0.05624986287302078
0,0.09289825274042539
0,0.09068619601148344
1,0.974159215546724
0,0.13124288145372495
0,0.11204542082890362
0,0.10905817517775926
0,0.20926945465656713
0,0.7751628081761256
1,0.9472536993509789
0,0.07406502992951915
0,0.06869882900162515
0,0.10314390106817044
1,0.39481289604369946
0,0.09047652452853687
0,0.07649116820534954
0,0.08112275555462493
0,0.2815969144946455
1,0.379811103366978
0,0.2336479796638173
1,0.2992502654676423
0,0.08796977119675314
0,0.11725144127881756
0,0.13003210486315794
0,0.04084986324832139
0,0.09289825274042539
0,0.1345387705600975
1,0.9618347930633578
0,0.07549843886551542
0,0.07211030608461758
0,0.07949466017461843
0,0.08157767236050914
0,0.24968175193365724
0,0.22919077072631938
0,0.09582589118695517
1,0.7939819182921212
0,0.14734889829318717
1,0.5087598584279924
0,0.15326638509388152
0,0.06507115685640705
0,0.07779924072263061
0,0.09261819618283655
0,0.07299865716901958
0,0.10956058362279945
0,0.2584077330851798
1,0.48294355575506376
0,0.08791857530231256
1,0.6175599052708386
0,0.09030530259521746
0,0.10555933675072197
0,0.12334434542210015
0,0.2514489120527441
0,0.08204185166815364
0,0.22460687810398072
0,0.4576576824443929
0,0.74255936007967
0,0.09289825274042539
1,0.4318825946730332
0,0.09812440388853506
0,0.399168537928087
0,0.07162056813469653
0,0.08242934817108862
0,0.10938992777789983
0,0.06833555709673275
1,0.6447046883211245
0,0.09315077591954911
0,0.6954809311176451
0,0.8111481769534993
0,0.0802661676279946
0,0.24705754381761008
1,0.8400045448647941
1,0.46097232509638625
1,0.16738158727468228
0,0.07559253514128692
0,0.0787225403565285
0,0.13856364399587356
0,0.08404290467812194
0,0.08371313291796384
0,0.10663036208065496
0,0.07524393171033453
0,0.08737587253281609
0,0.4463440147595307
0,0.09003973784440536
0,0.34615461267717923
0,0.09486086193331027
1,0.6710537452487849
0,0.07495565213785096
0,0.1206281800500605
0,0.15047717072898376
0,0.12471818352637287
0,0.1333221115393163
0,0.08590473304624428
0,0.48196828821428234
0,0.08860301000530817
0,0.13211659608219217
0,0.102864560381689
1,0.20186512938152812
0,0.23167405283301376
0,0.6226448182239206
0,0.17444868215074458
0,0.07833988138067913
0,0.1374714081633542
1,0.8170718957739628
1,0.9289006462791861
0,0.10323676242389235
0,0.17307682784175188
0,0.4089589751683238
0,0.08112275555462493
1,0.768601750563339
0,0.11330493739305444
0,0.4975334390416343
0,0.10323676242389235
0,0.0638711457632748
0,0.09605731685133392
1,0.8812586163943148
0,0.21577864157303053
1,0.24928319939398041
0,0.10053994655329036
1,0.6212990154871137
0,0.10872852860135643
0,0.15705592720891098
0,0.056621281006701746
0,0.6103157742676093
1,0.781045405203152
0,0.07185884018521617
0,0.14426670037523914
0,0.1173923935087228
0,0.5833744525311487
0,0.1415609131442864
1,0.5281358256526604
0,0.11673895386982767
1,0.12625804493884576
0,0.4891233840222231
1,0.4539595357523956
0,0.09356714160737091
0,0.2737674884429847
0,0.09227790080582686
0,0.07980960079871208
0,0.07754314212802695
0,0.09548214550150728
0,0.12086252805194467
0,0.09722351317530922
1,0.38553900760969034
0,0.12102387826621484
0,0.10343286582509265
0,0.12426944488388367
0,0.13810538498945218
0,0.1094179713631432
0,0.07728671338390548
0,0.46198387551724457
1,0.07636750401508224
0,0.11652199458092614
0,0.6244491884425495
0,0.5738753827336087
0,0.4701214624532271
0,0.11477659457450702
0,0.11022658312097576
0,0.08943708955934423
0,0.06235477736965157
0,0.06869882900162515
1,0.21446241887406114
0,0.13125542101180526
0,0.4229926576205394
0,0.10593274529320751
0,0.13547782057345306
0,0.06192671905442653
0,0.08555767334723614
0,0.11224581290018329
0,0.0905213983458462
0,0.09839637101007576
0,0.10323676242389235
0,0.11276301664097609
0,0.13809377148279534
0,0.13093968969399816
1,0.9191740335041915
0,0.10224787237325819
0,0.10007045257806024
0,0.21756935532976446
1,0.5428127836446042
0,0.04437343032105775
1,0.6579320976163444
1,0.5918343450200051
0,0.1837761033436854
1,0.16155066692973
0,0.185538915593924
1,0.5991703740095596
0,0.08922112209049002
0,0.0888169099758709
1,0.23637856525667703
0,0.14370985225257335
0,0.1749087016318209
0,0.06565151885776477
0,0.09218708121708409
0,0.12943270619226502
0,0.0751903586274193
0,0.10650824294938648
0,0.09550577215044925
0,0.24056462483176871
0,0.11141986696388952
0,0.07753941676859724
1,0.48765163450709015
0,0.13873280473925392
1,0.7683965961224029
0,0.13626244629978795
0,0.6598491125780006
0,0.11452370781297941
1,0.9470561977271462
0,0.903163402237809
1,0.15681740916424713
0,0.14480338000840096
0,0.06893401306192828
0,0.19248263673387084
0,0.08000073875595991
0,0.16169783430245824
0,0.11803711766335706
1,0.14449781931470093
0,0.051992774667334936
0,0.0859074248405942
0,0.21129274201151774
0,0.08075643565723464
0,0.2434568596093849
0,0.23499401361768035
0,0.09786612081382819
0,0.11097354866108033
0,0.10394483711914589
0,0.13436916359318254
1,0.1976606415408017
1,0.15808100837947353
