target,prediction
0,0.15418588447932546
0,0.010097697650065263
0,0.08147367632760538
0,0.243301286904061
1,0.4217816344799736
0,0.16377613429654556
1,0.7910766479576431
0,0.0007612310266132807
0,0.1947186118685823
0,0.022901819579354457
0,0.01061169015389279
0,0.0024099528102921523
1,0.16298287170926287
0,0.3577798858317071
1,0.9067790143969675
0,0.04706416204711222
0,0.012277077739712969
1,0.14034105988140003
0,0.012308635927136168
0,0.06665340146141241
0,0.15592334353191295
0,0.2222002115157321
0,0.06228143333840773
1,0.7482786130821768
0,0.008173557996937371
0,0.25690745490102085
0,0.02035818538893201
0,0.013737071239223169
0,0.008439968176434326
1,0.937348682884038
1,0.20392407498997306
1,0.8966195001685857
0,0.033500404876867666
0,0.06460382162058187
0,0.01355089088406789
1,0.9306264566003809
0,0.03396175629181218
0,0.015160966943170325
0,0.03622979689108525
1,0.9424377202857316
1,0.8091760584881211
1,0.965711720812424
1,0.3983606207607418
0,0.046006125787763905
0,0.022038828874611536
0,0.004044445076417075
0,0.05407691007299098
0,0.10357950676296417
0,0.15042005361960276
0,0.2515352806229558
0,0.09996133925934807
0,0.2329735527582494
0,0.05415207812090858
0,0.014957217038653279
1,0.905140528603042
0,0.006834703953290485
0,0.3037086761817671
0,0.5000125566062434
0,0.8671637685036668
0,0.0022489141129622163
0,0.013130027945788903
0,0.03195098901269973
1,0.9859406586357891
0,0.016923808976342755
1,0.9328623571222552
0,0.4615382564524757
1,0.9575288417190843
0,0.35974578872728524
0,0.01266750674682099
0,0.44033290006250764
1,0.6866339341521449
0,0.01816365540940253
0,0.017014821607709077
1,0.5415982169461362
0,0.03542915486487087
0,0.14311560866485995
0,0.0020924858081171876
0,0.013259835382724036
0,0.006143985834889622
0,0.025184487432270565
0,0.1535867212585842
0,0.15398644342596166
0,0.02987659252990838
0,0.043374681702203
0,0.03393804632329646
1,0.9407343806260335
0,0.005233913986824127
0,0.594104412163208
0,0.027211072757548502
1,0.4987328613158939
1,0.9640227554631018
0,0.16676117013587938
0,0.046932812493235644
0,0.030803734717621805
1,0.8317836796234249
1,0.4056194813015937
1,0.44184384489248835
1,0.9077684603482765
0,0.4121712890834132
0,0.02392153105816007
0,0.004530249015684547
1,0.9036576193679577
0,0.07304539063587062
0,0.009375643762767581
0,0.5927869351390709
0,0.7181377864108905
0,0.021397529963782618
0,0.833084424109888
1,0.7505496588679745
1,0.328568463487739
0,0.030702507811852037
0,0.038133705896166326
1,0.9335167478097303
1,0.06252386668213045
1,0.7306499989917012
0,0.013913085457219311
0,0.016190134838194606
1,0.007553764781567318
0,0.02644385043735933
1,0.48625986412943106
0,0.47429848362113247
0,0.11411761890029652
0,0.023887509727732913
0,0.007836215803340131
0,0.2850903877927683
0,0.2091532821621359
0,0.1276517453058243
0,0.0065759212466365655
0,0.004915900331400075
0,0.14582014198693696
0,0.019762513909185448
1,0.17280781693700484
0,0.018691824042895704
1,0.9884667488333886
1,0.8449529786087502
0,0.22223555253784477
0,0.007495417718438226
0,0.025926039225450014
0,0.0035888719013557743
0,0.0957220653319995
0,0.03153440176002873
0,0.09190131243621692
0,0.025024671656437587
0,0.0184900800963642
0,0.003346411997038756
0,0.10428837582894458
1,0.7153273901306513
0,0.71836735920612
1,0.290553760256716
1,0.9466148908620878
0,0.03900541333318083
0,0.08383235766696202
0,0.12592559938469514
0,0.0015801256834872596
0,0.02481081841929039
0,0.019911803597801772
0,0.0182804366079557
0,0.01516750017126174
0,0.01748192000450311
0,0.06509577867422568
1,0.931364679473555
0,0.5627037894929812
1,0.7339592401053572
0,0.12860088610382997
0,0.0017391706635303073
1,0.49613060733965675
0,0.04268800130219654
0,0.012514878613499076
0,0.03131315899459174
0,0.00137292303675329
0,0.003205673301418807
0,0.15485875089260803
0,0.04475608396397378
1,0.4575016856813197
0,0.4167196149184043
0,0.02160326947751334
1,0.9174804823727484
0,0.0005931166697977058
1,0.4272780250233615
0,0.004884957134532907
0,0.014715441444439138
0,0.003324758587310756
0,0.05877808966575539
1,0.834907868581647
1,0.9827465386630897
0,0.03217671254260563
0,0.0073564734235258035
0,0.00166829594616737
0,0.060056543711847384
0,0.10287374401708346
0,0.005354497626548182
0,0.0014465622429867795
0,0.22288576728233175
0,0.0024037043009344783
1,0.8268889121707828
0,0.0022233438072417865
1,0.9647939142646103
0,0.0030258069566368446
0,0.003041301473920552
1,0.49460769306802965
0,0.02830450638502135
1,0.9658794222165673
0,0.0006946629122393136
1,0.9424728305971203
0,0.040147462641976835
0,0.038999760260311
0,0.028321046119541667
1,0.9198907365594585
1,0.9393415966456338
0,0.004955973605212973
0,0.024555575758135162
1,0.45380756551033635
0,0.03770377247046715
0,0.1481923274124276
0,0.01823385197436291
0,0.012807534375002804
0,0.04796398829198414
1,0.16440187006859497
0,0.046256986438703636
1,0.5381206156395338
0,0.40471787561999095
1,0.711637942707017
0,0.007239370918930915
0,0.03522870461059448
0,0.4284676135059411
0,0.052661169316406194
0,0.02474377367836483
0,0.011094314854880662
0,0.008585746152274774
0,0.2429009996400692
0,0.22916110485213098
0,0.07102452074848273
0,0.37064165821310013
0,0.07114909967423724
1,0.945099510182673
0,0.014225259297907595
1,0.9764177919967135
0,0.3606307656886177
0,0.015163934181898818
0,0.00823748429081847
0,0.005438331534560379
1,0.24668606986744698
1,0.9281128556504787
1,0.8989957139344319
0,0.013801369089446212
0,0.3142363864476881
0,0.0041928002989344085
0,0.013370925898688506
0,0.027200957492659463
0,0.010429743074546357
0,0.012702508629658955
0,0.010973664815210334
1,0.8128393377233794
0,0.0049212364926209855
0,0.010364878963724561
0,0.028251101552697142
0,0.0037697844802609968
0,0.13844430930927318
0,0.023287443262274533
0,0.04114974268883449
0,0.05208735003927334
1,0.9582285288966962
0,0.0042511700971723364
0,0.13168179479253822
0,0.4177508160468219
0,0.12155344917033535
0,0.16389763122517945
0,0.008954416885100446
0,0.014241923308018514
0,0.005124488953258038
1,0.5108927609549142
0,0.002209803792734319
1,0.9612887522595154
1,0.9297359589329209
1,0.45499993959689833
1,0.15483532905688135
0,0.04576573200446806
0,0.0037929179624121754
0,0.019239231653199296
0,0.017357471141720638
0,0.0010834879639509752
0,0.009321197213135873
1,0.9936931317643857
1,0.9586204227713692
0,0.0078030520216695294
0,0.6122012175766635
0,0.11746710890421133
1,0.9446311756587257
0,0.02734362832608015
1,0.3232260529493318
0,0.013068500992367857
1,0.9768406118103278
0,0.001989109012236364
1,0.97872970416679
0,0.13277995295756637
1,0.5875026519388946
0,0.09754622569033905
0,0.08953082680684267
0,0.0019361954441544005
1,0.9606437140028411
0,0.124938969537608
1,0.16578243611003043
0,0.00801628965350481
0,0.017103014185271517
0,0.229094402577478
0,0.009856165535530832
0,0.0032201428178832646
1,0.9226347015033309
1,0.6070799121779886
0,0.33902298543097065
0,0.034826050473918554
0,0.028324080355591537
1,0.9863069378906582
0,0.014389556612872808
0,0.11132631492113579
1,0.4406498599584458
0,0.012317693280431941
0,0.024815056117131935
1,0.9906222916651533
0,0.13474746931957612
0,0.0005269098592310846
1,0.9803498014865765
1,0.9679827377194327
0,0.004112590864335435
1,0.8630481749372837
0,0.06069389832312169
0,0.0038093499171963333
0,0.7322207580260435
1,0.931060053912591
0,0.018030089860321043
0,0.07268034202142785
0,0.01433708181805919
0,0.38166594530339976
0,0.0027005668574784517
1,0.9136203647554999
1,0.9962002314954262
0,0.15649372067422712
1,0.5356996313881714
0,0.0064654213042801756
1,0.48382703610689526
0,0.04639454080550446
0,0.003444511598232653
1,0.8935916850432146
1,0.7467551519384932
0,0.009278129720798724
0,0.6844803403576353
0,0.17673981497481492
0,0.021410039398936945
0,0.34721552166603714
1,0.88458826555424
0,0.019617985085096885
1,0.8289202297279369
0,0.14435918770235776
0,0.025407482122557577
0,0.044123900905957164
0,0.03574570091120025
1,0.22904510518408014
1,0.7123055602753559
0,0.018014947828891813
1,0.8012130558461416
0,0.008840467970163848
1,0.6900377127917575
1,0.2442575387960197
0,0.30874108245847104
0,0.0039457360331051775
0,0.003968169385827522
0,0.004978032114874195
0,0.00850336997824901
0,0.006307094324003347
0,0.017032915704610466
0,0.28377036467545924
1,0.9873445000255879
0,0.01027771432212808
0,0.007777746005657676
0,0.4083604281182277
0,0.017408629447373605
0,0.01702564527359147
0,0.012510034105649917
0,0.8007485381656035
0,0.49561937759881647
1,0.9577814105006308
1,0.9695329669588125
0,0.02701834806472466
0,0.1708043952525556
0,0.2912445357845385
0,0.030506451206884076
0,0.009099813793975222
0,0.0930657408865093
1,0.8044959318519959
1,0.8968802979073776
0,0.14830587685948185
1,0.05329459963450584
1,0.9361498556072184
0,0.38248504104319553
0,0.2714417570982309
0,0.02059156161007848
0,0.020078055134394444
0,0.024839967666126884
0,0.010691294037967829
1,0.5391887064880942
1,0.7191198077782839
0,0.11538583576351157
0,0.012614270585756841
0,0.02736611196305455
1,0.8853504763376733
1,0.9674910536590113
0,0.05418997626138603
0,0.24941740334837645
1,0.8613873049738703
0,0.006629263068976593
0,0.00404657809558916
0,0.010524179069807764
0,0.12138032109047908
0,0.0011166829799010498
0,0.0033142786024864695
1,0.8441701698877382
0,0.7318007612982508
0,0.1972537549471736
1,0.985769073100221
0,0.056603782659422036
0,0.23411316865849177
0,0.013659122459363368
0,0.4367538158576379
0,0.010244835607712012
1,0.8388859543023435
0,0.03021962450699534
1,0.8771235353343609
0,0.08719308203541876
0,0.04501966467972046
0,0.03980224029636656
0,0.020556928285343133
0,0.0030299003899935534
0,0.0484130667492355
1,0.9504952033396548
0,0.01948064264983259
0,0.04802911663135183
0,0.005779403132392803
0,0.13081435955219983
1,0.6775214148254357
1,0.6723676162118263
0,0.03559353047010806
1,0.9118047569427896
1,0.8449383108169121
0,0.021860494395126984
1,0.9323016237584886
0,0.2314522792469566
0,0.22996029439680954
0,0.9560835635991181
0,0.015919986688647643
0,0.0005105038371044553
0,0.007181842124826698
0,0.003428770937101084
0,0.025635780095522958
1,0.9832390859106255
0,0.0015442225863541432
0,0.043854903268007436
1,0.15283937038002937
1,0.8927857941749633
1,0.5806272048369038
0,0.21875806036274018
1,0.4674715572386494
0,0.008981546527653754
1,0.9812459558186941
0,0.03427231064503743
1,0.8537248549110833
0,0.029708238271970135
0,0.03359235298681861
0,0.045349504007092555
0,0.011765725732634706
0,0.05150071202807673
0,0.0031268230577663706
0,0.08023985862780267
0,0.010562467154732958
0,0.033157609984035545
0,0.17396633937751005
1,0.9769461027978776
0,0.009546563902623486
1,0.7942352227466029
1,0.9279385684097946
0,0.020123694102128668
0,0.012324689897705994
0,0.026146483313672964
0,0.01368934247149649
0,0.016749234057900478
0,0.01725531925321811
0,0.03031419759966
0,0.04681516398031808
0,0.01695517128240567
0,0.029136027305221836
0,0.019922846973749464
1,0.9299861743105854
1,0.052854272704237
0,0.03222483482817552
0,0.063361900403028
0,0.02505959449001577
1,0.7836851290778905
0,0.05143135172112119
0,0.000994697712305917
0,0.13333877166116043
0,0.0682409881140022
0,0.0030476289380432734
0,0.045242602852267805
1,0.346581457071484
0,0.005933798840265418
1,0.9780107275475605
0,0.00025932271422464826
0,0.0015375156484985302
1,0.49093521146573066
1,0.21442775511402318
1,0.9919922431366655
0,0.39356068815423806
0,0.030307574799875982
1,0.3303204544796026
1,0.6220936374926195
0,0.20386308203401649
0,0.005310180627130259
1,0.9653026423989791
0,0.008268336591779231
1,0.9698940567200203
1,0.8961108385806871
0,0.12215330160739796
0,0.14349945462101799
0,0.0329448647695777
0,0.018595592778969064
1,0.2863830698968171
0,0.011813112843439937
0,0.04002873847099914
0,0.03443131342595396
0,0.05513056363692604
1,0.26846615178686223
1,0.4522861648066545
0,0.0975740231065279
1,0.6963881543275391
0,0.025625199673586792
0,0.09610222876749269
0,0.026699979683847165
0,0.05892807086005321
0,0.4928879948310472
1,0.8185361035237649
0,0.04968231495324639
0,0.07596739098742325
0,0.00405676792797984
1,0.7432201209474147
0,0.028565050730498535
0,0.047527482312173956
0,0.008704180096861247
1,0.8349792249359513
0,0.15711000544308526
0,0.017046810747899908
0,0.09651042145869104
0,0.3679442235484534
0,0.7675814915503008
0,0.04581851438305067
1,0.7991294712719833
1,0.2510451728012292
0,0.022823307413533
0,0.6955560926495431
0,0.042976555894980756
0,0.44224588927948083
0,0.07071236925555749
0,0.006945788616581587
0,0.002754235833395572
0,0.4676284950585502
1,0.03305923175812974
0,0.009809326410196093
0,0.12191663406313208
0,0.03813118397165773
0,0.050079222964318694
0,0.036719805574574355
0,0.42407467225631074
0,0.23746312846492362
0,0.02301628697518056
0,0.7940888895241299
0,0.0052502614564193025
0,0.458334559430303
1,0.8085906563706284
0,0.0369807034201882
0,0.2706131986513984
0,0.19686502648810822
0,0.006020514558841262
0,0.024637648540252823
0,0.006050538892543659
1,0.9022757893137686
1,0.49982298118607527
0,0.009312353101336294
1,0.9645225786276687
0,0.004065588383944842
0,0.06881359942134095
0,0.0028870841423285273
0,0.026693756704501186
0,0.042221334850280824
0,0.011510185528961145
0,0.026067023952110337
0,0.07652670952165261
1,0.9463431084881267
1,0.49780651864067443
0,0.03419335560126624
0,0.06033049198163242
1,0.9736668896704748
0,0.08639682644688573
0,0.05948449108705861
0,0.03724770078868712
1,0.6571585558015154
0,0.04908065286032029
0,0.008598167664521511
0,0.7970329701880923
0,0.015205117616173646
0,0.007225533278244749
0,0.3824204482713116
0,0.0052741378514424946
1,0.6691619482060737
0,0.009344955822616154
1,0.9936687254189116
0,0.9607224278879805
0,0.048844553682625406
0,0.5733362752340468
1,0.8553274367443919
0,0.007230836830491108
1,0.5908891393978228
0,0.042021105413046274
0,0.008678180003342343
0,0.025528535020042653
0,0.10937721823117763
1,0.8908607055568035
0,0.8448149142240675
0,0.0053437419920177795
0,0.38779660727539644
0,0.03989859179920236
1,0.4908058109825135
0,0.02120261599569288
0,0.024437315800814943
1,0.6171717025474364
0,0.02350738174192023
0,0.08751669995957741
1,0.3026000382369549
0,0.02924424731316632
0,0.23947513199801698
0,0.0070284712172178085
0,0.010206697798794373
1,0.5209159180973857
0,0.17255551249912443
0,0.04933599150588411
0,0.7707157084984587
0,0.001584658164774051
0,0.26207856755451564
1,0.5621424637245135
1,0.8565718852994157
0,0.19939983265886962
1,0.40668667058658176
1,0.9608101352243996
0,0.013340289752814245
0,0.061269570521686016
0,0.005925407949164104
0,0.05076265577287388
0,0.0581050120097986
0,0.005412691985306073
1,0.8049094717922276
0,0.0602046594028574
1,0.3490394500351133
0,0.6501938391906791
0,0.4873140329263125
0,0.0007346063333715747
1,0.32216378569957216
0,0.00027299701458468456
0,0.013921115610524826
0,0.007309334632240475
1,0.8764289910862874
0,0.004045546991854123
0,0.06317713140329508
1,0.9291266302814168
0,0.007720910708377919
1,0.941990588733268
0,0.1646287979490826
0,0.019287881133490444
0,0.06499216662297386
0,0.008341806394831229
0,0.001442276545246552
1,0.620078794684727
0,0.7267214630160719
1,0.834109898978175
0,0.0045423286766154
0,0.6279484977718638
0,0.006678229550257835
1,0.7432201209474147
0,0.328907855878341
0,0.13632442390802496
0,0.34426129980892617
0,0.006869534920429565
0,0.01611573319572722
0,0.0029677378893021807
1,0.45843129260345
0,0.30868522805011067
1,0.7710968344526034
0,0.04588956282227035
1,0.8567549901205417
1,0.9148214284581028
0,0.012727142153740462
0,0.014809811645706727
0,0.26359914994358585
0,0.021863572212586235
1,0.9751480811427913
1,0.3676074846272893
0,0.13656758152609502
0,0.015147450094867412
0,0.004203991188515905
0,0.49284070110538364
0,0.004745998603922942
0,0.1286360222930907
0,0.0009167332065036004
0,0.030285226884673114
0,0.03765668391272097
0,0.5727186744261914
1,0.8804868069318534
1,0.1638017452435868
0,0.07766785964800328
0,0.054816233654804515
1,0.9061092610070642
1,0.6348578784590079
0,0.013259965993093176
0,0.005542322764422325
1,0.6944916211781348
0,0.8391628255657627
0,0.20070399028996766
0,0.40925867230932333
1,0.9276159667133376
0,0.004235039478771266
1,0.6404362527968235
1,0.9860443257146222
0,0.04433162616038419
0,0.4511329163942274
1,0.9631077287226077
1,0.9364418635159908
1,0.9881686206738363
0,0.048135147239028196
0,0.19265341991628473
1,0.9233223325521658
0,0.02741366979666392
1,0.49401988754282783
0,0.023682639093438772
1,0.4109308945435908
0,0.055777236526064734
1,0.3346152519029206
0,0.007288938809858144
0,0.173869985601824
0,0.004689489686040458
0,0.037600632024427066
0,0.0001038940197480506
1,0.5963537002158087
0,0.04866333082783393
0,0.004300206195654359
0,0.002108280283493742
0,0.0696298528185172
0,0.000979434338608963
0,0.1809540182745054
0,0.023238310444829515
0,0.08589275697307519
1,0.43445816420738387
1,0.4359612216076091
0,0.023739117635335066
1,0.8857884592619529
0,0.0680475884977122
0,0.21131384386203245
0,0.07575775336668396
0,0.023278759638403687
0,0.019622479955935402
0,0.0028784246731394215
0,0.0012147296448286114
0,0.00424211818049235
0,0.005254819426366485
0,0.670491449022874
1,0.9064415043476783
1,0.2411211923877161
0,0.008256324076063356
1,0.539702542801345
0,0.04474881547579638
0,0.0020955970897082775
0,0.04626458642735308
0,0.067836465990664
1,0.9167004801862151
0,0.10802836625061342
0,0.01723515807671145
0,0.19116183403568954
1,0.9816948804640825
0,0.027773691914255265
0,0.011092863276341675
0,0.9477800576365674
1,0.8048662380958708
0,0.08102624449955177
0,0.25453219952302336
0,0.24748533216400084
0,0.13584154597442674
1,0.5003856071046687
0,0.020316909208908683
0,0.012550318410564799
1,0.2659083698029171
1,0.5042695484711684
1,0.4013717854341299
0,0.4524947244458206
0,0.9421725475502879
1,0.9473323158651918
0,0.0028937016428054784
1,0.7126682663810395
0,0.05734856424410704
0,0.04314654595531198
1,0.8538098185969835
0,0.8033101553815356
1,0.5565599150006935
0,0.29107744261222307
0,0.1594993015637467
1,0.7546672426739143
0,0.017333197775536636
1,0.5999521592435176
0,0.012749824905094999
0,0.032641598473630594
0,0.07480080006143315
0,0.07911906190632523
0,0.005461927491527165
1,0.7746411674299375
0,0.033997092588529426
0,0.008688285559897244
0,0.0018046353918606723
1,0.7999453180226882
1,0.797450764044901
0,0.0298393651605793
0,0.006140243898351466
1,0.9779700589588768
0,0.08359492731036333
1,0.5186820961793589
0,0.04193445860012135
0,0.023503682446112572
0,0.0044693341578548144
0,0.04774743043124636
0,0.01372101157934659
0,0.4352828865051192
0,0.13767731407107903
1,0.9760845128213589
1,0.9444774512927663
0,0.3592018171212261
0,0.06268037711544915
0,0.03255977826420111
0,0.1479417051166572
0,0.0027911653583740054
0,0.040577354320441565
0,0.05986432993930687
0,0.01062147149295978
0,0.026633582546212314
0,0.018367535655248693
1,0.7158822393233741
1,0.45827951890752416
0,0.01160572914876478
1,0.9010662999938763
1,0.8846695422830632
0,0.7346931597779974
0,0.6051812030705522
1,0.9827442787972085
0,0.06559983820892451
0,0.005316635111195663
1,0.8749519557509268
0,0.01775721034191007
0,0.005423175961922896
0,0.476470650174605
0,0.016624338138083273
1,0.01327688344208409
0,0.0035175218214544353
0,0.0064680944974125545
1,0.9760579136563824
0,0.005704954742233857
1,0.8419769440613294
0,0.0026540154008864074
0,0.004236597207269913
0,0.017083863285613024
1,0.22519838219234228
0,0.01717431126000397
0,0.0006523317582023004
0,0.001567167811162122
0,0.1972921676173862
0,0.031111262972489624
1,0.9495807365140834
1,0.9743984591697687
0,0.011222279262660539
0,0.02012541594592764
0,0.04195417935414687
0,0.00400664551770541
0,0.020438213030126218
0,0.04332332042357289
1,0.9511702548777975
0,0.05163284372225603
0,0.5957120145846773
1,0.9912442371869735
0,0.004321072286000003
1,0.807398981223671
0,0.054615963691672965
0,0.0044304499264003275
0,0.48950835070193677
1,0.6444493596468064
0,0.03629497799836177
0,0.00024504717940614004
1,0.8294871140810824
0,0.0929070127279345
1,0.9341849848390239
0,0.021553163719885596
0,0.009965135250947188
0,0.9125934507719775
0,0.005772199534085266
1,0.8606025194335931
0,0.07881893196783732
0,0.07522854174695794
0,0.009318442896725664
1,0.11166017148008653
0,0.020000042521024598
0,0.3036774521218762
1,0.4003987668503807
0,0.008029848884132816
0,0.08296056643432068
0,0.005063953790131887
0,0.39797487141075477
0,0.06351106866114709
1,0.9867057169074543
1,0.5443551113951562
0,0.01495470126214466
0,0.04800019260990423
0,0.005518456721249599
0,0.03625508968259015
0,0.0233024856211734
0,0.002269712913194948
0,0.2366114361448554
0,0.08799285328995961
0,0.0085239236503853
0,0.004445659839678927
1,0.8966105862535473
0,0.008488786514758907
0,0.2332628730060649
1,0.48691542201491167
1,0.9567170496300252
0,0.007032319496244681
1,0.9544504485541052
0,0.02243993908389633
0,0.0034642464620522864
1,0.9285743678304406
0,0.3401031149928137
1,0.7576030342881326
0,0.04584741277680815
0,0.03199834119090275
0,0.045713193227986816
0,0.09211348967655932
0,0.015352584016740242
0,0.014670527435008874
0,0.07283088330627963
0,0.009718672624855831
0,0.12372390661206135
0,0.010409385382019411
0,0.012218148081054649
0,0.7194174839560128
0,0.15124524854523494
1,0.8211452548800503
1,0.9248437555762311
0,0.6831796543595112
1,0.3712869089093932
1,0.351639904943355
1,0.046040354837974126
0,0.038245723619100606
0,0.0909796266768412
0,0.08475150152280084
0,0.7132350810175238
0,0.03726920815496967
0,0.8838725178585304
0,0.23044349070960643
0,0.12521544805798665
0,0.11933905533531051
0,0.07061010626801437
1,0.7440244062741342
0,0.06034544043876728
0,0.04342075344324064
0,0.09707563660653908
0,0.007940608060769965
0,0.16743750169541602
1,0.9066376343595305
0,0.013924230578123753
1,0.9514936630407621
1,0.978959288975179
0,0.15876593785405543
1,0.812869216325374
0,0.022440832192236013
0,0.013924364184071933
1,0.5621953616243912
1,0.8857394592514096
1,0.6670991772425859
1,0.8691032880992718
0,0.9420363392403962
1,0.765234870516707
0,0.005376221729174706
1,0.8964167152293474
0,0.014280196373096838
1,0.5475855778242026
0,0.08635970570724892
0,0.018654450768584418
0,0.07261389625154435
1,0.2607300799542612
0,0.01529355854880975
1,0.18696420816833265
0,0.0031119183553668674
0,0.015106338845901278
1,0.960521561052118
0,0.0008787368534254322
0,0.6777572932928664
1,0.7575563231747366
0,0.5370326440052432
1,0.7786186089611213
0,0.015049657287966166
0,0.048192082832880866
0,0.07088101380735416
0,0.011692982891542398
0,0.028337573014172685
1,0.12297192947191332
1,0.013849688423221637
1,0.8235078384732124
0,0.22997807002746576
0,0.6272445559943214
0,0.030536048653974173
0,0.009043957631502767
1,0.8541723673587648
0,0.035223698889846965
1,0.9830302160502544
0,0.0014211571687927414
0,0.0057422582263012886
1,0.2821317015226392
1,0.9493873287373221
1,0.8351185730106375
0,0.0975597762947061
0,0.018783407091193548
1,0.9308517291978109
1,0.6111159693006867
0,0.07612024445597552
0,0.032609106700125845
0,0.03125000073192933
0,0.02480980471890997
0,0.3325631808408079
0,0.024869284999929686
0,0.026235550208546513
0,0.02918319342360287
0,0.1342885705585141
0,0.23241768312744795
1,0.22207794741879439
1,0.8682708510106936
0,0.0017429611174909145
0,0.0018021724109072506
0,0.12131755105949373
0,0.041588141081361794
1,0.9768407423258334
1,0.9205883832950551
0,0.006586470630610261
1,0.14392546677132992
0,0.008527952375799794
0,0.02822437029913903
0,0.07922131753530982
0,0.4227301402344469
1,0.7848532278497957
0,0.0002906273946638238
0,0.03129614307779066
0,0.08535239023042464
0,0.05291409990533917
1,0.6004223320437814
0,0.016277464040229603
1,0.20372408063419956
0,0.009674585105786353
1,0.7859494931106596
0,0.016658133178080726
0,0.016661068440673728
0,0.06077127656231705
0,0.06565478860025006
0,0.07207729186148355
0,0.012338029970535735
1,0.7766676633051628
1,0.9246945876511865
0,0.11006364157827714
1,0.4458025752698667
0,0.01168459396508015
0,0.0021613165674252604
0,0.0057933848082776145
0,0.0239724671153336
1,0.2012862821990014
0,0.005234101724007765
1,0.8818995602102113
0,0.030839970248277452
0,0.06420099741099325
0,0.110059947174655
0,0.2142970397656409
0,0.20445733641062103
0,0.009311145263359275
0,0.15968095458037576
0,0.008746002439925609
0,0.30477572865972896
1,0.9339953868909403
0,0.027587879026649532
0,0.006125736728876312
1,0.9635660653911936
0,0.050409957097085366
0,0.022023889749069027
0,0.03901954185063339
0,0.03375200203091236
0,0.0027134464551956824
0,0.05672909749515748
1,0.8067159254676558
0,0.001479182390998913
0,0.0293856925055002
1,0.6737425195955217
1,0.8005424009976548
0,0.0742920804962417
0,0.04729428114892085
0,0.0038158283259215704
0,0.04162749441274643
0,0.027306727561131984
0,0.08992224618085425
0,0.7380636412382551
0,0.012486183303577555
1,0.8796172875989005
0,0.08784484065679807
1,0.8974779703144685
0,0.3635911165449098
0,0.020416864160611017
0,0.08155391096858289
0,0.01998155153884871
1,0.44930811915412583
0,0.007692119191629981
0,0.34831748924730255
1,0.8601508501343603
0,0.016567344525787092
0,0.6812319505236091
0,0.005402093435591311
0,0.10443315918558643
1,0.3755905713825146
0,0.03223571946471045
1,0.16043798785586333
0,0.1024637224968351
1,0.21287719671157807
0,0.002685423667010324
0,0.25503959671845194
0,0.004962274968236704
0,0.000731066211397786
0,0.026346421465555672
0,0.0019109037589758247
0,0.031743699044969945
0,0.0628992808759881
0,0.06777634384406984
0,0.013708140949370489
0,0.06104419120196234
0,0.012222703480672607
0,0.01750887582671426
0,0.0470791116927649
0,0.04084785137841365
0,0.006238096477628082
0,0.28998093744167347
0,0.06129103452215413
0,0.016500600072577528
0,0.004442969476891131
0,0.007741151533458758
0,0.1789422705134764
0,0.014516396783873666
0,0.007553781924993416
0,0.40402387321980276
0,0.03345103855806118
0,0.007337867731869861
0,0.013001023892141955
0,0.01513365165064368
0,0.30325923245419134
0,0.00213014064148826
0,0.014186057375542146
1,0.9441600139754658
0,0.5694723843303335
1,0.9795363470390289
1,0.033917281422068256
0,0.02315967764447427
0,0.0033174423419054084
1,0.11949280535299049
0,0.014312404919301181
0,0.01866870688877987
0,0.711637942707017
0,0.5904590877230216
0,0.0025168699936240512
0,0.09977049515917649
1,0.9896534008372976
1,0.9632401040353206
0,0.07538882179865396
0,0.01902660049845331
0,0.042619862123265205
0,0.03729144870601003
0,0.36909450604035704
0,0.04739502667654628
0,0.7826228189379214
0,0.01011947051714086
0,0.19144474843166565
1,0.9299406879684723
0,0.009661039318230081
0,0.11281423425607415
0,0.03347163713815406
0,0.12838226755692936
1,0.044797977653532106
0,0.003485091556209163
0,0.012892959441196986
0,0.06338306706936436
1,0.8554184319279481
0,0.13677486963589378
0,0.0029686419533103093
0,0.010281676204334064
0,0.41967897323162545
0,0.16916688642047198
0,0.4015232279376186
0,0.010648363367661319
0,0.44298892897000897
1,0.9724956961839104
0,0.06871143807987526
1,0.9656503750677764
1,0.3409909027887624
0,0.004837800711413564
0,0.8700593697404755
0,0.035715164961978116
0,0.04585232092282623
0,0.053790411123274866
1,0.3688233126773959
1,0.019503231854821713
0,0.035400285487770994
0,0.027981438251478703
0,0.017042851881097318
0,0.43382986828049336
0,0.0008950787390604792
0,0.4356433090715068
0,0.016794966053606804
0,0.021599947170032687
0,0.002324328444885634
0,0.24725373378788398
0,0.054022984559748854
1,0.5397147146480066
0,0.03801051206437076
0,0.00696491753830188
1,0.8073855796752664
0,0.10540812816334608
0,0.4711247115034053
0,0.056292686825262964
1,0.6249749083509663
1,0.8023853128387151
1,0.9405034813815539
1,0.9777777341568498
0,0.02855373507355114
0,0.0037831429787513987
0,0.02722630546963899
0,0.005321870882456137
0,0.42470818485728556
1,0.7995386358119195
0,0.00071239441863388
0,0.06558876941969377
1,0.9771973332079051
0,0.33561441259735614
1,0.5422194721746807
0,0.06814498741841625
0,0.07500280430147312
0,0.6451968641125967
0,0.009307152741429441
0,0.025112168386892873
1,0.6659413323397925
0,0.011434196581301691
0,0.006471510862382082
1,0.5824233523327061
0,0.016255633600058845
0,0.018820144261882787
1,0.10539783989000678
1,0.9335474923887079
0,0.2039419932044909
0,0.008263093287245768
0,0.37708948796708075
0,0.26462422351100784
0,0.12079012363618033
0,0.0007858676172912663
1,0.8794158366378447
0,0.14321482076005565
0,0.15456309714931205
1,0.3994712920939372
0,0.03041651100718901
1,0.45003162843058825
0,0.2175564523707764
1,0.05995489588663615
1,0.43300193353800975
0,0.0006891340109218772
0,0.007986941940284807
1,0.0231404212681538
1,0.6688394773973413
1,0.6125354709476234
0,0.04081369328556641
0,0.027240917929565418
0,0.08252802490930738
0,0.00014386116588969956
1,0.8665450592933794
0,0.5085616606706909
0,0.02887386989418887
1,0.9829244831814579
0,0.07220789426285339
0,0.5536841236146702
1,0.9152791746647654
0,0.006508758666387002
0,0.025642359689053266
0,0.6158716525711049
1,0.12871885225386445
0,0.540112045017258
1,0.2951288926696073
0,0.028413771219913547
0,0.041651558750674035
1,0.8139992160276242
0,0.15181368727536476
0,0.004996324025796874
0,0.06903516218249799
1,0.7533740827737717
0,0.048062421845327594
0,0.06203088521186783
0,0.008223182996200116
1,0.4337358956433216
1,0.9522059315785631
0,0.014951345660988042
0,0.02706770651839174
0,0.04132979853439953
0,0.046232068997695316
0,0.14091780137782967
1,0.9351429872107111
0,0.1364899000815162
0,0.24698440833638505
0,0.16149892692123696
0,0.010306162850740444
0,0.10469119516354689
1,0.9658244112024187
1,0.139388668312594
0,0.006839590005756236
0,0.07559713266247824
0,0.008432830383711662
0,0.8766191322109409
0,0.044956152133926446
0,0.03213412765494849
0,0.014598337905867433
0,0.7074688856675938
0,0.4645255512323051
1,0.8348163554452355
0,0.007848822192950198
1,0.8664278319827812
0,0.16334982886483576
0,0.5987224144181111
1,0.807776048915722
0,0.001614388577637245
0,0.13382607166940103
0,0.0020533898416873657
0,0.0038226465178473677
0,0.030498686022386406
0,0.07951439018073614
1,0.8955082785078831
1,0.9688864813157497
1,0.7253960160312979
1,0.7879265281593403
0,0.05494092039774215
1,0.8836047703806661
0,0.014043721780070855
0,0.12203642584196807
1,0.01307064409504422
0,0.019937882342248706
0,0.007354037449587941
1,0.993722976923514
0,0.8650873083319361
0,0.0751842227647441
0,0.6902220570683837
0,0.07629867945035015
0,0.004030455624940505
0,0.00449677130301222
0,0.024093288403023914
0,0.0071893613468890895
1,0.8966775965338193
1,0.9798671030715463
0,0.5720390380855951
0,0.007413381685335063
1,0.022948717965480033
0,0.006993653077305933
1,0.6081799771997288
0,0.013051163826274128
0,0.0044268151589803035
0,0.26684823464825874
1,0.8088771236561011
1,0.9542863723437945
0,0.05097840552419618
1,0.9762019738305262
0,0.018649751776282822
1,0.2299591580539089
0,0.8293959685986967
1,0.8892284331387086
1,0.9907059243064229
0,0.03553323933513535
1,0.8763053980470211
0,0.011549976417544948
0,0.005561796208143715
0,0.013938424825859868
0,0.06582248038603329
0,0.00957097609754197
0,0.0244461171944805
0,0.02899859272920602
1,0.8286951045063996
0,0.029500184441339873
1,0.9693405004347657
0,0.006375089730729892
0,0.10473426435857823
0,0.33906679753238866
0,0.005297845122382403
0,0.006365420651000755
0,0.10969600760476841
0,0.9746266380137056
0,0.007090168858535101
0,0.7857592638252112
0,0.08215198061591376
0,0.09412612533069892
0,0.011940574564676117
0,0.056667173198095236
0,0.09184921101528708
1,0.69407750652383
1,0.1874969535927507
0,0.5182719691028307
0,0.03390311743841783
0,0.0033130730374442228
0,0.06911593639325053
0,0.020604751961706292
1,0.6068405099520193
1,0.6915970263889734
0,0.005136281950437655
0,0.007352473953090454
1,0.7112530715044719
0,0.08306695457331074
0,0.004998631526972744
0,0.08498759834324766
1,0.9050335476451773
1,0.8954983989546415
0,0.0051076078870404395
1,0.7344424647739639
0,0.0338578468148053
1,0.08158079745991959
0,0.04361398158369968
0,0.3412350725433475
0,0.003766032471221453
0,0.13203773024395013
0,0.03546699817758062
0,0.01393116895472306
0,0.028697923819133723
0,0.021890227534594523
0,0.01484147547681917
0,0.002868066837745799
0,0.02834570423719313
0,0.00901974209545086
1,0.7852736750581504
0,0.023031929281742445
1,0.9689576622073887
0,0.008831136903263188
1,0.006896851894013493
1,0.2014877079817783
1,0.8559876750771669
0,0.15841417789150009
0,0.0214524921401719
1,0.9591841395412856
0,0.035921945822692744
0,0.037916915467101096
0,0.030597698045016455
0,0.0006041666966380223
0,0.006574737443365268
0,0.8094415468646509
0,0.04315359873226316
0,0.1719412323810788
0,0.008064264217805234
1,0.9134029779179453
0,0.039893463873956356
0,0.023045365270432844
1,0.5281522131139386
0,0.020031802569093718
1,0.8915644906594372
0,0.024869908705784267
0,0.3952318874673898
0,0.01909792489314598
1,0.12837481168171025
1,0.362509964727647
0,0.722560072929409
1,0.01665017920904362
0,0.15321562068692265
1,0.7991814004515918
0,0.06031703843075917
0,0.026650341139991665
0,0.006907454734457413
0,0.6096423013273632
1,0.9684081043958994
0,0.018824593556987325
0,0.01735441143711903
1,0.6087071524293862
0,0.009352535859608964
0,0.009767056140739878
1,0.29943020315065877
0,0.022422854069817547
0,0.05258587530665929
0,0.3375615297598179
1,0.7402082959163464
1,0.808049897933983
0,0.01288768177200617
1,0.8882979007159267
0,0.01400897043073241
0,0.3659529493663437
0,0.026846443709333822
0,0.019171678320024737
0,0.6712672655931002
0,0.04666518714056816
0,0.02908798438021145
0,0.01886702982589422
1,0.8857637920931573
1,0.6690835279770745
0,0.0011221897735255988
0,0.00818808356958173
0,0.0076876294816032725
0,0.46813981230630747
1,0.5847820357459268
0,0.07851778542534851
0,0.0007860000628309428
0,0.049317816365677794
0,0.012681559420663074
0,0.06305297803466599
0,0.0075758671085301614
1,0.014276337237761148
1,0.9624597290524592
0,0.013143385860480056
1,0.9321903253665624
1,0.8410746409724438
1,0.9789081771341611
0,0.03481257507376209
0,0.0051613787768123405
0,0.013455001874908903
0,0.8685336950197273
1,0.46798951760184654
1,0.47178397155936114
0,0.00631438517965727
1,0.31043248018808534
0,0.023272995863958118
1,0.33442797549619036
0,0.011508067517764354
0,0.16262691300524146
0,0.6400409882852246
0,0.4387809682790485
0,0.07773832779596979
0,0.18297486482104852
1,0.9042789629437205
0,0.003992923579139617
0,0.001121568608178293
0,0.02841784767086918
0,0.013016467012510137
0,0.07497252509254414
0,0.003981629011185909
0,0.05836610217873281
0,0.0012415455292178826
0,0.06976062246743032
1,0.8232366373633587
0,0.016540781658813737
1,0.7388448288582284
0,0.009619195162095528
0,0.011573998592196757
1,0.3552702342375412
1,0.5045784733275106
0,0.03277432887017314
1,0.04736295719335086
0,0.013947294014552608
0,0.0833610083929179
0,0.42265823714223605
0,0.02893702711974999
0,0.014532346057194391
0,0.0113629583326407
1,0.5787899454468547
0,0.34075588266017043
1,0.3995040792218052
1,0.4134167224333072
1,0.80517847801756
0,0.11547927173882092
0,0.8558360433526687
0,0.018452678937665806
1,0.669407767047373
0,0.03784167159495241
0,0.05989860344571943
0,0.04171210669291771
0,0.02219495425399559
1,0.9409691029683483
1,0.9200198588394488
0,0.07534418496684168
0,0.014620116827911318
0,0.016037078201070268
0,0.004529800333143906
0,0.03025964600706901
0,0.012702203720340909
0,0.08347016199503852
1,0.909595345984912
0,0.11166252399523989
0,0.03668360560131215
1,0.924216762721622
0,0.0005207402785815248
1,0.38527744750275833
0,0.014904035292812756
0,0.6197726972938905
1,0.8628206204325762
0,0.13146196907496643
0,0.1319988582135224
0,0.02213383011965191
0,0.09781530700602359
0,0.016853019572971945
0,0.005901533069844489
0,0.03397943378017928
0,0.04068159290653125
0,0.030348032786358215
1,0.9619079914745676
0,0.01468730146429256
1,0.9901446166542632
0,0.015351104490961711
0,0.024903655510794157
0,0.007946784578395568
0,0.026518563797226353
0,0.04919284540361104
0,0.0031892548560343353
0,0.0228052777877885
0,0.19402547713117468
0,0.8846302180714308
0,0.05179486163580423
1,0.9809472215980706
0,0.04634187929081355
0,0.0021578943734531777
0,0.004472852794739482
0,0.015255617900627278
0,0.7259949269122062
0,0.16765740164400403
0,0.009022780106620547
0,0.040268617605908844
0,0.03870887259088188
0,0.02104598474432044
1,0.8380213370957849
1,0.6457264747218451
0,0.007206451787980495
1,0.6687241063512774
0,0.00648346212080531
1,0.7715650051997194
1,0.6827565773841509
0,0.034727388255507724
0,0.008592533495721314
1,0.973824193255197
0,0.003424012966156167
1,0.877660432034051
0,0.40923293731328875
0,0.031131955740671718
0,0.2639406445571479
0,0.8658110905263794
0,0.017708461751917867
0,0.05066211372284126
0,0.015611445734378466
0,0.181244178438943
1,0.9801903591784916
0,0.1803544385522364
0,0.8460995994147853
1,0.3833085125074621
0,0.041278950444696205
1,0.22196928811115416
0,0.0007227407047365684
0,0.012021161639606037
1,0.7108402974746599
0,0.004951711329328121
0,0.053657858033672436
0,0.6530965041374728
0,0.008104639248598963
0,0.06864808689686323
1,0.9116564336530946
1,0.3296660705431195
1,0.7492359941286847
1,0.7440814920040015
1,0.8691925586517791
0,0.09934353982466951
1,0.6971058189207923
0,0.00580183558952016
1,0.9050824025077372
0,0.49118138664185296
1,0.9385311220001076
1,0.49952352406168743
1,0.7995873271113108
0,0.05381410237422955
1,0.8256047610339267
1,0.4404481832636016
1,0.632074066286901
1,0.4591191437257798
0,0.016967951405799344
0,0.11332544347014321
0,0.051327579249886436
0,0.017568950469217894
0,0.10323143217369424
0,0.0010341296872236917
0,0.04253881414345091
0,0.16575479520047323
1,0.6432615040756936
0,0.011836676132830137
1,0.20525610243651482
0,0.015081015010584444
1,0.9409057004338413
0,0.06009284339015087
0,0.49718094636467575
0,0.6736143906949439
0,0.42102327083769675
0,0.14229727745677967
1,0.9709165624431637
1,0.7463900984498758
1,0.9017528727474862
1,0.7952742091962756
0,0.00918876008091286
0,0.21511252920045243
0,0.005319167590629024
1,0.978775179689665
0,0.005857075518123003
1,0.16621765868202867
1,0.6821495959183647
1,0.4831910419057341
1,0.9258507541687799
1,0.8598743623917894
1,0.917127464340491
1,0.9784325869929366
0,0.02642523528169571
0,0.19742478099845304
1,0.4282292744186043
0,0.09302203586323081
0,0.37759165006025464
0,0.012126627377032614
0,0.037022921377295126
0,0.027576147052809943
0,0.0189105862709324
0,0.0612479720509989
0,0.036351624230314517
0,0.009683649535084679
0,0.0045937900093591805
1,0.3492851057189687
1,0.9128598115704986
0,0.08947581468984386
0,0.0022540907377645173
1,0.9338130390921228
0,0.1974064264413446
1,0.0695933924538593
0,0.023198481013231735
0,0.023256037065434745
1,0.8084891577230775
0,0.008764186488721787
0,0.2786814306983621
1,0.10529996745577817
0,0.05155209629175338
0,0.011043397042875146
0,5.7389363201569307e-05
0,0.49995211191447886
1,0.9099871910491755
1,0.11894783551672826
0,0.02089645925746118
1,0.9264630671141881
0,0.006103462509376991
0,0.020791118726424192
1,0.014533809094455338
0,0.07385281488038914
0,0.002127013847287981
0,0.507676147102571
0,0.004429339573496988
0,0.032111794407267844
0,0.5633664796213633
0,0.1537989563583867
0,0.00686971185318233
1,0.8082295962847388
1,0.7177540153790231
1,0.6083347311350193
0,0.09289180453505962
0,0.016748045203081968
0,0.025424382643077535
0,0.0045617585260241955
1,0.8186846895078654
0,0.12109583001862284
1,0.8584856276513214
1,0.9548052478809534
0,0.024087396597265155
0,0.0022538642023783285
0,0.49328225203523035
0,0.05200906767561562
0,0.00034202709493576786
0,0.050483945476389534
1,0.940611090066621
0,0.09998694190682136
0,0.11411761890029652
1,0.8312560592941088
0,0.11070050984586016
0,0.0013943281910388946
1,0.9687199859219952
0,0.07913198092837484
0,0.7726717775710314
0,0.7333653576096462
0,0.04904597736368383
0,0.011315051799011674
0,0.012567230556831722
1,0.9301307418401695
0,0.011825986043549282
1,0.9788736156858252
0,0.002876353883558676
0,0.010269848495565365
1,0.19109106082511143
1,0.959951720492503
1,0.9850897000599265
1,0.7545708578680114
0,0.001738337067933095
0,0.003538341855768045
0,0.001023426870284752
0,0.0020645341949239423
0,0.03536784446431417
0,0.013752042922611792
0,0.0055084044943932865
1,0.9297195186826461
0,0.0018972448184230823
0,0.0033101627155494484
0,0.03799294398111721
1,0.971858302315754
0,0.012881150820245732
0,0.016426157637196317
0,0.005672412891305213
0,0.055928398585336825
0,0.2017325038998789
0,0.005350586075201653
0,0.20519512495052736
0,0.0022994445338173517
0,0.051277153597724195
0,0.2673863801998881
1,0.9750968695691316
0,0.709330973206853
0,0.07681848250121966
1,0.9721101042221791
0,0.02489376810037422
1,0.6148982018026802
1,0.5224247089803636
1,0.9038827302996602
0,0.2835334601287546
1,0.9033954766858231
0,0.01935221249601575
0,0.012503302686602881
0,0.051295871270825015
0,0.021669120324136645
0,0.8296527561505933
0,0.023610269765567966
0,0.3681215152453322
0,0.5018663972832312
0,0.01382441828945656
1,0.9462211844927089
0,0.19147003326895562
0,0.14605433970063264
1,0.12235065158011588
1,0.03341681663880836
0,0.002679827931980044
0,0.02704863112257462
0,0.06185072037375726
0,0.01689305681370653
0,0.018685688035753573
0,0.0376631955073455
0,0.05356297231632132
0,0.013271447310506449
0,0.5328536686683376
0,0.02108613533465858
0,0.022710048427951744
0,0.0025001755696201903
0,0.1011007593139796
0,0.9200944590727598
0,0.02072619908600734
0,0.7634795441217849
0,0.028095756593620947
0,0.4449819113783845
0,0.009661307496333246
1,0.9778176612703073
1,0.5456371399746347
0,0.3473028479218222
0,0.005876488493408301
1,0.8337269816962692
0,0.5240459462942318
0,0.021506580554210952
1,0.4483035285683545
0,0.03990127099431167
0,0.003320101593372898
1,0.1902142560146995
0,0.024431841237705886
0,0.11102627865950575
0,0.036019878958656854
0,0.02388977587674732
1,0.929515716899177
0,0.6207410498681183
0,0.11011903452781908
0,0.004032778980743623
0,0.0796207153575746
0,0.30067446588231217
0,0.5004577404483266
0,0.18327403398569042
1,0.988857677432565
0,0.008223026227769834
0,0.1116921216249751
1,0.9671012730001131
0,0.05279811622960578
0,0.010676396535456803
0,0.289357951070401
0,0.010799560124228062
1,0.5834541983408887
0,0.031418429764854316
0,0.02273392314607698
1,0.3625889465576831
0,0.2495222040467519
1,0.7619563687637285
0,0.009198312959194108
0,0.023949388949305254
0,0.7299811027385814
0,0.005644298994725779
0,0.0373606134778071
0,0.00036328814822092297
1,0.6988531475944072
0,0.014747099225246047
0,0.008778656082689946
1,0.9541200299622876
1,0.6862050800912403
0,0.0041149840825613695
0,0.0012352446508278958
0,0.01786156342987868
1,0.8863635351653194
0,0.3298785261639538
1,0.2974110381684668
1,0.4712467992147179
0,0.005875853600541827
0,0.27605974963566665
0,0.17429157142567153
0,0.0847075942229072
0,0.00674603210699481
1,0.9249690912041754
1,0.9265226878119441
0,0.0030996063181900247
1,0.07884635670104632
1,0.1972921676173862
0,0.01666759851122944
1,0.5909959161773917
0,0.0010580377242216076
0,0.8436186097011656
0,0.4047600315274814
0,0.0025309446383552266
0,0.45174778686591505
0,0.2704171844491981
0,0.018418532040733914
0,0.8447989950061675
1,0.3018581368842443
0,0.056649615589624225
0,0.17352566279819498
0,0.22142871672566827
0,0.500150998696419
1,0.6373470261094982
1,0.921708390179382
0,0.022651626241529076
1,0.6960033592681809
0,0.015603895529174567
0,0.03203243058035009
0,0.027065167074964414
1,0.6642715109522109
0,0.013589785053842979
0,0.014241002270154998
0,0.0028274720256860376
1,0.6555882794831449
0,0.04706416204711222
1,0.8591659599136926
1,0.3053286971784699
0,0.03121902757532197
1,0.4193258655135907
0,0.008835072632463413
0,0.0017089586363003711
0,0.04105217030449411
0,0.03097284563259276
1,0.577848952724994
0,0.7447634251617108
0,0.15231647250155084
1,0.9439076585175795
1,0.9708638738310535
0,0.017772358461063228
0,0.03958265139096838
1,0.040904724161171135
0,0.008969032876631202
0,0.07302342114618002
0,0.022997021431916842
0,0.5246527106895954
1,0.9634792889221558
1,0.7009436781231477
0,0.4308236507974603
0,0.441349579557166
0,0.027117416594617208
0,0.14999501810814347
0,0.018815915290671885
0,0.26706653390687535
0,0.0031249533786275887
0,0.01142895510609435
1,0.9781132080567416
1,0.9175084835843045
1,0.9499587200641854
0,0.06043222147250226
0,0.01552191728362908
0,0.012605480886889805
0,0.43096300733337245
0,0.04712336092503208
0,0.0002397242264790746
0,0.014717635928140684
1,0.31892770422219213
1,0.8424467504853859
1,0.8400391543010078
0,0.0337001168727951
0,0.46477383973084935
0,0.02848819514854006
0,0.04826230219706744
0,0.5360960427852148
0,0.013453389955396352
0,0.009525819295276636
0,0.020157045870561573
0,0.023400123180959204
0,0.0156276750483699
0,0.005432966864230667
0,0.04919274893271852
1,0.5185365543231469
0,0.7694994533633313
1,0.8476791304694374
0,0.08448864282892203
0,0.012905494666078298
1,0.9861932523019108
0,0.003837157523906422
1,0.15924604592942884
0,0.015339631442070466
0,0.05609767028318344
0,0.886995697322639
0,0.05502117455562188
1,0.590461032559284
1,0.9584102890563037
0,0.05326719692950461
0,0.001875429544511079
0,0.09688284635507152
0,0.18246061380681633
0,0.014101770990709651
0,0.04209460519145582
1,0.2966145526088708
0,0.039258465213187974
1,0.9604786984278351
0,0.5362197378231481
1,0.8688297404834461
0,0.022076770258871038
0,0.09725468828572188
0,0.007796436013989291
0,0.004982100024220539
1,0.6525824170218555
1,0.8415404996838716
1,0.6862906460779234
1,0.5844908439480612
0,0.052273421026438886
0,0.01595679369395408
0,0.0020028912605241454
1,0.5136538776592918
0,0.03134728698855191
0,0.0023490791461049714
0,0.1555828711521853
0,0.19748225414860193
0,0.7457753220834669
1,0.6045439185655674
0,0.19966323402681616
1,0.9386777561668794
0,0.02528772021218854
0,0.0161219420246457
1,0.006661121385839551
0,0.06364880618466077
0,0.004442163053654697
1,0.9418171014685548
0,0.0018611983728972364
0,0.005724276636592597
1,0.6130462351092774
0,0.07240404224162039
0,0.009363675270318162
0,0.02014254445097627
1,0.8959415931962342
0,0.07088179140949379
1,0.9765425293164188
0,0.000898731433921495
0,0.00719991398585708
0,0.006181588804884949
0,0.015331526949010285
0,0.3137001731938202
0,0.22862483420888818
0,0.04454593339385745
0,0.010897438687421495
0,0.004591226957841884
0,0.01552825446577924
0,0.034177363739588844
1,0.015578424313597702
0,0.43331824089464127
0,0.0008743062698779855
0,0.004763764176171132
1,0.043494908223611205
1,0.9576762019706261
0,0.022585871522010897
0,0.18435223918603855
1,0.19249787504117302
0,0.011301549640905668
1,0.7369687013276164
0,0.0008700523251667781
0,0.001946988182506438
0,0.02301268666402906
1,0.9074387280246035
0,0.005732196731823372
1,0.6276112421451671
0,0.8004733184639916
1,0.9428971228778712
0,0.03776727931402625
0,0.01903961111139698
0,0.0075152970874564325
0,0.00017820291540274576
0,0.0033359095231702248
1,0.7788495223429583
1,0.8408898196608814
0,0.17478855209947378
0,0.03550680322735794
1,0.9521414381862767
0,0.4404640905859024
1,0.8280602615822439
0,0.013760970849952982
0,0.027925414403418208
1,0.2986519698657385
0,0.002538097993929592
0,0.06631464318170618
0,0.812214196229614
0,0.7467551519384932
1,0.01673978205591188
1,0.02882993075734329
0,0.01066512239655872
0,0.025225434794267063
0,0.004683638107677092
0,0.040961638930614885
1,0.525006973635122
0,0.002314300534076811
0,0.00375954555227125
1,0.9955976198272767
0,0.20465697659224438
1,0.7938580161219658
1,0.9619590650840596
0,0.03303652405622692
0,0.009344032001105014
0,0.029993612335926866
0,0.14924645204671672
0,0.007742636240358801
1,0.7729651393424529
0,0.07397294012287238
1,0.3069570573177994
0,0.006578205832066139
0,0.13876771168114133
0,0.005646861961939237
1,0.4781263559083134
0,0.4630619606175853
0,0.08559688017426227
0,0.014923310555597948
0,0.09583599107182048
1,0.9633691250641213
1,0.9411971297398661
0,0.003514140575094846
1,0.9821666828942958
0,0.0072812799954405615
0,0.024435713290308175
1,0.9219326052066913
0,0.05587991544296816
0,0.05396857315098774
1,0.803455798039656
1,0.8675168032155635
0,0.012186202396352923
0,0.005577816616757295
0,0.029702860959933693
1,0.7870745826991336
0,0.09411496066229756
1,0.02762597257828452
0,0.002236193991140337
0,0.014896534673274035
0,0.012157529243463472
0,0.04107134792791191
1,0.9654583297620624
0,0.6208094836378139
0,0.012745893605649768
0,0.00455352448208689
0,0.19147696796644145
0,0.08353422181789112
0,0.017396622866433988
1,0.7589887757198066
0,0.027680020529379828
0,0.009552487328302132
1,0.7491005457304857
0,0.006098582863592179
0,0.020704706213292297
0,0.02029279498152511
0,0.9098185985310526
0,0.00844594614840645
0,0.0033101627155494484
0,0.026998545846538234
0,0.0021106034106593225
1,0.8762196625527021
0,0.0025748080468207058
0,0.17966042102896224
1,0.982435634791877
0,0.05601965646565429
0,0.22700039430136465
0,0.18550451561954662
0,0.05490213040964907
0,0.11369725202800912
1,0.9534470651373148
1,0.0039896103902509195
0,0.06031381624366838
1,0.4902813016289298
1,0.9096903837753074
1,0.695610980590316
0,0.004814188206996411
1,0.941408019051953
0,0.005566190364157541
0,0.07693993981533988
0,0.07357453715741424
0,0.16568078579916948
0,0.07309369566762024
0,0.06341361706873304
0,0.05351480161789262
0,0.0291429581360026
1,0.8830281219333295
0,0.0384474768187135
0,0.0011066175313327851
0,0.07637451574745617
1,0.9252679002530825
0,0.006148919920788576
0,0.00697827519583559
0,0.02957453431463487
0,0.09594983234619345
0,0.029993404076107698
0,0.018583080272229758
1,0.9800689373593598
1,0.6251552792706634
0,0.013939194446843845
1,0.9732525310829978
0,0.08344460854679754
0,0.0059558053572345395
0,0.03856277807164893
0,0.021107268901257022
1,0.4768905191326019
0,0.02663405520586048
0,0.36327530799714997
1,0.980333764267392
0,0.010086531713427377
1,0.5179968317562204
0,0.004820489100199306
0,0.19289028769285152
0,0.0014749312750082246
1,0.9831980054452769
1,0.933861873360693
0,0.28996830224571907
0,0.18263447191641569
1,0.9441696574114498
0,0.019088487078143052
1,0.9192027866935797
0,0.09705604805753765
0,0.07431012683646453
1,0.9580572265844469
0,0.10407273323989609
0,0.007629080063057532
0,0.06799844436245495
0,0.028343778133987457
1,0.779877302272123
0,0.033490406144806806
1,0.022948970972718443
0,0.0941759933332259
0,0.11845042060571767
0,0.008625195340650205
0,0.023389646675628956
0,0.027881230049758593
0,0.028875533340346926
0,0.026481705377097698
0,0.7810881801289011
1,0.7083104388808313
0,0.03359295075938315
0,0.009235580935885161
0,0.10975241132645813
0,0.006282916949376025
0,0.030482447407814566
0,0.0016100626495077486
0,0.010820951063328598
0,0.056723138485585224
0,0.10022049823002402
0,0.007020252214745679
0,0.07515053294831044
1,0.9604552529676236
0,0.5710902260154647
0,0.05667330674749526
0,0.022152557039123402
1,0.01062462355262983
0,0.020566285672094245
1,0.023966411279540457
0,0.03678453806669038
0,0.02440742945147782
0,0.00415186506122404
1,0.9941243576310077
0,0.5947204552682883
1,0.9531931845212929
1,0.6997301124641498
0,0.04289397461015362
1,0.9828022024472102
0,0.026442344024229944
1,0.9910092937713132
0,0.1804372974763171
0,0.022000386613015625
1,0.9657525581702383
0,0.027580954662053545
0,0.03776388781410194
0,0.06332571546242884
0,0.03594607325657464
0,0.01319945542740398
0,0.009425506256457307
1,0.49357371661931554
0,0.1155595928683737
1,0.6696320321916561
0,0.018100150346630383
1,0.16291188568795156
0,0.000346891677112259
0,0.016193998021534706
1,0.9629257204995268
0,0.012569917089737927
0,0.19644716100741877
0,0.05949131544613907
0,0.031383191680619746
0,0.004344641293504267
1,0.9948658536145313
1,0.9925540780777002
0,0.26672440263385777
1,0.5320335224245619
0,0.028104959907963314
1,0.056405444897997516
1,0.42250508254857705
0,0.029094800665714956
1,0.12322679788044384
0,0.017657176490942658
0,0.3038968765265896
1,0.8448038612951977
0,0.0009436927103255285
0,0.5102465410424706
1,0.9571550033640643
0,0.6817714218034058
0,0.0018204121841317873
1,0.7574109897684272
1,0.981454872590132
0,0.004141000858731772
0,0.004385596642775787
0,0.10732668871552335
0,0.023439207258623685
0,0.11844405120332718
0,0.004708913761154477
0,0.009314315871070108
0,0.005807761377841256
1,0.7644617581637744
0,0.0167982156904238
0,0.022445956032291884
0,0.7012141740562178
0,0.004231002923832859
1,0.9722285906367806
1,0.9091153708602868
1,0.2788572525312999
0,0.002828567731459282
0,0.09920830245385143
0,0.026262822860667407
0,0.03440785048399864
0,0.025035381296568075
0,0.8318755256970529
1,0.3508895069627036
0,0.5149102320969889
0,0.010763697040419214
0,0.010665090673470346
0,0.0009900836892321704
0,0.20760407667469985
0,0.05239474590049442
1,0.9872253767163662
1,0.2569200865625553
0,0.134517864475214
0,0.060709127179315175
1,0.949486684501846
0,0.016734406849855197
0,0.04036371925555345
0,0.0036477795275438782
0,0.002207729214544708
0,0.02547047864300287
0,0.016338355181937606
0,0.004455760139669531
0,0.0251251748511629
0,0.010348493076440911
0,0.26974955624082025
0,0.03368598525628807
0,0.03789531922742303
0,0.8750385427833828
0,0.054305008844151806
0,0.00033357850864290813
0,0.007502465164504529
0,0.19728445386536578
0,0.0016647043642345051
1,0.9692935764977394
0,0.028628598561264425
0,0.20851270484779452
1,0.7704951397930897
0,0.08705292399287903
1,0.38040805397050875
1,0.9679688992617735
1,0.5278952278169613
0,0.000889089583524011
1,0.867794282659583
0,0.008455130994818722
0,0.0063903992644859615
1,0.308374362302673
0,0.045400029578101506
0,0.0034806716794437407
0,0.07882193047079976
0,0.2723504569662913
1,0.26265061793607924
0,0.009099398730722307
1,0.9173872728504784
0,0.03876787701838076
1,0.18442075177189562
0,0.9361992909291943
0,0.005797627037757577
0,0.00853896162940796
1,0.974234859829074
0,0.044724391160857586
1,0.3827354521569902
0,0.11603167374805061
0,0.050173879104898546
1,0.9604637337626102
0,0.09474286843046396
1,0.7941360679372176
1,0.6208797291248712
0,0.617243705417407
0,0.008481612433544682
0,0.015987438643327207
0,0.015210388847619908
1,0.9522789582735581
0,0.019877027218073485
0,0.01963016428912411
0,0.053723733551098406
0,0.0911973171419015
0,0.18483579487646867
0,0.570335325975297
0,0.043597888600327754
0,0.057991937627679215
0,0.0015711586264885624
0,0.5764198816723767
1,0.6036579563548139
0,0.031425611879712996
1,0.2495969102814071
0,0.7416722376049966
0,0.008572526175319617
0,0.22744558329203599
0,0.006332718295184609
0,0.1519852079286861
1,0.9617005120892199
0,0.1341202181245985
0,0.15420759823191624
0,0.05764035135481085
1,0.8961922015956066
0,0.053657858033672436
0,0.1007658999557192
1,0.9617784702699556
1,0.9601895902105638
0,0.036188322204272316
0,0.0030056216545581195
0,0.029158736257505206
1,0.9414941273142549
0,0.028803854011108295
0,0.012611480098513124
0,0.019134754780415136
0,0.08029454897443998
0,0.07066080982610971
1,0.9530064319622482
1,0.3323886357820967
0,0.03449094584707142
0,0.086153559303974
1,0.447543072960052
0,0.04052195899884298
0,0.10824705094479213
0,0.27337145106210353
0,0.006745264215571325
0,0.6067976830334593
0,0.2294529145213297
1,0.937693768783384
0,0.033094788169132715
0,0.07207408673871686
0,0.02974188706380692
0,0.015313192847106537
0,0.012419837283323921
1,0.9691233642810526
0,0.014575640509909593
0,0.03087281523289596
1,0.46938793070231105
0,0.020603530541396034
1,0.027250262269533317
0,0.1312230328433037
0,0.013941823037317808
1,0.8807309853843104
0,0.003279024707216903
0,0.015998731023004354
0,0.1705010611094445
1,0.9139480350141879
1,0.9742138254812971
0,0.04754289841051177
0,0.8652991835850602
0,0.03151988303263451
1,0.8755157518571411
0,0.24724088551887471
0,0.009588647343280944
0,0.014791202274141036
1,0.8404228055450838
0,0.004201087236308838
0,0.005839156974995557
1,0.9624553936288802
0,0.01477958383133378
0,0.18230207347058672
0,0.009908149932562544
0,0.014884999131856445
0,0.014608678463610244
0,0.05323986676124595
0,0.0629913207243708
1,0.9826154348530329
0,0.002724745454639769
0,0.019425290994748313
1,0.5120130477037612
0,0.7060733401100996
0,0.02058946677153919
0,0.006289487311165075
0,0.09711761381140976
0,0.01856909497760075
0,0.030008510016684625
1,0.17472905720822385
0,0.013359160405222703
1,0.13722099336328122
0,0.14340482811876654
0,0.020885629621492513
0,0.39479750039565586
1,0.8822346634781666
0,0.003812570939819531
0,0.023554246816002825
0,0.013120708616860582
1,0.9201052208603898
0,0.08209943892716727
0,0.014135305808084343
0,0.5284516380212396
0,0.08545688002489034
0,0.021729680223585054
0,0.08368368838373759
0,0.016534744977614334
0,0.00244251588075121
0,0.00933722562599776
1,0.575317958365622
0,0.3594825236395705
0,0.06475002026607653
0,0.35276346498787126
1,0.980282322662412
0,0.03653265401928081
0,0.0015024281694750413
1,0.625266598341471
0,0.040421049233302725
1,0.985962675763066
1,0.9766020661988328
1,0.9137064360726946
0,0.14634368162103134
1,0.2966675366984206
1,0.9512657038350576
1,0.9111286026554841
1,0.29710708379927486
0,0.01467158191598414
0,0.009643419905142597
0,0.9890021035953656
1,0.46500098255125255
0,0.0037150314531308294
0,0.15805614538359625
1,0.03898291368705322
0,0.027911382890720274
0,0.0017064344779194975
0,0.11629041931781355
0,0.013594774930393702
0,0.21486990509519513
0,0.05011523785875654
0,0.013054641185012756
0,0.12526772291091884
0,0.015081333038028616
1,0.7993697185977151
0,0.054886744429546705
0,0.5429568613844725
1,0.8246384838020537
0,0.001608546087504164
0,0.30943535868937533
1,0.7231273182857823
1,0.9653616077316283
0,0.0004449398254510626
0,0.17499350836459635
0,0.029427771965647418
1,0.5826665606481958
0,0.0037734486869528527
0,0.009501119249999176
1,0.9644865686501847
0,0.5811525918163255
1,0.5616814694630795
0,0.028465119222904147
0,0.766462071633128
1,0.8072420019173141
1,0.8158258243570051
0,0.273872859916614
1,0.6539006733521907
0,0.054752079887659164
1,0.6876161996052376
0,0.7762928021692388
0,0.011361360245505537
0,0.018796049932179072
1,0.8141699142206683
1,0.9428774413052139
0,0.2571388806047708
0,0.367120261713194
0,0.046775725585863036
0,0.007262192387008807
0,0.025044983665826963
0,0.7610470005309021
1,0.731807539176664
0,0.10913723705117712
0,0.05184758442346742
0,0.3560462457171647
0,0.025324483396501174
1,0.3544910584549127
0,0.017114718347508214
0,0.011927209296618536
0,0.45598507199396393
1,0.2148280080696784
1,0.844767609745112
0,0.01620563625368132
0,0.03962914449325294
0,0.09187057132689166
1,0.7286050475245486
0,0.24920868287502787
0,0.004583474091647274
1,0.9672125376267108
1,0.9693488878037848
0,0.7146698733287811
0,0.061923568021774254
1,0.9349278279055141
0,0.0018784488903264345
1,0.9614766277215473
0,0.0010002818509032192
0,0.032594106538138906
0,0.015385148338264393
0,0.030367390647751465
0,0.011908751615680543
0,0.007967891971381978
0,0.029707623301343907
0,0.7942352227466029
0,0.019893870740163248
0,0.005590014516832504
0,0.0013816914019464455
0,0.6820676398975917
0,0.01583793186132009
1,0.9676292440183867
0,0.0310744656247648
1,0.9337126031062869
0,0.005773363338343803
0,0.006274386060398929
0,0.10647019954085238
1,0.8060863878165773
0,0.061000929441089015
0,0.010098704893410332
0,0.028328437959370536
0,0.016844687681432376
0,0.0015137473737301549
0,0.040361978802091934
0,0.046156286064554
0,0.007434371656972237
1,0.9645798756057389
0,0.017025863181392768
1,0.8682142866196434
1,0.8908744412031048
1,0.98116486258385
0,0.007742526358250198
0,0.10388617689959062
1,0.9881862151370061
0,0.21707458508367478
0,0.345967069820585
0,0.07791590821212502
1,0.8043633561381283
1,0.871389337937986
0,0.8689787811753374
0,0.019051951163264233
1,0.2857014886117503
0,0.01154623752943599
1,0.6440492970259877
1,0.9151066442412915
0,0.0009526052093880305
0,0.0013048530997067447
0,0.10400581190655463
0,0.00106862885320188
0,0.21376048756531665
0,0.007190525876969855
0,0.0140348069963249
1,0.42590657732699055
0,0.009755167857856064
0,0.22229245100844117
1,0.4045714976305263
0,0.006498232085315317
0,0.02629086713622294
0,0.05570759877633413
1,0.47231695701703347
1,0.14349945462101799
0,0.0329474427339616
0,0.043374681702203
1,0.9153079038921026
0,0.002808452614357585
0,0.011488624109238654
0,0.028546850520104586
0,0.0078001901193836985
1,0.9797830455848993
0,0.0946798294142873
0,0.006212809135785278
0,0.0389134795189548
0,0.3412739652139468
1,0.5603687849176645
0,0.0895548586487031
1,0.46023262332372417
0,0.05084838399943298
1,0.8051075190732908
1,0.23115632679858236
0,0.05080338465673305
1,0.9630322094032702
0,0.1391051714160768
0,0.025980450066816256
1,0.454489928456866
0,0.10008589601676865
1,0.7517368510785326
0,0.047261451120495436
0,0.005978612049066637
0,0.010548222410339888
0,0.013873083853525979
0,0.0011229453211149439
1,0.09874097611126025
0,0.7586994042836155
0,0.4241329213033116
1,0.9603615523030175
0,0.027259356181001556
1,0.7733969444637953
0,0.06296514828058325
0,0.001532958527736517
0,0.016525648891439263
0,0.01239029917899966
0,0.06359312775818698
1,0.02697010442663999
0,0.21628199331340411
0,0.0015827670130598712
0,0.0023774053943536387
1,0.513103871492976
0,0.03456280020432516
0,0.059544049400035756
0,0.029704017852007117
1,0.7071995761027154
0,0.1598727874101591
1,0.9774391629421224
1,0.9677453690078728
0,0.06466578417800777
0,0.6177951278183147
0,0.008730329328340182
1,0.8832055586600863
0,0.007535332746845924
0,0.010893672930925555
0,0.1415430676897691
0,0.03651961175868239
0,0.07813329843095511
0,0.006162579244055075
0,0.028708236853492535
0,0.05806815901308171
1,0.9600629810981686
0,0.05574895518477188
1,0.96553235684235
0,0.026543266329478288
0,0.020846628998362336
0,0.40457456249364665
0,0.06562876469105593
0,0.012339745144645692
0,0.09129551868527297
0,0.5910951760364257
0,0.0017987852628886566
1,0.9704914133124836
0,0.013593087473460075
0,0.01132775849856809
0,0.01391286123813606
0,0.28180697642408636
0,0.007361280472032272
1,0.872685525017317
0,0.2244389134755946
1,0.6492361996830462
1,0.49536264351248394
0,0.0018531343174358937
1,0.9870832807101042
0,0.018606847296948816
0,0.006660290326551608
0,0.4730668260016567
0,0.12118581189508042
1,0.8145272573797546
0,0.022651228336282785
0,0.012722431422162669
0,0.13492433494648623
1,0.005926609224315084
0,0.018170225419853848
0,0.005017678928821974
0,0.5022457353334111
0,0.015188578006092477
0,0.20353050448781249
0,0.017337972443223652
0,0.014364408605330935
0,0.007699852515897319
0,0.003605119662006157
0,0.3462126643991588
1,0.7899293196372928
1,0.44062334192621283
1,0.9770537297412163
0,0.04286715977870553
1,0.972100374758105
1,0.09650305759576154
0,0.0018297762835195513
1,0.9513279553702124
0,0.02791346960005948
1,0.6250709335363882
0,0.019539730247663933
1,0.7578604933289288
1,0.9404534556692133
1,0.9502961790934235
0,0.06941436864975434
0,0.022382044933503223
1,0.6014754217812445
0,0.06885208268908591
1,0.47248150791084864
0,0.3494100050659515
0,0.10046468180898104
0,0.0720730553964725
0,0.03185308909880798
1,0.9643559156868311
1,0.9263198773154123
1,0.9737301772439415
0,0.6027468971111385
0,0.4198124580038177
0,0.9352171071439345
0,0.03415868662292621
1,0.9860960488925197
0,0.005364280868901128
0,0.442801236129663
0,0.018262947349511532
0,0.07051935643814732
0,0.008657236478796706
0,0.09605435756770692
0,0.013101411167996083
1,0.7701487555739635
0,0.34603791907952147
1,0.7446744863652648
0,0.04149181707668124
1,0.29294344005621276
1,0.9674331260246661
0,0.022786813949841694
0,0.17667778815499752
0,0.021525028245570368
0,0.13203914202316175
0,0.3929460040853629
0,0.06811528337657047
1,0.8277879640890566
0,0.0005249405345214782
0,0.2557545064396246
0,0.015754917894941625
0,0.745271016715221
1,0.9166228115394096
0,0.07779538442131693
0,0.41994368502532586
0,0.012624049652286315
0,0.10680243362604841
1,0.11181087435012234
0,0.02470986480156382
1,0.5296999089821637
1,0.856874430441673
0,0.05023102279314519
1,0.7161754401734897
0,0.1763295891053904
0,0.16292566603927192
0,0.01495470126214466
1,0.3294358021854373
1,0.8828818354568287
0,0.07115030657939457
0,0.014289646464721632
0,0.08647032674486087
1,0.9356937432628839
0,0.5505979368228526
0,0.009611182749234221
0,0.0371259421409796
0,0.11219499888918573
0,0.011943447980510573
1,0.6880363644347821
0,0.02281776515706134
0,0.02584504801900301
0,0.49648192975945254
0,0.02287495923149273
0,0.010963080931612842
0,0.00804484644081238
0,0.0033041667135609997
0,0.039108853574625485
0,0.012816620298527832
0,0.02928690056673091
1,0.1982632118286906
0,0.0320756829917971
1,0.1613291856834171
0,0.013954903037151793
0,0.8026322879289681
1,0.5515384926869356
1,0.6734202947611212
0,0.01012885020443484
0,0.06403203993481188
0,0.023768700686496762
0,0.43986918847429524
0,0.009138858060806316
0,0.03594378205198683
0,0.005022684530147725
0,0.17619504372379421
0,0.0642847496234224
0,0.03589368489150131
0,0.007673998902230389
1,0.7863385930466498
1,0.3681215152453322
1,0.8657396914453378
0,0.006865543570312838
0,0.22023336876353297
0,0.01227731885893875
1,0.8029071004154743
0,0.060742972978724
0,0.016778507799247274
0,0.033549992987824406
0,0.012101248272695526
1,0.9019301183762857
1,0.9248246655682348
1,0.9562193311155535
0,0.028711904766123203
0,0.07485907916966285
0,0.037071837224282304
0,0.9217656314155608
0,0.8521278740037025
1,0.9324072606650989
0,0.03485548291153041
1,0.6041895201878189
1,0.8227429043677899
0,0.004740800755739215
0,0.009233807208412652
0,0.007143225231828063
0,0.4552092515237419
0,0.48426455978287736
0,0.12334192080128385
1,0.8338609168076677
0,0.01551788347284975
0,0.05208735003927334
1,0.9782522643382469
0,0.019253004276159953
1,0.940147579597158
0,0.0045239966777915995
0,0.0032382202092911677
1,0.6659413323397925
0,0.012387249651495265
0,0.010535233461177787
1,0.8664764940489859
1,0.9633261300479902
1,0.8625600800427338
0,0.02855247267217835
0,0.3212594823318944
0,0.0069636353795842895
1,0.9506727594417456
1,0.7733095903423974
1,0.8277329770310446
1,0.9293242795505566
1,0.07609374178621373
0,0.11366367429976605
1,0.7101387862385815
0,0.5135108113438415
0,0.02422676698802028
0,0.010991070059703328
1,0.9345148144101664
0,0.026440538946612822
0,0.20676860041559675
1,0.5946274272664203
0,0.6192585511689964
0,0.03774170621715931
0,0.018788205961801318
1,0.6475909098108737
1,0.2782575108697604
0,0.5799952008198116
1,0.9538607521660403
1,0.8406357726916847
0,0.05435363885483931
1,0.9332657207755919
0,0.01976956989670562
1,0.9126151969244151
1,0.8053563297873152
0,0.11655251395813328
0,0.008615172232687185
1,0.36381127008399605
0,0.016172776867234912
0,0.33538259205152104
1,0.9492718243602055
0,0.6858955149638497
0,0.014192677137914451
0,0.006697189253790887
0,0.07507090715383424
0,0.019966707983760087
0,0.010745664932070385
1,0.9838869440087024
1,0.9427159037937871
0,0.0049497896288543345
0,0.14528292119733618
0,0.08665574047735884
0,0.0646387253071152
1,0.9329335692824884
0,0.005577816616757295
1,0.9444589100561022
1,0.9796312806160474
0,0.023059418152112883
0,0.01273115933199283
0,0.01451103175571703
0,0.018535894094638676
0,0.04126988391477473
0,0.0032698071363160444
0,0.004617790963652325
0,0.026475947867840723
1,0.9866770763747488
1,0.6234513825813702
0,0.2301010734378325
0,0.03068790458691485
0,0.3605117721150208
0,0.0307680950558681
0,0.00655884331322944
1,0.9450822938970751
1,0.9904125913455869
1,0.9257879598884524
0,0.20916185465353085
0,0.07669844328524938
0,0.023873255733316057
0,0.019673615681454336
0,0.2650222977957982
0,0.02389776864720733
0,0.07513068194883274
0,0.005825914831197198
0,0.01832031267641458
0,0.2938618809515193
0,0.0029666103554234005
1,0.9746640660505436
1,0.5735955476852411
0,0.025403762457819463
0,0.013226053075285139
1,0.648191047565414
1,0.1255828469849098
0,0.8128547577622305
1,0.8771040057439595
0,0.2088679157454592
0,0.0231825354780576
1,0.9613960982530548
1,0.24521104233155866
0,0.03114104064833894
0,0.0031858782836743163
1,0.8288769022913317
1,0.7187695164277905
0,0.31209219171469205
1,0.69407750652383
0,0.018142393434650045
1,0.46647180775057595
0,0.0753246716051993
0,0.005449470637338537
0,0.0013992866624847875
0,0.038911725124028955
0,0.017360047720514006
0,0.1720172448301177
0,0.0064499165041462135
1,0.8449211568976378
1,0.8658038477345946
0,0.5944195787217743
0,0.0051659547354108454
1,0.3565269778496391
1,0.9218842583459775
1,0.9086921546483444
0,0.0013354735568401276
0,0.017670016650599123
0,0.01775037661149713
0,0.013935063197357357
1,0.43591306670501534
1,0.7904594871703688
1,0.20212731912500795
1,0.7978816891870588
0,0.007752732964560307
0,0.1827889442814179
0,0.014288602582712456
1,0.8471182370468927
0,0.025115790876041197
0,0.0014103197322915299
0,0.9361033092005626
0,0.0033868896449988596
0,0.015637349557028685
0,0.05254780238647273
1,0.8567087966152681
1,0.6741245781481247
0,0.02438800346158606
0,0.5323810747166424
0,0.00539679909181955
0,0.024395636351583323
1,0.8195578345823978
0,0.043543823123595615
0,0.054835771632739484
0,0.01168842318125642
0,0.03216808939498927
0,0.3078253098028677
0,0.024398125471551502
1,0.9266417074024228
0,0.002022802599497033
0,0.002382988340236244
1,0.691042792809722
1,0.026803138351995638
0,0.07834644121095924
1,0.45054618559004167
1,0.9488982436320117
0,0.0073078013037524946
0,0.1296700332549302
1,0.3269017597386908
0,0.0918275957121065
1,0.8971106096773153
0,0.3595842466881571
1,0.9264744924473856
1,0.5315877241816701
0,0.006594257193485813
0,0.029117270003472324
1,0.8815680747638313
1,0.9717334485832397
0,0.3425968606327516
0,0.08125637157300167
0,0.5590579675014874
1,0.9779626809663726
0,0.04981136246582089
0,0.02203460302960503
0,0.02243030807065564
1,0.5969122094121383
0,0.0015577540565259891
0,0.021831532471875942
0,0.6918575259709215
0,0.1819713154409084
0,0.21391971202247978
0,0.0202368367550199
0,0.041766141985074126
0,0.3624959329537452
0,0.11433895252922116
0,0.09539053094086328
1,0.881540564154163
1,0.8700506088337114
0,0.004741978884997559
0,0.0027590575513506224
0,0.03441338040468327
1,0.6692968229940967
1,0.9668869269081888
0,0.008117967281839623
0,0.08643120931752875
1,0.8465646920721359
0,0.043867402151669684
0,0.25581720695028287
0,0.00858536487775143
0,0.06217850894585675
1,0.005847938156710867
0,0.0357438663449619
0,0.02296518058150357
0,0.011376689524042857
1,0.055439527901635526
0,0.006654448844420676
0,0.014878436534600097
0,0.048362824758664505
1,0.6998226025346393
0,0.020519356917536116
1,0.9805110795982434
0,0.0058718043785198895
0,0.001537420297985706
0,0.007515829051424937
0,0.04841569646133492
0,0.023559802859244246
0,0.1944607145838395
0,0.04620854741281008
0,0.014869986047317067
1,0.9326215459514796
0,0.019652495228299042
0,0.01784847686923063
0,0.14383887057058276
0,0.019960218643092803
1,0.6037400680658508
1,0.6191468632728929
0,0.001298693393737388
1,0.8249905438343894
0,0.11317992138254
1,0.622396058369823
0,0.11496880194533388
0,0.04261239565679588
0,0.054752079887659164
0,0.011090096774558468
1,0.4693710079130119
0,0.003806869840998125
0,0.004746843717434304
1,0.2508752707228814
1,0.9416313225130474
0,0.048680333762897314
1,0.017446126860648014
0,0.009419400339405307
1,0.825599851447584
0,0.004069379418702206
0,0.014477095746726025
0,0.006354587996730376
1,0.9844354194730061
0,0.07545309863955328
0,0.092277439651761
1,0.8922676768077616
1,0.9241198258304815
0,0.36614497675992885
1,0.9361163921041944
0,0.0020016672740363114
0,0.12905878064802556
0,0.008653367985463914
1,0.26820258934713975
1,0.18657581450864294
0,0.034387532380600654
1,0.7557836848019619
0,0.01542159368682366
1,0.9181378546570171
1,0.8447640714187078
1,0.5625972272802389
0,0.09921201633650611
0,0.0646210028015621
0,0.07040608024885525
1,0.17589363849161604
0,0.007201907705875383
0,0.730100150825865
0,0.0034066556001229676
0,0.01008687544912738
0,0.07287242183672782
0,0.000793659446816589
0,0.00019866441141826394
0,0.04426478205618769
0,0.3776520741514646
0,0.05500284626167458
0,0.04140601908994994
0,0.006586128036974406
0,0.0047422035790164385
0,0.012889396045168705
1,0.9825070798852368
0,0.08945199874514005
1,0.12714358700271147
0,0.18291736506535414
0,0.0544242020332441
0,0.007745048039372751
0,0.012433291004398713
0,0.002385692106618083
1,0.9664894989256895
1,0.5361918430907662
0,0.02132560857447431
0,0.03749886631746563
1,0.9347446969075044
0,0.0021512432436861816
0,0.03890414888668642
1,0.8652379606997579
0,0.0014299537390439956
1,0.6178797095717851
0,0.06606432363144112
0,0.003410060305502504
0,0.00535225266866134
0,0.009394405547549453
0,0.0682693626798344
0,0.313384021349583
0,0.33521128565471475
0,0.014141726845726203
0,0.04373779475240308
0,0.002753227762872373
1,0.07640277624565726
0,0.3252456509573821
0,0.0656566659070726
0,0.03026496417568528
1,0.9670184516455581
0,0.02699998246052038
0,0.034390323782585774
1,0.010985221912403911
0,0.555045321939839
0,0.03002223410193528
0,0.031104740145308164
0,0.07991222061852322
0,0.739280319839388
1,0.7847753050343795
1,0.7478431043381206
1,0.7108990069681914
0,0.1264574598751057
0,0.007353536776246145
0,0.28236632944087825
0,0.01378885078828696
1,0.30512187767358895
1,0.834991276660131
1,0.976198243894345
0,0.022848520766976733
0,0.7842389955842551
1,0.569631572675388
1,0.7237548589719459
1,0.4299139707155496
0,0.17858953344857942
0,0.07010248504818624
0,0.09432122033196541
1,0.6019458619506538
0,0.0048799939151055885
0,0.0013438170063117241
0,0.37064165821310013
0,0.012570882076836452
0,0.012021941044366073
0,0.006469355515761501
0,0.15193971355229635
0,0.016447677060757282
0,0.05531214327060351
0,0.07735785517273973
0,0.48480962362052604
0,0.0036036501811352642
0,0.01773745881196706
0,0.02031607288471181
1,0.8727370815697906
1,0.9799335682501853
0,0.014989413669622396
0,0.008077556295916765
0,0.006712264600480746
0,0.06919610222072754
1,0.9892604586376609
0,0.020161071197598277
0,0.04882627933235423
0,0.008863767757236417
0,0.008234513051995617
1,0.6925837274346225
0,0.00873565374005315
0,0.08448647554475397
0,0.013943305226021989
0,0.04254396114203336
0,0.20615212936671656
0,0.017208018369202795
0,0.6624013728143748
0,0.6826095696386386
0,0.2240073304765198
0,0.024151659344198897
0,0.0029865363681362534
0,0.003373130815465571
1,0.984428872515306
1,0.8624699932433239
1,0.7419204239645116
0,0.9623494028954352
0,0.005548475348828906
0,0.021957618861453917
0,0.43416470654647943
0,0.09899955818851539
1,0.08976123071241807
0,0.010286148828984178
0,0.06840649430339966
0,0.13799494176176183
1,0.34228005722458854
0,0.04880865222131389
1,0.9797616982816441
0,0.5780956735301185
1,0.7866377913115753
0,0.20246228710240588
0,0.03818887882275916
0,0.0055876697975536
1,0.9845342576729147
0,0.017693216697767074
1,0.8294791693749783
0,0.039520153429542175
0,0.0295692258336453
0,0.004974313808491918
1,0.5392485792723037
0,0.003469242748278672
0,0.6549288673632165
0,0.016055147307439503
1,0.6855807033453084
0,0.00383464462907567
0,0.04441980700710724
0,0.2601347720940274
0,0.05009447823501906
1,0.5046000000057864
0,0.11435811724267286
1,0.6728972345747399
0,0.004814037860578276
1,0.6286145733765482
0,0.8411618577497345
0,0.018541929946842995
1,0.9776329707416499
1,0.7852417916968587
0,0.05045474603913204
1,0.837822123349548
1,0.6702472320267688
0,0.03194269833465095
0,0.002180578464895595
0,0.015547651193474357
0,0.17753595086910745
1,0.9298347304989751
1,0.3626431836971801
1,0.9473468309178891
0,0.014003405415989476
0,0.05407620122798018
0,0.6333217787579333
1,0.752798919631472
0,0.03226646820488875
0,0.006521028625343706
0,0.000966371054266601
0,0.10420029014711091
0,0.08848321755756097
0,0.06430089902991414
0,0.002771638923984671
1,0.724485860311372
0,0.006343194329569653
1,0.3661224947686724
1,0.9398783727788277
0,0.02684651809594048
1,0.9683585475455861
0,0.08092456771630553
0,0.015705861810095194
0,0.005360976542175715
0,0.05332268765309587
1,0.9755967880453983
0,0.36382212521936486
1,0.7077328580141824
0,0.05729919336374394
1,0.03310164635083477
1,0.6981819917500964
0,0.6875211342081279
0,0.006981016182011933
0,0.014923576504998379
0,0.0023889367629432692
0,0.07572003567458258
0,0.001517870681614486
0,0.004558042442561766
0,0.04002640625751901
0,0.04940979131859163
0,0.07176803968869594
0,0.016391365114008318
1,0.9859753604954736
0,0.7771086221521868
0,0.048783384424552274
0,0.8752915616767887
0,0.011407127382438997
0,0.07751205451039249
0,0.4659321032492332
0,0.06158636666103198
1,0.9805953502813594
0,0.007564716542970529
0,0.07779538442131693
0,0.05686875201069559
1,0.9227830383065
0,0.008025111259026274
0,0.12165966964852988
0,0.013716404670220486
0,0.00872817895604353
0,0.006559926573362026
1,0.8504761697126733
1,0.9239769691126068
0,0.005952882546124171
0,0.4988574735163395
0,0.04961496484730126
0,0.06305324623773144
1,0.3351746563606187
0,0.005203093074861143
0,0.02214126282141142
0,0.1102308320920215
1,0.5086664479998224
0,0.03326478393253105
0,0.14094057349286815
0,0.008707603823847974
1,0.9750427142310294
0,0.015422044454976566
0,0.7569110989485492
0,0.8823602048308931
0,0.15416519751171162
1,0.9758937085141125
0,0.0072190921269760025
1,0.7667033640349334
1,0.9237571083908509
0,0.01276894822566708
0,0.023632987168444097
0,0.24472271485238772
0,0.00047625041157373815
1,0.9156280852413942
0,0.0059856104005020115
0,0.038666335552220946
0,0.012723437519236573
1,0.9633655422374372
0,0.03686375711061309
0,0.0026670749457775446
0,0.32549642018553965
0,0.021753390135763894
1,0.5072219718994629
1,0.6419162157190654
0,0.005965180911058799
1,0.96966657756768
0,0.012197738851118472
0,0.43373133179415085
0,0.019471046817189367
0,0.5972581347001372
1,0.918946551973745
0,0.023246508205014282
0,0.006464583603751542
0,0.6709748797008516
0,0.8705063950734514
0,0.4566284413230337
0,0.024473261411007533
0,0.04857000421454917
0,0.016957423348948848
0,0.11136852182554877
0,0.00973181174526718
0,0.26342465195886267
1,0.8710703712244152
1,0.3321764523422809
1,0.4584136619293996
0,0.06582155907727465
0,0.35156740763834327
0,0.19482043076595523
0,0.009447963991975006
0,0.6629225357671025
0,0.02873587649768851
1,0.9856535245274538
0,0.04117645310169407
0,0.6262231428545861
1,0.14392572826611072
1,0.48527823117196345
0,0.004531140913337558
1,0.8751751135104372
0,0.0010099363426436096
0,0.3763222399946113
0,0.0189350785876603
0,0.6895948316414069
0,0.2871075683699933
0,0.005543631287511178
0,0.035169944153524736
0,0.2951864988720643
0,0.015483864828223845
1,0.632074066286901
0,0.015012279487384013
0,0.021182881475829154
1,0.43986918847429524
0,0.12883434095530377
1,0.9318128688017983
0,0.011545327374224713
1,0.3738323181930332
0,0.049146309201584304
0,0.015697248672965167
0,0.02500932893622807
0,0.007206150416272456
0,0.07410019929414051
0,0.021358744435221635
1,0.9466154900396054
1,0.9847678978758766
1,0.1692898796144967
0,0.12032947489202576
1,0.6289707424586226
0,0.03829097961684057
1,0.8398481885736672
0,0.03303618641369461
1,0.5094095497896711
0,0.041100273542930624
1,0.9530217154378107
1,0.9590790980806351
0,0.879750811998012
1,0.9897679280451125
0,0.013940444676496855
0,0.08393328387246662
1,0.32179532872833994
0,0.10061826209259217
0,0.033613302527348586
0,0.12793894490216837
0,0.009085552250746587
1,0.7153396921637257
0,0.0031284772770563823
0,0.01702390819232079
0,0.11143523002511699
0,0.015792351680624428
1,0.7754403315344572
0,0.03931624258028872
1,0.9613698387813144
1,0.9818766216241038
1,0.15199478716128922
0,0.018928757309236374
1,0.9763265455681625
0,0.000585409240551223
0,0.006071307742812733
1,0.6749619651660966
1,0.929781260421802
0,0.4593149574485121
0,0.006399608256783028
1,0.9285315176917492
0,0.1557206091566835
0,0.15713471843956786
0,0.07582022977213167
0,0.17889778105954499
0,0.008339605853147122
0,0.11400179523689458
0,0.03566698490996314
1,0.9503404582489138
0,0.07444899231241053
1,0.9656203171566164
1,0.8848646202709763
0,0.022777268896728185
1,0.9709631070086853
0,8.244800257229507e-05
0,0.052032791217794444
1,0.7242758328052761
1,0.43464388377218494
1,0.6729437321763736
0,0.021033200016374234
0,0.23788590646787766
0,0.0193153279025207
1,0.4306480841614269
0,0.02863002670161938
0,0.011226903293557347
1,0.9706487965938004
1,0.883906010975537
1,0.9913168861067898
1,0.9805216065417344
0,0.08048529254183777
0,0.0020189230819384067
0,0.03373722765227119
0,0.05305368734775744
0,0.015451588024725644
0,0.012437004529023419
1,0.018920977839715056
1,0.33442797549619036
1,0.8600226849344594
0,0.010283404564750596
0,0.7278633233159039
0,0.05138475866218276
0,0.9873370120375937
1,0.5488065655635918
1,0.4984011576700135
0,0.01476265360229762
0,0.0047116506904944875
1,0.7413099196150741
0,0.0027465504373896895
1,0.89706800471988
0,0.003377817995788518
0,0.0728766982277957
1,0.9129759419790299
0,0.041951918569140094
1,0.7931533102361422
0,0.08056131550831548
1,0.8430982734955982
0,0.008359118542567915
1,0.8588876975945566
0,0.04297607934330343
1,0.936824532024831
0,0.0047811866003464615
0,0.10210875440918266
1,0.3318467299964973
0,0.2524185627368463
1,0.9598442234319066
0,0.01801633302420658
0,0.029401817053675065
0,0.01843108995570748
1,0.15275550568624674
0,0.03727848106182151
0,0.9080239897334517
0,0.07599248621040791
1,0.3945412063282064
1,0.8058846547027483
0,0.011024797836020157
0,0.01971764296393236
0,0.011381941160653391
1,0.9804084741374025
0,0.018219376162951276
0,0.007298859446107597
1,0.9365772263145293
1,0.9645513763358239
1,0.17675773208555878
0,0.10372218513307106
1,0.4778185402037514
0,0.017570140036085258
1,0.7498840041001726
1,0.07873773344107894
1,0.7637241657126539
0,0.04608513140816556
1,0.9823556928177438
0,0.08139056754547708
0,0.34972162805232343
0,0.0058460732388497996
0,0.005377827371541508
0,0.059438045808290194
0,0.5441503330582625
0,0.026912958826221058
0,0.006401822019528244
0,0.03558539286081107
0,0.007182164479753187
0,0.01633603520276794
1,0.9918406924981328
0,0.01513497052904274
0,0.14813980052407974
1,0.9052280076601852
0,0.031237903616587917
0,0.0236767170648158
0,0.012665057700710485
0,0.004446337569980252
0,0.1306791369884628
0,0.007943585633633028
1,0.010535757530425748
0,0.08309163781549236
1,0.607424662473611
0,0.03542717693985696
0,0.019034004408609678
1,0.8402121202504018
0,0.004307334602577994
1,0.5905366961607382
0,0.0032072622842878777
1,0.9599643264188196
1,0.983986381006429
0,0.09309717915006023
1,0.9732968476249285
0,0.012546158542869336
0,0.012563688720228788
1,0.7034371741450153
0,0.010778557815765895
0,0.2452893698392943
0,0.05185740882605102
0,0.15191189531295238
1,0.9618509575966587
0,0.022551155997769193
0,0.0033139079448183148
0,0.15242422069231853
0,0.00176077682522551
1,0.35576077795244654
1,0.7639089611472955
0,0.23130515863797105
0,0.07528138075378771
1,0.8545615173946515
0,0.0031336434019785986
0,0.015692497077311695
1,0.7414891922828176
0,0.004305341336128857
1,0.5322849709341387
1,0.422076879693268
0,0.014009677578936215
0,0.6409443315486092
0,0.022034259962662714
1,0.9389047834321393
1,0.5625851242126201
0,0.381044057775187
0,0.01479226734330978
0,0.018546878898931113
1,0.9799729084676806
0,0.009939958286229482
0,0.016190269242588783
0,0.002690215363209015
0,0.04104714156092792
1,0.7587476773100834
0,0.0007502305117349255
0,0.1261412568548863
1,0.9870803932174756
0,0.04343319234558225
0,0.0027364704829705307
0,0.004645587185219366
1,0.49937347915922103
0,0.18045168485877094
1,0.8431974527625443
0,0.019905948957608943
0,0.008153278500687516
1,0.9910665981822163
1,0.04130990328847415
0,0.005999693438717582
0,0.010246197736604934
0,0.015582093269704509
1,0.9613176098240535
1,0.8891578638705364
1,0.3501465001901677
1,0.12820599216082365
1,0.9003646301262035
1,0.359810956682004
0,0.12269576200113701
1,0.9281473348522962
0,0.05444742520978727
1,0.5676698916775149
0,0.20513107239262557
1,0.9479590480931688
0,0.04008905161589766
0,0.2682891654948142
1,0.4008400992967602
1,0.8612679203279905
1,0.34808013676116
0,0.22323799896160734
0,0.024242869314487072
1,0.9640299389180922
0,0.4638858882511324
0,0.07457952771973822
0,0.03427014143708944
0,0.011821383658734988
0,0.31142440582222075
0,0.2506783219776441
1,0.9654732133029977
0,0.002797376174275887
0,0.09126162562755871
1,0.8173574880765662
0,0.0028941309542719496
0,0.04967678705767724
0,0.08911763837755664
0,0.026069060804417194
1,0.019761859550245946
0,0.7073742447514735
0,0.02371676708626612
0,0.006432105125960661
0,0.03738366030240474
0,0.016938809459514856
1,0.35352694015794345
0,0.05143539573644263
1,0.9660573464263599
1,0.8601898751836043
0,0.0033692552681235826
0,0.016943272855168685
0,0.6517790111042278
0,0.01711897151589723
0,0.01080759828840934
1,0.8436639594342343
0,0.03440965061295282
0,0.013258177303878795
0,0.07011368574415792
1,0.9541373286293119
1,0.9912566491181574
1,0.9921600738092095
1,0.6033083140863374
0,0.005508608420869351
0,0.050816321730278176
0,0.001325677555420452
0,0.07299161451887305
1,0.8460036869826439
0,0.051002559133047555
0,0.01093533268100468
0,0.005100502151834047
1,0.02099670528012189
0,0.003742808900556729
0,0.011304146967504501
1,0.6206995956211481
0,0.11451373280895391
0,0.028309980415243855
1,0.3369631908933707
0,0.04904546717484063
0,0.22039716598650724
1,0.4127090176572272
1,0.9571507023628524
1,0.7886675624773946
0,0.052706786669172404
0,0.011615328091851576
0,0.07027048095849517
0,0.6004759516434793
1,0.957565191245916
0,0.3279477078442183
0,0.01134284339080536
0,0.04295201125835121
0,0.05175064479589307
0,0.12737694192730206
0,0.46653301641848116
0,0.05492905316007437
0,0.03442730681976686
0,0.013378516937306906
0,0.07839182228996205
0,0.10320558947031469
0,0.12989093836934174
0,0.0014859895946956335
1,0.8603332798125346
0,0.004496594001591824
1,0.13538505331966963
0,0.03628289957060507
0,0.02075854479167154
0,0.8306649885367517
1,0.9303006944621777
0,0.004742875881450818
1,0.8200023710227067
0,0.06520115967377875
1,0.9790556907976017
0,0.0063530043907404484
0,0.003241438598107833
0,0.005398790057448598
0,0.0052257091024566
0,0.1283366705196471
0,0.8043565241072106
0,0.3842044792115335
0,0.0026035850496166223
0,0.40930581731674814
1,0.6454721371996663
0,0.03278087495135429
0,0.010622673161613845
1,0.7114067721695667
1,0.9434809156058691
0,0.006597531341307699
0,0.10108461522443433
1,0.6198676628333407
0,0.34486124104458127
0,0.01958517151437037
0,0.2626421803895908
0,0.1389680147013855
0,0.09996960449546707
0,0.014134607220289098
0,0.017865477008629678
0,0.014082536104037138
0,0.01627381263779188
0,0.16789419024847363
0,0.03626075250317842
0,0.6961146066082785
0,0.011586666156997705
1,0.17408795738306254
0,0.001666684233575904
0,0.003175363271894803
0,0.00764155050359596
0,0.011438904789860415
0,0.6564541517286823
1,0.17836705929778598
1,0.9806842261844391
0,0.08105027752671248
0,0.014669469338646539
0,0.02578815213013018
1,0.9805895712638176
0,0.2298089792135015
0,0.018332678068492415
1,0.9004495526029537
0,0.0752441849113771
0,0.025454554489539778
0,0.002830971418082145
0,0.01700694937923686
1,0.9184343454068453
0,0.01784571213018304
1,0.8988258204007961
1,0.6191246272223346
0,0.1351352363214741
0,0.0015962110791210612
0,0.3314360724103492
0,0.8290013057920008
0,0.05144257496417432
1,0.9836116928515721
0,0.20697446072539227
1,0.371400750026923
0,0.00849423113596863
1,0.9064242653523022
0,0.01404937081609927
0,0.0049584592451769405
1,0.9805659063471959
0,0.018020801230740652
0,0.0036327563292654105
0,0.001038410124351725
0,0.08805400621734832
0,0.12502865103208005
0,0.008389073268011952
0,0.0019016373927851862
0,0.005481838458588455
1,0.8150634148873132
0,0.04541045315521719
0,0.021513398810718173
0,0.12374353217316918
0,0.07089196646877462
1,0.949106075847074
1,0.3263876508457273
0,0.017836569097233593
1,0.9360747604900435
1,0.8023238066060752
1,0.7793629815069021
1,0.14516515447215952
0,0.4244378716131684
1,0.7139641432765941
1,0.8466243923465067
0,0.029282291400771446
0,0.016430471887824864
0,0.008566345857501078
0,0.08325546763855243
0,0.05467959294208549
1,0.9762982077062747
1,0.3332272380014969
0,0.007642358496001286
0,0.16552003617455924
0,0.011685829632637836
1,0.6599112420257432
0,0.7726625714660491
0,0.020157045870561573
0,0.03470287075826282
0,0.5719015627562439
0,0.3059445793773146
0,0.010324901510497711
0,0.01970623377223782
0,0.024772931883644836
0,0.04941688143344702
0,0.025646348327655544
0,0.17411626477267614
0,0.012986331789030829
1,0.8576867464681129
0,0.179015436413226
0,0.6300037358973996
1,0.44917017314398666
0,0.07336190668787979
0,0.7508564747731549
0,0.10178949480491305
0,0.6134021713733416
1,0.17414112320348354
0,0.02854252239908301
0,0.4895510927254397
1,0.9684967111466476
1,0.9719347090787961
1,0.2832541781296431
1,0.8364748819289145
0,0.010564559455687928
0,0.04671301498942893
1,0.9471935058499552
0,0.007525899580494269
0,0.10039456539783845
0,0.02544605135634605
0,0.18591215102295322
1,0.767008352643266
0,0.0059931748896178095
0,0.12087223074492925
1,0.9458670021858234
0,0.07314604914091767
0,0.026910710718311526
1,0.8381064864804637
0,0.6849028325373837
0,0.030296400767576982
1,0.5246529740227848
0,0.3997195680903957
0,0.011277045637263752
1,0.5671989952540595
0,0.04818508601670406
1,0.9659948053564026
1,0.7090725886184309
1,0.9672658427803249
0,0.018256720318249844
0,0.10171600161135518
0,0.00024176645826935804
1,0.9638606813743893
0,0.0019149898585586115
0,0.0052293190290458895
1,0.1902348805894064
0,0.01232693569092535
0,0.040314876594393714
0,0.0503827352792444
0,0.017505356526651528
0,0.02262553368578196
0,0.0038551806277686883
0,0.1767731310123083
0,0.37429988070890435
0,0.04614345645381809
0,0.00475309334209807
1,0.9450905397353061
0,0.03163463841353468
1,0.8480799290468516
0,0.012231774061893108
1,0.13641732154452532
0,0.018526847547531075
0,0.014914210839445708
1,0.7136301018086033
0,0.0032268216763047027
1,0.4790686998452504
0,0.28042784080737226
1,0.7220575176134454
0,0.06641844482827976
1,0.9634787508984765
0,0.008038374113646628
0,0.12766757751106386
1,0.9039214471348752
1,0.8820122695587931
0,0.7940152863558188
1,0.9948765247349951
0,0.007640099817221142
1,0.16313391982785824
1,0.6662446595051297
0,0.0098924241190221
0,0.4379069532480658
0,0.2569689879875366
1,0.965000864984995
0,0.00956711746290108
0,0.004113528786533783
1,0.7178935909215667
1,0.9681461611145384
0,0.23181842557669094
0,0.07825836753379488
0,0.024142142112973507
0,0.006823529550610389
0,0.007998714394652733
1,0.8233267946857792
1,0.9670544709422395
1,0.9674910536590113
0,0.022142776938099705
1,0.2967069664857175
1,0.3642629522606091
0,0.10178519181355353
0,0.013121049834414
0,0.6279297001612574
0,0.15289223540829433
1,0.8570089944503086
0,0.08611688318911685
0,0.006037783527352775
1,0.9866776106061276
0,0.5295393114066734
1,0.7609272573142033
1,0.656724250627584
1,0.9846927587569801
0,0.007615103209327657
1,0.3456207580532735
0,0.0024837289123417552
1,0.9735132400910096
0,0.028875533340346926
0,0.027627205469381935
0,0.015632848825762772
1,0.6091510814478915
0,0.35162946708573883
0,0.7863385930466498
0,0.015159726771874035
0,0.29622362171061484
0,0.6286255308373823
0,0.006573322396196449
0,0.2771320988890426
0,0.007012480985413606
1,0.07890169689214484
0,0.05609540131850339
0,0.3743459404888979
0,0.000946128252998278
0,0.024366086533177896
0,0.1027284210274315
1,0.5840995977845886
0,0.01178408785246522
1,0.027777814048649305
0,0.684508108256181
0,0.07797841348030451
0,0.027933635057006086
1,0.8248951522032276
0,0.0009727813266022955
0,0.008909756815189981
1,0.6705136350144555
0,0.0031594881756419353
0,0.019518352165632108
1,0.727676281908159
0,0.00890738094998093
0,0.04061644842432817
1,0.8140465297489716
1,0.9050059479533794
0,0.004223164095421832
0,0.017441887862607197
0,0.7831263962361957
1,0.9537106441435114
0,0.20159114013571997
1,0.5521377446783261
0,0.8466594517854197
1,0.9444712992523917
0,0.01783468033282847
0,0.0032076464810690997
0,0.06860629758295633
0,0.05644967249704876
0,0.008096073052393746
0,0.3624959329537452
1,0.4134417490098855
0,0.06166658082697943
1,0.4505658447898426
1,0.9691834905017714
1,0.9638978105434887
1,0.9428971228778712
0,0.004135253477806807
0,0.015666144616827797
0,0.030378789442457317
1,0.951240285523403
1,0.9666086779880915
0,0.11534768221612231
1,0.4690908164209684
1,0.2099255129891457
1,0.8563510015701815
0,0.17786496756668668
0,0.04442994340599624
0,0.01290721005420168
0,0.07575810410765775
1,0.9373499354283393
1,0.960730199556225
0,0.0021259800669067583
0,0.4098479032145485
0,0.010431297688471081
0,0.02039986217442129
0,0.010101977028663214
1,0.775238593118493
0,0.010671646830983898
0,0.00441651573761173
1,0.2412300039359139
0,0.04736643039788488
1,0.9591349571399185
0,0.006830025274516326
0,0.013209626405450177
0,0.044672735310917894
0,0.018055944879707752
0,0.02166477474603762
0,0.03541365779053134
1,0.12362355101677953
1,0.9883172433053702
0,0.04041109445327923
1,0.9561889635805463
0,0.008296165658068694
0,0.14510264399515618
0,0.10985803753421539
0,0.0658249742177867
0,0.09424525727856845
0,0.2302319389312521
0,0.19816222528923594
0,0.008494718662601684
1,0.9770918064435716
0,0.038778551226822715
1,0.6737365630043757
0,0.7767525682932982
0,0.07399744877782781
0,0.011977015723784257
1,0.9715714111773719
1,0.5690880650120579
0,0.11285991752477162
0,0.48487692650854497
0,0.022200127584770614
1,0.9592343641525964
0,0.04400707448339072
0,0.004618509486868725
0,0.011733837835257952
0,0.4997574144993507
1,0.17243782572116417
0,0.05438049928552221
0,0.9917339698609852
0,0.08123605517925803
0,0.40080198327114397
0,0.004699620560099058
1,0.9744026225203637
0,0.12155646958760945
1,0.8108826627072714
1,0.9871636730294262
0,0.01617835753179677
0,0.01574512899989729
1,0.8669716859070706
1,0.8429138266088497
0,0.012926023827215872
0,0.0023519321183122525
0,0.06083833384111348
0,0.032185188362401494
0,0.023155324684595663
1,0.921660393880822
0,0.10198097455899759
0,0.038526625412736416
0,0.08495237336993074
1,0.9186396416871
0,0.07413270679765079
0,0.06763650816297719
1,0.9492594194014654
0,0.00364432636416531
0,0.03529079841732981
1,0.7519533948470525
0,0.08230310673395308
1,0.8062336023913301
0,0.045589071442652396
0,0.0017629339595627877
0,0.041421963879584314
1,0.6981598221972054
0,0.004463084400271815
0,0.168158255456806
0,0.04444394374794319
0,0.08420230782460106
1,0.9848948125174991
0,0.011126381726782104
1,0.40273324577202735
0,0.6633379371866837
0,0.2714188035582827
0,0.0020617678354067108
0,0.02290523593542627
0,0.028626907117998476
0,0.22854910798532682
0,0.0021694181012559786
0,0.02070429859882369
1,0.9441346273544521
1,0.8054696065033518
0,0.008787710214363567
0,0.06711378485240406
0,0.013018813910374285
1,0.5803249934902867
1,0.9786624510231857
0,0.012014376091404412
0,0.8219582728440897
0,0.0219456818504476
1,0.24148901969740996
1,0.9544500138703664
0,0.9031681128430159
1,0.9564376244506105
0,0.0008941856202652892
1,0.3841752114499115
0,0.011973169472201412
0,0.0006595259558555333
0,0.00879586891157598
0,0.8418872972270383
1,0.17079503504488858
0,0.5869161236460372
1,0.7617392548149345
0,0.15433478886848265
0,0.139318096405376
0,0.0019886971073588646
1,0.5570979640513181
0,0.008428581899334046
0,0.304810637563469
1,0.14203353126242668
0,0.15611603762747797
0,0.013199841612577486
1,0.9564325964402376
0,0.020251517408910142
0,0.19389090808853374
0,0.03920356591861966
0,0.009154111643357525
0,0.3051413086057978
0,0.03047900645882637
0,0.011517513420028836
1,0.23299129459457538
1,0.829637199119213
0,0.7552438368131632
1,0.9377674555509308
0,0.06232559637233264
0,0.061209693959881926
0,0.4425096833036402
0,0.08391728079234312
1,0.5870051198973362
0,0.010165845233381876
0,0.009085058527034047
0,0.0038333253445367644
0,0.08367778778593925
1,0.9872677116830701
0,0.008875298996726606
0,0.2907351039880227
0,0.007081148590822109
0,0.07528659228035
0,0.006408481925429993
0,0.6205706603695946
0,0.011611264436828462
1,0.9845656777034795
0,0.006040673947087184
0,0.0038633354418569367
0,0.009421360061492228
0,0.43792185579833304
0,0.06508756206837245
0,0.11864326107146689
0,0.9649632238192941
0,0.001614335728199986
1,0.9809014979997613
0,0.08721518299241952
1,0.7216038824498313
1,0.16497879958328365
1,0.7040741883496656
0,0.008779785780992916
0,0.03416701350048011
0,0.015900783308691692
0,0.011552084741938884
0,0.002013402484108442
0,0.012468897008201427
1,0.683578803722061
0,0.05417144907300771
1,0.34307979725347537
0,0.0017215444019590593
0,0.0042218605156004166
0,0.0926321869326149
0,0.002651567136997241
0,0.020023967863783257
1,0.9652376453660058
0,0.013626584201317788
0,0.008695390207683104
1,0.9362848640090394
1,0.957947972242535
1,0.7606728924959711
0,0.03754244659192593
0,0.3127926595027946
1,0.9841468435340497
1,0.7896890744353173
0,0.008322443224126742
1,0.3147714933225636
0,0.011997624000002488
1,0.9731476283198007
0,0.009211257429783426
0,0.09295595087340704
0,0.44545703095574535
0,0.009648852347244921
1,0.2894016789969342
0,0.11489446449175904
0,0.02822102756804866
0,0.03492386004040481
1,0.9152414417330635
1,0.8040319066310908
1,0.8141492020179764
0,0.03212018413016354
1,0.5246227970423604
0,0.008706554794886663
1,0.4684500988370691
0,0.005619963813588072
0,0.03178889576997267
0,0.0038830647196802536
0,0.053191473050630336
0,0.05227745207510877
0,0.0028284947824665785
1,0.6490485997777976
0,0.011352699146339943
0,0.011410024501875235
0,0.1311219562170841
0,0.024975972895744967
1,0.9702034188251217
0,0.021501979576232948
0,0.023753859328870027
0,0.3882183446579298
0,0.0199111809374475
0,0.69407750652383
0,0.011786161859121666
0,0.00811716625546951
0,0.8538357161149378
0,0.03286164672724009
1,0.9934803703896593
0,0.03235529156749728
0,0.48194984051783013
1,0.9700043991847822
1,0.7573571214607125
1,0.9667369905461614
1,0.26809047495345983
1,0.4457923780885499
0,0.08983505133369328
0,0.005072088986549494
0,0.0045446940832627415
0,0.05733381732243553
1,0.7766191673639566
1,0.11836823030461674
0,0.03271268020438389
0,0.009018580646335407
0,0.02720665259733929
1,0.9572970712980952
0,0.14707057322687678
1,0.9450468974309864
1,0.5267106705995906
0,0.013170757924562793
1,0.9861796022737225
0,0.08545866291094971
0,0.01229564477162142
1,0.9440058764269748
0,0.02179624512000536
0,0.08923118406746541
1,0.7482786130821768
0,0.002888646238711547
0,0.357651408533756
0,0.08905804070364585
1,0.8900393709790085
0,0.09202770386109271
0,0.09233317193239447
0,0.015557573973742331
0,0.00988421335154285
0,0.799681668773841
0,0.5440008063478577
1,0.34034054067872316
0,0.1240517912478352
0,0.01454184019709685
0,0.0163852836429361
0,0.016585842400318525
0,0.39014225886437415
0,0.14349945462101799
0,0.15468264763892972
0,0.0035144504056122973
0,0.05061834842959474
1,0.4364103325609638
1,0.7119514570424704
0,0.01949228075368047
1,0.894919354189489
0,0.016092085386222983
1,0.8695322190879868
0,0.06493637456598023
1,0.3559468341267797
1,0.9000275483357909
0,0.00974496128565397
0,0.0511103759363222
1,0.2800244111659121
1,0.623339254179563
1,0.8615512265608449
0,0.018809534206221588
0,0.018308020393350073
0,0.2502099519532893
1,0.9549898341382397
0,0.14106437987957068
1,0.9601585412090858
0,0.14440042243155715
1,0.9720948233345313
1,0.5430962008868057
1,0.9152370075375825
0,0.09263182451321586
1,0.5795594953126261
1,0.24780920933656228
1,0.018748559819724984
0,0.025598120743124994
0,0.18196475958551991
1,0.945006843321246
0,0.006699890902381522
0,0.11728151760658198
1,0.8961208051107348
1,0.46524269026362136
0,0.03328688365151007
0,0.0219488639567373
0,0.7824115808447731
1,0.7359007595843545
1,0.9522124350133216
1,0.8513818202765309
0,0.0048562510044351795
0,0.0013664661344038838
1,0.9689348102344996
0,0.011033958768063554
1,0.8672905693823028
0,0.0038370541121412953
0,0.005822127561716745
0,0.018818705110924372
0,0.14083324566269453
0,0.1974256467968671
0,0.08135326080484598
0,0.038291759371143895
1,0.13342518599019165
0,0.8333980554041422
0,0.11321017885451735
0,0.005823192751245097
0,0.030690048733862708
0,0.2235480382148337
1,0.39895962576783356
0,0.009071052524640827
1,0.5478493760526443
0,0.01850729611230259
0,0.01822172469479735
0,0.0011808748830860764
0,0.022700288635715608
1,0.021913129562797444
1,0.8915938110600115
0,0.021247196115366986
1,0.9384149410722721
1,0.9717664887135318
0,0.01403863531116546
1,0.8811373006621881
0,0.3574671034366116
0,0.9168520559545731
1,0.08064848757120509
0,0.005396303153896015
0,0.11501812107323875
0,0.7602668142733339
0,0.019788913022396843
0,0.2868086713377091
0,0.45485759394053066
0,0.3269918106761851
0,0.04319006297723835
0,0.06366688806620097
0,0.005820919393424111
1,0.04049981416890989
1,0.9659030171412184
0,0.028652334676756555
0,0.010783363905128476
0,0.22632993166022233
0,0.049487320429319435
0,0.005474571370641613
0,0.007606602843889292
1,0.7327112247934445
1,0.08945452440323323
0,0.028242591698445667
0,0.006129742690835272
0,0.012643182288288651
0,0.01794432115817794
1,0.8843922870229591
0,0.02672174235287072
0,0.016299263689240135
1,0.004524139894712269
0,0.008994447900186981
0,0.20836897799464735
0,0.013632953158797628
0,0.24041666707529413
0,0.020739598895148405
0,0.009965443409508114
1,0.04321477843581915
1,0.7984559490134274
0,0.70412219821444
1,0.9301416538772027
0,0.3434178084657259
0,0.039231975907357816
0,0.020739067590573753
0,0.003259710760160682
1,0.6240319118505773
1,0.9441663545209765
0,0.001084649921944718
0,0.002820290766400781
1,0.008819547780869175
1,0.9773348555406518
0,0.02765507431795484
0,0.010575929242661796
1,0.8862723697208965
0,0.031291338039148055
0,0.08367248349651685
0,0.04859169276422912
0,0.8681783230466407
1,0.8493950351713709
0,0.005273038387669744
0,0.18011615718811955
0,0.1688796432440347
0,0.008367756637637851
0,0.029608714071096658
0,0.01645588055301007
1,0.045440313757022927
1,0.8667990732063009
0,0.02193314914614723
1,0.6230069023153846
0,0.022983702439758776
0,0.01565215937963614
0,0.0053978217415824245
1,0.9917649479610513
0,0.008596930327028018
0,0.004912933325083247
0,0.037203968532404756
0,0.10043775041617634
0,0.22202497418073863
1,0.460967249861765
0,0.00808210971554485
1,0.20053826954957776
0,0.0021809028670344583
1,0.9653894557845484
1,0.5204497197643292
1,0.8195769414156975
0,0.04322312034191799
0,0.005819302866079018
0,0.010138831029188472
0,0.0867298351572134
0,0.017194041858528936
0,0.002541874494314373
0,0.021614623637103064
0,0.3840341907410754
1,0.0036324522438105646
0,0.0037518390243803925
0,0.01765696825802967
0,0.17882043537303086
0,0.029230921403714572
1,0.66728297082379
1,0.9749580534699727
0,0.011971121207987611
0,0.011833511339973277
1,0.8712852750266444
0,0.16139062770290938
0,0.029024712491679986
0,0.04910908968271773
0,0.06083220167046449
0,0.02976790614916522
0,0.013692055037729764
0,0.7703033068206249
1,0.8378161193035587
1,0.8047695208269886
0,0.126400830972029
0,0.014331049241061409
1,0.7214102075271109
0,0.05262500926595119
0,0.013432658895696146
0,0.038788589778069635
0,0.010336397152305237
1,0.24501114203225685
0,0.035063768138247436
0,0.031177295994656025
0,0.6136907321939457
1,0.6984946873304939
0,0.02964133340356078
0,0.9590663781553432
1,0.7388096576524548
0,0.019824205603228034
0,0.004192754304953675
0,0.01494410336920607
0,0.08347016199503852
0,0.00633380060889523
0,0.007792589269395148
0,0.00731549210178805
0,0.2732845047977419
1,0.02520834274131282
0,0.033615489726857045
0,0.0024809118337128237
0,0.9439149610502818
1,0.9837751571975801
0,0.004935422322945261
0,0.05066843518986514
1,0.4383824550194688
0,0.012928895018404461
1,0.7803507104420924
1,0.813453081339344
0,0.0025083434541956443
0,0.0293984621889526
1,0.9085733832956299
0,0.005396305968951541
0,0.029051450764253903
1,0.6319053760119554
1,0.12337450909154057
0,0.41404754166103236
0,0.02109546458218246
1,0.8999094976387897
1,0.1703043644844896
0,0.018063626244481535
0,0.017701832441985598
0,0.01954745254577799
0,0.02219829200702131
0,0.16242760495138078
0,0.011048655177279026
0,0.04274049535976098
1,0.9539585346025861
0,0.09091275205571163
1,0.04829915144396852
0,0.4343161521744385
1,0.610803122480834
0,0.4286560413523139
0,0.5149102320969889
0,0.34128796619403573
0,0.0012970993043344937
1,0.552478368544958
0,0.06921469676056154
0,0.6091539635221785
0,0.04370768917261749
0,0.5343129753990722
0,0.5991647816769813
0,0.13739331585073383
1,0.4613519062023728
0,0.02393104179392813
0,0.007698633280458946
0,0.06373941093738276
1,0.9744926837573945
1,0.48940118126617366
0,0.0246025219639398
1,0.7994201479153188
0,0.006725775707519297
1,0.6536305117849693
0,0.17472905720822385
0,0.004052885996282711
0,0.02645589897786607
0,0.28251218234758724
0,0.0064766338834607124
1,0.9700625207293989
0,0.2099636030664441
0,0.003454425454696803
1,0.6691020429532305
1,0.935840431027405
0,0.02314738680878346
0,0.005973371027805287
0,0.0022090691293001094
1,0.9686179004517317
0,0.16270769820586628
1,0.1727569475546234
0,0.004978354805980131
1,0.0122923631412032
1,0.6953961567857169
0,0.0009455875078453941
0,0.03926470211759868
1,0.9315230372597214
0,0.001558843298609156
0,0.02621855827221477
1,0.9588662527139408
0,0.09189554458305028
1,0.10418349896045302
0,0.06538568135028362
0,0.014356671057033036
0,0.05449417133626576
1,0.7900769182742685
0,0.004884802103876427
0,0.011783195072876578
0,0.021449040453814763
0,0.010773471249131876
0,0.01711295540567614
0,0.023489149060879018
1,0.9122459392937843
0,0.03498220937757783
0,0.01288820232885756
1,0.9675159614431587
0,0.7371206464481762
0,0.021648653753057297
0,0.5599150152172105
0,0.010762707538664689
0,0.0034323010420497678
0,0.058583259138326786
0,0.24219402310791197
0,0.5740725182638199
0,0.03903874107885086
0,0.01758795450134839
0,0.22721207761451134
0,0.2524925694188636
0,0.1309872489858698
1,0.36473268735642916
1,0.7404966891527016
0,0.073129925964834
1,0.7815811292227044
0,0.0027842373631417356
0,0.017010096843755575
1,0.27790406679196145
1,0.9686775017197087
0,0.010307614085244316
0,0.005148596719144116
0,0.025463880464621245
1,0.33994673123984176
0,0.026642727195066614
0,0.0019979353528728804
0,0.030739339337561487
0,0.02313192536571053
0,0.00621141720412319
0,0.009037007521183114
0,0.06498378026281194
0,0.8902665938544355
1,0.4871151788587915
0,0.6921052144618293
1,0.9217214324978935
1,0.5543400024018089
0,0.019142501077642503
1,0.9802549302316379
1,0.8319997727297521
0,0.09507963640313465
1,0.059888005456675296
0,0.053317187325326726
1,0.2428255128513603
1,0.7807021935204715
0,0.030005832264189777
0,0.0459525110555122
1,0.5248249762642218
1,0.7185203026233643
1,0.9660102681458268
0,0.3324223951885391
0,0.032222297093501114
0,0.008172455109949028
0,0.0014336185242555975
0,0.003939601162795384
0,0.00035757782494625544
0,0.017339547522679993
1,0.9587431181458879
0,0.08678988188022739
0,0.009649198489754325
0,0.012133397644851659
0,0.5798850381590287
0,0.7668487320814844
1,0.9561448262977502
0,0.03939963248610261
0,0.00014301855692611326
0,0.041616839483655584
1,0.6498671374570701
0,0.013805214086022742
0,0.003768803709452863
0,0.021346785294879378
0,0.3099181983735851
1,0.8295577334722196
0,0.07532268877447486
1,0.3553857472788233
0,0.0023359541181181068
0,0.023676967012360627
0,0.006395935386873422
0,0.007142363928937955
0,0.004418619051042467
0,0.040775158614647034
1,0.9861590907472408
0,0.0034824524183708137
0,0.0021524879867853676
0,0.032279021600857966
0,0.005187988023477117
0,0.4743219892341641
0,0.2549538043262415
0,0.024509055596279652
1,0.9638855991589551
0,0.1297169180291891
1,0.834894291040024
0,0.05839945317506462
0,0.0013175870626673627
0,0.006284968875604426
0,0.01320078968506369
0,0.00877958272641712
0,0.07518597273455026
0,0.0517634469411104
1,0.9842384749055649
0,0.0038037079833943667
1,0.7310894973733566
0,0.006212163396497489
0,0.012552189556712957
0,0.02371066107220817
0,0.16914272190737784
0,0.0006260752668530089
0,0.1546797846641541
0,0.38743634447417974
0,0.7298567453709547
0,0.0016473203237986765
1,0.8699639038303931
0,0.010719879571480148
0,0.11429568130370878
0,0.005601742738961238
0,0.028861928497418077
0,0.013098360137610126
0,0.02235865460923784
1,0.6286145733765482
0,0.006396047099410665
0,0.9138501934506772
0,0.9011208802034179
0,0.009231432710355862
0,0.1333580610593348
1,0.9910704434354779
1,0.9383761794871618
1,0.11306956940343837
0,0.022782101768718425
0,0.005562033383021692
0,0.012696742927422521
0,0.001446507431142445
0,0.022688716015009495
0,0.01888844944924217
0,0.0009864177436505442
0,0.15285208193591912
0,0.2073450734461822
0,0.02715490765979503
0,0.09331519404457886
0,0.018008514046287158
1,0.8175417105368163
0,0.0064448406643428085
0,0.11928922020752121
0,0.003886952093365694
0,0.4428115708360777
0,0.0640283236432588
0,0.009798308168921207
0,0.38545172601419536
0,0.015034111812502669
0,0.0708754321340761
0,0.007719561709700321
1,0.25731273590092574
0,0.0122736857493633
0,0.4169791043592882
0,0.03257527378600473
0,0.005105703761955748
0,0.006476915963321615
1,0.8650984670435332
1,0.9566122284873682
0,0.0053437419920177795
0,0.04288602564570415
0,0.043850053802028575
0,0.0035801170431180324
1,0.9703072615590357
0,0.010060519797111494
0,0.2963598904869477
0,0.004928594505646074
0,0.0032351921436875363
0,0.015779318406831454
1,0.975203546258502
0,0.03264375435391529
1,0.5117106381220536
0,0.05769130246019066
1,0.6820622465309127
0,0.009169122549802705
0,0.058986993320868195
0,0.0005077039751622252
0,0.1603684580430753
1,0.9674104115473635
0,0.015110526715497738
0,0.011194243311717419
0,0.08259758974767299
0,0.8695059795894305
0,0.014301986382459627
1,0.7140613037448643
0,0.0309080846816435
1,0.6724548978149438
0,0.48155584225903575
1,0.37540161381060044
0,0.01278033875472203
0,0.13501797060085408
0,0.002160144135732851
0,0.012125892184272949
0,0.008644042481694108
0,0.02450863037760543
0,0.025131551630590703
0,0.01902096457687558
1,0.47591243101537695
0,0.016691493362102728
0,0.0042467857620060775
0,0.042052619987474504
0,0.07646475034255994
0,0.004057967408759822
0,0.00804995356837706
0,0.292325566828838
1,0.012266211679031238
0,0.01787518634283914
0,0.24566357981617945
0,0.916729434577107
0,0.8590229808164738
0,0.05206000197197136
0,0.028600350343290948
0,0.0342911930168161
0,0.0065465760202756875
0,0.015443026946292644
1,0.2391785635895359
0,0.03724770078868712
0,0.16636107408047773
0,0.0020415799608715607
0,0.006782596191835694
0,0.011120744763683067
0,0.03382941107981231
0,0.02262811027406926
0,0.07259241406194925
0,0.021614623637103064
0,0.008765918175750492
0,0.03785857674467505
0,0.03685517904754379
0,0.0762707785991699
1,0.9557287137719279
0,0.027358650447289884
0,0.03370717874244502
0,0.028112010719724422
1,0.8312006802618953
0,0.002819344711164481
1,0.7734080268635298
1,0.9333673633014126
0,0.2983131291173568
1,0.13756008883017506
0,0.060475074665609634
1,0.7426016013948447
0,0.01958283086284247
0,0.024441667200276948
1,0.1972921676173862
0,0.04042005983966486
0,0.09721826215601086
0,0.002561982030735376
0,0.014904102789246209
0,0.04435546426168407
0,0.0061832375646212155
0,0.09922280932528454
0,0.0034953849635898314
0,0.13589954513639618
0,0.007324154408504466
0,0.0034388974132977565
1,0.29554306753848003
0,0.024915064968323457
1,0.9153765547297142
0,0.03360908853366935
0,0.5824626272012251
0,0.0275083125745719
1,0.9585064753509018
0,0.9367168498770696
1,0.468836997311782
0,0.2283470119049878
0,0.02225139578078036
0,0.3496849338031297
0,0.02615830463995269
0,0.005046649529086982
0,0.0006710768062276002
1,0.27098588107470545
0,0.0050195193043434646
0,0.02967415030056035
0,0.018091944658169115
0,0.01340172913781623
0,0.025939220249949185
0,0.40491704335724493
0,0.012191157714929658
0,0.04828242452712137
0,0.0036881834399451244
0,0.01715586536870987
1,0.5309804242405377
1,0.1538249481672448
