target,prediction
0,0.11673130160770066
0,0.012809164992677325
0,0.03363838938184071
0,0.09592365215032485
1,0.6383918835368032
0,0.07647871360443277
1,0.8336232647881944
0,0.01204925921420801
0,0.18549791824896597
0,0.0518646122554027
0,0.027505221891928208
0,0.008172183336032826
1,0.08348205299095036
0,0.06698076570229167
1,0.8838462390269682
0,0.05187548639815635
0,0.016603004842459218
1,0.2641126257462775
0,0.03057937457568368
0,0.05698822821957131
0,0.07865418022811428
0,0.175208321913665
0,0.07136713823755236
1,0.5048508198074888
0,0.01303581908682345
0,0.30950725505465077
0,0.013046394968858626
0,0.03955231290152245
0,0.011274957191186263
1,0.9047643846842913
1,0.16485283573281054
1,0.8730199477755347
0,0.06645755429402889
0,0.049218012317971425
0,0.039725578117136034
1,0.9074174447604532
0,0.022613666735593604
0,0.032161690525849315
0,0.03711110009635037
1,0.9708627383043629
1,0.9120402209111205
1,0.8533449245895564
1,0.2925182988008881
0,0.07632517671947579
0,0.024994794639474537
0,0.024358742466998578
0,0.054803053453099326
0,0.082231816889944
0,0.06884044531643858
0,0.19681254654704086
0,0.06693592870624294
0,0.22959313764563624
0,0.04653075828372351
0,0.04138602627586533
1,0.9404746786202193
0,0.021618366046428767
0,0.36212758949315266
0,0.3917477669364268
0,0.8009933666002359
0,0.0038893239900971285
0,0.029531244089686368
0,0.06155167870263363
1,0.9722427633819024
0,0.02198763109327421
1,0.900008099514499
0,0.5032465659240011
1,0.9711814319011749
0,0.12764225728218276
0,0.02645102863688596
0,0.1904487807646387
1,0.7671624500875165
0,0.024015503518920876
0,0.040544655709158044
1,0.3536704991056346
0,0.04615832066159114
0,0.09210987339472612
0,0.01411827860978642
0,0.013088345728633323
0,0.045582576016970834
0,0.05709683208658436
0,0.140513593575121
0,0.23298383359194802
0,0.042370632090780465
0,0.03561027108913521
0,0.06002067892908515
1,0.9694510816678598
0,0.005140346662025128
0,0.778680610024393
0,0.014814109526001554
1,0.6003311510708291
1,0.9646491560559937
0,0.4415816954301963
0,0.051958475683271235
0,0.051664755888358026
1,0.8869350690631409
1,0.8608804401254428
1,0.17850273731052305
1,0.8688337058398249
0,0.44528079531258924
0,0.10724830864656382
0,0.006602148747413607
1,0.963728762708978
0,0.06308599913126543
0,0.019241046331191457
0,0.32140566327849884
0,0.6781488536565229
0,0.014487337860099491
0,0.7530157663544236
1,0.6306440834638084
1,0.37050836219219935
0,0.013628414758501625
0,0.03467202328365663
1,0.9423812080212963
1,0.026553332646185233
1,0.6740830314094342
0,0.024469070109692587
0,0.01995536078808558
1,0.019421839836671537
0,0.041428908944536186
1,0.44859019889717483
0,0.16046935487934139
0,0.06428064954532954
0,0.02434055066188622
0,0.03067303592255949
0,0.38638824664809046
0,0.18115955977332368
0,0.031201152527494034
0,0.026966374845341874
0,0.012263813345908323
0,0.16212635143890075
0,0.027673133922103074
1,0.33475355950564367
0,0.03179757408462853
1,0.9729963864241389
1,0.8170407654787122
0,0.15884699605879535
0,0.02699783335480393
0,0.017270523106408545
0,0.004917195786645095
0,0.040350556288793187
0,0.02040373303005931
0,0.03788849351810074
0,0.04374043567953464
0,0.018287495183567478
0,0.013832933135566553
0,0.04808333776058045
1,0.6160184204481255
0,0.6333403986739224
1,0.23661161094797015
1,0.9542100854828929
0,0.04870145796426185
0,0.14684334251778264
0,0.118216389692063
0,0.014541012054191586
0,0.03617884539497432
0,0.05862303241380098
0,0.03173977300914353
0,0.014980692279225922
0,0.026931678810799015
0,0.0993492328989419
1,0.7439895134647514
0,0.25223157367167615
1,0.7748495754421217
0,0.3433809334433984
0,0.006635081212314811
1,0.3525271837157704
0,0.058775289775159216
0,0.012761921220239772
0,0.012949671087014652
0,0.00893727949776726
0,0.01319783033668865
0,0.0786168236425286
0,0.07542652800524342
1,0.6498407484223704
0,0.1813577726120246
0,0.011523848429756248
1,0.8884325057738917
0,0.025271482726174715
1,0.6503347307238112
0,0.013302367454424901
0,0.012765852342385335
0,0.05102209623268027
0,0.031038025432574102
1,0.7060970293348025
1,0.9738706326706702
0,0.03350361391222934
0,0.016496272439253595
0,0.01084910404250864
0,0.053987971718314806
0,0.10643937073987812
0,0.018061079891633813
0,0.020189227724622668
0,0.1270434508288212
0,0.02791268782127655
1,0.6865775812281356
0,0.03200230378933572
1,0.9531688732321442
0,0.02621215027338072
0,0.015102275295113442
1,0.4921315440649305
0,0.05083522669661207
1,0.8779892910059435
0,0.012474000401154109
1,0.9347855089192497
0,0.07146055718248263
0,0.05067998676492571
0,0.04693775178232523
1,0.9075988128699956
1,0.9616998602529138
0,0.020919346381219613
0,0.03546396649655082
1,0.7736557255290089
0,0.054362756960199855
0,0.07848726464654987
0,0.02864845704420938
0,0.007635600219030366
0,0.11911601568053294
1,0.22692581706839726
0,0.012921321080701566
1,0.6001284171879614
0,0.4370100120006953
1,0.786326928136533
0,0.023059867488928427
0,0.05758345051841315
0,0.31212205385421177
0,0.10974317528091256
0,0.03733030894609298
0,0.035271691556078094
0,0.04872291719065727
0,0.17331354350231673
0,0.10164226423600169
0,0.08062131631976162
0,0.6790137564632116
0,0.026502391409447924
1,0.9662552738260242
0,0.02065749674176162
1,0.9793291505347619
0,0.3877703626155473
0,0.019070474712945238
0,0.022842744373968413
0,0.01675931806034643
1,0.3428323590379887
1,0.8704265246200058
1,0.955551686472491
0,0.03044715947179523
0,0.4858083509960216
0,0.011228206779328427
0,0.03353893567487657
0,0.03553048664878867
0,0.026871293568150247
0,0.02398814355778092
0,0.007081933875530391
1,0.7080736513819317
0,0.008613394451269477
0,0.013958422375519993
0,0.02074792067315667
0,0.019693426613636517
0,0.11419015069854917
0,0.021992233183440242
0,0.18732278229577157
0,0.045639182821016824
1,0.9437350456759471
0,0.0222368684766151
0,0.09130932436279648
0,0.25092673390262077
0,0.07249928018298087
0,0.20742255966913964
0,0.01697445869907064
0,0.03815107476305383
0,0.007936024721498219
1,0.560192530680722
0,0.008900834989753104
1,0.9795007788302635
1,0.9224420520385337
1,0.35478416628198517
1,0.11353482073047963
0,0.06575640882506398
0,0.013677802417940853
0,0.04456811871888085
0,0.013176287705788705
0,0.023562619720398515
0,0.007197466926648388
1,0.9920602938886376
1,0.9460420529398804
0,0.00563920915829699
0,0.6486051704208188
0,0.10797113865695931
1,0.8108156130466282
0,0.015052591936477584
1,0.2957777586945451
0,0.032042017478422655
1,0.9806365131196592
0,0.010178896569120143
1,0.959509658972857
0,0.17186642866800977
1,0.5805155414921264
0,0.05621845892992639
0,0.0396702174482654
0,0.031494103224584485
1,0.9507608256860116
0,0.18143944305003046
1,0.07131867445513351
0,0.006809153377832086
0,0.01856717080896718
0,0.27745673304087193
0,0.015521853476547833
0,0.01126687351140149
1,0.8912687669728664
1,0.2524673630494015
0,0.15202185325170509
0,0.02471776064671859
0,0.014246000050573098
1,0.9790809008813112
0,0.05085927764638624
0,0.05746659586410024
1,0.2347786336951356
0,0.008205685991470691
0,0.10270662887832124
1,0.9877182242651118
0,0.0502887201566177
0,0.00412046248383771
1,0.9684592362796082
1,0.9771600705436215
0,0.014501881708713341
1,0.9037974867158746
0,0.05806555460959617
0,0.014051985611272261
0,0.8664912603847962
1,0.911915866774651
0,0.05057966308012502
0,0.06174599652371734
0,0.03254857473487712
0,0.39770797314101325
0,0.007563735972058846
1,0.8205133187432446
1,0.9878700238618793
0,0.1200225707014111
1,0.4231072923591684
0,0.022527333925823727
1,0.5653010362681937
0,0.074706495840822
0,0.0167812112771776
1,0.7616738855460543
1,0.8169821018355472
0,0.01724793732866144
0,0.33762085575622686
0,0.07173269919166404
0,0.0211952538774713
0,0.26643854096775227
1,0.9107927020047307
0,0.03616518481496121
1,0.8283140762195319
0,0.18075995374308954
0,0.04079842097012562
0,0.04926422504269324
0,0.025892646854031816
1,0.11084688737904094
1,0.8187128898254529
0,0.024402375614685175
1,0.8903355953510681
0,0.019773154897320015
1,0.5936534779239485
1,0.22955521475483967
0,0.06648830654537301
0,0.021608637185332857
0,0.013607286960483146
0,0.0218539714373235
0,0.025605543579888798
0,0.01840594614150141
0,0.03076852946018513
0,0.19785828234801675
1,0.9700349420562848
0,0.044633986490464794
0,0.010825469752880503
0,0.42820803206645464
0,0.02686425234694738
0,0.036956783302502905
0,0.03583488875814496
0,0.7351287892795926
0,0.17033864187009762
1,0.900747897722906
1,0.9596845023792283
0,0.029736288179125072
0,0.10706052137314606
0,0.40479248960669084
0,0.02671271881430379
0,0.06787468452433207
0,0.03714132212469066
1,0.793846979805466
1,0.8747714939786052
0,0.11826850075417261
1,0.08889486807752148
1,0.9471884981890502
0,0.5180516820132455
0,0.20438857078798736
0,0.018219742292077002
0,0.026938652795586635
0,0.024553629304758986
0,0.01278500433778413
1,0.25867839355157474
1,0.6476633314982263
0,0.14318834416383003
0,0.02080250250186926
0,0.014204202095967596
1,0.8200419342124786
1,0.9513333572053081
0,0.020778965036407453
0,0.23490346099162507
1,0.8742647832601068
0,0.007466583369254648
0,0.008083719726440234
0,0.015064609205944738
0,0.27316686098218806
0,0.006922579298119478
0,0.01319381593298948
1,0.7233012791522183
0,0.8325261438217524
0,0.2525316889972287
1,0.9810113810791391
0,0.05900688304163096
0,0.06766478818926945
0,0.01734382326993813
0,0.5212151534661202
0,0.03543645195903715
1,0.8901610987873391
0,0.03941953069496032
1,0.708820482732486
0,0.04710650131832327
0,0.028232915250045176
0,0.076339884914428
0,0.02079607411036646
0,0.040362544473309156
0,0.051998869894057706
1,0.9708897692178889
0,0.06567231338039656
0,0.022571110128001972
0,0.010179854928131114
0,0.24238194484520295
1,0.6587470183327059
1,0.6386197317598477
0,0.08878641365959833
1,0.8857096406443122
1,0.7477688429160106
0,0.035229474492748596
1,0.8300701049822903
0,0.2670715823247795
0,0.05432825992178774
0,0.9307506156080819
0,0.02275749610584394
0,0.016359242740706863
0,0.014177921674828375
0,0.01795356722407412
0,0.025309032974189682
1,0.9878143106754638
0,0.019642992925992957
0,0.01635008517510061
1,0.1382413504246498
1,0.9196766827619486
1,0.6949948240893371
0,0.19441855390248028
1,0.5028235537696286
0,0.024696745005700228
1,0.9166132432247758
0,0.04034391927483958
1,0.74667056979248
0,0.0952179677478278
0,0.04196846440663062
0,0.03263225989763486
0,0.023983908134604045
0,0.04871507019274422
0,0.01604055589722092
0,0.04869051983249003
0,0.02885634244453719
0,0.03256768154721107
0,0.10124042751175903
1,0.9803166340877536
0,0.035810225834417855
1,0.82719156972166
1,0.858176745751838
0,0.02211923787292258
0,0.01246556605524255
0,0.019946425159832387
0,0.029046658467793394
0,0.033769414308914975
0,0.013443503226500243
0,0.02304607157205361
0,0.11107112089419972
0,0.013538244682856599
0,0.04944850971822452
0,0.02205132531181981
1,0.9549033197195048
1,0.08806926844486068
0,0.05524968332530633
0,0.0507606192913443
0,0.04866137650940791
1,0.842089279223309
0,0.025814234897770454
0,0.0067848794081262695
0,0.20218739385915507
0,0.06920986813154793
0,0.007480170896068849
0,0.03901438978386912
1,0.3717115357845723
0,0.03234644638415579
1,0.9778927924185288
0,0.0103084095584104
0,0.007612167946021718
1,0.64789030431866
1,0.2357280761028293
1,0.9838127792715482
0,0.5340160814346427
0,0.03501622456828163
1,0.2007396376496814
1,0.5294023971993689
0,0.13980861242627649
0,0.019769819671475834
1,0.9337841304798696
0,0.03151189369969389
1,0.9626889258897718
1,0.8690100426674061
0,0.08537695414949913
0,0.10021321401351621
0,0.02868641960970155
0,0.014909722684255233
1,0.5144152378314684
0,0.01718982546890494
0,0.02798185859281716
0,0.041980950389272104
0,0.0466101921749815
1,0.19399455040304722
1,0.34246199912390796
0,0.06351837156354806
1,0.5620705848787587
0,0.023665931282648496
0,0.10168810853230739
0,0.038005996467752046
0,0.08153259578409136
0,0.11656558554536658
1,0.9445087608494027
0,0.04084219085529204
0,0.060639485753239235
0,0.01610100654308325
1,0.6700351665202176
0,0.04190552958965022
0,0.04903827134090514
0,0.016411246832569563
1,0.814014293015512
0,0.15742612562573388
0,0.0380499645375803
0,0.03838704369695798
0,0.6989752868314928
0,0.7324292046739619
0,0.03045885774164095
1,0.811457684049857
1,0.2992491787955153
0,0.024438576558466433
0,0.9205832605873968
0,0.09173464608270672
0,0.39354734172137323
0,0.08115980405037077
0,0.03250698512679472
0,0.0062764076406252286
0,0.3056754454569352
1,0.029739613419945025
0,0.013188572279267808
0,0.17880595239347288
0,0.03467496932093549
0,0.031139702018484573
0,0.03352033116759184
0,0.2774428215949112
0,0.2438608442499908
0,0.028787454262698468
0,0.8164235694411556
0,0.010152240020008151
0,0.272008254516575
1,0.8986617449275163
0,0.027655085295575543
0,0.31486970826656796
0,0.3444132032069249
0,0.012664714333062248
0,0.019322036182647936
0,0.013993370455892324
1,0.9310332018825047
1,0.4284858595668015
0,0.027699640292152255
1,0.9743173037252196
0,0.012197149555427902
0,0.15882719811532633
0,0.02509438177973695
0,0.04127130172889336
0,0.054446465917212944
0,0.03471878284469559
0,0.022549618195159826
0,0.06451024861307074
1,0.986976445772051
1,0.4185193593481514
0,0.06984857863118725
0,0.040754343705131035
1,0.9079513080284417
0,0.08590862969429269
0,0.030573450262455136
0,0.05410951292031984
1,0.7000993332392443
0,0.06065156256675415
0,0.0184431542078309
0,0.8055849411244007
0,0.019254882018103645
0,0.008314156778357132
0,0.5048133374537318
0,0.018478860304345323
1,0.6786174073543552
0,0.06445310936666492
1,0.98503775109687
0,0.8919124088874878
0,0.04622216980847085
0,0.5578117660839458
1,0.8611995040137871
0,0.013846059277408652
1,0.4647850860598836
0,0.03686548946753589
0,0.02499064885861532
0,0.04680422239777334
0,0.050254519425998304
1,0.936398858437367
0,0.7951164586418753
0,0.014648764663508632
0,0.27292420166103726
0,0.01454916832125117
1,0.4552509809913067
0,0.019921443047146978
0,0.08979080863929689
1,0.942644644499526
0,0.028753958568626045
0,0.04781225299921082
1,0.25700624204335804
0,0.031637131301712716
0,0.6267931875152086
0,0.012710170994757679
0,0.00664696814471083
1,0.6846595671763613
0,0.2411289684415071
0,0.04826465447005824
0,0.7339669401861254
0,0.008610823290385707
0,0.24540728031502965
1,0.25886257443836347
1,0.8988998977713657
0,0.17069433089302194
1,0.6591340576267206
1,0.9487108325666871
0,0.009698669260319915
0,0.15439081236064975
0,0.015874498280942884
0,0.02719754579059077
0,0.05068846487852166
0,0.009247961374242948
1,0.8675929115180498
0,0.10681680995057373
1,0.24029727244954469
0,0.7207871776793173
0,0.49154869955162017
0,0.024744266307284702
1,0.45840241061574677
0,0.007456158539123805
0,0.03253703330674902
0,0.014064853943852014
1,0.9162212759483374
0,0.016454311201552767
0,0.19335605584576104
1,0.7134538085884197
0,0.009855082304020787
1,0.9585974516413587
0,0.07158891683647085
0,0.022516585399415416
0,0.04391276291406223
0,0.023991011124940197
0,0.005889970259445765
1,0.6730621578553149
0,0.5714736405214167
1,0.91859525010094
0,0.005366539675601077
0,0.7522703623425236
0,0.009701647373470089
1,0.6700351665202176
0,0.547278868860478
0,0.07927816501368384
0,0.7621795643001527
0,0.025484518564380564
0,0.018958330401792105
0,0.005511665910111261
1,0.2489777792288644
0,0.171585784828363
1,0.40083912393909366
0,0.030155683426989557
1,0.7497350518397672
1,0.8715323322629119
0,0.03345698197677953
0,0.057477426427391315
0,0.11952263658840541
0,0.028380841502184357
1,0.9675698691440816
1,0.41774443481821943
0,0.01417517547447924
0,0.02557201750926062
0,0.007266197648242268
0,0.6568262883390978
0,0.02252374907099861
0,0.07579701324019955
0,0.0031129441144737533
0,0.03501974280743154
0,0.06128012800696461
0,0.5917340326857501
1,0.907209448569461
1,0.17420836907958262
0,0.05606450752624109
0,0.02239281819174083
1,0.9103649539630839
1,0.5584169853455044
0,0.02390991968270726
0,0.018897672413618335
1,0.6241915025367205
0,0.7903024039098524
0,0.14920727489024743
0,0.3246457170199974
1,0.893970327081273
0,0.01803913778391599
1,0.6395747421980434
1,0.9782293729147522
0,0.05360325070408871
0,0.2531048703816662
1,0.8938863498065635
1,0.9386389189156935
1,0.9893630085449446
0,0.01780044443291667
0,0.13638961596746688
1,0.8006256647066152
0,0.03167750680045859
1,0.4709585330188144
0,0.04860934722145594
1,0.49498811519093094
0,0.04713123655196596
1,0.2179402060815414
0,0.013026655061835181
0,0.1300947050915179
0,0.015072786451576463
0,0.015238475727102522
0,0.008081772807068337
1,0.6523311206973891
0,0.049413425731566804
0,0.031241945477294815
0,0.015915609078230128
0,0.062249009343925216
0,0.006626015477756686
0,0.22592093179624348
0,0.04971765535561738
0,0.036503403662013115
1,0.45095664167382715
1,0.3452426716488621
0,0.0345053366998419
1,0.8648255189847289
0,0.08214982211431555
0,0.05827519572269269
0,0.14149324524995002
0,0.18204989562295937
0,0.02099085076192196
0,0.04197213670795487
0,0.013118237898952558
0,0.008737040016887061
0,0.010334107602326174
0,0.7362520970865274
1,0.9243291693396388
1,0.2579752241250207
0,0.012399436797727143
1,0.5544207337148799
0,0.03975661364557143
0,0.01769588397427013
0,0.08547815382343937
0,0.05585290200561191
1,0.9273797286027742
0,0.08027754310694146
0,0.011762366902403069
0,0.08702799942985623
1,0.9760529349929884
0,0.0500692906619087
0,0.010179695603980996
0,0.9335720129844556
1,0.8372472692674146
0,0.08722108443008884
0,0.19736707591109565
0,0.2149699028481689
0,0.11552749274743634
1,0.43488976662422035
0,0.008680553713165512
0,0.018826813509498577
1,0.3407313826578868
1,0.6117231606948011
1,0.18938091447492278
0,0.3588235813968059
0,0.9304722891460464
1,0.9715093678688818
0,0.008230327487847527
1,0.6469732370127068
0,0.030328413699134915
0,0.03307294659992709
1,0.8406891045921279
0,0.8026304674004859
1,0.792184957876278
0,0.11627126349455202
0,0.0819017007991984
1,0.797593353947852
0,0.020865209459737136
1,0.6680197459383522
0,0.04307489092937761
0,0.14078485930911014
0,0.027601421490519192
0,0.04909197616452911
0,0.016540892346457923
1,0.6599903267816747
0,0.043055173044223176
0,0.0243372578512126
0,0.008255720147041234
1,0.8154140863217585
1,0.9546775420339324
0,0.023974225930334065
0,0.0175808375087736
1,0.9823496284784273
0,0.05222527814142042
1,0.47893419126860465
0,0.03121818140428948
0,0.012301489057788809
0,0.009082806829072154
0,0.04263404944797802
0,0.04193340528293018
0,0.47557219802181094
0,0.0935171931604625
1,0.9738378710297849
1,0.9469352337389236
0,0.28022399921431235
0,0.037975489231013855
0,0.03185649783364513
0,0.18344451121477842
0,0.004758564971379814
0,0.040610964576719116
0,0.08149832265963107
0,0.019596215200797594
0,0.027431651428606738
0,0.025164966417928383
1,0.694856767097978
1,0.3556759997397023
0,0.07065472549920782
1,0.9093010390362958
1,0.900299402591818
0,0.46368996803478013
0,0.7588895141679894
1,0.9818531286821043
0,0.08385322366984106
0,0.019059402920350094
1,0.8549736489794162
0,0.02378088171315738
0,0.01114944571671172
0,0.18675086747510683
0,0.06079482931117902
1,0.025341168027706105
0,0.010663645671855371
0,0.011390017793290054
1,0.9827185239223469
0,0.02112086292724824
1,0.8493222334787076
0,0.009604157753555087
0,0.02041823218482743
0,0.025678809792834396
1,0.21947391524270618
0,0.0116110926706426
0,0.014122893014684916
0,0.032577817445407053
0,0.1731996199692266
0,0.016714884024057262
1,0.921674653340732
1,0.9481048782125484
0,0.024304147729331562
0,0.04358585378929818
0,0.06225002785571045
0,0.016963161340296712
0,0.017878517520482418
0,0.07982508282047421
1,0.9677459722423781
0,0.02289829955615957
0,0.7216769728124176
1,0.9671415746690576
0,0.007147835322609572
1,0.9017455918746057
0,0.14518477231714488
0,0.008034103511169625
0,0.4320523020716557
1,0.4604441984427605
0,0.04091733294716892
0,0.008658252643374343
1,0.7647048837349733
0,0.13291935185460993
1,0.9463699452210999
0,0.01995542830599682
0,0.020491255281286105
0,0.9165714448768595
0,0.02732725594662813
1,0.8534805621611151
0,0.024557642657174434
0,0.028796478723836536
0,0.01713322985276539
1,0.21689902512066858
0,0.00859167324547085
0,0.13010956861945158
1,0.4230343504038634
0,0.019735376999795756
0,0.07952752719334644
0,0.007586215221060377
0,0.23055925123622703
0,0.09238004371114851
1,0.9745402504847157
1,0.521448748309652
0,0.02498031491171691
0,0.04810238953094278
0,0.024860331969190203
0,0.023198258460547704
0,0.008170263093260946
0,0.01931065629779031
0,0.22582667720955413
0,0.06185247038870898
0,0.032795353740122046
0,0.09249322186569973
1,0.832777462868868
0,0.024572064443376784
0,0.29306065364545025
1,0.4705384517375568
1,0.9652249320916021
0,0.014489717566936025
1,0.9270345676241047
0,0.03794468072905662
0,0.019498021757359502
1,0.9216843702415405
0,0.2613652829666214
1,0.6605278810201971
0,0.05162098022352169
0,0.013572543234922779
0,0.11657074238005023
0,0.018143279994535293
0,0.020012122440405684
0,0.029853711284888815
0,0.058132544679790954
0,0.017680536013939062
0,0.10167048827280459
0,0.016651626935586195
0,0.034544515194451876
0,0.6597872279957988
0,0.0913181439023597
1,0.8611486895311385
1,0.907163737185833
0,0.7243836275966413
1,0.5796412239823967
1,0.5531790792748844
1,0.10637451493953513
0,0.04987726944795872
0,0.06363968622511615
0,0.07493649959501733
0,0.481699445101643
0,0.0555723657333669
0,0.9181889703273061
0,0.2493654575685503
0,0.07578781613917326
0,0.06961043365735299
0,0.1208436961228878
1,0.8464183414385013
0,0.06254363133973782
0,0.17045910361694794
0,0.06171107740534477
0,0.028969617378844743
0,0.10101849134958697
1,0.7198199120537345
0,0.012577868668932518
1,0.9809177298135899
1,0.967757783480196
0,0.12815066096649247
1,0.5320837576586718
0,0.021461956821060807
0,0.016729772344836906
1,0.5816088446231172
1,0.7459345739160888
1,0.6445980602486284
1,0.9463027767890247
0,0.9501918735952256
1,0.5358391690383444
0,0.015350867809814681
1,0.9362499412066198
0,0.012685821827642439
1,0.6783213299033045
0,0.05854798566566202
0,0.02624841280064202
0,0.08185936378591493
1,0.731933913896619
0,0.03143280284614381
1,0.28661323003056344
0,0.010543476091461765
0,0.0345337703032344
1,0.9656435417790831
0,0.02051421644477462
0,0.7444847151826732
1,0.77757466043223
0,0.4721165033101314
1,0.6962894838784013
0,0.04176529048162809
0,0.03946190212545696
0,0.045562612255735296
0,0.027816365483605096
0,0.04001161855677077
1,0.08134041048473371
1,0.038506461812807036
1,0.8682925493485563
0,0.2202404665784666
0,0.5549981749269237
0,0.06624675089797571
0,0.013369168274753094
1,0.7196896253441198
0,0.04671830206566655
1,0.9408998967867394
0,0.007251797219898582
0,0.009616834505616944
1,0.23296275003247605
1,0.9572070558251619
1,0.7994047229775404
0,0.06283070377782306
0,0.017022319974085806
1,0.9288824058931626
1,0.5590097303336898
0,0.04238634295513253
0,0.04276703748444206
0,0.025243494327193316
0,0.023288043381341262
0,0.2867069851730723
0,0.059478997065206804
0,0.01592480296825763
0,0.021708066316739594
0,0.06689425571704907
0,0.2167570304769393
1,0.09516923797295
1,0.91515333722507
0,0.012128006109864886
0,0.003914005880337506
0,0.10787782744547333
0,0.07112068850398999
1,0.9581170841645525
1,0.9548556634363559
0,0.014968607195017634
1,0.11470069312031304
0,0.009939061429519684
0,0.04194425755169204
0,0.10524025001281838
0,0.46611199493964267
1,0.8977898692009012
0,0.008109672842058815
0,0.02887480140827269
0,0.05481522374923935
0,0.01651321968061296
1,0.7193173763173768
0,0.013463398582851548
1,0.3820710390486062
0,0.013589863716335287
1,0.7458780798881823
0,0.02358153699857481
0,0.044549578779078926
0,0.03492380482464073
0,0.03580588562586522
0,0.05862256677655607
0,0.03746198043210629
1,0.7908813216912451
1,0.7778642075964369
0,0.07553125542056303
1,0.523311456545977
0,0.0143419308865678
0,0.004123007126392615
0,0.0061809592960790204
0,0.0259547307974067
1,0.1614378434502367
0,0.01084279627908387
1,0.9088939984806345
0,0.01584795998581427
0,0.051019367098189314
0,0.03218223342579001
0,0.27319457597309066
0,0.08572730093026935
0,0.017838517255325797
0,0.06739111250896827
0,0.020555275960378715
0,0.2883451284159664
1,0.9471494170415805
0,0.03819570676188284
0,0.01686757775717541
1,0.870795029184965
0,0.12662546452981124
0,0.014048885537246267
0,0.02833409085291636
0,0.03281760220049943
0,0.01755924231077985
0,0.06524943999254454
1,0.7794203670826485
0,0.02041264204930797
0,0.012442483326903793
1,0.7070347364296654
1,0.7366803484045665
0,0.06179332082422923
0,0.03724271442361715
0,0.010199960901190252
0,0.08690142172331994
0,0.033969537361650516
0,0.23598066003550766
0,0.7201416003399405
0,0.04090414390488384
1,0.8597566874783749
0,0.1413905803165212
1,0.8757425173961926
0,0.33365380358005925
0,0.024811842364545103
0,0.07739421740402114
0,0.012360809746731906
1,0.41751747142867274
0,0.013359074658999458
0,0.3629603351425581
1,0.8820128226187699
0,0.03681017210374793
0,0.39983714903434964
0,0.016589363552723075
0,0.03333352565690882
1,0.13182380011225453
0,0.03213721052049944
1,0.09270142976965588
0,0.1405192313232578
1,0.2191990213486011
0,0.014341133042793327
0,0.1917281191779413
0,0.025802734632004463
0,0.014490416575327528
0,0.006474477816423128
0,0.004965622019270875
0,0.02158184953589436
0,0.043194861195984764
0,0.09824949243197345
0,0.012596184646484996
0,0.03823434474947244
0,0.017443573392386044
0,0.03249005854069808
0,0.10720443990038533
0,0.06091597188070483
0,0.021023115696891748
0,0.25977924103594524
0,0.11604433002590762
0,0.02702013001806315
0,0.01835349028935126
0,0.019294301630024772
0,0.13280216289338775
0,0.033581274308759415
0,0.01913535578499484
0,0.38861186279846716
0,0.02408598329030369
0,0.042294152888222074
0,0.04148131470379311
0,0.022869494829042613
0,0.24548488723072556
0,0.006532917409738664
0,0.028491061706876004
1,0.9698756466253757
0,0.4278202399851974
1,0.9848448100051169
1,0.1304216681076748
0,0.025624937351226538
0,0.013940621131273472
1,0.13584451829045746
0,0.03507965975541345
0,0.03555691009991845
0,0.786326928136533
0,0.7155091958125187
0,0.014555796537292342
0,0.03189519361585928
1,0.975623847740359
1,0.9632120984168908
0,0.049841566313335195
0,0.016445405851645122
0,0.0787952814477054
0,0.11650208564978684
0,0.2289240733976579
0,0.04053672062046614
0,0.6920906202428383
0,0.011877221308537318
0,0.21541308967879536
1,0.9202613335730816
0,0.020675101368158276
0,0.18043577807465275
0,0.021194936454111482
0,0.06435037951372513
1,0.07355046915841208
0,0.005632880692130141
0,0.035543611766001786
0,0.052442076229722544
1,0.8028930164556976
0,0.17703282810106316
0,0.028066616925397005
0,0.03908189070388829
0,0.19297597776536501
0,0.13066723046706163
0,0.5328557015121037
0,0.021207920868370186
0,0.527528340264177
1,0.9537347720378886
0,0.049279300418823994
1,0.9421941205931562
1,0.2111793577182619
0,0.014522073573059466
0,0.7518766386170097
0,0.01704024818517232
0,0.052787900121553044
0,0.052548431427690445
1,0.4070884794240961
1,0.06845595984095884
0,0.07477095936210022
0,0.03363118495491402
0,0.0228972987390558
0,0.4455536113472867
0,0.011633863831181418
0,0.6037710514850568
0,0.02503005549617028
0,0.02141259567955126
0,0.029953211155056635
0,0.2650283538099635
0,0.06966830558868119
1,0.4110076351942134
0,0.03939912769283149
0,0.008362729100465562
1,0.7999092798461132
0,0.06392483637014477
0,0.28278520044610034
0,0.026889682836222607
1,0.5638604241472477
1,0.8477167674920772
1,0.9422576346371317
1,0.9291722555110826
0,0.04993326355074987
0,0.015868436281708496
0,0.011145328592805988
0,0.012901961538685227
0,0.5451500851876091
1,0.9571644385606668
0,0.012738552716916308
0,0.05028852684149205
1,0.9615541009920953
0,0.16958853676125138
1,0.3718918351655262
0,0.062193027092882186
0,0.07837313510469665
0,0.5332241776125843
0,0.013149056615175351
0,0.025690919655192733
1,0.7747940597974539
0,0.027125637364916307
0,0.026389505749522285
1,0.6495718528432515
0,0.03558090789419636
0,0.03157393425111525
1,0.08244886261591582
1,0.909657118274511
0,0.17016455104248163
0,0.013056161404375332
0,0.4825921947390157
0,0.39617267052660315
0,0.1348617572684555
0,0.014158645276006793
1,0.9003348596470376
0,0.42612499310520646
0,0.08176647805832371
1,0.4578269157072557
0,0.017525830684453805
1,0.28355889710444415
0,0.2245496258293535
1,0.05370242062409507
1,0.46361590807525943
0,0.003431814809556915
0,0.028364545383857877
1,0.030676846656805586
1,0.39589660652122693
1,0.5092618621083738
0,0.06337936048126298
0,0.049792249179749
0,0.1345795891578805
0,0.019544465278676718
1,0.8643584384335923
0,0.4875716107707993
0,0.02152609186280398
1,0.9517482774244082
0,0.10512222842118947
0,0.4348591676318003
1,0.8998880311722158
0,0.011504190355430176
0,0.06312144423189578
0,0.6608799194038634
1,0.06908021310775743
0,0.5702088780843863
1,0.23164036718558859
0,0.1859262999639923
0,0.059969075724871035
1,0.8633005074345752
0,0.090416771949679
0,0.03444208590102921
0,0.15208943217481485
1,0.7326382545421816
0,0.03661897185204243
0,0.036333255918459956
0,0.01747832697374555
1,0.4887119279047465
1,0.9499896046907996
0,0.012709154652627808
0,0.040525329098929336
0,0.03823120833380434
0,0.05962624674079306
0,0.09105876552163332
1,0.94715131609564
0,0.18167710008596563
0,0.2487553249112955
0,0.20091636894559317
0,0.006842767348706075
0,0.12265175968025331
1,0.9573270757814593
1,0.12915463532556368
0,0.02978564724594811
0,0.040058982077491596
0,0.04780614906570164
0,0.7543302242189854
0,0.02589239324264624
0,0.05073953594681803
0,0.027205134150677
0,0.8861351926764529
0,0.4564022349516845
1,0.9197353292171527
0,0.009819373906232637
1,0.9329996969430427
0,0.18389842838219558
0,0.4140130630253304
1,0.8389513768124928
0,0.020575367975511873
0,0.12955611174625975
0,0.004441633363602723
0,0.027518098223377353
0,0.03229758789126231
0,0.07097984688933244
1,0.8130724484855669
1,0.9623060494795128
1,0.8519678756411695
1,0.8985641609019218
0,0.020116984127189937
1,0.9086476601241437
0,0.02910145498393082
0,0.11679563366215194
1,0.012374492369961994
0,0.013254121056272907
0,0.009274254452882068
1,0.9894122376270681
0,0.7901467880969985
0,0.05979987782988157
0,0.7029717735614299
0,0.04944542350095874
0,0.013834325648982425
0,0.016109519102831184
0,0.018841660636964956
0,0.023190296467188808
1,0.9337053282999129
1,0.9753994860883417
0,0.5101583190110743
0,0.01114912485784659
1,0.056143934453147006
0,0.008180741979109937
1,0.3926752520932863
0,0.15590453067189425
0,0.014736857806869185
0,0.30193135986153946
1,0.8982356074323689
1,0.9653605626865553
0,0.07062953646011713
1,0.9586021889990184
0,0.034529879867472316
1,0.2479916833285406
0,0.8333201363764993
1,0.7738062625221149
1,0.9872138951335793
0,0.04090369469442706
1,0.9279790935696866
0,0.034048061748568545
0,0.015608515129099387
0,0.016360912158167616
0,0.10744735624880333
0,0.020391984303895064
0,0.015378851744292802
0,0.0792931894003119
1,0.6604240631054406
0,0.033028783501061004
1,0.9741594447400366
0,0.03769735108238768
0,0.2100939465836213
0,0.33709997350399595
0,0.011853447435512976
0,0.03870487328712117
0,0.059929858391800275
0,0.9056959318242108
0,0.02031061676471038
0,0.7883507579803284
0,0.049907870569894965
0,0.03531842739820698
0,0.04312659496636601
0,0.04668859341844158
0,0.04298922542240828
1,0.5253653491879872
1,0.28330347298530184
0,0.6954691776019473
0,0.059929558631410196
0,0.009012508293282139
0,0.030899607945325445
0,0.026296526233311208
1,0.36409509513048777
1,0.6329263549161926
0,0.013751112178348086
0,0.014676287467720272
1,0.8561536370957354
0,0.11135926496532324
0,0.006602535188817576
0,0.04032200680475547
1,0.9507335514936142
1,0.8544613529574506
0,0.01180101209184104
1,0.6362787775282503
0,0.03996698792084538
1,0.051598619463894276
0,0.0768772337760189
0,0.11100622801244456
0,0.022965606126898234
0,0.12980548218235147
0,0.0486887262372408
0,0.025963553044174414
0,0.028934428930930275
0,0.014169094917925193
0,0.012560808885183588
0,0.0031343240283291593
0,0.04332181898509684
0,0.03387022519602387
1,0.9519524103614191
0,0.056413923409736534
1,0.9546610392635121
0,0.026029778241728908
1,0.03490217984315304
1,0.1295784903503259
1,0.8178447013721044
0,0.09304241453374912
0,0.03049486474557875
1,0.9716448526289414
0,0.06274759160558539
0,0.09411819050187707
0,0.027378741405621267
0,0.006503984693904853
0,0.008676355792117481
0,0.779546602034192
0,0.034036563856559746
0,0.09646981548874506
0,0.01574225285749364
1,0.8616529598455209
0,0.02465069000742175
0,0.05129941592277958
1,0.8157863102806197
0,0.05308322049409486
1,0.8338054598348131
0,0.015149381743273047
0,0.2222253944224881
0,0.03759659807651964
1,0.10374041083338545
1,0.28882886012046255
0,0.5087743999026684
1,0.027972776232131052
0,0.115811478156647
1,0.8049904665363536
0,0.021559745205875516
0,0.03404935713919678
0,0.012384473132088712
0,0.7508720793759175
1,0.9712128391097579
0,0.05363120300818039
0,0.02063194522433856
1,0.6187900681272956
0,0.02688281684670738
0,0.009618370467013667
1,0.05705758065178019
0,0.02488036647779851
0,0.03957792388936943
0,0.2719889459893366
1,0.8831684637611453
1,0.8665653871221501
0,0.053780816446854236
1,0.9176888391929626
0,0.0169981141015636
0,0.3573083688641726
0,0.034120473480237265
0,0.016308183716597854
0,0.745813729262871
0,0.06669562538331363
0,0.04232082671264323
0,0.008568515916760716
1,0.9045170922207347
1,0.7231140649170741
0,0.008953366272631462
0,0.007942731395099054
0,0.027701214528095864
0,0.6161747032145147
1,0.5175634548705732
0,0.02697639402032331
0,0.010473441376077303
0,0.03821643494234829
0,0.012929534445550808
0,0.07685854369331294
0,0.032292461432021066
1,0.04076787531670643
1,0.9777414135766954
0,0.012962089160900938
1,0.889491646371651
1,0.7973732834383671
1,0.9916032476708362
0,0.03802458851578163
0,0.013761406294261685
0,0.07661344177924083
0,0.783718175303536
1,0.3352444747751608
1,0.5832462682192832
0,0.013553194528258516
1,0.5822270661327216
0,0.04320413241641758
1,0.3874838203861727
0,0.012471032328728801
0,0.21824256243739665
0,0.7364411421899747
0,0.3138478435904314
0,0.14654556010655564
0,0.1690782436105899
1,0.7377966003003122
0,0.013595227404894073
0,0.014782141433794992
0,0.04200872396065721
0,0.03378757531866328
0,0.11581950449020932
0,0.018886227787594186
0,0.038993508403230764
0,0.024527362740104038
0,0.041832413570014264
1,0.6383343946171381
0,0.020970804483722447
1,0.8382399301029706
0,0.018731143082789836
0,0.009059423012806768
1,0.25579362928630395
1,0.6571936277305197
0,0.05121617202776249
1,0.060017956165354096
0,0.020362647669635258
0,0.02120978045444593
0,0.20567722169479336
0,0.03305871959463375
0,0.0510374842544099
0,0.016573468509689583
1,0.393079420457106
0,0.5445936167044078
1,0.31383432554162183
1,0.2153420637684151
1,0.5617593009251577
0,0.046790974441975976
0,0.7575404324552563
0,0.10373236838483531
1,0.6958961775294477
0,0.09989675290901674
0,0.026071748489986207
0,0.04377586838090005
0,0.019922074816824762
1,0.9070596659221329
1,0.8500332406287725
0,0.024001635522290628
0,0.015702355845151415
0,0.029558053272302487
0,0.014593741520602476
0,0.07236962740125039
0,0.05176860245234418
0,0.027180150707249863
1,0.9116084102338853
0,0.04016619575977139
0,0.024836964836177824
1,0.8715590793408015
0,0.01689156323332714
1,0.3808890315020999
0,0.02262665344779597
0,0.7681287154602617
1,0.7435828421724048
0,0.013685126545293622
0,0.09440153112796727
0,0.00999096022125325
0,0.09206642223868163
0,0.024030776708573766
0,0.0186543049735611
0,0.04538617839931343
0,0.043922075418847836
0,0.029159593543150515
1,0.9468192844328843
0,0.016951213173954264
1,0.9858609153044625
0,0.030248635095788987
0,0.018312811539645462
0,0.022578657070570014
0,0.01756119427846927
0,0.04188203407455127
0,0.008466746849632873
0,0.039912961758527606
0,0.07158650919178179
0,0.8948725231293704
0,0.06219174088859178
1,0.985803354726999
0,0.16591314958362896
0,0.014734483573387221
0,0.007042350461604553
0,0.04259241768826186
0,0.8513004311478571
0,0.168246540034532
0,0.017390279830181234
0,0.08274392962327577
0,0.02775052335992739
0,0.02317212901210245
1,0.898841448426174
1,0.7399227498734793
0,0.010130551437239779
1,0.4982317276243933
0,0.016024085630558474
1,0.5242461815912046
1,0.9440875427126518
0,0.040181897609098675
0,0.004815042665415134
1,0.9311132662226217
0,0.021681112914113773
1,0.8048888557066365
0,0.5095127784542154
0,0.059784162794332935
0,0.10531872086517759
0,0.8375498768375924
0,0.025569565817770906
0,0.024765724312244445
0,0.012807940913559069
0,0.08946451356795945
1,0.9538949357356618
0,0.05805138951423952
0,0.8250715789495074
1,0.45674591364616063
0,0.04863880500484676
1,0.13337448664071525
0,0.009865954628654996
0,0.017417357589456887
1,0.7612697148659042
0,0.03702397492703587
0,0.037570128061196674
0,0.7157679991987789
0,0.03690659874274831
0,0.08997803081472452
1,0.9482423118859985
1,0.5443876799928675
1,0.8699291492849558
1,0.5529052569446338
1,0.7048250549437639
0,0.08189558851865758
1,0.6864477298627911
0,0.02006596514165948
1,0.9177822746403674
0,0.19561027419130553
1,0.9387351582636971
1,0.32995107523275957
1,0.7177245349838398
0,0.0908651105745531
1,0.6316415663020617
1,0.6489468409492749
1,0.8412518086254615
1,0.4906319754425747
0,0.05518648933576503
0,0.07610300234328223
0,0.04119589297461213
0,0.05686179227191969
0,0.06149013018386738
0,0.01189182492736903
0,0.03545108983475726
0,0.22593611145934253
1,0.5335123661290837
0,0.014797743343756496
1,0.18257777617981524
0,0.021380251869043222
1,0.9655135646632359
0,0.05536938427274888
0,0.40009061590700434
0,0.6096103709347178
0,0.48487129881950014
0,0.07038184324276292
1,0.9766597028605605
1,0.6958777988383112
1,0.8530363230456383
1,0.7435705273345349
0,0.010752676805664649
0,0.11966330973556798
0,0.03330169347101421
1,0.9780363095529004
0,0.018611597974730647
1,0.11145581402977964
1,0.668648792095274
1,0.42689723673179886
1,0.8323565160251495
1,0.8558331862379853
1,0.9228391930763076
1,0.9840058736863746
0,0.03186062902383135
0,0.14018114533593778
1,0.4601202986071377
0,0.08498340639465428
0,0.33696474215734734
0,0.01832008989492674
0,0.052131686973939266
0,0.03682632359420964
0,0.0295557036330682
0,0.032009611979211525
0,0.026584617563269245
0,0.020854498877376327
0,0.007774617246232299
1,0.41036458675639936
1,0.8933318044560217
0,0.03789855629625322
0,0.01857429637250242
1,0.9405273161284486
0,0.17375411645269062
1,0.0594281150759685
0,0.028387025135477705
0,0.026093635359952586
1,0.8479566081083073
0,0.04083933462916441
0,0.353285260019111
1,0.08802641621269941
0,0.09813100810965202
0,0.03469248633594376
0,0.013085904109741817
0,0.42249777656768456
1,0.9285256773790981
1,0.08455192821628074
0,0.028343963180541918
1,0.8879491834637959
0,0.014228078829882517
0,0.03106149807418188
1,0.019101604324712345
0,0.023919734767372535
0,0.01468254199902732
0,0.5527867615146969
0,0.010472614380387959
0,0.03859503138212196
0,0.6241414916766432
0,0.20071721130690512
0,0.010358542782555344
1,0.9556457657420747
1,0.8746249244131281
1,0.40559569946100554
0,0.0841342961486547
0,0.016545621426370637
0,0.028640930044770446
0,0.01258556749904781
1,0.8153446067928355
0,0.19192810315857764
1,0.7280140332519828
1,0.9639080969225599
0,0.03824854979468601
0,0.006722149017866994
0,0.3427091838912291
0,0.18389784941512285
0,0.012182948043187761
0,0.11685264542030135
1,0.9300493808717641
0,0.0601003425981331
0,0.06428064954532954
1,0.8584613602584793
0,0.0782498678962527
0,0.006244672143839074
1,0.9502084717908191
0,0.04077634574534931
0,0.6906673456390572
0,0.7315748534252713
0,0.018732067556710186
0,0.017188909975197002
0,0.017120650257929904
1,0.9619839050590863
0,0.01729667885586878
1,0.972780851028427
0,0.005834622922953762
0,0.025418658084912008
1,0.10527315356348796
1,0.9863599086253473
1,0.9724630523901271
1,0.7335655607639929
0,0.006882804267148742
0,0.007143313585872641
0,0.02577659438030694
0,0.004953935243077649
0,0.04298007825578808
0,0.03157362722722487
0,0.010565143891194938
1,0.8929970352448461
0,0.009260079832846026
0,0.01151626178524072
0,0.023265142538881855
1,0.9789781933430242
0,0.046239998652432404
0,0.011881520499092137
0,0.014338180539442406
0,0.07132794643956893
0,0.26186955672670775
0,0.015209090460596696
0,0.15311713155278822
0,0.011590280778096032
0,0.04481724409130817
0,0.2199210552821275
1,0.9819116985911801
0,0.8688123709528585
0,0.02891794305483866
1,0.9692467371637395
0,0.0327199537384425
1,0.6681068695360844
1,0.65643502621136
1,0.9244153052430358
0,0.2403528759366865
1,0.9172104842915466
0,0.02967097724084819
0,0.03412098924819747
0,0.04208749316127968
0,0.0141839334604719
0,0.7866093426766562
0,0.04036137911153965
0,0.3682721605246998
0,0.7095176873599498
0,0.02365649325378956
1,0.8931187121213325
0,0.351923587642693
0,0.26146820858988146
1,0.4234948369843386
1,0.043787459422811224
0,0.03457854398216227
0,0.06632910286350409
0,0.06782351677396554
0,0.023212683590477352
0,0.021011769929253802
0,0.034347890807632675
0,0.038931865447520184
0,0.019766998326274952
0,0.32092323086280655
0,0.007800618935572595
0,0.02436526189798331
0,0.013433354552770812
0,0.07840991638904991
0,0.9550445112948328
0,0.04567107317095492
0,0.6775749198523584
0,0.02595681417855515
0,0.16089924471799555
0,0.009347769679208688
1,0.9606011791910852
1,0.2715420231232229
0,0.13357895447230358
0,0.01593578049836345
1,0.8430661284444404
0,0.322834379969502
0,0.02654514222885866
1,0.3503713235193282
0,0.03325913609315212
0,0.016404142185837637
1,0.17565284691658115
0,0.010615444813318595
0,0.21203044845774754
0,0.03669228061903494
0,0.027327995109523034
1,0.9178479047687623
0,0.6617260321268978
0,0.04061943129622367
0,0.011669850329085529
0,0.0747590388062549
0,0.27221339854301346
0,0.35013223872306587
0,0.06334544198781014
1,0.9919557531923763
0,0.01383171829235233
0,0.04888730715906968
1,0.9461608818798739
0,0.042564036130774814
0,0.02796450215883992
0,0.30306862836721526
0,0.01798031599268294
1,0.6667964474324048
0,0.020772180872637682
0,0.023158590739223793
1,0.3077740901451778
0,0.5508652924917704
1,0.8220918657343794
0,0.008271147564347731
0,0.03609981964062782
0,0.6110824307612105
0,0.020265265642633878
0,0.021348351315166995
0,0.014058314987676861
1,0.7097972645414856
0,0.03302295657218713
0,0.0352375384462092
1,0.9873366800924365
1,0.5105476513964102
0,0.016574950186342374
0,0.01740424507802883
0,0.013360683143517097
1,0.9181970518149118
0,0.1897439667226506
1,0.25183994704557133
1,0.39077205881065563
0,0.04522157044407643
0,0.36623518033958236
0,0.15128760877896222
0,0.14421155659001045
0,0.015928671410797155
1,0.8877542274252184
1,0.9133648904253617
0,0.008037724629653407
1,0.07534279935482432
1,0.1731996199692266
0,0.025202529525537816
1,0.7295918738137253
0,0.027178615424355672
0,0.8096022328700561
0,0.31566420128523787
0,0.022735494068461495
0,0.662174735907205
0,0.23963538002854304
0,0.03994571029860201
0,0.833864444080222
1,0.12965010249650005
0,0.049657256100953895
0,0.16694256467160457
0,0.3702247719016061
0,0.5557846002622625
1,0.5627253851144018
1,0.9334336296297453
0,0.0654665766147843
1,0.8532000058458166
0,0.038401527901002666
0,0.058580495387459595
0,0.02950174207622889
1,0.7821628093210183
0,0.05005966114600629
0,0.013269741744858038
0,0.030247710742045315
1,0.6608433203043751
0,0.05187548639815635
1,0.9137161196292688
1,0.1819890722090454
0,0.047261918665995044
1,0.325162647592474
0,0.02147620248133932
0,0.010565541850803254
0,0.03907780882512752
0,0.028541283239037228
1,0.5441464148501806
0,0.7770483511635043
0,0.10475107984624209
1,0.9322882012721002
1,0.9787756306544773
0,0.02539879278161432
0,0.02134596665868419
1,0.028974136048945238
0,0.018324937943301367
0,0.0444875113533476
0,0.07639992754961207
0,0.5522376624692059
1,0.9202773557533054
1,0.6482873407264347
0,0.4082169695596276
0,0.29426663543955206
0,0.040719537998584174
0,0.0864776395056104
0,0.04868253152883543
0,0.17130062874388818
0,0.012407384585814557
0,0.017040945471893356
1,0.9850557447270787
1,0.9630923735674569
1,0.9740369699225186
0,0.03468862779608602
0,0.03078833236052677
0,0.03686247380375825
0,0.3832332460877796
0,0.08948391481152912
0,0.01755559124160712
0,0.023317601208453945
1,0.13300515055995069
1,0.8048358859661633
1,0.8198615730048233
0,0.03891112780511506
0,0.26869164119376726
0,0.01611310938484902
0,0.03134738413435963
0,0.23389913865952017
0,0.013039551872457375
0,0.04339998465947369
0,0.02467462030036799
0,0.05286586349969068
0,0.021146982762590825
0,0.016924702640062864
0,0.04493313415530196
1,0.2009579413588693
0,0.79568826204509
1,0.7902559195391207
0,0.06739564153464553
0,0.026711635770478994
1,0.9717727984657031
0,0.015998511992282475
1,0.13243083450397955
0,0.028375180093126444
0,0.028426772210124646
0,0.649154378771173
0,0.09934203690058312
1,0.7080320826353645
1,0.9615881467659989
0,0.05483186870728785
0,0.028822181959841972
0,0.12450157387258318
0,0.15639283139296842
0,0.0166657198678597
0,0.09127444263801723
1,0.14321518223813343
0,0.028472686274589293
1,0.9573881508854615
0,0.5851118143617987
1,0.8301989010678149
0,0.03421166674063206
0,0.06708289842920474
0,0.04567704286143806
0,0.014638312647878458
1,0.5672578630441302
1,0.914495431606086
1,0.527730684736344
1,0.6873503387210509
0,0.04060660035276058
0,0.03257628488634086
0,0.013846556045182663
1,0.6612530184504369
0,0.029139420552952423
0,0.021679413260218373
0,0.04932524137157035
0,0.12902979558017133
0,0.5302718341783866
1,0.7493086190766034
0,0.23120816098139568
1,0.8487791505361963
0,0.054370509639865526
0,0.03773200142832322
1,0.019321609234876063
0,0.06108372543073566
0,0.005968194994015893
1,0.9053483414771286
0,0.008280127790054687
0,0.039840595923987795
1,0.7391292939679972
0,0.09997095590602197
0,0.044013982348300285
0,0.022945162794102202
1,0.8077707096470482
0,0.03345561035599997
1,0.9849958951588929
0,0.009322496364341529
0,0.027735017886420615
0,0.029852666506707554
0,0.038554464180723336
0,0.1412108316863896
0,0.15857636783314077
0,0.055930592078663514
0,0.015683759607299612
0,0.017263985583948427
0,0.011599713981995007
0,0.024417564428757064
1,0.04182640924148769
0,0.33538628847764046
0,0.01830066738456054
0,0.014921804054109238
1,0.030497011754415642
1,0.9054808944008962
0,0.082174020857097
0,0.17237686315211453
1,0.25457828690876666
0,0.03242627359333896
1,0.8021771560061187
0,0.008122380525905935
0,0.01677296845760684
0,0.017845641534525353
1,0.9074008723423983
0,0.010446142602705604
1,0.49467206277349457
0,0.771047417944888
1,0.927032013997549
0,0.026904084023968673
0,0.01822987986104606
0,0.02067112134203633
0,0.01406507239139396
0,0.004641341951494106
1,0.8159744505452852
1,0.7112315691684026
0,0.08352869253377039
0,0.0347909223564193
1,0.9655870472326854
0,0.6138856078383693
1,0.8348257314707486
0,0.01158313274586549
0,0.048165965727341525
1,0.6208512528732875
0,0.01628656932805777
0,0.0455934262363998
0,0.8042367944609794
0,0.8169821018355472
1,0.05136063917713421
1,0.05938366416550756
0,0.009275909068468365
0,0.022980783265313644
0,0.002998556410258472
0,0.07065713855803102
1,0.7350236168797574
0,0.016512397392496832
0,0.009794460416951555
1,0.9934460556708774
0,0.12575184901447134
1,0.8624716480835782
1,0.9393093058422947
0,0.0097457012457335
0,0.006261523894932315
0,0.04702829923675844
0,0.0816150739357642
0,0.03217008296581844
1,0.6781602638062908
0,0.05826665751944738
1,0.39736880264684177
0,0.018820661720700228
0,0.05116666860204467
0,0.010787959596749401
1,0.39495397627976636
0,0.29909142705739805
0,0.10647672148151298
0,0.026371766942786028
0,0.05266466002448116
1,0.9424663921938427
1,0.8506800167424352
0,0.010370321670071212
1,0.9856296538902363
0,0.01426887644824456
0,0.02042825771718576
1,0.9017212281070655
0,0.05309833820213785
0,0.04901945594277144
1,0.8551113955886038
1,0.900002308712387
0,0.03990828174882454
0,0.012708785983318979
0,0.05537487765414724
1,0.6972871265975185
0,0.12911836625707002
1,0.02814721770984468
0,0.00985039224493401
0,0.0187817451755973
0,0.005816583291868411
0,0.07562519801654641
1,0.9370926877555686
0,0.5382100974564793
0,0.008498062158111904
0,0.02207888585472907
0,0.14459384680436374
0,0.02942006519456951
0,0.02691099729060949
1,0.7464102555888982
0,0.017019986536726324
0,0.006383868910649697
1,0.7548233518824485
0,0.025579533387401297
0,0.03590991880694077
0,0.01980520606143287
0,0.8994829148523418
0,0.019780120901801975
0,0.01151626178524072
0,0.030475637195369814
0,0.009537396048575338
1,0.9100321745011064
0,0.017808200118517754
0,0.11271816881881154
1,0.9856108292424437
0,0.024688400209366433
0,0.0645074612842602
0,0.06791872241197829
0,0.024403215773854292
0,0.08020758315557071
1,0.9159266892353765
1,0.009693840801234331
0,0.051695360701296544
1,0.49495199421978125
1,0.9010183902563457
1,0.6146656170689284
0,0.03347921774096152
1,0.9502564498472367
0,0.027842168571237776
0,0.054075007172531254
0,0.07335167971251168
0,0.14037662122773514
0,0.13367741589086804
0,0.06202717289706232
0,0.08981027753037964
0,0.025923249004568515
1,0.8701084549605628
0,0.06299612875899492
0,0.003561834124374985
0,0.051136566832407956
1,0.9497723979341529
0,0.018458269038055856
0,0.01556678986537894
0,0.041546726212418374
0,0.04343470231919871
0,0.040567919140510666
0,0.052363685458408527
1,0.9690571865665697
1,0.6125368925541056
0,0.03701695258420173
1,0.9728792681228431
0,0.024231795050900506
0,0.011850581279047692
0,0.03236069472926115
0,0.019712784693285357
1,0.6467815721947038
0,0.01149230921350874
0,0.3286156760991707
1,0.9531511622034423
0,0.013946241421121457
1,0.6814003791352218
0,0.019495343858005783
0,0.0731799513603867
0,0.007595858751868497
1,0.9673293403168765
1,0.9523077849560403
0,0.46811402500869215
0,0.16850519143440942
1,0.9099120078156911
0,0.012062520465824181
1,0.9148190276053043
0,0.08677148716465845
0,0.15126844874035392
1,0.8565566835119018
0,0.09892502803048678
0,0.037476176376541534
0,0.03951385425598292
0,0.03372027525582004
1,0.7718943414572855
0,0.03402018471799271
1,0.045313855906461566
0,0.09428961436552442
0,0.0989268726205573
0,0.03624279403695062
0,0.04163289326219693
0,0.026583343774570282
0,0.02283147294721672
0,0.019587118908723243
0,0.8009367268248936
1,0.7671902488478738
0,0.04503662216451565
0,0.021076120218735426
0,0.09594567903102826
0,0.020179815685545856
0,0.11862614412903444
0,0.031449389122270736
0,0.011447853526835689
0,0.06133475555052848
0,0.048739601181007036
0,0.012533987666227764
0,0.06112833119159611
1,0.969612092717091
0,0.6770618193967838
0,0.030142409609681575
0,0.031723253306912336
1,0.014528857474097217
0,0.01589364217317825
1,0.02943510974820918
0,0.041370029675292616
0,0.0155200584279214
0,0.036085738265873385
1,0.9928934045962367
0,0.5931728427348725
1,0.8946436230902364
1,0.7299740397343544
0,0.01923161905450755
1,0.9848910795586765
0,0.04595342461799734
1,0.9444179650874838
0,0.4007365568425158
0,0.017853949604252923
1,0.9805884677153817
0,0.062051180531438134
0,0.04416355307368764
0,0.07422535167349929
0,0.028785973459833025
0,0.021163302496613308
0,0.008450457928914573
1,0.3631489782103233
0,0.06214390607963059
1,0.8821790544090888
0,0.03925996761978888
1,0.36535754347959587
0,0.004714371369475938
0,0.0399470899603853
1,0.9555213862073685
0,0.01621610003497211
0,0.19837790467857766
0,0.030716067784311504
0,0.04925676664297652
0,0.003968896493051966
1,0.990694768575242
1,0.9904268241829819
0,0.1727350468416074
1,0.21492974834126338
0,0.040340003773115744
1,0.024851768111351386
1,0.3530192401419851
0,0.015423556788178056
1,0.07664369415856076
0,0.04703646038760217
0,0.24987227887691313
1,0.8079609444457323
0,0.0033451838933103444
0,0.4095055624024668
1,0.919012997546007
0,0.3365110570701811
0,0.01609198145740555
1,0.8377669740826456
1,0.9683930846126863
0,0.01916835177886665
0,0.012750209659608455
0,0.06217983687256425
0,0.0700132803898512
0,0.26680505270303523
0,0.02157598896396495
0,0.009251504742749059
0,0.01579806683279161
1,0.7285899338061314
0,0.06700661865873035
0,0.04554882224661585
0,0.7360542455650058
0,0.013830556031428912
1,0.9613750260031252
1,0.8918632311074938
1,0.21096814068408876
0,0.0175723765768953
0,0.059577375693066884
0,0.0066790645512399115
0,0.014335584927188658
0,0.04763962825049141
0,0.82044966216612
1,0.5183425029100508
0,0.20581696056490378
0,0.03236584680473117
0,0.07556504998373552
0,0.009102372664169946
0,0.39583684873230485
0,0.09218408624666642
1,0.9858291970272343
1,0.3187035613308806
0,0.04093616606680349
0,0.04376703362050821
1,0.91448772766123
0,0.02617907974091847
0,0.04534750394698638
0,0.008164331408395354
0,0.019235208077822842
0,0.024900275878404456
0,0.07376290238261787
0,0.013023692215271308
0,0.010382407466668851
0,0.0398193194319748
0,0.19694575227940905
0,0.015572675106142218
0,0.021147512763086813
0,0.8825398572401358
0,0.04075872054663148
0,0.012872364588662406
0,0.020524202296649086
0,0.22297351542896346
0,0.01298968639460915
1,0.9655026093504755
0,0.06376430203073981
0,0.19432403038174573
1,0.8845336773319392
0,0.1260500640951067
1,0.17883015220722298
1,0.955462019698681
1,0.3554689876393302
0,0.013479949740107956
1,0.8351620230608998
0,0.009732472789771431
0,0.01023670351001753
1,0.2711438958310869
0,0.02394569575211585
0,0.0038984600500532175
0,0.07756686824403279
0,0.14570093370119658
1,0.09140340471481613
0,0.03306893269388027
1,0.8906463276741287
0,0.05442471500420392
1,0.22261203350047495
0,0.9298435837498691
0,0.01041971305249812
0,0.023816957804722823
1,0.9452477207197927
0,0.04110246237023711
1,0.4884712485007764
0,0.11726470103287838
0,0.03992429730355598
1,0.8979035771256987
0,0.07288838613362565
1,0.7016348305958119
1,0.6690227508002305
0,0.7016833532874559
0,0.029769336379445014
0,0.023699017829225545
0,0.027330325977979346
1,0.9627199199450862
0,0.041645248557318236
0,0.04657950972377552
0,0.026937986921732788
0,0.03061843497301436
0,0.2629091524744884
0,0.31782060841996496
0,0.020163015088249917
0,0.06776371946584271
0,0.0069991103105004815
0,0.3923763030112063
1,0.5528508406752705
0,0.017203246421674184
1,0.308128873305715
0,0.5516482788762467
0,0.012513365423767363
0,0.13119600709071896
0,0.01733488677586757
0,0.13139466971456185
1,0.9851861361677259
0,0.06942979138339378
0,0.16170102355098612
0,0.07621740250350927
1,0.8183837856429993
0,0.037570128061196674
0,0.05264189898416691
1,0.8224866076942573
1,0.9612716232722519
0,0.026788188636495375
0,0.01958721586044858
0,0.09397036681180684
1,0.8929494034051306
0,0.025643429654836174
0,0.03088062622058349
0,0.029848635579837298
0,0.0681022897510532
0,0.0742173206821243
1,0.951929477146725
1,0.2972285380460869
0,0.1088404143018524
0,0.060506449573372485
1,0.414650389371174
0,0.031481860430858086
0,0.10586454412414051
0,0.1296576755844569
0,0.045917532054915645
0,0.6768540733716609
0,0.11630565057748225
1,0.9656785848512454
0,0.0370499982950375
0,0.03824657961366276
0,0.02090869079459572
0,0.03165802542695245
0,0.012760377285715302
1,0.9316356310069182
0,0.026580760053078266
0,0.03214886732840768
1,0.7392619016523662
0,0.024590893279592872
1,0.03245343244365931
0,0.17921053345105428
0,0.0422783901159564
1,0.8236356121437575
0,0.005836359050264555
0,0.013825413817008749
0,0.0635032440925247
1,0.9015642352477695
1,0.9679370442063149
0,0.06728351026371773
0,0.8202756192612819
0,0.02635478817377735
1,0.8805217375347164
0,0.15942457576165733
0,0.008918929085819238
0,0.029076479889345367
1,0.880359666122229
0,0.034992530061542244
0,0.019736330615093618
1,0.9431069569940979
0,0.0174616305147291
0,0.21717369534640227
0,0.019979658159263804
0,0.04836254389156238
0,0.025078333123885625
0,0.031352454972258824
0,0.06952098033678794
1,0.9712446014221343
0,0.01571224434751368
0,0.025682759121389526
1,0.6103879280385024
0,0.7741538507315502
0,0.004641705014116777
0,0.010667431101376643
0,0.07037397351592986
0,0.030133968736987773
0,0.03978913377143573
1,0.22832555680330222
0,0.013159276291496309
1,0.0747491135008944
0,0.06843826794065075
0,0.0228691088432955
0,0.2685076020068723
1,0.8674901762672836
0,0.0035440513796704968
0,0.042285271158222365
0,0.06270267444138303
1,0.9568978489367741
0,0.054039249678966145
0,0.02723920546251317
0,0.5147677611956428
0,0.12125106653268396
0,0.05707245058715489
0,0.04085194798075015
0,0.01763660119326054
0,0.012766180744770522
0,0.018179024229080243
1,0.4760522944634915
0,0.131019548680448
0,0.06159525001164262
0,0.37056925390590234
1,0.9746260513819162
0,0.019369442332483406
0,0.0029753451439263807
1,0.7662788071648676
0,0.02717889689623924
1,0.9852847631891849
1,0.9675778896888897
1,0.9419578302310824
0,0.12559473200479562
1,0.15994131892222332
1,0.947147450500554
1,0.9356997490342663
1,0.5047529862261791
0,0.017975845084726626
0,0.0077500670694880345
0,0.9870265624029891
1,0.4218162469828213
0,0.020429481809832215
0,0.06373302344578602
1,0.03794640123841471
0,0.021404993505435916
0,0.008538529185014146
0,0.23335058785198087
0,0.03712660891873802
0,0.20861717841097677
0,0.054488120179789844
0,0.020068059467126642
0,0.18316897339401228
0,0.006708239410321538
1,0.8612244033441926
0,0.06588523056747249
0,0.3065163158890278
1,0.880188898842559
0,0.020533711815911525
0,0.24748626293939663
1,0.7577276532570013
1,0.9604056773080238
0,0.018381130770579394
0,0.17527126347205424
0,0.011245404120170398
1,0.41850051054153736
0,0.009771079043472143
0,0.01532402251357578
1,0.9381611317867706
0,0.6245694801558903
1,0.6228461014578535
0,0.020414935386410947
0,0.8370653732614812
1,0.8149870083315461
1,0.7935270859572158
0,0.125567573201182
1,0.5217407526047373
0,0.03990501412852757
1,0.5822295028021507
0,0.86914552776396
0,0.01942267870428932
0,0.010859244157335133
1,0.8208891179041868
1,0.9383957839358572
0,0.13540222244626138
0,0.46112923307041814
0,0.029229330402206717
0,0.016470078249189134
0,0.017205430843518076
0,0.8640002398267925
1,0.7414165490165646
0,0.04387970316702824
0,0.07264244805093358
0,0.48679959166160847
0,0.04304630716774375
1,0.36239433439980817
0,0.030897462140351446
0,0.030132254766118284
0,0.4164022827745978
1,0.5501538860312813
1,0.8742077997938302
0,0.060673571049759366
0,0.041600275274354975
0,0.16055601572835476
1,0.6843602231599435
0,0.08970470520135243
0,0.010494900549441515
1,0.9488862051039293
1,0.9838326199353716
0,0.5943033078143961
0,0.046246836761206125
1,0.9578996706761277
0,0.01276406368011107
1,0.9291598863283457
0,0.017090563479756148
0,0.038655244705615065
0,0.046319810685801356
0,0.04388748025391823
0,0.014667930839936252
0,0.015258976554090524
0,0.02953963281345301
0,0.82719156972166
0,0.028628661399725367
0,0.012837821523571595
0,0.01268042550321439
0,0.7774916156209206
0,0.014017495707154527
1,0.9716323149655005
0,0.01657744645485847
1,0.9383915024750514
0,0.00564529730165922
0,0.013570518562227296
0,0.10590093259983265
1,0.6989510133555492
0,0.05804428582854572
0,0.035655319265116676
0,0.031546708283473515
0,0.015611426942619322
0,0.008826976991613451
0,0.01883875506393875
0,0.045691108463352864
0,0.03654909160186748
1,0.979716143091949
0,0.03894095497176099
1,0.8961907136492873
1,0.8933478358391199
1,0.9760022878480256
0,0.02573691264117698
0,0.04180290938123469
1,0.9896673459580262
0,0.22249069956156714
0,0.22420865474232415
0,0.061367872539314534
1,0.852443950704236
1,0.8394335464867765
0,0.7498808612974375
0,0.07661210431967974
1,0.21472427035702701
0,0.009423139406981067
1,0.6824844961354728
1,0.8521131548604911
0,0.008015193515723386
0,0.009619736869485062
0,0.08903898042850866
0,0.009107533589759874
0,0.07796287637046442
0,0.007704735605171342
0,0.03999368291531948
1,0.38138862001026363
0,0.025117349291448335
0,0.12570838946335375
1,0.4557988022092436
0,0.02850023074634552
0,0.031436373867020015
0,0.04956219199233393
1,0.5535723173894023
1,0.10021321401351621
0,0.026380442450055223
0,0.03561027108913521
1,0.9635497144224683
0,0.006123702844875901
0,0.03858501375375958
0,0.06779185441188859
0,0.008924461314521508
1,0.977697635546587
0,0.12236699075695968
0,0.011099767578277703
0,0.125619639219677
0,0.38808127630764183
1,0.720172115411266
0,0.061290266619752086
1,0.45870289340726356
0,0.1562324837529555
1,0.8255263886422703
1,0.06536257780343614
0,0.025540373919597587
1,0.9379575492743504
0,0.06363460458873586
0,0.021261728698146506
1,0.460242943719045
0,0.09379208032563024
1,0.9017510693353146
0,0.05912500147568502
0,0.010475848519100097
0,0.018474562603421618
0,0.01731340054424446
0,0.007143885900441267
1,0.07553460385831415
0,0.6293155477895948
0,0.5364884810132523
1,0.978669571148083
0,0.03457124910292986
1,0.8999779101062693
0,0.10972010942279853
0,0.00746158452395095
0,0.018571094868978656
0,0.025189476342055914
0,0.043005956938070904
1,0.05708669732269317
0,0.2136622725815352
0,0.01220727112854833
0,0.01251361475888044
1,0.36912777082487874
0,0.033978076197330224
0,0.05185361641184238
0,0.07288254414708369
1,0.6224107457848878
0,0.12012245704877797
1,0.9657646717232133
1,0.9517594903606911
0,0.043443958628424616
0,0.6755265105168475
0,0.012308833531786485
1,0.6208581892160131
0,0.024468789556802754
0,0.017528232250635586
0,0.0665811616708676
0,0.033398182257323855
0,0.04588478411046199
0,0.036481456007427
0,0.04038369287909208
0,0.03464426167052601
1,0.9258189860358039
0,0.06857238391538764
1,0.9900477274193633
0,0.06291791253469856
0,0.07620546490136969
0,0.33579799503258667
0,0.041541088828171084
0,0.014345599537131257
0,0.05502972182190369
0,0.6741081769443464
0,0.03361996706756232
1,0.8975154008085602
0,0.02810954682950054
0,0.017679065234779273
0,0.01338937562379852
0,0.08786462442649448
0,0.021922440431389478
1,0.8925465077247513
0,0.20746325748445316
1,0.6193708535068616
1,0.4277976215270083
0,0.00987013598754597
1,0.9835130352855909
0,0.039818225106249314
0,0.010279537374687576
0,0.7351635354178009
0,0.12536984681470564
1,0.8162710935672689
0,0.024654636842972595
0,0.014820621575218783
0,0.22094866475854008
1,0.015105161401852732
0,0.029044319723475466
0,0.03316081534965344
0,0.2412890284509042
0,0.02272199859796049
0,0.12666389791929225
0,0.012803724302525077
0,0.02259200904586721
0,0.03335808462410484
0,0.037961190126279395
0,0.40981646206935246
1,0.7807623510760108
1,0.5560682615973445
1,0.9605723975588124
0,0.04031670787471785
1,0.9358755648031103
1,0.04027677052742052
0,0.004881512157402913
1,0.9637909408376131
0,0.03582045564849266
1,0.8244181232355882
0,0.022771914124986817
1,0.7215705226132065
1,0.9160350501896845
1,0.9675875613429528
0,0.07234217213545176
0,0.00422175878912062
1,0.38399630714355437
0,0.03629577624881032
1,0.49192671881516487
0,0.13537457160811836
0,0.04204921237210198
0,0.08036565843881176
0,0.04093865429343653
1,0.9817566160154725
1,0.9303440482034991
1,0.9582624489403906
0,0.6538915176026089
0,0.441533824985598
0,0.8837245395250296
0,0.028342137072955048
1,0.9809407985740072
0,0.03591852032349234
0,0.17440389737653014
0,0.04381529583731516
0,0.10238865612610287
0,0.019129232396583092
0,0.04836491861000131
0,0.013502488206969549
1,0.6384840167909814
0,0.17108565994588815
1,0.7446858503440175
0,0.07964227949630753
1,0.18736280818225218
1,0.9321788364168665
0,0.00995163645568493
0,0.15482165464620018
0,0.018593795613583385
0,0.11831768774992317
0,0.33521776714228574
0,0.04435497366931357
1,0.8465779139240888
0,0.008422981499124349
0,0.16088434581709712
0,0.03450450519180588
0,0.6631940896777047
1,0.9458409269282493
0,0.07406853610597565
0,0.12778162328660617
0,0.012651841881957513
0,0.13442205376666608
1,0.1109073850253973
0,0.028658503049068144
1,0.7410952907951661
1,0.9343898880924186
0,0.046998330276290516
1,0.816443280182052
0,0.0757393828673691
0,0.1650630640210991
0,0.022629545737328265
1,0.3995710045171985
1,0.7820505995622583
0,0.0861506998274942
0,0.029223437584492886
0,0.04198900835911017
1,0.952952936275351
0,0.4757952876588514
0,0.009669213144135914
0,0.05898798874031171
0,0.04373848676558712
0,0.041787004912982886
1,0.7278240866802373
0,0.022993726916177872
0,0.02081114931851105
0,0.37032176319259286
0,0.016383829351991477
0,0.016626178341503622
0,0.007397138732482714
0,0.015067626768242309
0,0.19508095645428106
0,0.015743119190700178
0,0.03963998129338641
1,0.26985051759168316
0,0.03783239831796253
1,0.08063479310017346
0,0.010914309163215907
0,0.6902204068208758
1,0.6752343078616878
1,0.7730875724221558
0,0.022581053960502338
0,0.03412391888924688
0,0.030059874667019017
0,0.36842656136162943
0,0.030965209146744256
0,0.04900557242894915
0,0.019647577153752805
0,0.20235473574788274
0,0.038856391712551404
0,0.026817017684989567
0,0.027712599194064637
1,0.8375724425592753
1,0.3682721605246998
1,0.9144882779159499
0,0.02792970101173109
0,0.14729045602527457
0,0.03421522039825631
1,0.8568756882201201
0,0.04252583654478305
0,0.021570679176019732
0,0.035652933088870145
0,0.023453146553585314
1,0.8874792907880245
1,0.9312846506561264
1,0.9413904047048954
0,0.03968829164205882
0,0.03749499951844478
0,0.035457297545444244
0,0.925525323411574
0,0.5858368721536136
1,0.975688324357699
0,0.023465696682908193
1,0.5429389104777381
1,0.898840412202781
0,0.018774348443259883
0,0.017833989248520032
0,0.007328925539106629
0,0.23404477573211802
0,0.6361237810955666
0,0.3301730851567105
1,0.8945527966141933
0,0.07204001739726755
0,0.045639182821016824
1,0.9681485522989364
0,0.01161586436479007
1,0.8144407773516098
0,0.00983762992808371
0,0.009697423670327313
1,0.7747940597974539
0,0.019198552708364222
0,0.029990106603785555
1,0.8249896309471438
1,0.95752320085202
1,0.8396195397080308
0,0.02303642495973446
0,0.2713068610375916
0,0.022436161251667645
1,0.9635942700996493
1,0.48374053603685646
1,0.9372530594735992
1,0.9091806896553326
1,0.0718234863371704
0,0.030842953523082126
1,0.6970356898403595
0,0.44276800376274733
0,0.03216083841275432
0,0.0050899044211335075
1,0.8621111050755919
0,0.01124346451773304
0,0.20720400233750835
1,0.8450040477543472
0,0.527366336888991
0,0.018443344397287
0,0.02165231269385902
1,0.5780611941456938
1,0.30031394125929856
0,0.5578197572905468
1,0.9447793454675788
1,0.6114457209816097
0,0.12374952210582467
1,0.966620200725934
0,0.02060204027425147
1,0.8597583518471427
1,0.7441859033064399
0,0.04449781171054001
0,0.004482285217460215
1,0.3099810328748391
0,0.020897410954469297
0,0.2749077528724784
1,0.9476178239182342
0,0.6424084621163954
0,0.017223379994914596
0,0.007688011801617076
0,0.023874483768288615
0,0.025924396368717614
0,0.03665774428843065
1,0.9843781563875498
1,0.9340262235299335
0,0.014279908390242879
0,0.10781375197592766
0,0.13389231357549689
0,0.19743955955745762
1,0.9034162729260367
0,0.012708785983318979
1,0.9207740609218488
1,0.9773094006651711
0,0.024501288822211805
0,0.015767464096880485
0,0.013119321810006279
0,0.02319566126322022
0,0.04810350743003406
0,0.03293803508886509
0,0.014579681339623023
0,0.012120602798029305
1,0.9731073234298722
1,0.723733242828238
0,0.0942821447798164
0,0.07266802291958145
0,0.18004521403670853
0,0.018354449153595888
0,0.027106303264770763
1,0.9518666703429338
1,0.9951175729984356
1,0.88903040597867
0,0.19726836744819545
0,0.07039295356203222
0,0.017533940721378507
0,0.054282366841609406
0,0.08894483627212181
0,0.03884228843943432
0,0.0731221376833612
0,0.010857190171054245
0,0.0367341821386664
0,0.4004488295590975
0,0.024884374898224572
1,0.9635937729693168
1,0.6604623315381843
0,0.00955261260411464
0,0.06741219951183279
1,0.6835772077434794
1,0.09190722124012567
0,0.38946729887406883
1,0.8160973685892002
0,0.13630169290382013
0,0.023635451992422174
1,0.960828381481412
1,0.20250635646544668
0,0.10204588533962974
0,0.02175310888094398
1,0.7938902437539176
1,0.6141707378014234
0,0.33791952605679404
1,0.5253653491879872
0,0.034643315260820345
1,0.5369910655946293
0,0.0632841462568523
0,0.01885845295565753
0,0.007751594325366812
0,0.012778019710410137
0,0.0554554976441013
0,0.143090958660561
0,0.006937251552929683
1,0.8378461727835277
1,0.48314663716201134
0,0.6320473925896857
0,0.028055415081264842
1,0.2523045397142291
1,0.9352099975263005
1,0.8024848817413245
0,0.013550758738062005
0,0.05607648578211309
0,0.025655957949080703
0,0.01906802978498434
1,0.329897449576794
1,0.737442070377938
1,0.07172007437724309
1,0.678280397199074
0,0.02086143688404633
0,0.277074097314471
0,0.01800228566722561
1,0.5851346600375086
0,0.029829152457396323
0,0.005658364449074566
0,0.9160269250169982
0,0.01271712964539156
0,0.014633386615125959
0,0.031571134027891204
1,0.8823917402436462
1,0.5271862300071727
0,0.030452971983950368
0,0.39256737890931503
0,0.011412721674399278
0,0.008252126905627225
1,0.8026172380445904
0,0.08796084779644792
0,0.060163791827337894
0,0.007531170499163863
0,0.025398158789332808
0,0.5658476868821983
0,0.022924880990708565
1,0.9188388368615704
0,0.007269478848492457
0,0.008852581423881515
1,0.7547945893939164
1,0.04935329856492504
0,0.04147630664806697
1,0.6865280081742905
1,0.9208570747433356
0,0.03473757636738444
0,0.04933722345993444
1,0.16814292166875835
0,0.0551679861868897
1,0.8956103812215093
0,0.7363399271396524
1,0.9154269648824966
1,0.43182791583538255
0,0.013091124660697319
0,0.020198308904598058
1,0.7815291787963804
1,0.951529661744047
0,0.3070471355629249
0,0.03175002367452062
0,0.5502934336292304
1,0.9642860361956933
0,0.048353385612677886
0,0.026462137495449727
0,0.05847244324929483
1,0.43059261356738215
0,0.025567532835936803
0,0.03906236605816184
0,0.809983664874624
0,0.07705359460636944
0,0.17415774866270947
0,0.02349073849107156
0,0.07795735932216413
0,0.47123200631316525
0,0.08961292016740009
0,0.08587091185545742
1,0.9284329677730121
1,0.7312616221647188
0,0.014430036214378756
0,0.00781857780123041
0,0.02016534254199536
1,0.6590969039531042
1,0.9661910809264141
0,0.029611906743642575
0,0.0962512474094433
1,0.9035342193529586
0,0.10802524629052022
0,0.10140348395795148
0,0.008851671711829942
0,0.06699562547310374
1,0.01085789065632371
0,0.01732929251634173
0,0.02753111136383244
0,0.029683785505254297
1,0.04379921136653953
0,0.028912533133615595
0,0.022399768413107472
0,0.029796227176692395
1,0.6510117395168897
0,0.06698583050001619
1,0.9882857570516275
0,0.005598613501862936
0,0.005180277320914312
0,0.03646728844718493
0,0.015741066429456038
0,0.007805342190173494
0,0.1952958227287055
0,0.03349404407900297
0,0.02558102554472804
1,0.8988578234023487
0,0.026958819735029643
0,0.01507620317236721
0,0.27614979103520654
0,0.05147133868012992
1,0.6376758990188456
1,0.6496749181651269
0,0.006289234279054953
1,0.9540414201757478
0,0.1373519992279053
1,0.4377471957413697
0,0.14498603186548445
0,0.06561558989020137
0,0.03990501412852757
0,0.03886518344497189
1,0.2632320954691538
0,0.02118020600310473
0,0.020069506531884284
1,0.2708896221837786
1,0.9095944415938209
0,0.018895850976625148
1,0.04244288687762828
0,0.02071078848204872
1,0.7838312633776814
0,0.010484670406833447
0,0.0313564660714066
0,0.033569170343594544
1,0.9651454753810401
0,0.07502322993975992
0,0.06468104731296516
1,0.9499053829918066
1,0.8958419141913659
0,0.4183198011267644
1,0.9641150562513644
0,0.038128897319980815
0,0.09097585093128605
0,0.0225792330890941
1,0.4207310306710232
1,0.13646886115893914
0,0.009972784610763742
1,0.7792923132970286
0,0.023265416309320126
1,0.9731771232743702
1,0.8679138358157259
1,0.7059905139397463
0,0.07784831219491052
0,0.1501937779157785
0,0.07339282227720965
1,0.08377945316574714
0,0.01852701623924093
0,0.7241697256003906
0,0.013714180051635112
0,0.018871163687022078
0,0.04372004233086519
0,0.01714640213359095
0,0.00924660687826586
0,0.026489089793265766
0,0.3307261958204161
0,0.07213864834752008
0,0.04110856740077056
0,0.017066447826689597
0,0.009889336492886792
0,0.012789024504391448
1,0.9153762268187897
0,0.025354848773770023
1,0.10333999314245736
0,0.16920197481243882
0,0.07873605643687329
0,0.0327169175151911
0,0.009769327715143338
0,0.015551866729231352
1,0.9830360647330866
1,0.3863581919453273
0,0.06284427578611669
0,0.12176427314293004
1,0.9188517028345141
0,0.026656323681731035
0,0.01933904013963973
1,0.9028344816059485
0,0.013172485863247933
1,0.5393492522575398
0,0.04226342746114402
0,0.004720037194029673
0,0.03419462370711179
0,0.011135587185661275
0,0.0524609692089993
0,0.3756899499694664
0,0.2794122960449702
0,0.13848896257784898
0,0.06053635844398164
0,0.014300249678131313
1,0.16559377930613717
0,0.12099905974781745
0,0.04279323665196125
0,0.02610398921661539
1,0.9459267227743157
0,0.03599596682646455
0,0.05261207646144354
1,0.024639689256280437
0,0.6146034435016166
0,0.055181328110709846
0,0.023375010710460106
0,0.06992528138644322
0,0.8484161135620055
1,0.8791368985053168
1,0.8427301970646713
1,0.6877176055479376
0,0.07641333584644965
0,0.007661725025504277
0,0.16436711243075225
0,0.0247003954256166
1,0.14511400293459858
1,0.8427983419677678
1,0.971484540069391
0,0.05544898938652712
0,0.8408547137582727
1,0.6090084798256311
1,0.8403552027953478
1,0.49758909022788383
0,0.2368975900427098
0,0.0730179216716291
0,0.16681128618378982
1,0.757619446701943
0,0.014012337670044306
0,0.002197777271065934
0,0.6790137564632116
0,0.05766795147272499
0,0.02276680222486425
0,0.026566153692670503
0,0.12661750939085084
0,0.020118495989869443
0,0.08185164953878352
0,0.03623181417610286
0,0.2272266956777885
0,0.0076946895548872
0,0.03344183667277081
0,0.015019333050956221
1,0.8892904733941936
1,0.9347892453247106
0,0.0307565062279993
0,0.013906904241627615
0,0.015234963950731558
0,0.0807642901127334
1,0.98182425292801
0,0.011814965930964077
0,0.011314021521076377
0,0.02507902559753095
0,0.018973367500829712
1,0.5250943247823212
0,0.028449485158183813
0,0.04349296113640916
0,0.04540609587997588
0,0.042973364272952945
0,0.3502029975106515
0,0.04828440623526837
0,0.8851912954642169
0,0.6962579699006634
0,0.24584340714297676
0,0.027987160384916412
0,0.02219333717220179
0,0.005387012777026844
1,0.9706298728839936
1,0.7295285030248432
1,0.8239316027580952
0,0.8911947487918582
0,0.012129953485958331
0,0.0278512649018819
0,0.38451254960571146
0,0.07010611862382261
1,0.07471109425111122
0,0.033360918883997115
0,0.08258032695943783
0,0.09986447938821255
1,0.29619636051632126
0,0.08880042952877146
1,0.986359830005582
0,0.578558402470902
1,0.9100264646054774
0,0.06329148608197444
0,0.05082800445363948
0,0.030216108558195138
1,0.9666889184416961
0,0.01575929866592388
1,0.7856308237753816
0,0.06749142053951405
0,0.03714651129889432
0,0.01997602985782831
1,0.5394698165108283
0,0.005486681718105461
0,0.4746818295659574
0,0.021609316029552735
1,0.8347355264514238
0,0.010983910044533578
0,0.017052442534415308
0,0.2364852602456392
0,0.1362846702107331
1,0.5286292098596947
0,0.0477932751936787
1,0.7624003487598302
0,0.015169559441336498
1,0.7205726017247549
0,0.9135279589627289
0,0.009012777749632748
1,0.9536758730121181
1,0.7485285254654118
0,0.036680782642276796
1,0.6113517224171524
1,0.7878071302665894
0,0.02814670692377608
0,0.01564677200120334
0,0.13317195113546906
0,0.1489744894727662
1,0.9240568886290773
1,0.24843936607608474
1,0.9766941051237399
0,0.013512543155206213
0,0.06628633125955115
0,0.46552644050689906
1,0.7461732684580833
0,0.02482332246816193
0,0.021287530469824487
0,0.021522630519525316
0,0.11848666075741655
0,0.0739427156637291
0,0.05564071500910885
0,0.00900959337214198
1,0.7012909583076874
0,0.01739067972082107
1,0.36874676065301076
1,0.9155945181872105
0,0.031417684775525125
1,0.9830223230085596
0,0.018125920064198144
0,0.03724963902575051
0,0.03213877807512596
0,0.06325430039434438
1,0.9656305567283862
0,0.4579924552858116
1,0.4893393617783921
0,0.06316050245766837
1,0.08586714105813353
1,0.6720464261954325
0,0.770722840816132
0,0.02415350405292984
0,0.025003700495088696
0,0.009550245407207392
0,0.05283657817397137
0,0.010690848087213363
0,0.013165715066679571
0,0.030668779191313906
0,0.04502039397227898
0,0.054089320242793004
0,0.011924558996978397
1,0.9688938508109165
0,0.7658222790215841
0,0.04972615345851557
0,0.7739531164993856
0,0.013233539033559793
0,0.04239256763831629
0,0.4994475957666919
0,0.03646024300582332
1,0.95704755123607
0,0.008180434706163798
0,0.07406853610597565
0,0.028149885916535094
1,0.9282734363476219
0,0.010859411664562172
0,0.17393813986514609
0,0.015620940030865475
0,0.021414070943745728
0,0.04617749819114056
1,0.8803475491745318
1,0.8831370549328894
0,0.01476568146476249
0,0.5538668418421857
0,0.040592525928894924
0,0.10300346935222716
1,0.3831594181421281
0,0.01621329918589604
0,0.02585324929226028
0,0.03541764408370111
1,0.5485335505799772
0,0.03487228859857465
0,0.05795874815456893
0,0.0549956809343574
1,0.9565424841105797
0,0.06238222076511346
0,0.5485841265553115
0,0.8718718617961623
0,0.13186697383062335
1,0.9775020308242235
0,0.03914051942876766
1,0.8385201069384006
1,0.9505675031634693
0,0.023702231677007787
0,0.015116833659044131
0,0.18322277494947065
0,0.017085788484838084
1,0.9631997015023436
0,0.015005770867003937
0,0.08066012900364926
0,0.01305430247810859
1,0.983200815405173
0,0.06355748033733413
0,0.008555663957464155
0,0.1566068194210912
0,0.047132195316464155
1,0.6210072253039709
1,0.46858462845517057
0,0.006136849314510028
1,0.9640329172510477
0,0.013426609167432577
0,0.47431738871287826
0,0.03395705696419761
0,0.5229014650165292
1,0.9441475547526971
0,0.02498616330422922
0,0.021494555225890104
0,0.7335027235431557
0,0.864945851507593
0,0.3113946391745848
0,0.013066982275698098
0,0.06534285096933837
0,0.013704515441500168
0,0.08136426395480996
0,0.015612374676108563
0,0.20200328935206827
1,0.8674946985503676
1,0.284023402476197
1,0.3192326473428655
0,0.04311521782699249
0,0.19300484891927536
0,0.21499102525586333
0,0.015306753752064278
0,0.4931562740235498
0,0.029503769795674695
1,0.9586240024345691
0,0.07723501963993037
0,0.7355268851422694
1,0.13409903819661376
1,0.6074263355186265
0,0.010076973546218424
1,0.8187561941052189
0,0.010941547826423828
0,0.28401848194609675
0,0.026940513630338583
0,0.7419834341075779
0,0.1656682679666107
0,0.013531876762800677
0,0.05415188251866424
0,0.34750696419870486
0,0.01811292477990074
1,0.8412518086254615
0,0.024354232495564464
0,0.015377997531032393
1,0.36842656136162943
0,0.056196662260908546
1,0.8324241758950617
0,0.012558269135817873
1,0.23834988679157967
0,0.04750131845443641
0,0.03806504921001827
0,0.01937071637079944
0,0.032638714018535096
0,0.06817466862933746
0,0.023712618416854132
1,0.9573130624598313
1,0.967042156478521
1,0.13401498543833246
0,0.3677355288507215
1,0.5879303058087075
0,0.05788080904221646
1,0.8563786217064377
0,0.03718210805312587
1,0.5095433638469044
0,0.07767068342521272
1,0.9284689605441246
1,0.9632483258730137
0,0.8552588515188875
1,0.9885152296516816
0,0.017388816099680668
0,0.04059433231587121
1,0.23674926598068818
0,0.05070456365976276
0,0.02951734803631103
0,0.03772456670195095
0,0.013208534129220443
1,0.6130813295952706
0,0.00473168688361569
0,0.02984869713598378
0,0.05701443275915797
0,0.02960451144917418
1,0.8372296319752127
0,0.06154223403944756
1,0.973586206995102
1,0.9796468014690229
1,0.1459425490143379
0,0.03513798599665961
1,0.9500901806064305
0,0.00990774341291968
0,0.012093106536373601
1,0.7265266640977864
1,0.9485033183413898
0,0.3742041214112112
0,0.01549377048979516
1,0.9182415017710184
0,0.18432633063470444
0,0.07464876824937627
0,0.17057604608991844
0,0.13726747001150225
0,0.0231923815132586
0,0.1580553146339
0,0.03189920332012298
1,0.9507789936154444
0,0.07776404294310578
1,0.9122015597504469
1,0.9459777765857514
0,0.05876419912612653
1,0.9533084583760622
0,0.008647243668255962
0,0.015191082630002144
1,0.8939041886194136
1,0.538852504071682
1,0.7301173058366262
0,0.06658938419549432
0,0.09841936062077428
0,0.037192905393172104
1,0.2914689039636054
0,0.0364127021077628
0,0.10118200203417345
1,0.9762684134664387
1,0.6966037728251603
1,0.9895407628459195
1,0.9807561787678495
0,0.02170118811915936
0,0.013334216368875695
0,0.08119418256418909
0,0.0434877429883679
0,0.05229181134955208
0,0.028498301486440156
1,0.02047461090692455
1,0.3874838203861727
1,0.856854738621965
0,0.011920291884531538
0,0.7509113069334817
0,0.050873991162005125
0,0.9844539551402328
1,0.7579824081889732
1,0.7085335887554969
0,0.012133557960546644
0,0.008271456632300356
1,0.6767895307140334
0,0.029134992489261255
1,0.9320340833718067
0,0.0074934611814126886
0,0.06063261234974008
1,0.8735211268932773
0,0.08333241421409392
1,0.785262265726277
0,0.08834059162183107
1,0.4956396851115266
0,0.008754778001718496
1,0.8031217206870864
0,0.024868617168187758
1,0.9378226884878964
0,0.006471247852774385
0,0.20083377488313917
1,0.44199568527993155
0,0.16635959262597022
1,0.9182191263673826
0,0.06374141627226827
0,0.04146621771435563
0,0.0433509833074087
1,0.07414124970227333
0,0.030546216933954685
0,0.9571185758830498
0,0.07786851407452844
1,0.2783438102720693
1,0.8540761166314532
0,0.029796618204572668
0,0.027230388765198784
0,0.025285165361297927
1,0.957891363446617
0,0.024823754288704095
0,0.020922922867512687
1,0.9592748618867185
1,0.938828744710403
1,0.10010049625020644
0,0.10107553258486192
1,0.4792819950199078
0,0.013554371768164122
1,0.7543057160864184
1,0.0682875698978035
1,0.5669449727988661
0,0.040074847152447086
1,0.9843963225549045
0,0.04565230280180249
0,0.070472996806607
0,0.020518754809028886
0,0.007673962485594325
0,0.10794706212571234
0,0.5893915254078825
0,0.04936952545048884
0,0.014871959626923273
0,0.06095374164637823
0,0.019558016050029974
0,0.026903008910294818
1,0.99278562336099
0,0.03965541711263341
0,0.10623997520355526
1,0.8764859836707339
0,0.03622235560556247
0,0.055423023553112884
0,0.010745690116730338
0,0.018244893642756683
0,0.06972356862381619
0,0.009306946950682338
1,0.01573674989762688
0,0.030990490089301544
1,0.8040027811262667
0,0.036301309405049755
0,0.017939434885210912
1,0.7866700481861021
0,0.016424007520718865
1,0.7097572135960024
0,0.011230532785792275
1,0.9125115208257055
1,0.9663075473114923
0,0.13800269701231865
1,0.9486674879431825
0,0.02556708737163816
0,0.043387377550217175
1,0.6921931493039776
0,0.03638843250364911
0,0.1533101909639783
0,0.03937188120143395
0,0.09466031136821723
1,0.9882312587105461
0,0.05246648783208584
0,0.00930355856264226
0,0.09790376200131723
0,0.011715519670458934
1,0.39795512099605235
1,0.8239334246003035
0,0.2089716236448534
0,0.11763538199166318
1,0.9403589523740434
0,0.011379081652425488
0,0.01611290261757128
1,0.7469407753073347
0,0.028513741318708808
1,0.6825712662966562
1,0.28423097884517506
0,0.03223844242308203
0,0.4300780670461472
0,0.0648801091655653
1,0.9663857626057183
1,0.5999175393429184
0,0.3818292490679159
0,0.02662743830811253
0,0.04290644831330847
1,0.9785103474584507
0,0.015921631158505582
0,0.03177764351393387
0,0.025779153045944036
0,0.0832614449274517
1,0.8478506791503712
0,0.006140772923108729
0,0.12893062047026474
1,0.9883211525779093
0,0.04117869962885537
0,0.006939462660708123
0,0.010833815971053663
1,0.45083411330515133
0,0.16242455191517852
1,0.8961819144307488
0,0.028988721805033854
0,0.04447462955752716
1,0.9939631424254088
1,0.052048159276358884
0,0.012308473740535057
0,0.019985603605452828
0,0.03674151908535386
1,0.97090302125362
1,0.9270995122567554
1,0.1871851664867299
1,0.08194388833388892
1,0.9131868206414623
1,0.2813977752871057
0,0.16675102149474916
1,0.9250956753411824
0,0.07545395022884964
1,0.46993496591996614
0,0.16702062919343572
1,0.9059882259515776
0,0.06074003646842344
0,0.11517826193717044
1,0.3829179792572157
1,0.8894501699640797
1,0.2814428479627405
0,0.3367503731334905
0,0.02724078292848253
1,0.9197457421330288
0,0.3056815805948539
0,0.04300293345519828
0,0.040984601353064316
0,0.024524030636321123
0,0.10717199226322018
0,0.14397492611324597
1,0.9357494949556646
0,0.015992527797837764
0,0.12244059743359727
1,0.925428130423141
0,0.006941791484955061
0,0.04448146248445023
0,0.05801698361574799
0,0.03481298847347878
1,0.047937924475351126
0,0.7234763861176736
0,0.025084867314839065
0,0.017535537677177294
0,0.01982569566204081
0,0.026192690651245833
1,0.4098030275914494
0,0.048284031168507706
1,0.9739693950472632
1,0.8026077075213126
0,0.004293221511364761
0,0.04012086963303747
0,0.7910065980671918
0,0.02885430878925045
0,0.006174664023850772
1,0.7415550442580386
0,0.02356883452379334
0,0.03717050169017527
0,0.07217977343019827
1,0.8859424933043084
1,0.9874758496686676
1,0.9907540865427499
1,0.7002418047087166
0,0.007405865055877262
0,0.09206653746488411
0,0.010977080847038932
0,0.029464985769860643
1,0.8358016590491847
0,0.042452376179375806
0,0.02778051613337169
0,0.004118405782360388
1,0.02342923302686472
0,0.00863657710722387
0,0.04664592123081151
1,0.7509258647610787
0,0.0667475342679982
0,0.028432697667412535
1,0.15331628460355848
0,0.08371229249683389
0,0.15810950335346047
1,0.3072366680864229
1,0.9691121342311889
1,0.6806539932077201
0,0.0321523114444821
0,0.026261075535160515
0,0.22609589605860522
0,0.3902750376968789
1,0.9501959077271703
0,0.18259103369183186
0,0.030931398826246237
0,0.0313374222900469
0,0.025601066082813494
0,0.18372706256322544
0,0.5111503655202699
0,0.10019596790646117
0,0.06145533151302248
0,0.02551322466532409
0,0.06667427984218312
0,0.1462910176897823
0,0.059915968820546645
0,0.011996481885897622
1,0.8384374484967859
0,0.013061354955714312
1,0.08000810340535193
0,0.01847277857071365
0,0.03520268496028053
0,0.5921397856356392
1,0.9696708980897631
0,0.01183083491416134
1,0.8187204967446939
0,0.047730739927490204
1,0.9809558078315911
0,0.02279787953531976
0,0.027487084019798765
0,0.034401826368676426
0,0.030029817042641696
0,0.04086163960165344
0,0.676296199786986
0,0.31192221230811695
0,0.014438991060317834
0,0.33132346100025106
1,0.8055894120761999
0,0.03839602287488089
0,0.029343758887529617
1,0.6789582117625432
1,0.9138214509641541
0,0.032767625011359804
0,0.0691405987814349
1,0.6509028629050532
0,0.19211334580379988
0,0.013953617816863722
0,0.33973311147532004
0,0.1425704230559774
0,0.08351379330246193
0,0.018623780569705886
0,0.05720574323398106
0,0.02698792515468169
0,0.04689826355442822
0,0.08906821374969617
0,0.0099973580563557
0,0.6752952291417186
0,0.006347055790936824
1,0.16487843169684435
0,0.004056655351793591
0,0.01595108433089256
0,0.016750698801977066
0,0.02694118759330883
0,0.6251225289784789
1,0.14075656220208424
1,0.9891653960031005
0,0.13119141313773228
0,0.012243735803215394
0,0.09079054463907046
1,0.9755644845391799
0,0.12309289390015539
0,0.053592769192884
1,0.8504106278631772
0,0.10713518719280944
0,0.04571965268672604
0,0.014799112709923757
0,0.07294482877885068
1,0.9447881452939613
0,0.04606181446444083
1,0.9478698825314018
1,0.6273557429853889
0,0.1721021338673664
0,0.022368183984895762
0,0.14383159184802613
0,0.7682530647846503
0,0.034180327521785396
1,0.9869070826351635
0,0.09057391272790138
1,0.5637535775230579
0,0.009696228014644311
1,0.9175870483829243
0,0.036802830265962656
0,0.014077761771668912
1,0.9758114931475524
0,0.030398928264276474
0,0.004759404442780654
0,0.02648042453235556
0,0.050448519664209455
0,0.05568627474685755
0,0.02288636463154023
0,0.005400435799695514
0,0.019186332676377423
1,0.7508799033640212
0,0.015080126111020855
0,0.027424002397234064
0,0.051300788760188204
0,0.0642102018471455
1,0.955232972551215
1,0.4619366554975879
0,0.021487013600996394
1,0.9614404254182819
1,0.7386065868416288
1,0.8626995231068615
1,0.09224998900104024
0,0.2542900760665472
1,0.7072650628043247
1,0.9090702489076696
0,0.03441721231117586
0,0.019119484872995376
0,0.02990684846605725
0,0.17973480435165884
0,0.03364334728737934
1,0.9761033765013069
1,0.6172148802210858
0,0.015953462778444737
0,0.21568410374349295
0,0.02868477083871904
1,0.6363478073265024
0,0.6755949387327197
0,0.02467462030036799
0,0.027744521087989686
0,0.6742400562426342
0,0.1708043077182308
0,0.018145176323568595
0,0.007039900713495959
0,0.022441854371446916
0,0.048965204436406104
0,0.023017763246567815
0,0.13976546050686198
0,0.022194924372262295
1,0.6337402711233954
0,0.03262917520063398
0,0.4808645204783719
1,0.6190419335946308
0,0.043605738058547276
0,0.8014481300647944
0,0.09361501834626745
0,0.19474949929799953
1,0.14495514858643038
0,0.034119116528685746
0,0.3293381728021813
1,0.9011728013080247
1,0.9592282236904642
1,0.26172113698324284
1,0.8265328205427012
0,0.011711126929661803
0,0.06455155964239125
1,0.884931286213203
0,0.013564660023861702
0,0.12370492892143539
0,0.0805729096551046
0,0.09250293272126517
1,0.7137551031486696
0,0.021456515714030622
0,0.044419639971836504
1,0.7993437636075276
0,0.050010925324121644
0,0.049564433213861225
1,0.910869103192948
0,0.759829851017696
0,0.08067818320213077
1,0.9563400088930927
0,0.5828434741705154
0,0.02808311915071855
1,0.5230415254650647
0,0.08835889682618235
1,0.9667583098593907
1,0.5990960961946704
1,0.9359183514160244
0,0.03076953672420613
0,0.07183062587586067
0,0.014152486474891953
1,0.9525736985134332
0,0.01563091983485932
0,0.03756117547332279
1,0.26390028259801196
0,0.0280094689395357
0,0.02074655904461259
0,0.06518824699834157
0,0.04855250505660494
0,0.051889203071204315
0,0.004714746857807124
0,0.09538422716549633
0,0.219966312161241
0,0.07727110681304435
0,0.023820701444034767
1,0.8202666578048902
0,0.044672934456885034
1,0.8256196813205752
0,0.01625614123029808
1,0.2709265602603262
0,0.04258852751718881
0,0.02124724189992959
1,0.8229710079245527
0,0.0173841560894708
1,0.6420212403899624
0,0.129062958716751
1,0.6436825786794619
0,0.121018285910094
1,0.9381282229884608
0,0.005368416440017498
0,0.039508037468635494
1,0.939389684401847
1,0.8482326486324979
0,0.8634023385858728
1,0.9909801361449551
0,0.017086685511604374
1,0.20028360311348453
1,0.6328808679477155
0,0.0183309648000531
0,0.5320580168744347
0,0.05345800480248951
1,0.9620397906700299
0,0.010347210197845756
0,0.029769025603310722
1,0.7794072895083126
1,0.9472601221072846
0,0.23660315621565223
0,0.07518030987676819
0,0.04059007597109064
0,0.005877446740288965
0,0.028455660832408296
1,0.8320145174908469
1,0.9275475628641308
1,0.9457903596131008
0,0.00939051925368939
1,0.5667098899691267
1,0.3493534128120787
0,0.07738052669247987
0,0.02156305888922906
0,0.50349981932294
0,0.1254607787193056
1,0.8219728864482407
0,0.09597489503269008
0,0.04282927264387152
1,0.985538257444699
0,0.6657203111577733
1,0.7999185423171848
1,0.6322065242842226
1,0.9715758009586727
0,0.0038969950180284415
1,0.4585937098288348
0,0.010095576641668956
1,0.9741400997261531
0,0.02283147294721672
0,0.026858189055156745
0,0.10902666879095987
1,0.4347774623919338
0,0.12451839735560255
0,0.8375724425592753
0,0.012511669031491281
0,0.49446857243995684
0,0.44009880054785416
0,0.02262140379735895
0,0.2101148723904173
0,0.021511264888990397
1,0.0585671998085373
0,0.04757365182091695
0,0.3021040046700616
0,0.01700076492279126
0,0.09963589008722624
0,0.06630162475091811
1,0.6734295275297683
0,0.03789284237298694
1,0.05856072327435549
0,0.5670024895528504
0,0.03832129736803479
0,0.01796944083972884
1,0.8570327451161506
0,0.01496954845786316
0,0.02088156301395649
1,0.6720252335127342
0,0.02204655169853893
0,0.06976816686891203
1,0.794916139961405
0,0.010153031349633778
0,0.03516008497232039
1,0.7849133956125885
1,0.8980533295405906
0,0.012184493399974156
0,0.026358720173567732
0,0.812863839725254
1,0.9320942755900121
0,0.20463115027326806
1,0.422998389130199
0,0.7404859462382436
1,0.944204112999642
0,0.04305657264693284
0,0.013646298004164135
0,0.04222634985712909
0,0.04818114713444742
0,0.013061308826035097
0,0.47123200631316525
1,0.463996649836937
0,0.07994379820808312
1,0.3536572806434618
1,0.9683768002143636
1,0.9591058684201208
1,0.927032013997549
0,0.01854262363003683
0,0.01361914938744822
0,0.014847818161202554
1,0.9173994620452206
1,0.9220185724319424
0,0.26218579929877606
1,0.5534755525062974
1,0.16789156740853214
1,0.9076930829024157
0,0.1402669292946789
0,0.0382847182425121
0,0.02966012576585442
0,0.131438957634001
1,0.9594096017715029
1,0.9594944549267258
0,0.012017585073396366
0,0.3598509342429048
0,0.018415366268766963
0,0.025704899819582076
0,0.01968264246944821
1,0.8321066992974385
0,0.010638151509861714
0,0.02075414870848288
1,0.110420393104953
0,0.04681815077047446
1,0.9590270320995868
0,0.011350098980144382
0,0.11571622429657716
0,0.02828024976706737
0,0.03186185151873676
0,0.01856286037869855
0,0.02165985374881938
1,0.1172970437854209
1,0.9650399348967886
0,0.03430882415352368
1,0.9813941116688514
0,0.0307047628599904
0,0.07599144540470952
0,0.0880016020932692
0,0.03580648011737562
0,0.07178170364788763
0,0.09637333215425652
0,0.08550446051523544
0,0.03914321247799814
1,0.9793537851531648
0,0.057060741701679
1,0.7501985446274355
0,0.5805417115565795
0,0.10828292790213663
0,0.011840380501929282
1,0.9634008703879038
1,0.6773840698354465
0,0.20179450049735043
0,0.3310722128049957
0,0.07168111790679269
1,0.8985485731990774
0,0.02489278061332455
0,0.015696624451185075
0,0.019878131295158603
0,0.3443809771018477
1,0.14700922546208772
0,0.05781088173443407
0,0.9904192492808037
0,0.09821895036622856
0,0.5546295262082218
0,0.01535796173594863
1,0.9455185983937733
0,0.07486678230935868
1,0.7135259049968861
1,0.961295814675559
0,0.01786434510342624
0,0.019179767893009195
1,0.9248668681053485
1,0.7010019719682398
0,0.010081373908310173
0,0.01293475320693455
0,0.069292064848839
0,0.030151827686799505
0,0.03532086350822013
1,0.8968883093547086
0,0.05108761221871954
0,0.025980300966968482
0,0.0367317384225073
1,0.920268713512831
0,0.1211354209581115
0,0.0460417505642336
1,0.8571529589452165
0,0.027129866792581357
0,0.04287786237595768
1,0.6962048618495351
0,0.038592997442056506
1,0.8315805677120517
0,0.08020875116560225
0,0.019910418456125147
0,0.14604142008463716
1,0.8651505170860858
0,0.00998876030590245
0,0.03713940873769453
0,0.029908217607927442
0,0.15300861270038546
1,0.9877449282017713
0,0.02713598880206067
1,0.3780988945305752
0,0.4762555772903634
0,0.4056392044643571
0,0.004492511275501701
0,0.03158730238384276
0,0.031325743244627675
0,0.11230541872489962
0,0.010599026955110256
0,0.029997099205423153
1,0.8518996601336513
1,0.6274491445505065
0,0.02227849736807335
0,0.10726783124079986
0,0.019241700727875198
1,0.6071076434035817
1,0.9520723568181089
0,0.01538151528418339
0,0.7428052737416508
0,0.015897399158186984
1,0.2648834044799088
1,0.6942211832757672
0,0.8280356469940413
1,0.9387643305920503
0,0.011935695545458714
1,0.48066506707127205
0,0.013410247704959907
0,0.026107379925478787
0,0.04230478797731182
0,0.8257485334835317
1,0.11095213719498317
0,0.350548738660043
1,0.8967807006080555
0,0.11721500424197337
0,0.10734736659432205
0,0.01379145846856721
1,0.636091531886159
0,0.02758499314642391
0,0.28568686117603104
1,0.16971224431997106
0,0.11014637841340537
0,0.013972912728280485
1,0.9441033057403962
0,0.04544068501106337
0,0.14387215778385373
0,0.06452100666978097
0,0.00848349910816059
0,0.15585152032601365
0,0.06033814229135017
0,0.03027325823821873
1,0.12079332834624892
1,0.8026768857182616
0,0.8503442055421839
1,0.9430351277098254
0,0.04550203174150582
0,0.10581725348982281
0,0.21180271741896284
0,0.06269165967829281
1,0.7303098378198541
0,0.017771350893538474
0,0.029845554283654836
0,0.04947672544150627
0,0.0903586873401746
1,0.9628567338823479
0,0.012324812356875962
0,0.1038849943656582
0,0.021608796148526614
0,0.07007507588098351
0,0.009128003789323486
0,0.8147253587616377
0,0.005576014863013752
1,0.9870764400504671
0,0.0048339085612724405
0,0.022163742056947718
0,0.01832670586402084
0,0.2864187237068591
0,0.037296959491053924
0,0.20928787849774216
0,0.8732671176474891
0,0.026753699518638922
1,0.9315304735560126
0,0.0748614981132146
1,0.8457036240834823
1,0.25719691903817976
1,0.38140422939129814
0,0.020756064128934316
0,0.04477466671369337
0,0.03484793122541644
0,0.026938337192288508
0,0.010913288885828367
0,0.06682677916070642
1,0.6179135022006869
0,0.07253322980961352
1,0.30326379215020877
0,0.018540469485254733
0,0.01618939791871332
0,0.0691864096846592
0,0.02598267140902963
0,0.028467009125040722
1,0.899904652392218
0,0.010099412738481497
0,0.021761894636371144
1,0.8228015145542926
1,0.9546890672699534
1,0.7861981198319676
0,0.06428551506639596
0,0.13091153133132882
1,0.9371283157768796
1,0.8416631356830804
0,0.05755265828682815
1,0.4070932851561976
0,0.025745627531856833
1,0.9888263369850936
0,0.03933698638756359
0,0.05286843951735871
0,0.4544968032922597
0,0.03224354345074904
1,0.261211044333992
0,0.0657484044718794
0,0.018608778315472353
0,0.060504384014035094
1,0.8588812020958291
1,0.7421573555692865
1,0.8435840594789515
0,0.03324420778564996
1,0.8312011693658585
0,0.03741814865428352
1,0.44101688463528116
0,0.00967655273066868
0,0.030568664850297005
0,0.005428359001072287
0,0.034443190419005655
0,0.08635252689546329
0,0.027942703185222722
1,0.582863262257942
0,0.02534666151284589
0,0.0074196304271573876
0,0.06557785880435334
0,0.022100648301257825
1,0.9667682800205187
0,0.01892494533164739
0,0.03064376493003059
0,0.34448190696784636
0,0.08605239807807284
0,0.5253653491879872
0,0.03839881776919035
0,0.02947018330090839
0,0.7246758657948724
0,0.03612944790956552
1,0.9905586209365246
0,0.020065864872956175
0,0.11390151756420337
1,0.9639260029725072
1,0.7350787453213571
1,0.9374710614445376
1,0.3900737468181164
1,0.5085876652100891
0,0.09335363227217203
0,0.02649550218583569
0,0.011676550322199344
0,0.11278744776429724
1,0.8486461583952329
1,0.14427975964741332
0,0.03941719443410671
0,0.017162897356028495
0,0.03226686055687715
1,0.9853142708180737
0,0.08334058834742787
1,0.9578393997561845
1,0.4448992528254484
0,0.026768083011891427
1,0.9691851489357496
0,0.07705431598872844
0,0.03903617932885647
1,0.9603053455155633
0,0.07221539340293401
0,0.0859010499419634
1,0.5048508198074888
0,0.021469479016109756
0,0.3833615548983986
0,0.06971376407094258
1,0.7917076953039988
0,0.11552407514570033
0,0.02466860344643542
0,0.019880992360176188
0,0.04107793453264294
0,0.6582917226372438
0,0.6076670202084222
1,0.5255446142418676
0,0.14321542664552322
0,0.017726483871406733
0,0.022535082340391015
0,0.02043909546672484
0,0.28913002370721635
0,0.10021321401351621
0,0.1766185058382621
0,0.020222131672406485
0,0.0777722559745407
1,0.3407343003782837
1,0.8151358699361699
0,0.023542171840812785
1,0.8285544770971668
0,0.029211072941868234
1,0.8193411795119406
0,0.11006318065152049
1,0.31908196871329425
1,0.849490619097283
0,0.013557972919621408
0,0.024495567915979545
1,0.2997811890226954
1,0.46220084227084274
1,0.9105747301976816
0,0.01114776110458999
0,0.042897803476539244
0,0.057247034886463356
1,0.9471278064478468
0,0.06090312751523522
1,0.9483259359633317
0,0.03681804929918632
1,0.9553624402923776
1,0.6106494142131031
1,0.8542826854103325
0,0.12670342854446806
1,0.8075078604807944
1,0.24364009174318674
1,0.03200419192366488
0,0.03299060819571681
0,0.11212863474188649
1,0.9498297957459588
0,0.012923202339337843
0,0.3043400755750336
1,0.9328584692674114
1,0.5325935231827986
0,0.04172464161960168
0,0.023110979958838276
0,0.6004026330064359
1,0.741278933019143
1,0.9255027802537785
1,0.9056751665680358
0,0.027855594812414425
0,0.0181223773325511
1,0.9649748762155373
0,0.015176923362834964
1,0.8514969452018668
0,0.007835987040022828
0,0.023417084634303847
0,0.01962599216042665
0,0.3105576850110056
0,0.2090702929420396
0,0.037110258562419944
0,0.05675646626814605
1,0.06984834716792941
0,0.8215494830112072
0,0.11194431400392417
0,0.0073917930005451375
0,0.04845999659339989
0,0.1889991166191616
1,0.5932573457555088
0,0.042667470649621037
1,0.46852865668340304
0,0.026241630474479093
0,0.030854880319357483
0,0.011162063109661995
0,0.03013695644162835
1,0.029548545451051386
1,0.9167347412611323
0,0.041484053261267424
1,0.9916211711108495
1,0.9672156837505558
0,0.012026256821846461
1,0.846635029484125
0,0.5838366378705722
0,0.732733982700822
1,0.11860921844564255
0,0.018131044551359526
0,0.08055154652430933
0,0.6529542138645926
0,0.08408907796451384
0,0.14846608631978594
0,0.5589583340061566
0,0.4456942436376068
0,0.022098733398800887
0,0.06364213818900454
0,0.005420277371638889
1,0.03993625625168593
1,0.9544662195682286
0,0.01752339179634591
0,0.013598389119856754
0,0.17044838601699905
0,0.0569905423407745
0,0.023224710026362966
0,0.025149558422373396
1,0.7003380734842042
1,0.10882765282223246
0,0.0146926448260177
0,0.013231099606047545
0,0.02118627944581087
0,0.03299331303090124
1,0.9222210752617783
0,0.044296725878507776
0,0.015493308958548922
1,0.005348915538249133
0,0.02756193363716135
0,0.16025467738758611
0,0.05081362363063192
0,0.18752303401252657
0,0.03450824138467168
0,0.041520024972120186
1,0.035095377322577136
1,0.9208388931452961
0,0.6790399900715673
1,0.8636469271731575
0,0.1792749420971416
0,0.0814105921452644
0,0.025446723342051825
0,0.017757195683416507
1,0.7289434883585404
1,0.9512398172448779
0,0.024031179130471897
0,0.020842620469233675
1,0.01330789018004699
1,0.9609234703621803
0,0.0236259369305124
0,0.019768604872574227
1,0.923337295097846
0,0.02169856480991209
0,0.06195374077960688
0,0.02492286396423654
0,0.8622443025797313
1,0.8838060144348113
0,0.00957667252129929
0,0.1265926070323878
0,0.0659852459689307
0,0.008455086886044915
0,0.0755687848442023
0,0.031145761748678977
1,0.027161457037520355
1,0.8700253385669982
0,0.03762963187258045
1,0.7797564807274305
0,0.029354924007806937
0,0.04282344187646311
0,0.018309283037137768
1,0.9708496169980974
0,0.01576502277448699
0,0.028565098443545524
0,0.06003341362922609
0,0.06027156347287678
0,0.12540821424260537
1,0.5071281616580972
0,0.03460482586570526
1,0.27083309989947446
0,0.025375852701993044
1,0.9739845821989853
1,0.7076039587453253
1,0.7991591035644301
0,0.03709615146809472
0,0.02541375179426146
0,0.01717947755560034
0,0.07096129634902286
0,0.03092508168660183
0,0.02083777563596717
0,0.03195402065958101
0,0.23410686934866146
1,0.015674542264724554
0,0.01790819696319114
0,0.02995017880014915
0,0.15716764559846225
0,0.028152785529256662
1,0.7151775650538978
1,0.943834595826933
0,0.04029771475869946
0,0.02810639646265854
1,0.8343542460389642
0,0.23046143935738153
0,0.02842525581748329
0,0.11121164354570694
0,0.020393038430626596
0,0.032310998632041225
0,0.0075231628547063455
0,0.7815296441428645
1,0.765833142726263
1,0.8708592093320379
0,0.13200638734091236
0,0.0365860494335349
1,0.6659734025234543
0,0.059585749417586216
0,0.01357877311258469
0,0.05127949967274138
0,0.013539616905736263
1,0.43099087821039644
0,0.03256982838183674
0,0.07002910579447798
0,0.5211677348808829
1,0.7528316924599073
0,0.02376421152367379
0,0.9287953103843326
1,0.7641077507232764
0,0.019956728965915903
0,0.03508845978061919
0,0.015994281318588516
0,0.027180150707249863
0,0.005813342879165991
0,0.007357402200617427
0,0.07134020205326821
0,0.1112102995843525
1,0.042609173724145445
0,0.04679083083226069
0,0.008057700335766055
0,0.8971527147203778
1,0.9299184013744772
0,0.005643901185541698
0,0.05990648464373624
1,0.3338856707513893
0,0.022047591366155413
1,0.7392264966807105
1,0.8325412802782595
0,0.015684601625420923
0,0.044515063324833674
1,0.9361380972308652
0,0.017467446952807712
0,0.03640422206847244
1,0.6416735623408881
1,0.10974520950859354
0,0.36930749112072697
0,0.034348586678125397
1,0.9316418489822605
1,0.1164418440489919
0,0.015691847019136475
0,0.019166008188052416
0,0.03948400088541147
0,0.027319738939005647
0,0.1209982193472853
0,0.022057281018271716
0,0.02293498944991258
1,0.9625086354850528
0,0.06926138494150454
1,0.05395540318500715
0,0.3886166705499224
1,0.6536446475954086
0,0.49878364587981083
0,0.20581696056490378
0,0.2579863151060299
0,0.019147215698026892
1,0.8172635635112584
0,0.031610674007814824
0,0.5549250734391316
0,0.03363012891314815
0,0.5578377911865898
0,0.5671584792409483
0,0.1681180906354247
1,0.7291660962704674
0,0.04403245527245716
0,0.010570790081046633
0,0.04273165140368366
1,0.9677175963253334
1,0.6002161585244136
0,0.028402542085357144
1,0.7857509748482016
0,0.017676700244320442
1,0.6090174781644186
0,0.22832555680330222
0,0.013036377169102647
0,0.027307630402590145
0,0.17293125515027424
0,0.021935869979292574
1,0.9595695694473442
0,0.1806882439947355
0,0.012530788749689662
1,0.71596472321953
1,0.9756061713638654
0,0.06057182747334735
0,0.012164989783869744
0,0.030310171549910635
1,0.9592320941002761
0,0.14148467537488485
1,0.13888460264042116
0,0.03777628048896351
1,0.01629335681099028
1,0.6325815176824873
0,0.006939932094437163
0,0.03926738305116939
1,0.8990017280752175
0,0.013409137470807245
0,0.02825533203244048
1,0.930797610425937
0,0.06529720460368015
1,0.25779860432555063
0,0.0335161022213214
0,0.0293890716839995
0,0.06897179292121658
1,0.8768151754945808
0,0.017011173357518953
0,0.019883395210785373
0,0.040503054633748634
0,0.0876334437478433
0,0.007249145051376183
0,0.045920047909462414
1,0.8563077589730509
0,0.07547696819925143
0,0.04791814039046662
1,0.9631221523262834
0,0.7643611475270752
0,0.04185734359351065
0,0.4269803551496087
0,0.021276600941894694
0,0.01336690704429647
0,0.08177086756593198
0,0.4992416259245852
0,0.745208250027416
0,0.026500068786593337
0,0.036195796897833754
0,0.06612922676865853
0,0.5225236674370112
0,0.04835141667715096
1,0.46453284179836607
1,0.6117393189772402
0,0.0550150544501211
1,0.7800675257311451
0,0.008305079375322814
0,0.029047782983854662
1,0.19443993259908166
1,0.9803326362583478
0,0.013730959947006953
0,0.015855015061064046
0,0.01157450196394379
1,0.6528125739911131
0,0.028074703845789875
0,0.00777414800158763
0,0.051496481624051446
0,0.02705744410647577
0,0.01201824267487168
0,0.0281350185269955
0,0.02436963116281516
0,0.9171664837917172
1,0.46157267314846834
0,0.45472616434355306
1,0.8715625063426212
1,0.4955860013062027
0,0.012026417221391276
1,0.9319281787553314
1,0.9184663863816954
0,0.0682305413752721
1,0.05496138255738933
0,0.0395407934875905
1,0.3121602390369014
1,0.5550837908520098
0,0.025533213054082172
0,0.06418393466288165
1,0.7490228550453651
1,0.668450039141797
1,0.9533468338333997
0,0.5549702072609776
0,0.025950974844489622
0,0.04063351923571507
0,0.012714705449618368
0,0.015644249160513678
0,0.02723282629339049
0,0.03942600605085712
1,0.9504646944614726
0,0.04068819052250702
0,0.046138540162004846
0,0.031016206546414044
0,0.6037845475444036
0,0.6269615888506327
1,0.971754589157659
0,0.007098282161452164
0,0.013325194972546767
0,0.050750030174560354
1,0.6581057726767461
0,0.022390545414594655
0,0.02438077985944881
0,0.038989447754333384
0,0.28855159257059454
1,0.6753489587578825
0,0.19214910616996997
1,0.4357308386679251
0,0.016621436522236716
0,0.015780476561913625
0,0.013748988101914921
0,0.009635253282018292
0,0.034871578912794535
0,0.038923576782565125
1,0.9867039981639512
0,0.013640738533086273
0,0.010452177943439377
0,0.021080676746263467
0,0.013972096012525055
0,0.1987148885972312
0,0.16651276888246405
0,0.06399677311785337
1,0.9652502777061409
0,0.0733923504462517
1,0.6829037342850196
0,0.020941297478213633
0,0.004347620234903769
0,0.011875581572695703
0,0.018851894499635754
0,0.0062933611098368895
0,0.05497462085113554
0,0.07303713293380312
1,0.8999594433980708
0,0.0176919786802531
1,0.7032972564468136
0,0.021430327999823095
0,0.030450815121455074
0,0.011768819745677039
0,0.11926393940828567
0,0.020331585246452084
0,0.11673493261392742
0,0.535874465535394
0,0.5980234564045855
0,0.011440133155117304
1,0.8446808919807965
0,0.02238795584667975
0,0.06581787223367402
0,0.029754325897305735
0,0.016334441770412746
0,0.010795212701212446
0,0.010745031802377326
1,0.7205726017247549
0,0.012397998020637775
0,0.8015248278497623
0,0.9338892275264856
0,0.01980297965542005
0,0.17505288167416144
1,0.984225582953452
1,0.8012853949979384
1,0.2496093530347285
0,0.026342540932063774
0,0.01658859944757354
0,0.03560934170777496
0,0.008228298510270701
0,0.027626695693775464
0,0.04478020199553869
0,0.019354317194773086
0,0.027380890127824773
0,0.07296158698604673
0,0.036231076263460574
0,0.058859167240845146
0,0.06667125516419312
1,0.8695701261665154
0,0.018094633911473
0,0.10937203602331029
0,0.01038305676188286
0,0.18224846931695998
0,0.06284656147774105
0,0.034248180457665346
0,0.13614213312037293
0,0.014176304837043545
0,0.09733191232654669
0,0.06402168164352873
1,0.11860602114258754
0,0.022866161058592776
0,0.4567594499606387
0,0.07203985721421961
0,0.018256326209741665
0,0.011736532654668773
1,0.923873112373465
1,0.9669869299420919
0,0.014648764663508632
0,0.03834683251702069
0,0.059254764943176184
0,0.012795437846472964
1,0.9543804389337273
0,0.02079324206869291
0,0.19743205626548033
0,0.015399344957949078
0,0.013736625878935956
0,0.046913141609259065
1,0.949984594952692
0,0.0735199287229713
1,0.2890902200864568
0,0.024456181208821655
1,0.6468979196184138
0,0.030605329025636625
0,0.06522626660891669
0,0.00565994269427486
0,0.17917981601574562
1,0.9635077517571762
0,0.009768789918069277
0,0.032405419873736054
0,0.05732933274139717
0,0.7709747285292887
0,0.016248707554857883
1,0.8573676359623228
0,0.03641044373858683
1,0.31935020392293606
0,0.4552649931131746
1,0.4116808036771136
0,0.006453190851075349
0,0.09861646957825106
0,0.005667228377298664
0,0.04579020545072108
0,0.01872851717751399
0,0.03404186145938797
0,0.013548316106609287
0,0.021872584240271428
1,0.5429072904747677
0,0.02007278730333046
0,0.014279520947001046
0,0.07207801162246555
0,0.09687408689101565
0,0.008958484063847017
0,0.020564427985739257
0,0.2794886335462095
1,0.017971763762303115
0,0.024699989220844185
0,0.1361785950343898
0,0.8985769159361255
0,0.7752885039078042
0,0.029226128577267606
0,0.016208220720450965
0,0.01966705180214872
0,0.014792992188532183
0,0.03150186077475011
1,0.465969040092964
0,0.05410951292031984
0,0.151928365908434
0,0.021685805645262214
0,0.032933503401947
0,0.009478123410937206
0,0.07209768033192943
0,0.03866281645281871
0,0.056233701054629465
0,0.03195402065958101
0,0.018615795194979204
0,0.02293834158901543
0,0.05051590246366695
0,0.038708605369636266
1,0.9627074358296839
0,0.04301277195885934
0,0.04736965031835356
0,0.05316947405260442
1,0.7299658004162495
0,0.02555988261412108
1,0.7928180122907637
1,0.8356510645004626
0,0.18402510731183244
1,0.06859688031096975
0,0.24289097442072266
1,0.5607110550096239
0,0.0234933044791511
0,0.03995786587793234
1,0.1731996199692266
0,0.05352500688501886
0,0.06937114964903707
0,0.007769199394406333
0,0.012340330577108604
0,0.03039063593456329
0,0.006907620159098149
0,0.08715671916145444
0,0.03181928614723373
0,0.26006380098590626
0,0.013650476918913381
0,0.013098853503510822
1,0.316578835285643
0,0.022645701290827127
1,0.9420394166096548
0,0.04467306056165748
0,0.5345528907572026
0,0.02641275924112859
1,0.9664603981270823
0,0.9534323558056252
1,0.39509933300960365
0,0.19378984083739895
0,0.03619218829806132
0,0.48421520724778966
0,0.01831612072062401
0,0.043908649568350236
0,0.021685809419937925
1,0.26637413552411404
0,0.0063608033130428355
0,0.03465871451642869
0,0.02066045487905463
0,0.019222922655377922
0,0.035820575312905605
0,0.21470149007231554
0,0.054368613746545086
0,0.015994260638191628
0,0.022348552719266633
0,0.030881809654663223
1,0.7164057801313747
1,0.1328665105668035
