target,prediction
0,0.12894661058350687
0,0.1644729466673608
0,0.1511590161266026
0,0.23442275047527897
1,0.12286401742871392
0,0.12833756418165287
1,0.610995803725889
0,0.146146153056619
0,0.24400211735387117
0,0.1338420394425152
0,0.16208541958869516
0,0.1338420394425152
1,0.15537073338299315
0,0.3894238930621201
1,0.7170950128888451
0,0.12613576386927536
0,0.25236173123780364
1,0.16572706172656781
0,0.1338420394425152
0,0.12286401742871392
0,0.27279570338420706
0,0.5856425218277799
0,0.2070367783845
1,0.6221110756329108
0,0.13057465338830826
0,0.610993850273716
0,0.12613576386927536
0,0.20633517933823314
0,0.19335008645942264
1,0.7527158568257845
1,0.13094293876116003
1,0.6368021955176186
0,0.1552856331258367
0,0.13253775866227607
0,0.2159910082445905
1,0.641170168703664
0,0.1373986173635036
0,0.17997174233900937
0,0.1654506478988946
1,0.7940928940025503
1,0.6443965002542059
1,0.6796834709179651
1,0.15670551063696173
0,0.1338420394425152
0,0.15449906040752764
0,0.12613576386927536
0,0.14626935801779148
0,0.15664618156477356
0,0.14331160303130594
0,0.7538511569384707
0,0.18756696812369536
0,0.14661394132256667
0,0.15530760063278054
0,0.13357841926598146
1,0.7170950128888451
0,0.12613576386927536
0,0.13357841926598146
0,0.1987071286680142
0,0.17783226121829127
0,0.1338420394425152
0,0.22986863987939118
0,0.12900155546276706
1,0.717067115993884
0,0.1756494412125675
1,0.7940928940025503
0,0.12613576386927536
1,0.7804899015779052
0,0.13357841926598146
0,0.12286401742871392
0,0.32356001932806117
1,0.16538572396070392
0,0.20847772841378912
0,0.13357841926598146
1,0.17938383512209216
0,0.1338420394425152
0,0.13357841926598146
0,0.12613576386927536
0,0.12613576386927536
0,0.13357841926598146
0,0.13083405485690414
0,0.16168848109894704
0,0.2349641859598307
0,0.12286401742871392
0,0.16574330854295477
0,0.13621774907226147
1,0.7751516896285591
0,0.12286401742871392
0,0.6775110113279919
0,0.20847772841378912
1,0.7170950128888451
1,0.821568775198259
0,0.273807873330386
0,0.1338420394425152
0,0.18726112434310885
1,0.21496217127809814
1,0.4694233253609738
1,0.16761171424688434
1,0.6513745187740364
0,0.3688184306569343
0,0.146146153056619
0,0.13357841926598146
1,0.1511590161266026
0,0.16369756350374387
0,0.13357841926598146
0,0.12900155546276706
0,0.1338420394425152
0,0.13357841926598146
0,0.7170950128888451
1,0.13357841926598146
1,0.1644729466673608
0,0.1338420394425152
0,0.12286401742871392
1,0.7140821995384188
1,0.12286401742871392
1,0.2159910082445905
0,0.12286401742871392
0,0.16208541958869516
1,0.12286401742871392
0,0.1338420394425152
1,0.641170168703664
0,0.13091120317571167
0,0.15670551063696173
0,0.1475752102404308
0,0.12286401742871392
0,0.6019558001309441
0,0.13357841926598146
0,0.2870468437709999
0,0.18280579593480425
0,0.1338420394425152
0,0.12286401742871392
0,0.12286401742871392
1,0.12286401742871392
0,0.1850005093348504
1,0.8463690347847622
1,0.7094038383208968
0,0.2171130788508644
0,0.2239875832832702
0,0.12286401742871392
0,0.13357841926598146
0,0.17784446882377342
0,0.1338420394425152
0,0.12286401742871392
0,0.18686690822483523
0,0.14414120065910777
0,0.13067032202639345
0,0.13357841926598146
1,0.1853641614428833
0,0.6508782438256707
1,0.20633517933823314
1,0.7297085414750781
0,0.13357841926598146
0,0.13357841926598146
0,0.2600555137311827
0,0.19575029175630507
0,0.13253775866227607
0,0.13235125287005442
0,0.12865102771723533
0,0.12900155546276706
0,0.12900155546276706
0,0.1956022503986942
1,0.641170168703664
0,0.19431630264750874
1,0.15670551063696173
0,0.561918100815892
0,0.12900155546276706
1,0.38176399668691774
0,0.18155872584587399
0,0.1338420394425152
0,0.12286401742871392
0,0.12900155546276706
0,0.1338420394425152
0,0.16504101295689186
0,0.13090751085311123
1,0.6075181228002077
0,0.1795137667248853
0,0.13357841926598146
1,0.7538511569384707
0,0.13357841926598146
1,0.12613576386927536
0,0.1338420394425152
0,0.13627618167148645
0,0.32842415596431285
0,0.17658213758426464
1,0.21949007325607084
1,0.741765712995643
0,0.14901825799866789
0,0.16208541958869516
0,0.1522033108540751
0,0.15642568662829212
0,0.32842415596431285
0,0.13213577471467428
0,0.12613576386927536
0,0.16310284561756636
0,0.13357841926598146
1,0.7170950128888451
0,0.18266661361582767
1,0.21731260284845078
0,0.1338420394425152
0,0.1338420394425152
1,0.25892323679582024
0,0.13357841926598146
1,0.6712130791191177
0,0.15530760063278054
1,0.6825037899550147
0,0.1338420394425152
0,0.2241092507214079
0,0.13357841926598146
1,0.32651750691682424
1,0.17447183310968048
0,0.13357841926598146
0,0.16208541958869516
1,0.22986863987939118
0,0.6298730400114928
0,0.24400211735387117
0,0.13357841926598146
0,0.12286401742871392
0,0.21949007325607084
1,0.16168848109894704
0,0.13495846252929725
1,0.3963592167636285
0,0.13215906449679646
1,0.13357841926598146
0,0.12286401742871392
0,0.13357841926598146
0,0.6537103300423232
0,0.6775110113279919
0,0.13790101526708282
0,0.13357841926598146
0,0.1497068878832583
0,0.7170950128888451
0,0.2586164728214415
0,0.32842415596431285
0,0.13491741695199497
0,0.12286401742871392
1,0.3048082912831433
0,0.146146153056619
1,0.821568775198259
0,0.26131563073329267
0,0.12286401742871392
0,0.14786635108825846
0,0.22986863987939118
1,0.15919454369643996
1,0.18953372048508357
1,0.32602593097512333
0,0.13357841926598146
0,0.6443965002542059
0,0.12818150890848629
0,0.13357841926598146
0,0.12613576386927536
0,0.1338420394425152
0,0.1338420394425152
0,0.12286401742871392
1,0.1311484108958844
0,0.1987071286680142
0,0.13291114770758372
0,0.1733831588356155
0,0.1338420394425152
0,0.13357841926598146
0,0.12900155546276706
0,0.22986863987939118
0,0.12900155546276706
1,0.712012994708882
0,0.12900155546276706
0,0.13357841926598146
0,0.6687919954462785
0,0.20847772841378912
0,0.3048082912831433
0,0.13067475940324427
0,0.18498825589500847
0,0.16168848109894704
1,0.6960506137140101
0,0.13224934090397017
1,0.7879284357503885
1,0.6704917234167728
1,0.1316383148566235
1,0.13782443667384187
0,0.25987643456559
0,0.1338420394425152
0,0.14944923302608054
0,0.1338420394425152
0,0.22986863987939118
0,0.12286401742871392
1,0.7940928940025503
1,0.7868401892060821
0,0.13357841926598146
0,0.16645467710427672
0,0.13357841926598146
1,0.16168848109894704
0,0.17701832905792092
1,0.5527863847053177
0,0.1644729466673608
1,0.7170950128888451
0,0.1338420394425152
1,0.8798619257879391
0,0.16208541958869516
1,0.12286401742871392
0,0.15961321459783545
0,0.12286401742871392
0,0.1338420394425152
1,0.8774396804155853
0,0.13215906449679646
1,0.1721473619021501
0,0.12286401742871392
0,0.2600555137311827
0,0.1987071286680142
0,0.1338420394425152
0,0.18266661361582767
1,0.6443965002542059
1,0.7017777461919548
0,0.1644729466673608
0,0.26847167124436966
0,0.1268838254453058
1,0.7097791685123543
0,0.14786635108825846
0,0.15670551063696173
1,0.1987071286680142
0,0.1292647130236898
0,0.16208541958869516
1,0.7017777461919548
0,0.12286401742871392
0,0.13357841926598146
1,0.7943586109319787
1,0.7680610497156853
0,0.12900155546276706
1,0.7751516896285591
0,0.1338420394425152
0,0.2159910082445905
0,0.7297085414750781
1,0.7079014700849702
0,0.2070367783845
0,0.14613247530598716
0,0.13344130540532956
0,0.17298392493866266
0,0.12900155546276706
1,0.28507215182578
1,0.7940928940025503
0,0.49081539283563186
1,0.6633190271439038
0,0.12900155546276706
1,0.6712130791191177
0,0.12286401742871392
0,0.13378840897419916
1,0.29353805451315296
1,0.7321031639849265
0,0.12286401742871392
0,0.7317262409389639
0,0.6598082266836478
0,0.15990504891596743
0,0.1563349909178988
1,0.5351180112830856
0,0.19594051286278055
1,0.6859367747176602
0,0.2625684306569343
0,0.18266661361582767
0,0.1614918669276623
0,0.1268838254453058
1,0.5356082850049818
1,0.6712130791191177
0,0.1314267485129601
1,0.6982526366136043
0,0.32842415596431285
1,0.7011424255756126
1,0.6113594519757461
0,0.1522033108540751
0,0.12286401742871392
0,0.13357841926598146
0,0.1338420394425152
0,0.12286401742871392
0,0.13055659687545973
0,0.13497613182835513
0,0.6843310578215728
1,0.7702727133183567
0,0.12286401742871392
0,0.1338420394425152
0,0.13492526851800016
0,0.22986863987939118
0,0.12613576386927536
0,0.12286401742871392
0,0.5978210442011379
0,0.17461430283586468
1,0.7212956387440684
1,0.7943586109319787
0,0.1387811362713445
0,0.1987071286680142
0,0.15880620726811026
0,0.1340583161761785
0,0.22986863987939118
0,0.13600472730329746
1,0.1971388010291395
1,0.6825037899550147
0,0.2685096293154029
1,0.1607454567449628
1,0.7943586109319787
0,0.12286401742871392
0,0.15852483389460037
0,0.12286401742871392
0,0.17345158356256465
0,0.13357841926598146
0,0.13357841926598146
1,0.13357841926598146
1,0.24400211735387117
0,0.32184036588576714
0,0.13357841926598146
0,0.13357841926598146
1,0.5978210442011379
1,0.8354645820031615
0,0.3074395081740646
0,0.16208541958869516
1,0.1584602652702037
0,0.1338420394425152
0,0.1497068878832583
0,0.12960796725586066
0,0.16208541958869516
0,0.20847772841378912
0,0.2159910082445905
1,0.66596090929363
0,0.2351649722872083
0,0.1644729466673608
1,0.6626416464911731
0,0.1357215818419142
0,0.4850967025629879
0,0.22986863987939118
0,0.14370728225579416
0,0.13357841926598146
1,0.7549445001692477
0,0.12286401742871392
1,0.7721552538527006
0,0.15759616187153616
0,0.13120290700559967
0,0.2600555137311827
0,0.12613576386927536
0,0.13357841926598146
0,0.12286401742871392
1,0.7721552538527006
0,0.3048082912831433
0,0.1511590161266026
0,0.1511590161266026
0,0.19596468637094633
1,0.24878584570338264
1,0.641170168703664
0,0.12286401742871392
1,0.6712130791191177
1,0.39493592760103524
0,0.13357841926598146
1,0.7940928940025503
0,0.6306791057500452
0,0.13357841926598146
0,0.6942779753615934
0,0.13357841926598146
0,0.1338420394425152
0,0.16208541958869516
0,0.1338420394425152
0,0.12286401742871392
1,0.7940928940025503
0,0.1338420394425152
0,0.14294116586706646
1,0.1522033108540751
1,0.4694233253609738
1,0.12286401742871392
0,0.22986863987939118
1,0.15670551063696173
0,0.16538572396070392
1,0.7759465983133675
0,0.12286401742871392
1,0.6712130791191177
0,0.6075181228002077
0,0.17465161835460594
0,0.527687975023332
0,0.1987071286680142
0,0.24818007417177634
0,0.19335008645942264
0,0.132122347091354
0,0.32842415596431285
0,0.19875613386256483
0,0.13357841926598146
1,0.821568775198259
0,0.1338420394425152
1,0.7011424255756126
1,0.20399701702801115
0,0.13424122720958198
0,0.17576989735671056
0,0.12286401742871392
0,0.13794584063278786
0,0.13492591452573077
0,0.13357841926598146
0,0.22986863987939118
0,0.13357841926598146
0,0.12787453258676051
0,0.24183464433335855
0,0.16538572396070392
1,0.7411407885959677
1,0.12865102771723533
0,0.1338420394425152
0,0.12286401742871392
0,0.13357841926598146
1,0.6108169622862036
0,0.3154520936260038
0,0.1338420394425152
0,0.22986863987939118
0,0.15155020386647627
0,0.13458987945349554
0,0.13057465338830826
1,0.12894661058350687
0,0.13357841926598146
1,0.6827774989808206
0,0.13357841926598146
0,0.1338420394425152
1,0.7538511569384707
1,0.1338420394425152
1,0.6108169622862036
0,0.7538511569384707
0,0.23017068979497837
1,0.12900155546276706
1,0.7307851307060415
0,0.17311054210084892
0,0.12900155546276706
1,0.7435630339683216
0,0.1374794927139923
1,0.7170950128888451
1,0.16208541958869516
0,0.22986863987939118
0,0.2611044599776881
0,0.1302048665052729
0,0.2685096293154029
1,0.12613576386927536
0,0.12613576386927536
0,0.12898201537473383
0,0.13357841926598146
0,0.24400211735387117
1,0.13357841926598146
1,0.13357841926598146
0,0.19575029175630507
1,0.13357841926598146
0,0.1338420394425152
0,0.1644729466673608
0,0.1511590161266026
0,0.16538572396070392
0,0.7170950128888451
1,0.7292713628072518
0,0.12613576386927536
0,0.1338420394425152
0,0.13357841926598146
1,0.16644280733149772
0,0.12613576386927536
0,0.18641807544707142
0,0.13513404943384
1,0.6626416464911731
0,0.6712130791191177
0,0.146146153056619
0,0.13357841926598146
0,0.12286401742871392
0,0.7321031639849265
0,0.1338420394425152
1,0.32239847288834195
1,0.12286401742871392
0,0.12286401742871392
0,0.17784446882377342
0,0.13357841926598146
0,0.6831330854220101
0,0.16168848109894704
0,0.13505212634384386
0,0.14786635108825846
0,0.6489115672601979
1,0.13357841926598146
0,0.1987071286680142
0,0.1511590161266026
0,0.13357841926598146
0,0.12286401742871392
0,0.12613576386927536
0,0.7170950128888451
0,0.13357841926598146
0,0.13357841926598146
0,0.24400211735387117
0,0.12286401742871392
0,0.13357841926598146
1,0.657143505266571
0,0.12787453258676051
0,0.6712130791191177
0,0.6019558001309441
0,0.13213577471467428
0,0.2070367783845
0,0.12613576386927536
1,0.7074967894407707
1,0.6825037899550147
0,0.17734512657099566
1,0.768066292286547
0,0.13357841926598146
0,0.6108169622862036
0,0.1809473265036412
0,0.13357841926598146
0,0.13651678395870537
0,0.13061248415256926
0,0.16208541958869516
0,0.6443965002542059
1,0.657143505266571
1,0.641170168703664
0,0.1338420394425152
0,0.19180853428150066
1,0.741765712995643
0,0.1511590161266026
0,0.14325057371144115
0,0.23879333124280036
1,0.7353013359741528
0,0.641170168703664
0,0.12613576386927536
0,0.6790995197593631
0,0.22986863987939118
0,0.1338420394425152
0,0.1350311421029287
0,0.13357841926598146
1,0.26131563073329267
0,0.2707018055619943
1,0.7759465983133675
0,0.7940928940025503
0,0.1987071286680142
0,0.6108169622862036
1,0.6312305184977189
0,0.13357841926598146
1,0.7538511569384707
0,0.12286401742871392
0,0.12286401742871392
0,0.12286401742871392
0,0.2935486339408861
1,0.28964030707283234
0,0.6633190271439038
0,0.13357841926598146
0,0.16143132561924547
0,0.13357841926598146
1,0.641170168703664
0,0.1415874293875199
0,0.13318714580824562
1,0.641170168703664
0,0.2022922700403328
0,0.13094293876116003
1,0.12286401742871392
0,0.2935486339408861
0,0.12286401742871392
0,0.12286401742871392
0,0.12286401742871392
1,0.517642074640748
0,0.7549445001692477
0,0.1620110014973621
0,0.3359496668888222
0,0.12900155546276706
0,0.3460428678357368
1,0.20322192000026484
1,0.1987071286680142
0,0.15336178288097585
1,0.1494833813714101
1,0.7017777461919548
0,0.13357841926598146
0,0.18351540997681234
0,0.1338420394425152
0,0.13357841926598146
0,0.16208541958869516
0,0.1338420394425152
1,0.6172012463044768
0,0.12286401742871392
1,0.1987071286680142
0,0.6980689424820341
0,0.610995803725889
0,0.13357841926598146
1,0.5714228388753715
0,0.1338420394425152
0,0.610995803725889
0,0.12286401742871392
1,0.7940928940025503
0,0.12613576386927536
0,0.1338420394425152
1,0.17590747465316658
0,0.13830543656071173
1,0.7940928940025503
0,0.13485900595509612
0,0.1428876320464934
0,0.12900155546276706
0,0.1323529432452926
0,0.13357841926598146
1,0.12286401742871392
0,0.6825037899550147
1,0.6909282388298572
0,0.13357841926598146
0,0.15069453084655215
0,0.12286401742871392
1,0.16644280733149772
0,0.1343110193924857
0,0.13357841926598146
0,0.2494465449709765
0,0.16208541958869516
0,0.17467068807304184
0,0.12286401742871392
1,0.2020414479843036
0,0.49081539283563186
1,0.24785350545120197
0,0.12286401742871392
1,0.16001980588516604
1,0.7297085414750781
0,0.16208541958869516
0,0.1406843936680672
0,0.17701832905792092
0,0.13357841926598146
1,0.7549445001692477
1,0.5378693448616177
0,0.13357841926598146
0,0.12900155546276706
0,0.1338420394425152
0,0.15224720462782457
0,0.1302048665052729
0,0.1688924921616356
0,0.1338420394425152
0,0.13341605207813811
0,0.12613576386927536
0,0.2251370347212262
1,0.7355232873171195
1,0.13357841926598146
0,0.1338420394425152
0,0.12758660692789484
1,0.7201350193328084
1,0.633843433850989
0,0.12613576386927536
0,0.13357841926598146
1,0.18254479983230182
0,0.34828629942815437
0,0.14443194894039063
0,0.1850005093348504
1,0.3780495384306761
0,0.20798277907562723
1,0.6443965002542059
1,0.6501441975591917
0,0.13357841926598146
0,0.13357841926598146
1,0.6712130791191177
1,0.6876450356198353
1,0.8798619257879391
0,0.12286401742871392
0,0.22230269498192365
1,0.7751516896285591
0,0.12286401742871392
1,0.6359081433776651
0,0.1765805327169791
1,0.3780495384306761
0,0.13268618579688932
1,0.13819284555597022
0,0.13357841926598146
0,0.6712130791191177
0,0.2159910082445905
0,0.12286401742871392
0,0.1338420394425152
1,0.18981677463070826
0,0.15224720462782457
0,0.12786702182384224
0,0.22986863987939118
0,0.13164074463337594
0,0.13357841926598146
0,0.12286401742871392
0,0.1522033108540751
0,0.5747166331257754
1,0.641170168703664
1,0.641170168703664
0,0.13357841926598146
1,0.7185623125445645
0,0.2512260010213453
0,0.13492526851800016
0,0.2600555137311827
0,0.6019558001309441
0,0.12286401742871392
0,0.1338420394425152
0,0.12286401742871392
0,0.13357841926598146
0,0.1850005093348504
0,0.6712130791191177
1,0.13357841926598146
1,0.16394658946720544
0,0.1389068933564822
1,0.6825037899550147
0,0.12286401742871392
0,0.12613576386927536
0,0.16504101295689186
0,0.1855392737998293
1,0.7751516896285591
0,0.2685096293154029
0,0.1332965866377107
0,0.7170950128888451
1,0.7237863389808057
0,0.12286401742871392
0,0.13357841926598146
0,0.7940928940025503
1,0.7879284357503885
0,0.5914943697342974
0,0.22811028270416916
0,0.13523289084745654
0,0.142648287827898
1,0.6201260893971208
0,0.1338420394425152
0,0.1338420394425152
1,0.12286401742871392
1,0.5335623148846332
1,0.20847772841378912
0,0.17467166342721496
0,0.32667469849193514
1,0.610993850273716
0,0.12900155546276706
1,0.24400211735387117
0,0.12286401742871392
0,0.1355345218912731
1,0.8302119305924144
0,0.26697791162902673
1,0.7170950128888451
0,0.12286401742871392
0,0.6108169622862036
1,0.7170950128888451
0,0.12286401742871392
1,0.6712130791191177
0,0.12286401742871392
0,0.610995803725889
0,0.13911905825337365
0,0.15670551063696173
0,0.17701832905792092
1,0.7170950128888451
0,0.2159910082445905
0,0.19567866546152338
0,0.1338420394425152
1,0.6626416464911731
1,0.6566332204511978
0,0.12286401742871392
0,0.13151354113264746
1,0.7170950128888451
0,0.2159910082445905
1,0.24400211735387117
0,0.12286401742871392
0,0.20847772841378912
0,0.17734512657099566
0,0.1511590161266026
0,0.2538878335315589
0,0.27784361056211904
0,0.13357841926598146
1,0.6019558001309441
1,0.8740100778814216
0,0.12286401742871392
0,0.13145588785367873
0,0.13357841926598146
0,0.3048082912831433
0,0.13357841926598146
0,0.17701832905792092
0,0.641170168703664
0,0.12833756418165287
0,0.12286401742871392
0,0.12900155546276706
1,0.2634671972362082
1,0.1516576034590498
0,0.16168848109894704
1,0.5937795902778616
1,0.5044454940354625
0,0.22610652340776716
0,0.6754561490273848
1,0.8798619257879391
0,0.15145774901487077
0,0.16538572396070392
1,0.8798619257879391
0,0.12613576386927536
0,0.1338420394425152
0,0.19335008645942264
0,0.1698676700329402
1,0.13357841926598146
0,0.1338420394425152
0,0.19136943821673894
1,0.7017777461919548
0,0.17107198865418724
1,0.7053103698524282
0,0.22986863987939118
0,0.1338420394425152
0,0.24476839066675085
1,0.1322253634390861
0,0.12613576386927536
0,0.1338420394425152
0,0.1338420394425152
0,0.12613576386927536
0,0.12286401742871392
1,0.7940928940025503
1,0.6712130791191177
0,0.1987071286680142
0,0.22986863987939118
0,0.12286401742871392
0,0.1338420394425152
0,0.12286401742871392
0,0.12286401742871392
1,0.7879284357503885
0,0.13911905825337365
0,0.3359496668888222
1,0.6712130791191177
0,0.1338420394425152
1,0.6368438713363338
0,0.2935486339408861
0,0.13357841926598146
0,0.15670551063696173
1,0.28964030707283234
0,0.18826170719908347
0,0.13357841926598146
1,0.7035519904143792
0,0.12286401742871392
1,0.6993555008196009
0,0.12286401742871392
0,0.12286401742871392
0,0.7170950128888451
0,0.13581351525559685
1,0.6712130791191177
0,0.18278645558263096
0,0.13911905825337365
0,0.12613576386927536
1,0.6368438713363338
0,0.1338420394425152
0,0.12286401742871392
1,0.6790995197593631
0,0.12900155546276706
0,0.26131563073329267
0,0.13357841926598146
0,0.5350690060885348
0,0.19567866546152338
1,0.6365359026624631
1,0.14713495560243992
0,0.1511590161266026
0,0.17513067322965226
0,0.22986863987939118
0,0.13357841926598146
0,0.1511590161266026
0,0.22986863987939118
0,0.7355232873171195
0,0.12286401742871392
0,0.1382638823872007
0,0.22986863987939118
1,0.6370822738842958
0,0.13055659687545973
0,0.13489787686396174
1,0.3048082912831433
1,0.1850005093348504
0,0.12286401742871392
1,0.7201350193328084
0,0.17350043614055036
0,0.1338420394425152
1,0.6501441975591917
0,0.7009004263291899
1,0.7035519904143792
0,0.17282331667446302
0,0.21472019941806875
0,0.22986863987939118
0,0.20798277907562723
0,0.12613576386927536
0,0.12286401742871392
0,0.26131563073329267
0,0.19927616239359902
0,0.1987071286680142
0,0.13357841926598146
0,0.13318714580824562
0,0.7297085414750781
0,0.14423601201002953
1,0.7008179464828077
1,0.3747216712443696
0,0.7170950128888451
1,0.12286401742871392
1,0.5044454940354625
1,0.21949007325607084
0,0.2494465449709765
0,0.2159910082445905
0,0.1511590161266026
0,0.7940928940025503
0,0.14158806250774342
0,0.6501441975591917
0,0.3653025334183111
0,0.1511590161266026
0,0.13357841926598146
0,0.13357841926598146
1,0.32602593097512333
0,0.25771664991536425
0,0.641170168703664
0,0.1427360800644724
0,0.12286401742871392
0,0.12833756418165287
1,0.4379903086673527
0,0.1338420394425152
1,0.8798619257879391
1,0.6075181228002077
0,0.18519676071926694
1,0.18601687943219372
0,0.12286401742871392
0,0.22986863987939118
1,0.17701832905792092
1,0.29353805451315296
1,0.2600555137311827
1,0.7751516896285591
0,0.7538511569384707
1,0.2914501551927247
0,0.12286401742871392
1,0.7940928940025503
0,0.18896875726342366
1,0.6790995197593631
0,0.13426902144524805
0,0.1698676700329402
0,0.1426444776804468
1,0.641170168703664
0,0.13357841926598146
1,0.22230269498192365
0,0.13357841926598146
0,0.15324861032625733
1,0.6416399343644763
0,0.12613576386927536
0,0.6825037899550147
1,0.7297085414750781
0,0.6443965002542059
1,0.3048082912831433
0,0.19575029175630507
0,0.22986863987939118
0,0.20633517933823314
0,0.16700108345199494
0,0.13357841926598146
1,0.13357841926598146
1,0.13057465338830826
1,0.28964030707283234
0,0.22230269498192365
0,0.6825037899550147
0,0.18155872584587399
0,0.13062638905836343
1,0.13357841926598146
0,0.12286401742871392
1,0.27779195579853533
0,0.1338420394425152
0,0.13357841926598146
1,0.12613576386927536
1,0.466608434116552
1,0.7170950128888451
0,0.1497068878832583
0,0.13662709564913791
1,0.6368438713363338
1,0.21949007325607084
0,0.12286401742871392
0,0.13357841926598146
0,0.146146153056619
0,0.1392705692573491
0,0.12286401742871392
0,0.1302048665052729
0,0.13357841926598146
0,0.13397540190853677
0,0.13635384019745483
0,0.12286401742871392
1,0.12613576386927536
1,0.6825037899550147
0,0.1338420394425152
0,0.12900155546276706
0,0.13378389809239283
0,0.12286401742871392
1,0.768066292286547
1,0.7012448118444292
0,0.13357841926598146
1,0.24400211735387117
0,0.12286401742871392
0,0.13383843557422273
0,0.2494465449709765
0,0.4445614028758656
1,0.23494310176448926
0,0.13357841926598146
0,0.12286401742871392
0,0.19580013263401783
0,0.12286401742871392
1,0.2642425117571255
0,0.18650692293193685
1,0.1338420394425152
0,0.1337543402617345
1,0.1595543503640455
0,0.1338420394425152
0,0.13461379787574004
0,0.20847772841378912
0,0.12286401742871392
0,0.13597184322134515
0,0.14122532363357362
1,0.7170950128888451
1,0.6791341282488423
0,0.1357059922151009
1,0.12894661058350687
0,0.1855737984736651
0,0.1338420394425152
0,0.13357841926598146
0,0.1645513182419284
1,0.21124872602488365
0,0.12613576386927536
1,0.5512813042701711
0,0.12286401742871392
0,0.1338420394425152
0,0.12613576386927536
0,0.7006363362670922
0,0.13268618579688932
0,0.2479552944906236
0,0.1338420394425152
0,0.12286401742871392
0,0.1338420394425152
1,0.7193298536731225
0,0.22227606684430615
0,0.12286401742871392
1,0.7562342552769789
0,0.3067865605670949
0,0.13357841926598146
0,0.13057465338830826
0,0.21210413430703615
0,0.12900155546276706
0,0.27457669261027356
1,0.7170950128888451
0,0.12900155546276706
0,0.12286401742871392
1,0.6645339798714403
1,0.8302119305924144
0,0.2504915513491271
0,0.24400211735387117
0,0.15990504891596743
0,0.1494437085578079
0,0.1338420394425152
0,0.17117244907352366
0,0.1338420394425152
0,0.12286401742871392
1,0.7220344068167559
0,0.7518000228734183
1,0.1839388562609806
0,0.641170168703664
0,0.2479552944906236
0,0.1511590161266026
0,0.12613576386927536
1,0.1672497699189285
0,0.12286401742871392
0,0.610993850273716
1,0.7140821995384188
0,0.12286401742871392
0,0.2159910082445905
0,0.17149351120727774
0,0.1314267485129601
1,0.5153590524450012
0,0.13357841926598146
1,0.13662709564913791
0,0.14624434631878952
1,0.2159910082445905
0,0.15530760063278054
0,0.1338420394425152
0,0.22986863987939118
0,0.13357841926598146
0,0.1338420394425152
0,0.2159910082445905
0,0.12286401742871392
0,0.17322680388141196
0,0.15846241934010818
0,0.12286401742871392
0,0.1522033108540751
0,0.1716580683811095
0,0.1322253634390861
0,0.6189860006841575
0,0.2532193946943982
0,0.14454811298741674
0,0.18601687943219372
0,0.31813634930646845
0,0.1670774189568279
0,0.13357841926598146
0,0.12286401742871392
0,0.32226031973187014
0,0.1338420394425152
0,0.146146153056619
0,0.12286401742871392
0,0.13357841926598146
0,0.13357841926598146
0,0.12286401742871392
0,0.1850005093348504
0,0.14560829618760365
0,0.12286401742871392
0,0.13769747133180793
1,0.8798619257879391
0,0.22986863987939118
1,0.6108169622862036
1,0.610995803725889
0,0.36939297252150033
0,0.12286401742871392
1,0.15588924961540623
0,0.2685096293154029
0,0.13357841926598146
0,0.13357841926598146
0,0.7094038383208968
0,0.1314267485129601
0,0.13211082189561707
1,0.6712130791191177
1,0.1956022503986942
0,0.13032955360464882
0,0.12613576386927536
0,0.1987071286680142
0,0.2736309527167473
0,0.1644729466673608
0,0.15664618156477356
0,0.4445614028758656
0,0.1338420394425152
0,0.24476839066675085
1,0.6889725516502866
0,0.17107198865418724
0,0.6396317595812434
0,0.19335008645942264
0,0.17701832905792092
1,0.1511590161266026
0,0.12613576386927536
0,0.12613576386927536
0,0.12286401742871392
1,0.22986863987939118
0,0.38176399668691774
0,0.12900155546276706
0,0.18726112434310885
0,0.21576812466582254
0,0.13357841926598146
0,0.6712130791191177
0,0.3780495384306761
0,0.6866714984732554
1,0.7538511569384707
0,0.1338420394425152
1,0.7721552538527006
1,0.12286401742871392
0,0.13357841926598146
0,0.3359496668888222
0,0.24990635553397658
0,0.17784446882377342
0,0.12286401742871392
1,0.22986863987939118
1,0.13357841926598146
0,0.22748664829475057
0,0.13306024003823208
0,0.1338420394425152
0,0.6712130791191177
0,0.13357841926598146
0,0.7069304806063089
0,0.13757782522883866
0,0.1338420394425152
0,0.12613576386927536
0,0.36939297252150033
0,0.24338889144960726
1,0.15990504891596743
0,0.12286401742871392
0,0.1385617882722844
1,0.7751516896285591
0,0.12286401742871392
0,0.13038979643472048
0,0.12286401742871392
1,0.6221110756329108
1,0.12286401742871392
1,0.7868401892060821
1,0.7940928940025503
0,0.18585351335404787
0,0.13357841926598146
0,0.19875613386256483
0,0.16470772299731484
0,0.13357841926598146
1,0.3232365657114177
0,0.12286401742871392
0,0.12613576386927536
1,0.7170950128888451
0,0.6904908843466604
1,0.16208541958869516
0,0.12613576386927536
0,0.13357841926598146
0,0.31879444779077193
0,0.12286401742871392
0,0.13357841926598146
1,0.7094038383208968
0,0.1323529432452926
0,0.13357841926598146
1,0.6712130791191177
0,0.12286401742871392
0,0.1338420394425152
1,0.12286401742871392
1,0.7721552538527006
0,0.6461935571851024
0,0.12286401742871392
0,0.7549445001692477
0,0.2159910082445905
0,0.21576812466582254
0,0.13357841926598146
1,0.43457491623236555
0,0.6501441975591917
0,0.1987071286680142
1,0.22986863987939118
0,0.13357841926598146
1,0.1516576034590498
0,0.13357841926598146
1,0.15831720699174712
1,0.144835214828723
0,0.13357841926598146
0,0.12613576386927536
1,0.13357841926598146
1,0.1338420394425152
1,0.6790995197593631
0,0.14106677041943697
0,0.12286401742871392
0,0.22986863987939118
0,0.13357841926598146
1,0.12286401742871392
0,0.1338420394425152
0,0.12613576386927536
1,0.7538511569384707
0,0.44994850989155905
0,0.21949007325607084
1,0.24400211735387117
0,0.14786635108825846
0,0.22986863987939118
0,0.7169970566825405
1,0.13357841926598146
0,0.12286401742871392
1,0.14498376531325727
0,0.1698676700329402
0,0.13357841926598146
1,0.641170168703664
0,0.7170950128888451
0,0.2159910082445905
0,0.12286401742871392
1,0.7538511569384707
0,0.1342305026907865
0,0.18280579593480425
0,0.24476839066675085
1,0.5890721243619434
1,0.741765712995643
0,0.17311497947769977
0,0.14808017719442423
0,0.13341605207813811
0,0.13621774907226147
0,0.1563349909178988
1,0.7721552538527006
0,0.17783596370107208
0,0.17579034970752494
0,0.16538572396070392
0,0.13357841926598146
0,0.12286401742871392
1,0.6974285806471089
1,0.12286401742871392
0,0.12286401742871392
0,0.14294116586706646
0,0.17784446882377342
0,0.6626416464911731
0,0.15664618156477356
0,0.12900155546276706
0,0.4944587635676102
0,0.7170950128888451
0,0.641170168703664
1,0.7059004605853808
0,0.13357841926598146
1,0.7192250053854438
0,0.4445614028758656
0,0.5217715044225246
1,0.6938973501702673
0,0.1338420394425152
0,0.20847772841378912
0,0.12613576386927536
0,0.13357841926598146
0,0.15664618156477356
0,0.142648287827898
1,0.6437557019417086
1,0.768066292286547
1,0.6137655480602628
1,0.32602593097512333
0,0.1398929376031896
1,0.7017777461919548
0,0.12286401742871392
0,0.7170950128888451
1,0.13600472730329746
0,0.1338420394425152
0,0.15887802010908014
1,0.7549445001692477
0,0.6075181228002077
0,0.23114607882130675
0,0.7169970566825405
0,0.12286401742871392
0,0.1987071286680142
0,0.12613576386927536
0,0.1338420394425152
0,0.24476839066675085
1,0.2872662785267743
1,0.7549445001692477
0,0.25376620989909543
0,0.16470772299731484
1,0.12286401742871392
0,0.12286401742871392
1,0.7170950128888451
0,0.22986863987939118
0,0.22986863987939118
0,0.12286401742871392
1,0.5481577571210635
1,0.21207337363706247
0,0.1353828724731155
1,0.7321031639849265
0,0.1338420394425152
1,0.1987071286680142
0,0.7009457019892464
1,0.6974285806471089
1,0.8815709736202614
0,0.19567866546152338
1,0.22722234997971213
0,0.16208541958869516
0,0.13224341995193464
0,0.12286401742871392
0,0.17784446882377342
0,0.12613576386927536
0,0.1268838254453058
0,0.25267684407996477
1,0.39493592760103524
0,0.15560063413494954
1,0.7721552538527006
0,0.13357841926598146
0,0.28945516547241756
0,0.6121614404690773
0,0.1338420394425152
0,0.22748664829475057
0,0.1478424559433327
0,0.768066292286547
0,0.12286401742871392
0,0.6825037899550147
0,0.15670551063696173
0,0.13357841926598146
0,0.14106677041943697
0,0.16504101295689186
0,0.2297856359173291
1,0.13357841926598146
1,0.13334519673934858
0,0.13690930325760678
0,0.25255217039418637
0,0.1338420394425152
0,0.3915409920065816
0,0.6075181228002077
1,0.6019558001309441
1,0.7142247709120899
0,0.16208541958869516
0,0.1987071286680142
1,0.4694233253609738
0,0.13357841926598146
0,0.12286401742871392
0,0.12286401742871392
1,0.6306791057500452
1,0.6825037899550147
0,0.22986863987939118
1,0.22986863987939118
0,0.18146855292306738
1,0.21815565174448823
0,0.25267684407996477
0,0.1987071286680142
0,0.2121463000180179
0,0.1497068878832583
0,0.12833756418165287
0,0.29771908590545565
0,0.2538878335315589
0,0.22986863987939118
0,0.1268838254453058
0,0.13357841926598146
0,0.18726112434310885
0,0.1620110014973621
1,0.2722971160517598
0,0.13357841926598146
1,0.7148497406669768
0,0.13067032202639345
1,0.146146153056619
1,0.1987071286680142
1,0.14786635108825846
0,0.12286401742871392
0,0.1338420394425152
1,0.7297085414750781
0,0.16208541958869516
0,0.4379556540074949
0,0.1338420394425152
0,0.146146153056619
0,0.12286401742871392
0,0.6075181228002077
0,0.2353973224296924
0,0.18268554532766482
0,0.12286401742871392
1,0.28311001070773234
0,0.1338420394425152
0,0.15163615477051312
1,0.21168596203202128
0,0.12833756418165287
1,0.28964030707283234
0,0.22093674673027283
0,0.31667494475654295
0,0.1645513182419284
1,0.13357841926598146
1,0.20847772841378912
0,0.6780030867330167
1,0.12286401742871392
0,0.1778046543356914
1,0.16168848109894704
0,0.17783596370107208
0,0.1338420394425152
0,0.16805848653215333
0,0.6771269161051698
1,0.7017777461919548
0,0.20847772841378912
0,0.13357841926598146
1,0.6489115672601979
0,0.1338420394425152
0,0.12286401742871392
1,0.2171130788508644
0,0.1850005093348504
0,0.17784446882377342
0,0.641170168703664
1,0.17305327966732634
1,0.7538511569384707
0,0.1511590161266026
1,0.7751516896285591
0,0.12900155546276706
0,0.7170950128888451
0,0.15664618156477356
0,0.13357841926598146
0,0.6874768894319997
0,0.12613576386927536
0,0.12286401742871392
0,0.12991276686305317
1,0.6513745187740364
1,0.5294105182751156
0,0.1338420394425152
0,0.32842415596431285
0,0.156049686272928
0,0.6156127898669348
1,0.26131563073329267
0,0.13830903908676587
0,0.1338420394425152
0,0.13118450630899017
0,0.1379104931007719
0,0.1309129250666797
0,0.12900155546276706
1,0.1338420394425152
1,0.6595984431319384
0,0.12613576386927536
1,0.6825037899550147
1,0.19575029175630507
1,0.3780495384306761
0,0.12286401742871392
0,0.12900155546276706
0,0.6075181228002077
0,0.7538511569384707
1,0.22508892102385067
1,0.6712130791191177
0,0.20847772841378912
1,0.6945238021435911
0,0.16668761991641248
1,0.5195969813115379
0,0.1318736330688993
0,0.6965168092373958
0,0.6873696193049198
0,0.2331468738543453
0,0.6775110113279919
0,0.19575029175630507
1,0.3048082912831433
0,0.12900155546276706
0,0.1338420394425152
0,0.12900155546276706
0,0.1987071286680142
0,0.15990504891596743
0,0.2159910082445905
0,0.14121195255574207
0,0.12613576386927536
0,0.13357841926598146
1,0.6108169622862036
0,0.13357841926598146
1,0.2730632881608905
0,0.12286401742871392
0,0.22722234997971213
1,0.1338420394425152
1,0.7170950128888451
0,0.12613576386927536
1,0.1338420394425152
0,0.13513404943384
0,0.19335008645942264
0,0.3653025334183111
0,0.1338420394425152
0,0.12786702182384224
0,0.1850005093348504
1,0.6108169622862036
0,0.6501441975591917
1,0.13357841926598146
1,0.1533976201287123
1,0.2711178939803024
0,0.18773948872308768
0,0.6546732967237572
0,0.20847772841378912
1,0.2216460469650696
0,0.13357841926598146
0,0.13710572804426002
0,0.12900155546276706
0,0.12613576386927536
1,0.8774396804155853
1,0.28964030707283234
0,0.13830903908676587
0,0.16168848109894704
0,0.12286401742871392
0,0.14619127400766338
0,0.12865102771723533
0,0.13318230769627384
0,0.15670551063696173
1,0.7169970566825405
0,0.13214624980366588
0,0.20847772841378912
1,0.7940928940025503
0,0.13357841926598146
1,0.32842415596431285
0,0.13492526851800016
0,0.633843433850989
1,0.6633190271439038
0,0.13357841926598146
0,0.2159910082445905
0,0.1674814312527093
0,0.19549823555256138
0,0.16504101295689186
0,0.13999241165432447
0,0.227263219576946
0,0.13357841926598146
0,0.1620110014973621
1,0.7017777461919548
0,0.20847772841378912
1,0.8463690347847622
0,0.1478600405712898
0,0.12286401742871392
0,0.12286401742871392
0,0.12613576386927536
0,0.12613576386927536
0,0.13492526851800016
0,0.14786635108825846
0,0.20552532938063464
0,0.3048082912831433
0,0.13138871160673304
1,0.7170950128888451
0,0.12286401742871392
0,0.1338420394425152
0,0.12613576386927536
0,0.12286401742871392
0,0.7751516896285591
0,0.12286401742871392
0,0.29771908590545565
0,0.1850005093348504
0,0.1338420394425152
0,0.2935486339408861
1,0.7400939023237114
1,0.6510361186015358
0,0.3048082912831433
1,0.2433175476081314
0,0.13987219983106186
1,0.7297085414750781
1,0.610995803725889
0,0.1552984000928551
0,0.13357841926598146
1,0.8027979972607067
0,0.20847772841378912
1,0.13357841926598146
0,0.6108169622862036
0,0.1338420394425152
0,0.1502374414234171
0,0.7069304806063089
0,0.16206590815474461
0,0.12286401742871392
0,0.18266661361582767
0,0.1522033108540751
1,0.7751516896285591
0,0.13974788727772489
0,0.6940218827205692
1,0.2722971160517598
0,0.12613576386927536
1,0.13357841926598146
0,0.12286401742871392
0,0.12286401742871392
1,0.3232365657114177
0,0.18155872584587399
0,0.15670551063696173
0,0.6873696193049198
0,0.12286401742871392
0,0.18601687943219372
1,0.7783459823387268
1,0.7069304806063089
1,0.5914943697342974
1,0.1338420394425152
1,0.8798619257879391
0,0.13268618579688932
1,0.20847772841378912
0,0.1497068878832583
1,0.3048082912831433
0,0.6712130791191177
1,0.595514332625228
1,0.6474464266675011
1,0.1338420394425152
0,0.13357841926598146
1,0.7169970566825405
1,0.7297085414750781
1,0.7783459823387268
1,0.7538511569384707
0,0.13357841926598146
0,0.1522033108540751
0,0.12286401742871392
0,0.12900155546276706
0,0.13357841926598146
0,0.1338420394425152
0,0.1338420394425152
0,0.25267684407996477
1,0.22986863987939118
0,0.1338420394425152
1,0.12613576386927536
0,0.13357841926598146
1,0.7721552538527006
0,0.1338420394425152
0,0.12787453258676051
0,0.1865065741471572
0,0.14830007811456652
0,0.1427360800644724
1,0.741765712995643
1,0.17531768723240707
1,0.1644729466673608
1,0.3232365657114177
0,0.12286401742871392
0,0.13661481008944676
0,0.17701832905792092
1,0.8281258912576537
0,0.1511590161266026
1,0.6965990986653223
1,0.6940218827205692
1,0.15831720699174712
1,0.7940928940025503
1,0.712012994708882
1,0.7201350193328084
1,0.7759465983133675
0,0.19144873343415622
0,0.6110428554682666
1,0.20847772841378912
0,0.6501441975591917
0,0.2617837313259383
0,0.13248060877865242
0,0.12286401742871392
0,0.1338420394425152
0,0.15274322231606288
0,0.1511590161266026
0,0.16369756350374387
0,0.12900155546276706
0,0.1987071286680142
1,0.12286401742871392
1,0.7751516896285591
0,0.12910279690233725
0,0.12286401742871392
1,0.7999799530944149
0,0.18601687943219372
1,0.2494465449709765
0,0.13713383246156016
0,0.12613576386927536
1,0.6866714984732554
0,0.146146153056619
0,0.633037526257829
1,0.1338420394425152
0,0.2494465449709765
0,0.19335008645942264
0,0.13357841926598146
0,0.22583615197583934
1,0.7583334777295759
1,0.12613576386927536
0,0.1850005093348504
1,0.3113217639324962
0,0.1338420394425152
0,0.14422138575343918
1,0.12286401742871392
0,0.12865102771723533
0,0.1338420394425152
0,0.13727032726864954
0,0.22986863987939118
0,0.29822684011472994
0,0.7549445001692477
0,0.16208541958869516
0,0.17784446882377342
1,0.6501441975591917
1,0.6055076040692288
1,0.5153590524450012
0,0.12286401742871392
0,0.12286401742871392
0,0.13846981368609443
0,0.2159910082445905
1,0.7778797045304899
0,0.1338420394425152
1,0.6501441975591917
1,0.7751516896285591
0,0.13057465338830826
0,0.22986863987939118
0,0.6825037899550147
0,0.38176399668691774
0,0.1338420394425152
0,0.13215906449679646
1,0.7940928940025503
0,0.1511590161266026
0,0.15670551063696173
1,0.7297085414750781
0,0.12865102771723533
0,0.13357841926598146
1,0.7201350193328084
0,0.12286401742871392
0,0.7170950128888451
0,0.3174296556835035
0,0.1620110014973621
0,0.14262628492795296
0,0.13318714580824562
1,0.7868401892060821
0,0.12286401742871392
1,0.7910842432569895
0,0.12286401742871392
0,0.12286401742871392
1,0.19567866546152338
1,0.6501441975591917
1,0.6780030867330167
1,0.14417338190876458
0,0.12286401742871392
0,0.13021097748744137
0,0.13357841926598146
0,0.13357841926598146
0,0.12613576386927536
0,0.22986863987939118
0,0.1522033108540751
1,0.3169510978378918
0,0.13357841926598146
0,0.13357841926598146
0,0.13797204381261033
1,0.821568775198259
0,0.13055659687545973
0,0.18826170719908347
0,0.20847772841378912
0,0.13357841926598146
0,0.5040720146142699
0,0.1402335888780418
0,0.16208541958869516
0,0.12286401742871392
0,0.12286401742871392
0,0.13215906449679646
1,0.7721552538527006
0,0.7170950128888451
0,0.16671017532985047
1,0.6827774989808206
0,0.3846582994949546
1,0.1338420394425152
1,0.7355232873171195
1,0.641170168703664
0,0.12613576386927536
1,0.32651750691682424
0,0.12286401742871392
0,0.24132418745792186
0,0.1323529432452926
0,0.13215906449679646
0,0.5350690060885348
0,0.15283897457409162
0,0.7538511569384707
0,0.6501441975591917
0,0.1338420394425152
1,0.8705287664910868
0,0.2898691496703934
0,0.1987071286680142
1,0.25393227991785666
1,0.13769747133180793
0,0.13357841926598146
0,0.21949007325607084
0,0.12286401742871392
0,0.1733831588356155
0,0.13491741695199497
0,0.12286401742871392
0,0.13357841926598146
0,0.13357841926598146
0,0.6368438713363338
0,0.1522033108540751
0,0.12286401742871392
0,0.13357841926598146
0,0.1987071286680142
0,0.8063662308447074
0,0.12286401742871392
0,0.7163343638416614
0,0.12787453258676051
0,0.41699613839486444
0,0.32842415596431285
1,0.7721552538527006
1,0.13357841926598146
0,0.20308243006879068
0,0.1338420394425152
1,0.5044454940354625
0,0.7170950128888451
0,0.1956022503986942
1,0.12286401742871392
0,0.14324306294852288
0,0.13357841926598146
1,0.7170950128888451
0,0.12286401742871392
0,0.2617837313259383
0,0.1303822856718022
0,0.1338420394425152
1,0.641170168703664
0,0.5838337065632355
0,0.12286401742871392
0,0.12286401742871392
0,0.15572400970136166
0,0.3048082912831433
0,0.3174296556835035
0,0.24904070829050767
1,0.28964030707283234
0,0.2159910082445905
0,0.1497600561918741
1,0.785520547898325
0,0.12286401742871392
0,0.13021097748744137
0,0.13600472730329746
0,0.13377958845924345
1,0.19504464425404933
0,0.24400211735387117
0,0.1338420394425152
1,0.16504101295689186
0,0.5156296354291
1,0.7201350193328084
0,0.14050075631707443
0,0.1338420394425152
0,0.6778642754231352
0,0.12900155546276706
0,0.1292647130236898
0,0.13357841926598146
1,0.22986863987939118
0,0.26131563073329267
0,0.1804161666826715
1,0.7721552538527006
1,0.16230014378405977
0,0.1322673974168187
0,0.1338420394425152
0,0.12286401742871392
1,0.5406350124393595
0,0.13146187443146684
1,0.18601687943219372
1,0.6321338306516757
0,0.22001097113552107
0,0.14196660438949915
0,0.1338420394425152
0,0.17571279274469032
0,0.13357841926598146
1,0.27779195579853533
1,0.7549445001692477
0,0.12286401742871392
1,0.12286401742871392
1,0.12613576386927536
0,0.12286401742871392
1,0.6368438713363338
0,0.13357841926598146
0,0.18362539272539816
0,0.633037526257829
0,0.13357841926598146
0,0.7170950128888451
0,0.16230014378405977
0,0.26847167124436966
0,0.20847772841378912
1,0.21124872602488365
0,0.14250850140014867
0,0.23793121899289257
0,0.6982411488456131
0,0.7170950128888451
1,0.21949007325607084
1,0.737529284677056
0,0.13057465338830826
1,0.1511590161266026
0,0.15530760063278054
0,0.1338420394425152
0,0.12900155546276706
1,0.24400211735387117
0,0.22986863987939118
0,0.20847772841378912
0,0.24618974264051255
1,0.25375964955573893
0,0.12613576386927536
1,0.7353013359741528
1,0.146146153056619
0,0.18340228436845177
1,0.12894661058350687
0,0.12900155546276706
0,0.12286401742871392
0,0.13308663905818868
0,0.12286401742871392
1,0.12286401742871392
0,0.3048082912831433
0,0.12286401742871392
1,0.12286401742871392
1,0.6108169622862036
0,0.17701832905792092
0,0.13357841926598146
1,0.13067032202639345
0,0.16112290184806746
0,0.1511590161266026
0,0.2433175476081314
0,0.3688184306569343
1,0.7399196632363432
1,0.7170950128888451
0,0.17282331667446302
0,0.16470772299731484
0,0.12286401742871392
0,0.13357841926598146
0,0.12931786488246172
0,0.17833564860005555
0,0.20847772841378912
0,0.16168848109894704
1,0.7544588595906624
1,0.7703101493460969
1,0.7721552538527006
0,0.12286401742871392
0,0.1850005093348504
0,0.16208541958869516
0,0.13308663905818868
0,0.12931786488246172
0,0.13357841926598146
0,0.20847772841378912
1,0.12613576386927536
1,0.6461935571851024
1,0.717496871229138
0,0.1338420394425152
0,0.6121614404690773
0,0.24731802204159783
0,0.12286401742871392
0,0.12286401742871392
0,0.13357841926598146
0,0.12613576386927536
0,0.16168848109894704
0,0.1338420394425152
0,0.1338420394425152
0,0.15670551063696173
0,0.14331160303130594
1,0.1338420394425152
0,0.610993850273716
1,0.7220344068167559
0,0.24434343971750497
0,0.13491741695199497
1,0.7940928940025503
0,0.22986863987939118
1,0.15670551063696173
0,0.17181676462103643
0,0.1511590161266026
0,0.8798619257879391
0,0.21731260284845078
1,0.6368438713363338
1,0.7868401892060821
0,0.2433175476081314
0,0.1497068878832583
0,0.6110428554682666
0,0.1318075908537049
0,0.15990504891596743
0,0.16504101295689186
1,0.13789230155106208
0,0.13478048473495274
1,0.5082074960772514
0,0.7170950128888451
1,0.7618413120624873
0,0.32842415596431285
0,0.26131563073329267
0,0.1345771005589035
0,0.16113578467383022
1,0.22986863987939118
1,0.7538511569384707
1,0.6825037899550147
1,0.6825037899550147
0,0.13769747133180793
0,0.1338420394425152
0,0.1338420394425152
1,0.21585842483361004
0,0.17322680388141196
0,0.13357841926598146
0,0.13357841926598146
0,0.18601687943219372
0,0.1497068878832583
1,0.6368438713363338
0,0.32356001932806117
1,0.712012994708882
0,0.21597146815655724
0,0.12613576386927536
1,0.1644729466673608
0,0.12613576386927536
0,0.12286401742871392
1,0.6108169622862036
0,0.18641807544707142
0,0.13233290296418457
1,0.6901011010074192
0,0.16208541958869516
0,0.13099344176837885
0,0.1511590161266026
1,0.6780030867330167
0,0.12833756418165287
1,0.6743552552208743
0,0.12286401742871392
0,0.20847772841378912
0,0.12900155546276706
0,0.610995803725889
0,0.6475740608465188
0,0.16230014378405977
0,0.1311484108958844
0,0.19567866546152338
0,0.12286401742871392
0,0.12286401742871392
0,0.2097075523914597
1,0.1372766232546069
0,0.6876847955778156
0,0.16208541958869516
0,0.1338420394425152
1,0.12613576386927536
1,0.7759465983133675
0,0.3018542982015112
0,0.6825037899550147
1,0.5805684810322929
0,0.12959256981741257
1,0.610995803725889
0,0.12286401742871392
0,0.16470772299731484
0,0.26131563073329267
1,0.7549445001692477
0,0.1306942994912775
1,0.6359081433776651
0,0.6825037899550147
1,0.7170950128888451
0,0.1338420394425152
0,0.12787453258676051
0,0.146146153056619
0,0.1338420394425152
0,0.22986863987939118
1,0.20654658011669536
1,0.7999799530944149
0,0.2569408500816693
0,0.1815858338953701
1,0.8463690347847622
0,0.709051362113836
1,0.7538511569384707
0,0.13357841926598146
0,0.19592552663282303
1,0.5044454940354625
0,0.13357841926598146
0,0.1620110014973621
0,0.6288250972345455
0,0.7321031639849265
1,0.13357841926598146
1,0.12613576386927536
0,0.19575029175630507
0,0.13492526851800016
0,0.15990504891596743
0,0.21731260284845078
1,0.641170168703664
0,0.13357841926598146
0,0.13357841926598146
1,0.8793155015927284
0,0.1338420394425152
1,0.731877780168936
1,0.7549445001692477
0,0.12286401742871392
0,0.12286401742871392
0,0.13318714580824562
0,0.38176399668691774
0,0.13357841926598146
1,0.1987071286680142
0,0.20822964024692683
1,0.15292305457483568
0,0.14454811298741674
0,0.2156465874889027
0,0.1338420394425152
1,0.1511590161266026
0,0.7069815929485429
0,0.1466417565018287
0,0.12963235196710576
0,0.142648287827898
1,0.7443960376999814
1,0.7399196632363432
0,0.1338420394425152
1,0.8734597812780087
0,0.12286401742871392
0,0.12946036011709217
1,0.6825037899550147
0,0.22986863987939118
0,0.13357841926598146
1,0.6382238366492733
1,0.6825037899550147
0,0.15670551063696173
0,0.1338420394425152
0,0.13357841926598146
1,0.7198064581138528
0,0.5350690060885348
1,0.12613576386927536
0,0.12613576386927536
0,0.12286401742871392
0,0.12286401742871392
0,0.2629846608859357
1,0.7910842432569895
0,0.5380092879233844
0,0.20847772841378912
0,0.13357841926598146
0,0.16504101295689186
0,0.15670551063696173
0,0.13117138075336524
1,0.21117361393854137
0,0.14034925750762386
0,0.146146153056619
1,0.16143132561924547
0,0.12613576386927536
0,0.1338420394425152
0,0.1511590161266026
0,0.7193298536731225
0,0.12286401742871392
0,0.13357841926598146
0,0.17983311662712287
0,0.13357841926598146
1,0.641170168703664
0,0.12613576386927536
0,0.2367899962513621
1,0.7586696880482017
0,0.1543015534290522
0,0.13211693287778553
0,0.12613576386927536
0,0.13662709564913791
0,0.12787453258676051
1,0.6626416464911731
1,0.1338420394425152
0,0.16538572396070392
1,0.1383820744661374
1,0.683462316318817
1,0.2498081965021503
0,0.22748664829475057
1,0.6712130791191177
0,0.13357841926598146
0,0.13145588785367873
0,0.2089954345206028
0,0.3194665508595927
0,0.2270883080036223
0,0.5121876774204537
0,0.2941138315582283
0,0.17969967060357475
1,0.7400939023237114
0,0.13951893855832906
0,0.1338420394425152
0,0.1457166291076259
1,0.7751516896285591
0,0.22986863987939118
0,0.13357841926598146
0,0.1497068878832583
0,0.5350690060885348
0,0.16208541958869516
0,0.15990504891596743
1,0.8281258912576537
1,0.633843433850989
0,0.17274519259466445
1,0.6108169622862036
0,0.19335008645942264
0,0.12613576386927536
0,0.12286401742871392
0,0.3048082912831433
1,0.14671566700607833
0,0.12960579054132737
0,0.207040688379931
1,0.768066292286547
0,0.12286401742871392
1,0.19335008645942264
0,0.13357841926598146
0,0.3284452168906175
0,0.146146153056619
1,0.7940928940025503
1,0.7868401892060821
0,0.6970202335854074
0,0.14560829618760365
1,0.27779195579853533
0,0.13712706883037767
1,0.16765987331685067
0,0.12286401742871392
0,0.13357841926598146
1,0.6974285806471089
0,0.25987643456559
0,0.12286401742871392
0,0.1511590161266026
0,0.12286401742871392
1,0.7940928940025503
0,0.12286401742871392
1,0.12900155546276706
0,0.12286401742871392
0,0.6075181228002077
0,0.20847772841378912
0,0.1687827999701782
0,0.13357841926598146
0,0.12787453258676051
0,0.12786702182384224
0,0.17531768723240707
1,0.7201350193328084
0,0.1338420394425152
0,0.146146153056619
0,0.13492526851800016
0,0.12758660692789484
0,0.1620110014973621
0,0.22986863987939118
0,0.12286401742871392
0,0.12613576386927536
0,0.1338420394425152
0,0.20847772841378912
0,0.26131563073329267
1,0.22230269498192365
0,0.1987071286680142
0,0.13357841926598146
0,0.23682172032773363
1,0.15227603788713273
0,0.1308897873796179
1,0.1338420394425152
0,0.13357841926598146
0,0.22174167493497574
0,0.22986863987939118
1,0.7549445001692477
0,0.6874768894319997
1,0.6712130791191177
1,0.610995803725889
0,0.1516576034590498
1,0.6501441975591917
0,0.19350276539160796
1,0.7940928940025503
0,0.4698346000196067
0,0.1987071286680142
1,0.3149826986034392
0,0.1987071286680142
0,0.2433175476081314
0,0.3048082912831433
0,0.17432875029091682
0,0.1292647130236898
0,0.16538572396070392
1,0.1338420394425152
0,0.6918714039022025
1,0.1516576034590498
0,0.12900155546276706
1,0.7549445001692477
0,0.13357841926598146
0,0.24400211735387117
1,0.6108169622862036
0,0.12286401742871392
0,0.13357841926598146
0,0.12286401742871392
0,0.13378840897419916
0,0.12286401742871392
1,0.7549445001692477
1,0.7943586109319787
0,0.14830642791382484
1,0.12286401742871392
0,0.1497068878832583
1,0.26131563073329267
1,0.17701832905792092
0,0.12787453258676051
1,0.12613576386927536
0,0.14694186890211483
0,0.3460428678357368
1,0.7220344068167559
0,0.13357841926598146
0,0.6546732967237572
1,0.2943406353823115
0,0.6712130791191177
0,0.1662276224998184
1,0.7940928940025503
1,0.768066292286547
0,0.2159910082445905
0,0.1338420394425152
0,0.21197286262247866
0,0.32842415596431285
0,0.12833756418165287
0,0.22986863987939118
0,0.13759667681694152
0,0.1522033108540751
1,0.26131563073329267
0,0.5868940218319529
0,0.20633517933823314
0,0.6552317410161431
0,0.19210570419425987
1,0.7879284357503885
1,0.6201606978865999
1,0.2571984397201473
0,0.13357841926598146
0,0.19388994750947397
0,0.13357841926598146
0,0.14570559472932948
0,0.13215906449679646
0,0.6596756564119254
1,0.13606232040632088
0,0.13357841926598146
0,0.13357841926598146
0,0.18876556159969415
0,0.13357841926598146
0,0.23915301065796377
0,0.12758660692789484
1,0.6825037899550147
1,0.7170950128888451
0,0.16106347157852252
0,0.20847772841378912
1,0.641170168703664
0,0.1511590161266026
0,0.12286401742871392
0,0.12286401742871392
0,0.16550054072158757
0,0.1842729602234157
0,0.13838272047386801
0,0.1497068878832583
0,0.26847167124436966
0,0.2070367783845
0,0.2650953195665821
0,0.12286401742871392
0,0.13960884093572057
0,0.1338420394425152
0,0.13357841926598146
0,0.1338420394425152
0,0.1497068878832583
0,0.13211623610918555
0,0.13357841926598146
1,0.7193298536731225
0,0.1302048665052729
0,0.13357841926598146
1,0.1429026201962532
0,0.633037526257829
1,0.13038979643472048
1,0.641170168703664
1,0.1338420394425152
0,0.1338420394425152
1,0.4190183549878635
0,0.18125057240144704
0,0.12787453258676051
1,0.15670551063696173
0,0.1511590161266026
0,0.12286401742871392
0,0.12286401742871392
0,0.13600472730329746
1,0.12286401742871392
0,0.13357841926598146
1,0.7141276691748856
0,0.17465161835460594
1,0.17161926616938247
0,0.754182059305273
0,0.12286401742871392
0,0.12613576386927536
1,0.6825037899550147
0,0.12613576386927536
1,0.7028836261254573
0,0.1850005093348504
0,0.13165153558053833
1,0.7355232873171195
0,0.12286401742871392
1,0.6919041123001891
1,0.7940928940025503
0,0.23824096741631082
0,0.13357841926598146
0,0.1530813178106213
0,0.13357841926598146
1,0.749960789039903
0,0.18601687943219372
0,0.20847772841378912
0,0.13371410590948912
0,0.13357841926598146
0,0.38176399668691774
0,0.22986863987939118
0,0.3581873949668346
0,0.22230269498192365
0,0.13624123794375131
0,0.6019558001309441
1,0.22638794426093664
0,0.13061248415256926
1,0.12286401742871392
0,0.16208541958869516
0,0.1956022503986942
0,0.1511590161266026
0,0.13656435768573674
0,0.13253775866227607
1,0.7721552538527006
0,0.16168848109894704
0,0.6868426443474679
0,0.1875429189667902
1,0.6456038964421394
0,0.15670551063696173
0,0.12286401742871392
1,0.6825037899550147
1,0.7170950128888451
0,0.13357841926598146
0,0.12613576386927536
0,0.2901092167636285
1,0.6686244508552106
0,0.15664618156477356
0,0.3181558893945017
0,0.1302048665052729
0,0.2935486339408861
0,0.28657149274220034
1,0.657143505266571
1,0.14365243795934693
0,0.2692879556432609
0,0.17345158356256465
1,0.6501441975591917
0,0.14318430558723383
0,0.1338420394425152
0,0.12286401742871392
0,0.13357841926598146
0,0.7170950128888451
0,0.14904244988872234
1,0.7759465983133675
0,0.12286401742871392
0,0.1338420394425152
0,0.12978840724027235
0,0.1987071286680142
0,0.1987071286680142
1,0.5937795902778616
0,0.31772026671449805
0,0.12286401742871392
1,0.6712130791191177
0,0.16208541958869516
1,0.17590747465316658
0,0.6075181228002077
0,0.13021097748744137
1,0.23824096741631082
0,0.12286401742871392
0,0.12613576386927536
0,0.1497068878832583
1,0.5351180112830856
1,0.8142557595785194
0,0.164114146884994
0,0.6699530668786028
0,0.12286401742871392
1,0.6291268259645407
0,0.6368438713363338
0,0.15798438662196926
0,0.12900155546276706
1,0.7549445001692477
0,0.15670551063696173
0,0.3018542982015112
1,0.205728274982578
0,0.13581351525559685
0,0.22508892102385067
0,0.16208541958869516
0,0.17701832905792092
0,0.1645513182419284
0,0.12286401742871392
0,0.36939297252150033
1,0.8705287664910868
0,0.13357841926598146
0,0.13357841926598146
1,0.7307851307060415
0,0.6669393092373804
0,0.16741610570078522
0,0.1302048665052729
0,0.22610652340776716
0,0.12894661058350687
0,0.13061248415256926
1,0.21597146815655724
0,0.13794584063278786
1,0.1342305026907865
0,0.13224341995193464
0,0.17851247966759126
0,0.6715702786367611
1,0.28964030707283234
0,0.12286401742871392
0,0.1338420394425152
0,0.12910279690233725
1,0.7017777461919548
0,0.23663774681000377
0,0.23793130578587937
0,0.1338420394425152
0,0.7297085414750781
0,0.22986863987939118
0,0.15664618156477356
0,0.13449984042602503
0,0.15530760063278054
0,0.16208541958869516
1,0.18472483200148662
0,0.3048082912831433
0,0.13145588785367873
0,0.1515658041450623
1,0.7435630339683216
0,0.12286401742871392
0,0.13357841926598146
1,0.6247239909861808
0,0.13357841926598146
1,0.7549445001692477
1,0.6510361186015358
1,0.7531951695018032
0,0.21949007325607084
1,0.1323630660549039
1,0.7868401892060821
1,0.6626416464911731
1,0.2495199665858191
0,0.12286401742871392
0,0.1338420394425152
0,0.7549445001692477
1,0.6790995197593631
0,0.17701832905792092
0,0.48527686837717726
1,0.13306024003823208
0,0.12286401742871392
0,0.13262901354954842
0,0.6492683156256288
0,0.22986863987939118
0,0.1338420394425152
0,0.1376602558402828
0,0.12286401742871392
0,0.16208541958869516
0,0.13357841926598146
1,0.6368438713363338
0,0.12286401742871392
0,0.610993850273716
1,0.1521215088101724
0,0.12786702182384224
0,0.6549222852851615
1,0.6019558001309441
1,0.6108169622862036
0,0.1338420394425152
0,0.13576382212790433
0,0.15990504891596743
1,0.13717817711693558
0,0.20847772841378912
0,0.12286401742871392
1,0.6170708602749588
0,0.7201350193328084
1,0.641170168703664
0,0.12286401742871392
0,0.7069304806063089
1,0.6827774989808206
1,0.6940218827205692
0,0.24400211735387117
1,0.641170168703664
0,0.1497068878832583
1,0.7170950128888451
0,0.19875613386256483
0,0.2600555137311827
0,0.12286401742871392
1,0.3359496668888222
1,0.7816817289944878
0,0.22230269498192365
0,0.6754561490273848
0,0.20174081853901038
0,0.13357841926598146
0,0.12286401742871392
0,0.1987071286680142
1,0.641170168703664
0,0.12286401742871392
0,0.15670551063696173
0,0.7297085414750781
0,0.17282331667446302
1,0.22986863987939118
0,0.12286401742871392
0,0.12286401742871392
0,0.5930920872528742
1,0.4445614028758656
1,0.3747216712443696
0,0.13769747133180793
0,0.577961586549027
0,0.1338420394425152
1,0.6278115252921176
0,0.1850005093348504
0,0.13355503055626328
1,0.7751516896285591
1,0.8681543575667018
0,0.2498081965021503
0,0.1522033108540751
1,0.22230269498192365
0,0.1338420394425152
1,0.6827774989808206
0,0.13357841926598146
0,0.14601652802833737
0,0.36939297252150033
0,0.2935486339408861
0,0.15664618156477356
0,0.12286401742871392
0,0.13551045227932196
0,0.7011424255756126
0,0.13513404943384
0,0.25267684407996477
0,0.1338420394425152
0,0.7170950128888451
0,0.12286401742871392
1,0.29987244771764
0,0.1292647130236898
1,0.7940928940025503
0,0.12900155546276706
0,0.18641807544707142
0,0.12900155546276706
1,0.3780495384306761
0,0.13357841926598146
0,0.13094964247212212
0,0.13318714580824562
0,0.1268838254453058
0,0.23824096741631082
0,0.13061248415256926
0,0.19491382630053428
0,0.2159910082445905
1,0.6306791057500452
0,0.610995803725889
1,0.6019558001309441
1,0.7549445001692477
1,0.8681543575667018
0,0.1338420394425152
0,0.17786112759891284
1,0.8116716545560144
0,0.14414120065910777
0,0.14830642791382484
0,0.1645513182419284
1,0.6901011010074192
1,0.595514332625228
0,0.32651750691682424
0,0.22986863987939118
1,0.1511590161266026
0,0.12900155546276706
1,0.7480395968924158
1,0.610995803725889
0,0.1522033108540751
0,0.13357841926598146
0,0.21815565174448823
0,0.1338420394425152
0,0.12613576386927536
0,0.1319037215159518
0,0.44668522209018857
1,0.6712130791191177
0,0.1338420394425152
0,0.2241342704225316
1,0.15670551063696173
0,0.146146153056619
0,0.13744053236596013
0,0.13754494114688637
1,0.7386370826299141
1,0.2611044599776881
0,0.13357841926598146
0,0.16574330854295477
1,0.7170950128888451
0,0.14151180499395602
0,0.1497068878832583
0,0.1644729466673608
0,0.12613576386927536
1,0.7943586109319787
0,0.16538572396070392
0,0.13067475940324427
0,0.13357841926598146
0,0.6510361186015358
1,0.7538511569384707
0,0.1511590161266026
1,0.1923219646057282
0,0.2494465449709765
1,0.1987071286680142
1,0.6993066307792642
0,0.14294116586706646
1,0.7999799530944149
0,0.13357841926598146
0,0.12286401742871392
1,0.2251370347212262
0,0.13782443667384187
1,0.32602593097512333
0,0.1497068878832583
0,0.12286401742871392
0,0.12286401742871392
0,0.13357841926598146
0,0.12900155546276706
1,0.12613576386927536
0,0.7940928940025503
0,0.5570285698088373
1,0.7943586109319787
0,0.20847772841378912
1,0.7759465983133675
0,0.16806815929481822
0,0.13357841926598146
0,0.1339711517016387
0,0.1338420394425152
0,0.2957610541004421
1,0.29771908590545565
0,0.12286401742871392
0,0.1338420394425152
0,0.12900155546276706
1,0.641170168703664
0,0.1586919266039845
0,0.1353828724731155
0,0.13100348174117493
1,0.3048082912831433
0,0.32184036588576714
1,0.7170950128888451
1,0.22230269498192365
0,0.26847167124436966
0,0.13062638905836343
0,0.1302048665052729
1,0.21467553620200416
0,0.1338420394425152
0,0.13357841926598146
0,0.12286401742871392
0,0.1956022503986942
0,0.1511590161266026
0,0.1338420394425152
0,0.12286401742871392
0,0.16800495398197654
1,0.7017777461919548
0,0.12286401742871392
1,0.7759465983133675
0,0.1745545746290299
0,0.15920719530695737
0,0.1520462841010037
0,0.14439317173973154
0,0.12613576386927536
0,0.6306791057500452
0,0.38176399668691774
0,0.13357841926598146
1,0.7527233295595064
0,0.20847772841378912
0,0.15664618156477356
0,0.2048959991349074
0,0.12286401742871392
0,0.1850005093348504
1,0.1338420394425152
0,0.18266661361582767
1,0.641170168703664
1,0.13357841926598146
0,0.13357841926598146
1,0.7549445001692477
0,0.12900155546276706
0,0.13357841926598146
0,0.5527863847053177
0,0.15658473619844274
1,0.7043226505939733
0,0.15831720699174712
0,0.1338420394425152
0,0.12286401742871392
1,0.13357841926598146
0,0.1338420394425152
0,0.18266661361582767
0,0.1442777593108522
0,0.2159910082445905
0,0.13491741695199497
0,0.14455424321824217
0,0.13675888302943637
0,0.13357841926598146
0,0.5335623148846332
0,0.17590747465316658
1,0.7094038383208968
1,0.21000772141299293
1,0.7170950128888451
0,0.13634794962673094
1,0.741765712995643
1,0.13544708429024496
0,0.13094293876116003
1,0.7759465983133675
0,0.20847772841378912
1,0.6431296617901309
0,0.13090751085311123
1,0.2331192272479974
1,0.6712130791191177
1,0.768066292286547
0,0.3478751314494706
0,0.16741610570078522
1,0.2159910082445905
0,0.1864709959757145
1,0.12286401742871392
0,0.7000012814611941
0,0.12286401742871392
0,0.12613576386927536
0,0.12286401742871392
1,0.7148136484050109
1,0.38176399668691774
1,0.8302119305924144
0,0.26131563073329267
0,0.633037526257829
0,0.7435630339683216
0,0.13357841926598146
1,0.768066292286547
0,0.12900155546276706
0,0.18641807544707142
0,0.26847167124436966
0,0.17698993384810502
0,0.13472114025879375
0,0.19145702035239703
0,0.1338420394425152
1,0.38176399668691774
0,0.23178698729063774
1,0.1987071286680142
0,0.1987071286680142
1,0.13794584063278786
1,0.6626416464911731
0,0.12286401742871392
0,0.13684832516139633
0,0.2159910082445905
0,0.1850005093348504
0,0.6825037899550147
0,0.2159910082445905
1,0.6712130791191177
0,0.13357841926598146
0,0.1522033108540751
0,0.1436828573302608
0,0.18340228436845177
1,0.1511590161266026
0,0.12286401742871392
0,0.32842415596431285
0,0.12613576386927536
0,0.13357841926598146
1,0.12286401742871392
0,0.18601687943219372
1,0.6825037899550147
1,0.7297085414750781
0,0.14030937351575823
1,0.7353013359741528
0,0.1338420394425152
0,0.14848316184743765
0,0.1511590161266026
1,0.6712130791191177
1,0.7220344068167559
0,0.26847167124436966
0,0.13357841926598146
0,0.1987071286680142
1,0.6170708602749588
0,0.1442777593108522
0,0.13357841926598146
0,0.1338420394425152
0,0.12286401742871392
0,0.142648287827898
1,0.6513745187740364
0,0.13728284045346456
0,0.13291114770758372
0,0.12286401742871392
0,0.1338420394425152
0,0.1338420394425152
0,0.1511590161266026
0,0.13357841926598146
0,0.6368438713363338
0,0.19567866546152338
0,0.1620110014973621
1,0.6368021955176186
0,0.13357841926598146
1,0.1338420394425152
0,0.1644729466673608
0,0.1338420394425152
1,0.1497068878832583
1,0.2755509429216183
0,0.12613576386927536
0,0.1516576034590498
0,0.12286401742871392
0,0.2951571239415405
0,0.1338420394425152
0,0.15670551063696173
0,0.12613576386927536
0,0.17590747465316658
0,0.13748560369616075
0,0.15670551063696173
0,0.12900155546276706
1,0.6489115672601979
1,0.7538511569384707
1,0.26131563073329267
0,0.1338420394425152
0,0.14760018249321546
0,0.1804161666826715
1,0.6311739751376942
0,0.132122347091354
0,0.12787453258676051
0,0.12286401742871392
0,0.1850005093348504
1,0.7017777461919548
1,0.6940218827205692
1,0.7201350193328084
0,0.146146153056619
0,0.1511590161266026
0,0.20847772841378912
0,0.7292713628072518
0,0.17734512657099566
1,0.8681543575667018
0,0.12286401742871392
1,0.7094038383208968
1,0.641170168703664
0,0.1338420394425152
0,0.12613576386927536
0,0.12900155546276706
0,0.20576891194946179
0,0.6718597731484004
0,0.7297085414750781
1,0.4694233253609738
0,0.610995803725889
0,0.12900155546276706
1,0.7170950128888451
0,0.13357841926598146
1,0.6501441975591917
0,0.13357841926598146
0,0.13357841926598146
1,0.7094038383208968
0,0.13057465338830826
0,0.13357841926598146
1,0.7170950128888451
1,0.8681543575667018
1,0.6379856785581933
0,0.12286401742871392
0,0.2621340871298826
0,0.1338420394425152
1,0.7868401892060821
1,0.7999799530944149
1,0.7362416840148857
1,0.7297085414750781
1,0.13357841926598146
0,0.12286401742871392
1,0.6642586437180474
0,0.1577858339765183
0,0.13357841926598146
0,0.13100348174117493
1,0.7868401892060821
0,0.43257883206976544
0,0.1397206090587635
1,0.17784446882377342
0,0.1511590161266026
0,0.2070367783845
0,0.13357841926598146
1,0.13767349386692385
1,0.15021441980200453
0,0.15135430694855076
1,0.6501441975591917
1,0.207040688379931
0,0.22986863987939118
1,0.7355232873171195
0,0.16864582324370955
1,0.23661186832811568
1,0.7353013359741528
0,0.13357841926598146
0,0.12286401742871392
1,0.610995803725889
0,0.1309129250666797
0,0.7055043669567707
1,0.7787217959714098
0,0.20847772841378912
0,0.12286401742871392
0,0.13600472730329746
0,0.13370887264021547
0,0.12286401742871392
0,0.12613576386927536
1,0.741765712995643
1,0.7910842432569895
0,0.22424461386080197
0,0.13357841926598146
0,0.1338420394425152
0,0.7549445001692477
1,0.7910842432569895
0,0.1338420394425152
1,0.768066292286547
1,0.7586696880482017
0,0.12286401742871392
0,0.13597184322134515
0,0.13357841926598146
0,0.13055659687545973
0,0.12613576386927536
0,0.13067032202639345
0,0.13357841926598146
0,0.13357841926598146
1,0.7549445001692477
1,0.22513435236459564
0,0.19994710530693005
0,0.12613576386927536
0,0.1338420394425152
0,0.1522033108540751
0,0.1513833576461473
1,0.17590747465316658
1,0.8302119305924144
1,0.6890175598656211
0,0.13357841926598146
0,0.12286401742871392
0,0.16208541958869516
0,0.209432275551802
0,0.13145588785367873
0,0.1652909017969938
0,0.19386283945997781
0,0.1497068878832583
0,0.20633517933823314
0,0.6019558001309441
0,0.5335623148846332
1,0.7958923365062253
1,0.2676845236527414
0,0.13357841926598146
0,0.16208541958869516
1,0.18388525025085944
1,0.13357841926598146
0,0.7069304806063089
1,0.7163343638416614
0,0.12286401742871392
0,0.13662709564913791
1,0.7201350193328084
1,0.15887802010908014
0,0.32842415596431285
0,0.1809473265036412
1,0.6712130791191177
1,0.226061500044784
0,0.7033852648168586
1,0.13357841926598146
0,0.21597146815655724
1,0.17701832905792092
0,0.1987071286680142
0,0.2159910082445905
0,0.12900155546276706
0,0.146146153056619
0,0.7181030135854408
0,0.16448581960403497
0,0.12286401742871392
1,0.35498470865799325
1,0.16168848109894704
0,0.7170950128888451
0,0.12900155546276706
1,0.1338420394425152
1,0.32667469849193514
1,0.6501441975591917
0,0.13357841926598146
0,0.22986863987939118
0,0.14786635108825846
0,0.13067032202639345
1,0.16168848109894704
1,0.7618413120624873
1,0.12286401742871392
1,0.6075181228002077
0,0.1630199740315061
0,0.5457728032676904
0,0.13032955360464882
1,0.38691528984531093
0,0.12613576386927536
0,0.13357841926598146
0,0.3078649579843589
0,0.13357841926598146
0,0.13357841926598146
0,0.12613576386927536
1,0.5871997395774189
1,0.1415802925409228
0,0.13762956089889383
0,0.18872406094322378
0,0.12613576386927536
0,0.13911905825337365
1,0.7170950128888451
0,0.5087985460778148
0,0.17828769998643856
0,0.12613576386927536
0,0.12613576386927536
0,0.6059016602456243
0,0.1338420394425152
1,0.5415741403013564
0,0.12286401742871392
0,0.12286401742871392
1,0.32602593097512333
1,0.13357841926598146
0,0.31772026671449805
1,0.1620110014973621
1,0.3169510978378918
0,0.13357841926598146
0,0.13061248415256926
1,0.4983375424949918
0,0.30135690921079356
1,0.6536826874587427
0,0.1511590161266026
1,0.7868401892060821
1,0.7549445001692477
0,0.1306942994912775
0,0.12900155546276706
1,0.6405508689449193
1,0.7940928940025503
0,0.324448394951958
0,0.13895907707069458
0,0.6706307746790516
1,0.2617837313259383
0,0.1338420394425152
0,0.16369756350374387
0,0.16208541958869516
1,0.35288126977765516
0,0.1338420394425152
0,0.17651679125387157
0,0.692523346379773
0,0.18567189925755267
0,0.7170950128888451
0,0.13215906449679646
0,0.13357841926598146
0,0.13357841926598146
0,0.12613576386927536
0,0.12613576386927536
1,0.7158345492950638
1,0.1338420394425152
0,0.13357841926598146
0,0.1338420394425152
0,0.12286401742871392
1,0.7321031639849265
1,0.7751516896285591
0,0.14122532363357362
0,0.26847167124436966
1,0.6774828424542512
0,0.13357841926598146
0,0.7170950128888451
0,0.13357841926598146
0,0.12286401742871392
1,0.12286401742871392
0,0.14961158289601184
0,0.1956022503986942
0,0.2068020020545459
1,0.13357841926598146
0,0.1338420394425152
0,0.12833756418165287
0,0.141041592264509
1,0.6443965002542059
0,0.18983394125789715
1,0.6536826874587427
0,0.12286401742871392
0,0.13357841926598146
0,0.1338420394425152
0,0.1987071286680142
0,0.14825327425433324
0,0.5003425123646681
0,0.20847772841378912
0,0.20633517933823314
1,0.18601687943219372
0,0.17851247966759126
0,0.1292647130236898
0,0.5834247767983984
0,0.14526232366848682
1,0.6501441975591917
1,0.6379856785581933
0,0.13357841926598146
1,0.741765712995643
0,0.12286401742871392
1,0.20847772841378912
0,0.16168848109894704
0,0.14057175904303196
0,0.1497068878832583
0,0.16208541958869516
1,0.13357841926598146
0,0.13357841926598146
0,0.1338420394425152
1,0.7240520524833528
1,0.5510055335470273
0,0.13305158210855647
1,0.13748560369616075
0,0.1850005093348504
1,0.7069304806063089
0,0.13357841926598146
0,0.146146153056619
0,0.1338420394425152
1,0.8705287664910868
0,0.16986394620923834
0,0.3117148066231795
1,0.17784446882377342
1,0.7220344068167559
0,0.13549120539313775
1,0.610993850273716
0,0.1338420394425152
0,0.14304864701173176
0,0.1338420394425152
1,0.19875613386256483
1,0.12286401742871392
0,0.13039745364212635
1,0.3359496668888222
0,0.13794584063278786
1,0.7721552538527006
1,0.26131563073329267
1,0.22986863987939118
0,0.1322253634390861
0,0.6533812948112819
0,0.15036298497027623
1,0.142648287827898
0,0.16208541958869516
0,0.16887987015446976
0,0.20888881108918442
0,0.19875613386256483
0,0.12613576386927536
0,0.13357841926598146
0,0.13357841926598146
0,0.19567866546152338
0,0.16230014378405977
0,0.1620110014973621
0,0.12900155546276706
0,0.13219948698390463
0,0.1338420394425152
0,0.13357841926598146
1,0.7759465983133675
0,0.24400211735387117
1,0.17971921069160798
0,0.12286401742871392
0,0.23918175259000393
0,0.1338420394425152
0,0.14786635108825846
0,0.22986863987939118
1,0.7549445001692477
1,0.7170950128888451
0,0.16208541958869516
0,0.5307427087212047
1,0.6825037899550147
0,0.22986863987939118
0,0.19567866546152338
1,0.7163343638416614
0,0.1338420394425152
1,0.16168848109894704
0,0.2935486339408861
0,0.146146153056619
0,0.13357841926598146
0,0.12286401742871392
0,0.14510447204679616
0,0.2346301780361218
0,0.1516576034590498
0,0.22986863987939118
0,0.146146153056619
0,0.1338420394425152
1,0.24230291766987477
0,0.6819264455264378
0,0.1759999265730451
0,0.12613576386927536
1,0.7721552538527006
0,0.1460701150214809
0,0.6475740608465188
1,0.13272203064626475
0,0.12286401742871392
0,0.20847772841378912
0,0.20847772841378912
0,0.13357841926598146
0,0.7751516896285591
1,0.7549445001692477
1,0.7113857875185964
1,0.1338420394425152
0,0.14148204383229687
0,0.12613576386927536
0,0.1511590161266026
0,0.12991276686305317
1,0.12286401742871392
1,0.610995803725889
1,0.741765712995643
0,0.18826170719908347
0,0.6825037899550147
1,0.6368021955176186
1,0.3359496668888222
1,0.16312250517177676
0,0.14560829618760365
0,0.289130602293502
0,0.18601687943219372
1,0.41699613839486444
0,0.12898201537473383
0,0.13357841926598146
0,0.13491741695199497
0,0.2070367783845
0,0.12613576386927536
0,0.12286401742871392
0,0.1338420394425152
0,0.1338420394425152
0,0.1495978832952556
0,0.1497068878832583
0,0.24878584570338264
0,0.12613576386927536
0,0.2070367783845
0,0.19060781244679711
1,0.7940928940025503
1,0.5907059057496614
0,0.1516576034590498
0,0.1338420394425152
0,0.13357841926598146
0,0.18726112434310885
1,0.6940218827205692
0,0.12613576386927536
0,0.1522033108540751
0,0.1338420394425152
0,0.19567866546152338
1,0.7058074624419122
0,0.13306024003823208
0,0.2097075523914597
0,0.13357841926598146
0,0.15224720462782457
0,0.32075508689204546
0,0.13627618167148645
0,0.5962737348007986
0,0.6489115672601979
0,0.641170168703664
0,0.13769747133180793
0,0.1338420394425152
0,0.12286401742871392
1,0.6108169622862036
1,0.8242824807376377
1,0.6426959082983154
0,0.6818638284043654
0,0.1506539059914619
0,0.14294116586706646
0,0.2636887009770427
0,0.16271862362997383
1,0.1338420394425152
0,0.32842415596431285
0,0.12900155546276706
0,0.25281758618058114
1,0.13357841926598146
0,0.14607824524035562
1,0.7879284357503885
0,0.6790995197593631
1,0.23257485463316596
0,0.5378693448616177
0,0.1330700349471095
0,0.12900155546276706
1,0.7538511569384707
0,0.12613576386927536
1,0.403702284735298
0,0.17465161835460594
0,0.12613576386927536
0,0.1338420394425152
1,0.7307851307060415
0,0.12900155546276706
0,0.32651750691682424
0,0.1302048665052729
1,0.7170950128888451
0,0.1958070513513631
0,0.12286401742871392
0,0.1338420394425152
0,0.20791285645930027
1,0.6940218827205692
0,0.12286401742871392
1,0.6437557019417086
0,0.13783831333417657
1,0.7297085414750781
0,0.7170950128888451
0,0.13146187443146684
1,0.7170950128888451
1,0.7297085414750781
0,0.1511590161266026
1,0.22874713083425655
1,0.1338420394425152
0,0.4379710430187759
0,0.142648287827898
0,0.4694233253609738
0,0.1987071286680142
1,0.8143043491248364
1,0.6712130791191177
1,0.6536826874587427
0,0.12910279690233725
0,0.22986863987939118
0,0.6998043239816762
1,0.7751516896285591
0,0.1698676700329402
0,0.22986863987939118
0,0.1338420394425152
0,0.12286401742871392
0,0.1338420394425152
0,0.14838636145206213
0,0.1309129250666797
1,0.15530760063278054
0,0.22986863987939118
1,0.13357841926598146
1,0.7751516896285591
0,0.12946036011709217
1,0.6536826874587427
0,0.13357841926598146
0,0.2159910082445905
0,0.1339253416887706
0,0.1338420394425152
1,0.8463690347847622
0,0.7169970566825405
1,0.21117361393854137
0,0.13357841926598146
1,0.13083405485690414
1,0.6327087270491503
0,0.2935486339408861
0,0.15670551063696173
0,0.12286401742871392
0,0.1338420394425152
0,0.1379217846304669
0,0.38176399668691774
0,0.13357841926598146
0,0.1796472400293963
0,0.1788219248495924
0,0.13141428852994722
0,0.13917281386958863
1,0.6780030867330167
0,0.7170950128888451
0,0.14826128985146989
0,0.7999799530944149
0,0.1987071286680142
0,0.15526749558393524
0,0.3048082912831433
0,0.12286401742871392
1,0.8302119305924144
0,0.13357841926598146
0,0.12286401742871392
0,0.18685650743535043
1,0.6456038964421394
0,0.19567866546152338
0,0.13371410590948912
0,0.1338420394425152
0,0.146146153056619
0,0.13722030835320942
1,0.16629100446937345
1,0.6712130791191177
0,0.13357841926598146
0,0.18601687943219372
0,0.1659922978774491
0,0.20441447497588028
1,0.6720091318645911
0,0.1511590161266026
0,0.21251839910569123
0,0.1987071286680142
1,0.1292647130236898
0,0.15123971551739004
0,0.12286401742871392
0,0.14786635108825846
1,0.5937795902778616
0,0.16292817938072537
0,0.7170950128888451
0,0.646489321887844
0,0.7170950128888451
1,0.7868401892060821
0,0.26365120715227963
1,0.5415741403013564
1,0.641170168703664
0,0.1338420394425152
0,0.12286401742871392
0,0.23675994516709548
0,0.146146153056619
1,0.7538511569384707
0,0.12613576386927536
0,0.19655661664807225
0,0.12613576386927536
1,0.8798619257879391
0,0.2159910082445905
0,0.20847772841378912
0,0.24400211735387117
0,0.13234374210713615
1,0.1338420394425152
1,0.32239847288834195
0,0.22986863987939118
1,0.8076441776390756
0,0.1338420394425152
0,0.5359296399201162
0,0.13211693287778553
0,0.3198324537905723
1,0.7355232873171195
0,0.16448581960403497
0,0.12900155546276706
0,0.7170950128888451
0,0.7618413120624873
0,0.7538511569384707
0,0.13357841926598146
0,0.12286401742871392
0,0.20847772841378912
0,0.1338420394425152
0,0.12286401742871392
0,0.21949007325607084
1,0.2494465449709765
1,0.3188818131542173
1,0.13789230155106208
0,0.30135690921079356
0,0.13910773715948313
0,0.1338420394425152
0,0.1511590161266026
0,0.7297085414750781
0,0.15679547351132747
1,0.768066292286547
0,0.1817520968111671
0,0.28964030707283234
1,0.2349641859598307
1,0.5285382428861495
0,0.12286401742871392
1,0.1338420394425152
0,0.13357841926598146
0,0.13454754014154705
0,0.12787453258676051
0,0.7353013359741528
0,0.41699613839486444
0,0.1338420394425152
0,0.1671901751228066
0,0.12286401742871392
0,0.13091120317571167
1,0.7783459823387268
0,0.2000396996319872
0,0.13624678584358169
1,0.2951571239415405
0,0.1338420394425152
1,0.2927868994330756
0,0.13357841926598146
1,0.20847772841378912
0,0.12286401742871392
0,0.1379132265197381
0,0.1987071286680142
0,0.25946420912633683
0,0.1511590161266026
0,0.1987071286680142
1,0.27514235116301355
1,0.7910842432569895
1,0.25236173123780364
0,0.6501441975591917
1,0.1511590161266026
0,0.12613576386927536
1,0.7035519904143792
0,0.12286401742871392
1,0.1338420394425152
0,0.22986863987939118
1,0.6501441975591917
1,0.17366887204434045
0,0.146146153056619
1,0.7943586109319787
0,0.12613576386927536
0,0.12286401742871392
1,0.17701832905792092
0,0.18726112434310885
0,0.1987071286680142
0,0.610993850273716
0,0.1511590161266026
1,0.3950657724208328
0,0.13357841926598146
0,0.16208541958869516
0,0.12613576386927536
0,0.13932525617909236
1,0.5554477516994432
0,0.22986863987939118
1,0.6616977516994431
1,0.7759465983133675
1,0.1511590161266026
0,0.1319223643298375
1,0.6108169622862036
0,0.13357841926598146
0,0.13357841926598146
1,0.3048082912831433
1,0.7088797033294626
0,0.7538511569384707
0,0.2302309591916086
1,0.6456038964421394
0,0.6327087270491503
0,0.3264184357792726
0,0.3048082912831433
0,0.19997472240556088
0,0.12613576386927536
0,0.24556572402171833
0,0.12286401742871392
1,0.6712130791191177
0,0.33677917638467675
1,0.7759465983133675
1,0.610993850273716
0,0.1804161666826715
1,0.6825037899550147
0,0.13357841926598146
0,0.1516576034590498
1,0.5811074181594539
1,0.641170168703664
1,0.12286401742871392
0,0.1497068878832583
0,0.12286401742871392
0,0.12286401742871392
1,0.13357841926598146
0,0.13357841926598146
0,0.19927616239359902
1,0.6019558001309441
1,0.2457457802191689
1,0.7759465983133675
1,0.8281258912576537
0,0.1511590161266026
0,0.13357841926598146
0,0.22986863987939118
0,0.12286401742871392
0,0.13357841926598146
0,0.13357841926598146
1,0.1644729466673608
1,0.5195969813115379
1,0.7435630339683216
0,0.1338420394425152
0,0.19567866546152338
0,0.13357841926598146
0,0.7759465983133675
1,0.6108169622862036
1,0.7210122222376679
0,0.13357841926598146
0,0.12613576386927536
1,0.2815548631775618
0,0.14786635108825846
1,0.6825037899550147
0,0.1357462265673463
0,0.1369710135572111
1,0.3078649579843589
0,0.2815394061299612
1,0.22986863987939118
0,0.26847167124436966
1,0.6780030867330167
0,0.3048082912831433
1,0.7170950128888451
0,0.18292781110994635
1,0.7012448118444292
0,0.14582032647753032
0,0.7302966607942591
1,0.13357841926598146
0,0.6430597193536803
1,0.641170168703664
0,0.12286401742871392
0,0.12946036011709217
0,0.12833756418165287
1,0.1809473265036412
0,0.12286401742871392
0,0.3048082912831433
0,0.1338420394425152
1,0.12613576386927536
1,0.7751516896285591
0,0.12286401742871392
0,0.1292647130236898
0,0.13357841926598146
1,0.6712130791191177
0,0.1603442280558946
0,0.12286401742871392
1,0.6075181228002077
1,0.7940928940025503
1,0.1850005093348504
0,0.28964030707283234
1,0.5823185963202806
0,0.13032955360464882
1,0.7103614729524202
1,0.3048082912831433
1,0.1850005093348504
0,0.1292647130236898
1,0.6019558001309441
0,0.6075181228002077
0,0.1698686776116814
0,0.13357841926598146
0,0.13357841926598146
0,0.1317779644308141
0,0.6368438713363338
0,0.12833756418165287
0,0.13357841926598146
0,0.22610652340776716
0,0.12613576386927536
0,0.1338420394425152
1,0.8143043491248364
0,0.31199819676486473
0,0.3048082912831433
1,0.6443965002542059
0,0.1354506492342563
0,0.27089311429914964
0,0.1511590161266026
0,0.13357841926598146
0,0.19875613386256483
0,0.1337543402617345
1,0.1338420394425152
0,0.12613576386927536
1,0.6264918071683686
0,0.12613576386927536
0,0.12286401742871392
1,0.6699530668786028
0,0.13292791792886885
1,0.2068020020545459
0,0.146146153056619
1,0.641170168703664
1,0.6108169622862036
0,0.20633517933823314
1,0.7940928940025503
0,0.1338420394425152
0,0.20940516750230587
1,0.6456038964421394
0,0.14786635108825846
0,0.6311739751376942
0,0.5320989179217184
0,0.16208541958869516
1,0.7940928940025503
0,0.12286401742871392
0,0.13357841926598146
0,0.13357841926598146
0,0.13357841926598146
1,0.7170950128888451
1,0.7510629498338381
0,0.20847772841378912
0,0.1956022503986942
1,0.7751516896285591
0,0.13357841926598146
0,0.13357841926598146
1,0.3048082912831433
0,0.13344130540532956
1,0.12286401742871392
1,0.2314541298258348
0,0.1338420394425152
0,0.21949007325607084
0,0.6775110113279919
1,0.6463538582869606
1,0.18251805437399934
0,0.15670551063696173
0,0.2575183978549033
0,0.1338420394425152
1,0.6019558001309441
0,0.1644729466673608
0,0.13357841926598146
0,0.1956022503986942
0,0.12613576386927536
1,0.7185623125445645
0,0.1338420394425152
0,0.13318714580824562
1,0.736598620933068
0,0.2591040427388052
0,0.1338420394425152
0,0.13183581108303774
1,0.18483220062184189
0,0.15342582686391376
1,0.7165668316955949
0,0.12286401742871392
0,0.12286401742871392
1,0.6019558001309441
1,0.24476839066675085
0,0.1338420394425152
0,0.12286401742871392
0,0.14619127400766338
1,0.7943586109319787
1,0.6982411488456131
1,0.20366947463175916
1,0.3048082912831433
1,0.7751516896285591
1,0.4039930933869537
0,0.14560829618760365
1,0.7751516896285591
0,0.1644729466673608
1,0.1311484108958844
0,0.2433175476081314
1,0.7783459823387268
0,0.12286401742871392
0,0.13880118704647199
1,0.12286401742871392
1,0.7751516896285591
1,0.18601687943219372
0,0.6489115672601979
0,0.22986863987939118
1,0.8713310538033615
0,0.26131563073329267
0,0.12865102771723533
0,0.5056595038346477
0,0.13215906449679646
0,0.13357841926598146
0,0.13357841926598146
1,0.7958923365062253
0,0.17590747465316658
0,0.12286401742871392
1,0.3232365657114177
0,0.22986863987939118
0,0.12286401742871392
0,0.22986863987939118
0,0.2494465449709765
1,0.12286401742871392
0,0.7170950128888451
0,0.12286401742871392
0,0.12613576386927536
0,0.1338420394425152
0,0.12894661058350687
1,0.23896461035429475
0,0.13754494114688637
1,0.6108169622862036
1,0.12286401742871392
0,0.13357841926598146
0,0.12613576386927536
0,0.7940928940025503
0,0.12286401742871392
0,0.12286401742871392
1,0.6759347974906645
0,0.14050075631707443
0,0.14643650621250906
0,0.12286401742871392
1,0.7549445001692477
1,0.83978486010762
1,0.8463690347847622
1,0.1987071286680142
0,0.13492526851800016
0,0.2449931703479036
0,0.13357841926598146
0,0.32842415596431285
1,0.1850005093348504
0,0.149404655952295
0,0.15060893197213723
0,0.1338420394425152
1,0.12818150890848629
0,0.13357841926598146
0,0.22997641160860813
1,0.4812268243435165
0,0.1292647130236898
0,0.13357841926598146
1,0.13951893855832906
0,0.610995803725889
0,0.1338420394425152
1,0.1987071286680142
1,0.6019558001309441
1,0.20285006520530618
0,0.12286401742871392
0,0.13357841926598146
0,0.1442777593108522
0,0.1338420394425152
1,0.6712130791191177
0,0.21133286038463703
0,0.1338420394425152
0,0.13062638905836343
0,0.1533112641670378
0,0.17701832905792092
0,0.3675656307332927
0,0.25461352373048085
0,0.2504915513491271
0,0.13306024003823208
0,0.1308820599055651
0,0.12286401742871392
0,0.1338420394425152
0,0.13357841926598146
1,0.41442153849747637
0,0.13357841926598146
1,0.1394817914008259
0,0.14455424321824217
0,0.17784446882377342
0,0.28311001070773234
1,0.6827774989808206
0,0.20847772841378912
1,0.6712130791191177
0,0.12894661058350687
1,0.7940928940025503
0,0.1644729466673608
0,0.38176399668691774
0,0.22986863987939118
0,0.12613576386927536
0,0.26847167124436966
0,0.7059725634699116
0,0.610993850273716
0,0.2159910082445905
0,0.1333623755393023
1,0.19875613386256483
0,0.19338081258763645
0,0.13357841926598146
1,0.6712130791191177
1,0.6825037899550147
0,0.3048082912831433
0,0.1338420394425152
1,0.7391011910784384
0,0.12613576386927536
0,0.18075758195068067
0,0.5351180112830856
0,0.6690505270134299
0,0.13141428852994722
0,0.23824096741631082
0,0.610995803725889
0,0.13600472730329746
0,0.25946420912633683
0,0.1987071286680142
0,0.24400211735387117
0,0.26131563073329267
0,0.24400211735387117
1,0.4379710430187759
0,0.13357841926598146
0,0.13357841926598146
0,0.13357841926598146
0,0.13357841926598146
0,0.13812860252486017
1,0.34828629942815437
1,0.7879284357503885
0,0.7328678446958488
0,0.12286401742871392
0,0.13215906449679646
1,0.741765712995643
0,0.13357841926598146
0,0.6075181228002077
1,0.3296515294446618
0,0.13357841926598146
0,0.1338420394425152
0,0.2159910082445905
0,0.213055525635174
1,0.717496871229138
0,0.1338420394425152
1,0.7353013359741528
1,0.24391146465022406
0,0.38176399668691774
0,0.12613576386927536
0,0.13357841926598146
0,0.7170950128888451
0,0.2573760302412698
1,0.7751516896285591
0,0.13899875416236054
1,0.21576812466582254
0,0.13600472730329746
1,0.7170950128888451
0,0.18680563778934559
0,0.13357841926598146
1,0.7940928940025503
0,0.1495978832952556
0,0.12286401742871392
0,0.12286401742871392
0,0.17701832905792092
0,0.13357841926598146
0,0.12286401742871392
0,0.13357841926598146
0,0.12286401742871392
1,0.5350690060885348
0,0.146146153056619
0,0.16216195327603652
0,0.12286401742871392
0,0.16998919278462257
1,0.8281258912576537
1,0.6121614404690773
0,0.1522033108540751
1,0.7940928940025503
1,0.641170168703664
1,0.7170950128888451
1,0.20847772841378912
0,0.2020414479843036
1,0.14848316184743765
1,0.3363490334738924
0,0.1850005093348504
0,0.1338420394425152
0,0.13357841926598146
0,0.2494465449709765
0,0.15664618156477356
1,0.7759465983133675
1,0.7617701616528696
0,0.13357841926598146
0,0.18586243203853417
0,0.13057465338830826
1,0.7198064581138528
0,0.286197864319201
0,0.16168848109894704
0,0.1698676700329402
0,0.1338420394425152
0,0.16208541958869516
0,0.13357841926598146
0,0.13357841926598146
0,0.18601687943219372
0,0.32079257178569365
0,0.19567866546152338
0,0.20798277907562723
0,0.13357841926598146
1,0.5504340488692288
0,0.15537073338299315
0,0.1338420394425152
1,0.2159910082445905
0,0.13187974405106775
0,0.1987071286680142
0,0.19575029175630507
0,0.47181253622702374
1,0.3048082912831433
0,0.12286401742871392
0,0.6489115672601979
1,0.768066292286547
1,0.768066292286547
1,0.13357841926598146
1,0.6633190271439038
0,0.21428679804438297
0,0.3048082912831433
1,0.741765712995643
0,0.146146153056619
0,0.3022468030056605
0,0.21597146815655724
0,0.13357841926598146
1,0.6108169622862036
0,0.1338420394425152
0,0.15224720462782457
1,0.7017777461919548
0,0.26131563073329267
0,0.12787453258676051
1,0.7154643441067395
0,0.7333092399679733
0,0.1483938192145032
1,0.1987071286680142
0,0.12286401742871392
0,0.13357841926598146
1,0.1645513182419284
0,0.1620110014973621
1,0.6825037899550147
1,0.7192250053854438
1,0.7868401892060821
0,0.146146153056619
0,0.146146153056619
0,0.1338420394425152
1,0.6501441975591917
0,0.12286401742871392
0,0.1338420394425152
1,0.6443965002542059
0,0.18266661361582767
0,0.1395496905123665
0,0.14399381688056895
0,0.12286401742871392
0,0.12931786488246172
0,0.12286401742871392
0,0.19567866546152338
0,0.1338420394425152
0,0.20847772841378912
0,0.2159910082445905
1,0.7170950128888451
0,0.14804201405407863
1,0.32602593097512333
0,0.12286401742871392
1,0.4694233253609738
0,0.13472114025879375
0,0.1317779644308141
1,0.17784446882377342
0,0.12900155546276706
1,0.6075181228002077
0,0.13357841926598146
1,0.6712130791191177
0,0.22610652340776716
1,0.6170708602749588
0,0.13357841926598146
0,0.13754494114688637
1,0.7751516896285591
1,0.13357841926598146
0,0.1804161666826715
1,0.768066292286547
0,0.18266661361582767
1,0.13499526748720977
1,0.6501441975591917
0,0.20005481981338935
0,0.1497068878832583
0,0.32466344945952064
1,0.198810687761261
0,0.12900155546276706
0,0.12286401742871392
1,0.41442153849747637
1,0.7940928940025503
0,0.1338420394425152
0,0.1338420394425152
0,0.13357841926598146
0,0.13357841926598146
0,0.12286401742871392
1,0.7170950128888451
1,0.7170950128888451
1,0.8354645820031615
0,0.13357841926598146
1,0.1644729466673608
1,0.16168848109894704
0,0.13268618579688932
0,0.12286401742871392
0,0.17734512657099566
0,0.1850005093348504
1,0.7538511569384707
0,0.6587771890552692
0,0.22016146020916008
1,0.8798619257879391
0,0.7170950128888451
1,0.6443965002542059
1,0.2099868927245261
1,0.7958923365062253
0,0.1511590161266026
1,0.12286401742871392
0,0.1338420394425152
1,0.8143361513154619
0,0.12787453258676051
0,0.1372080383458033
0,0.19386283945997781
1,0.12865102771723533
0,0.15137403364715782
0,0.6489115672601979
0,0.12286401742871392
0,0.6626416464911731
0,0.7170950128888451
0,0.24476839066675085
0,0.19567866546152338
0,0.12613576386927536
1,0.18601687943219372
0,0.1338420394425152
0,0.17791102766700195
0,0.13357841926598146
0,0.18601687943219372
0,0.13754494114688637
1,0.18601687943219372
0,0.4379556540074949
1,0.13357841926598146
0,0.13371934772920707
0,0.12613576386927536
0,0.16504101295689186
1,0.6825037899550147
0,0.1338420394425152
0,0.12613576386927536
1,0.2572538174237258
0,0.1338420394425152
0,0.14621781056325822
1,0.1644729466673608
0,0.1522033108540751
0,0.12286401742871392
1,0.6825037899550147
1,0.7094038383208968
0,0.12900155546276706
0,0.1338420394425152
0,0.7210122222376679
1,0.6159629316060498
0,0.13253775866227607
1,0.17701832905792092
0,0.14786635108825846
1,0.7940928940025503
0,0.24476839066675085
0,0.1338420394425152
0,0.14776437193320457
0,0.21388444341604812
0,0.13357841926598146
0,0.13357841926598146
1,0.16194898110929756
0,0.27977057914914777
1,0.16143132561924547
1,0.6974285806471089
1,0.7201350193328084
1,0.7170950128888451
0,0.22986863987939118
0,0.12900155546276706
0,0.13492526851800016
1,0.641170168703664
1,0.6558923199752463
0,0.17743969280877772
1,0.14772411000427962
1,0.16504101295689186
1,0.7640411701041934
0,0.18726112434310885
0,0.1338420394425152
0,0.13796300474796136
0,0.12286401742871392
1,0.6536826874587427
1,0.7079748354639024
0,0.13357841926598146
0,0.7170950128888451
0,0.20847772841378912
0,0.12286401742871392
0,0.1338420394425152
1,0.6172012463044768
0,0.15798438662196926
0,0.12900155546276706
1,0.13406373038974698
0,0.27527398612809323
1,0.16608962795239973
0,0.12286401742871392
0,0.22986863987939118
0,0.14570559472932948
0,0.12900155546276706
0,0.12613576386927536
0,0.1314267485129601
1,0.3048082912831433
1,0.7940928940025503
0,0.1338420394425152
1,0.7759465983133675
0,0.12286401742871392
0,0.1497068878832583
0,0.12613576386927536
0,0.13722030835320942
0,0.15831720699174712
0,0.12286401742871392
0,0.13357841926598146
0,0.16429882666969736
1,0.7549445001692477
0,0.20847772841378912
1,0.7170950128888451
0,0.22986863987939118
0,0.1987071286680142
0,0.1987071286680142
1,0.8281258912576537
1,0.6595703537166031
0,0.17755332953969014
0,0.13357841926598146
0,0.13357841926598146
1,0.6827774989808206
0,0.13357841926598146
0,0.12286401742871392
0,0.12818150890848629
0,0.21949007325607084
1,0.13145588785367873
0,0.19335008645942264
0,0.885167349499246
0,0.14560829618760365
0,0.1987071286680142
0,0.16538572396070392
1,0.8302119305924144
0,0.2353973224296924
1,0.4047878253892666
1,0.7940928940025503
0,0.12286401742871392
0,0.22986863987939118
1,0.6942779753615934
1,0.25328535945316444
0,0.12613576386927536
0,0.13357841926598146
0,0.18601687943219372
0,0.20847772841378912
0,0.12286401742871392
1,0.873796309683607
0,0.14024129508343997
0,0.15679547351132747
0,0.23663774681000377
1,0.6456038964421394
0,0.5900565199117099
0,0.12286401742871392
1,0.6825037899550147
0,0.13378840897419916
0,0.12613576386927536
1,0.7170950128888451
0,0.14417186465481285
1,0.6489115672601979
0,0.1511590161266026
0,0.1338420394425152
0,0.12910279690233725
1,0.5156296354291
0,0.1338420394425152
0,0.18987641600444852
0,0.13397540190853677
0,0.2722971160517598
1,0.3780495384306761
0,0.13357841926598146
1,0.1338420394425152
0,0.18908197657628412
0,0.7549445001692477
0,0.1338420394425152
0,0.4379556540074949
0,0.5054236314628193
0,0.13769747133180793
0,0.12900155546276706
0,0.5722198930685994
1,0.8142557595785194
1,0.7751516896285591
0,0.142564512304508
0,0.12286401742871392
0,0.12960796725586066
1,0.16208541958869516
1,0.8302119305924144
0,0.12286401742871392
0,0.641170168703664
0,0.18641807544707142
1,0.21721585294657042
1,0.6780030867330167
0,0.1498858219069455
1,0.3371661822957263
0,0.19567866546152338
1,0.3747216712443696
0,0.1987071286680142
0,0.13357841926598146
0,0.12613576386927536
0,0.717496871229138
1,0.12818150890848629
0,0.7385514220395528
1,0.26131563073329267
0,0.13100348174117493
0,0.2159910082445905
0,0.1338420394425152
1,0.3296515294446618
0,0.13652055838948
0,0.6108169622862036
1,0.12286401742871392
0,0.12286401742871392
0,0.13402136900426306
1,0.7549445001692477
0,0.1338420394425152
0,0.18340228436845177
0,0.284589668444051
0,0.13164074463337594
0,0.32842415596431285
0,0.12286401742871392
0,0.13357841926598146
1,0.19926713280919492
1,0.12286401742871392
0,0.2651354094697131
1,0.754182059305273
0,0.1607454567449628
0,0.13215906449679646
0,0.16208541958869516
0,0.1987071286680142
1,0.6712130791191177
0,0.18726112434310885
0,0.1268838254453058
0,0.1338420394425152
0,0.16470772299731484
1,0.7549445001692477
0,0.13357841926598146
0,0.18340228436845177
0,0.16538572396070392
0,0.14628458331415325
0,0.13357841926598146
0,0.6712130791191177
0,0.15798438662196926
1,0.641170168703664
0,0.12286401742871392
0,0.18155872584587399
0,0.12286401742871392
0,0.1338420394425152
0,0.5821449713892612
0,0.20732666795697638
0,0.27779195579853533
0,0.1338420394425152
1,0.6796834709179651
0,0.15835328515665364
1,0.3048082912831433
1,0.16504101295689186
1,0.1644729466673608
0,0.1987071286680142
0,0.21124872602488365
0,0.12286401742871392
0,0.1338420394425152
0,0.17701832905792092
0,0.22986863987939118
1,0.7297085414750781
0,0.13021097748744137
1,0.12286401742871392
0,0.12900155546276706
0,0.12900155546276706
0,0.1644729466673608
0,0.13357841926598146
0,0.13357841926598146
1,0.6827774989808206
0,0.12613576386927536
0,0.13055659687545973
1,0.7210122222376679
1,0.6595984431319384
1,0.7011424255756126
0,0.13877982483425877
0,0.6475740608465188
1,0.7759465983133675
1,0.7170950128888451
0,0.2070367783845
1,0.7008179464828077
0,0.13842992035349053
1,0.7564607643969096
0,0.1338420394425152
0,0.198810687761261
0,0.6825037899550147
0,0.20847772841378912
1,0.12286401742871392
0,0.1497068878832583
0,0.22986863987939118
0,0.16053617813326487
1,0.7244390191118909
1,0.16168848109894704
1,0.5914943697342974
0,0.12286401742871392
1,0.20806675251427972
0,0.13145588785367873
1,0.146146153056619
0,0.1428876320464934
0,0.142648287827898
0,0.12613576386927536
0,0.13495765130424037
0,0.1338420394425152
0,0.18155872584587399
1,0.5378693448616177
0,0.22986863987939118
0,0.12286401742871392
0,0.13061248415256926
0,0.12787453258676051
1,0.7940928940025503
0,0.12613576386927536
0,0.12613576386927536
0,0.1338420394425152
0,0.16470772299731484
0,0.13357841926598146
0,0.1338420394425152
0,0.12286401742871392
0,0.782908458303557
0,0.12286401742871392
1,0.7940928940025503
0,0.1637311995290016
0,0.1338420394425152
1,0.7435630339683216
1,0.6866714984732554
1,0.7141276691748856
1,0.3846582994949546
1,0.27089311429914964
0,0.1522033108540751
0,0.12931786488246172
0,0.12286401742871392
0,0.20847772841378912
1,0.12286401742871392
1,0.20847772841378912
0,0.1319223643298375
0,0.13357841926598146
0,0.12613576386927536
1,0.7017777461919548
0,0.13416679942849827
1,0.7868401892060821
1,0.14829308813135206
0,0.1956022503986942
1,0.5992950291255824
0,0.13357841926598146
0,0.16208541958869516
1,0.6170708602749588
0,0.13877982483425877
0,0.5862830196370316
1,0.6221110756329108
0,0.13498915000367934
0,0.7940928940025503
0,0.22377974021639915
1,0.27779195579853533
0,0.3846582994949546
0,0.1511590161266026
0,0.1850005093348504
0,0.22986863987939118
0,0.7999799530944149
0,0.12286401742871392
1,0.5930920872528742
0,0.1918279240930728
0,0.1517621899250213
0,0.13357841926598146
0,0.146146153056619
0,0.6108169622862036
0,0.2611044599776881
0,0.13357841926598146
0,0.12900155546276706
0,0.12286401742871392
1,0.37413543186022186
1,0.1755427503138349
0,0.13057465338830826
1,0.29199910856059075
0,0.13357841926598146
1,0.3747216712443696
0,0.12865102771723533
1,0.3188818131542173
1,0.18474818866083745
0,0.1458181758919435
0,0.1338420394425152
1,0.20325469832765708
1,0.32842415596431285
1,0.7170950128888451
0,0.22986863987939118
0,0.16459307195704728
0,0.1511590161266026
1,0.7201350193328084
0,0.12286401742871392
1,0.595514332625228
0,0.12286401742871392
1,0.7145533321310458
1,0.1338420394425152
1,0.7721552538527006
0,0.22230269498192365
1,0.5473558899105541
1,0.1343110193924857
1,0.12286401742871392
0,0.13857797869296382
0,0.12286401742871392
1,0.1627382401698742
0,0.13344130540532956
0,0.7297085414750781
1,0.8382175517344166
1,0.16208541958869516
0,0.12900155546276706
0,0.13357841926598146
0,0.1338420394425152
1,0.6489115672601979
1,0.6231512964696986
1,0.6626416464911731
0,0.32842415596431285
0,0.14643650621250906
1,0.7170950128888451
0,0.13357841926598146
1,0.6889725516502866
0,0.13357841926598146
0,0.13357841926598146
0,0.12786702182384224
0,0.3018542982015112
0,0.16538572396070392
0,0.16187002789196725
0,0.13341605207813811
1,0.142648287827898
0,0.12894661058350687
0,0.18340228436845177
0,0.12613576386927536
0,0.17677617981038146
0,0.1338420394425152
1,0.1935711711288021
0,0.22986863987939118
1,0.12286401742871392
0,0.1423603372481589
0,0.18075758195068067
0,0.13357841926598146
0,0.13357841926598146
1,0.13721414932797177
1,0.717496871229138
0,0.14902295441260088
1,0.7444789269598887
1,0.7721552538527006
0,0.12898201537473383
1,0.7495706849389197
0,0.7094038383208968
0,0.3232365657114177
1,0.1338420394425152
0,0.1338420394425152
0,0.12900155546276706
0,0.7201350193328084
0,0.1338420394425152
0,0.18726112434310885
0,0.7170950128888451
0,0.7170950128888451
0,0.15953759777138243
0,0.21949007325607084
0,0.12613576386927536
1,0.13306024003823208
1,0.7201350193328084
0,0.12286401742871392
0,0.12286401742871392
0,0.6915932662251354
0,0.1620110014973621
0,0.22986863987939118
0,0.32842415596431285
1,0.6754561490273848
1,0.1644729466673608
0,0.16963966275403639
0,0.12613576386927536
0,0.12900155546276706
0,0.1956022503986942
1,0.28964030707283234
0,0.14664383979891282
0,0.14786635108825846
1,0.13357841926598146
0,0.1338420394425152
0,0.1338420394425152
0,0.16579638299955315
0,0.27784361056211904
0,0.23418415232398107
0,0.1338420394425152
1,0.13416679942849827
1,0.7292713628072518
0,0.7094038383208968
1,0.2839829522751254
0,0.14533211585139053
0,0.26847167124436966
0,0.13357841926598146
0,0.12286401742871392
1,0.20806675251427972
1,0.7103614729524202
0,0.1497068878832583
0,0.13943449497138324
1,0.1338420394425152
1,0.6825037899550147
0,0.13769747133180793
0,0.1338420394425152
1,0.7751516896285591
0,0.12286401742871392
0,0.18914637489345423
0,0.19875613386256483
0,0.18551082580442238
1,0.3048082912831433
0,0.13357841926598146
0,0.15105087192007294
0,0.7017112430743994
0,0.13067032202639345
0,0.16470772299731484
0,0.13357841926598146
1,0.13357841926598146
1,0.6712130791191177
0,0.12286401742871392
1,0.7192250053854438
0,0.12286401742871392
0,0.12286401742871392
0,0.13357841926598146
1,0.7210122222376679
0,0.13357841926598146
0,0.1987071286680142
0,0.13371410590948912
0,0.12286401742871392
0,0.16956159772208285
1,0.26131563073329267
0,0.1644729466673608
1,0.21469333348485484
0,0.4694233253609738
1,0.7170950128888451
1,0.6108169622862036
1,0.13357841926598146
0,0.1338568204126798
0,0.14563198329503424
0,0.12286401742871392
0,0.15583503129627946
0,0.1511590161266026
0,0.14770770553371138
0,0.1338643537466573
0,0.137342610002188
1,0.1338420394425152
0,0.16208541958869516
0,0.2433175476081314
0,0.16168848109894704
0,0.21949007325607084
1,0.7170950128888451
1,0.7170950128888451
0,0.12286401742871392
0,0.1338420394425152
1,0.7473503779562504
0,0.1607454567449628
0,0.19335008645942264
0,0.1421257832942888
0,0.17322006539420687
0,0.12286401742871392
0,0.13357841926598146
0,0.7170950128888451
1,0.7355232873171195
1,0.7456878524379178
0,0.12286401742871392
0,0.25504000615415084
1,0.6443965002542059
0,0.12286401742871392
0,0.1339711517016387
0,0.12286401742871392
0,0.13357841926598146
1,0.22508892102385067
0,0.13404173010501844
0,0.26365120715227963
0,0.5154711451937442
1,0.17784446882377342
0,0.13374106970478192
0,0.7170950128888451
1,0.7069304806063089
0,0.1429554261839246
0,0.13357841926598146
0,0.1511590161266026
0,0.15670551063696173
0,0.13491741695199497
0,0.13472114025879375
0,0.22986863987939118
0,0.19875613386256483
1,0.14089574574088162
0,0.3048082912831433
0,0.1268838254453058
0,0.7910842432569895
1,0.7549445001692477
0,0.13600472730329746
0,0.13251603668670123
1,0.13357841926598146
0,0.2666937669529129
1,0.5358425091199747
1,0.6996183091709473
0,0.13357841926598146
0,0.12286401742871392
1,0.6170708602749588
0,0.12613576386927536
0,0.13357841926598146
1,0.16230014378405977
1,0.13722030835320942
0,0.1338420394425152
0,0.1956022503986942
1,0.12286401742871392
1,0.17481571530917744
0,0.12818150890848629
0,0.2538878335315589
0,0.1511590161266026
0,0.12900155546276706
0,0.13357841926598146
0,0.1756494412125675
0,0.1779283038458586
1,0.6741597392567277
0,0.13357841926598146
1,0.12286401742871392
0,0.41442153849747637
1,0.2400947193033979
0,0.6019558001309441
0,0.13357841926598146
0,0.19567403602362057
0,0.13357841926598146
1,0.25267684407996477
0,0.2802531811614325
0,0.6221110756329108
0,0.17784446882377342
0,0.1511590161266026
0,0.7170950128888451
0,0.23416461223594784
1,0.6368438713363338
0,0.12286401742871392
0,0.12900155546276706
0,0.1338420394425152
1,0.7868401892060821
1,0.16268167982275308
0,0.12286401742871392
1,0.610995803725889
0,0.12613576386927536
1,0.5930920872528742
0,0.21597146815655724
0,0.12286401742871392
0,0.1497068878832583
0,0.12286401742871392
0,0.2479552944906236
1,0.7868401892060821
0,0.22986863987939118
0,0.13357841926598146
1,0.2694136731396512
1,0.7751516896285591
0,0.13318714580824562
0,0.1644729466673608
0,0.14089574574088162
1,0.7564607643969096
0,0.14655686323879846
1,0.517642074640748
0,0.12286401742871392
1,0.12613576386927536
1,0.16538572396070392
0,0.12900155546276706
0,0.1338420394425152
1,0.5640395123013909
0,0.13055659687545973
0,0.12613576386927536
1,0.7220344068167559
0,0.2346301780361218
1,0.16208541958869516
0,0.12286401742871392
0,0.1637311995290016
0,0.13215236078583434
1,0.5554477516994432
0,0.13057465338830826
0,0.12286401742871392
0,0.26131563073329267
0,0.16208541958869516
0,0.13357841926598146
0,0.15584335838719693
1,0.7910842432569895
0,0.29771908590545565
0,0.13357841926598146
1,0.7783459823387268
0,0.13357841926598146
0,0.12286401742871392
0,0.2896106294311813
0,0.15990504891596743
0,0.20847772841378912
0,0.1516576034590498
0,0.32842415596431285
0,0.13599799252247713
0,0.12818150890848629
0,0.20361633901314244
0,0.21428679804438297
0,0.14786635108825846
0,0.1342305026907865
1,0.7297085414750781
1,0.2711178939803024
0,0.2433175476081314
1,0.13357841926598146
0,0.13344130540532956
0,0.12286401742871392
1,0.6372813618027294
1,0.7549445001692477
0,0.2760286726414397
0,0.15670551063696173
0,0.12286401742871392
1,0.19875613386256483
0,0.20847772841378912
0,0.12900155546276706
0,0.14332618218981183
0,0.1511590161266026
0,0.22631942434052663
0,0.1338420394425152
0,0.14276065635036353
0,0.7051623884665431
1,0.6536826874587427
0,0.26847167124436966
1,0.7051623884665431
1,0.12833756418165287
0,0.12787453258676051
1,0.8740100778814216
1,0.7170950128888451
0,0.12910279690233725
1,0.1338420394425152
0,0.2352455040035195
1,0.15799106957132095
1,0.24261683106475448
0,0.15670551063696173
0,0.13382783106042284
1,0.7343512974789362
1,0.18908197657628412
1,0.7170950128888451
0,0.2298818824777691
0,0.12286401742871392
0,0.20847772841378912
0,0.12613576386927536
0,0.1338420394425152
0,0.13357841926598146
0,0.12900155546276706
1,0.7868401892060821
0,0.1850005093348504
0,0.14808017719442423
0,0.14619127400766338
0,0.15537088034882052
0,0.7905835282809749
1,0.7751516896285591
0,0.12286401742871392
0,0.13357841926598146
0,0.1620110014973621
1,0.27820317778837594
0,0.1929799469900745
0,0.2159910082445905
0,0.12613576386927536
0,0.17734512657099566
1,0.25192006495528985
0,0.3048082912831433
1,0.20337340205641607
0,0.12900155546276706
0,0.31258517933823315
0,0.1338420394425152
0,0.13117138075336524
0,0.13357841926598146
0,0.13532200746848227
1,0.7940928940025503
0,0.20847772841378912
0,0.13357841926598146
0,0.13100348174117493
0,0.13248060877865242
0,0.1498949092389641
0,0.32842415596431285
0,0.13615417884130754
1,0.595514332625228
0,0.15670551063696173
1,0.27554440777254013
0,0.20435109950405386
0,0.1338420394425152
0,0.12286401742871392
0,0.12613576386927536
0,0.1511590161266026
0,0.12786702182384224
0,0.2703271292185827
1,0.27779195579853533
0,0.1338420394425152
1,0.6501441975591917
0,0.1987071286680142
0,0.12613576386927536
0,0.13357841926598146
0,0.21949007325607084
0,0.12900155546276706
0,0.23442275047527897
0,0.6108169622862036
0,0.3232365657114177
0,0.1644729466673608
1,0.17564255513452445
0,0.13611615406521094
0,0.5476372081413535
0,0.12286401742871392
0,0.12900155546276706
0,0.12613576386927536
0,0.12286401742871392
1,0.7297085414750781
0,0.13357841926598146
0,0.6981812487920966
0,0.7940928940025503
0,0.12286401742871392
0,0.22986863987939118
1,0.6108169622862036
1,0.1642379404576796
1,0.15314567090773423
0,0.18896875726342366
0,0.12286401742871392
0,0.1338420394425152
0,0.12900155546276706
0,0.12286401742871392
0,0.15227603788713273
0,0.12286401742871392
0,0.19060781244679711
0,0.6108169622862036
0,0.12758660692789484
0,0.6019558001309441
0,0.1511590161266026
1,0.6669393092373804
0,0.1338420394425152
0,0.1357215818419142
0,0.13357841926598146
0,0.13357841926598146
0,0.24476839066675085
0,0.1338420394425152
0,0.7201350193328084
0,0.1338420394425152
0,0.1338420394425152
0,0.20847772841378912
1,0.1644729466673608
0,0.13357841926598146
0,0.6982411488456131
0,0.12910279690233725
0,0.146146153056619
0,0.16168848109894704
1,0.7759465983133675
1,0.7920687152725424
0,0.13357841926598146
0,0.17513067322965226
0,0.6075181228002077
0,0.12613576386927536
1,0.7833289580956873
0,0.1497068878832583
0,0.641170168703664
0,0.18641807544707142
0,0.13357841926598146
0,0.12286401742871392
1,0.8143043491248364
0,0.22825646049969314
1,0.1494475785336594
0,0.15354523276859086
1,0.5378693448616177
0,0.13357841926598146
0,0.12286401742871392
0,0.1338420394425152
0,0.6950736042331634
1,0.7538511569384707
0,0.13794584063278786
0,0.4379556540074949
0,0.13448764702065025
0,0.23661186832811568
0,0.1850005093348504
1,0.6327087270491503
0,0.12286401742871392
1,0.13357841926598146
0,0.5930920872528742
1,0.7032764182538677
0,0.16112290184806746
0,0.5335623148846332
0,0.1338420394425152
0,0.12910279690233725
0,0.1987071286680142
0,0.13794584063278786
0,0.1338420394425152
0,0.12833756418165287
1,0.22163528735311527
0,0.17734512657099566
0,0.12900155546276706
0,0.15560063413494954
0,0.13215906449679646
0,0.12613576386927536
0,0.12286401742871392
0,0.610995803725889
1,0.12613576386927536
0,0.15670551063696173
0,0.737529284677056
0,0.7538511569384707
0,0.2286138708763904
0,0.1338420394425152
0,0.13061248415256926
0,0.22093674673027283
0,0.1987071286680142
0,0.13357841926598146
1,0.13743258869153072
0,0.23879333124280036
0,0.3232365657114177
0,0.12900155546276706
0,0.1338420394425152
0,0.12286401742871392
0,0.16208541958869516
0,0.13583740806128322
0,0.12613576386927536
0,0.1338643537466573
0,0.1644729466673608
0,0.1511590161266026
0,0.18125057240144704
0,0.14498183166600803
1,0.7759465983133675
0,0.12286401742871392
0,0.13293542869178712
0,0.16168848109894704
1,0.32667469849193514
0,0.13357841926598146
1,0.6790995197593631
1,0.23136407238274329
0,0.14560829618760365
1,0.15670551063696173
0,0.20847772841378912
1,0.3198324537905723
0,0.12613576386927536
0,0.13357841926598146
1,0.12613576386927536
0,0.13371410590948912
0,0.13357841926598146
0,0.1338420394425152
0,0.14169702863650335
0,0.1338420394425152
0,0.146146153056619
0,0.1614918669276623
0,0.12900155546276706
0,0.15402539427493583
0,0.2346301780361218
0,0.12613576386927536
1,0.633037526257829
0,0.18340228436845177
1,0.6712130791191177
0,0.1707397402120396
0,0.7170950128888451
0,0.13357841926598146
1,0.7759465983133675
0,0.8798619257879391
1,0.13357841926598146
0,0.13253775866227607
0,0.12900155546276706
0,0.12613576386927536
0,0.12286401742871392
0,0.18726112434310885
0,0.1338420394425152
1,0.1318075908537049
0,0.13357841926598146
0,0.1435125751949472
0,0.3048082912831433
0,0.132152953514628
0,0.4379556540074949
0,0.1338420394425152
0,0.1338420394425152
0,0.1338420394425152
0,0.13600472730329746
0,0.16280243126009955
1,0.22986863987939118
1,0.13804978573923307
