target,prediction
0,0.2826459752939048
0,0.016978477443719064
0,0.05313863361078995
0,0.09098819498334146
1,0.4744231278648427
0,0.13040782345924168
1,0.9465075186716476
0,0.00980116304105526
0,0.11471774980497744
0,0.022020678075642293
0,0.025235026963670238
0,0.009128192161390094
1,0.10387338171775365
0,0.095857469473013
1,0.8895439666997729
0,0.027380815251189353
0,0.008465042359639857
1,0.14887272223071996
0,0.028325697127915127
0,0.0373007053927124
0,0.10736039181545601
0,0.3962173225684208
0,0.18422907381394898
1,0.5566420825217205
0,0.01990552899092491
0,0.19885720553969236
0,0.007601116083885942
0,0.016719258150017534
0,0.007131317561322757
1,0.8357141641102351
1,0.07615589005717677
1,0.8728820209511874
0,0.06607863879592808
0,0.03344514998334421
0,0.014337253174421652
1,0.885699557144603
0,0.022512236583002592
0,0.01443545037029714
0,0.013226499362825028
1,0.9728381458026396
1,0.8503027023935419
1,0.9262780945469433
1,0.2215951202336671
0,0.03195671114290626
0,0.0242960960628553
0,0.010581010911878547
0,0.13528620266941283
0,0.05777603460423911
0,0.03805066883844554
0,0.32557730368365356
0,0.05467166347508606
0,0.2733179490263828
0,0.0782558576375837
0,0.04895202396960879
1,0.9587193841752216
0,0.006887891196626716
0,0.35255634517341816
0,0.5501675812258695
0,0.8223249828596666
0,0.003595857068947037
0,0.013924828149233705
0,0.08170084947117552
1,0.9669390285169304
0,0.02582753033967342
1,0.8757817847747091
0,0.49232293566839797
1,0.979535336787576
0,0.15766010720948945
0,0.018982180849607386
0,0.48550745162128195
1,0.7475543889687302
0,0.008809817591027157
0,0.032948172203759285
1,0.6004423236195015
0,0.008704220638787381
0,0.11884498600886532
0,0.005820639832507575
0,0.0049352544068667565
0,0.01442647169603431
0,0.05878698248243464
0,0.11974264414904347
0,0.16826910141886964
0,0.06303009764070848
0,0.026966485695644023
0,0.04403138317441124
1,0.9617224634029947
0,0.004700650179779876
0,0.41268436412079096
0,0.009885753272950918
1,0.458370490632303
1,0.9765318941170561
0,0.20117947538734507
0,0.07726574605998975
0,0.05001477249221312
1,0.9280497023275878
1,0.750006177396995
1,0.2288066858872132
1,0.9231933795462136
0,0.3502882371918603
0,0.09878940408180541
0,0.0020838292729255157
1,0.9457144248702589
0,0.08080864146434708
0,0.014667063905790347
0,0.39462073070864856
0,0.3467454061283082
0,0.0113987282228043
0,0.800120913021028
1,0.627911721985523
1,0.4206400818466988
0,0.01909925888795981
0,0.013419857205363598
1,0.9737730450432216
1,0.018179916303418794
1,0.8233886148015638
0,0.02615952966199877
0,0.03070431532149046
1,0.021001435763682293
0,0.02703030021350007
1,0.459370457518092
0,0.3761846060345648
0,0.04529762905125391
0,0.009804763420018557
0,0.019650339740476173
0,0.35799023445971323
0,0.1596884754975196
0,0.08260083872325706
0,0.012912377070341811
0,0.013888637397038047
0,0.18603298412007627
0,0.015161180529764071
1,0.1775393235227907
0,0.009774295787929231
1,0.9597983659735726
1,0.8849207401097616
0,0.03323719650958729
0,0.021399469444267395
0,0.013381756045555025
0,0.0030218844038717952
0,0.030247714779424607
0,0.05151320154029529
0,0.08340719564417558
0,0.016465471743939628
0,0.006776524850882346
0,0.01128473153895317
0,0.05686332918358234
1,0.8194316069981042
0,0.883987762162051
1,0.1439973928491446
1,0.9441701329708957
0,0.025103317710701283
0,0.09007349305313667
0,0.16443284204882025
0,0.009493920207777154
0,0.03476626941090293
0,0.019905994390323603
0,0.009534430813478732
0,0.01606322984825141
0,0.03247031673232768
0,0.03565065650751977
1,0.8294129185023912
0,0.37777531096031375
1,0.8322006629394935
0,0.1848932311839873
0,0.006078492351443124
1,0.15514282118517653
0,0.07691005256408305
0,0.0074324250173536865
0,0.012581762114865787
0,0.011004750667330669
0,0.0033608158412519727
0,0.12183358682993792
0,0.03048461494417533
1,0.4302890019623282
0,0.3695773856805444
0,0.0170930282143574
1,0.8858405257704095
0,0.007047247589818878
1,0.6605534271312049
0,0.004680178167811013
0,0.01601180122045904
0,0.017185873499693596
0,0.014397777569465448
1,0.7483399607139567
1,0.973545201880143
0,0.025671026473258116
0,0.021056921597938573
0,0.008203231565661703
0,0.10301422864389527
0,0.039865142725118305
0,0.016336945036575228
0,0.007969063068536612
0,0.18370509028339493
0,0.022990030608379515
1,0.8372488767838165
0,0.01900968815927044
1,0.9841781072807018
0,0.021507365811960263
0,0.0067231871339511196
1,0.6547351239585677
0,0.0487919832707949
1,0.9484821147142177
0,0.006107446273625544
1,0.9356370669747321
0,0.04019931075231496
0,0.038772163637530284
0,0.0421497725827888
1,0.947344617264559
1,0.9548090882165247
0,0.011880299496408887
0,0.03979807095081287
1,0.4503671915409529
0,0.020862597016457592
0,0.04216248764538726
0,0.020379476574235538
0,0.013223735691328927
0,0.1290604500454008
1,0.28359996316994435
0,0.013196424299142771
1,0.6528196427017456
0,0.5259174210664271
1,0.7989951808224964
0,0.01336097992978457
0,0.038637802207368684
0,0.14667716075884182
0,0.03636922642701966
0,0.03281256448508004
0,0.024356991094562498
0,0.020362528335660927
0,0.15277414868707806
0,0.18944640808593685
0,0.1303545391327273
0,0.4424952233637803
0,0.050472219570808025
1,0.9610368675673693
0,0.013007224325860375
1,0.9802407265438718
0,0.3663582291773393
0,0.008915744220463132
0,0.02339470000311977
0,0.012636994577818623
1,0.5080298975660924
1,0.8466988224435316
1,0.8190391675262075
0,0.022173523762004595
0,0.36685613291005964
0,0.0033783232081479654
0,0.026721778037592854
0,0.05301168005757685
0,0.03451819455615262
0,0.012628203343468822
0,0.017974120990327302
1,0.7374374560452344
0,0.0075952311546749664
0,0.00466838252139985
0,0.03227838996589385
0,0.01254184555082897
0,0.20876784780910684
0,0.03179279369404432
0,0.03667275638412054
0,0.04651068887821566
1,0.9679769481385828
0,0.03586115465647721
0,0.10368337219779404
0,0.2502430437536138
0,0.1332601469242906
0,0.14768718326111402
0,0.023042425042673106
0,0.02477082582057109
0,0.003369141145482975
1,0.8027315669181755
0,0.010373689537792153
1,0.9839592488824193
1,0.9308345422579732
1,0.449611907931626
1,0.2049538105141183
0,0.040171370123427676
0,0.007269707367332266
0,0.04456316476831968
0,0.005970831702661968
0,0.009028218460637102
0,0.008596245167603534
1,0.9873560469724587
1,0.9501005951084128
0,0.014034558154523348
0,0.6145542156120934
0,0.12916143302394734
1,0.9268274684137999
0,0.032145449930637594
1,0.3310593351897984
0,0.009113583810762885
1,0.9800348691113288
0,0.0033685859039244872
1,0.9791231675305778
0,0.36282756805198146
1,0.5045936845865221
0,0.029020405311310726
0,0.021425377145846213
0,0.018755183048954044
1,0.9461422083283793
0,0.13343107442791816
1,0.0904373467743424
0,0.005959176994503663
0,0.008775097444246899
0,0.2613710530181664
0,0.013266379287816085
0,0.005295030599307582
1,0.9122666558315526
1,0.3988107699623435
0,0.35504965378789516
0,0.026722115013931902
0,0.011071863443877937
1,0.969436439583939
0,0.012726307703683153
0,0.05135546433451212
1,0.29759037935909466
0,0.006969352035326386
0,0.01775263170296548
1,0.9813220019908097
0,0.03611403145399816
0,0.002657746636676982
1,0.9773550310180003
1,0.9692532169095008
0,0.011535507508783517
1,0.7456280136203072
0,0.059464759001712233
0,0.009425059924405066
0,0.8634946560602196
1,0.9294237601648996
0,0.03856670473688652
0,0.06872649426042585
0,0.02580577173712275
0,0.2428652131392039
0,0.010916731470927329
1,0.9281279740145182
1,0.9848924883112249
0,0.14461387937285736
1,0.35342479701689916
0,0.022543525652285217
1,0.3462859451196597
0,0.03268570518982341
0,0.007524446755541909
1,0.8567571027589846
1,0.7574479621235928
0,0.008688567695847959
0,0.6138259426104301
0,0.06831393618230695
0,0.016437571372270712
0,0.4461209190873874
1,0.9407758748888866
0,0.02105006497759965
1,0.7965244307401281
0,0.17980591205510815
0,0.028808628279305148
0,0.03223859434520572
0,0.01211548875318846
1,0.45116100966658534
1,0.8358448627120215
0,0.045588258375461294
1,0.8534108079502569
0,0.005645224943553883
1,0.6912652589081314
1,0.3272941774167444
0,0.03338972646441103
0,0.009731726417643189
0,0.013617189276812906
0,0.007515645293597506
0,0.008287117340904858
0,0.009549247929560915
0,0.009792221296626165
0,0.10847816271421616
1,0.9680948171294027
0,0.021237786958679124
0,0.004808096141632089
0,0.5416231406109366
0,0.03164927191688881
0,0.012457718691334671
0,0.019800144422328
0,0.7898344763067087
0,0.3618313711191845
1,0.9728440667206323
1,0.9844574729782353
0,0.027168322501544395
0,0.13572166227360255
0,0.3734264220550274
0,0.044123405989330816
0,0.03900758490533995
0,0.07138577531871843
1,0.6114857240811008
1,0.8969100482289505
0,0.1043755477732106
1,0.09376982944745824
1,0.9540952905275069
0,0.4558909036108174
0,0.13868067535266093
0,0.021435497601257566
0,0.02109983441462853
0,0.06385096818070092
0,0.015766844340051402
1,0.36280489846585023
1,0.7527575010289161
0,0.08220243578917584
0,0.009991973857825189
0,0.02808689313180751
1,0.8613162007203304
1,0.9382097278142572
0,0.03073958155173256
0,0.40911848137049844
1,0.9380123715289332
0,0.012094680277579458
0,0.005706342656202081
0,0.007803348178055216
0,0.11092478460465353
0,0.0024214368299262353
0,0.007567813594990766
1,0.8869120355552418
0,0.87296886553415
0,0.3604353090623811
1,0.9765982294479472
0,0.06753576845710424
0,0.13079852162186922
0,0.022173616125720302
0,0.4261690476277391
0,0.03141205968321345
1,0.8959623070617447
0,0.027466293313353967
1,0.6714129409495848
0,0.02241286211192054
0,0.048425350573845324
0,0.030025669965139223
0,0.00915527701227606
0,0.014704000969540615
0,0.06128067259189547
1,0.9528045994167685
0,0.030388457671528077
0,0.030132555745611245
0,0.006745148734424828
0,0.12399395391125827
1,0.5871417321268514
1,0.6889030512739537
0,0.04167416431315082
1,0.8769094730758922
1,0.9156773452974373
0,0.02237185957323005
1,0.918259169477105
0,0.1467700100551985
0,0.19993108215356611
0,0.9587193244403873
0,0.017050495481033275
0,0.004859404077835032
0,0.007470066783490472
0,0.010035560257445564
0,0.0372978437271043
1,0.9738183116963732
0,0.009821816647797592
0,0.012395594091266697
1,0.13063897654062717
1,0.9453951195971783
1,0.5409939463156705
0,0.247966113224766
1,0.6064732838334886
0,0.01230922526222986
1,0.9740466085209366
0,0.02175922233552751
1,0.845526664304548
0,0.07058705143677733
0,0.010711094321378805
0,0.17283880674383464
0,0.013746816431542892
0,0.040107844765967716
0,0.0039808691667417625
0,0.13384427481452693
0,0.01646032155454458
0,0.03517229649372651
0,0.05330164641501534
1,0.982090479511937
0,0.04494688588670573
1,0.804545687125489
1,0.9471774852784821
0,0.02484857350801264
0,0.00719607341864332
0,0.01611990206349913
0,0.018895341868547324
0,0.02068627972211818
0,0.012319444439663645
0,0.02262784255392556
0,0.11656632363830624
0,0.00894121594014881
0,0.00618945370732413
0,0.0086276159998902
1,0.954921446185735
1,0.14241838213039928
0,0.11817771017891672
0,0.05798886426112653
0,0.04538886958873121
1,0.7372424412376719
0,0.0757405417938425
0,0.005978536897834903
0,0.16662685922899909
0,0.07157849365895799
0,0.005870825744129489
0,0.02121162885020138
1,0.3434244817873145
0,0.016474240701249046
1,0.9677242364113394
0,0.0030279010935488288
0,0.0035159993455758285
1,0.5597386360358997
1,0.19182862844578
1,0.9910955905813628
0,0.5271239355016478
0,0.03203878318060296
1,0.22425330115224884
1,0.6310319679033701
0,0.15718236439487956
0,0.011108140829356312
1,0.9723291639893235
0,0.02578721372518143
1,0.9471625905495599
1,0.7954729014354311
0,0.2175795514999829
0,0.3781852842805974
0,0.029379461564472534
0,0.006291832213258556
1,0.43351568899407233
0,0.021862007699219296
0,0.02314801510503807
0,0.06682205172279511
0,0.02741416621980287
1,0.1425694986870692
1,0.35884541176847223
0,0.06160549119269446
1,0.7791409260363477
0,0.044115797363991675
0,0.11972861815718369
0,0.04734291693010626
0,0.1496606546570948
0,0.27957097657163354
1,0.9471540580740737
0,0.04684484285027721
0,0.07262043688443161
0,0.0073554872397557135
1,0.7922890434885717
0,0.024156047617001745
0,0.06976804706464228
0,0.023732113876700392
1,0.7075709833637646
0,0.08675147487071107
0,0.0212605706492272
0,0.07054747218948808
0,0.5733517693454497
0,0.7770648920799256
0,0.04388991863267222
1,0.8076846739675024
1,0.2739781164791383
0,0.013408146240074406
0,0.8748802465057246
0,0.10141899054904861
0,0.20637680498749109
0,0.09006634319060576
0,0.016711884690777362
0,0.008643922082137545
0,0.36310778482238143
1,0.02763401908184798
0,0.02433766424288304
0,0.1592293556419578
0,0.011953574511667193
0,0.059467247740887
0,0.014856298822224109
0,0.2973023079928622
0,0.18983129218620912
0,0.01731619275771944
0,0.8475976938018954
0,0.005959426563792102
0,0.28129682235315323
1,0.9328352007399489
0,0.01436941734481487
0,0.49973531295124607
0,0.476455492130008
0,0.010900906881293146
0,0.01682893726558268
0,0.003536448658212535
1,0.8602644948245021
1,0.4688255791572329
0,0.025014344927418313
1,0.9718467435942391
0,0.0035518688542347226
0,0.15245364363089456
0,0.015952990936060403
0,0.03833433939119682
0,0.026962732095005007
0,0.01113686173738673
0,0.038833580908776685
0,0.27463867389861607
1,0.9856976751085031
1,0.49984484208354263
0,0.065172857576634
0,0.0552335856506743
1,0.9517501607087275
0,0.04964172042249214
0,0.036812978781046064
0,0.03162431629376351
1,0.6996205553331294
0,0.06977984165610648
0,0.006837037837775519
0,0.7386384866716362
0,0.022999594509684217
0,0.0040210307456482255
0,0.35863595937732434
0,0.007603145631197904
1,0.6614681438350959
0,0.00960650085232314
1,0.9829492217654309
0,0.9342375995328108
0,0.0430001804438031
0,0.5485816841143354
1,0.8518033575251946
0,0.018477776217178523
1,0.5716741657935506
0,0.029301945238653614
0,0.011549244575750075
0,0.02288496629952941
0,0.03581505292535803
1,0.9064077436168726
0,0.8093249107526441
0,0.02116116641761611
0,0.2964892735865161
0,0.007016951843010878
1,0.43062142512856366
0,0.021722285068364173
0,0.03200650549230329
1,0.5513266686291584
0,0.03172545749836466
0,0.058912067112782227
1,0.3158891103648016
0,0.021679764779055304
0,0.33792264305704584
0,0.005769176512955615
0,0.009103672008348806
1,0.5405471967864512
0,0.4384256886412228
0,0.056322724722003996
0,0.736436728086514
0,0.010003865800857258
0,0.20035353141716106
1,0.4315375790978771
1,0.8839586897546308
0,0.1447383786501297
1,0.4784549450280685
1,0.945349430440903
0,0.009776163128721673
0,0.13196778287491803
0,0.018114390518248848
0,0.02463139332192085
0,0.03223578132541224
0,0.006741263687826689
1,0.8719196534047333
0,0.06765659754867118
1,0.44955413695254376
0,0.7406115620966546
0,0.7984367178731655
0,0.011873921200901156
1,0.5985891990497352
0,0.003868803479348655
0,0.03082075794221497
0,0.008380294896665247
1,0.8925326215841262
0,0.005837481428479055
0,0.14565544512704878
1,0.8774484930289427
0,0.00850179217953238
1,0.9473463686096729
0,0.12122631640785073
0,0.01029437273689833
0,0.036327348439709486
0,0.02348253128650339
0,0.0031821732083102045
1,0.6431743381028778
0,0.7831842423507466
1,0.827402330712027
0,0.009044567992109787
0,0.6139974556719416
0,0.009841274168949109
1,0.7922890434885717
0,0.5897940952813435
0,0.07392677917799192
0,0.7199856547023515
0,0.007720455307128681
0,0.031484649745794666
0,0.003762766593672615
1,0.38895335669830033
0,0.28355886688168075
1,0.6039199161220405
0,0.026186430944277
1,0.8908007133660576
1,0.9567048638152339
0,0.03268321123137918
0,0.031680890952975244
0,0.06121450158621157
0,0.023144768323062285
1,0.9753195538347169
1,0.09611355180998346
0,0.03882664284647007
0,0.03343475109173167
0,0.008648831624350027
0,0.6302969444399853
0,0.029098544496483015
0,0.11888000482633977
0,0.0017851634681947085
0,0.06247538446717386
0,0.02449382461033584
0,0.5742598643987369
1,0.8720476980383928
1,0.23315265458760528
0,0.05111453932343997
0,0.04210008530284523
1,0.9098333491791236
1,0.5907707730675675
0,0.012267579086061067
0,0.02324442513155853
1,0.5380697026850856
0,0.5987648154169085
0,0.22090058383893638
0,0.43556476714513126
1,0.8841148344226514
0,0.012421957012310024
1,0.7174500185957555
1,0.9877141412803924
0,0.04864314509688933
0,0.2882578397093985
1,0.8549535750317709
1,0.9360253620591342
1,0.981994479779654
0,0.061531910092116074
0,0.09929756793445732
1,0.935531399952937
0,0.021310603725062976
1,0.37381826806504
0,0.017418096751228768
1,0.7353000782408188
0,0.0566542682748031
1,0.24846193429971083
0,0.008610156817572524
0,0.1264173860983373
0,0.008447718509192738
0,0.01902622574367728
0,0.0021601970352141805
1,0.6435187219570381
0,0.0480631543567673
0,0.008669506988835809
0,0.008211886190206321
0,0.08216399742123894
0,0.005162869232893234
0,0.23295923871982915
0,0.04724074050975997
0,0.04030612552648164
1,0.33189558661479224
1,0.3485161351771685
0,0.014435597103570667
1,0.9571119714205601
0,0.16540835425658554
0,0.06215063573806217
0,0.07530635647251949
0,0.08867830625564181
0,0.02683902146474295
0,0.015454547244600507
0,0.007716868375810413
0,0.0023825435125682934
0,0.007570167959373801
0,0.7230162976494037
1,0.9653909352840314
1,0.35060413348282704
0,0.010614867088083403
1,0.35792192156020075
0,0.027364746447979264
0,0.007413977913112655
0,0.04328460843014912
0,0.037633527305065334
1,0.933836290378858
0,0.06691831369999987
0,0.008521205084850453
0,0.06652164104938894
1,0.9780340028778043
0,0.03545978400086285
0,0.018721559019135255
0,0.9803518434039364
1,0.8397167426458054
0,0.12611060453505182
0,0.33969521690669946
0,0.18070749117028165
0,0.09772565244869737
1,0.3406925654151525
0,0.007811391381248989
0,0.02089993248584156
1,0.238387764537165
1,0.24232760522325203
1,0.4104742948373259
0,0.48070350894948966
0,0.9334232705678441
1,0.9367265840896013
0,0.016024673920353654
1,0.7018092173995661
0,0.034734551153260886
0,0.02836076972053226
1,0.8978955050075317
0,0.7349277151859516
1,0.6831523355169528
0,0.18113068838876767
0,0.07135236601260135
1,0.8809992071416661
0,0.007625447425845292
1,0.6244207464240626
0,0.029974319420056548
0,0.05824845972855982
0,0.037271180869246905
0,0.029102529856792677
0,0.009013141996982185
1,0.7783012206261608
0,0.03622390213341341
0,0.013955860150914497
0,0.006892213924890317
1,0.8565037150443939
1,0.9229967494723484
0,0.016980568728920915
0,0.016425795121105438
1,0.982798372842707
0,0.05085454301668585
1,0.49751741479671213
0,0.013571105809832337
0,0.015117402604868886
0,0.006254195247489443
0,0.03736689142145828
0,0.013049135575396317
0,0.6704964234242111
0,0.16376121598230312
1,0.9635953358602907
1,0.9600472815735093
0,0.19022914130750834
0,0.054061097138803894
0,0.04766492665802545
0,0.22673839205778096
0,0.006083735424835544
0,0.038732412824941734
0,0.07276501423495578
0,0.013098115376471639
0,0.0474478740275732
0,0.028049530273423454
1,0.8068684325705323
1,0.42267451227916997
0,0.042971426380934014
1,0.8958693854439655
1,0.9088881546750522
0,0.46454974535519855
0,0.7522285441090933
1,0.9867254518062967
0,0.14346949113970783
0,0.017248803385765992
1,0.790165346028706
0,0.009739638175538703
0,0.00951308903505248
0,0.6388306558750884
0,0.020661917842525433
1,0.010728582623657244
0,0.009538945045041429
0,0.008286561392877586
1,0.9692284220671632
0,0.022985544813903466
1,0.8451479599633294
0,0.00685360323625389
0,0.009086856554790662
0,0.021460216574094963
1,0.1395389022411352
0,0.03756123776165283
0,0.007474952741659314
0,0.017843745161878838
0,0.11187015418842912
0,0.04694858353197475
1,0.8785573901726399
1,0.9303253230171707
0,0.019354233767665607
0,0.008364141540669048
0,0.05892758148391001
0,0.007370220004160474
0,0.03661637186821701
0,0.049413870197580215
1,0.9786261947603367
0,0.01368048274799043
0,0.6196092839286278
1,0.9683280480422773
0,0.006140757376288328
1,0.8338778907263706
0,0.08067889814163522
0,0.013850154183132384
0,0.3514549686093431
1,0.47796340503631424
0,0.031910746372468615
0,0.008228192366951522
1,0.772613101556743
0,0.09069245309441212
1,0.9473627857346096
0,0.012771720708961426
0,0.012302661560613883
0,0.8829594313065148
0,0.012576229072631338
1,0.6718095640374789
0,0.08011024325067154
0,0.01286389700043712
0,0.00698090153322798
1,0.1639031054472742
0,0.016321309227782747
0,0.2780980451908355
1,0.4077030940624484
0,0.03142027555451653
0,0.16658459668613534
0,0.0075551267392676615
0,0.3973867841830607
0,0.0805853847169088
1,0.9739972618909838
1,0.6682012831677534
0,0.014162426488490611
0,0.12395689874625326
0,0.004728268227433337
0,0.033744504731455176
0,0.010424590399046842
0,0.008506585775844665
0,0.16886954362208384
0,0.051941406619275036
0,0.024918507096930862
0,0.013586601674134507
1,0.723063267855395
0,0.015017312726906441
0,0.3969008969310586
1,0.5813301134203552
1,0.9758473844577273
0,0.011056316168882443
1,0.9713482637030493
0,0.06157751521299843
0,0.011608436516201158
1,0.9071023585923463
0,0.34184507275323656
1,0.6236036903176957
0,0.044687064177469565
0,0.010212387139371603
0,0.04914667281594242
0,0.019218038049779958
0,0.014483764741377277
0,0.015518309424273404
0,0.052336119191211394
0,0.020043892588605037
0,0.10902055852101089
0,0.023117208438472044
0,0.03747270097316692
0,0.7204624427499842
0,0.09138741019261908
1,0.7807910045451966
1,0.951205566530997
0,0.7360201977436329
1,0.3762727613301022
1,0.5579500511148469
1,0.04195992510699246
0,0.030581514897381857
0,0.039581150208429505
0,0.08169975575643129
0,0.6181432552011452
0,0.037142253993975846
0,0.8826680737831374
0,0.254129850329774
0,0.04134113523861773
0,0.07720019232008203
0,0.22446782534388388
1,0.689013388335912
0,0.04758853411408104
0,0.10396660783789918
0,0.06343748131557345
0,0.022871093939267978
0,0.11958747098764262
1,0.8971551062933205
0,0.00961288505936661
1,0.981605115070938
1,0.9852388270701659
0,0.07291527777331375
1,0.7865195319993018
0,0.025046115539508786
0,0.03401378002019308
1,0.6249688185044407
1,0.8520888565657782
1,0.7017676758693292
1,0.8950293701457359
0,0.929497065305095
1,0.6906984919440061
0,0.0063170948120630215
1,0.9040340792097399
0,0.004222511369017367
1,0.5470776911771208
0,0.05252247014408817
0,0.021485000409721483
0,0.17463581103861123
1,0.24861381301533675
0,0.011700963944219038
1,0.15431395870000464
0,0.009359582730096393
0,0.0341840948727853
1,0.9570117639820003
0,0.005898671230368986
0,0.6732326131181929
1,0.8101667478474527
0,0.3363824874162039
1,0.8580438569404454
0,0.011569585643092156
0,0.060842610269298505
0,0.0340212871988728
0,0.009253089762745772
0,0.02508633026189529
1,0.10365848111650193
1,0.05110451525131703
1,0.8387034232558392
0,0.18292679146699697
0,0.39027551232527413
0,0.05743504875369842
0,0.0105629611091935
1,0.7971375419031622
0,0.03532538758319259
1,0.9782534770623089
0,0.0033553960187663987
0,0.013599662948476306
1,0.2407084389783545
1,0.9772006353437448
1,0.8974351041142637
0,0.056421585485104064
0,0.043885950213039024
1,0.9578908327150754
1,0.6452808645622532
0,0.08798244368241807
0,0.02277846898519307
0,0.03143416205651136
0,0.023671179484174
0,0.23340221217479123
0,0.06076524176960651
0,0.028609797455131286
0,0.019695669267982503
0,0.06003100009046058
0,0.37872658061785436
1,0.07161541163850726
1,0.8884368432339549
0,0.009032348495264983
0,0.005531556007720211
0,0.08314176984715757
0,0.06414589632659012
1,0.9838553669574504
1,0.96327422561295
0,0.008493109618053817
1,0.04729360561446198
0,0.007478625380645585
0,0.02071641126572585
0,0.05317051518710772
0,0.3588196630495847
1,0.9140913821651288
0,0.004028106833177126
0,0.021076294136646127
0,0.05685968556644779
0,0.02782463668172671
1,0.7797600727154815
0,0.016987946751924828
1,0.1894221210527709
0,0.009834709879037014
1,0.8141390888191712
0,0.02317664694230536
0,0.014912446996244229
0,0.040142184916668676
0,0.019619136275075492
0,0.03789723075073652
0,0.03489906111167596
1,0.848070010946329
1,0.9032966712856658
0,0.09343232139312248
1,0.5624953685044899
0,0.006032735458614337
0,0.004128597526164187
0,0.013417332260615346
0,0.022714049668102535
1,0.21743338455446162
0,0.005718785472383226
1,0.9411945424431776
0,0.012285449040235754
0,0.04748499120986052
0,0.12324679118877675
0,0.18591586743006183
0,0.09302284744021357
0,0.007927969048077018
0,0.05525949818124792
0,0.008952541860726295
0,0.2312713194583445
1,0.9517169532108293
0,0.013304390627635094
0,0.013667600761968265
1,0.9451331176219534
0,0.06118866918608452
0,0.006525805842361712
0,0.026242081997192558
0,0.033173554481540767
0,0.022000338878636998
0,0.07772062554082827
1,0.8543193277063088
0,0.010437596804427258
0,0.008730588617973952
1,0.5034781242161847
1,0.8799371455949682
0,0.03307724967774096
0,0.02191961900559551
0,0.00865210047059666
0,0.09188910217259574
0,0.0065529328093293
0,0.1575177183731044
0,0.7911814222022322
0,0.06497717445893406
1,0.9024681624256226
0,0.4351492910442331
1,0.9481999605012458
0,0.24246401088404007
0,0.008753150972789761
0,0.03263438349083167
0,0.008272018577523174
1,0.4183713128238962
0,0.008571360321324295
0,0.27739779470504855
1,0.9489403873234622
0,0.02068269566539977
0,0.7093769777535958
0,0.02162503419323783
0,0.06871857607618885
1,0.1347292021263128
0,0.06802731354752371
1,0.1694336362364858
0,0.13232112534550936
1,0.27068018143837
0,0.00677041986146952
0,0.13658125732628884
0,0.008679488415115861
0,0.011743687289210549
0,0.011932663247594762
0,0.005818138939704107
0,0.02658669499316842
0,0.019641052771416704
0,0.08814585330491867
0,0.01862701711147084
0,0.03202341490346148
0,0.008853534591689907
0,0.06001638454022605
0,0.07778865271483923
0,0.08910947746200819
0,0.01569477226206535
0,0.18275967804491022
0,0.047817612835885516
0,0.02882354511825087
0,0.01609710374112567
0,0.011305145886417556
0,0.3309132897399185
0,0.04490885055996998
0,0.011042351616311353
0,0.5749617828056033
0,0.04098142266747798
0,0.021346986067372294
0,0.016018303496292883
0,0.017216202922498022
0,0.31759940459713154
0,0.00380399460981127
0,0.018288450344090938
1,0.9598771235661103
0,0.6547953751559801
1,0.9877374618123113
1,0.07363077427805426
0,0.026893613252553822
0,0.007487956784701409
1,0.11299527440265164
0,0.013377016477850806
0,0.03633579131329438
0,0.7989951808224964
0,0.7197561985439708
0,0.014120355790440298
0,0.04801229389963164
1,0.9710187813402287
1,0.9317170421562059
0,0.030409702976335534
0,0.007386534855990261
0,0.05152104572678135
0,0.1300228508021032
0,0.236831042743448
0,0.018704640950363408
0,0.8389554744324219
0,0.007470471668390347
0,0.05827665906897516
1,0.9383853534260143
0,0.016336143716438854
0,0.25622388517668043
0,0.020343548766781173
0,0.0751211559557844
1,0.18169712506806449
0,0.0027551002707766467
0,0.008691636823412409
0,0.07028109259797567
1,0.874439165178762
0,0.049557804222225
0,0.010972261876006511
0,0.03307559042961206
0,0.2744757052893358
0,0.16225561334088506
0,0.6053485662294634
0,0.014884089177813508
0,0.47183899155152237
1,0.9732450005850282
0,0.04573005611459447
1,0.9671216533806289
1,0.2850718288526899
0,0.00624550915888216
0,0.8635024944768617
0,0.01799914046700404
0,0.05701508073874928
0,0.06710390225992693
1,0.32594966571824174
1,0.02885866651699651
0,0.0736695454734622
0,0.05996067541717539
0,0.015409614444901592
0,0.4873087802364662
0,0.008365939594869535
0,0.6029412862020814
0,0.028107418830639417
0,0.07744938658248926
0,0.008729077538583485
0,0.1926569250638698
0,0.09601195079752912
1,0.44598222957794575
0,0.06646306544750617
0,0.006453663469142344
1,0.9040203281721204
0,0.06047264827357286
0,0.5918187240965319
0,0.019730332350500084
1,0.5386893536316054
1,0.8853477938136508
1,0.9681686040778807
1,0.9661978793871825
0,0.08334343465154463
0,0.01250117455801048
0,0.04556151621926955
0,0.01704064156158959
0,0.31344956607758034
1,0.8753260516718228
0,0.008780830959485212
0,0.04194321288951001
1,0.9773836244472396
0,0.18317925465337606
1,0.6069847049194047
0,0.058203957704803064
0,0.06960051429353425
0,0.5568903706988748
0,0.036420316194826115
0,0.009499998685222378
1,0.7358809704252118
0,0.03824526778194634
0,0.01417986075822528
1,0.5013802405139768
0,0.03519514881631727
0,0.026936350923928327
1,0.13132503526937103
1,0.9274043059515249
0,0.17206484475949585
0,0.006060830957923983
0,0.5119605566509142
0,0.40161766519528935
0,0.10183133587898503
0,0.009761701228247403
1,0.9232642813765701
0,0.3820947430185013
0,0.21578534003218872
1,0.47914190968711357
0,0.024558013932242845
1,0.4707072208453695
0,0.4128418922496354
1,0.068956510524534
1,0.27496484544075905
0,0.00266648173916752
0,0.015864289828947834
1,0.053962684400509345
1,0.7149646061139259
1,0.7710416768495433
0,0.05534374352870871
0,0.03433315564456721
0,0.13246000652484444
0,0.0072718382628790944
1,0.9588854612045242
0,0.6201239395666703
0,0.018132451810997617
1,0.9615010011570132
0,0.14094038441506057
0,0.649610297320683
1,0.9539684319841688
0,0.011513346878871834
0,0.03340829562390583
0,0.6961174826905069
1,0.09330129705607085
0,0.4145682387592481
1,0.2575907581441951
0,0.07410222935656519
0,0.06884128690908016
1,0.8748957783145033
0,0.24302424093868835
0,0.030135842797023193
0,0.0365480822423055
1,0.6935801212179885
0,0.03214063990759789
0,0.037371501640340046
0,0.008639991000434824
1,0.5247007309118292
1,0.907241192986697
0,0.017411319440914556
0,0.03406278419385722
0,0.06547870412293805
0,0.05003745527606125
0,0.10579746269613215
1,0.9639974912411049
0,0.0905837543758359
0,0.1840261604851056
0,0.2517116750878078
0,0.010143590725515916
0,0.10442497609379665
1,0.9765845994448399
1,0.12670087324945256
0,0.02061458964165672
0,0.029886419986398734
0,0.009309075584633113
0,0.5721107003855728
0,0.008091270960825651
0,0.042204410651960726
0,0.02281259386790031
0,0.867590003090078
0,0.43219142157493984
1,0.9278470198021812
0,0.003365687922812582
1,0.9414190134204896
0,0.15971570116005618
0,0.2734435952853996
1,0.8288910661953302
0,0.01769797734468733
0,0.0865541675540415
0,0.0032426847985564666
0,0.007925394540566892
0,0.0293363310072428
0,0.09864795274817376
1,0.8727449042077071
1,0.9815647693379917
1,0.6429524806586209
1,0.805309421639011
0,0.03613470121600003
1,0.8310411468283546
0,0.02227632781348549
0,0.08920965109177963
1,0.012255957677348715
0,0.014390613854471213
0,0.01806375875808598
1,0.9788750971876399
0,0.6647554645966893
0,0.08795773120837197
0,0.7212249925436439
0,0.028887051240945434
0,0.0050602938153790095
0,0.026962340365712864
0,0.026897481778876107
0,0.023396396743755495
1,0.6000225044468002
1,0.9724638167711316
0,0.43614269659076416
0,0.02071772273605021
1,0.033142109211528964
0,0.006837122143271651
1,0.5648339867030474
0,0.06989051145440463
0,0.014604916315762755
0,0.38051560854106514
1,0.8779162754109596
1,0.9611891975636331
0,0.061327339115218364
1,0.9605699721432822
0,0.02795002888708896
1,0.1653676901545168
0,0.887089986208556
1,0.8709065977169252
1,0.9859689019678004
0,0.047799681278956035
1,0.8110955931080277
0,0.018017638698318125
0,0.028000301228708245
0,0.010973061588352274
0,0.04680795086619295
0,0.009604408497787565
0,0.028711340291684637
0,0.018047909579049806
1,0.8933376797921969
0,0.018510328485833956
1,0.9797292567169338
0,0.018925762099584527
0,0.06952019034043645
0,0.29264985449745096
0,0.020778269687140784
0,0.023170082979278264
0,0.15475491872562475
0,0.9449829357516728
0,0.018848438381022084
0,0.7797070634928995
0,0.05944890125663491
0,0.12297657819514615
0,0.02531464978362551
0,0.017436681851932936
0,0.04700465394476286
1,0.765250078487041
1,0.19958406756518074
0,0.6164755611237248
0,0.039789781926088855
0,0.009791191627824327
0,0.015607543087258915
0,0.022339838090627017
1,0.581701722804829
1,0.6591355469311798
0,0.009047565154342047
0,0.011431492321597429
1,0.7692101582799946
0,0.12739898384536333
0,0.00484621265363412
0,0.02142264391021386
1,0.90194847797925
1,0.8847440379706607
0,0.008039807117836103
1,0.408867435026051
0,0.05181131977892509
1,0.04167124687558409
0,0.028354774618838938
0,0.3479948224876269
0,0.011915450942410399
0,0.21508316108530431
0,0.026581643826765516
0,0.03041732945868095
0,0.008563847548128768
0,0.03192159381903881
0,0.007823996051156128
0,0.004073777726280513
0,0.027446494400771813
0,0.011607764610790654
1,0.8930326759930667
0,0.0347173287393136
1,0.9691378827821008
0,0.0353988810506507
1,0.012285405392311743
1,0.16511759538084975
1,0.9413073208197515
0,0.05599469499032544
0,0.015621289383398037
1,0.96333073236277
0,0.04520373825329703
0,0.09761978051120788
0,0.04207998316525847
0,0.0062868053329895035
0,0.009053171773965498
0,0.5473635617894613
0,0.019996380253358034
0,0.1286980145351642
0,0.00978111380072051
1,0.9233778201734524
0,0.030472188426821256
0,0.03524307082264938
1,0.6735059905167933
0,0.08911917340049981
1,0.8807676471317918
0,0.014514642586821388
0,0.6206901610453991
0,0.03247115795682703
1,0.07974242712213662
1,0.4778560567439412
0,0.8848433111221884
1,0.013404983340738134
0,0.15819502226697024
1,0.8663430748581812
0,0.02628982074143667
0,0.08869794773156196
0,0.04101197091010853
0,0.6819078909348072
1,0.970830690302841
0,0.026722036925659158
0,0.011110851070352399
1,0.5014222814845329
0,0.03363071009439579
0,0.005336940827836496
1,0.12726445078795098
0,0.015454061625244354
0,0.019307061771095313
0,0.21152583138353773
1,0.9110587834993615
1,0.8478031717877893
0,0.0215394384913151
1,0.9516624848339988
0,0.02018821688844663
0,0.27842376333349955
0,0.01729608216655618
0,0.022405331317311563
0,0.8149861073172054
0,0.05463649241984573
0,0.021444124883672155
0,0.02272340586631785
1,0.8897747694154996
1,0.7663207072254422
0,0.005012500798286262
0,0.013255350137327586
0,0.029127114397805028
0,0.7088366739921892
1,0.519298637716931
0,0.03848189716528785
0,0.013099960565104285
0,0.06503635980825871
0,0.01901560019563526
0,0.10313598772098585
0,0.013934430603221094
1,0.010919797868508259
1,0.9246286576219352
0,0.0049352544068667565
1,0.9457822933937885
1,0.9175747785895219
1,0.9588936281908881
0,0.01510963574589548
0,0.00712938060716566
0,0.06502123913063217
0,0.7974741742854526
1,0.581503326357653
1,0.5701211948828186
0,0.007122059395620435
1,0.27148267142836446
0,0.02586121597275018
1,0.23615159812510614
0,0.024428748906974315
0,0.14034685619164497
0,0.8410188227048744
0,0.3819173829803514
0,0.06303473096864359
0,0.32392239192965777
1,0.8334592341428185
0,0.010218007685130792
0,0.01152402744414425
0,0.039628399770637195
0,0.009079726781809893
0,0.07298677691041587
0,0.012776638608025448
0,0.07807263988027509
0,0.012915210764698511
0,0.031178169256710183
1,0.7867356884089787
0,0.021818906883558305
1,0.8413823704403668
0,0.01747429766608047
0,0.012961301681269183
1,0.18514481033590235
1,0.5334302804343408
0,0.02609001647053394
1,0.05827957054509796
0,0.019714643586290288
0,0.03628797432410253
0,0.43020513513610203
0,0.027313197705936442
0,0.012406889010874732
0,0.008905741311343269
1,0.6650122279576397
0,0.4990540556424908
1,0.5806529145517376
1,0.1400296700883459
1,0.8035043762284066
0,0.06474669723768427
0,0.8514838850676986
0,0.020289024932628994
1,0.7269675357280186
0,0.059420007588687276
0,0.031029855389025814
0,0.053417841796148925
0,0.017539361160868856
1,0.9345069684475474
1,0.8776187799438485
0,0.05434769711220467
0,0.005991395246853043
0,0.011838580437162275
0,0.017493165590077037
0,0.03995138408002876
0,0.02867392353348081
0,0.027773241810151665
1,0.9655482841324841
0,0.11708144480123421
0,0.015926802166509914
1,0.6385743929294906
0,0.015234289557487787
1,0.21436091545735503
0,0.026560546201176764
0,0.7730488833262131
1,0.6618032836622412
0,0.05549188309468587
0,0.24017370836454222
0,0.012376614040329132
0,0.1803874260277573
0,0.02746588160407702
0,0.00439266427613397
0,0.03679685415005959
0,0.06352716949042848
0,0.022676018619193012
1,0.9505771942051577
0,0.014587320777370856
1,0.962895427469334
0,0.04912438141514384
0,0.007325841677132768
0,0.012789092360646048
0,0.01437358000384287
0,0.030454301143270086
0,0.004210476484152616
0,0.03967730362056109
0,0.02290475071716664
0,0.9302843980161558
0,0.02085157591439853
1,0.987733109990127
0,0.27600442193970526
0,0.010488351560290331
0,0.00944105439799654
0,0.035927660010305305
0,0.7439436424531175
0,0.09060234717946618
0,0.026095081470360233
0,0.02858264213172701
0,0.024164034101782802
0,0.028014963638564074
1,0.893548363722514
1,0.7237033070390507
0,0.010040193093260109
1,0.4564098525067481
0,0.009999609856067255
1,0.7148724876281446
1,0.8147479328123708
0,0.031009920571661118
0,0.005018945074666435
1,0.9367761055685023
0,0.01000280103680853
1,0.8383601702978265
0,0.6239321282920579
0,0.08816401502801526
0,0.22846472495554163
0,0.8458130890120251
0,0.019863758772291566
0,0.019930948544774507
0,0.012817899878311893
0,0.07371990206573399
1,0.9710720575967419
0,0.11226164970635022
0,0.8580353968305385
1,0.27727216933069226
0,0.047814358847925224
1,0.09638738942726492
0,0.006366051086254503
0,0.012264183816089567
1,0.6457778566627288
0,0.02146547799193802
0,0.04486394002524893
0,0.8241007345071599
0,0.02133771157281392
0,0.08090469845851926
1,0.9540582991017114
1,0.40969707483184364
1,0.8211279222591242
1,0.7964620457372587
1,0.8092965673472692
0,0.17967840534117352
1,0.48562904390331335
0,0.014001972576024636
1,0.9663747914059382
0,0.43726468725328865
1,0.9593034414456894
1,0.44557650544132427
1,0.8196959641835765
0,0.0678244801307631
1,0.7055615302963746
1,0.7433675068908264
1,0.6853830677775878
1,0.7047008706368871
0,0.06821656175685378
0,0.035496684727556224
0,0.04091378585462196
0,0.025439898807980654
0,0.14586123659752936
0,0.004569419827066634
0,0.04432358456213898
0,0.227266210858632
1,0.5688948485578125
0,0.012282781582833052
1,0.0951188381075321
0,0.013777579542135408
1,0.8458171114313868
0,0.04694388732882331
0,0.6134768638230437
0,0.5590333469970772
0,0.5078067258209739
0,0.05994095926449019
1,0.9703979793811074
1,0.6010640263518097
1,0.891842142353045
1,0.6181894794385726
0,0.010451335451049185
0,0.09685528623082693
0,0.020905046501237513
1,0.9743969700425932
0,0.009814480486402644
1,0.07650221446412736
1,0.7911822565995555
1,0.554815936054227
1,0.87282887673251
1,0.7925671126844748
1,0.925474940261899
1,0.9849316276842978
0,0.009194959782029149
0,0.2543890716086709
1,0.36792834888814213
0,0.18273609392965642
0,0.3756442044527726
0,0.021620243165735745
0,0.04172466624405174
0,0.028559233034450886
0,0.01523043687854452
0,0.029835961655148836
0,0.01742154280329201
0,0.016331105534855384
0,0.005276665939604305
1,0.37588493364293335
1,0.9268270754021625
0,0.015315453581993578
0,0.011844489502102467
1,0.9489722839214516
0,0.17245017055346074
1,0.07265305770912385
0,0.0156801172710909
0,0.010171313735512314
1,0.8429460563454293
0,0.010268061774598719
0,0.09128998387890509
1,0.09774043552286721
0,0.02559661476166415
0,0.04786034688435603
0,0.006830622711692858
0,0.4054147432941767
1,0.8207494634091752
1,0.06517411048041218
0,0.016688901366599642
1,0.9396540727035144
0,0.009489264682445233
0,0.02151289200079185
1,0.01573968874465147
0,0.01955477646195471
0,0.007296285908972901
0,0.48452354792610564
0,0.010691166016650572
0,0.027732214979084593
0,0.7441217608402154
0,0.12427425108021217
0,0.011454222293297893
1,0.9630048636838063
1,0.8633704738756703
1,0.3685965998764225
0,0.18927833990351123
0,0.006612460434469097
0,0.020722025295726476
0,0.012539875485694919
1,0.8869466391708576
0,0.03603875663679208
1,0.8418697406339689
1,0.9730413328422756
0,0.030109181278764236
0,0.008087379707509444
0,0.5274941091331881
0,0.09922448123775574
0,0.007004765266039458
0,0.041253655394303104
1,0.9144618884526079
0,0.08142652733672409
0,0.04529762905125391
1,0.9088371101250984
0,0.046709404993058
0,0.00597365857995835
1,0.9569266350675225
0,0.05841151695268415
0,0.903934324247354
0,0.5968664213129283
0,0.012638254110493014
0,0.025974527377475493
0,0.01036458190286873
1,0.9629933935368359
0,0.02028774482906163
1,0.9851290947515731
0,0.004796851889689258
0,0.016933276558746727
1,0.13888232434874245
1,0.9854036547016599
1,0.9787086297289683
1,0.7072647027631128
0,0.007827909675492347
0,0.008089864408201065
0,0.01933088990207706
0,0.005607374211508886
0,0.03380557832638894
0,0.010252357303849826
0,0.021413606895833746
1,0.9654137799876701
0,0.0045522807442908535
0,0.012333766337325615
0,0.05420296033759543
1,0.9796943245952668
0,0.023620627024545364
0,0.02660211703859996
0,0.006122457425211846
0,0.10543753936407975
0,0.192908709679955
0,0.00929545294423914
0,0.17323401581176368
0,0.00567127050389999
0,0.016748803668529013
0,0.4577563166611704
1,0.9677841534387038
0,0.7625215145470131
0,0.010839381582258976
1,0.9430858016996948
0,0.03783356001648527
1,0.5777840178156711
1,0.6903739770581345
1,0.9374029079115671
0,0.28059020835208914
1,0.9295554619071722
0,0.016299362440380695
0,0.03703185359874417
0,0.05666723330876871
0,0.041842852035593875
0,0.7481770703425648
0,0.009027909515321023
0,0.48722538793101744
0,0.2550559720487714
0,0.01911510302008641
1,0.9476147871453504
0,0.2295683001229883
0,0.16713026106276724
1,0.24312903362343471
1,0.024269473396453967
0,0.031229656315547402
0,0.04478556016649034
0,0.036214240248724036
0,0.02572818374772203
0,0.00867154958380662
0,0.01927003667514821
0,0.04434831623415016
0,0.009525095427942184
0,0.2886810023312198
0,0.015278526104226505
0,0.014689629538668555
0,0.005352283588714053
0,0.12800290726801095
0,0.9131938809559044
0,0.025867411705215247
0,0.5919275110567224
0,0.01069094570277555
0,0.396179298802588
0,0.00727386477193034
1,0.9725619688462708
1,0.44903276383204277
0,0.31232356600701394
0,0.03430561148379474
1,0.7801439093336618
0,0.24098854108138848
0,0.021820733357556365
1,0.3841825591398968
0,0.019466690815982086
0,0.008613410756513264
1,0.20434506827435378
0,0.01086463785387104
0,0.3049445575359589
0,0.018778135261393276
0,0.017777825653540844
1,0.9608534181424149
0,0.7300275332291322
0,0.0402267599387124
0,0.00964661962535943
0,0.06038938870008253
0,0.17651638648942047
0,0.5296405636891567
0,0.0532172297449472
1,0.9672487175327653
0,0.01795941732921034
0,0.042469142505641364
1,0.954008754581421
0,0.02572690947813682
0,0.03181024270409872
0,0.297514873138953
0,0.022314786527778064
1,0.5161798286161429
0,0.019029103318540592
0,0.037807827097118274
1,0.46707972968164707
0,0.5277702294431114
1,0.8357600339976065
0,0.002347568049017444
0,0.01969157005743663
0,0.569328740205393
0,0.00828833668014968
0,0.0940885974398927
0,0.005389086794073187
1,0.6248154071592802
0,0.013251303697047101
0,0.03281355776951751
1,0.9673678692358842
1,0.5861936673723797
0,0.017998533819439055
0,0.009505447878032144
0,0.013474887556662601
1,0.9087062643953852
0,0.26372130170515223
1,0.47084640411317885
1,0.43851880484863665
0,0.038983297846120875
0,0.3058010718841437
0,0.05545908274590842
0,0.044235028059987955
0,0.014525719508964991
1,0.9615644878004707
1,0.9533110358891608
0,0.004360384895368876
1,0.10062608309676337
1,0.11187015418842912
0,0.01102041127091959
1,0.46294522796512
0,0.02243694222785244
0,0.9088039759070013
0,0.2976951716168985
0,0.006454112333297666
0,0.4783892205526718
0,0.2529312463119346
0,0.01922844814079071
0,0.9029600365719268
1,0.21270544945022582
0,0.03453797285891034
0,0.11192354053484424
0,0.24328209386651428
0,0.5404287341419096
1,0.5738899737079479
1,0.9598942919803515
0,0.06135624846844468
1,0.9023943733898245
0,0.02097440909332761
0,0.0617537706857613
0,0.01975546150015623
1,0.7508939234250015
0,0.015445914043118064
0,0.01201693506220766
0,0.01735683642383918
1,0.439777979095596
0,0.027380815251189353
1,0.9095497035980502
1,0.28318903295954917
0,0.08516286715267425
1,0.49919397930741205
0,0.019620646629975425
0,0.005249995380372164
0,0.0235705132050024
0,0.01657914349275469
1,0.5561386808894937
0,0.8262301089931144
0,0.12041260821576577
1,0.9701990150692289
1,0.9769220526206742
0,0.06345099047534163
0,0.036606973758446334
1,0.036259100170310886
0,0.012190374937081385
0,0.08652664769894353
0,0.014127090077952209
0,0.3771456812117416
1,0.9356946711728357
1,0.4668857902515277
0,0.3635781273359261
0,0.38314582063714014
0,0.018921334954400286
0,0.07406115966330476
0,0.030689286143937
0,0.23234207678228402
0,0.007825918466753309
0,0.01226124859767147
1,0.9840393286141567
1,0.9750601008323426
1,0.9522652197158495
0,0.023545012828085264
0,0.010721368256142396
0,0.02400819978361888
0,0.4387222857769579
0,0.0698702623682368
0,0.008962911815859665
0,0.014079750910340671
1,0.19268013262326922
1,0.832297366024292
1,0.8358186888669232
0,0.03979301784194703
0,0.28298696147308755
0,0.012040753647047184
0,0.03533940647350265
0,0.5144466775917816
0,0.015594804306422707
0,0.0099053545625755
0,0.015011385029983539
0,0.02966533803063255
0,0.006507460366854587
0,0.009986591687932098
0,0.03636078168971081
1,0.4585307180238068
0,0.6535000772712517
1,0.8461571956045181
0,0.03426195242573638
0,0.017849957466413113
1,0.9850497881599686
0,0.01337368591872368
1,0.12047011738240228
0,0.04710691548676913
0,0.020262166253797526
0,0.9165063338007468
0,0.04702955294899693
1,0.6547768950844944
1,0.9620053693949016
0,0.021963372733713724
0,0.011492762925859198
0,0.16618944817017636
0,0.142216787320959
0,0.010432577854133865
0,0.09662289728378366
1,0.21201325792893413
0,0.010379830679766125
1,0.7504085492730641
0,0.5959035439002373
1,0.8567967116500185
0,0.023745682770141364
0,0.05615635223218649
0,0.02378754614577131
0,0.008551607141337436
1,0.6906324041511214
1,0.8579642762178842
1,0.5657767040804429
1,0.39221518298131614
0,0.047512576250138085
0,0.018536885421081804
0,0.003732339094410033
1,0.7478444492912979
0,0.017141900316845902
0,0.016484263251533435
0,0.08689562888953922
0,0.2476361251783653
0,0.8134497776532118
1,0.6011467568242425
0,0.1572278663261255
1,0.9251456735141234
0,0.04826851798381295
0,0.010323857546006504
1,0.013591851815746715
0,0.033307232370331986
0,0.005087954348246493
1,0.9298115516946672
0,0.00745587285291415
0,0.008724247771568303
1,0.6745511372774714
0,0.08121083919216109
0,0.02420637324285205
0,0.013528742288950636
1,0.9252940934568654
0,0.025151666666922506
1,0.9747541260592771
0,0.007006006942931555
0,0.0238048273953153
0,0.017286942611177455
0,0.01712400886194147
0,0.14415615390063768
0,0.22569639476895417
0,0.0442032660175928
0,0.019398966616856715
0,0.006000265048957766
0,0.018026608133405137
0,0.018895906773604393
1,0.02371122236486022
0,0.32660266098610113
0,0.007291286795654348
0,0.010122800560764762
1,0.01233035073519589
1,0.9350862594465271
0,0.03147976985254582
0,0.11237329749066606
1,0.5219023211601183
0,0.020294267170695844
1,0.8866464747223931
0,0.006462948860024243
0,0.010810178785262935
0,0.012296374219272137
1,0.9025689890093184
0,0.02040062152459352
1,0.394190844768206
0,0.708505452386254
1,0.9575776616103547
0,0.017074978926265232
0,0.012418567437921938
0,0.012300153751708839
0,0.008751799350713511
0,0.003942006450042599
1,0.8230597314617782
1,0.6407236045318467
0,0.256289576991482
0,0.02191341106356661
1,0.9636345782250084
0,0.36411644031974943
1,0.8184857156416325
0,0.005826320832452494
0,0.020681650842291923
1,0.524114423631068
0,0.008590036633626032
0,0.0628043275752884
0,0.8009647847799818
0,0.7574479621235928
1,0.029437222449079342
1,0.05361457969488326
0,0.006541635485665304
0,0.013402050399854927
0,0.004757864025899703
0,0.05886985611117078
1,0.5790515450815741
0,0.0077424015698022725
0,0.015897590935120606
1,0.9885014763671514
0,0.30149058353779057
1,0.8358387652772233
1,0.9618012047810126
0,0.0134078823321057
0,0.00869343885171948
0,0.018839098747388802
0,0.09180449947172988
0,0.01219481408323407
1,0.8993244866623769
0,0.04038555240153664
1,0.4129314593653449
0,0.01875570526598065
0,0.031071439323940676
0,0.0073332580926759264
1,0.49120588935071835
0,0.3888404932067498
0,0.05453629303111733
0,0.013586738558756918
0,0.04546764409845737
1,0.9815247265273205
1,0.8975375921036001
0,0.007440726891720146
1,0.9825292411945361
0,0.010890377255066834
0,0.00749566168074967
1,0.9370222705039156
0,0.037403134524415016
0,0.0648030653601871
1,0.8294045874846346
1,0.8645168633213974
0,0.01632046397323683
0,0.009129680950148569
0,0.03269850674171361
1,0.7735413723468814
0,0.10203695498075908
1,0.005362072562861859
0,0.002795172887530698
0,0.013873693878628378
0,0.009406255218324945
0,0.034719236332882514
1,0.9823354031716861
0,0.5606197763406682
0,0.011838710238383081
0,0.008143443179480481
0,0.12550570609652875
0,0.07444261466715528
0,0.019638610538821724
1,0.6853218261300259
0,0.015576957175353366
0,0.00743359216950766
1,0.8338626063154602
0,0.019840101526091166
0,0.03691891178288667
0,0.009951514541043604
0,0.944040319104452
0,0.010608725846044175
0,0.012333766337325615
0,0.034709327726322584
0,0.004134675614109504
1,0.9587251581904357
0,0.006069206234263604
0,0.13648994763252345
1,0.9775461398382478
0,0.038785338859838384
0,0.12250537855628825
0,0.09536832263303119
0,0.01739144884527302
0,0.09988698906461464
1,0.9293072924108473
1,0.010067655401950657
0,0.07226688923196012
1,0.4120770031598387
1,0.8845246231321524
1,0.7057348605203548
0,0.019453836462233514
1,0.962297023068732
0,0.015854023121395444
0,0.07863006984094757
0,0.05544364546736976
0,0.21899993303947043
0,0.21548030346152783
0,0.0713218285056634
0,0.03514031535249096
0,0.01643982947446831
1,0.9115447856880032
0,0.052031731391150346
0,0.0018021531931855439
0,0.07794689687305821
1,0.9530506528100258
0,0.015870694358738353
0,0.006907489214234999
0,0.02456948602962907
0,0.05055255353799051
0,0.05822223769583628
0,0.013633685702212813
1,0.9553037468615325
1,0.6318990043908473
0,0.028144475396400217
1,0.971876454196603
0,0.0832389499910088
0,0.007168394998741828
0,0.025917506688912847
0,0.011604926961518968
1,0.5105532248116966
0,0.011109611467698155
0,0.23382456657751136
1,0.9743771320089462
0,0.00782316468951549
1,0.785826318703063
0,0.008981399912299765
0,0.054271493972399894
0,0.004246812940408769
1,0.9773826939116876
1,0.9732556714859629
0,0.3881068325093377
0,0.208347232345743
1,0.9461300214604377
0,0.016946168977473065
1,0.9416399314058469
0,0.0646990287069392
0,0.2092001039352319
1,0.8973285990386868
0,0.1599221707469032
0,0.014212276574474478
0,0.06531590315093652
0,0.0363802867561989
1,0.8086614482430728
0,0.04920135116152831
1,0.023330610436261386
0,0.07778349627550188
0,0.13834662512991291
0,0.02594588066964762
0,0.03972574641463546
0,0.03026324278755259
0,0.006785741938598296
0,0.05683170518285321
0,0.8182747643321421
1,0.7991883695333509
0,0.04609655811507815
0,0.016178243114293698
0,0.0855782957422521
0,0.006404490979377138
0,0.03592372313156734
0,0.0059606539652529164
0,0.004712728916367025
0,0.07189031094197397
0,0.08828773248608363
0,0.012046516560914065
0,0.04243455895070917
1,0.9741453470987245
0,0.6558569740299078
0,0.03735710492815865
0,0.010530653021509916
1,0.012227198118316284
0,0.014555505896324072
1,0.03358289874612043
0,0.020336761035250357
0,0.018830248645950478
0,0.029188642589696178
1,0.9907869734082877
0,0.5632598820641269
1,0.9481574204698935
1,0.7215178953496562
0,0.024151489611725904
1,0.9875292080563126
0,0.04822300657834496
1,0.9776123541693756
0,0.07609678483164685
0,0.008573784429520849
1,0.8522214988577109
0,0.041146931407619214
0,0.0360241764925572
0,0.050551179421213524
0,0.03416966756314756
0,0.011223244504017052
0,0.006792913552452019
1,0.6206360376203794
0,0.03234789070191818
1,0.8226235789773136
0,0.025716417134917548
1,0.29943970803211517
0,0.003056010548456312
0,0.010208554690267175
1,0.9709509559139219
0,0.0441396453555048
0,0.2236471648880743
0,0.02893589935038691
0,0.0178075205910097
0,0.004711579339797127
1,0.9850487925683644
1,0.9929709498708572
0,0.3528337248812625
1,0.5402202022848962
0,0.030438521134024385
1,0.03873030603451139
1,0.2825072800206053
0,0.020117629991226602
1,0.11888683825661286
0,0.0617187258070844
0,0.20222166346608408
1,0.8870073848214586
0,0.002431481272119023
0,0.7396638807462239
1,0.9561781204790987
0,0.5246364266019456
0,0.007217241989170371
1,0.8450684099496856
1,0.9741523545383567
0,0.012996919868539729
0,0.010998350645866883
0,0.042188362764676836
0,0.07681700945656056
0,0.1010101535935367
0,0.016260919250557438
0,0.010838151943037813
0,0.007798792995552154
1,0.7646567071669454
0,0.024269094439205243
0,0.02386519528789574
0,0.612668538486469
0,0.013655442186186953
1,0.9635320335135463
1,0.8373555730469862
1,0.14761978966853342
0,0.008190591429756366
0,0.07752340230957504
0,0.005284166111149855
0,0.03370568515362231
0,0.01908841767085422
0,0.8155459250844133
1,0.45253365672813434
0,0.38603817758879116
0,0.03802602347762604
0,0.028553807221327512
0,0.004209607199087378
0,0.14842507352521958
0,0.053796118202129706
1,0.9816876101566221
1,0.3875788592989266
0,0.030861727350610643
0,0.031142992928687916
1,0.9644133835702284
0,0.01748543099282653
0,0.03916004613389322
0,0.01245584175501779
0,0.02381477919032282
0,0.01727123635843719
0,0.013625066721237065
0,0.006015484353925471
0,0.01708020218914544
0,0.038574991489252794
0,0.11938296361299684
0,0.03574678920246642
0,0.02907026311975532
0,0.8421557855176476
0,0.04345983652409897
0,0.0021861265207026256
0,0.006536329290781285
0,0.2703312433988906
0,0.01240379710088572
1,0.9842836344441588
0,0.10506121144131356
0,0.23307976339204303
1,0.9102504419621908
0,0.07397305652239157
1,0.1003362299648505
1,0.9692439172636818
1,0.7439859525483661
0,0.006375392769903027
1,0.9063960499898067
0,0.018157071096198994
0,0.005798569594164737
1,0.34110988891395017
0,0.02170913509178923
0,0.00546644964187737
0,0.06478080594251119
0,0.26524518971151667
1,0.1645822970362359
0,0.034692230680741815
1,0.8727472774797679
0,0.03912899389348279
1,0.1575967909148764
0,0.9050960589149206
0,0.020154491906819606
0,0.010694179887220516
1,0.9677479638897797
0,0.08424178429683667
1,0.3160955127672157
0,0.09785872254948016
0,0.05285082249688347
1,0.9196464848579379
0,0.048032200287938066
1,0.692514426761305
1,0.5447113791279576
0,0.707294231553271
0,0.03696367320750476
0,0.046720231225201914
0,0.019607673568162905
1,0.9661211373080886
0,0.021107594550802508
0,0.015768029914617735
0,0.03186497911309573
0,0.02965525086183324
0,0.2894320236749184
0,0.4692681738083096
0,0.01581140800832523
0,0.05503936100114742
0,0.008571339693422423
0,0.5276143059294729
1,0.3000752644428494
0,0.029929322043893692
1,0.21385512295667639
0,0.6631041229172941
0,0.026867536146960285
0,0.17965170950220188
0,0.017321737813844357
0,0.1668054099305076
1,0.9723023301567112
0,0.052199574430834894
0,0.0698804575908364
0,0.04131144621832037
1,0.865216145035719
0,0.04486394002524893
0,0.08438491334452812
1,0.9278422888545195
1,0.9526168398285028
0,0.02552833318319117
0,0.005095425622832313
0,0.04230612543821173
1,0.926167708122066
0,0.007722901046133003
0,0.06637482776068745
0,0.0186682136506532
0,0.06100861937154993
0,0.05559604393435405
1,0.9407519281916815
1,0.4771654076258049
0,0.04784894449159448
0,0.02578787818384651
1,0.4074588775413333
0,0.06769539764544252
0,0.141476511659633
0,0.23984762198676401
0,0.019971307228876068
0,0.7549281175051988
0,0.22122542961613192
1,0.9284777003670345
0,0.024260005969708506
0,0.04104361309868256
0,0.01721410886955508
0,0.01615622705496176
0,0.00862689671074561
1,0.8299726392299139
0,0.0413988897649524
0,0.026556439156582866
1,0.4999521228659731
0,0.027194579558768053
1,0.01877950523250626
0,0.0865269228196999
0,0.0372286365204364
1,0.7721519143734284
0,0.003266773067350869
0,0.014826253209672385
0,0.11158193539067672
1,0.9438247142205111
1,0.9379562906419779
0,0.041417472708632094
0,0.8324440082832909
0,0.018896869593917533
1,0.889490350397583
0,0.23365365860426346
0,0.007866035167641668
0,0.02440186650986633
1,0.9127863187491702
0,0.03730851994546096
0,0.010293751161727002
1,0.9686942783042894
0,0.021144677805989966
0,0.1099221794665621
0,0.04217660641721571
0,0.023496841399476623
0,0.027395721583310596
0,0.028646745538087867
0,0.11011860955452986
1,0.9824433713308746
0,0.010444400954489457
0,0.014788799339058785
1,0.524506414030902
0,0.7446399714934521
0,0.01479979950275451
0,0.010784860655522597
0,0.09222751174217082
0,0.011699490287696743
0,0.05674626258832834
1,0.22799986964633037
0,0.014232393147459816
1,0.09244306364331675
0,0.12305015474770097
0,0.01589062186788721
0,0.2598695281172563
1,0.8704658439152897
0,0.006801005724315403
0,0.05163906611894988
0,0.0199798661251737
1,0.9257185618592098
0,0.03806236081002737
0,0.007171881283150874
0,0.41548174096229884
0,0.11546645555557396
0,0.07306011508003202
0,0.04807735271264233
0,0.01391638848464475
0,0.00609674051262119
0,0.012942556562019513
1,0.5100915597443308
0,0.3013868083021748
0,0.07759076849405301
0,0.44856814331038924
1,0.9591443346483287
0,0.02353694567425432
0,0.0034781401686474886
1,0.7324246868594699
0,0.009309129678956312
1,0.9802180685461943
1,0.9623409239682308
1,0.9032139424059555
0,0.14340587081869513
1,0.09852976655868491
1,0.9669078905078811
1,0.909393202903815
1,0.21374332433804488
0,0.020377854094231564
0,0.00629184029850591
0,0.9833797455979721
1,0.5776096875457921
0,0.008110006271699702
0,0.06744907400062611
1,0.03592843934311098
0,0.030144311489850216
0,0.01397802835140158
0,0.23634859603023925
0,0.013461670599543793
0,0.12508186393051554
0,0.05785520458089745
0,0.021732957248672753
0,0.19741999237960312
0,0.006723851376253451
1,0.8966127376588611
0,0.04581174889671555
0,0.37106370492135865
1,0.8388597127291705
0,0.004299052880242093
0,0.24083339409845933
1,0.6242266036182251
1,0.9653891672396633
0,0.007272289220280174
0,0.3293567621476829
0,0.01996244946642768
1,0.6949961728562604
0,0.009168171795374798
0,0.01473782953488779
1,0.972431721381719
0,0.7521357828870445
1,0.5928079342629105
0,0.028623781110020265
0,0.6017825585229549
1,0.8988305409642751
1,0.7408351395758918
0,0.07834596139422377
1,0.5753053517672229
0,0.01987751397813172
1,0.3728189866516861
0,0.9050336322455965
0,0.008506642770760242
0,0.016558154134693765
1,0.8687529460455748
1,0.9555489661243458
0,0.195339313039644
0,0.47424397603965357
0,0.016117002723004505
0,0.00904633020844723
0,0.0533971674073209
0,0.8359141479443605
1,0.8074300458140091
0,0.04811822312383351
0,0.03369466711004697
0,0.3876343732860149
0,0.023323014205306993
1,0.24716100505822855
0,0.016288615317982157
0,0.022724613751047937
0,0.40897658288349953
1,0.24791873161855374
1,0.8891673517823108
0,0.04242771002945081
0,0.01586581129817087
0,0.06594599706687275
1,0.6440128832059296
0,0.06369788847049686
0,0.006160202386127653
1,0.9703525349767931
1,0.9586305546828436
0,0.6966584540206281
0,0.06160110847345547
1,0.945628103700031
0,0.009710739910076406
1,0.9291285959851975
0,0.010045635053443329
0,0.012658952518740165
0,0.03268865751868926
0,0.026382061248459862
0,0.011010569507985679
0,0.011131061757175265
0,0.03840165685443879
0,0.804545687125489
0,0.025691997897054272
0,0.003785054363074176
0,0.0066430127053241726
0,0.8497403596826248
0,0.010245675673171542
1,0.9827455721395421
0,0.00827714444372137
1,0.8822550275164076
0,0.009615164936118675
0,0.006581284563232177
0,0.09794326095541288
1,0.6870619061130332
0,0.08433907094830158
0,0.024890991962282887
0,0.015902467409515435
0,0.011804125151120136
0,0.0020366164284994627
0,0.031616416579007545
0,0.02617547445186483
0,0.02560909118077664
1,0.9689205155865991
0,0.01779558701644334
1,0.9500492507478131
1,0.8596791601674298
1,0.9667707159333788
0,0.03266329646479405
0,0.025599215236658757
1,0.9723101989213749
0,0.2063564311113737
0,0.34980770607244344
0,0.04421783905526389
1,0.8184175212455812
1,0.9123432587757264
0,0.8893281345708617
0,0.02381621748280087
1,0.2013636501655891
0,0.02062543831354986
1,0.6834387229234651
1,0.9070172034959583
0,0.005062953405386621
0,0.001759276053208507
0,0.08745223628913466
0,0.005047594674486749
0,0.1887627820016031
0,0.010922545861185294
0,0.021915434666375747
1,0.5852602223404879
0,0.014678889414627822
0,0.07089374204130304
1,0.3841298227852809
0,0.011143447482197283
0,0.016510442530599984
0,0.07277317297318882
1,0.4890875106679312
1,0.3781852842805974
0,0.029304154147707324
0,0.026966485695644023
1,0.9404098419969554
0,0.0047267857073334816
0,0.00936529786291811
0,0.05398570831019056
0,0.005082224385348667
1,0.9792205810409668
0,0.07754024288938857
0,0.014877908909479747
0,0.14467771960887443
0,0.2358451445412893
1,0.6980366875064509
0,0.039474076045652194
1,0.4389092787334215
0,0.04898307180937358
1,0.8456342158834167
1,0.08826371846909314
0,0.015495754992145885
1,0.9774694308226949
0,0.10982331397892839
0,0.014800627846983121
1,0.38213787725857074
0,0.09330054878822694
1,0.8146130075622566
0,0.03109694714042524
0,0.006158377655982484
0,0.015413638129854357
0,0.017124800636892857
0,0.009513363983606611
1,0.03135691331623196
0,0.7146732715825879
0,0.5299591311870965
1,0.9593593744629579
0,0.02895834882092735
1,0.7242435272401633
0,0.08593940721957598
0,0.008335613249809531
0,0.01122424880640928
0,0.1369292718442599
0,0.0215313949991118
1,0.033360334882652415
0,0.2189503701901047
0,0.007938245614005867
0,0.018968608931014267
1,0.4807927395364213
0,0.04154648058531583
0,0.07630437223735306
0,0.006269883619544295
1,0.6902964613777459
0,0.17903016258061266
1,0.9796139266020896
1,0.9694042281300662
0,0.049901145512020295
0,0.8037381549494794
0,0.008511311216587953
1,0.49164131340942374
0,0.02042093798105657
0,0.015924216879371976
0,0.09136559037615383
0,0.025302471176946943
0,0.020865076892500854
0,0.037071587106734014
0,0.02531182665672665
0,0.08567987204996597
1,0.9613773581437355
0,0.05068132381913108
1,0.9879029743921842
0,0.04140671210729571
0,0.04827697104083403
0,0.6615597279625389
0,0.01670796575396116
0,0.008847800727466926
0,0.05692526035480362
0,0.4860550204415792
0,0.01250595516943312
1,0.9149494580198191
0,0.01845825394828494
0,0.008474370315107062
0,0.014776052706454728
0,0.20752364931860628
0,0.0076451532943859635
1,0.8882033939512003
0,0.15744262940474935
1,0.6909661228211109
1,0.48658411775302557
0,0.006296951654665718
1,0.9729662372125837
0,0.024095506004153038
0,0.014798541247390032
0,0.635248676429135
0,0.20424630303482194
1,0.8509244541375828
0,0.00974669735749345
0,0.014509018756343302
0,0.16649103859109263
1,0.009923359361105284
0,0.02618021154107139
0,0.0393358029857911
0,0.2649754824554006
0,0.06103511089237899
0,0.18944625110547023
0,0.028178642568085156
0,0.025774178460219233
0,0.0077850579552317944
0,0.014542456785334354
0,0.41983227075352997
1,0.7712629024550344
1,0.31453625446820466
1,0.9781879498796228
0,0.01754716255355692
1,0.952344028352049
1,0.13996698896195933
0,0.009418725285066052
1,0.960459315383477
0,0.018019692252628883
1,0.6199479389303223
0,0.018200468577301607
1,0.5416829035992383
1,0.901675533330922
1,0.9779239322308726
0,0.04346233375362782
0,0.01600292668100313
1,0.5911526427965094
0,0.03858321581693795
1,0.7989090796585322
0,0.1841616106315771
0,0.081846210765873
0,0.16350111450946733
0,0.02657307225333598
1,0.9675515447098111
1,0.9018963031198666
1,0.9705426624207735
0,0.6894200617348065
0,0.5718939690676413
0,0.8643634160970768
0,0.030000461382182108
1,0.9791320130930026
0,0.012507482967740884
0,0.2113651482608271
0,0.021241093011969803
0,0.050472704511705706
0,0.012122421339190698
0,0.06570607133295736
0,0.006347305338756337
1,0.6582863056019164
0,0.22325246098333487
1,0.5463097303025021
0,0.028750794500368933
1,0.29561503719262533
1,0.9623372984326265
0,0.01134137479238211
0,0.1165227782274092
0,0.05754018752232733
0,0.13185456365289716
0,0.2826378842464717
0,0.034125336090327266
1,0.8392951300064356
0,0.007477128063700482
0,0.2503433330796932
0,0.02408773447670276
0,0.6507904511671282
1,0.949280989774537
0,0.075365200919488
0,0.09673830828911346
0,0.0047843442714311
0,0.11272393718721445
1,0.21894401427411903
0,0.022438153889934753
1,0.8186119989693967
1,0.9448726097902482
0,0.07322616912027746
1,0.7071663043095082
0,0.12336339299791808
0,0.1604584338223534
0,0.016415426252504247
1,0.30418743652720687
1,0.8582020086390112
0,0.03492534181710846
0,0.016307989658176064
0,0.06555644339276909
1,0.9396623411215979
0,0.6083847937110064
0,0.010251050343344045
0,0.05943798168977572
0,0.08340819575061634
0,0.027697782723875977
1,0.7677412423444465
0,0.01918664517916003
0,0.00783944765922227
0,0.4379300326093971
0,0.01783077775085257
0,0.00953967046329968
0,0.005999376250166997
0,0.0040903375119204066
0,0.08015762211499608
0,0.0061713859232713315
0,0.03617969767368676
1,0.09629723949954605
0,0.03985234568726313
1,0.07955352723402195
0,0.023079972853287275
0,0.8327611708391338
1,0.7283169367709976
1,0.7085309476660134
0,0.005836726478096986
0,0.013115651234722215
0,0.02393879002073833
0,0.3279946569039835
0,0.019129132890039865
0,0.03838836350290994
0,0.00474954440727367
0,0.2952183651105593
0,0.03425030419830925
0,0.043685036965147375
0,0.023391241515045985
1,0.8195214452548475
1,0.48722538793101744
1,0.9170395903875463
0,0.011177046867128608
0,0.2798556434591185
0,0.013567602949065206
1,0.836021668672122
0,0.08506033280468504
0,0.017737852419019953
0,0.025876636045060637
0,0.009203237344312968
1,0.8834522527645795
1,0.9239107526759609
1,0.971636007686307
0,0.050045769218118485
0,0.030954128156207173
0,0.034757294693737326
0,0.9512044702484046
0,0.8338962257422522
1,0.9781388807169086
0,0.01385792811113887
1,0.4486922763511351
1,0.903662357638618
0,0.006638799610518261
0,0.010957137504222657
0,0.008635462320564656
0,0.54046872712063
0,0.646293902489538
0,0.08872813651293897
1,0.9059158958901513
0,0.024352512295795714
0,0.04651068887821566
1,0.9784815390364089
0,0.007770569585455039
1,0.9269877155589232
0,0.013480876544059748
0,0.002669078843555742
1,0.7358809704252118
0,0.021492179741075482
0,0.034790789563774766
1,0.88244306657051
1,0.9461403482613212
1,0.8542905743243283
0,0.024312097271712463
0,0.15481210818861782
0,0.006036329261202822
1,0.9795376136296894
1,0.5385565447235078
1,0.8887403063009109
1,0.9343123953075395
1,0.08685296163953289
0,0.09068737704032384
1,0.7245128763276512
0,0.42641717252193395
0,0.03641406234972027
0,0.005806532099194104
1,0.9300100590675845
0,0.00909986643369337
0,0.31219529833324006
1,0.8760715203104703
0,0.6825357133285942
0,0.018835116290973827
0,0.014644446666938855
1,0.593109984535644
1,0.48848171913691585
0,0.574358497818042
1,0.9667907266897517
1,0.726190646317293
0,0.1899826523571779
1,0.959063802945562
0,0.012633872288326268
1,0.9176829931925985
1,0.8966732069223307
0,0.11115166855692113
0,0.01605275287134157
1,0.25119018159354267
0,0.04096897874967189
0,0.22572928494550118
1,0.9687051116450056
0,0.600611521444606
0,0.02331078747699189
0,0.013451078192182317
0,0.042924876306339836
0,0.041505966091326216
0,0.010661130681614044
1,0.97944683496204
1,0.9544558887823422
0,0.008079299489010448
0,0.11296419115360952
0,0.07211603204696908
0,0.1573567495450299
1,0.9442407592443931
0,0.009129680950148569
1,0.9591742807700768
1,0.9678972370673964
0,0.02142682291052076
0,0.012802238471419666
0,0.017108518116985747
0,0.01884611234962732
0,0.024139156643576454
0,0.011949120487487854
0,0.015040044877460267
0,0.01108478122947481
1,0.9803855151388509
1,0.4904593293692806
0,0.16392473493753837
0,0.04239095898519888
0,0.25137872879447115
0,0.017818129589174374
0,0.011851335891615992
1,0.9572869546503155
1,0.9900699803141416
1,0.8312695337425794
0,0.1770433836062796
0,0.04473922425597586
0,0.03595204847543847
0,0.03533113775946435
0,0.09606957308214724
0,0.01843336042159712
0,0.04236293421600033
0,0.008100732165939083
0,0.026350745470987143
0,0.2834722763917904
0,0.006464032583506784
1,0.9839333783037411
1,0.36774913975356965
0,0.016570008889433874
0,0.04796020731287043
1,0.6326346088931799
1,0.058376090296080714
0,0.6716062310853413
1,0.9456816279292859
0,0.22640778009398735
0,0.01844430447684357
1,0.973608316742409
1,0.0913797863922295
0,0.027019686393571607
0,0.028688728880606116
1,0.8199640361834182
1,0.46828019468909404
0,0.21764683188878395
1,0.765250078487041
0,0.01462822076027286
1,0.5356788206123955
0,0.047135401144619414
0,0.01279604664600574
0,0.005188216422767525
0,0.01664536313444904
0,0.03955357867005304
0,0.15290471705488257
0,0.004476202482173064
1,0.8662057606143553
1,0.7020414536162615
0,0.6616642816450243
0,0.020709450510734802
1,0.18208081376810611
1,0.9465088373545394
1,0.9017454695246969
0,0.002442878193608783
0,0.021321636114913774
0,0.010301094408496855
0,0.008042114117919366
1,0.4400579492363009
1,0.7159277605298016
1,0.15673552463739218
1,0.774351520515904
0,0.011586553436541656
0,0.37137367515966496
0,0.019003254108188275
1,0.8299267586089173
0,0.025252474613899626
0,0.00290263530711917
0,0.9355379020336125
0,0.01692063091963794
0,0.01356846670410907
0,0.02664312161149082
1,0.9090754042004752
1,0.6116448630311002
0,0.02511590351456243
0,0.4787540790633995
0,0.005451072884479879
0,0.013636245428224612
1,0.845638590204732
0,0.029054556330504477
0,0.04439811587602167
0,0.013796809666044985
0,0.017682262855445222
0,0.38090794454364896
0,0.01004263988846221
1,0.9518454496377523
0,0.011163035695947517
0,0.008587962077730342
1,0.7025924997958989
1,0.027843476655199612
0,0.08156972413203852
1,0.6391349664668358
1,0.9644519022632283
0,0.030029006165871494
0,0.032412108466709715
1,0.5008888001780977
0,0.03265047833089728
1,0.9213596757058714
0,0.7631380073949917
1,0.9533539447356862
1,0.593185989568816
0,0.004347632529302168
0,0.032493509046929735
1,0.8340424274475514
1,0.9370655701119707
0,0.23182128278462713
0,0.03973156104922423
0,0.7149109363673027
1,0.9743171885497969
0,0.11284440246003015
0,0.01823276989320187
0,0.02556764474178432
1,0.6681614263820055
0,0.018500321978105694
0,0.05114150517054055
0,0.8460885600646275
0,0.0636502834482006
0,0.17638594324578868
0,0.023224220406633994
0,0.05109661230126023
0,0.32073951722336624
0,0.027531933018523504
0,0.03863158358263287
1,0.8599286729792905
1,0.8601948790279857
0,0.0065142609350309815
0,0.0023125420250367738
0,0.03041747191022576
1,0.6626546607877701
1,0.9706483537343779
0,0.008862324801447321
0,0.10661548979740089
1,0.7879868923954052
0,0.03800477320039078
0,0.11465108970567436
0,0.010208909494893786
0,0.03909370760836313
1,0.00973595359385083
0,0.022124436615893348
0,0.034855333453367485
0,0.014231519284838779
1,0.03853634350722118
0,0.02751729081479255
0,0.013507424587380554
0,0.0280558644217967
1,0.6682686815496995
0,0.01925743559814627
1,0.9818142361585784
0,0.005580771533251806
0,0.005361686240476688
0,0.0088324459634793
0,0.023298145332555212
0,0.006402403713256338
0,0.18036149445748575
0,0.015283991773373215
0,0.007328142401503053
1,0.9169147123468117
0,0.017876872307417184
0,0.014439631436163497
0,0.19885754486439428
0,0.032942915981860596
1,0.5931643144969074
1,0.6968232775709238
0,0.0026552638907482926
1,0.7978866444153311
0,0.07967546109836283
1,0.49737681900725866
0,0.043176810703463665
0,0.10935593858838945
0,0.01987751397813172
0,0.05403276688408259
1,0.5456982683796369
0,0.009782483704562054
0,0.008382703672013709
1,0.25633071524978945
1,0.9715669822346672
0,0.029690504938702816
1,0.04002975657130956
0,0.020326813273029137
1,0.9033590401063515
0,0.00792818207315847
0,0.03275907573277105
0,0.007462670326679189
1,0.9796676262658185
0,0.031103824763005217
0,0.06437133842854229
1,0.9449425021287459
1,0.9388637572890929
0,0.2056720385000463
1,0.9638505357800834
0,0.013438915192403813
0,0.08365584846037633
0,0.008528654016754124
1,0.16186324923586506
1,0.12049477900662774
0,0.010547607028506536
1,0.8683520626548354
0,0.02748484432389918
1,0.9673539306880304
1,0.9252871391915962
1,0.5138841737907764
0,0.0843072497538419
0,0.06551175602618534
0,0.033114016567388084
1,0.1170650863063892
0,0.02044346502871911
0,0.6729927450170727
0,0.003502137072736511
0,0.01337539445029893
0,0.08771994316911673
0,0.012870883058065448
0,0.005204203318593128
0,0.019420239334153284
0,0.2817268215205169
0,0.03021594057878274
0,0.03316218359887222
0,0.022119817556858795
0,0.014817616089747378
0,0.01110253909740081
1,0.9757036766080759
0,0.03632848105604109
1,0.030824269610042095
0,0.11756985876117815
0,0.046017378093641266
0,0.03327795074542497
0,0.014899462090972376
0,0.008048588945376817
1,0.8976356774347032
1,0.5513073645971706
0,0.02804185034557652
0,0.194910863481275
1,0.9421120078987534
0,0.006879591961405569
0,0.020052703647913155
1,0.89986715778237
0,0.008373021598303557
1,0.5980474273527759
0,0.051104354137722144
0,0.004538783171563507
0,0.04271737956019009
0,0.007408103087858331
0,0.041686997259281953
0,0.0649426807364458
0,0.19708280593347235
0,0.0392421705381068
0,0.028027661037090125
0,0.014390353379083893
1,0.15437681080934543
0,0.19149854321108897
0,0.02832233497380181
0,0.03168937994539026
1,0.9811972218094124
0,0.027347294325333407
0,0.02891010440664233
1,0.031252419592413136
0,0.5851138576725946
0,0.008760686514637506
0,0.01105745474230144
0,0.06449747705823128
0,0.8294851919520063
1,0.9277005269230301
1,0.8311330444828607
1,0.59657679749916
0,0.10585233772934685
0,0.007793929073228643
0,0.1868730828710217
0,0.018338323760926274
1,0.39133628545561416
1,0.848039839848371
1,0.9042737980440239
0,0.04009493826836767
0,0.7898567857329919
1,0.6686236058022975
1,0.7573645103395117
1,0.5377261902415706
0,0.13191951115165756
0,0.04572051223193647
0,0.1616399525017056
1,0.7577976093008942
0,0.011898995676556513
0,0.0036161172491130703
0,0.4424952233637803
0,0.020639477484044853
0,0.005461315610125165
0,0.011021049533793077
0,0.18184421895938094
0,0.016956780074679642
0,0.03369716316888951
0,0.053708147478963644
0,0.3023538525988911
0,0.005363631525594299
0,0.009766204556022617
0,0.025384959204225035
1,0.8331916403041422
1,0.943273876491046
0,0.03322728304515115
0,0.005711716729968463
0,0.010525091796567437
0,0.06038825097196106
1,0.986601861901004
0,0.01061688612419326
0,0.040170478259045246
0,0.006380925026749963
0,0.005633073198316757
1,0.6404278174179691
0,0.017425224119753818
0,0.03562539177017948
0,0.03773851388742739
0,0.018578062013658733
0,0.18556688313433511
0,0.034879312086148744
0,0.7692279473314922
0,0.7050144855938765
0,0.21847859053001936
0,0.04426941207633292
0,0.005618017754426013
0,0.006084162963911797
1,0.9897149710958817
1,0.8438887941919284
1,0.7940842186972256
0,0.9165808673865871
0,0.016957288492046314
0,0.010090101435807266
0,0.3975233366533344
0,0.01576767525778797
1,0.05749946264845803
0,0.010615055621753905
0,0.044963635300320604
0,0.12074933936767211
1,0.2499731072383961
0,0.3464268888790317
1,0.9680437717552821
0,0.5384799766706223
1,0.7296705378797083
0,0.06574744068859024
0,0.053940098311056145
0,0.013462300661538421
1,0.9623986408769273
0,0.007167606598572059
1,0.6872268689657892
0,0.0605546799494747
0,0.025799177197908876
0,0.0077120145106999065
1,0.47028359886081983
0,0.006606713411533671
0,0.36679242173997545
0,0.012082708077985227
1,0.7973003758287652
0,0.004478612086892407
0,0.018737158554843043
0,0.3032012048648132
0,0.1348156555566605
1,0.5632505372979382
0,0.032433664580289435
1,0.6011155580281269
0,0.01674992565352136
1,0.6211970125204804
0,0.9407593997269073
0,0.004016096882079255
1,0.9861854646267285
1,0.7715450881104179
0,0.025550386434637643
1,0.8457860824492424
1,0.7525966917222552
0,0.02433108211976808
0,0.015166018672918911
0,0.1804667007780535
0,0.2090953246238159
1,0.9422689305382455
1,0.25863686563578325
1,0.9651778732590515
0,0.008045394137280164
0,0.028933776497599813
0,0.6278728694590731
1,0.9112362810188342
0,0.014648070505145962
0,0.01627470691877091
0,0.008598991296381038
0,0.0639953287059285
0,0.10882117848521858
0,0.01887787249968916
0,0.009494824270638351
1,0.6298707209516322
0,0.012165650195598236
1,0.332996237914139
1,0.8968367266906774
0,0.02058883735609779
1,0.9765084313095689
0,0.026437944159577103
0,0.01805334583338039
0,0.017464430437621515
0,0.016545246196813662
1,0.9769072449714779
0,0.5060867748688286
1,0.7793865747561307
0,0.023140321473549462
1,0.09124257285848446
1,0.6800050688421514
0,0.7277996923442823
0,0.0188734167498897
0,0.017301671434569618
0,0.015064407682322712
0,0.07096810355592931
0,0.0059184529373744075
0,0.0021903917675113486
0,0.03286447851436783
0,0.028807245485046425
0,0.0643152194597515
0,0.012443166964034726
1,0.9789176343125491
0,0.8054623666136316
0,0.04261286908262504
0,0.9221483587373632
0,0.01658312494051572
0,0.02706241415658103
0,0.4637765735671946
0,0.02401441442942265
1,0.9596774524439714
0,0.006917749269753157
0,0.075365200919488
0,0.025784210179734108
1,0.9388774737967929
0,0.005237075666521112
0,0.08574083466489908
0,0.0178025180664311
0,0.015012251724215732
0,0.01159081865225372
1,0.9153876471192449
1,0.7403448806526496
0,0.011070664193085852
0,0.5658616239908018
0,0.018396063505104976
0,0.06051525808632884
1,0.4753100090406854
0,0.013377086685257581
0,0.020524942668588588
0,0.02066567297757447
1,0.5230934903882766
0,0.03206085806613571
0,0.05138170519338402
0,0.011134061791883728
1,0.9579570299091027
0,0.025898467075784685
0,0.688903487894191
0,0.8586545021629309
0,0.15580967778063945
1,0.9814888031227651
0,0.024600621396942104
1,0.8888770988971986
1,0.9587191675071121
0,0.02179131777595404
0,0.019710621527756572
0,0.2800683537240398
0,0.007768570465907184
1,0.9538475510276173
0,0.009621478133764957
0,0.04356456565838036
0,0.012794944538013213
1,0.9767198356430735
0,0.025441204684418354
0,0.004038723193894105
0,0.24986262952173588
0,0.02331770810386218
1,0.40153744032609134
1,0.6646006972635662
0,0.013218618861132236
1,0.9729119955408618
0,0.008669812905943024
0,0.39606948433950756
0,0.04963959434974689
0,0.8011544541363445
1,0.9469264778166668
0,0.008111468900374036
0,0.013059756375899028
0,0.8019388432697077
0,0.8938312600351188
0,0.384591394978465
0,0.021001474748205125
0,0.06167259084101813
0,0.014718255622016438
0,0.03680752217110693
0,0.006199072988787549
0,0.2859079675918753
1,0.9041515594212833
1,0.23552695012192498
1,0.4742085668482997
0,0.03132127417543549
0,0.1206104932590635
0,0.17212819730205967
0,0.005888914174898509
0,0.6167400829462074
0,0.051409870102056984
1,0.981955298488602
0,0.05594064189219437
0,0.41070338354153013
1,0.1600079515186627
1,0.5045632213644642
0,0.005236767884542167
1,0.871301200137843
0,0.017616077312518796
0,0.6129110143929581
0,0.018740803728518236
0,0.7111678456766762
0,0.14618346520396847
0,0.012478698548277111
0,0.0562085424840946
0,0.38839450046884316
0,0.011030722970421243
1,0.6853830677775878
0,0.009760871487021351
0,0.0174263291215962
1,0.3279946569039835
0,0.1083009760535705
1,0.9537836214441887
0,0.018900516073171312
1,0.27809412615670204
0,0.03400331974624255
0,0.03182541807848994
0,0.016068563207499345
0,0.01229308035604437
0,0.05180330709248712
0,0.011585149866073848
1,0.9451489359175016
1,0.9777855722062686
1,0.1435172807541138
0,0.30977429470333834
1,0.6148720339834237
0,0.016016244402664186
1,0.7863194762593263
0,0.07743567657443083
1,0.4301481167338414
0,0.09691226832395683
1,0.9264212864377378
1,0.9739958123121385
0,0.8875901102108621
1,0.9884129352658121
0,0.011484115459865532
0,0.05726580844100168
1,0.24081280928656212
0,0.051195706908718865
0,0.016426536849399237
0,0.06612217488029178
0,0.006768219838444017
1,0.6836846292251012
0,0.0071808148503945445
0,0.061304582789594275
0,0.04006570090773356
0,0.043952872472598
1,0.4540289618217308
0,0.045935223943935434
1,0.9456502003741866
1,0.9889195545019414
1,0.2768044514714219
0,0.0349636129293946
1,0.978716771254508
0,0.004367492999096816
0,0.025780746700597434
1,0.7564099878833799
1,0.957417542575841
0,0.5157875212879811
0,0.006998115943320206
1,0.9542999342310675
0,0.1406639362165664
0,0.09879189221006458
0,0.107841837561813
0,0.17539176046160823
0,0.010857699819871901
0,0.09126624781223662
0,0.03532234081581805
1,0.9616088603897589
0,0.12912284833355112
1,0.9599966538413945
1,0.9252181202424925
0,0.036077314743091095
1,0.9642802521568787
0,0.006143337881871982
0,0.011064556042245847
1,0.7643068398727123
1,0.44085211489865356
1,0.5560108365695835
0,0.03449126125435649
0,0.20067154220462638
0,0.022025535266026595
1,0.30317624973273494
0,0.023203087961270984
0,0.028550597706628312
1,0.9521392626023163
1,0.9131901343916109
1,0.9910045940797648
1,0.9778681550883951
0,0.04395623268838103
0,0.01093283866920247
0,0.11622410719524061
0,0.029584129518731118
0,0.02841616419345495
0,0.02252080650449544
1,0.02405620775200868
1,0.23615159812510614
1,0.8343983329345532
0,0.008113503707939005
0,0.7116213788746089
0,0.04459925882667281
0,0.9856054543541857
1,0.7231694711008215
1,0.5516468630229129
0,0.007448327531199017
0,0.005843741192025189
1,0.3980375210521083
0,0.00746799213187099
1,0.8575402227624229
0,0.005682371155793561
0,0.05811615059425599
1,0.9400813586250946
0,0.020602780249135522
1,0.8510772648037976
0,0.03003571789983811
1,0.8255948624176639
0,0.010831896381308763
1,0.8380402144789502
0,0.04318188979402125
1,0.9647707827070928
0,0.011415206680718779
0,0.06743411073860286
1,0.05408604709782581
0,0.21603268295102018
1,0.9669359401872213
0,0.03639024348380324
0,0.006867593583563084
0,0.011938505383377323
1,0.2215732653145295
0,0.035165747398807796
0,0.9349234769933972
0,0.06421337193747577
1,0.3005701828571127
1,0.9232427292608536
0,0.009944441118526767
0,0.03384599236409945
0,0.0181600245861637
1,0.9609515357720063
0,0.012010927314455766
0,0.021367035696282774
1,0.9597163471195886
1,0.9738207693506487
1,0.21965146248043932
0,0.20125286115779542
1,0.5606554276410654
0,0.01351336862141681
1,0.5319324745409724
1,0.04990608683159702
1,0.9038357343340493
0,0.04286474641906035
1,0.9645831169188074
0,0.07496257934459272
0,0.15918853001849287
0,0.017141770926082173
0,0.007658672481315234
0,0.07351376644609159
0,0.5354149169411221
0,0.04722100492544023
0,0.018636881510984766
0,0.02748225327925706
0,0.008530384622881389
0,0.02190411270952484
1,0.9871574338144962
0,0.07592548310252348
0,0.11197529726241506
1,0.9173149476388107
0,0.039151519784212906
0,0.010198206862171374
0,0.0066820699886257
0,0.01587262595077312
0,0.06467979633785012
0,0.009225995600027887
1,0.013950878837884588
0,0.057304688243256456
1,0.731476095929511
0,0.039533801751504546
0,0.015005834193548433
1,0.7627629509476161
0,0.003270976717149716
1,0.38700041743492114
0,0.01246119050588574
1,0.9046571527756508
1,0.9764872121081689
0,0.06799144976940427
1,0.9812396000122391
0,0.026104793070403344
0,0.018694478470010586
1,0.6329801556803245
0,0.02034996954443797
0,0.3017147754234287
0,0.02258893877219118
0,0.14430854329429987
1,0.975959866109524
0,0.015621355484738725
0,0.012440773000801857
0,0.21089440937102272
0,0.007890968193254988
1,0.6007029419405134
1,0.8970142707526451
0,0.15348489627922982
0,0.1144166178200404
1,0.937460782994034
0,0.0023578919563367407
0,0.010314233788914615
1,0.7960045675674401
0,0.013088630203498208
1,0.7951602533041222
1,0.4010233782336367
0,0.016129821483415272
0,0.6513068750886755
0,0.031209173750891325
1,0.9715616240454468
1,0.7191142981150868
0,0.39603554186155976
0,0.030982307763195868
0,0.052315199934129086
1,0.9472258332470487
0,0.02023297262393558
0,0.022079202702573096
0,0.01428525978212737
0,0.022813611504999838
1,0.8802890930581819
0,0.0031274530054872245
0,0.11987121972932957
1,0.9860199577061505
0,0.04806934997921884
0,0.004518888903023178
0,0.018014980302375368
1,0.6671833598764635
0,0.12991678060785558
1,0.8826458877483674
0,0.014342548426627418
0,0.013903882224418851
1,0.9877597926882364
1,0.05919539646096035
0,0.0035204034810374495
0,0.009318687839436377
0,0.019842766074797544
1,0.9346275836364328
1,0.9092892201868937
1,0.5082207397620913
1,0.07854349174988735
1,0.9415213063002108
1,0.4249609057909649
0,0.16549975506797918
1,0.936705378686084
0,0.03963208439511819
1,0.5697554537023557
0,0.23325426710358732
1,0.9437520569797212
0,0.036679425039941656
0,0.09150118369922958
1,0.5379749060870734
1,0.8898141851144652
1,0.4314939287413185
0,0.16591084992794056
0,0.030690110346250115
1,0.939771558836129
0,0.448212796295738
0,0.02571649388793022
0,0.07393582486019644
0,0.01627911111450714
0,0.16814615813726355
0,0.052291960099408064
1,0.9590890140654407
0,0.005914398709200548
0,0.07213180199005667
1,0.8325064882639368
0,0.00800103106757915
0,0.03429007499304463
0,0.06867941490652794
0,0.04123577451676054
1,0.022569318289745198
0,0.7057189785124395
0,0.03219039025748699
0,0.011087583136020776
0,0.004853559152626684
0,0.009787338055539144
1,0.5384903526455607
0,0.04570562729156785
1,0.9773191013901414
1,0.8076146159759654
0,0.002895017680284979
0,0.008465457336116405
0,0.6857281331325566
0,0.011307729357811167
0,0.01194009900745715
1,0.8839699196029461
0,0.015587787291038534
0,0.03111665757368893
0,0.12342513043475906
1,0.9720860307951332
1,0.9799921606547746
1,0.9660238040958585
1,0.7179284248265536
0,0.003970068620528433
0,0.01636839983071333
0,0.004544736146546224
0,0.01192833077896286
1,0.9150534453377578
0,0.03176150642478789
0,0.008214572857909776
0,0.005858397609895295
1,0.025582258325659798
0,0.00931042322247781
0,0.012174754616174312
1,0.542472183251714
0,0.10503515295263688
0,0.035726048205872156
1,0.09143102720321324
0,0.04186975794159509
0,0.15013198539223768
1,0.37390576053404934
1,0.9766377500688537
1,0.8583575795377895
0,0.01652088011951824
0,0.033809971110983855
0,0.2590952106386351
0,0.2872804810503041
1,0.9513945484268492
0,0.1334910268171614
0,0.010719846800086918
0,0.12958337732690453
0,0.044523669490558346
0,0.18387696218019275
0,0.5496908064649979
0,0.03947939904070362
0,0.05449630305150114
0,0.015580151668368018
0,0.04619533269606656
0,0.2292167454394705
0,0.04645333577784655
0,0.007181173943398923
1,0.9118261508123379
0,0.004157597852482952
1,0.06977186291392855
0,0.0312703746943707
0,0.011478627099708592
0,0.6257233443354564
1,0.9365025349018695
0,0.009160949931764842
1,0.8519039769037934
0,0.03856503371972079
1,0.9802178343667067
0,0.008455504219627688
0,0.006235541129639206
0,0.0063131532934864384
0,0.009928622301398227
0,0.06073860091959009
0,0.6274430631344405
0,0.20481382782027072
0,0.010724491534089525
0,0.3713625194060628
1,0.6325022853366747
0,0.037259076687239316
0,0.008003003775172003
1,0.78142446926822
1,0.9587908687673848
0,0.01828605785492837
0,0.16025936242771502
1,0.7062371533443121
0,0.2057224780656776
0,0.030792725976597143
0,0.24205744291629938
0,0.11327468248286039
0,0.08514697574146797
0,0.009353373017049159
0,0.03250705035239032
0,0.014205636861250917
0,0.015260604554032962
0,0.0897471814830091
0,0.02208601889139389
0,0.7136256765146594
0,0.00310391097935652
1,0.12308525466047372
0,0.0034879783508021795
0,0.01257510059938644
0,0.01613783374936406
0,0.019955468811336963
0,0.5810143539950926
1,0.2743455310707224
1,0.9662190783914293
0,0.06547969749927086
0,0.007888438972341833
0,0.028140646949454208
1,0.9619624686203827
0,0.1368241555533989
0,0.014936067317164268
1,0.859401654549567
0,0.061551343608166886
0,0.0338523204124911
0,0.0102806845306501
0,0.03633989331625993
1,0.9317918881470207
0,0.03656081615985494
1,0.9394102358568638
1,0.589495955502836
0,0.1536109342253328
0,0.00555525976762606
0,0.2639977906405387
0,0.8819487106166456
0,0.05374547420739195
1,0.9764060952071002
0,0.12195114353321099
1,0.391029940153318
0,0.014362823269937477
1,0.9560008420753826
0,0.03022732283864622
0,0.016752277010428744
1,0.9478173765263777
0,0.013278575649706083
0,0.0068605422333983725
0,0.01589559537707036
0,0.03316886884533057
0,0.054714253621725994
0,0.008410429859540668
0,0.004257627658088488
0,0.012223711791900712
1,0.7641255388992392
0,0.018389140512376785
0,0.0076429919112092504
0,0.03982501081289765
0,0.057807714851284796
1,0.9795866237923039
1,0.3659924153956238
0,0.021903297117628437
1,0.9603771786013027
1,0.8328468201746179
1,0.8606247992059023
1,0.12202231415056944
0,0.5091254967403499
1,0.8628930590096872
1,0.8463858137202008
0,0.01591137691045219
0,0.012554976803689272
0,0.02867483811362498
0,0.05850735996303078
0,0.0145231504167963
1,0.9734805864781658
1,0.41627287130377977
0,0.013083820367103663
0,0.09027543156811908
0,0.015133894235340062
1,0.7677080486698094
0,0.7720907869008862
0,0.015011385029983539
0,0.011097843307809553
0,0.7183914225406038
0,0.2610881542650043
0,0.014228444882700034
0,0.015468764581059304
0,0.01740061216874454
0,0.02238105066020838
0,0.017577735797549118
0,0.0912779258057743
0,0.029823691012906856
1,0.7849071530701721
0,0.09782890036286061
0,0.7192122146166798
1,0.2806551613468263
0,0.09621546887685536
0,0.8039225065660099
0,0.08154397906686191
0,0.24762129086747856
1,0.12289849422247606
0,0.019870213534045906
0,0.4697917371902032
1,0.9669167283402337
1,0.9770393544548254
1,0.3473224556824802
1,0.8141130076930441
0,0.016803354565080593
0,0.024604899386398364
1,0.8361841525585199
0,0.0065382341490011365
0,0.13624889555265732
0,0.05567357566353763
0,0.18637460972797712
1,0.6986799134133337
0,0.0042873954383369755
0,0.03393367923778787
1,0.933115632461656
0,0.09672377228644134
0,0.02043124719444796
1,0.9175863164013226
0,0.7298910379967432
0,0.025861749935155717
1,0.9101372121041874
0,0.39756979215979943
0,0.016457754138444042
1,0.4595599551703273
0,0.08254469010463553
1,0.9551548271626351
1,0.7825966304668757
1,0.9671666817918732
0,0.020065929686545116
0,0.08313587612766776
0,0.0067859706437402405
1,0.9828683959790189
0,0.008658216304385603
0,0.01425241302323303
1,0.07199025214584984
0,0.025463504694983718
0,0.03162466213913368
0,0.06414752377115096
0,0.01904093490060374
0,0.039716345391537934
0,0.0031563856092885543
0,0.16100020193567768
0,0.4669232003692957
0,0.007266818742271724
0,0.00808839990556537
1,0.915163222009395
0,0.02738715624404113
1,0.7516438798326932
0,0.01250502627826271
1,0.20956091528893156
0,0.024252097749613226
0,0.011702714246672883
1,0.7365841694358504
0,0.006974587822455751
1,0.7245604035340155
0,0.1839270264228565
1,0.7893741920052814
0,0.06678481738519645
1,0.9703561077436778
0,0.007592094240381619
0,0.07368291756992983
1,0.9438191576367526
1,0.9018365561117307
0,0.7648003804815073
1,0.9924897495711396
0,0.008264314682054385
1,0.07859351800277067
1,0.7852364679784533
0,0.01821364292507415
0,0.5269425706858187
0,0.1970780322524484
1,0.960071561860044
0,0.015410655087726354
0,0.009884109561312932
1,0.631041112539301
1,0.9310389308483819
0,0.17516739382374774
0,0.02219405915243971
0,0.012065640599732192
0,0.0036252558464020678
0,0.01722477823138841
1,0.9090847116807632
1,0.9428800257131809
1,0.9383637806798347
0,0.009580015049400927
1,0.3284378567777674
1,0.21882456084324617
0,0.07976328084750367
0,0.006544645841380936
0,0.4461903403008036
0,0.19357720798831024
1,0.8071161507226151
0,0.02065116561513482
0,0.021425906583715827
1,0.9841117928888811
0,0.7135697457889878
1,0.7852247028303464
1,0.305520752733797
1,0.976530747009062
0,0.004214159050936777
1,0.5262666688891628
0,0.004851846415513995
1,0.9539038027279511
0,0.006785741938598296
0,0.017828464842026125
0,0.0441111209101723
1,0.6420984172109904
0,0.3002976554056545
0,0.8195214452548475
0,0.026079915642207553
0,0.22566892972513683
0,0.5682387753346652
0,0.010351655309001406
0,0.2026710412125705
0,0.006761555979698515
1,0.044534797756397786
0,0.04296367776049371
0,0.2354848552598311
0,0.010201645318877984
0,0.05724873641150174
0,0.1007243086974178
1,0.5312561674759397
0,0.016605213200035922
1,0.03809006256205191
0,0.5132030664743596
0,0.04714952613907893
0,0.01936509835063901
1,0.838847726996726
0,0.009312572267834971
0,0.012176287770681686
1,0.8728626489234619
0,0.010745814056295164
0,0.04051909304074508
1,0.7033521583762858
0,0.014411344036847564
0,0.022230207403465378
1,0.8390422156556834
1,0.9264158090349278
0,0.005977830850124169
0,0.022236878549631887
0,0.8229848227060855
1,0.9706296510174004
0,0.22828829014832855
1,0.5657141255892502
0,0.8950605757736149
1,0.9590157091825572
0,0.015385696621117878
0,0.007074252370365788
0,0.07189477957821112
0,0.03206287815819483
0,0.0063219302984594905
0,0.32073951722336624
1,0.45029849316672654
0,0.09502230357803115
1,0.2561743872901355
1,0.9763482340535775
1,0.9813047716339112
1,0.9575776616103547
0,0.0070440243416179035
0,0.019696635730828364
0,0.025145597143528084
1,0.9029503235089237
1,0.9719430532597428
0,0.09708136367963291
1,0.22157181119059788
1,0.13168908795083362
1,0.9034532655293473
0,0.15936902792290536
0,0.06095898673865109
0,0.032200301310143564
0,0.1559714431052819
1,0.9586834304222586
1,0.9403290858489641
0,0.005131315189043236
0,0.32724334586752396
0,0.009032194378326263
0,0.026199740939656865
0,0.011154020294967584
1,0.7757866187351379
0,0.012060104632785415
0,0.010150046129134196
1,0.21406888099444876
0,0.017635750121683978
1,0.9600279020943532
0,0.007134253735017023
0,0.22742409348386122
0,0.04560638731120021
0,0.027438096912689842
0,0.05663824989760257
0,0.039222189335325904
1,0.11032989815180898
1,0.9424918519446045
0,0.0318406143282434
1,0.9617117439560205
0,0.011421371061107329
0,0.12508200882160844
0,0.09269876962101012
0,0.016230793893183236
0,0.05797818127921096
0,0.14746181765369937
0,0.11148857581023419
0,0.014253591109992504
1,0.9745194790076046
0,0.02861199610123816
1,0.6958095460414371
0,0.7154194052054172
0,0.058073308320131495
0,0.01654836233156753
1,0.9746477317379633
1,0.6929334212433179
0,0.09742195452099645
0,0.43220541221775033
0,0.02467192723688352
1,0.9178712344035199
0,0.055984146841142696
0,0.011308933117968848
0,0.011551173527232467
0,0.5281753779741122
1,0.10788977411231275
0,0.03359861121333161
0,0.9866877534216338
0,0.06714554546442647
0,0.42416988390785754
0,0.007648441893425012
1,0.9653263218538505
0,0.09462971082056311
1,0.8910658394110021
1,0.966538702191474
0,0.02185256699382894
0,0.011747156345233632
1,0.9148982873762669
1,0.8554805890054916
0,0.00909360710510438
0,0.007449885941465729
0,0.13098095244101746
0,0.012353664779482765
0,0.06841529656273129
1,0.9141849052279362
0,0.05430896395788008
0,0.05816391739318005
0,0.029574643495989966
1,0.8920376241130984
0,0.050882957168003964
0,0.06468292739273218
1,0.913760363046693
0,0.009657164669525053
0,0.01917507951188979
1,0.7841066254741648
0,0.06976254193537791
1,0.8390842683908174
0,0.018976009570140957
0,0.017569536237975074
0,0.036015003813939114
1,0.9083518792202191
0,0.01152676882355076
0,0.032895110822429664
0,0.019687812651584067
0,0.05154079376897603
1,0.9627056136364572
0,0.01903707253703895
1,0.44349895951198093
0,0.6166633492121626
0,0.15064655989838657
0,0.0034680472927983747
0,0.025781300936473944
0,0.011642008931906473
0,0.09911374379908831
0,0.005772987707078835
0,0.011208791199749246
1,0.915497017597742
1,0.8138070720475346
0,0.01782605295584998
0,0.06291188815844106
0,0.014389699443526242
1,0.5088081958402161
1,0.962854262953589
0,0.027825123856156802
0,0.8546661107788806
0,0.013367317846473463
1,0.22031935090956375
1,0.8815605763214156
0,0.8771315407547502
1,0.8277551634026955
0,0.0044899157368648085
1,0.5057460465537817
0,0.013060064232734266
0,0.008179918586888107
0,0.015571019816436367
0,0.8553981191303848
1,0.10498012980360219
0,0.5776515920558659
1,0.9262562748289054
0,0.07409894836723499
0,0.12331649734770382
0,0.008246744585739907
1,0.532682942867226
0,0.02283015140683414
0,0.39602378713385933
1,0.4089051894302996
0,0.15577559251164375
0,0.010673710468054428
1,0.9475447555555335
0,0.024897446584586723
0,0.11416381167303367
0,0.10381642816318774
0,0.007180539176477538
0,0.13597749252532332
0,0.05071355897719343
0,0.014750589365157886
1,0.19767646068812914
1,0.7764491661096764
0,0.7534096672285177
1,0.9520164509964244
0,0.05409170888472891
0,0.07174624580799523
0,0.2793114414446755
0,0.04870431455959657
1,0.6472162243235798
0,0.012296401619981603
0,0.012166950372784148
0,0.030384734877123308
0,0.18758073630953495
1,0.9683062530939255
0,0.010365634908925858
0,0.1801036428395006
0,0.01729258365657664
0,0.10230492173427519
0,0.008988038300718969
0,0.7727845188556907
0,0.007789547638287563
1,0.9670009501597453
0,0.00654946084757757
0,0.005790412983042236
0,0.01210915636813958
0,0.11388996599010767
0,0.03190585310588388
0,0.08191469955336297
0,0.9428795553998952
0,0.011473076535670815
1,0.9416163248850008
0,0.05498884688145357
1,0.6377998329602914
1,0.3186719657085001
1,0.4353202668593297
0,0.010988599255401984
0,0.028063351357788216
0,0.012437030881324248
0,0.028753354671506397
0,0.003452301296944284
0,0.018118795610344362
1,0.6766690934358407
0,0.07293079459267769
1,0.34034479447611216
0,0.01511655082574586
0,0.011062115457749083
0,0.06811727173371261
0,0.02341248871201857
0,0.018952397955948018
1,0.927584344483118
0,0.004272928178235659
0,0.032006650126684036
1,0.9571666731879294
1,0.9560438105167224
1,0.8208305623207253
0,0.07620157296367423
0,0.14415615390063768
1,0.9609553023764248
1,0.8400425114713936
0,0.026855472933186183
1,0.2485765943831267
0,0.029503439341569834
1,0.9844052750511634
0,0.01012977983502774
0,0.031374664134518795
0,0.39442242536005306
0,0.026070081719585823
1,0.3065382402225773
0,0.1635018642877174
0,0.022663560579649814
0,0.04838164034604547
1,0.9388866852868087
1,0.754478738190408
1,0.8871026993395322
0,0.021699886882814157
1,0.8625784477717973
0,0.017228814070743215
1,0.5039012604676926
0,0.012479809727332218
0,0.02184103622655075
0,0.00328841461870906
0,0.06691178815315034
0,0.028858066803469865
0,0.013184738506085618
1,0.3322349531283757
0,0.006457815709068726
0,0.00834692130954221
0,0.14434341314443294
0,0.01173938287289777
1,0.9738890660585512
0,0.0502339697641337
0,0.018349435286499564
0,0.5952298241921743
0,0.040208200707037345
0,0.765250078487041
0,0.03194756986667497
0,0.010301380517011955
0,0.824609456525408
0,0.025627055585511187
1,0.9878577435895346
0,0.02032739726460215
0,0.14533450748942925
1,0.9636212275440968
1,0.7186297887707902
1,0.9262685730967549
1,0.3369651024694301
1,0.25770488591165563
0,0.02699289440879147
0,0.00780325809028193
0,0.0076809482525040254
0,0.09334909480031496
1,0.8310014393958242
1,0.058889623047499534
0,0.044888961534422185
0,0.014147600998615098
0,0.009488850017979073
1,0.9458481731148658
0,0.17389694867924477
1,0.9610881866516034
1,0.7893470658787599
0,0.017613389757084513
1,0.9803346771043421
0,0.13420501022283918
0,0.04686707904261204
1,0.9566277392188881
0,0.0479630258170378
0,0.2075814256395533
1,0.5566420825217205
0,0.02316953437494628
0,0.4042544125927232
0,0.030384182835614292
1,0.7807494150493679
0,0.03910907051715346
0,0.020030873809886655
0,0.010726308978791921
0,0.044605182218442244
0,0.8991040552116047
0,0.2736878635662522
1,0.32705639123341274
0,0.14890270148892742
0,0.03526854119564761
0,0.04217209287480783
0,0.008186007145555669
0,0.2969133609099405
0,0.3781852842805974
0,0.06314457452155312
0,0.026788007436135
0,0.12148438874302178
1,0.45579696924921487
1,0.8417406833746415
0,0.028905931208718795
1,0.8949944771696288
0,0.0238556745021544
1,0.9386782153984166
0,0.05195309129394862
1,0.2770424500357825
1,0.9501764077598567
0,0.013822717239519663
0,0.013696537505785136
1,0.22569209581770516
1,0.40484937309239016
1,0.7697021673618378
0,0.006382301875701934
0,0.016392263961280275
0,0.07966745901752505
1,0.9636920793731065
0,0.1601612807601896
1,0.9612152201262015
0,0.03945202523248909
1,0.942088231311705
1,0.6396420118162753
1,0.929636289492731
0,0.10571326882921789
1,0.552369978753416
1,0.25192578083285666
1,0.0175417977503282
0,0.04350034684828852
0,0.09831845891309507
1,0.9549367945724515
0,0.010018337049927049
0,0.15809131540056884
1,0.9104330533831548
1,0.7167242039771364
0,0.02174440912294615
0,0.016573838008704732
0,0.8594850770989155
1,0.7392967405636475
1,0.9468030062635001
1,0.8973721625373153
0,0.006549054254174265
0,0.005687941196804887
1,0.9628753893879156
0,0.025339064892619233
1,0.8486524192769807
0,0.010468084839063408
0,0.015973073449431784
0,0.0075749960741002004
0,0.12545044426860985
0,0.21444870195031565
0,0.07717399595744805
0,0.06881042906173362
1,0.07424547695206773
0,0.8778952232058731
0,0.1415886996961279
0,0.00798776909877015
0,0.00611063875233684
0,0.19160912712105724
1,0.27966817168208896
0,0.008915074759907366
1,0.6042909002670936
0,0.010432336582317731
0,0.027065241028882064
0,0.00896824496563525
0,0.011253974289083373
1,0.022008307856406978
1,0.9138288159038193
0,0.02307083538179824
1,0.9775295497853496
1,0.9514532355782988
0,0.013306440941340026
1,0.933947903116677
0,0.36970180939498565
0,0.9454871107662621
1,0.21396925875868328
0,0.005698126532136898
0,0.0676405380304587
0,0.812908351549646
0,0.037495592201497265
0,0.13647353712785978
0,0.5851390180926902
0,0.27165551637583146
0,0.01118005047331152
0,0.05374750725718555
0,0.0028424434781438505
1,0.02634057014426471
1,0.9726198160676545
0,0.018396631868679566
0,0.0100790333689862
0,0.18955493930652684
0,0.027120313347280805
0,0.017582788554459713
0,0.010779030048928266
1,0.8223094697782786
1,0.06423589400465368
0,0.033514736987208964
0,0.01048463060080799
0,0.01840084576030811
0,0.030470986295069127
1,0.8376479462688061
0,0.09950932518747722
0,0.02341208788742608
1,0.015903731462031178
0,0.018317669917724485
0,0.12696968078358906
0,0.020686443757091142
0,0.22060201462243356
0,0.030674604419063698
0,0.03194343186823294
1,0.023027294627987426
1,0.8751844472109542
0,0.7276101421207266
1,0.9289544451941093
0,0.3546929660795419
0,0.04662856923263631
0,0.022654603035887323
0,0.013890282694182302
1,0.7501309501665043
1,0.9552234092947313
0,0.006832163884817163
0,0.017314793299431273
1,0.0039045558490832283
1,0.9748029131738448
0,0.019619531850017014
0,0.011146174362779114
1,0.9138555724908851
0,0.01826822670755459
0,0.05005588749777462
0,0.03535250240196325
0,0.9095104520621998
1,0.8630830721019059
0,0.010547659188759379
0,0.2125224727580625
0,0.18061483259879157
0,0.01107048950676694
0,0.01415210919646365
0,0.02041989160065875
1,0.020745866521922483
1,0.7694895787289849
0,0.032395774487413646
1,0.8019284038233627
0,0.023671616121040847
0,0.016790464078735218
0,0.01815268330830425
1,0.9439149468704455
0,0.018782473807175945
0,0.019071504754068574
0,0.04702064732274411
0,0.07115382854611223
0,0.11229514335530011
1,0.34104640449765644
0,0.023481693922281364
1,0.23496762941046798
0,0.007323808384695664
1,0.9681882660817014
1,0.8295890943082082
1,0.8307738871935801
0,0.011695746304037191
0,0.012419427957135415
0,0.01922243538567849
0,0.080727013466411
0,0.04310843723172862
0,0.016046394580876814
0,0.04093448191843338
0,0.2751631170758038
1,0.004050000277494846
0,0.006598799077617273
0,0.01208700449018765
0,0.3578872081435719
0,0.0888420822722632
1,0.7500085000704492
1,0.9493147278563769
0,0.017720702956667743
0,0.007620566583481904
1,0.897332597281295
0,0.2474835272373481
0,0.01816855281232913
0,0.05765997794890433
0,0.014979740999283404
0,0.010446869287985154
0,0.007611898265005191
0,0.8878884240342321
1,0.7207725762041767
1,0.888263932732073
0,0.06053939058753009
0,0.008252549588001623
1,0.7143238426048915
0,0.06396515749553995
0,0.013552001806235411
0,0.0369988002386
0,0.005606306115902778
1,0.5421768540304587
0,0.10770196894012557
0,0.03409832889117213
0,0.5345925240939996
1,0.5982117076092609
0,0.019833280101296084
0,0.9395552435176686
1,0.8699507148735336
0,0.04323974506001255
0,0.014312437793342023
0,0.03853820130052541
0,0.027773241810151665
0,0.0066019508069473385
0,0.01807390737627579
0,0.02524852229456876
0,0.3033272845183382
1,0.049994170735688175
0,0.02697290409414571
0,0.005210138374035634
0,0.9462235255395024
1,0.9615454669922351
0,0.0060375718153115425
0,0.04266754676415035
1,0.472997674530068
0,0.016892405961020117
1,0.8363973978794701
1,0.7955130878684803
0,0.010162784579710257
0,0.029439627349265793
1,0.9257889160255738
0,0.007390290669885166
0,0.033320270241594716
1,0.5144757815689898
1,0.09425493797205084
0,0.3993119993553972
0,0.03562333732543322
1,0.9532592117335419
1,0.12728583658783826
0,0.00682743518977599
0,0.006779143280771055
0,0.02649815772308302
0,0.019922753592954312
0,0.14074359587215032
0,0.02515300385492679
0,0.02765864630127923
1,0.9201525639823419
0,0.09123902926976749
1,0.0322733176024939
0,0.32542896566701274
1,0.6955503268102352
0,0.7284293810683847
0,0.38603817758879116
0,0.37720452300973073
0,0.012638175750058562
1,0.3178488075642773
0,0.03158390796754682
0,0.6011469115169783
0,0.01245811947810102
0,0.4713979474648218
0,0.5606932462091895
0,0.08357729234370588
1,0.572682092769635
0,0.022088155154378647
0,0.010653901977054361
0,0.06960856437998604
1,0.9650000467827697
1,0.5278514852275266
0,0.014524990622207168
1,0.8631781632985266
0,0.012312351962343768
1,0.5622927216190825
0,0.22799986964633037
0,0.01264123803181927
0,0.03993662283914176
0,0.25101646756544743
0,0.00629465388308035
1,0.9584975927071641
0,0.17586480165296384
0,0.0060477360727994
1,0.649766208604179
1,0.9532055172907592
0,0.02468533286849403
0,0.017442726111359944
0,0.019494821895826114
1,0.9850572734944008
0,0.21725720640371785
1,0.19512896731313234
0,0.025532288921034985
1,0.0054945624846474755
1,0.8047453197835189
0,0.007747202663199712
0,0.03233900746055483
1,0.9179153050988754
0,0.008950536084085855
0,0.03306907769378199
1,0.9487045307146481
0,0.059543075359318284
1,0.08207663066735753
0,0.016627468599983687
0,0.015506537787300772
0,0.13417977570547585
1,0.6431234304323287
0,0.015667889839541236
0,0.013967625788713706
0,0.022903974364091584
0,0.0511451415541909
0,0.008330807636036029
0,0.018621698055981697
1,0.9461468642346257
0,0.04520022346271889
0,0.024149210660083863
1,0.9605377525695628
0,0.7894856530784741
0,0.0242927582264457
0,0.4998342982123056
0,0.019600936637152004
0,0.007516375060251568
0,0.09453352797976536
0,0.16350501780293988
0,0.5513458000774769
0,0.03100971412794889
0,0.023868963573832884
0,0.17279554058031407
0,0.5027815592913981
0,0.11682152429934717
1,0.37152920470995576
1,0.7482641371182116
0,0.10879465779146656
1,0.7630845623946862
0,0.007488930808020366
0,0.016702948785671537
1,0.1815234949600276
1,0.9675380742919691
0,0.01536406455710262
0,0.013204912087328576
0,0.02686063939219619
1,0.22773806831954324
0,0.012055545355195584
0,0.006865139638971361
0,0.022347296627908308
0,0.011873408411981137
0,0.010730919975720173
0,0.011136748389619873
0,0.031588056497365215
0,0.9211989587014853
1,0.6301529315550788
0,0.2852925513858995
1,0.8902366075053334
1,0.6949806860328975
0,0.0096693191319427
1,0.9579805369874426
1,0.912043805164068
0,0.0465233306487469
1,0.04374652178792524
0,0.02232675692970274
1,0.4127411011797484
1,0.8062146663378275
0,0.02690612863832326
0,0.04924477470628402
1,0.45979761693766247
1,0.6555934041689062
1,0.9728513254858521
0,0.3663967307133706
0,0.021885754437251007
0,0.020189029656346807
0,0.007076993559855815
0,0.020132109268990696
0,0.007716155215426247
0,0.018238282641601152
1,0.9546165538921445
0,0.0681367585795362
0,0.01796763389900015
0,0.026910244912275498
0,0.6916782617496149
0,0.7518541774816769
1,0.9639723317282821
0,0.01648010672095265
0,0.008916313173318311
0,0.07631273700695688
1,0.6186698802950898
0,0.018084679078325144
0,0.011090789899334715
0,0.0446770123176497
0,0.38695174227054513
1,0.731065947879554
0,0.05963515111717463
1,0.31613316838154837
0,0.014207556830080334
0,0.010658970248933405
0,0.007789126666551427
0,0.006637140237591079
0,0.012987608066665976
0,0.05052143386410509
1,0.9773561366912861
0,0.008275200909490172
0,0.011782785980168017
0,0.028435254674234016
0,0.010689252225945377
0,0.32223215119538134
0,0.10454504648271581
0,0.028504003303235527
1,0.9671567964975815
0,0.08345142414555659
1,0.7412198271759095
0,0.013119691671862738
0,0.0030606801239684645
0,0.009405385229621283
0,0.009368626753981434
0,0.006991808672772762
0,0.03588502594397078
0,0.03574610724704563
1,0.9592872611794852
0,0.015069422917232378
1,0.816124337724006
0,0.015579721594731887
0,0.007068674686116771
0,0.0349989682720947
0,0.10478696857274399
0,0.007893043874262934
0,0.20736932832273566
0,0.528022223620887
0,0.7754281260730101
0,0.012273017026592387
1,0.9499306899690861
0,0.010332431658838404
0,0.06533902177553796
0,0.013130461919666225
0,0.03265189594436982
0,0.004938489422432231
0,0.025372145115742928
1,0.6211970125204804
0,0.024734758318737744
0,0.7874890621333426
0,0.9014029903882194
0,0.012227816835042343
0,0.06111507780812352
1,0.9916298332860892
1,0.8831576471684922
1,0.14688807579145213
0,0.007770284498160162
0,0.009308111614936556
0,0.02751677255738402
0,0.007917929248768366
0,0.02333692041511368
0,0.024598391007327372
0,0.011895158200264386
0,0.0622601543757168
0,0.31684474058935547
0,0.03190569454287185
0,0.031029603740348206
0,0.03392683663496429
1,0.7874701479782209
0,0.009697754288068641
0,0.08822822213794565
0,0.010977825480458487
0,0.3452700951133462
0,0.10037592761266834
0,0.010788103792542865
0,0.18894482403685922
0,0.017089648071369687
0,0.13020454456117472
0,0.037870492249129306
1,0.30847593262726913
0,0.029314764969669335
0,0.4067274289234861
0,0.023515650693296152
0,0.010674764985926484
0,0.006582369342964933
1,0.8260446679734511
1,0.9747712272110586
0,0.02116116641761611
0,0.11303469304871279
0,0.05819996612895193
0,0.010568524710881055
1,0.9503097405318295
0,0.01351860317492438
0,0.1719313634073665
0,0.020584381605538035
0,0.0063185158250249965
0,0.010560738834532648
1,0.9841672989157704
0,0.024499672178823356
1,0.2654711642587946
0,0.055373891427142996
1,0.5085504251731007
0,0.02177302958928487
0,0.03638144745136153
0,0.0060551224005253755
0,0.12322869009766978
1,0.9336547624716511
0,0.01049667807622473
0,0.007557915991760999
0,0.09988305676642364
0,0.7130297393906622
0,0.014846813554182128
1,0.8697990537954189
0,0.015192137142452308
1,0.6401685865644082
0,0.47180501468247
1,0.11003850060815977
0,0.006830260361926736
0,0.1437124984216335
0,0.013484330841031449
0,0.018649100746263168
0,0.008820167322188906
0,0.08854276654498382
0,0.022485332291086103
0,0.017005269837162457
1,0.6080821358033852
0,0.027499202172799178
0,0.006924520554688302
0,0.03376971787783304
0,0.07743850850298273
0,0.0031846271301375173
0,0.015625966100443395
0,0.35781274476484654
1,0.011999739214235696
0,0.012059710497463716
0,0.19363050526505057
0,0.929631139857622
0,0.7340467843155373
0,0.027033272784167558
0,0.018464875409113873
0,0.017564716368840654
0,0.01606955471143296
0,0.037202027697731135
1,0.3874526109955829
0,0.03162431629376351
0,0.09107360015220528
0,0.009476664297886439
0,0.02201756485380387
0,0.007654462648211974
0,0.04149629710374671
0,0.06657019923117174
0,0.036798704699226706
0,0.04093448191843338
0,0.030397176529015423
0,0.01896684868954788
0,0.04745817253549315
0,0.047919625886675095
1,0.9546887695246653
0,0.016607960205538834
0,0.04165651226140906
0,0.02245426867034016
1,0.8418452152309606
0,0.004618589208223876
1,0.8396908268612343
1,0.9510367102426083
0,0.22879243715270153
1,0.12436771079432912
0,0.09060218820099747
1,0.8195102764196408
0,0.020555173105393298
0,0.04529113082316509
1,0.11187015418842912
0,0.023354303604783074
0,0.05856348181708961
0,0.006971171253946399
0,0.011756126390195564
0,0.031179365930745245
0,0.003401802361747589
0,0.05340912879613484
0,0.019326718084357108
0,0.21939711093961878
0,0.005928887974738512
0,0.007920769782562894
1,0.1197311889624966
0,0.03661141394418033
1,0.9152276553358037
0,0.06025667288467061
0,0.5595368586640276
0,0.09385339699646841
1,0.9678744590762957
0,0.963403218079502
1,0.53546486261404
0,0.2480018603027905
0,0.022470191725285422
0,0.6304647086096853
0,0.04384796763352318
0,0.02036336484813368
0,0.015351477221481443
1,0.430576524812445
0,0.004965620130110366
0,0.017843281553578214
0,0.010916027721784077
0,0.016728632573499554
0,0.013296573135094664
0,0.3666779976421344
0,0.021690650148154807
0,0.035302927120723915
0,0.0236676370546588
0,0.021895428367574892
1,0.4507715540473151
1,0.12036080550316086
