target,prediction
0,0.16307969341231313
0,0.016147335355414436
0,0.04524570256121751
0,0.08672246565567394
1,0.7305480209590788
0,0.10964958245807223
1,0.8650957806604427
0,0.014126762986739452
0,0.18262672931013504
0,0.047957879319355357
0,0.03621014694494525
0,0.011077050861833916
1,0.066209751825688
0,0.09898606649755598
1,0.8785406822734863
0,0.11423474772634502
0,0.029520673824882385
1,0.21408144417006517
0,0.022323113650793116
0,0.07177345438555063
0,0.11576241107646884
0,0.20454170247074563
0,0.07026147884860647
1,0.5854228891430945
0,0.017620681779821467
0,0.2724677618888191
0,0.01201317335171567
0,0.05311075600455739
0,0.011415554361532227
1,0.8903183875652494
1,0.139501216489377
1,0.8401187743870858
0,0.060876532778352664
0,0.05705823729999757
0,0.03740448651600554
1,0.9080452147570822
0,0.03197288556913481
0,0.03821443436712172
0,0.05040431501853634
1,0.9677644635867104
1,0.831558168784009
1,0.8440509737103595
1,0.254634255776317
0,0.07300383164994313
0,0.029659423103953114
0,0.019676249954636
0,0.07495789752898803
0,0.09311282545816797
0,0.11518408067737233
0,0.2503954896667722
0,0.07421056382638204
0,0.2226078866467106
0,0.09804839399988925
0,0.06885902815419485
1,0.9399521162744493
0,0.032511107869953045
0,0.4736234071249647
0,0.36630050861270064
0,0.7808586553582674
0,0.004517207594223814
0,0.04030071888022472
0,0.03559181326221567
1,0.9636312847512838
0,0.03392514315923156
1,0.9059797271575901
0,0.46455514002803794
1,0.940063659796311
0,0.17337582761070947
0,0.04226177064626759
0,0.22112637624247442
1,0.7552157587018383
0,0.024808199596957986
0,0.05037403435361261
1,0.30953082828434386
0,0.03671530062005905
0,0.0668071379178182
0,0.019880372336347023
0,0.01412429146333112
0,0.03448398573261444
0,0.07434346281011714
0,0.18039113948024843
0,0.18520604333877502
0,0.06701290243177838
0,0.03754880316015936
0,0.08308139889071088
1,0.9612649578963602
0,0.011899430926853421
0,0.7524155556496248
0,0.021837685083597045
1,0.5577515615582017
1,0.9605110419111379
0,0.40945915754387413
0,0.06434454078960376
0,0.061392709407613794
1,0.8244879377755993
1,0.7580747371100477
1,0.17476963600819273
1,0.8657972991222185
0,0.5151210682364115
0,0.0961515651908347
0,0.00741431625951742
1,0.9506296191071917
0,0.07167874601540271
0,0.023300681800046453
0,0.3305030479864208
0,0.7097090069684715
0,0.015943362905337686
0,0.7526220625258555
1,0.686403304299259
1,0.30827813708675983
0,0.015027743164480786
0,0.04423905143557077
1,0.923803277050345
1,0.025867401306588884
1,0.641117424346845
0,0.022878950192958006
0,0.024112123250719136
1,0.03639364275489415
0,0.054723876591080765
1,0.486558617967291
0,0.1568103322188741
0,0.04750352172699669
0,0.03967901068121004
0,0.0279999105342554
0,0.4565439158101367
0,0.19867931479239492
0,0.03739218056202006
0,0.026393424991753414
0,0.01583690007171958
0,0.1964149980150444
0,0.026865901319160546
1,0.4084359827645685
0,0.03602928813877838
1,0.9627311913132834
1,0.8557550325535551
0,0.14713479287730824
0,0.0322466697809124
0,0.02061005653635803
0,0.006294471865022093
0,0.05028183069220431
0,0.013393925066085598
0,0.031469662939565615
0,0.04906778713421232
0,0.015654467453994635
0,0.023547488041352465
0,0.043041753885221995
1,0.6151534826857966
0,0.6090398042341596
1,0.25728307932524047
1,0.9299966971645665
0,0.054385485170075965
0,0.14914199204032186
0,0.12760294552409476
0,0.019695826597756216
0,0.04567508305827937
0,0.058637159493604755
0,0.027580162255794346
0,0.022915564339120897
0,0.03134237820173561
0,0.11137647455767082
1,0.7259502691718902
0,0.22215437486719375
1,0.6464518466644963
0,0.3276939948981559
0,0.009162451634810791
1,0.29734815801371967
0,0.06639616954167377
0,0.015458742047620391
0,0.017356414289673806
0,0.00964630358669985
0,0.014876533410306078
0,0.1045582498158872
0,0.05503645112803762
1,0.5933854971204189
0,0.20972461969692782
0,0.007990411114595855
1,0.8588018777101509
0,0.021784872888629132
1,0.5194805554096856
0,0.01747452955150184
0,0.02399816885326141
0,0.060306989968088115
0,0.05398620717324303
1,0.7026223849482506
1,0.9677370572812826
0,0.03960792377001724
0,0.026824901968048275
0,0.012463191878237793
0,0.06182604921861205
0,0.20242950056929623
0,0.01873477724755467
0,0.025478460075354464
0,0.10938544345960458
0,0.028171051709394913
1,0.7214032969250488
0,0.029297905491132443
1,0.961705086786738
0,0.03652541529614292
0,0.013924605013710865
1,0.5337919813222435
0,0.05061114512930316
1,0.8612428152136788
0,0.014690166339376117
1,0.9324017367823875
0,0.05141651476214503
0,0.056368885287001
0,0.05976907707401533
1,0.8555114687319673
1,0.9377731724438535
0,0.031014512609950463
0,0.036087128732332885
1,0.7798893359432851
0,0.0764833450485628
0,0.09228324315191193
0,0.02170066259336269
0,0.012620789989518887
0,0.08336860063985704
1,0.22335810781544857
0,0.03325127323807771
1,0.6579033006769047
0,0.3631551942213982
1,0.7869541918318634
0,0.0258270953947565
0,0.06883199352153758
0,0.4218164013044799
0,0.11481267099977327
0,0.031624322964695854
0,0.02911002252025678
0,0.04466586600193598
0,0.2710402180196194
0,0.08629981916465596
0,0.10715439770712942
0,0.6558847181324683
0,0.06985299675737515
1,0.9470984129332378
0,0.028497698270350227
1,0.9692173043583161
0,0.40706719288087984
0,0.01972451943002143
0,0.022015519885742872
0,0.018834403752761655
1,0.292899346902728
1,0.8317305960371606
1,0.9506715882393548
0,0.02278218225127213
0,0.48459301103908203
0,0.021213266932278853
0,0.04998302154071447
0,0.03624678116146607
0,0.024125226700618587
0,0.03427173893691614
0,0.009121074393165498
1,0.7008709619450876
0,0.00803029238773115
0,0.01845304376796597
0,0.02349516924272728
0,0.018688420583358102
0,0.1093218963198596
0,0.020798395762506833
0,0.17902549979516014
0,0.07055290691843755
1,0.9259197376937665
0,0.019457644025631222
0,0.0783372589742991
0,0.2723643253591198
0,0.13821328753822898
0,0.18422410451339613
0,0.019369558302968683
0,0.04644454083427948
0,0.012999305018811266
1,0.5607784850519084
0,0.01075431999382905
1,0.9720840782729651
1,0.910228021748866
1,0.3618722706814371
1,0.13070856932726707
0,0.07552125659119713
0,0.02131920877488983
0,0.041686559743430156
0,0.014207707310366757
0,0.019357766982582476
0,0.007293079206918864
1,0.9885110348146485
1,0.9302063687772535
0,0.010884481348100395
0,0.6904404854669756
0,0.1111093584507945
1,0.8442758974672526
0,0.01585802201093775
1,0.3123220060899212
0,0.027659859091277512
1,0.9735679487312603
0,0.010814319996654475
1,0.9624922223707877
0,0.1474905928316859
1,0.49398631108906793
0,0.054457133850226894
0,0.05309337182411997
0,0.03610229228839779
1,0.9546479199033329
0,0.14261110062623678
1,0.07834136577531471
0,0.005594036499060995
0,0.026974985016275533
0,0.25923450490940253
0,0.020346037580403376
0,0.010840006510486666
1,0.9062486803227556
1,0.2797618328327759
0,0.24851845990593432
0,0.03489079928474392
0,0.027276119199832298
1,0.9803485628855807
0,0.05446801886880248
0,0.05952506750686972
1,0.18944711125084962
0,0.0075383711021291145
0,0.07528555952315216
1,0.9821010240014604
0,0.056618329034396994
0,0.004621728013741903
1,0.973536356376419
1,0.9792820373433543
0,0.02437699559938205
1,0.8950107803149171
0,0.07296249535647259
0,0.013497044061342292
0,0.8772903691619147
1,0.8923937829397665
0,0.04215825145089495
0,0.06139502815605341
0,0.03736041834129976
0,0.31903904136174177
0,0.010250949387346005
1,0.8687850272340176
1,0.9838429709593239
0,0.07991296877928952
1,0.33937222395155625
0,0.02747859815715048
1,0.5026179096512069
0,0.07092196895969737
0,0.019268021129455564
1,0.7863620889072025
1,0.8077428412041442
0,0.021232320899617595
0,0.42109343009895217
0,0.08151129556100807
0,0.026287510712726187
0,0.2467429587722204
1,0.8688153110159693
0,0.0355746932427307
1,0.8258019464291018
0,0.24203743398987482
0,0.09475467999675956
0,0.046332806441631784
0,0.02990234333806476
1,0.16059243000743814
1,0.7944557132761558
0,0.031831904221438126
1,0.8545333162180327
0,0.022301809088628343
1,0.5911942004551535
1,0.2760002067144723
0,0.07356474031166467
0,0.028498206422903866
0,0.016250164461401477
0,0.018470831109783824
0,0.024235359240909235
0,0.025427322579019907
0,0.02154865199339071
0,0.2551513532757454
1,0.9691573289156601
0,0.06028498816106843
0,0.01777993211001242
0,0.2799626440366949
0,0.05612262731150592
0,0.04516207655210774
0,0.04287481763079933
0,0.7547598850610916
0,0.19168776512629285
1,0.9157607263064739
1,0.9701379699880923
0,0.03644110357229601
0,0.13801763186344068
0,0.3972007163107163
0,0.0391360725795204
0,0.06738858087776105
0,0.03196800213787393
1,0.7308805951044067
1,0.8589011082884178
0,0.1173078454437726
1,0.08793479054927136
1,0.9433970620078451
0,0.5503234289278635
0,0.1730992948396602
0,0.014619413953526365
0,0.04051931345949749
0,0.021771456283035447
0,0.008501317752213416
1,0.3488608061463508
1,0.6480180564245951
0,0.0939104861183133
0,0.020842597700232248
0,0.020210190021178534
1,0.8134228743739619
1,0.9217300071634554
0,0.02260267367648087
0,0.24941101111904257
1,0.8694926663237621
0,0.011514542587349035
0,0.013316910540369327
0,0.019860757169302048
0,0.1090860029389207
0,0.01308608322845539
0,0.01156089557496558
1,0.7351251539354481
0,0.8023314370990474
0,0.2352529080128526
1,0.9727921007239633
0,0.04189563598059893
0,0.1631028226264141
0,0.02910636995256675
0,0.42800673038933823
0,0.03385202654152815
1,0.8731328500276909
0,0.060331689342518466
1,0.6852143686210292
0,0.046845808155094745
0,0.03863090776428257
0,0.09228353539557076
0,0.021266666583992747
0,0.055598287863106124
0,0.03643257705359674
1,0.9676458884033659
0,0.06551809013138653
0,0.040538241605858276
0,0.008719411692576303
0,0.19368678956432797
1,0.5647200384248866
1,0.64200989605036
0,0.07617167198536405
1,0.8811125016741247
1,0.742086774388985
0,0.027406414106918832
1,0.8244304300190032
0,0.19213188429283617
0,0.15410490534185897
0,0.9233120010116588
0,0.03599638523338959
0,0.015309190699482625
0,0.015751782229246086
0,0.027532405356643034
0,0.03346074939793973
1,0.9880519881048049
0,0.01648085713022004
0,0.021694427392153486
1,0.2268827964787182
1,0.9042091906073196
1,0.5904499688398878
0,0.19343059422053957
1,0.33543805159838475
0,0.022713757085294432
1,0.9059980495409408
0,0.03580620359926495
1,0.7472254323361849
0,0.1384253473291274
0,0.06033772178320017
0,0.04254225690011301
0,0.026729224512439982
0,0.0702366472416815
0,0.01694356008906215
0,0.0850738254133587
0,0.017431278036190666
0,0.020842710503227634
0,0.1007933246181491
1,0.9737221991909748
0,0.05509878260696303
1,0.78562935625881
1,0.8841433018937811
0,0.032547378202970816
0,0.01360088904257036
0,0.029814856693124746
0,0.037726143676089376
0,0.05482717931909261
0,0.02332504084000356
0,0.03608661924739008
0,0.09670737584227597
0,0.010381949882628375
0,0.03321014389867604
0,0.03198890571809248
1,0.9551380217962748
1,0.14096608324842727
0,0.04142276882794538
0,0.057155500814398436
0,0.041933189131168815
1,0.8077748083746129
0,0.04483182492921357
0,0.009286034258119817
0,0.22757200953363269
0,0.09319258918703112
0,0.018081070429555937
0,0.04031440746518824
1,0.37697279831597846
0,0.041209626801543796
1,0.9679187160483596
0,0.011730300380457945
0,0.007922053193847952
1,0.5307026388935139
1,0.23110334653398357
1,0.9745382148007105
0,0.44461741818786393
0,0.03234890145569715
1,0.21535638999515405
1,0.5881101850289695
0,0.13836832995578432
0,0.013095450553035619
1,0.9449795983071998
0,0.044249840996251594
1,0.9742929193103788
1,0.8229190197915476
0,0.0958931785691223
0,0.20549669107881005
0,0.0335607190554292
0,0.021804868340328187
1,0.44260954170224537
0,0.02495075468738787
0,0.04200421669307238
0,0.04875201691523833
0,0.054791532736356195
1,0.14465537589107774
1,0.4065810322505591
0,0.08962463485893067
1,0.6097270579969335
0,0.035496161790445055
0,0.10236478725795592
0,0.05471919054868915
0,0.11386233746010492
0,0.13943983481899005
1,0.8749505857209926
0,0.0581973386093532
0,0.07682185280279473
0,0.01291415818785616
1,0.5971187084036458
0,0.0663684357801845
0,0.0384473553564607
0,0.023163989779120635
1,0.832835212576902
0,0.21807987330414172
0,0.04894306975756443
0,0.03390081677976483
0,0.5963992963735865
0,0.7152460825523863
0,0.042230580387631264
1,0.8081503754844498
1,0.3182228316835166
0,0.031324185668918286
0,0.8813096071709856
0,0.08202495486405437
0,0.42512000002994815
0,0.07015143535852665
0,0.02561226938521139
0,0.007801868990034446
0,0.34881284405567115
1,0.05355305562693413
0,0.021755343640976466
0,0.1286913552888915
0,0.02315501995626346
0,0.034376085760436506
0,0.039818641566379924
0,0.3132972086220254
0,0.22288525468206888
0,0.03448283014561433
0,0.7494609953924959
0,0.005905613223398662
0,0.28272012495351306
1,0.879826028620557
0,0.02356533384396755
0,0.33431142838982053
0,0.42432240166053087
0,0.013388661016503009
0,0.022203341971991492
0,0.016069033000178697
1,0.8934083850958652
1,0.45600636779556575
0,0.03958309885934137
1,0.9665796994688414
0,0.008832629245796758
0,0.13304655321893882
0,0.02840503462882731
0,0.027427474931121566
0,0.05988069603597921
0,0.04807721992104853
0,0.02527933709309128
0,0.09254171394618366
1,0.987732097015831
1,0.46944706480596715
0,0.05596060541760546
0,0.06517242964278368
1,0.9270660177749108
0,0.06263624598633323
0,0.06371540235469507
0,0.05518945447119029
1,0.7542336030448904
0,0.0828389756766882
0,0.024937223800338252
0,0.8419558269125814
0,0.019933851487644625
0,0.012732446337819461
0,0.46383193309486026
0,0.017689219239960554
1,0.6569495745894218
0,0.05251327057028545
1,0.9892707719171727
0,0.8992526909249284
0,0.043619520759084505
0,0.6362269588117282
1,0.8451284126896043
0,0.018658624030828137
1,0.46315308368003094
0,0.058847142779989904
0,0.028699221834721064
0,0.054926240643095155
0,0.059703036184094956
1,0.9261810964156635
0,0.7982441154462232
0,0.020904169460004552
0,0.3231307844691203
0,0.019473405819325426
1,0.5040575649521896
0,0.02045149838633529
0,0.08846092300917759
1,0.9192251021120007
0,0.03611580458610086
0,0.05217642245791021
1,0.2397102545029176
0,0.031070613399431745
0,0.5385065429655312
0,0.023777461377803576
0,0.010800508197073991
1,0.6811280892074543
0,0.21069718147083574
0,0.06707862685105138
0,0.6534423048683886
0,0.009985490746715172
0,0.19878581120054456
1,0.2543706648785518
1,0.8176293138864251
0,0.17109363529921778
1,0.5934234183257042
1,0.9502200567096541
0,0.00897480602669927
0,0.14560452392847176
0,0.021178583271735604
0,0.02813289014663706
0,0.04960953596268418
0,0.009695034133552317
1,0.8149108347873669
0,0.10815640759739806
1,0.28916981843097395
0,0.7161232976260398
0,0.5678454419702487
0,0.02435676853645961
1,0.43014844244743383
0,0.011227427520488437
0,0.0353646506894011
0,0.017222062271035277
1,0.8921202343537168
0,0.02445056324728822
0,0.16190644681512945
1,0.6970759877252629
0,0.022849776174097287
1,0.9504718815521732
0,0.06559070900262573
0,0.02607604913945773
0,0.07074661433784839
0,0.025487579440501354
0,0.005891114064749894
1,0.6464013278677563
0,0.6613291750271554
1,0.9009660213878232
0,0.006599489535676742
0,0.7237718332241109
0,0.013529945572571108
1,0.5971187084036458
0,0.5698289348918812
0,0.06605729520362646
0,0.6560470802385183
0,0.028068946708845216
0,0.02500752634275276
0,0.00690499525752249
1,0.2245193935821014
0,0.3393162693185649
1,0.44610011022764784
0,0.04609668702163925
1,0.7157771381416134
1,0.8644507168409267
0,0.052872091021404936
0,0.056238155473785925
0,0.10251172435875754
0,0.02594630791622001
1,0.9745558695293522
1,0.4559145615009331
0,0.021024000487845883
0,0.031993361852174225
0,0.008483612639025341
0,0.6661542910703079
0,0.030553789431311026
0,0.05905731776624751
0,0.004135386780490709
0,0.03083750557787425
0,0.04557954956935333
0,0.526568527582875
1,0.8586625260661834
1,0.2271139104786686
0,0.07538382522502114
0,0.027823982544960574
1,0.89102816753359
1,0.5684008311344763
0,0.04211866158600719
0,0.022480675013249726
1,0.5614325183229092
0,0.7436022475813789
0,0.12751235161739188
0,0.4921980675939075
1,0.9118526882268603
0,0.0286301352572067
1,0.6796436831169138
1,0.9811807591833093
0,0.05533015714475413
0,0.2521481590582782
1,0.8625564034286908
1,0.9144270944495293
1,0.9888683830153577
0,0.020806806073067206
0,0.1529233454516594
1,0.8292169565686532
0,0.03735950697595308
1,0.5148746195297511
0,0.04882538944020491
1,0.49029008447692357
0,0.06309256494266911
1,0.20782258042753973
0,0.010851058520709835
0,0.18656286312611342
0,0.015954844866128127
0,0.010786844384442319
0,0.011480325928142724
1,0.7679628453739776
0,0.0610867939836049
0,0.0278545731642772
0,0.01439486527960545
0,0.06843952680661293
0,0.005318254039786356
0,0.17625330390385868
0,0.026997196264612017
0,0.04138125769930689
1,0.46033283592964713
1,0.3984428688534043
0,0.0369671416977216
1,0.7959575138809861
0,0.13095884906806984
0,0.08941044160251067
0,0.18679702527580172
0,0.16882199063228362
0,0.029625807045410707
0,0.036258179739064235
0,0.021423291105434665
0,0.009031753571391132
0,0.009950108725252867
0,0.7120596549742486
1,0.8606949426309779
1,0.3329782780370794
0,0.010738647317809947
1,0.5181780670165865
0,0.052491508119054966
0,0.025855299265204402
0,0.040771700186538674
0,0.09282953194914889
1,0.9190153764382979
0,0.07876412093262641
0,0.01658593569200736
0,0.1289533630626188
1,0.9684428751239393
0,0.10056438739972152
0,0.01945929258707147
0,0.9455045544339182
1,0.8580289571306627
0,0.13203830281693268
0,0.24950918908119166
0,0.20616656398192634
0,0.11602315263229855
1,0.3331819516271042
0,0.009759031724890694
0,0.015575028135267616
1,0.36902197592269526
1,0.6855475607640292
1,0.1517825108935999
0,0.3265282245825188
0,0.9303298083154314
1,0.9499142784465309
0,0.006889379222420992
1,0.6715289460456894
0,0.03845041976547184
0,0.0574315014170303
1,0.8524608155325117
0,0.7407205689460702
1,0.6771495353677645
0,0.17171795754202054
0,0.0831025768344354
1,0.803719615075357
0,0.02516852178676211
1,0.6382413839153057
0,0.037676466642237866
0,0.11330598263988267
0,0.04514074090539146
0,0.04153066312328765
0,0.020925988451558367
1,0.6333043596741977
0,0.060506095492209186
0,0.02855469611706166
0,0.012458358541007679
1,0.8313694028608442
1,0.9438425747586835
0,0.035177394699129436
0,0.018719926766683194
1,0.9804159652751809
0,0.0758106425655724
1,0.43184690175067825
0,0.02890948066831638
0,0.018718785724152576
0,0.019039700428298646
0,0.046730236530057014
0,0.05062152567374208
0,0.37749661716634453
0,0.11031278012663008
1,0.9757199311887533
1,0.9332367320979645
0,0.382999848410156
0,0.03881094586710351
0,0.0445002475364848
0,0.2128412821074209
0,0.006202879122155054
0,0.0652161703544987
0,0.14021851047894124
0,0.020511762818685015
0,0.04210631998861001
0,0.046318038020037866
1,0.708850510519835
1,0.2913596997633485
0,0.04943203685921034
1,0.8725852355640933
1,0.8667093355461106
0,0.4526206702040071
0,0.7305373951356777
1,0.9751249952334029
0,0.1076756171525256
0,0.023085214998865934
1,0.8236554391353383
0,0.023233213800677808
0,0.02389095715686706
0,0.22082355431663908
0,0.03328024092706395
1,0.03009093257254616
0,0.011000377128375897
0,0.013334726666890132
1,0.9830092054646253
0,0.0246317013995744
1,0.8764406986528623
0,0.008166651483692026
0,0.022531890098008826
0,0.03202308925047051
1,0.2336510212263508
0,0.021812026581815358
0,0.016425056279523793
0,0.017422490520178326
0,0.2093293598753995
0,0.03263845046193713
1,0.9310475926469685
1,0.9508046001719095
0,0.034359266052279
0,0.06440686088078866
0,0.06691655983643051
0,0.01697934231301416
0,0.020357925679800205
0,0.08222091904704201
1,0.9648953516256948
0,0.03154407704081672
0,0.7441319565939731
1,0.964472102393159
0,0.00968564297331302
1,0.8746091356466894
0,0.13371991206556946
0,0.009610178170356268
0,0.4753922328115634
1,0.43157608332094916
0,0.046842788007439094
0,0.01112200846330139
1,0.7540603519280125
0,0.13630778555962564
1,0.9500975443471334
0,0.03006094804052493
0,0.032844236302648266
0,0.8855381337288837
0,0.028828596173186366
1,0.8008220301488831
0,0.03357973527223228
0,0.05062684387844116
0,0.027828544671951855
1,0.20908898111287594
0,0.012895382865301373
0,0.14344012280134266
1,0.4600045970852142
0,0.02669531502371241
0,0.11437807607896319
0,0.010257830454833196
0,0.20186019711600228
0,0.07647571037798205
1,0.9701878820229332
1,0.42141100148016175
0,0.017241553949390722
0,0.06408860658141236
0,0.021521516733309164
0,0.022998361536327592
0,0.007419761607500511
0,0.011007678046736278
0,0.19725387387198942
0,0.06571845421249702
0,0.03550384405829516
0,0.06910588919395368
1,0.7497224555429438
0,0.01641026640605932
0,0.24920183255693798
1,0.3920259479956501
1,0.9419705474395893
0,0.014818182013050326
1,0.89373898179191
0,0.06377837171307121
0,0.01953046551971152
1,0.923823298552989
0,0.3344930356841963
1,0.6414448439409244
0,0.0702611468973758
0,0.021677778611427098
0,0.13986981714137423
0,0.02158300146603013
0,0.026610256880964515
0,0.03764512028792827
0,0.04508869563265679
0,0.022673241722600632
0,0.17645477781614277
0,0.01246120798024397
0,0.0428134791648725
0,0.7940857868134374
0,0.1533591332743909
1,0.8004509416463128
1,0.8617520062967996
0,0.6871941269628815
1,0.652633734219081
1,0.5451361945875327
1,0.10898233984314308
0,0.0541569503875075
0,0.08086861826506983
0,0.07153868568295672
0,0.54948974042746
0,0.052213593558992584
0,0.9172057769073404
0,0.2728663988964037
0,0.09617373064334163
0,0.06734817101474364
0,0.14445900880151735
1,0.818041299871388
0,0.07335010309750895
0,0.18841149575064156
0,0.10520625178361732
0,0.04427450740861938
0,0.12342420462172034
1,0.8070386349671713
0,0.018975477034585457
1,0.9881271524668646
1,0.970235989384616
0,0.12026060567918652
1,0.5358005559461063
0,0.01805634123952162
0,0.019319166602748832
1,0.567975628454395
1,0.7870574218822961
1,0.6772496923863062
1,0.9067006217675654
0,0.9497182044960005
1,0.6418975904415446
0,0.015311208056383084
1,0.9117595936775763
0,0.014701816185642645
1,0.7167934607716745
0,0.11116142533485159
0,0.0317628025442064
0,0.12388116567074536
1,0.773877623808866
0,0.03170270603405746
1,0.22528943092576942
0,0.012949147648363355
0,0.04477633545232575
1,0.9528438496274503
0,0.024778269871500523
0,0.6990434987130951
1,0.7752494574876497
0,0.49383813411263666
1,0.7112640622464759
0,0.029016449251818212
0,0.036381884233025956
0,0.0475525670336833
0,0.059012231580254794
0,0.02952214571106466
1,0.09011860421597938
1,0.03742524251190179
1,0.8203809526883348
0,0.21618014617080591
0,0.4477748279609928
0,0.04628959913032752
0,0.014250318055791897
1,0.6799836657586061
0,0.07004462507082942
1,0.9421127508515145
0,0.009072372245709157
0,0.013816587226253778
1,0.22967227968430687
1,0.9402729647551146
1,0.8251664821515884
0,0.08565749934046385
0,0.028074378498233722
1,0.930189056041676
1,0.5876354835246055
0,0.08340094458848107
0,0.028430694939596494
0,0.029445622528521728
0,0.021427358936245228
0,0.204833914184581
0,0.052936293552612805
0,0.021090954033671158
0,0.027661024861112476
0,0.06763445799813807
0,0.2662690125202694
1,0.14878144578164373
1,0.851799310459475
0,0.017379999404262225
0,0.0051276535133697185
0,0.0775545254467256
0,0.07746802647437474
1,0.9596735041832164
1,0.9477673564600109
0,0.014173366323496082
1,0.12365844133803008
0,0.016834842693214096
0,0.04319380057313323
0,0.11529756974083052
0,0.4462186332290917
1,0.812614261469938
0,0.009855552079724576
0,0.03734543398733847
0,0.07156054510344124
0,0.02763603686242177
1,0.6636154245590432
0,0.023471217513993226
1,0.23434498740396695
0,0.01922016933964192
1,0.812443057596418
0,0.04380739874591113
0,0.0323668572905855
0,0.037366344978643024
0,0.04728622210344235
0,0.06761812669893684
0,0.04217096326562696
1,0.8022259997941565
1,0.770565588771337
0,0.07265289072605019
1,0.39228254211400987
0,0.022475551626500962
0,0.004658923160502109
0,0.008618774809973426
0,0.026336591837983907
1,0.13698592364713655
0,0.010914336549132708
1,0.9169501021251184
0,0.01590231553327367
0,0.06729160659518663
0,0.05182462437528378
0,0.3074403363137884
0,0.08565327099960393
0,0.018849125429574697
0,0.05788952288812926
0,0.027918752056062916
0,0.2857328182567794
1,0.9221779659564865
0,0.028959038718840827
0,0.03449116871497344
1,0.8618468492018215
0,0.12906548861582665
0,0.012999316379640418
0,0.04287582679960082
0,0.04046269265234724
0,0.014918964571832116
0,0.10829140270683456
1,0.8288121788848614
0,0.018938236816043414
0,0.012727597359511346
1,0.6272315481076219
1,0.7697620254955719
0,0.12197868741116838
0,0.06800140773520733
0,0.014284443793719436
0,0.06578389642246228
0,0.03517001763488848
0,0.2029422901386348
0,0.7171374080537223
0,0.032969030991659126
1,0.8328989237739097
0,0.13000456045133696
1,0.8487170395771212
0,0.2979594714079549
0,0.03871932377708711
0,0.06092573754559317
0,0.017884734648498966
1,0.42450280555614883
0,0.014882346355169171
0,0.47336346729798146
1,0.860849161882351
0,0.044132497968142066
0,0.43142545308622154
0,0.019124845158402633
0,0.05443348439776624
1,0.13053737436932164
0,0.04822377269553456
1,0.10826971459068349
0,0.18160262411620876
1,0.21194022235320564
0,0.015754210577376183
0,0.1884340514541962
0,0.01609666704143514
0,0.014742676173756155
0,0.009375956206600967
0,0.006740657231606855
0,0.026714346673370276
0,0.06279444711818417
0,0.07655898982686773
0,0.014467749783966404
0,0.048644856359154796
0,0.020428864838685525
0,0.055072255256117544
0,0.12295633513264813
0,0.10782889154765495
0,0.012258159452124193
0,0.2050050869565586
0,0.1272284342232454
0,0.03410012280065333
0,0.021923989255057945
0,0.02565176617220055
0,0.14571498030354482
0,0.03874416620537844
0,0.02189936857776785
0,0.3706762073036772
0,0.031133913999583093
0,0.05538322345161039
0,0.04686200713253468
0,0.02261164511872474
0,0.3207997456557693
0,0.007481001678314427
0,0.01585430898268773
1,0.9687741768371932
0,0.4086045861302259
1,0.9656015986129945
1,0.15589669497252298
0,0.03275464952412288
0,0.021674555291087274
1,0.17582611244205143
0,0.04158230358469104
0,0.04184761567198577
0,0.7869541918318634
0,0.6935377686437663
0,0.01659903176808482
0,0.040744499138018746
1,0.9796394342203899
1,0.9478339622673674
0,0.03201734234567748
0,0.02004536503080815
0,0.1026303318157299
0,0.10163307035465319
0,0.2884802396358703
0,0.040869026467520206
0,0.7449256126303001
0,0.021454371219829804
0,0.2114821438721449
1,0.8671817200181487
0,0.025301844972190873
0,0.14203207879287982
0,0.022513944613616572
0,0.062067460895427626
1,0.09186190122928342
0,0.009342920312394797
0,0.05000128502556699
0,0.06495052352852715
1,0.8416228155789426
0,0.1737925561689878
0,0.036152846914186874
0,0.018113339758840483
0,0.2053943880083562
0,0.1337900497929266
0,0.5289463861303192
0,0.030101668070143965
0,0.5554476144509959
1,0.9572770979646467
0,0.05277017206130231
1,0.9327887310594327
1,0.26243676747277
0,0.01880571303551552
0,0.7692576211244254
0,0.03071045009890295
0,0.0788691027822701
0,0.05653543823969648
1,0.45076997687383064
1,0.10092016356330406
0,0.10328714118695156
0,0.04315241267899134
0,0.03718141232480156
0,0.34846438128459
0,0.015081901925387128
0,0.6051327346428108
0,0.026440925158703887
0,0.04457088882723306
0,0.033152463749679034
0,0.26366168471747337
0,0.059960343927140364
1,0.4125406500898598
0,0.1160945410591946
0,0.011037318167071859
1,0.8191637088018604
0,0.11055199258373262
0,0.33320448871140573
0,0.023923312309202895
1,0.6118849047033993
1,0.7710760379101568
1,0.9365449935520173
1,0.9304625397206602
0,0.04422522759493187
0,0.01752100664320378
0,0.02634069274640708
0,0.010504237203046694
0,0.5659267174591314
1,0.9400864402783499
0,0.021457227089285196
0,0.06897962732023166
1,0.9664796649617212
0,0.2565793229185209
1,0.4050262743420333
0,0.07829069779879662
0,0.07861616826612182
0,0.5674058701847536
0,0.022087204885803475
0,0.026621315305090786
1,0.7749987165980586
0,0.03620613659227458
0,0.026432736080016186
1,0.5733113755104906
0,0.04651822938911515
0,0.021299210691432865
1,0.11533826863019099
1,0.9092350837127154
0,0.25896213459302364
0,0.014863490994906121
0,0.4239943798174093
0,0.3813249127876316
0,0.12947215194703238
0,0.016962590715126832
1,0.8880593110465338
0,0.38581351914461015
0,0.07783237143923823
1,0.5526754978321831
0,0.027300991378814362
1,0.2935867492695804
0,0.30940584581737707
1,0.04935297884332542
1,0.371248724181877
0,0.0038748710307734057
0,0.0346926466203321
1,0.024588368703746113
1,0.3243981311469201
1,0.46275912864394814
0,0.08100242712254094
0,0.06498386564055438
0,0.15636051247198157
0,0.021123081733475695
1,0.827935501195662
0,0.6094704410095131
0,0.02453481680927771
1,0.9494577399972876
0,0.09300134324113282
0,0.4448263234274737
1,0.8649762299596009
0,0.010774700607748005
0,0.05367766135409415
0,0.6903462961307472
1,0.04866368076244736
0,0.4301350507062431
1,0.2199583812433353
0,0.1539693465885662
0,0.0807131146988117
1,0.8776153044649221
0,0.11634917895666452
0,0.04495789516444409
0,0.13530963179590308
1,0.6832438906278936
0,0.037251065525305445
0,0.04561506519012186
0,0.024972047756616836
1,0.4835693256455484
1,0.9465328979163535
0,0.020458166570028354
0,0.06457469981405403
0,0.035239265779055735
0,0.09454776942958829
0,0.11958488543257881
1,0.9401794969342523
0,0.17533836838278768
0,0.2699945749671477
0,0.21704644529305556
0,0.006579533196236311
0,0.1216503227369459
1,0.9489767524135061
1,0.14223457142563922
0,0.06046017100955996
0,0.058174334858092015
0,0.05741327215706317
0,0.6921965353235024
0,0.03147200901804507
0,0.07179460547479448
0,0.041991190506960346
0,0.827292783725461
0,0.48208474784172944
1,0.8688677938006752
0,0.015234277737394062
1,0.9138123118536393
0,0.1783677172566983
0,0.4543322622760271
1,0.8265419764770044
0,0.025413645311735508
0,0.16239444802013184
0,0.008668712051874063
0,0.03379914237905296
0,0.03354364105911554
0,0.060714865552711855
1,0.7880166155437885
1,0.9600241283917195
1,0.8216224673150772
1,0.8910428670022111
0,0.04006295530516743
1,0.9311876699223911
0,0.041314597491646406
0,0.15770407060816286
1,0.01561422404138512
0,0.02112238419125198
0,0.009660037624113257
1,0.9843239179658524
0,0.7765913695403894
0,0.05386346355490457
0,0.7122912999659763
0,0.08076517111059942
0,0.022383169715068027
0,0.018379908535686624
0,0.030852062268555778
0,0.027320911108157105
1,0.9284967393545199
1,0.9782066808499833
0,0.6032556472384495
0,0.01204114255065392
1,0.058288371114066956
0,0.011363556661313827
1,0.47520284381830946
0,0.12230847486228491
0,0.014625424871752946
0,0.2915947252491394
1,0.8944740085117713
1,0.9479999788589901
0,0.06957415916535759
1,0.9316990099319786
0,0.03996898952622761
1,0.35421163061702615
0,0.760668343605002
1,0.8242276818524108
1,0.9862414110997767
0,0.031508590634022726
1,0.9057952291011584
0,0.057413349857190675
0,0.019953257381862113
0,0.027432639940316417
0,0.14377774687032774
0,0.023497390869758095
0,0.023860095072419717
0,0.09522446545879124
1,0.6973906522459928
0,0.044037457994868946
1,0.9748076822850051
0,0.03422046890632447
0,0.1890806754960572
0,0.43984458832064294
0,0.01792682069007616
0,0.0491209700180882
0,0.07637180222563902
0,0.8709742422057225
0,0.024579938669430406
0,0.788330057687719
0,0.03784510642503487
0,0.06174825390742815
0,0.05505812192390835
0,0.03314022584704315
0,0.058676861037069955
1,0.5037804866883725
1,0.21008941579930032
0,0.7412043872768455
0,0.07126768599144827
0,0.0049876554399884
0,0.03310141523174282
0,0.031227244557034666
1,0.4787530883230302
1,0.633926594535839
0,0.02030668840504824
0,0.017152673538311753
1,0.8601237443221295
0,0.1263232912488027
0,0.009338723737254095
0,0.03895084986191437
1,0.9048697695837996
1,0.7611281243041809
0,0.015707513304004442
1,0.6930616589776838
0,0.04694202273082293
1,0.04993301988645745
0,0.08073766164900043
0,0.15441081428046582
0,0.02275933775986374
0,0.11816570318719036
0,0.05024230537368174
0,0.02744851002528418
0,0.0333784596762761
0,0.019809108915526494
0,0.016930397339579472
0,0.0020941134075108414
0,0.07463577198756026
0,0.045565027910339756
1,0.9240481179969768
0,0.06899730200638625
1,0.9449004227201899
0,0.026068923194214135
1,0.029082624853321852
1,0.17070686751150077
1,0.7770813960176645
0,0.09361912125339936
0,0.06258589096758592
1,0.9614498170780275
0,0.07351995639137818
0,0.13646691275587197
0,0.025131955764238562
0,0.009486375137441085
0,0.010991718850492606
0,0.7923372946611628
0,0.03419524844946311
0,0.1714884559127942
0,0.017836506401640206
1,0.8741069976906862
0,0.01812331279228194
0,0.05142420167046319
1,0.8230916522767114
0,0.0907436025473928
1,0.8665295214200069
0,0.02374753487159822
0,0.23121498826762849
0,0.05592264285236266
1,0.06813897481805223
1,0.3640198014269207
0,0.4587776041296084
1,0.030329121548774356
0,0.13748554124699144
1,0.8090340830204767
0,0.02929738669844178
0,0.03323105613500652
0,0.0156063189033178
0,0.7106261533932543
1,0.9581427501339671
0,0.050555001587138854
0,0.019912308437317876
1,0.6344926969170039
0,0.024355884244229624
0,0.01591921460248712
1,0.11073095613941647
0,0.033826619859753236
0,0.055466771054978284
0,0.26702645452530865
1,0.8795255324742909
1,0.8504586279910977
0,0.0458636643105677
1,0.9013908124118072
0,0.014059535868667485
0,0.387184903279475
0,0.032571559694186215
0,0.018873988632038787
0,0.6646530256872821
0,0.0860870526076536
0,0.054983209783913085
0,0.02094719852693736
1,0.8938655387912391
1,0.712824104238684
0,0.01315703236495723
0,0.008977046988589964
0,0.03269781235623853
0,0.699930416246453
1,0.49038308404363085
0,0.022673233365404496
0,0.010115660965703254
0,0.05093655288825612
0,0.01848086155545301
0,0.10581251623184944
0,0.0494712287321538
1,0.04996365877249541
1,0.9654983920457618
0,0.01438322556666908
1,0.8762881720667116
1,0.7723446166024738
1,0.9832011720591097
0,0.026845179427609077
0,0.019275648049402957
0,0.10414955357792867
0,0.7700712909180681
1,0.3501368481225008
1,0.6212141412044317
0,0.023325618328720533
1,0.5361373488197347
0,0.04021709256701747
1,0.2700523961189802
0,0.018969015300818664
0,0.21726858131352078
0,0.7293728423649696
0,0.37076255900374366
0,0.14358568582436734
0,0.28191769354873425
1,0.703163201861791
0,0.021741019312215986
0,0.018358972777864288
0,0.035596995382723595
0,0.05016520256323526
0,0.1712030633318453
0,0.020442353810900475
0,0.024644470798993824
0,0.025970875680640673
0,0.05259427400507702
1,0.6955395050101457
0,0.02086006986659014
1,0.8533601119457427
0,0.020129438670154716
0,0.01040021278323902
1,0.23051309206217005
1,0.6501030390023009
0,0.045707073984438934
1,0.05171533643968066
0,0.029329047183635076
0,0.015509737246312065
0,0.18611714653646816
0,0.044666878515326455
0,0.07154399249800152
0,0.010741531675035236
1,0.48957230034445676
0,0.6212205537523908
1,0.28113196762845
1,0.2325448379754547
1,0.6120603602064492
0,0.09500865840474122
0,0.7822522526761558
0,0.06407292277858562
1,0.6859040166464316
0,0.10803440456987383
0,0.024514741144232487
0,0.050262528796776916
0,0.02464869397936411
1,0.9462578512057622
1,0.8373247602632072
0,0.045059795980937754
0,0.01586168390415877
0,0.038885900896155554
0,0.015194544742516329
0,0.07772540156722899
0,0.058981914657394885
0,0.021920890761149853
1,0.9341375853175921
0,0.03706339114845325
0,0.029895635261898104
1,0.8798046646789041
0,0.022943631789250556
1,0.4373077510975437
0,0.03249034984993421
0,0.6963760276519263
1,0.7416594431203634
0,0.014538287980143188
0,0.0650625615098171
0,0.022482818602646105
0,0.12318601246593397
0,0.026270527126713718
0,0.02718210348669093
0,0.04061484737916265
0,0.04993174048369325
0,0.04375509121913537
1,0.9361347296559062
0,0.021285980485381516
1,0.9720178309950651
0,0.04522113613413755
0,0.02511494185712436
0,0.02821107581646586
0,0.0295560240160632
0,0.06184753301973947
0,0.015239066690396208
0,0.05799680643051863
0,0.11378258914728258
0,0.8642258483474817
0,0.04425267138681475
1,0.9822208324606636
0,0.1334130542782761
0,0.015336693894734568
0,0.013160799471335461
0,0.047543936567878455
0,0.7892655507440322
0,0.15819296186907308
0,0.020117891597120425
0,0.12455801133382366
0,0.033640066438129786
0,0.025695319352778828
1,0.8607207950884518
1,0.800928002144054
0,0.012437743796378162
1,0.540717078826417
0,0.016998506859134267
1,0.4543957153073222
1,0.9194633606845427
0,0.062364085379689946
0,0.013422567459846173
1,0.8833663501817718
0,0.02596503509635626
1,0.8249968594159139
0,0.41477045774208876
0,0.06324072424485305
0,0.1301124695487334
0,0.8498721437106629
0,0.027731088183268072
0,0.03640262694208155
0,0.017295909094444076
0,0.08039448451069964
1,0.955676594430674
0,0.07798598842707746
0,0.8121697230612713
1,0.4220726067922107
0,0.06171889766240848
1,0.17024661611474268
0,0.017185538137533384
0,0.023649648793626656
1,0.7464959167418725
0,0.03834958601388945
0,0.03499299760596846
0,0.6835473701253194
0,0.033868551112313745
0,0.10412979538814036
1,0.9175578137734082
1,0.5511299959756361
1,0.8459940212839303
1,0.5935542285028197
1,0.6060328948561738
0,0.08906587027143345
1,0.643600312885107
0,0.017701932181760097
1,0.9223355562028239
0,0.30707811203824414
1,0.9293980569364413
1,0.33779499325934503
1,0.7140827715114539
0,0.08279128925391072
1,0.795477434257282
1,0.7422868727307489
1,0.83808086821582
1,0.5298829553852968
0,0.054567122517116734
0,0.07941195089820968
0,0.0379098517068675
0,0.04954841870829232
0,0.10475078188568247
0,0.017475998629783426
0,0.03954585063393289
0,0.22422468827009137
1,0.5019960412390181
0,0.017238671312284223
1,0.21503236450295737
0,0.019838261039123978
1,0.9521497971634019
0,0.07893728237190133
0,0.38343944727461315
0,0.5772906602926478
0,0.4116263069135501
0,0.13973786252827322
1,0.9738492017617162
1,0.6422929581336119
1,0.8210312731358231
1,0.7681569050172417
0,0.01998240709273647
0,0.11327438599754343
0,0.044087132515404845
1,0.9634035538812594
0,0.024104034121955952
1,0.12110355945729596
1,0.6482164185350224
1,0.3666471788404658
1,0.8313696580732979
1,0.8067998275208689
1,0.8633848153864045
1,0.9824684015354823
0,0.02955532054211548
0,0.15982109029887387
1,0.4865262058403791
0,0.08775200059005987
0,0.3594992705688649
0,0.013303830815594395
0,0.04775301385162429
0,0.061956661397202926
0,0.023628774221435524
0,0.03536333373973983
0,0.02833681994842559
0,0.023288247891496517
0,0.010526270300777041
1,0.399711699879698
1,0.8890325088045004
0,0.054274686875489225
0,0.021184694502625025
1,0.897766392472105
0,0.1733721557602537
1,0.06192861693732072
0,0.0308189179677921
0,0.02613329591993339
1,0.8340719474263779
0,0.03396794293872744
0,0.43408834191077195
1,0.14426784840369755
0,0.10988938610779518
0,0.03674645270379545
0,0.017109357886788006
0,0.3758637143088817
1,0.9131264422817331
1,0.07879829902531778
0,0.027300881430572226
1,0.8923608293498214
0,0.01855227366161506
0,0.026576352254443058
1,0.018934563304681698
0,0.029053344644463804
0,0.02301956771262804
0,0.5135816629660944
0,0.012217043059245872
0,0.05664803056237694
0,0.7173538175784792
0,0.24305452664756472
0,0.016396635669800763
1,0.9622076296941576
1,0.8720271916498309
1,0.3330494190055774
0,0.09318633214408485
0,0.01386725170466329
0,0.027242149410825103
0,0.023424553525772704
1,0.8102213276200759
0,0.1301141769203314
1,0.7272420590246749
1,0.9650459194879221
0,0.029282801103681807
0,0.0070536421895464555
0,0.3144458143976175
0,0.19986031489880784
0,0.015244299046932374
0,0.07628222468025629
1,0.9389171857859816
0,0.06958583745642095
0,0.04750352172699669
1,0.8557250859126376
0,0.06344971380568991
0,0.005207937192646678
1,0.9406532291111653
0,0.04161159821861121
0,0.8189760463983102
0,0.703443016925473
0,0.026243623921978026
0,0.03183770789900283
0,0.023037694021766874
1,0.9305374918787263
0,0.029082532774732616
1,0.9728726447389993
0,0.006051941887973006
0,0.05334775128671234
1,0.11683218338798547
1,0.9756298702129578
1,0.9652835446344509
1,0.7643071216581321
0,0.01360177923710269
0,0.010757039809565782
0,0.025731002238637883
0,0.006281434373019481
0,0.07378841855734829
0,0.03671648806488184
0,0.015892402743196296
1,0.922286800235196
0,0.0077745830972801655
0,0.013930868138628498
0,0.0303093388928935
1,0.9622075613653727
0,0.042271979963259355
0,0.020449992639834495
0,0.015272744591952868
0,0.07691744552189435
0,0.3151261429231675
0,0.021063729447129143
0,0.16698261202101436
0,0.014938678586156157
0,0.04264233943207737
0,0.36245143310201705
1,0.9792924731450486
0,0.8348206401170799
0,0.03581022953411192
1,0.9659961737687249
0,0.058461813403259164
1,0.5740034570877836
1,0.6444356450114749
1,0.9290123762657669
0,0.26437312941645597
1,0.8943939910689312
0,0.021252475549908875
0,0.035302820234351585
0,0.07939503604789339
0,0.024652548669268904
0,0.7668091111455828
0,0.046282411333508106
0,0.3934639477633858
0,0.7261912798898869
0,0.030418066360240113
1,0.905133880082444
0,0.2992498039756026
0,0.19186646150723538
1,0.2715369788486832
1,0.03364940979272278
0,0.04187729194865642
0,0.08761932143905755
0,0.07776034224093889
0,0.026806260670420173
0,0.02533250546674254
0,0.03851765329750878
0,0.05660539880403776
0,0.02195987579422422
0,0.3504078466510006
0,0.012478791395447537
0,0.028275101870222343
0,0.015108062373798034
0,0.07124058191963073
0,0.9587954508459003
0,0.06847195148043325
0,0.6514581855689529
0,0.023386834171477813
0,0.1293799721137991
0,0.012072145368266842
1,0.9555085683175295
1,0.2657251635036274
0,0.2456357314033411
0,0.01052155438255917
1,0.8071397767738125
0,0.2977026968471996
0,0.024443372980119404
1,0.4172748907286084
0,0.04409731366323706
0,0.021322087192255933
1,0.22641035968840947
0,0.01380232210309887
0,0.19608141388142705
0,0.047294736865163785
0,0.020547731199037883
1,0.9149809960203248
0,0.6246839722956761
0,0.04809827965666626
0,0.018895544717680453
0,0.04252672915861447
0,0.3535841607253355
0,0.3713204148737571
0,0.05759769760792013
1,0.9914062790996465
0,0.01862840855477997
0,0.08503982965828887
1,0.9260993834002206
0,0.038435798710366016
0,0.03831986094526766
0,0.2871430905456043
0,0.02142026590399072
1,0.5959256540550524
0,0.022522212565317848
0,0.016514535733017664
1,0.26256121272963556
0,0.4199842676055152
1,0.7092554483385034
0,0.012209129927464457
0,0.038053326271160356
0,0.449758236828752
0,0.01943052999797829
0,0.032964886589288325
0,0.022753697289484568
1,0.6740921156832328
0,0.05748829123735654
0,0.03777402874614077
1,0.9857382378188327
1,0.4957912424481925
0,0.014299802017596992
0,0.02099110874001033
0,0.026911717860887956
1,0.9191444078392843
0,0.16176526166696875
1,0.2478088066186296
1,0.4422306377396645
0,0.02797816826654644
0,0.37503054269966135
0,0.12467883833009581
0,0.1370218586162495
0,0.016024231647504276
1,0.8594785466941218
1,0.8813000537294609
0,0.008786325519338544
1,0.06858788686174863
1,0.2093293598753995
0,0.026581964856595846
1,0.6613640224894821
0,0.020604793144058723
0,0.8036208532671401
0,0.30444760844191143
0,0.022537827804085923
0,0.5812017926877411
0,0.2185775925476853
0,0.03862580301438018
0,0.8508428742127898
1,0.15076755639574357
0,0.04579931224248926
0,0.20726497541440259
0,0.3835118337137019
0,0.6007169255939304
1,0.5424254455639881
1,0.9168131620107769
0,0.06608600443496065
1,0.7872438452727877
0,0.04222540226014207
0,0.05480732044393929
0,0.03217742695533091
1,0.7202826949052774
0,0.03445854515785348
0,0.021933063902613476
0,0.027354821010057404
1,0.6125914884331931
0,0.11423474772634502
1,0.912422974759195
1,0.23482868649075328
0,0.04606416582936991
1,0.30582026786442007
0,0.025718745136779443
0,0.017104102733040173
0,0.04236118860975876
0,0.02584057100060231
1,0.5009310295798155
0,0.78893558322025
0,0.10776478699488375
1,0.8951858743209015
1,0.970606975925041
0,0.024228156910902472
0,0.022615302446668654
1,0.049637006622204084
0,0.018238786627732758
0,0.050830906612984214
0,0.07525298296916583
0,0.5891862948534913
1,0.8872853384033266
1,0.6565803752250724
0,0.3948400912835413
0,0.23731452745383558
0,0.04354518867766407
0,0.11069594549062357
0,0.054590055493338056
0,0.1323047227326802
0,0.018080912934020685
0,0.022329936222932986
1,0.9779419101369716
1,0.9629636803382738
1,0.9632536826720308
0,0.036847498558981416
0,0.03884851095265924
0,0.04285971131784073
0,0.3626237083735158
0,0.12359896020152375
0,0.022982406670023037
0,0.026922340399262945
1,0.1837212213594212
1,0.8061754652354217
1,0.7948717891863414
0,0.049670764545983986
0,0.36541992945534557
0,0.023485293665679672
0,0.041617388784455235
0,0.22553196730477165
0,0.023235080088143577
0,0.04740431139452941
0,0.06201600270790016
0,0.043296265038228136
0,0.027681434298739566
0,0.021494740328888765
0,0.08491034839576686
1,0.3347267276403105
0,0.7771015603070819
1,0.7965715912929149
0,0.09686146388525892
0,0.021391251581887965
1,0.9779349539431397
0,0.01947554838709826
1,0.1730921590841793
0,0.03418286904373144
0,0.03910296074981935
0,0.6867227051728627
0,0.09659092898993168
1,0.6523278760388771
1,0.9575666185443602
0,0.04776968485918867
0,0.03132906668462057
0,0.08153864842601989
0,0.2351472147087878
0,0.024675076180562795
0,0.07776102522094436
1,0.21549809037227438
0,0.027311059675738433
1,0.9726976521557846
0,0.665697615475068
1,0.7882132725993203
0,0.0607784710713666
0,0.07034347602457683
0,0.04263885926947291
0,0.01779953393526484
1,0.644937345382781
1,0.9013537987495847
1,0.5074239027153893
1,0.5924438698514899
0,0.04320596072882753
0,0.02526715420973259
0,0.013026069965841424
1,0.7465870526737469
0,0.03692364950259256
0,0.02576505458655921
0,0.08815171329829644
0,0.16803322132194481
0,0.6436502495493063
1,0.6603835310131708
0,0.2570320082470574
1,0.8492803953402005
0,0.06361842459252313
0,0.038757479087056346
1,0.02755495974941803
0,0.051857665825256694
0,0.009643601952040722
1,0.8918545214751274
0,0.010680837116000654
0,0.03729419591183568
1,0.6769915262472708
0,0.14848590115775495
0,0.031100157031335212
0,0.01812565468812819
1,0.7836712094812182
0,0.052450688674736255
1,0.9765693781799953
0,0.015188626467368307
0,0.03151045451377199
0,0.03335726398921554
0,0.033921617134752766
0,0.20253467436703082
0,0.12086118776267578
0,0.05084561789121452
0,0.02221119334637854
0,0.014918390273008028
0,0.0238901322493547
0,0.030249210495006167
1,0.03571106928047606
0,0.4338625727529631
0,0.017166413001899146
0,0.013952434605040698
1,0.03786888838590155
1,0.8914716673354314
0,0.09195041198635641
0,0.20085712763127728
1,0.2576750556529716
0,0.03620701453897008
1,0.8046953981088713
0,0.012891695430982678
0,0.011921234026414368
0,0.022570650629573245
1,0.9119628263885333
0,0.012575913935902855
1,0.5426810692432507
0,0.8249420077531856
1,0.9221971308523921
0,0.034705053328459946
0,0.023265010499065278
0,0.033551945206738175
0,0.013918166338979986
0,0.0070846937277597236
1,0.8616450058850695
1,0.6607920330472415
0,0.093358686873703
0,0.04407615725780424
1,0.9485240846314185
0,0.6813189176727201
1,0.8228812905244857
0,0.007239062501091711
0,0.039591731874872096
1,0.5196585760210625
0,0.01803438427612112
0,0.06426977075108828
0,0.7614155345637686
0,0.8077428412041442
1,0.05869863439710593
1,0.07123072504956461
0,0.009467791234258555
0,0.03227158574789753
0,0.004744272476038463
0,0.11653176539602599
1,0.6937545729447334
0,0.022394326013428997
0,0.01198935893393814
1,0.992711174074322
0,0.09789542645796409
1,0.8403260801177056
1,0.9471590682105676
0,0.027007913059164435
0,0.008239091853251673
0,0.06709307339724781
0,0.1150342486283508
0,0.02280874599781195
1,0.7270336051558937
0,0.05074623221517468
1,0.2603719399972803
0,0.01229572419016228
0,0.06659506050421057
0,0.01936102154059334
1,0.4749738062017177
0,0.3427580544662371
0,0.07010233856063862
0,0.02830147969675454
0,0.045562182536845325
1,0.9515787866708815
1,0.8685416600071149
0,0.011265304791473417
1,0.9894965159301613
0,0.019465837341598353
0,0.04028452380438903
1,0.8968659651573387
0,0.040230642943109005
0,0.054427968848657374
1,0.7964314087147011
1,0.8983153725776484
0,0.04963368002260358
0,0.01569779486512543
0,0.0798716790893879
1,0.7347765923254449
0,0.1829291215580507
1,0.030282781527354977
0,0.008378826282148522
0,0.01944847569321292
0,0.00858230060902
0,0.11785737309093382
1,0.9476225939486593
0,0.4435093007467902
0,0.013079982682481704
0,0.024516820157481103
0,0.135615958119593
0,0.03218249370463526
0,0.032110163510625914
1,0.7780529606652498
0,0.026448671704485095
0,0.0074165784080131025
1,0.6895022449865923
0,0.03620421664316112
0,0.04189281030954751
0,0.02872239025073535
0,0.8591756704224243
0,0.021767017242950767
0,0.013930868138628498
0,0.04371764761526713
0,0.00858405747764928
1,0.8690159607746683
0,0.024765680426092083
0,0.13192731939796207
1,0.9825585397666204
0,0.041163421785829934
0,0.09682545453967012
0,0.08079377767614039
0,0.03746342313924541
0,0.09832546768784003
1,0.9029295155588174
1,0.019669844794926984
0,0.07452252401841258
1,0.47917246591166796
1,0.8684818360901858
1,0.4987747481736121
0,0.05080219054979328
1,0.9363565907911706
0,0.01503625480694884
0,0.06702417077923421
0,0.06458430071567149
0,0.13552466156308285
0,0.12849857837203785
0,0.07313656513186567
0,0.07809115122166829
0,0.03030050193248749
1,0.805647400984384
0,0.07299739816725292
0,0.005003432708493685
0,0.05095640821082994
1,0.9208929110385309
0,0.023306561724311614
0,0.012230980669806915
0,0.03893240334566592
0,0.054431876451863696
0,0.053932865544139764
0,0.05532170315742935
1,0.948902807378306
1,0.6396387510764422
0,0.03341315370914909
1,0.9701683636154691
0,0.028854211254628906
0,0.01623959069122486
0,0.044899954869956085
0,0.022570301962576506
1,0.6252606506815582
0,0.017072230480319063
0,0.29932943727837935
1,0.947230046317925
0,0.016857038449638213
1,0.6584441300485537
0,0.02253596220764093
0,0.10157592401285823
0,0.007245627736507527
1,0.966524444871736
1,0.956269431590941
0,0.40312575773873033
0,0.19948943967606694
1,0.8792432176971291
0,0.02050501056417832
1,0.8883727533984651
0,0.06351808636019284
0,0.13703458979819236
1,0.7844878020926321
0,0.09051427527655528
0,0.04482863449438542
0,0.032742591814549526
0,0.05086981525049943
1,0.7800829537696797
0,0.035708919543535694
1,0.04408934528233191
0,0.09309258751254325
0,0.0869489247545486
0,0.05925914293319361
0,0.06411496088770045
0,0.04810074905721024
0,0.03162803532454152
0,0.018741627307543644
0,0.767278388571264
1,0.7774993921246922
0,0.03966456410946239
0,0.019446692838812965
0,0.07315713515267362
0,0.025310832754817512
0,0.11467550814196281
0,0.03583177166146167
0,0.01754799722926006
0,0.07431575652556237
0,0.05461670049286482
0,0.01850794645899629
0,0.07227104835498768
1,0.9638694281353264
0,0.5742434816909261
0,0.03045363948069148
0,0.03130335864799642
1,0.028576189318203528
0,0.01650056967838282
1,0.027568392736086335
0,0.04866613769197585
0,0.013450772666649813
0,0.038991771832151405
1,0.9931638899297125
0,0.6393922792377277
1,0.8422232570266555
1,0.7356709450128752
0,0.023809797079781304
1,0.9789673505350432
0,0.03949945006214945
1,0.9557035664201694
0,0.34160631859274293
0,0.02150874021788878
1,0.9725179867458392
0,0.04417463481818458
0,0.057251157073093986
0,0.06639945994959918
0,0.04797266611859749
0,0.04248259353664545
0,0.008360370134676448
1,0.4762591774073751
0,0.11123158301233364
1,0.82990683969025
0,0.059347996358674576
1,0.34196163367208104
0,0.005126527420633847
0,0.040612579165575674
1,0.9604264804314762
0,0.018919582658745493
0,0.20342514791435332
0,0.08078137459517575
0,0.04432337854201034
0,0.006552642904998538
1,0.9880484653162754
1,0.9900172502144502
0,0.20585876797300673
1,0.26448573309571705
0,0.0401207297241233
1,0.057767237455593944
1,0.2929133837664775
0,0.026333259551197533
1,0.06244580472717096
0,0.043196515872661115
0,0.23194888896506918
1,0.7885707193814228
0,0.0035360007545387952
0,0.39518010896385886
1,0.939707510093833
0,0.3027325549084467
0,0.021034994357460333
1,0.869803938667971
1,0.9637632898479976
0,0.024564073723805008
0,0.014606210790009868
0,0.0658792657755679
0,0.11190704656547881
0,0.2164309945666581
0,0.026937785959788185
0,0.008362188870189415
0,0.014282302835007052
1,0.6599313341710573
0,0.08707870052456727
0,0.051802628594668394
0,0.775069500009767
0,0.019275284031310597
1,0.9545744411636091
1,0.9214992930489394
1,0.2201777539813077
0,0.010869944897866296
0,0.08032926558852035
0,0.004974920953202674
0,0.017815381304014947
0,0.04157537853582593
0,0.833025049295239
1,0.4340229441988107
0,0.2290125251539868
0,0.03863462410383407
0,0.09656872207259823
0,0.009116429778175651
0,0.4587220158865664
0,0.12753172291279946
1,0.9829602452222233
1,0.403012545548265
0,0.055930480736422504
0,0.035534651819548776
1,0.9069654482020444
0,0.025992495181109892
0,0.044561480859798275
0,0.006915417989811461
0,0.02121763695089631
0,0.023614182245888727
0,0.11998466411416456
0,0.02064962029860129
0,0.011396315754112507
0,0.043928446038465796
0,0.2372278385484093
0,0.022780696525933664
0,0.023626936157291667
0,0.8808190070233481
0,0.03099156042095892
0,0.011166226078277714
0,0.04586933475451616
0,0.25093394706898203
0,0.020334577568814127
1,0.9428938440237367
0,0.056522779799805634
0,0.18870732423772166
1,0.85095153237154
0,0.2526124145877712
1,0.20492181368808343
1,0.9564664968510364
1,0.29489880441703215
0,0.012495728075703552
1,0.8178181609514403
0,0.022891008294255673
0,0.013699749724561967
1,0.3632775825353364
0,0.020016497770029843
0,0.007113860725359785
0,0.07539969809985088
0,0.1504352110251447
1,0.11918402833743127
0,0.046791905319439865
1,0.8433943519552863
0,0.05800613021623282
1,0.17028501851591618
0,0.8939264796747092
0,0.015026674733185552
0,0.024062108698461256
1,0.9539262327240415
0,0.0865311397596932
1,0.3965234320076588
0,0.10040408304167671
0,0.06617605286403963
1,0.9155231802515974
0,0.09610773948894218
1,0.641788613057196
1,0.6337238877665224
0,0.5978819744496479
0,0.03011427498164948
0,0.04360082583286512
0,0.020719840735105476
1,0.9372586837396794
0,0.06171386681045838
0,0.0369362429984083
0,0.03626990052702116
0,0.020269961858752253
0,0.23822326598792926
0,0.32571147479873236
0,0.03159228764547721
0,0.07015398741405682
0,0.010360300599700592
0,0.38616763594586406
1,0.5401053479467743
0,0.023781585581606885
1,0.3001630591465279
0,0.5693300154652136
0,0.012854291013730566
0,0.12955725136545534
0,0.016571600721525543
0,0.12408047826493755
1,0.9774337985700734
0,0.07614046450209673
0,0.21178260263067508
0,0.06767985198541272
1,0.7957370790143458
0,0.03499299760596846
0,0.0707119534096681
1,0.8339908747704103
1,0.9441821720100947
0,0.030234495066713895
0,0.025952949484080504
0,0.10438252758723934
1,0.9088708001752971
0,0.027484700642206258
0,0.030941330110517126
0,0.031544178305130635
0,0.07152900864151665
0,0.10576299342955485
1,0.9380920223300979
1,0.38669528411405857
0,0.09401200194364921
0,0.10454243117969583
1,0.4063079681492126
0,0.03678392158302089
0,0.12920389664097678
0,0.18555865108806097
0,0.04210283699512708
0,0.6890998915605068
0,0.12354114202232269
1,0.9365049620056708
0,0.03876053914140172
0,0.056223841428028505
0,0.03209006249008405
0,0.090990591713631
0,0.019924940790012762
1,0.925042377956633
0,0.02747561704516976
0,0.031758499897985425
1,0.7218145477081305
0,0.028027838104457806
1,0.02626060886386139
0,0.2546815024611525
0,0.031672115563334415
1,0.7881778356905211
0,0.005054446713933269
0,0.023551895959852916
0,0.09004496577642741
1,0.8778351781029017
1,0.9480934987671924
0,0.045747006573587636
0,0.8359636824258538
0,0.04952361537866008
1,0.8559663174324164
0,0.1923980383847732
0,0.01567618741716096
0,0.017012886972386267
1,0.8992304965152719
0,0.04704525798450732
0,0.020021750403994603
1,0.9309275351901029
0,0.02164652235891422
0,0.1854845280690931
0,0.027895593844621626
0,0.04170911362641792
0,0.025773248157861486
0,0.03187286620440788
0,0.14353259296592744
1,0.9735178141353602
0,0.017766201374264417
0,0.020649107622750726
1,0.5267451160311194
0,0.8380507055905018
0,0.012399890680918254
0,0.010280827389713566
0,0.08515028162469876
0,0.024102846414113643
0,0.04304025737664738
1,0.14269533638660423
0,0.012479174020894405
1,0.08914046909137967
0,0.08218311698152658
0,0.03289221569701549
0,0.32679127068375313
1,0.8187107151340418
0,0.006658197694734495
0,0.029069299156194453
0,0.05746950720106312
1,0.9332072278621737
0,0.04526735358771114
0,0.033456413551028026
0,0.4345416756087341
0,0.19148486487212163
0,0.04201203751865004
0,0.05775014381454439
0,0.03413436801989211
0,0.01388393736628542
0,0.018821697610215418
1,0.46957314697434477
0,0.2998145663477465
0,0.07331476839466834
0,0.46372872408673793
1,0.9805897037036424
0,0.025520913369604232
0,0.0026842873030532397
1,0.7387279585912896
0,0.018208740005138998
1,0.976554009276126
1,0.9508073487015929
1,0.9393086781155116
0,0.11447240200979061
1,0.19098908526549022
1,0.9294560992995373
1,0.8994712254324057
1,0.4942424577139973
0,0.02413646947822543
0,0.008885078857003322
0,0.9920808292982508
1,0.4460458252685599
0,0.02520144805034715
0,0.07357080656876751
1,0.04304303338665143
0,0.019098702261381648
0,0.012530946393924271
0,0.22066501783485334
0,0.02592048641075705
0,0.21307151225848206
0,0.0728246564196417
0,0.025855203131901795
0,0.18148105053402613
0,0.008375105223860882
1,0.8444741808722264
0,0.05963365613834843
0,0.442676265921613
1,0.8306648613348082
0,0.020406945032196047
0,0.23514522378881503
1,0.7163774420805112
1,0.9692627558157473
0,0.02121404597237343
0,0.2466733986891808
0,0.010156541398337292
1,0.565835422409295
0,0.011384477073677384
0,0.023250652295429667
1,0.9213853693497818
0,0.650585240444895
1,0.5935543632610286
0,0.03041556274734652
0,0.8045645668447984
1,0.7903628088992924
1,0.7716698283760705
0,0.20833127443550414
1,0.563336007651722
0,0.07965117164540894
1,0.5669141322638471
0,0.8383031560768316
0,0.02618364783599157
0,0.01676670283788164
1,0.8160572425785506
1,0.9399866998770566
0,0.22372412087342222
0,0.42318671405753583
0,0.03155937393716473
0,0.012893754879036831
0,0.028540041108408038
0,0.8636265357343684
1,0.7366508748835088
0,0.06443758242248904
0,0.07639281952416571
0,0.5028912966375101
0,0.053855904590254126
1,0.32567477918664417
0,0.03980177736652559
0,0.03960814022741577
0,0.5259437784728805
1,0.5181450201769487
1,0.8812809516428027
0,0.0672669429274834
0,0.042001907247673456
0,0.18414820454681774
1,0.6598803618960654
0,0.08863563209511731
0,0.009767958315621519
1,0.9445304649082411
1,0.9856862099060664
0,0.6768157836870831
0,0.11729852494725711
1,0.9359203639003818
0,0.011583411254931841
1,0.9395947987291808
0,0.016756924529336963
0,0.05534310638328191
0,0.04674534309839998
0,0.04380255317158386
0,0.026856640309138174
0,0.02510138168331999
0,0.03792297346536785
0,0.78562935625881
0,0.04232162431494862
0,0.017040412484373175
0,0.015397503814063343
0,0.8029545091407652
0,0.01630068671588285
1,0.9723550591054554
0,0.02558384893439062
1,0.897246373152124
0,0.0076853595084512664
0,0.009420278050099469
0,0.09513823003010945
1,0.6896494675171566
0,0.06039330389438519
0,0.03317510260483892
0,0.03513315862524387
0,0.02375767656163001
0,0.007298208678705908
0,0.037156053829061814
0,0.046882340504027106
0,0.029510859539197295
1,0.9462302751088559
0,0.023953451600775104
1,0.9107029371854861
1,0.8971361149682822
1,0.981872351227347
0,0.05269965178187614
0,0.05055642957434349
1,0.9900174215308277
0,0.18302856145857163
0,0.20074189901530518
0,0.08768096871088708
1,0.833830694744588
1,0.8875232845960674
0,0.75667559092269
0,0.06591265546835973
1,0.18655529956588435
0,0.014175094990334394
1,0.6933685262994416
1,0.7965443846314724
0,0.014421238559499634
0,0.0065545733122041655
0,0.14078591721545394
0,0.014380388705535568
0,0.1014142036023899
0,0.00626927316689404
0,0.05785663839617456
1,0.4988679221612365
0,0.026481556029960492
0,0.15024459362845896
1,0.32923823282007314
0,0.020734648976845446
0,0.024279176441677527
0,0.04225536304671283
1,0.57914077117082
1,0.20549669107881005
0,0.031101259718964644
0,0.03754880316015936
1,0.9445604654332577
0,0.00728644933687714
0,0.054953984340233415
0,0.06620925666046246
0,0.011710879394638926
1,0.9624960820361477
0,0.09209211300968473
0,0.014597737530734064
0,0.1273405236755533
0,0.3039774763268994
1,0.7298826255472586
0,0.09063882410599179
1,0.3974513460029476
0,0.07974472443672127
1,0.8209093129611585
1,0.10610224479526512
0,0.03393106793823835
1,0.9431752685287234
0,0.057171409757872126
0,0.018937288688119582
1,0.4615175660270557
0,0.10692928733767909
1,0.872623463284657
0,0.057585106712125717
0,0.015549464634336646
0,0.023485456958437328
0,0.023299511219268515
0,0.009713134543722546
1,0.0917167874046217
0,0.7246549291579634
0,0.4663326278706269
1,0.9645907666368609
0,0.03946363344951974
1,0.8879162454710682
0,0.14085984075683652
0,0.00850213920544654
0,0.024932981645537797
0,0.02482890364849491
0,0.027380150947781075
1,0.05330594710279093
0,0.2546285617866375
0,0.016318891783829982
0,0.018015580188745457
1,0.47643542756652585
0,0.03100009031973962
0,0.08484135699659204
0,0.060288890645325485
1,0.6208067241720213
0,0.1701793205730331
1,0.9653042762888872
1,0.9487875837079478
0,0.06247884908565356
0,0.7256277180477435
0,0.01780078628091215
1,0.4989812218865117
0,0.03156451312064367
0,0.014385083804766616
0,0.0580346612222283
0,0.04344661557588732
0,0.06400166532160201
0,0.036657308021151885
0,0.0357567604349778
0,0.06527258549001348
1,0.9280094310704372
0,0.08049591664546481
1,0.9878811318311398
0,0.0571408919361787
0,0.11416011115114481
0,0.3852152038989136
0,0.03454205937415395
0,0.019282573258349273
0,0.09474377382931752
0,0.762062045394763
0,0.026230564153513915
1,0.9294588357309722
0,0.045282230394372125
0,0.017548590025482612
0,0.02216697212091941
0,0.12271512206934967
0,0.021246210009108486
1,0.8748756156184044
0,0.18077150975400053
1,0.629741801531535
1,0.3635815607607616
0,0.01569590817393495
1,0.9822887977729604
0,0.04354892001935843
0,0.01961841828320696
0,0.845586918251635
0,0.15019599286822366
1,0.7763371927945747
0,0.030518941899993206
0,0.02210653218240452
0,0.17263365445210346
1,0.016510952020287652
0,0.029243432458648824
0,0.03778063923485429
0,0.3242575157946573
0,0.02990583725730241
0,0.13765272630207437
0,0.013880062505638049
0,0.039699331888428134
0,0.028149678852632226
0,0.043947260572400414
0,0.3673452161650324
1,0.7139808925493297
1,0.45021833532596583
1,0.9680969890819271
0,0.05118593583189728
1,0.9489876176675603
1,0.054189080992006096
0,0.01086705219633034
1,0.9655679677301063
0,0.04981011981689377
1,0.8011014121251245
0,0.031471943743860434
1,0.5757777266705686
1,0.8669723013471922
1,0.967523345556602
0,0.06808857656961341
0,0.010413462120513027
1,0.4229159999602487
0,0.04953495742116083
1,0.4649351687774701
0,0.17906838890437612
0,0.021069001686647118
0,0.08520583542414058
0,0.0683265893213138
1,0.9693861144164718
1,0.924854463727992
1,0.9364704897442913
0,0.602782443658697
0,0.4064334382137874
0,0.8537796124316102
0,0.03567719328089492
1,0.9686306016360448
0,0.03133466342193401
0,0.1318636030762089
0,0.032181503498671
0,0.15467541489881576
0,0.024985951373646457
0,0.06162274831453286
0,0.020044676693070564
1,0.6153269426299633
0,0.19974926014641273
1,0.7414619681745293
0,0.08642093859862843
1,0.1825258264345891
1,0.9331106094784145
0,0.010223750446565002
0,0.15733893921758582
0,0.022312945282238476
0,0.14790240195677246
0,0.3993222291953418
0,0.055828662103011975
1,0.8248102206019223
0,0.005755195046349823
0,0.19655102972344657
0,0.03879910405191764
0,0.6190298168854681
1,0.9157580213989285
0,0.07888209522141565
0,0.15307578898630267
0,0.013322793179124026
0,0.09076813546657177
1,0.11446883258495937
0,0.038818832266288676
1,0.6987023298048967
1,0.9409081225395772
0,0.062159141924566015
1,0.7716095036148236
0,0.05873888144133317
0,0.20312136121407467
0,0.017896320127789456
1,0.37860578454068855
1,0.7930692013874697
0,0.08464569633534424
0,0.036600414471821115
0,0.056763651639336124
1,0.9310229698589393
0,0.3541513517624624
0,0.01132399884465067
0,0.06680214866232452
0,0.06777890195052905
0,0.05751965318206338
1,0.672161898767149
0,0.02473347319540289
0,0.024383926589949395
0,0.4139546703941899
0,0.02584920823920663
0,0.015239146305133762
0,0.01510616164745197
0,0.01402329460562301
0,0.22520892826564812
0,0.017704960965129038
0,0.03288336442408761
1,0.2942396389277744
0,0.04029164807267037
1,0.08350168975664325
0,0.012177277506355085
0,0.6270467534373049
1,0.7345670634787548
1,0.8114783363531017
0,0.016272016763326392
0,0.04266982481143552
0,0.05677578860094601
0,0.3968955943832161
0,0.040641371856315826
0,0.03648221908412871
0,0.04086879147012208
0,0.10939018623147728
0,0.06481391798465383
0,0.02385292316337199
0,0.026547024294807695
1,0.801843935373254
1,0.3934639477633858
1,0.9075745025714599
0,0.0344264810101291
0,0.16313529716236852
0,0.04352000779307136
1,0.8514931071436023
0,0.04712924138080782
0,0.024817361428768215
0,0.0295350187570091
0,0.026327227560194854
1,0.8854396259644111
1,0.9126308554079925
1,0.9213224064927908
0,0.04303539813001717
0,0.050363841826863175
0,0.03763946544979609
0,0.880490355130122
0,0.5519736098966868
1,0.9863235661903347
0,0.02582924091707277
1,0.4502317694205148
1,0.8820193731211561
0,0.01598121498916311
0,0.019636844107286337
0,0.007947608211814504
0,0.2539419295450116
0,0.643884654517296
0,0.31191751148047503
1,0.8890645277985944
0,0.09678407626122532
0,0.07055290691843755
1,0.967206098784503
0,0.008347227783599134
1,0.8448543971651633
0,0.012026169864178026
0,0.006972500099407774
1,0.7749987165980586
0,0.030988282208127965
0,0.041939010620709136
1,0.8533296017748511
1,0.9726483266122233
1,0.8340971489972618
0,0.01855911755735619
0,0.24415999759018253
0,0.029142554061429973
1,0.9486145281741094
1,0.5416161556643057
1,0.9139923476652616
1,0.8941470066344099
1,0.10245225724285591
0,0.06435853656176474
1,0.6961592088099834
0,0.3774440122284323
0,0.03856751273058483
0,0.007779680511177866
1,0.8883101774756825
0,0.022304501071104696
0,0.15361444509569627
1,0.7890827965151037
0,0.44644785803878184
0,0.023340292599241808
0,0.025498653483965933
1,0.49216105769147317
1,0.31335683159558486
0,0.5398699951890199
1,0.9458529070882428
1,0.5697799745404195
0,0.1683527688767255
1,0.9151283466920547
0,0.022446045013457608
1,0.8107503031550756
1,0.7395680021333223
0,0.0678757247293312
0,0.008874890825381437
1,0.25620549993811625
0,0.03155376527244593
0,0.34853268163317275
1,0.9268490053925839
0,0.6116518813228776
0,0.016767975332351078
0,0.008881500932211114
0,0.04950980950003531
0,0.03333283206968793
0,0.03441803751368951
1,0.9840322758866429
1,0.9278963399442778
0,0.02479006667056858
0,0.07662903908304622
0,0.12066418979856605
0,0.1705920331223743
1,0.8899388334811263
0,0.01569779486512543
1,0.9530328668689342
1,0.970314802090247
0,0.043754133004407524
0,0.016916872888208784
0,0.023334002741139333
0,0.034296328968744294
0,0.036598670700881165
0,0.034710425482602794
0,0.013044147723171352
0,0.03233397817940549
1,0.9637860542906606
1,0.5828243360754092
0,0.14434213024205286
0,0.10470567067011254
0,0.16949962160551707
0,0.030573428247031596
0,0.026675943709861264
1,0.9534140352246463
1,0.9921402374822843
1,0.8597558451490095
0,0.17111070445234486
0,0.0919085851273525
0,0.020263939678565105
0,0.04746311462816161
0,0.09905740439047886
0,0.05662040821928202
0,0.1313952068419596
0,0.01858877484389505
0,0.04125914302952619
0,0.35250111548506996
0,0.019729628723131103
1,0.9533418920273662
1,0.627236965976058
0,0.006847142219879857
0,0.06614767762868068
1,0.7807980507883409
1,0.12096280924029598
0,0.5623913222977109
1,0.7602843063780277
0,0.14886945660178202
0,0.02299798172444162
1,0.934597122164733
1,0.20203527649887687
0,0.1602876277340519
0,0.020196652359017377
1,0.7805919358912751
1,0.670244587583699
0,0.4161968313419306
1,0.5037804866883725
0,0.03508773318936234
1,0.3894799172243568
0,0.06925321876957455
0,0.024489930757655105
0,0.007691056273692078
0,0.01561359213448459
0,0.04447124223942364
0,0.13568251392911757
0,0.011751685554818224
1,0.811964969921115
1,0.5506375268557165
0,0.6570970999174751
0,0.035167958710182384
1,0.23846899560468127
1,0.9082289371836602
1,0.8202743773201001
0,0.01325207445748018
0,0.056040390536735006
0,0.016555235367072964
0,0.021816451895739157
1,0.3868907701243176
1,0.6976484941747456
1,0.07822956818796237
1,0.7934091929272888
0,0.026033609460827823
0,0.2411644975865563
0,0.018964103380817474
1,0.5149114437659476
0,0.04481347553008085
0,0.004151240934541016
0,0.8935839400866662
0,0.011723101314673598
0,0.012287475274913216
0,0.054881919786643404
1,0.8602875565996041
1,0.47205771014037806
0,0.018938318705549323
0,0.4835898228316594
0,0.021254447130276747
0,0.01019730105215926
1,0.7314295795827281
0,0.14013501558015953
0,0.0844967957626887
0,0.010996006435967619
0,0.02556287705439679
0,0.5065053749076871
0,0.025675873210045327
1,0.9291695082025885
0,0.014366820812147569
0,0.013902370955806579
1,0.7157373647825697
1,0.054958765480384135
0,0.04814709103250667
1,0.6928962498631108
1,0.9265438539257272
0,0.03698843227530746
0,0.08251278500546841
1,0.17270439680362015
0,0.08488862808285597
1,0.7897340844838054
0,0.6879927739942413
1,0.8861675326067637
1,0.49198668594312334
0,0.012939225448402798
0,0.03311870247384518
1,0.7778475555434639
1,0.9329078207698351
0,0.2964255713301118
0,0.04642384172829637
0,0.5193535882860728
1,0.9591998967310983
0,0.07086713799804503
0,0.043848837105686836
0,0.05024815063464605
1,0.45195501578368075
0,0.038290056777199835
0,0.04551873471435764
0,0.7010047519555804
0,0.07168007475043524
0,0.20543214908923846
0,0.024030421329652312
0,0.06386344168392317
0,0.44382777031479903
0,0.09785115575913289
0,0.09377197735024599
1,0.90757957150461
1,0.7866321860021689
0,0.011973430506151088
0,0.007183514772320616
0,0.027413727539067644
1,0.6267206270187151
1,0.9668539315764307
0,0.03405722952022115
0,0.1148804579869536
1,0.9094554720102827
0,0.09017858956981975
0,0.16134864712971161
0,0.010397151190961481
0,0.061771063511349575
1,0.014559870891125832
0,0.018319494691840334
0,0.033999302539110356
0,0.027758867083478647
1,0.02501279197001967
0,0.04370117762746644
0,0.02908370366299324
0,0.03712688933828726
1,0.6612492413758139
0,0.054853118541868404
1,0.9858749707998562
0,0.007630566451008695
0,0.008295743300708104
0,0.05066607097723481
0,0.02073875728868303
0,0.011388982111812024
0,0.23646080481285514
0,0.02422337017965359
0,0.042122171618208706
1,0.8197693735395741
0,0.03590934535020414
0,0.017249125171884316
0,0.28470123049002133
0,0.05563067066119472
1,0.6150071435853045
1,0.6070890535264875
0,0.0041980544503783055
1,0.9583981160103113
0,0.1479487506113136
1,0.3692807931644271
0,0.17375149357840508
0,0.06233744581376455
0,0.07965117164540894
0,0.04901270939500791
1,0.24511423204607038
0,0.024573160807530876
0,0.023404188393995554
1,0.31244409599122075
1,0.9250261572926426
0,0.02856462666740114
1,0.03731618887939088
0,0.027145019947761338
1,0.762584106095343
0,0.02658961897835835
0,0.019907031433110702
0,0.050551518981327856
1,0.97065267766073
0,0.10548828314752069
0,0.11307765000512765
1,0.93850702416973
1,0.8786805960298484
0,0.37708408978857777
1,0.947167453935636
0,0.030765028715473666
0,0.08603486509575467
0,0.02071243957245213
1,0.4267965313601339
1,0.10728909325904198
0,0.017349096407341606
1,0.7391611393584469
0,0.030050085528366792
1,0.967971242467018
1,0.8119527142521064
1,0.8275738111093798
0,0.07829371925719054
0,0.1688763296339178
0,0.12570312014279403
1,0.05757581822380032
0,0.02774705348963504
0,0.790726480919137
0,0.011077059676834713
0,0.03167499060111294
0,0.07547510355057865
0,0.014925139505359116
0,0.016669362694109405
0,0.028799279679720426
0,0.3378236917537562
0,0.06239597841242889
0,0.054442590425753584
0,0.022511495146420313
0,0.008491944832699768
0,0.009876326906401391
1,0.9147733906990181
0,0.026844110431787627
1,0.1149334103666986
0,0.14003159561067646
0,0.14627623244695817
0,0.031826843786164155
0,0.015375216395144147
0,0.02655239590995212
1,0.9855669372205624
1,0.3347151743352801
0,0.06466839172738545
0,0.09642341791814787
1,0.9077744776395779
0,0.03302052289096942
0,0.024860646893642212
1,0.9143523090759855
0,0.012956202764422935
1,0.5462024577238073
0,0.07228719866553321
0,0.008892723791135652
0,0.03376271930142008
0,0.012222422742534305
0,0.06848504428749369
0,0.39360967292803495
0,0.23408758035316343
0,0.1319595239525971
0,0.0639166801985577
0,0.014593393202330936
1,0.1369067938526096
0,0.1678637864549586
0,0.04829092485973454
0,0.04691308605755435
1,0.9442645844132898
0,0.03390628010051011
0,0.04890798553182625
1,0.0402936565785906
0,0.5380633901680936
0,0.04215888267719355
0,0.029749827098018034
0,0.061305160962531934
0,0.836578465164827
1,0.8780645763424687
1,0.844037630440553
1,0.687462912615914
0,0.08316109812403644
0,0.01263926368202636
0,0.1581508170991458
0,0.029173558736368194
1,0.14363778589385312
1,0.8385994288493579
1,0.9561413785329327
0,0.049118007379313613
0,0.8046208691412077
1,0.6252477123360433
1,0.8617031110286051
1,0.5033284390864642
0,0.28500662879057037
0,0.06235994993295642
0,0.14957658920213268
1,0.6632100117106309
0,0.018292378916157873
0,0.003687378402275767
0,0.6558847181324683
0,0.055076437575034186
0,0.02521762626467012
0,0.02891717282111955
0,0.15360546010817583
0,0.02338867687972899
0,0.08819174039633962
0,0.06671305865554814
0,0.2424446693689875
0,0.011622221265738239
0,0.02938889130731586
0,0.006563897360632826
1,0.8475562971100477
1,0.8423151405201154
0,0.05024804566616347
0,0.014371121531240521
0,0.018555530958855405
0,0.07219948536848651
1,0.976652574141564
0,0.01712954253054082
0,0.024224430616484403
0,0.0210412145541133
0,0.023004425183898766
1,0.5542047984624113
0,0.04026872568109171
0,0.05073129107201513
0,0.08074619438556212
0,0.04696454628195743
0,0.2857406294847155
0,0.06343709525151951
0,0.8346843510332222
0,0.6777026109665438
0,0.27640599461365145
0,0.024452625453980914
0,0.02170755762446449
0,0.008698333835754782
1,0.9682135196132022
1,0.650843932221398
1,0.7772862602039267
0,0.9257102881563644
0,0.016785597697972457
0,0.032719112590146246
0,0.3792997117733001
0,0.07736227104946854
1,0.10662501258387835
0,0.033320659343447016
0,0.08144900677141312
0,0.10098118484921519
1,0.3434934351028188
0,0.06168102108894757
1,0.9887660377323929
0,0.6378628079607378
1,0.8904531259172335
0,0.06954148177320284
0,0.0510995745043571
0,0.02121688518031551
1,0.9697706192671376
0,0.024167359339620907
1,0.6799044003628741
0,0.07270051224774086
0,0.043962294962792914
0,0.01359838438555613
1,0.6011822283904377
0,0.009713247327472717
0,0.592409343095966
0,0.020425665239624163
1,0.7652651768826504
0,0.010698801022537537
0,0.03552484280145158
0,0.2268741782903389
0,0.1251552856501099
1,0.4792741526675082
0,0.044725375825018995
1,0.7313604303979543
0,0.016663242181622222
1,0.6871524424687435
0,0.9084020143434822
0,0.010447079062498248
1,0.9649868119954307
1,0.7314548365612257
0,0.04458355761105045
1,0.5796729932933976
1,0.7475205897069231
0,0.053292472402419355
0,0.01842855842702219
0,0.12943030166849584
0,0.1464004482013975
1,0.9345446759752964
1,0.28940912006161523
1,0.975887803148909
0,0.016324491884473557
0,0.06060944570307437
0,0.48092205801691257
1,0.760388789316692
0,0.021955781239832675
0,0.021148116681837102
0,0.018027821186094806
0,0.13060906063268987
0,0.06006030317137661
0,0.05094016296390181
0,0.01585227663959918
1,0.6391114912816078
0,0.01839403964831634
1,0.3411952970385635
1,0.9020916005667283
0,0.027058207381563792
1,0.9840231193571505
0,0.023984535144904513
0,0.03159216477682524
0,0.03990292601347049
0,0.08665440878251755
1,0.9646500707846578
0,0.5545922381066601
1,0.6254723102826015
0,0.08374330464532134
1,0.08515180017517615
1,0.5824769561396224
0,0.7299931122484041
0,0.027280093063118224
0,0.022583054104511436
0,0.011655701147090547
0,0.05407578682840649
0,0.01146891015144084
0,0.012533905249209231
0,0.04529503038478406
0,0.07405481725627315
0,0.05089250123074679
0,0.016234207087069012
1,0.9433797970713084
0,0.8022603176543407
0,0.09663078975019002
0,0.8010687448347994
0,0.019087152582727758
0,0.05611023736804234
0,0.5606247457879647
0,0.06140076329351824
1,0.9429397612601089
0,0.005475609918439095
0,0.07888209522141565
0,0.040620101930740345
1,0.9305190963213688
0,0.010335466411545759
0,0.15532914678381535
0,0.021387452266236995
0,0.025696904018452916
0,0.03965101041415019
1,0.8587061042090551
1,0.8046565757830373
0,0.016303388263265006
0,0.47257879107271955
0,0.06190373150302407
0,0.11056875862710827
1,0.33823585500393455
0,0.0228364080753634
0,0.02375298301080662
0,0.03459162278805834
1,0.4276689824337532
0,0.05045925600252576
0,0.08600168541839802
0,0.06812958304385393
1,0.9581898322205361
0,0.08336154318397007
0,0.5099914528882492
0,0.899924561875959
0,0.23489603570490236
1,0.9701573073636324
0,0.054304827171294485
1,0.8475287691910982
1,0.9190113212213615
0,0.026322218785878083
0,0.02216514178881125
0,0.190070765573561
0,0.01785274605927889
1,0.9541696884713717
0,0.021819483584709254
0,0.07870643995276329
0,0.018982282619584057
1,0.9810588097400283
0,0.05102736715446997
0,0.011371384990155038
0,0.21150846393515094
0,0.04292680860264626
1,0.5443943088209952
1,0.5697276878942585
0,0.011151982588042559
1,0.9516570409724506
0,0.009680104320859112
0,0.40870488361556545
0,0.043098022715909894
0,0.6408180702308809
1,0.9322255898006134
0,0.031483404013978075
0,0.035137495853762434
0,0.8019724044044354
0,0.7906100603561005
0,0.3345569770167795
0,0.019769062389984833
0,0.05430151642987785
0,0.018478765954665726
0,0.06843577429163383
0,0.02665414418806719
0,0.21475532290084048
1,0.8323768269532672
1,0.3525959256476889
1,0.32674010568759887
0,0.0637373493049145
0,0.1952949827633758
0,0.19172958189652625
0,0.015482307996386115
0,0.609753133679805
0,0.04041130545377585
1,0.9529777609594414
0,0.12206499455704792
0,0.7847108721048476
1,0.16984541918160057
1,0.5326686783290552
0,0.00843770300461464
1,0.8197671117815916
0,0.009686324798155442
0,0.37466310366676536
0,0.024835771247840123
0,0.7846318112291707
0,0.1399678397185825
0,0.014116195899054598
0,0.07749256603718721
0,0.3220886898225458
0,0.02316429142468878
1,0.83808086821582
0,0.01628932849036015
0,0.023531874230670876
1,0.3968955943832161
0,0.12334573632420971
1,0.9064317374768018
0,0.013624902959623895
1,0.21523168478010235
0,0.035834954068346615
0,0.038024552114417284
0,0.027638588434232062
0,0.0464471981929276
0,0.10903438063791905
0,0.03361763043337183
1,0.9512342518239307
1,0.9518606143347105
1,0.13615169640438637
0,0.36147634615932367
1,0.5670560205664218
0,0.0733461819668476
1,0.862015971437431
0,0.04039429184477266
1,0.38852947016206757
0,0.08515644556482763
1,0.9280922918239128
1,0.9359710355293587
0,0.8423428744375118
1,0.9838273911776183
0,0.024044111157092735
0,0.05128311279016111
1,0.21937547029050142
0,0.05815359098917657
0,0.039105554983847816
0,0.06380152412952529
0,0.01928858801736849
1,0.6032897915370006
0,0.0068955208324347535
0,0.024281157919991803
0,0.05635688634053016
0,0.04594550921524724
1,0.7674906190593506
0,0.06279710242928296
1,0.9584182667372847
1,0.9605450368584839
1,0.17159499284414872
0,0.04397280049516425
1,0.9608008324216942
0,0.008860867448345817
0,0.011878694211126544
1,0.6900109340223363
1,0.9417903035618262
0,0.4023272171774493
0,0.016172997633655935
1,0.8782184593077959
0,0.20086912012820654
0,0.1259705866748037
0,0.16909013860934138
0,0.1102510323815216
0,0.031519658534078746
0,0.16319846579128044
0,0.04137548339600866
1,0.933830414955505
0,0.06966637545380892
1,0.8662572419042005
1,0.9443140355579457
0,0.11123170433821582
1,0.9501200764499459
0,0.010638030682918548
0,0.021147516507527914
1,0.8507932532147292
1,0.5207393346253725
1,0.6909644583875308
0,0.05965986028907458
0,0.19958755426790842
0,0.033959202228489235
1,0.3348569513224499
0,0.03504577784618717
0,0.0826757992574289
1,0.9789005049370441
1,0.6850137772690913
1,0.9820799162402115
1,0.9698323350103252
0,0.022776486328135764
0,0.016508192652167044
0,0.08323465658142812
0,0.045152903373749186
0,0.03800168130995805
0,0.03249710049507753
1,0.024107830943174875
1,0.2700523961189802
1,0.7800505635642342
0,0.014547905028452296
0,0.6803016378303581
0,0.04354064540561113
0,0.9835134655219782
1,0.7149261325852276
1,0.7728901870804892
0,0.014945856164664813
0,0.01449499812466167
1,0.7141511850703535
0,0.03675999118240076
1,0.9015038879912638
0,0.00534152011995859
0,0.050054022931401196
1,0.8853071452313019
0,0.09673088056037259
1,0.7810627036987687
0,0.06919344941441216
1,0.6748801974571202
0,0.021100800953676488
1,0.8067750002704925
0,0.04299889170243111
1,0.9313131207484964
0,0.01285288028653247
0,0.244542310740693
1,0.32062498651135485
0,0.1668570262946189
1,0.9198509407112418
0,0.07117056400054614
0,0.036649953278119096
0,0.04839434719911193
1,0.07442634029324692
0,0.04730463394207076
0,0.9362506836060398
0,0.09412289288460723
1,0.29516457047498956
1,0.8527054073334198
0,0.043193609428659484
0,0.03062384773161023
0,0.020282811809278888
1,0.9619614199060282
0,0.03590761023886053
0,0.02691944442301285
1,0.9257695984981794
1,0.9291791962597568
1,0.0936690407881802
0,0.0764964556525083
1,0.5700123372933905
0,0.020268519834738978
1,0.6678257090806529
1,0.09306839491448271
1,0.618917256746249
0,0.046164173618403484
1,0.9824657241896021
0,0.0574340857916822
0,0.11966896552406345
0,0.023854511286293168
0,0.009263448875916411
0,0.056075097070443995
0,0.6013847408559018
0,0.04715731095343539
0,0.021340579432288516
0,0.07374673626697265
0,0.020340256649375985
0,0.0277876292423478
1,0.9880558601408623
0,0.06480253843184895
0,0.12749463741030148
1,0.8293757786077227
0,0.03506059836418662
0,0.061332807036730067
0,0.012363611233295739
0,0.014655922570943681
0,0.03965009496274461
0,0.01566415575774737
1,0.019137437013793956
0,0.07738162179911996
1,0.8399917392576499
0,0.04597634467902458
0,0.03247393875579377
1,0.8145511769624351
0,0.015333030160078974
1,0.575614055485095
0,0.01732087765627311
1,0.9095398447658806
1,0.9502737527807525
0,0.12009235587940392
1,0.9407142621850806
0,0.02765681687553848
0,0.03835757239364783
1,0.6817998588996357
0,0.04570509003687167
0,0.19665615777375578
0,0.053464828595245734
0,0.09904256714176565
1,0.9918073703565298
0,0.0801165556395141
0,0.012524463952152924
0,0.10870377579311774
0,0.022287523788011472
1,0.5195630529997681
1,0.8185601847932933
0,0.16958415513628175
0,0.10152478288229483
1,0.9045434352775656
0,0.006995084793929658
0,0.012912901345100543
1,0.6909765748796357
0,0.030600737955571715
1,0.6626969748008473
1,0.3171080973863302
0,0.0390026994317886
0,0.5002638158171064
0,0.06439087294566877
1,0.943132694249689
1,0.43824364632166285
0,0.3352044004204443
0,0.04178400251740109
0,0.0779309034894234
1,0.9635202878171911
0,0.02198231896518403
0,0.02138672023543874
0,0.021749775409478426
0,0.06297302766288355
1,0.7580542249710296
0,0.010362876754766714
0,0.13715915650731628
1,0.984764505187849
0,0.041519992503193645
0,0.009701226315543616
0,0.010026829512194675
1,0.6098756048878177
0,0.1946141939987581
1,0.8974008274093452
0,0.020477210040859575
0,0.040848155213435204
1,0.9940822777080031
1,0.05350363371988297
0,0.019386653456254108
0,0.020473934343176917
0,0.033654820328597373
1,0.9674049969125813
1,0.8752601741400483
1,0.48183396990015304
1,0.1098355800537764
1,0.8846575083018855
1,0.31023763919003866
0,0.17365951534814145
1,0.9062494978231981
0,0.0848567918866224
1,0.48055616985256466
0,0.1532698357454763
1,0.8960530036495173
0,0.07693966698261279
0,0.12509200413639704
1,0.3733290087347766
1,0.8541786776429463
1,0.2836206798525741
0,0.3477535113465402
0,0.026832683045580483
1,0.9293999458720436
0,0.2730171540269577
0,0.04244008054230422
0,0.07104653944871302
0,0.029620695949766178
0,0.12908999813159344
0,0.15783755467642677
1,0.9291313784199565
0,0.013056833102444869
0,0.12208157220924255
1,0.9031291805533839
0,0.005958630549032671
0,0.057885615379150816
0,0.08293391786477805
0,0.03128556426179919
1,0.04028832413550619
0,0.7423659429942897
0,0.045126446426381736
0,0.019294628435764023
0,0.015978992040520137
0,0.015643166121868855
1,0.4383031607161175
0,0.04270571473266286
1,0.9757047327659544
1,0.730739300539029
0,0.0045772295669297206
0,0.03961690810854415
0,0.8090403442812222
0,0.021969472136550566
0,0.01186209467735472
1,0.7908946727902916
0,0.025601911548944676
0,0.049862127248149625
0,0.06235859535225573
1,0.8649389594554195
1,0.9825737260446145
1,0.9809897210467774
1,0.6682434360052595
0,0.010923303018007006
0,0.054539456815714704
0,0.011116341244780965
0,0.028993221138309426
1,0.7556340638331835
0,0.04504345190983255
0,0.0357430698472411
0,0.010600233321495012
1,0.016934279580158695
0,0.009071978127272014
0,0.052206903338311295
1,0.844691752797606
0,0.0887246433959928
0,0.03280311241119786
1,0.19291692114729722
0,0.06413776446306282
0,0.1746641655979836
1,0.2981440756520337
1,0.979308345313205
1,0.6821474043164589
0,0.03774170354147287
0,0.026112972866978834
0,0.21426317945795675
0,0.4493989218398615
1,0.9457486988670127
0,0.19659046886315745
0,0.05476642315419727
0,0.028819255891685942
0,0.033837824608287735
0,0.12878146503127014
0,0.5509267565811168
0,0.11861414424290088
0,0.05891934725446116
0,0.026527462418537987
0,0.07939966226488673
0,0.19094069990759838
0,0.05790904170057503
0,0.015057732767195508
1,0.8297550047347352
0,0.009827348223954467
1,0.08910865117626152
0,0.020181566642643794
0,0.05526727114695059
0,0.6223295134069412
1,0.9644536272365284
0,0.019705739315485606
1,0.8179054364695958
0,0.05244329206711746
1,0.9712515464406695
0,0.013880245028037827
0,0.02000322551333386
0,0.03426951265960132
0,0.028147399086051857
0,0.0555966055772574
0,0.6952233607231904
0,0.3246180755135611
0,0.015843726275476762
0,0.3939096175051631
1,0.7817554110041754
0,0.04643523391107225
0,0.029750512386555527
1,0.7470534819214066
1,0.9343424605155746
0,0.031217140481750803
0,0.08055208774509315
1,0.7190839166172245
0,0.1518042231777488
0,0.020461715764161323
0,0.33880271032922055
0,0.13022715489797898
0,0.05866226610007658
0,0.025474437716692857
0,0.040279130809939216
0,0.03396856322482014
0,0.06327665332552856
0,0.09250425498384765
0,0.015108807270307147
0,0.6466357845680023
0,0.010398518014518705
1,0.15518567973431305
0,0.0037102080254395914
0,0.016594732230547117
0,0.0178290350886194
0,0.024457067388676666
0,0.5606365003513787
1,0.1264615258002125
1,0.9884845866573754
0,0.22432860209600725
0,0.02042775712485925
0,0.08466500012022866
1,0.971914326123986
0,0.14957280190169212
0,0.04374768157356258
1,0.8101829076422887
0,0.10354305376456666
0,0.06336642869488067
0,0.021208823480073007
0,0.0733815331844979
1,0.9185574600029953
0,0.058487951254894144
1,0.9344489001212039
1,0.6570876225843849
0,0.17948211692151544
0,0.0273739337449195
0,0.10075678602572934
0,0.7508148872691995
0,0.04830452645634618
1,0.9847936019454646
0,0.10202879624481072
1,0.4364166944857665
0,0.008833176771017798
1,0.8836029313932151
0,0.06862032640369442
0,0.013903056293430733
1,0.959694679224098
0,0.032286848378672225
0,0.007820953153198307
0,0.03128132534591755
0,0.08658744277535739
0,0.0678530389695141
0,0.022404728363804798
0,0.004332091298344536
0,0.025245728505256724
1,0.7414096884202369
0,0.01787950598199991
0,0.022576943685141855
0,0.04285786068614273
0,0.11093467222374782
1,0.9503670356530566
1,0.4836839140043455
0,0.028982373148521888
1,0.9531031445758351
1,0.6893707871213168
1,0.8737039712842403
1,0.041608902114497255
0,0.23949765249351218
1,0.7212151391639843
1,0.9031816276632137
0,0.039831332770780395
0,0.019568561851865434
0,0.01897699735282417
0,0.2328504778555222
0,0.024588688325655687
1,0.9686982121870668
1,0.684047132955303
0,0.02406496221499309
0,0.2542929502386447
0,0.027329496985792363
1,0.6666398347787975
0,0.7125866021161711
0,0.06201600270790016
0,0.023759723527487012
0,0.5713744148732435
0,0.15615534273311527
0,0.01486459531241574
0,0.009960024482327308
0,0.026399070657904682
0,0.08420549372009098
0,0.02024194091343956
0,0.12767912795486702
0,0.0230829746176976
1,0.7360511812326204
0,0.03752799688635223
0,0.5864294524932104
1,0.556224403230504
0,0.04998794239945514
0,0.803332334598665
0,0.13191712419313242
0,0.26850967659554575
1,0.1435298796875922
0,0.05070545906310655
0,0.3648246273245503
1,0.9157412462413684
1,0.9617437215492449
1,0.21655008071724163
1,0.8001048583107204
0,0.012784668871343493
0,0.1356604756187256
1,0.8931054641663048
0,0.012413174481793502
0,0.13135435297481338
0,0.0665420491659411
0,0.07003798121417097
1,0.6851737265469062
0,0.030147779214714454
0,0.0507290035604214
1,0.8430762610504088
0,0.05622131951879342
0,0.06543220857460827
1,0.8662007836109001
0,0.76584190537601
0,0.12834685368627682
1,0.941994482190349
0,0.4853158306147719
0,0.022819006323326077
1,0.5393037631920488
0,0.08150869990243358
1,0.9641068778333773
1,0.6495235372884497
1,0.9246733346711097
0,0.04642144634960483
0,0.0852098580836733
0,0.014007341752769149
1,0.9549890330576466
0,0.016002685097227264
0,0.04001521136440631
1,0.31729723300149065
0,0.03485684088461962
0,0.027263323179575326
0,0.07563991758165445
0,0.04950083876847092
0,0.07411716946182034
0,0.004835106623285437
0,0.16399490082509316
0,0.2348602838805673
0,0.050536965530302305
0,0.02891020081088833
1,0.8723059210531336
0,0.04830694730134181
1,0.811343031870046
0,0.01397482223814632
1,0.25821239824934444
0,0.03987268097835326
0,0.025283227208705124
1,0.817380589631188
0,0.015058585330809043
1,0.41501643152870726
0,0.15252773279707044
1,0.8286888181041676
0,0.11119816419078109
1,0.9482789599218108
0,0.008797782790493843
0,0.060865296069386385
1,0.9426669620889417
1,0.8957846997627146
0,0.7474101281090512
1,0.9865908747967561
0,0.01603482504231502
1,0.11471087837099617
1,0.7100019417582699
0,0.02782081979224555
0,0.44474823373814804
0,0.11423614292361524
1,0.9687224989834301
0,0.01632864003003661
0,0.033821302548809475
1,0.6768026155001124
1,0.9419497472214269
0,0.24332301660527614
0,0.11395469529145397
0,0.04100816585428003
0,0.004230480299220023
0,0.03870320881666212
1,0.8304635891186894
1,0.9332434126331803
1,0.9405986302284386
0,0.010034512261233912
1,0.5610501234002256
1,0.27687872965488636
0,0.07242542119945967
0,0.021534829936356262
0,0.4252832267787691
0,0.14730688372620016
1,0.7879298746286304
0,0.10248082682186936
0,0.03137821194680186
1,0.9807308748969671
0,0.6435011741532187
1,0.8313985733208098
1,0.5263958916868949
1,0.9765176290536108
0,0.00462099182524535
1,0.3511882630587803
0,0.009383309557411195
1,0.9715078952529019
0,0.03162803532454152
0,0.03227210863461004
0,0.1432785923937294
1,0.4183829915664236
0,0.23515380123106905
0,0.801843935373254
0,0.022431764824999582
0,0.6024623281439859
0,0.46313824905911577
0,0.036814444922641014
0,0.26011791249347055
0,0.02701996395118984
1,0.07466115929215006
0,0.05218516538281359
0,0.3748456881046842
0,0.01628537361789876
0,0.08942398950666756
0,0.05744049418424595
1,0.6332024735995126
0,0.028454515820573685
1,0.0826736083604813
0,0.5902880932746769
0,0.05975720401419459
0,0.03223158805446855
1,0.8299400071666223
0,0.027211870347069646
0,0.037954706685866105
1,0.6200055504572891
0,0.02954788599580407
0,0.08650557457860185
1,0.7815731173339201
0,0.009866412296409605
0,0.0510352246799088
1,0.7782663714960193
1,0.8830366025719583
0,0.012493684773367968
0,0.024823307669829816
0,0.8155241298873572
1,0.9393080973209487
0,0.18022928772999772
1,0.46220492474670943
0,0.5811900137082184
1,0.9649419936535881
0,0.047462139298788925
0,0.020100486990943592
0,0.07648213021956435
0,0.08975943330179885
0,0.013185798205861153
0,0.44382777031479903
1,0.4392109245822687
0,0.14012247981196999
1,0.38207484054381596
1,0.9559766452055887
1,0.9613798754474916
1,0.9221971308523921
0,0.01616309955297855
0,0.014509699731694648
0,0.02173881836853151
1,0.9098946753217297
1,0.8990509729455886
0,0.22029135491149943
1,0.4868375712886054
1,0.13625447146548195
1,0.906741877153054
0,0.1139449335758183
0,0.03513878742508397
0,0.03982490991236325
0,0.1615079824023089
1,0.9580713177757442
1,0.9442311218558824
0,0.012966069013979844
0,0.3580123155476482
0,0.022640127066821062
0,0.03496697935227765
0,0.029568936129322876
1,0.7877183815589281
0,0.017063795605321196
0,0.01942276857739805
1,0.13982305056271727
0,0.07311912213308691
1,0.9604496533253156
0,0.014455503306306032
0,0.11337355489547131
0,0.03721638327763225
0,0.03631785176877165
0,0.034648870871653414
0,0.040326872868191824
1,0.16180624196638177
1,0.9539509308796843
0,0.048214974286673706
1,0.9657537452159068
0,0.03135317188444684
0,0.0822801096345429
0,0.10552450012009779
0,0.06155807517650465
0,0.10141346058242794
0,0.09132034680483482
0,0.07498475749930968
0,0.047458344482445514
1,0.9787721641590006
0,0.052536497437639204
1,0.684837664059191
0,0.5399798825684716
0,0.09750901366508263
0,0.014178518160305733
1,0.9511885012462584
1,0.7383185715908535
0,0.19149115989285423
0,0.35321002413302216
0,0.07247859727510024
1,0.9185062873541967
0,0.020610312172725444
0,0.019478112144864262
0,0.02850238886681178
0,0.3050046229424542
1,0.1567545194397972
0,0.047467244618053205
0,0.9877524894600387
0,0.09783437103843308
0,0.43397654028268423
0,0.014719163697709599
1,0.9395857260789426
0,0.07966630044679032
1,0.5766394226686036
1,0.9607468356045333
0,0.03058300904045464
0,0.01923037303534952
1,0.8970833532202764
1,0.8356593505508526
0,0.017310149598472404
0,0.024214648209973374
0,0.07932377218884935
0,0.037435938948240474
0,0.0360536596328597
1,0.8700262684985031
0,0.05463220110699624
0,0.0452800098148566
0,0.031846416899556855
1,0.9133141635384213
0,0.08904402087205243
0,0.07210447259660566
1,0.8946934801889238
0,0.03231070223986693
0,0.041092039877373206
1,0.6669247757289317
0,0.054511696378419405
1,0.8238796076237734
0,0.06307718518376677
0,0.03413201862660844
0,0.09340644954988918
1,0.8128915631620216
0,0.011660119324997411
0,0.030472128913442538
0,0.03969289524490912
0,0.13490585356110563
1,0.9682689809202275
0,0.029373686845420997
1,0.2583774435569726
0,0.47347681839788075
0,0.28769297581049585
0,0.0047997902003685524
0,0.06191980962519851
0,0.03703951207552003
0,0.14416770067933227
0,0.014994875553832974
0,0.03313490097001849
1,0.822536076628257
1,0.6185962861902442
0,0.04434406752901895
0,0.10923585103473342
0,0.026453460376346966
1,0.5163825248422543
1,0.96217123390969
0,0.022802194483432868
0,0.726820777059073
0,0.013965855367295006
1,0.26192060232198106
1,0.7213416420699273
0,0.8123152761434274
1,0.9325480931877256
0,0.013495622898969129
1,0.5851111805993456
0,0.015362450663747987
0,0.029022819612176884
0,0.041393579379986244
0,0.8066399492801478
1,0.12743426535761118
0,0.2856400728578762
1,0.8618020797431216
0,0.14570031867975353
0,0.1502506793445077
0,0.011363550328917015
1,0.6245081484413001
0,0.041337547673113074
0,0.35815462984677454
1,0.16840175697745619
0,0.15373756533892272
0,0.01402452048048429
1,0.9165874981278326
0,0.06852785251094012
0,0.11178019414681459
0,0.10598844665339033
0,0.01685613213399163
0,0.17654807823668364
0,0.06039409824320926
0,0.025169915642679595
1,0.16625942851421116
1,0.7242256095644871
0,0.8219506839298846
1,0.9348393089856769
0,0.06902039509746427
0,0.07611510876746713
0,0.2161701070270572
0,0.11952255521812119
1,0.7092330705607156
0,0.032416724094187034
0,0.027309231339036667
0,0.038777123036649125
0,0.12530393938961443
1,0.9679527856731122
0,0.010675814703605816
0,0.10457597855956134
0,0.019754923497569334
0,0.08129820633721566
0,0.011401729780545346
0,0.8082950247867831
0,0.008196739263727814
1,0.9803098722761677
0,0.007878658366679505
0,0.027219301135408356
0,0.017710473409378688
0,0.24760373401079858
0,0.09692133238033102
0,0.20616530203262867
0,0.8779987857930082
0,0.03864986874362972
1,0.9246810871457345
0,0.05667639798481986
1,0.7955929549171733
1,0.267913322151771
1,0.5494022935716569
0,0.03370824780278211
0,0.043284553730275115
0,0.05422283051222082
0,0.029513182385753924
0,0.007122314197295942
0,0.09703797563019906
1,0.5262313819420548
0,0.06136107203697322
1,0.24380444382294675
0,0.018085507804917314
0,0.021955102558725785
0,0.09941744759635773
0,0.03304318962736171
0,0.03141207694234377
1,0.9302449638303895
0,0.02072949009590024
0,0.03472325588025076
1,0.8632681299959265
1,0.9411437250806942
1,0.71070217039306
0,0.05726291067682856
0,0.19034576264233402
1,0.9287943781850433
1,0.8187040151090021
0,0.06216917372534367
1,0.3882995144966326
0,0.03660170718549342
1,0.9878838366618004
0,0.04129545265926696
0,0.06731739842787968
0,0.4423692775148952
0,0.03738633577202917
1,0.23927851291547134
0,0.08470420461285479
0,0.02299843061779987
0,0.061150246106848424
1,0.8716846129142998
1,0.6491095661695961
1,0.8193455369516226
0,0.030941552365564326
1,0.7866789396335455
0,0.044752291129995826
1,0.4721813740916029
0,0.00918446070223932
0,0.03428741863162252
0,0.00793817550925277
0,0.03941870916765463
0,0.09132921613184206
0,0.02689092603558174
1,0.6695325926309394
0,0.02842554736609444
0,0.010930852520990403
0,0.10827389167091886
0,0.03017547132008386
1,0.9730521368167849
0,0.035162800204604945
0,0.04448970958645665
0,0.3113698299564998
0,0.06977122045380772
0,0.5037804866883725
0,0.03732152546506924
0,0.024928530742144253
0,0.8604805232748208
0,0.05786265446590154
1,0.9851624283508932
0,0.03043038395733346
0,0.11000155484564836
1,0.9328813878453169
1,0.7281813991381124
1,0.9022378451795373
1,0.33388803259195105
1,0.5080180690029096
0,0.10745939487899094
0,0.03217971016615196
0,0.010905935216640388
0,0.13904269159082724
1,0.8116252751388747
1,0.0949877934316461
0,0.05272819383021014
0,0.014287923260094412
0,0.034994412174338754
1,0.9853543953728334
0,0.13386114842888544
1,0.9276440495483584
1,0.46147752995879143
0,0.012656987724283421
1,0.977559926175068
0,0.07177125037460697
0,0.04981442340802282
1,0.9459755247007734
0,0.07470167440314288
0,0.09559996582632976
1,0.5854228891430945
0,0.02433744052800729
0,0.37464666348265174
0,0.07405173628305663
1,0.8009149553860411
0,0.12726040278827153
0,0.03667993326711816
0,0.023458795040625372
0,0.06507758055163719
0,0.664475697183659
0,0.5183533550804663
1,0.5090719276269603
0,0.18206690823094046
0,0.03669518179783154
0,0.04416353592055551
0,0.020826631567333765
0,0.23043220001088782
0,0.20549669107881005
0,0.11311416293618977
0,0.021601736837416466
0,0.07591965168939122
1,0.4420924575734882
1,0.7855057000519045
0,0.03544059112031859
1,0.8605292411933173
0,0.02771228955728322
1,0.8189035171008429
0,0.11219296227451588
1,0.4389380409437455
1,0.8536910090026498
0,0.015189538586307502
0,0.0382880924280891
1,0.318143743178027
1,0.5020351198408296
1,0.8906846202407287
0,0.013025659550790759
0,0.06888867551837095
0,0.05165032307447902
1,0.9143507635803722
0,0.08830147009633309
1,0.9403341075137653
0,0.06555519276203566
1,0.9703535885541736
1,0.4967664239411759
1,0.8455165274446241
0,0.13529292113115726
1,0.7852428847221039
1,0.2603015854504595
1,0.03786760124975274
0,0.04229562782910484
0,0.12994205340059117
1,0.9522544141338896
0,0.01944324350329606
0,0.35684192061280107
1,0.9522935112472966
1,0.5195308488447267
0,0.047698713000318596
0,0.02354037470821457
0,0.6563818344858819
1,0.7468283138836097
1,0.9343889999352684
1,0.8408657899854252
0,0.03831540842714994
0,0.013460551038509547
1,0.9513759705036505
0,0.014304394797213314
1,0.7912332027273545
0,0.009728726201926219
0,0.019363722931664263
0,0.01857690974044087
0,0.3144229772684091
0,0.1603139305901713
0,0.06917201636351902
0,0.0396056426034926
1,0.05169852070670486
0,0.7141002233482566
0,0.12059297763631642
0,0.012500644318177665
0,0.050825694802114234
0,0.21155603986297652
1,0.5961226459257756
0,0.03290983567556161
1,0.39593236715182223
0,0.017471370203336722
0,0.02083233373742455
0,0.0137454265433112
0,0.027354543597068754
1,0.029055279515493446
1,0.8829925511889289
0,0.05558073527543275
1,0.9861568201876405
1,0.9521645281657489
0,0.009721251128903695
1,0.8432121649046841
0,0.40468953781437
0,0.7282461647555529
1,0.12090823188871566
0,0.024220603610821338
0,0.09708562169541422
0,0.642774808235866
0,0.050950670063322205
0,0.1363129613745224
0,0.5107270921460167
0,0.35341508174820496
0,0.029111944487993285
0,0.08561401230527198
0,0.010131232000631272
1,0.03746265064700021
1,0.9070205883655688
0,0.019103472688117212
0,0.01401135208620783
0,0.2582441032466083
0,0.09487689978636525
0,0.022835486545942505
0,0.02407767195739389
1,0.6883339045920465
1,0.11033917450182715
0,0.01464692325764147
0,0.02162543696922827
0,0.026977390220003943
0,0.02631705807914713
1,0.8812307106886291
0,0.03611906552489113
0,0.01934001752674144
1,0.00542775239647932
0,0.036809289073839555
0,0.18209868068371565
0,0.07863851927562657
0,0.16982667440773683
0,0.05186783234734145
0,0.03873801441718748
1,0.05505962201706559
1,0.8467276965424334
0,0.7410218140589239
1,0.8698824794304313
0,0.1661583403446384
0,0.10810327912816184
0,0.07340149130230092
0,0.024606694734813146
1,0.6915671175363013
1,0.9378343693937236
0,0.026706271801682138
0,0.045126115749080646
1,0.019808530835480537
1,0.9505177076341199
0,0.020625563346035238
0,0.014300546509809105
1,0.8975560531149029
0,0.02200037687652242
0,0.05061091384652151
0,0.03129730728557914
0,0.846693613693838
1,0.8720649203588943
0,0.011758061397763949
0,0.18148583455842407
0,0.11991134159029646
0,0.010558954889591948
0,0.05315284184730934
0,0.039276325899443645
1,0.05579539165211333
1,0.8734619037430403
0,0.040072853370517705
1,0.622626028982301
0,0.029692618112383305
0,0.04252732994297114
0,0.012998570642300094
1,0.9750672299368031
0,0.022211842789940713
0,0.025143900030046802
0,0.063917585702827
0,0.06628397384831432
0,0.11770736036044975
1,0.48459953113407683
0,0.03230457628048951
1,0.24785189989533413
0,0.04218490187887495
1,0.9666674894676978
1,0.7838886622949122
1,0.7882953922264097
0,0.03839091294174869
0,0.020618224412644322
0,0.03433166580226148
0,0.06890173859617954
0,0.034003080140945455
0,0.020174679979855826
0,0.04192493543824322
0,0.30386312993962317
1,0.01377426950164625
0,0.031154382244624478
0,0.05789447351223141
0,0.17888604656414744
0,0.023774469953211193
1,0.7235357399008859
1,0.9523807609615127
0,0.05043733166123505
0,0.01846296936219071
1,0.7636409208136687
0,0.2814126513571523
0,0.025924581713923867
0,0.08407311288068416
0,0.04219945200030025
0,0.03107699304888032
0,0.00983834871490462
0,0.7879036764680951
1,0.6946613509412133
1,0.8861452883040052
0,0.17008179636186838
0,0.05978911711710768
1,0.693336277171906
0,0.07328757467265966
0,0.016383259221043906
0,0.1194030255437128
0,0.013209357478971024
1,0.4754580399606788
0,0.022221981083314316
0,0.10037546361885236
0,0.3704513014825952
1,0.6942395994244733
0,0.017875801844990068
0,0.9481784836346049
1,0.7717486354577541
0,0.030523670079455098
0,0.027728623699335046
0,0.018878417627445136
0,0.021920890761149853
0,0.00739410308609093
0,0.015737608101656204
0,0.06891129665034777
0,0.08198935083022373
1,0.047080636022874954
0,0.028824361991007307
0,0.011564071769691408
0,0.871923452091076
1,0.9560266444162614
0,0.004168739465664786
0,0.06900273062592735
1,0.364578391856763
0,0.03057814546464795
1,0.6764966010709443
1,0.7873062049886232
0,0.015803732317946843
0,0.05308506985678073
1,0.9274443707349841
0,0.024109219122219937
0,0.040263116726638966
1,0.6144348056883027
1,0.07282236538907169
0,0.3450812872845114
0,0.026922278655750226
1,0.9194082947354214
1,0.15595129085530032
0,0.01718809944285238
0,0.015594452317499043
0,0.04857971644799967
0,0.03649893728739774
0,0.12525728683910473
0,0.02332978539824275
0,0.03925325861396453
1,0.9440882462009113
0,0.11305097958426125
1,0.05387932887119911
0,0.4814443397843835
1,0.6360242317214312
0,0.5187735092284708
0,0.2290125251539868
0,0.29832247652511334
0,0.01893847716437448
1,0.8016126807239766
0,0.03956084170858798
0,0.5706897828457399
0,0.0396620422395215
0,0.48488960186176383
0,0.5252959761471363
0,0.17532713913113263
1,0.6375822759126473
0,0.06695711434323971
0,0.018198196529813304
0,0.051096550611214625
1,0.9505946130508236
1,0.6701804062160431
0,0.034515437921549076
1,0.8220507019585159
0,0.020516761315520028
1,0.5554961363084441
0,0.14269533638660423
0,0.019613317680737142
0,0.04627524700692702
0,0.20549021364067765
0,0.030049233722147538
1,0.958131401930627
0,0.18931487178890508
0,0.011121355448901
1,0.6574820588054777
1,0.9641860466070649
0,0.05960161405969942
0,0.029982767992650632
0,0.025082985329099867
1,0.9704715107064585
0,0.12729849625338116
1,0.16891280414238843
0,0.039147053677012975
1,0.018365202084895678
1,0.5915793802145202
0,0.013447407770892143
0,0.04169880782275555
1,0.9050161081530053
0,0.010594337182610403
0,0.032845687529650495
1,0.9033414624437895
0,0.12120269580721023
1,0.17296268975716167
0,0.039261180040794
0,0.024907590966095988
0,0.0826935551866756
1,0.8047454416085981
0,0.018308297165256473
0,0.023185439311272052
0,0.05237918188932569
0,0.07707857691870709
0,0.009951829223753603
0,0.0416381573001487
1,0.8228116322302085
0,0.0665926293795496
0,0.0713194008530481
1,0.9323265899504534
0,0.7504300613566056
0,0.049502555112233275
0,0.41233888858301193
0,0.026434057672923738
0,0.020043869067608754
0,0.09417243071325773
0,0.5275438875450487
0,0.6393272611795873
0,0.04177261709054048
0,0.03944513875242522
0,0.12735010474066866
0,0.573827617740593
0,0.0704434637301623
1,0.4409795496031648
1,0.6428013848549009
0,0.0851634760526457
1,0.7919066806937015
0,0.011652173253399194
0,0.05513232220705503
1,0.22507353001111916
1,0.9816534288395025
0,0.009889667320734957
0,0.028461603570889043
0,0.013617242740656815
1,0.6445014151175484
0,0.028388612625722384
0,0.013622902826329138
0,0.059127342323048344
0,0.02685707745638197
0,0.02072701139260181
0,0.0330384074803609
0,0.057369779509299265
0,0.9112086740305149
1,0.42677373719418643
0,0.5064095148389648
1,0.8626816251506799
1,0.5143372302719145
0,0.018393515435952617
1,0.9537870266954812
1,0.9027682079317468
0,0.07314886335367034
1,0.07281782290873788
0,0.06382708396938817
1,0.26680104889408457
1,0.6036416576523761
0,0.01744699465616158
0,0.06850201738645363
1,0.7694297551458824
1,0.6411590518995431
1,0.9425766205307557
0,0.4859034930636764
0,0.028040094598757982
0,0.04271728134196084
0,0.017196065866822707
0,0.018118085382219613
0,0.024127636782292714
0,0.039730063705624645
1,0.9449182260151917
0,0.043650886322200176
0,0.05212782844937936
0,0.021346804547442068
0,0.5851002578052785
0,0.6868972360819706
1,0.9608408639273501
0,0.016364023859025117
0,0.019043212236302058
0,0.06553418704783348
1,0.5447382723215511
0,0.034678209892838784
0,0.020507162304381217
0,0.03867409901328854
0,0.32260093497604164
1,0.5913217594545741
0,0.20633672083713078
1,0.440165611242623
0,0.016811461243787965
0,0.02040693187434261
0,0.030722496148485785
0,0.02043658593539543
0,0.03990871766758636
0,0.03515634307814534
1,0.9846153483363406
0,0.012057472985081011
0,0.012752292273163613
0,0.03381452155892608
0,0.03120440229806699
0,0.1730551906689947
0,0.15706046741871485
0,0.06376530500892456
1,0.9543679149576341
0,0.08713352121034972
1,0.5813075194415092
0,0.04282984687737663
0,0.006574471738172661
0,0.016125321431687843
0,0.01937225659593107
0,0.013333333971451698
0,0.044691438690458635
0,0.09250064492978773
1,0.8918612662093839
0,0.030716981357017465
1,0.7125142395226683
0,0.026158216188456384
0,0.01714104391447374
0,0.018975725098788483
0,0.16666832841122556
0,0.02265267515109937
0,0.11683890526853555
0,0.57538048543524
0,0.6262890289918994
0,0.010938004475011266
1,0.7608615195371372
0,0.047993073319058964
0,0.08369878679771162
0,0.029241424795243835
0,0.027563589868652927
0,0.0186287666560618
0,0.011010508565659645
1,0.6871524424687435
0,0.01361793386776912
0,0.8356973053047208
0,0.9405140867109516
0,0.02316293941662162
0,0.09421565141157101
1,0.9768026586241648
1,0.8797523716746168
1,0.22796653931560165
0,0.0428170571295762
0,0.021726650189392814
0,0.023500064173939725
0,0.013367463993747292
0,0.021408589670073794
0,0.04512650476600989
0,0.025843169950725404
0,0.023990459814204387
0,0.08442794373420781
0,0.053622224727314025
0,0.05450751912953235
0,0.06192581325912698
1,0.8519306523052869
0,0.01964515281955717
0,0.11568943061383015
0,0.006751642465679345
0,0.18677537294747207
0,0.07053831889812251
0,0.031206734822360298
0,0.1645778665807921
0,0.021528660924363483
0,0.1263928770388735
0,0.057757046740970396
1,0.14269310934842155
0,0.018394401780301252
0,0.5752136304952089
0,0.07370385697291845
0,0.01645893621941133
0,0.012550579792951481
1,0.9068620526077573
1,0.9593357004713274
0,0.020904169460004552
0,0.06962272051871157
0,0.06956140050402068
0,0.012149303836987646
1,0.9284535406868765
0,0.01713732547301556
0,0.2468982393012045
0,0.015563520367014428
0,0.020481740996540824
0,0.032855997689528016
1,0.9408788368676106
0,0.07250568641271578
1,0.37381299681195457
0,0.019139305923646186
1,0.5710333419158131
0,0.031350926940849407
0,0.0593838158054942
0,0.00997601798644234
0,0.3311409494342882
1,0.9582578280375326
0,0.015615613102924612
0,0.038207786234365444
0,0.07645677436788308
0,0.6684000138266627
0,0.021001559173772617
1,0.7796737387040836
0,0.04926413671835581
1,0.3492286907873322
0,0.5032873938876385
1,0.44109482984891685
0,0.01426192655895376
0,0.104327913633064
0,0.007372536809338237
0,0.04912390527099204
0,0.021071802700674547
0,0.051099632484853066
0,0.017930324817447257
0,0.018469014917724187
1,0.6609173608652188
0,0.018704573497506077
0,0.017925510202957583
0,0.0704525946585795
0,0.084197303864392
0,0.0182286216240951
0,0.0159406067852468
0,0.3616521412332907
1,0.025094232759988677
0,0.026340683663776267
0,0.1641068275988329
0,0.905136887155433
0,0.7413931711061379
0,0.05381275055960998
0,0.0333280267231374
0,0.027083986265229575
0,0.02710143698554515
0,0.02953658399393929
1,0.3929963191463799
0,0.05518945447119029
0,0.1758868325675923
0,0.016500294411695787
0,0.030246607704753316
0,0.012023148302682194
0,0.0830764041723249
0,0.0578219414293564
0,0.06423397902293299
0,0.04192493543824322
0,0.036911564848794993
0,0.027931892641457214
0,0.09395640814982632
0,0.08081280598458758
1,0.9294150418291377
0,0.06936387422174833
0,0.04010105729706765
0,0.06174378593022627
1,0.7554611832181111
0,0.023101250699637556
1,0.7518777723816895
1,0.848956466958468
0,0.20044316364579423
1,0.07632674962732039
0,0.19993020853243415
1,0.6880229686229498
0,0.037377136451736605
0,0.03711057429118299
1,0.2093293598753995
0,0.05798352949472174
0,0.0697351194730997
0,0.00853382803526411
0,0.019076617127960504
0,0.05354247435966485
0,0.01000210660402557
0,0.08045384336214971
0,0.04126276607256517
0,0.2731683396004426
0,0.01006651767235761
0,0.016971361717800008
1,0.2808372371107184
0,0.029252391442356404
1,0.9427552281633796
0,0.04514185985873763
0,0.44443394151669496
0,0.037100475054867396
1,0.9713969842044579
0,0.9561579083992755
1,0.35118694190599986
0,0.17140604253742708
0,0.05071226735545823
0,0.3799387679345975
0,0.0287609030791741
0,0.029195293700552922
0,0.030538860962755036
1,0.37910224171744805
0,0.005358965391601564
0,0.04474647077397368
0,0.03176217146232653
0,0.018400189075429594
0,0.04169642596136595
0,0.209726476580701
0,0.06335743073227261
0,0.029203176200487204
0,0.024583229873988047
0,0.03311729744186346
1,0.7676969970836968
1,0.16827287465419988
