target,prediction
0,0.1271506545246516
0,0.12378859506648666
0,0.15705719422279324
0,0.2625456486867009
1,0.14647255198310666
0,0.12913360978837485
1,0.4066811399544016
0,0.1431402827146697
0,0.2215249671646748
0,0.20805982820323254
0,0.1596666577022146
0,0.13629057049833274
1,0.16672702619203408
0,0.33596606535114404
1,0.7048771709756991
0,0.13119264552657978
0,0.2792419707832581
1,0.19697619030488817
0,0.13911156185382378
0,0.1319781072514592
0,0.27192662332513917
0,0.6215006984490904
0,0.2600769558348717
1,0.6371919615095121
0,0.129871143498201
0,0.5134540279256661
0,0.1271506545246516
0,0.1716470951033089
0,0.15268112075972942
1,0.7777567267819089
1,0.129871143498201
1,0.5690985716519916
0,0.14100367709799405
0,0.129871143498201
0,0.21475706843215397
1,0.6421822882596223
0,0.15089398330193318
0,0.16889436256803206
0,0.17703652612014537
1,0.7981637273968458
1,0.6525129533156248
1,0.6823955385004966
1,0.17139355919839142
0,0.13987703499861442
0,0.17092570294640264
0,0.1271506545246516
0,0.16506733712776717
0,0.14360696613533297
0,0.14610964546693309
0,0.6386576002627871
0,0.18992598416979908
0,0.1392659177752962
0,0.2079444985155793
0,0.13642691285483038
1,0.7613752131519078
0,0.1271506545246516
0,0.13642691285483038
0,0.2472046919486584
0,0.20590650279513525
0,0.16614394563148566
0,0.35023366314514254
0,0.129871143498201
1,0.7641776413419885
0,0.17978740650971636
1,0.7678068217372396
0,0.12943492983005594
1,0.7609228767491806
0,0.13642691285483038
0,0.18247405459738184
0,0.37092831558889733
1,0.14455423055469394
0,0.22039723341082673
0,0.14730699499846328
1,0.16456545482884305
0,0.1636986880823617
0,0.14730699499846328
0,0.1271506545246516
0,0.14444710696037014
0,0.13642691285483038
0,0.13988184627093322
0,0.16239113868658078
0,0.22561539813960635
0,0.1688428112915469
0,0.1522528583926875
0,0.129871143498201
1,0.7299854350727851
0,0.11950167015780622
0,0.6836332451963095
0,0.2228489954357899
1,0.6670793296563258
1,0.8198599492393897
0,0.25237458876865626
0,0.14037243949317044
0,0.16682332071977382
1,0.18119614941839582
1,0.46665941302668656
1,0.1902754112565843
1,0.6241904903943668
0,0.4841748317833418
0,0.14666144217564456
0,0.13642691285483038
1,0.18333725602319437
0,0.1522528583926875
0,0.12378859506648666
0,0.129871143498201
0,0.17716404435105904
0,0.12378859506648666
0,0.7299854350727851
1,0.14730699499846328
1,0.13642691285483038
0,0.13444383259969683
0,0.14647255198310666
1,0.6406120297395559
1,0.11950167015780622
1,0.2092615740063635
0,0.11950167015780622
0,0.1596666577022146
1,0.15123806282749505
0,0.1445059244844025
1,0.5048256307359527
0,0.1399562132511242
0,0.17139355919839142
0,0.13180177307057375
0,0.1319781072514592
0,0.615253437944829
0,0.13642691285483038
0,0.28026755056532204
0,0.17893056002019728
0,0.13653969089905468
0,0.23891463884940417
0,0.18161579418443763
1,0.12606351970729285
0,0.22275270797012653
1,0.7978784832877924
1,0.714730310780274
0,0.2503597395193253
0,0.29718923924772206
0,0.1319781072514592
0,0.13642691285483038
0,0.18988174650803608
0,0.13690391452983838
0,0.14467621327800845
0,0.2249564141841926
0,0.14379215869999618
0,0.129871143498201
0,0.13642691285483038
1,0.2002464809045466
0,0.6432334563907627
1,0.2335409516089296
1,0.730235440015158
0,0.1998139441536781
0,0.13466867721011955
0,0.3510930257577253
0,0.15888931089300654
0,0.129871143498201
0,0.14498248463326774
0,0.1271506545246516
0,0.129871143498201
0,0.129871143498201
0,0.1831926571159818
1,0.441285227096337
0,0.18095424399738694
1,0.18588800393003888
0,0.6095679415205758
0,0.129871143498201
1,0.38742834400029147
0,0.20167347055797383
0,0.13692985531060392
0,0.1319781072514592
0,0.15315730942771277
0,0.13656091033054432
0,0.1895485876321347
0,0.129871143498201
1,0.5864235758888099
0,0.15604010227206025
0,0.12378859506648666
1,0.6420648106870209
0,0.13642691285483038
1,0.1292234702806662
0,0.13921205101228504
0,0.149589726769925
0,0.3704385955235448
0,0.23721333355960927
1,0.19905844913578113
1,0.7007593787585645
0,0.15315730942771277
0,0.14702833991387088
0,0.15384055459527776
0,0.14777677502257133
0,0.27967390133453307
0,0.129871143498201
0,0.1271506545246516
0,0.22316471369761365
0,0.13642691285483038
1,0.7672310744511129
0,0.17879502328768462
1,0.17046999093000714
0,0.1388183535834165
0,0.1396290541279193
1,0.24383568271822947
0,0.13642691285483038
1,0.7026117320256754
0,0.16776716361063
1,0.6471955239401604
0,0.14538927813539418
0,0.23898758254976424
0,0.12378859506648666
1,0.347333890815327
1,0.17379647321255684
0,0.13642691285483038
0,0.14702833991387088
1,0.3424284767770454
0,0.552168873176657
0,0.2215249671646748
0,0.13842516603160032
0,0.1319781072514592
0,0.19905844913578113
1,0.15644518301087057
0,0.1399562132511242
1,0.43214328931751284
0,0.129871143498201
1,0.13642691285483038
0,0.16078767065285535
0,0.16194356596357692
0,0.5465157686497423
0,0.6860561758443507
0,0.16506733712776717
0,0.12440134016452588
0,0.1651936352254588
0,0.7299854350727851
0,0.23169135166177934
0,0.3423844771601189
0,0.14378015910043954
0,0.21603211331664438
1,0.49929151583934595
0,0.14801474930528805
1,0.8198599492393897
0,0.25499291315962985
0,0.14647255198310666
0,0.14579899666380627
0,0.2202953733400944
1,0.15004851051940446
1,0.20254694851783753
1,0.3595232920482112
0,0.13642691285483038
0,0.6524185092019829
0,0.1292234702806662
0,0.14730699499846328
0,0.1271506545246516
0,0.1388183535834165
0,0.14043676346579673
0,0.11950167015780622
1,0.12913360978837485
0,0.22208932257919795
0,0.12822738928949182
0,0.15806793570520364
0,0.1381562817472408
0,0.1673176917248431
0,0.129871143498201
0,0.3424284767770454
0,0.129871143498201
1,0.6989138650535888
0,0.129871143498201
0,0.13466867721011955
0,0.6480028485119375
0,0.24213602704537465
0,0.36671864791805187
0,0.13901851053882264
0,0.1920585750296839
0,0.1582131088691679
1,0.6354569877242836
0,0.1461285528261666
1,0.7658907541513741
1,0.5326558559836991
1,0.12913360978837485
1,0.13271940033467566
0,0.25228692519057677
0,0.13828199666617377
0,0.16506733712776717
0,0.1399688286130035
0,0.2202953733400944
0,0.11950167015780622
1,0.8252954972164952
1,0.7815195368198149
0,0.12378859506648666
0,0.23708351327408148
0,0.13642691285483038
1,0.16078622871469692
0,0.1649041278706994
1,0.6653542701405125
0,0.13642691285483038
1,0.6792105063360271
0,0.13872273063551538
1,0.8370775153040914
0,0.14702833991387088
1,0.1319781072514592
0,0.15426534212559997
0,0.11950167015780622
0,0.1372981542715763
1,0.8370775153040914
0,0.129871143498201
1,0.15645212636892772
0,0.16505406972709274
0,0.3400416964834654
0,0.19984160872728843
0,0.13853041162592733
0,0.15159848553332655
1,0.6507365594716134
1,0.7154121350796961
0,0.16624879395566788
0,0.20813571778194837
0,0.1474145068096309
1,0.8172887510860244
0,0.16114873437287003
0,0.17139355919839142
1,0.22208932257919795
0,0.13492338607088808
0,0.17430322866732825
1,0.7154121350796961
0,0.1319781072514592
0,0.13642691285483038
1,0.7944540543469947
1,0.6803199310628729
0,0.129871143498201
1,0.7672310744511129
0,0.14775280817241254
0,0.21475706843215397
0,0.7277722688616073
1,0.6801764439913272
0,0.22888265993469345
0,0.14554596722628904
0,0.15315730942771277
0,0.1653222745294801
0,0.129871143498201
1,0.3115621051745857
1,0.8172887510860244
0,0.4037622922393467
1,0.6698825570647151
0,0.129871143498201
1,0.6884873101699736
0,0.18879358689248202
0,0.13574579491115085
1,0.2308773102082096
1,0.3854501882959839
0,0.11950167015780622
0,0.6714518427887823
0,0.6346514414373348
0,0.16937528206770797
0,0.1448869684653077
1,0.4631059804056009
0,0.16601464347592806
1,0.595767312719434
0,0.25882780360748125
0,0.21999722806457672
0,0.1845848784902011
0,0.14944319249653923
1,0.576182698639929
1,0.7026117320256754
0,0.129871143498201
1,0.6153124815164509
0,0.27007386927324856
1,0.7476079377918974
1,0.6806984164516716
0,0.16268657445626783
0,0.1319781072514592
0,0.12378859506648666
0,0.13941179927437305
0,0.15422582110336874
0,0.1376796990698706
0,0.13383608504534109
0,0.543871573953511
1,0.7017014224779831
0,0.16371449992114803
0,0.14718545096427316
0,0.1336971719652722
0,0.2202953733400944
0,0.13120642554438938
0,0.1319781072514592
0,0.6517320927595623
0,0.15806793570520364
1,0.7582049129054773
1,0.8024069619904103
0,0.13664424142277828
0,0.2997151835353623
0,0.1569074286708758
0,0.129871143498201
0,0.3424284767770454
0,0.14602139175005152
1,0.23444650585964652
1,0.6653472028060411
0,0.3400416964834654
1,0.19697619030488817
1,0.8026824423105727
0,0.1319781072514592
0,0.1813260640526009
0,0.11950167015780622
0,0.15098386804450692
0,0.13642691285483038
0,0.18717562636533439
1,0.13466867721011955
1,0.2333105842334285
0,0.30510468705375116
0,0.13466867721011955
0,0.13642691285483038
1,0.6482374555646477
1,0.7762822814542325
0,0.30312569019507735
0,0.14702833991387088
1,0.17174469499956074
0,0.141923592702014
0,0.15706645979843073
0,0.12822738928949182
0,0.16987609427489722
0,0.23386433580821592
0,0.21475706843215397
1,0.6442443923531713
0,0.28256176463020677
0,0.1876500786074596
1,0.671090373776988
0,0.16333990718873453
0,0.4388097712120825
0,0.2202953733400944
0,0.14554596722628904
0,0.13642691285483038
1,0.5179604211083393
0,0.1417493840097157
1,0.7672310744511129
0,0.18217533992034252
0,0.12913360978837485
0,0.3400416964834654
0,0.1271506545246516
0,0.14730699499846328
0,0.11950167015780622
1,0.7672310744511129
0,0.40451648923742534
0,0.15123806282749505
0,0.11950167015780622
0,0.20646307056491542
1,0.24383568271822947
1,0.5048256307359527
0,0.15705719422279324
1,0.6704114864290678
1,0.29235599853063177
0,0.13842516603160032
1,0.7981637273968458
0,0.5853335210969516
0,0.14863460260428293
0,0.7088272193915302
0,0.14730699499846328
0,0.13656091033054432
0,0.18948853880305208
0,0.1431883106473407
0,0.18161579418443763
1,0.7981637273968458
0,0.14546436462864373
0,0.13452755643382558
1,0.17027206159569555
1,0.4636008094091403
1,0.16505406972709274
0,0.24353121192969607
1,0.18588800393003888
0,0.1488475668581568
1,0.7948046987626894
0,0.1319781072514592
1,0.6522008358547398
0,0.5880519663080631
0,0.17395299741820922
0,0.3125193180561805
0,0.22208932257919795
0,0.2384435245440858
0,0.13642691285483038
0,0.129871143498201
0,0.2859568326802755
0,0.2090356241713039
0,0.13642691285483038
1,0.8198599492393897
0,0.147817236393879
1,0.7476079377918974
1,0.18189328858292617
0,0.1461285528261666
0,0.1649191077842352
0,0.1319781072514592
0,0.14257261811128918
0,0.13821474673356818
0,0.15268112075972942
0,0.2202953733400944
0,0.16356120290336232
0,0.13340594187721105
0,0.23636570852575162
0,0.17079436233078707
1,0.7784385510813311
1,0.1271506545246516
0,0.13725049319903915
0,0.12606351970729285
0,0.1876500786074596
1,0.5742879263217381
0,0.21668820464936858
0,0.1361995117695844
0,0.29120531102441627
0,0.1460871185738453
0,0.1271506545246516
0,0.129871143498201
1,0.1271506545246516
0,0.14730699499846328
1,0.6823955385004966
0,0.13642691285483038
0,0.14062038405301802
1,0.6386576002627871
1,0.17641598897304242
1,0.5856691338399974
0,0.6386576002627871
0,0.1644342948931727
1,0.129871143498201
1,0.718014967284721
0,0.15806793570520364
0,0.129871143498201
1,0.7784385510813311
0,0.15636282469450227
1,0.7435984143714865
1,0.1705467398458475
0,0.3683094868860484
0,0.2699213755219282
0,0.13664424142277828
0,0.3400416964834654
1,0.13485153611899955
0,0.13209647679176217
0,0.13056965678252666
0,0.12378859506648666
0,0.21013668968657587
1,0.15268112075972942
1,0.13642691285483038
0,0.16771347045391374
1,0.13642691285483038
0,0.15243010254382894
0,0.13642691285483038
0,0.1319781072514592
0,0.14151180814428466
0,0.5396517324085702
1,0.716315178501812
0,0.1271506545246516
0,0.15119466023556694
0,0.1306804341013857
1,0.23708351327408148
0,0.12943492983005594
0,0.17046999093000714
0,0.16160616318400878
1,0.671090373776988
0,0.572941414478399
0,0.14746698099759178
0,0.1339980316391693
0,0.1319781072514592
0,0.3854501882959839
0,0.1372981542715763
1,0.34259359357287655
1,0.11950167015780622
0,0.1319781072514592
0,0.14566891674469423
0,0.14730699499846328
0,0.7078654769399235
0,0.15644518301087057
0,0.129871143498201
0,0.14439418986324212
0,0.6845815217902624
1,0.13642691285483038
0,0.22208932257919795
0,0.1319781072514592
0,0.1585793832301023
0,0.175053944634951
0,0.12913360978837485
0,0.7435984143714865
0,0.15268112075972942
0,0.13842516603160032
0,0.1964458801933408
0,0.11950167015780622
0,0.13642691285483038
1,0.6244586383881223
0,0.13164167023222814
0,0.6562935565308192
0,0.5645870376621838
0,0.129871143498201
0,0.22888265993469345
0,0.1271506545246516
1,0.7167449230404664
1,0.6653472028060411
0,0.150679112815422
1,0.7384167624513338
0,0.12378859506648666
0,0.5768996614726059
0,0.15057135130237714
0,0.12378859506648666
0,0.14015363784342502
0,0.1475101069488163
0,0.14702833991387088
0,0.6046837096140875
1,0.6300328277222944
1,0.5048256307359527
0,0.13587065940922366
0,0.20266923299553025
1,0.7007593787585645
0,0.11950167015780622
0,0.1553735224572127
0,0.2563353270505134
1,0.7105666581067709
0,0.441285227096337
0,0.1271506545246516
0,0.6642294525378004
0,0.2202953733400944
0,0.13965791447156645
0,0.13664424142277828
0,0.1306804341013857
1,0.25499291315962985
0,0.35262446545194037
1,0.7948046987626894
0,0.7981637273968458
0,0.22208932257919795
0,0.5069076355729432
1,0.6371919615095121
0,0.13548877539319432
1,0.6386576002627871
0,0.1319781072514592
0,0.1319781072514592
0,0.1319781072514592
0,0.2986832418094287
1,0.37238613352041444
0,0.6698825570647151
0,0.13642691285483038
0,0.18006270815451478
0,0.13548877539319432
1,0.5048256307359527
0,0.129871143498201
0,0.13808082208741046
1,0.441285227096337
0,0.17209907390445744
0,0.19362010169147784
1,0.1319781072514592
0,0.2808925703057074
0,0.12606351970729285
0,0.1319781072514592
0,0.1319781072514592
1,0.5558448574232193
0,0.7079261172354515
0,0.1778619653877861
0,0.32549616326167896
0,0.129871143498201
0,0.34410783868151296
1,0.17060689826702732
1,0.33657988757545
0,0.18449023555811875
1,0.1768546647562293
1,0.7154121350796961
0,0.13642691285483038
0,0.16920046930499671
0,0.13561996098011006
0,0.13642691285483038
0,0.16987609427489722
0,0.13751197639707177
1,0.6371919615095121
0,0.14647255198310666
1,0.22208932257919795
0,0.696536152022982
0,0.47665294017708737
0,0.13642691285483038
1,0.4941451296877317
0,0.13656091033054432
0,0.5528066663891944
0,0.1319781072514592
1,0.781622866850556
0,0.1271506545246516
0,0.14396962875777586
1,0.2235206481464029
0,0.13992594498706704
1,0.7981637273968458
0,0.1446371004377203
0,0.129871143498201
0,0.129871143498201
0,0.129871143498201
0,0.13642691285483038
1,0.1319781072514592
0,0.5944075958596706
1,0.6955156131484939
0,0.12378859506648666
0,0.15710750160007952
0,0.11950167015780622
1,0.23708351327408148
0,0.138319997254497
0,0.13642691285483038
0,0.23035335295413165
0,0.14702833991387088
0,0.17978740650971636
0,0.1319781072514592
1,0.21159178108641333
0,0.4037622922393467
1,0.20099979561264467
0,0.1319781072514592
1,0.19381095815967592
1,0.7249855823411077
0,0.15790842205750377
0,0.13700706117586225
0,0.19472600897153688
0,0.13466867721011955
1,0.8060354493298229
1,0.5528066663891944
0,0.13642691285483038
0,0.129871143498201
0,0.13444383259969683
0,0.18910980574646238
0,0.1431417605464177
0,0.1501534835759535
0,0.13653969089905468
0,0.129871143498201
0,0.12943492983005594
0,0.18822456827994077
1,0.6653313640347851
1,0.12378859506648666
0,0.1421991475223667
0,0.14202902900713876
1,0.7167449230404664
1,0.6582610760769373
0,0.1314178850937791
0,0.13642691285483038
1,0.21651177794063023
0,0.3822976081668931
0,0.129871143498201
0,0.20813571778194837
1,0.3951714013803973
0,0.16390279302206429
1,0.6540182952037578
1,0.5528066663891944
0,0.13642691285483038
0,0.13642691285483038
1,0.7026117320256754
1,0.6076599942672787
1,0.8370775153040914
0,0.11950167015780622
0,0.18213589082278767
1,0.7299854350727851
0,0.15123806282749505
1,0.6102145929685314
0,0.15284669643373136
1,0.3516216252051626
0,0.138319997254497
1,0.12913360978837485
0,0.1306804341013857
0,0.6522008358547398
0,0.21475706843215397
0,0.1319781072514592
0,0.13629057049833274
1,0.17158093480284162
0,0.15513055954390037
0,0.1271506545246516
0,0.3424284767770454
0,0.1314178850937791
0,0.13642691285483038
0,0.11950167015780622
0,0.15499704157259295
0,0.563446373566132
1,0.5048256307359527
1,0.5048256307359527
0,0.15106348381994406
1,0.686073546133339
0,0.23607865922519713
0,0.13896459773361514
0,0.33524502952424556
0,0.42732627593844225
0,0.11950167015780622
0,0.14655021669302173
0,0.1319781072514592
0,0.13642691285483038
0,0.18588800393003888
0,0.6522008358547398
1,0.21814922374296372
1,0.176006937134777
0,0.138319997254497
1,0.6622837367183421
0,0.14647255198310666
0,0.1271506545246516
0,0.20028754126394874
0,0.1930073842843609
1,0.7299854350727851
0,0.3400416964834654
0,0.14177193102082083
0,0.5396517324085702
1,0.7404572830108989
0,0.28075229833343596
0,0.12378859506648666
0,0.7981637273968458
1,0.7704658387125098
0,0.6215006984490904
0,0.2457253915089677
0,0.13808082208741046
0,0.1481395947756553
1,0.617768059609016
0,0.1399688286130035
0,0.15844601187955237
1,0.11950167015780622
1,0.5373527303414624
1,0.22231930704878794
0,0.15806793570520364
0,0.42594585923000605
1,0.6418668091892714
0,0.129871143498201
1,0.1964458801933408
0,0.16505406972709274
0,0.13908101728662595
1,0.7672310744511129
0,0.3008897906832397
1,0.7299854350727851
0,0.1319781072514592
0,0.5674192974070342
1,0.7314672376917851
0,0.11950167015780622
1,0.6522008358547398
0,0.1319781072514592
0,0.4617637719349725
0,0.13766007247117437
0,0.1905580586255591
0,0.1624752466550383
1,0.6936693963724118
0,0.21475706843215397
0,0.15051589303526314
0,0.13444383259969683
1,0.6752649863689973
1,0.696175618750213
0,0.17482534648534925
0,0.129871143498201
1,0.6670793296563258
0,0.2092615740063635
1,0.2333105842334285
0,0.11950167015780622
0,0.23632243809739353
0,0.150679112815422
0,0.15123806282749505
0,0.24414269641990397
0,0.26094041911160704
0,0.12378859506648666
1,0.5550219768902517
1,0.8370775153040914
0,0.1319781072514592
0,0.13808082208741046
0,0.13642691285483038
0,0.3266814306263256
0,0.12378859506648666
0,0.1649041278706994
0,0.441285227096337
0,0.1271506545246516
0,0.11950167015780622
0,0.129871143498201
1,0.29657068066592307
1,0.1619513499501279
0,0.15477088021360444
1,0.613537066147769
1,0.5589241985502063
0,0.2820302046862877
0,0.6642294525378004
1,0.8370775153040914
0,0.20979828503615225
0,0.1520718654920263
1,0.8370775153040914
0,0.1292234702806662
0,0.14070279708583594
0,0.13642691285483038
0,0.21181619624220815
1,0.12378859506648666
0,0.1509026547582549
0,0.16204219144878557
1,0.7154121350796961
0,0.1713385527534203
1,0.714730310780274
0,0.2202953733400944
0,0.13656091033054432
0,0.23246774673229412
1,0.1376796990698706
0,0.1271506545246516
0,0.13656091033054432
0,0.14351015491407476
0,0.1271506545246516
0,0.11950167015780622
1,0.7678068217372396
1,0.6299158986193991
0,0.26377903844542877
0,0.24098338316586082
0,0.11950167015780622
0,0.1375934973983332
0,0.14647255198310666
0,0.1319781072514592
1,0.7586642504197599
0,0.13766007247117437
0,0.30924195535677995
1,0.674369380271725
0,0.1386705932706987
1,0.7435984143714865
0,0.288701125877377
0,0.12378859506648666
0,0.17139355919839142
1,0.2202953733400944
0,0.20104613505907315
0,0.13642691285483038
1,0.714730310780274
0,0.1319781072514592
1,0.7154121350796961
0,0.12606351970729285
0,0.14055796443894034
0,0.6670793296563258
0,0.13636866262184041
1,0.674369380271725
0,0.1920585750296839
0,0.13766007247117437
0,0.1271506545246516
1,0.7435984143714865
0,0.14034749734006127
0,0.15705719422279324
1,0.6642294525378004
0,0.129871143498201
0,0.25499291315962985
0,0.15268112075972942
0,0.38710014574621043
0,0.18184860781890563
1,0.5644560279963462
1,0.13849045693972775
0,0.11950167015780622
0,0.1713385527534203
0,0.2212335108017305
0,0.12378859506648666
0,0.11950167015780622
0,0.24098338316586082
0,0.5746084544850222
0,0.1319781072514592
0,0.1415756049948774
0,0.2202953733400944
1,0.6102145929685314
0,0.1376796990698706
0,0.1451513102787735
1,0.36671864791805187
1,0.18588800393003888
0,0.1319781072514592
1,0.7167449230404664
0,0.2799862723355742
0,0.13656091033054432
1,0.5528066663891944
0,0.7112376899750243
1,0.714730310780274
0,0.21334460951367828
0,0.18513370563391596
0,0.2202953733400944
0,0.16333257097019463
0,0.13119264552657978
0,0.1319781072514592
0,0.31659141618866177
0,0.16537243235480878
0,0.19984160872728843
0,0.13642691285483038
0,0.1357965467820062
0,0.7229745733991857
0,0.17011300511331184
1,0.7025002699215279
1,0.339863586627363
0,0.7299854350727851
1,0.14647255198310666
1,0.5589241985502063
1,0.2092615740063635
0,0.22422425050786537
0,0.2092615740063635
0,0.11950167015780622
0,0.7981637273968458
0,0.2227596003333312
0,0.6253256838159861
0,0.36745461655205985
0,0.1319781072514592
0,0.12378859506648666
0,0.12378859506648666
1,0.3595232920482112
0,0.24387169782604887
0,0.4781499311364247
0,0.1295688544762136
0,0.14647255198310666
0,0.12943492983005594
1,0.3394648711903083
0,0.1377235112991498
1,0.8370775153040914
1,0.6030554316735878
0,0.18348516348058497
1,0.19039002753513995
0,0.11950167015780622
0,0.29120531102441627
1,0.1649041278706994
1,0.2308773102082096
1,0.34727870549508066
1,0.7299854350727851
0,0.6551984608090766
1,0.2556005831510005
0,0.16078767065285535
1,0.7981637273968458
0,0.19257384785323342
1,0.6642294525378004
0,0.138319997254497
0,0.16815503280827135
0,0.18852055193700568
1,0.441285227096337
0,0.12378859506648666
1,0.1838941264674985
0,0.13642691285483038
0,0.18680219795362893
1,0.6124412567768536
0,0.1271506545246516
0,0.6635200330903224
1,0.7368391663575862
0,0.6507365594716134
1,0.4035833519581396
0,0.17660602931064634
0,0.2212335108017305
0,0.1833181661396121
0,0.14360696613533297
0,0.13642691285483038
1,0.13642691285483038
1,0.129871143498201
1,0.37238613352041444
0,0.23660731733060308
0,0.6578266305203604
0,0.24923999274044017
0,0.129871143498201
1,0.15268112075972942
0,0.1319781072514592
1,0.3810145187390291
0,0.13656091033054432
0,0.13642691285483038
1,0.1271506545246516
1,0.28671135212620197
1,0.7672310744511129
0,0.20757561685384682
0,0.1417811711982554
1,0.7435984143714865
1,0.21475706843215397
0,0.1319781072514592
0,0.16624879395566788
0,0.15525129002590213
0,0.138319997254497
0,0.11950167015780622
0,0.14378015910043954
0,0.12378859506648666
0,0.13120642554438938
0,0.129871143498201
0,0.12606351970729285
1,0.1271506545246516
1,0.6679199854736105
0,0.13883779545458444
0,0.129871143498201
0,0.129871143498201
0,0.1319781072514592
1,0.7435045989170228
1,0.749670962773571
0,0.12378859506648666
1,0.17789236037336695
0,0.11950167015780622
0,0.17587873170719365
0,0.22910674069139045
0,0.6120346766656507
1,0.2068936198376901
0,0.13642691285483038
0,0.1319781072514592
0,0.17963633680351754
0,0.1319781072514592
1,0.35423230324388566
0,0.22317915938446783
1,0.14435038425243263
0,0.1415756049948774
1,0.2005840560842532
0,0.1770867600185859
0,0.13056965678252666
0,0.22266505126182212
0,0.17954851445874023
0,0.129871143498201
0,0.1462363689477731
1,0.7299854350727851
1,0.6823955385004966
0,0.1376796990698706
1,0.1271506545246516
0,0.1848469454734722
0,0.16614394563148566
0,0.12378859506648666
0,0.15938734649020048
1,0.17200134256983718
0,0.1271506545246516
1,0.5548659592681524
0,0.11950167015780622
0,0.14068862158914083
0,0.13098774192564908
0,0.693053146147987
0,0.138319997254497
0,0.23246774673229412
0,0.14122214397181912
0,0.1319781072514592
0,0.14152939123485772
1,0.7112235497974497
0,0.1944883635474149
0,0.11950167015780622
1,0.7454038365934293
0,0.29679598141413965
0,0.15268112075972942
0,0.129871143498201
0,0.24015941556096285
0,0.129871143498201
0,0.274642523666072
1,0.6994777296399559
0,0.129871143498201
0,0.16500917059093595
1,0.6016076873921173
1,0.7672310744511129
0,0.24831574296577374
0,0.1964458801933408
0,0.13792988225831934
0,0.15957872580385382
0,0.17141540104102196
0,0.17099115070725177
0,0.17124605238338172
0,0.12606351970729285
1,0.7112235497974497
0,0.6114896616988392
1,0.20247939949890675
0,0.441285227096337
0,0.23246774673229412
0,0.11950167015780622
0,0.1271506545246516
1,0.18294233098610344
0,0.11950167015780622
0,0.5653366586401267
1,0.6406120297395559
0,0.17820894465279552
0,0.2432616520837965
0,0.15806793570520364
0,0.129871143498201
1,0.43540618536472736
0,0.13642691285483038
1,0.1417811711982554
0,0.13939013452913743
1,0.21475706843215397
0,0.16606943305700766
0,0.1397471805973019
0,0.2202953733400944
0,0.13642691285483038
0,0.15762109268573846
0,0.21475706843215397
0,0.23170734043055075
0,0.15442896889077293
0,0.15701634445886664
0,0.11950167015780622
0,0.15984517305117577
0,0.18557304140921885
0,0.1376796990698706
0,0.5690985716519916
0,0.22920037649680716
0,0.129871143498201
0,0.20084176294517866
0,0.23510354361364375
0,0.14360696613533297
0,0.17501176081911593
0,0.11950167015780622
0,0.5273759856999356
0,0.13656091033054432
0,0.17816039521385402
0,0.11950167015780622
0,0.14730699499846328
0,0.14730699499846328
0,0.1319781072514592
0,0.18588800393003888
0,0.1376796990698706
0,0.1319781072514592
0,0.138319997254497
1,0.8370775153040914
0,0.2202953733400944
1,0.5841845853504354
1,0.5528066663891944
0,0.2792615463974737
0,0.14467621327800845
1,0.16512735458237812
0,0.3400416964834654
0,0.13642691285483038
0,0.13642691285483038
0,0.714730310780274
0,0.129871143498201
0,0.13664424142277828
1,0.6884873101699736
1,0.18761979150841282
0,0.1311135550305538
0,0.1271506545246516
0,0.3219628973872718
0,0.2498471826599889
0,0.13642691285483038
0,0.14744405353633042
0,0.6120346766656507
0,0.13965791447156645
0,0.24960928636628973
1,0.6680467144805149
0,0.1713385527534203
0,0.6845271144507252
0,0.12378859506648666
0,0.1649041278706994
1,0.1319781072514592
0,0.1271506545246516
0,0.1271506545246516
0,0.11950167015780622
1,0.24353121192969607
0,0.4164990393776488
0,0.13636866262184041
0,0.21327176271768886
0,0.24878359805236616
0,0.12378859506648666
0,0.6522008358547398
0,0.34391950297840473
0,0.7031362138203234
1,0.6551984608090766
0,0.14257456609740435
1,0.7672310744511129
1,0.22659142821185546
0,0.1306804341013857
0,0.3117076559552889
0,0.26910407320582885
0,0.14566891674469423
0,0.11950167015780622
1,0.2202953733400944
1,0.13642691285483038
0,0.29718923924772206
0,0.129871143498201
0,0.14046269090146038
0,0.6522008358547398
0,0.13642691285483038
0,0.7115898810251939
0,0.129871143498201
0,0.15481443208639611
0,0.1271506545246516
0,0.3670501093795111
0,0.27101564733514366
1,0.15071690919276914
0,0.14467621327800845
0,0.1271506545246516
1,0.7672310744511129
0,0.12606351970729285
0,0.1318531297816179
0,0.1319781072514592
1,0.6371919615095121
1,0.20353034887851593
1,0.7909170925504342
1,0.7678068217372396
0,0.19574515964896333
0,0.12378859506648666
0,0.3447810053442366
0,0.1729832205432992
0,0.13642691285483038
1,0.29784164944315006
0,0.1319781072514592
0,0.12943492983005594
1,0.7435984143714865
0,0.5955193715088827
1,0.20143751871586021
0,0.12943492983005594
0,0.13466867721011955
0,0.29285619087807063
0,0.1319781072514592
0,0.12378859506648666
1,0.714730310780274
0,0.129871143498201
0,0.15106348381994406
1,0.6522008358547398
0,0.14647255198310666
0,0.1534402023821241
1,0.12606351970729285
1,0.7672310744511129
0,0.5824769273484067
0,0.11950167015780622
0,0.5794075357506745
0,0.2092615740063635
0,0.24878359805236616
0,0.13642691285483038
1,0.433294828805748
0,0.5528066663891944
0,0.2997151835353623
1,0.3424284767770454
0,0.13642691285483038
1,0.1619513499501279
0,0.199270730158907
1,0.14955833186524672
1,0.1461285528261666
0,0.13642691285483038
0,0.13098774192564908
1,0.12285045760485058
1,0.13499463067058792
1,0.6642294525378004
0,0.129871143498201
0,0.1319781072514592
0,0.24192152062749692
0,0.13642691285483038
1,0.22659142821185546
0,0.16381970541854277
0,0.12913360978837485
1,0.686529432566664
0,0.4301241466982188
0,0.21475706843215397
1,0.29597753887150596
0,0.1418483682541493
0,0.2202953733400944
0,0.686671502041579
1,0.15106348381994406
0,0.1319781072514592
1,0.13664424142277828
0,0.1721710129579639
0,0.13642691285483038
1,0.5048256307359527
0,0.6670793296563258
0,0.19147090250264226
0,0.16078767065285535
1,0.6551984608090766
0,0.138319997254497
0,0.17893056002019728
0,0.23246774673229412
1,0.5998176229685466
1,0.7431897535010873
0,0.16721530274582527
0,0.15258726773733292
0,0.129871143498201
0,0.129871143498201
0,0.1495380870112298
1,0.7672310744511129
0,0.19257384785323342
0,0.2259859407676685
0,0.1518218089155662
0,0.16624879395566788
0,0.1319781072514592
1,0.6515094260456741
1,0.2035556762229914
0,0.1319781072514592
0,0.13245474067781102
0,0.1581453538383472
0,0.6277014770610667
0,0.14360696613533297
0,0.129871143498201
0,0.4037622922393467
0,0.7314672376917851
0,0.5158662379060361
1,0.6898242539499227
0,0.12378859506648666
1,0.6833089243749493
0,0.6120346766656507
0,0.4497133336223959
1,0.6076599942672787
0,0.1396290541279193
0,0.22607355905938123
0,0.1271506545246516
0,0.1306804341013857
0,0.14360696613533297
0,0.1481395947756553
1,0.6037696401116106
1,0.7502183507440837
1,0.6706656444425884
1,0.3595232920482112
0,0.15023002495455143
1,0.7154121350796961
0,0.11950167015780622
0,0.6670793296563258
1,0.129871143498201
0,0.13753208574782674
0,0.19697619030488817
1,0.8060354493298229
0,0.6066118661794716
0,0.19403538108566523
0,0.686671502041579
0,0.1319781072514592
0,0.2966703333888972
0,0.1271506545246516
0,0.14034749734006127
0,0.23246774673229412
1,0.306904008933682
1,0.8060354493298229
0,0.25061322069745184
0,0.1729832205432992
1,0.13853995680094583
0,0.11950167015780622
1,0.7435984143714865
0,0.3424284767770454
0,0.24098338316586082
0,0.11950167015780622
1,0.5559039956891524
1,0.21520412434467123
0,0.1376796990698706
1,0.8132206771663697
0,0.13878102156877573
1,0.2473818865775726
0,0.6768765300104261
1,0.6517939352813156
1,0.849353436563464
0,0.1851139243113112
1,0.15790802243485694
0,0.20243127486129547
0,0.129871143498201
0,0.14055796443894034
0,0.18988174650803608
0,0.1271506545246516
0,0.14736857209239454
0,0.24450142270312927
1,0.29235599853063177
0,0.17352944766298795
1,0.7672310744511129
0,0.17383288718187107
0,0.3089901471236041
0,0.6300871668077107
0,0.13529389091421012
0,0.29718923924772206
0,0.16506733712776717
0,0.7502183507440837
0,0.1319781072514592
0,0.6653472028060411
0,0.15891712210473843
0,0.13642691285483038
0,0.129871143498201
0,0.1803306220327941
0,0.18021625905765118
1,0.13642691285483038
1,0.13636866262184041
0,0.14378015910043954
0,0.20434702228382887
0,0.137851750882156
0,0.38425051862607995
0,0.5768659168169089
1,0.5558448574232193
1,0.7112235497974497
0,0.1596666577022146
0,0.25988716389857136
1,0.4748730999582683
0,0.13642691285483038
0,0.1319781072514592
0,0.17820894465279552
1,0.5926058299337584
1,0.6653472028060411
0,0.2202953733400944
1,0.2202953733400944
0,0.1666068417556304
1,0.17256979947321852
0,0.2372644136915139
0,0.35882760142735953
0,0.14298909831956538
0,0.17187316482845158
0,0.1271506545246516
0,0.2821918834672655
0,0.2372644136915139
0,0.2202953733400944
0,0.1474145068096309
0,0.12378859506648666
0,0.15993148168487478
0,0.1625851937843228
1,0.18396944309968782
0,0.14730699499846328
1,0.6832050004475351
0,0.129871143498201
1,0.1509803973851345
1,0.2803481588036247
1,0.15277375762943818
0,0.1319781072514592
0,0.14141775807645424
1,0.730235440015158
0,0.17430322866732825
0,0.40694085347163084
0,0.1562382555850561
0,0.1410232049838222
0,0.11950167015780622
0,0.5931818683274989
0,0.22715941549598018
0,0.19609267194443455
0,0.11950167015780622
1,0.28721010490023735
0,0.13763788300267082
0,0.17604138180182274
1,0.18508436869162645
0,0.13241808029299457
1,0.37238613352041444
0,0.21254316571142678
0,0.22989870696728146
0,0.18622833686668513
1,0.1876500786074596
1,0.23173611361103902
0,0.6485435771309982
1,0.1319781072514592
0,0.21267095058970617
1,0.1778802371765448
0,0.19257384785323342
0,0.1597546752622094
0,0.21824552446687653
0,0.692576737927062
1,0.7154121350796961
0,0.22185535951725463
0,0.13642691285483038
1,0.6845815217902624
0,0.13731878590067337
0,0.14467621327800845
1,0.24807546421392102
0,0.18588800393003888
0,0.18988174650803608
0,0.441285227096337
1,0.16300295018934532
1,0.6551984608090766
0,0.15303440153259332
1,0.7299854350727851
0,0.129871143498201
0,0.7435984143714865
0,0.14567978189134753
0,0.13642691285483038
0,0.6955156131484939
0,0.12913360978837485
0,0.1319781072514592
0,0.13250794078528594
1,0.6241904903943668
1,0.5422831902996774
0,0.14324495601417314
0,0.3465763466191897
0,0.154189740929687
0,0.6300871668077107
1,0.2986538490794607
0,0.1483487029194547
0,0.13656091033054432
0,0.14078857817707602
0,0.138319997254497
0,0.129871143498201
0,0.129871143498201
1,0.1496620011173746
1,0.6013900030215843
0,0.14444710696037014
1,0.6562101872307786
1,0.17189169272215674
1,0.39544406678078764
0,0.15422582110336874
0,0.129871143498201
0,0.5868609021808752
0,0.6386576002627871
1,0.23256266064343775
1,0.6522008358547398
0,0.23029598316830935
1,0.683963535044321
0,0.14360696613533297
1,0.5569212253887066
0,0.14378015910043954
0,0.6178681170166294
0,0.6460657463807608
0,0.22524464032451494
0,0.6860561758443507
0,0.16493411601828098
1,0.49929151583934595
0,0.129871143498201
0,0.13444383259969683
0,0.14602139175005152
0,0.3344681747082706
0,0.14686487580907953
0,0.21475706843215397
0,0.138319997254497
0,0.1271506545246516
0,0.13642691285483038
1,0.5921247064113873
0,0.13642691285483038
1,0.24913737312594897
0,0.1319781072514592
0,0.1567631213639279
1,0.1456751601082326
1,0.7130907089386572
0,0.1271506545246516
1,0.13976381270767788
0,0.16160616318400878
0,0.12378859506648666
0,0.36745461655205985
0,0.1399688286130035
0,0.1271506545246516
0,0.2189639664056724
1,0.5938980538187569
0,0.5931254382193782
1,0.12378859506648666
1,0.1776321588564906
1,0.24709130717828132
0,0.18721566048021474
0,0.5445791709261066
0,0.21921760815895552
1,0.2229166214440266
0,0.13642691285483038
0,0.1415756049948774
0,0.129871143498201
0,0.12913360978837485
1,0.8370775153040914
1,0.2212335108017305
0,0.1483487029194547
0,0.16162102715162707
0,0.15422582110336874
0,0.16671464348151505
0,0.13180177307057375
0,0.129871143498201
0,0.17139355919839142
1,0.686671502041579
0,0.16572213115643622
0,0.2358351074747101
1,0.7981637273968458
0,0.13642691285483038
1,0.3128134722974368
0,0.1336971719652722
0,0.6650132489592439
1,0.6698825570647151
0,0.13642691285483038
0,0.21997548615428472
0,0.1501534835759535
0,0.1655525564638369
0,0.14096571497196192
0,0.1336971719652722
0,0.1975755715049929
0,0.14730699499846328
0,0.1647789562578884
1,0.7154121350796961
0,0.22032894070919254
1,0.7978784832877924
0,0.16607624492749323
0,0.11950167015780622
0,0.1319781072514592
0,0.12943492983005594
0,0.1271506545246516
0,0.1336971719652722
0,0.14475859162093932
0,0.18814387271808367
0,0.49929151583934595
0,0.1388562368105696
1,0.7058005730521131
0,0.15705719422279324
0,0.15676035064164578
0,0.13250794078528594
0,0.11950167015780622
0,0.7299854350727851
0,0.1319781072514592
0,0.2821918834672655
0,0.18588800393003888
0,0.18758292147660002
0,0.2808925703057074
1,0.7459604108726019
1,0.6645504962645545
0,0.3266814306263256
1,0.24460033201330916
0,0.129871143498201
1,0.730235440015158
1,0.4550686221807541
0,0.1891676347332186
0,0.13642691285483038
1,0.6883122363166174
0,0.22148149357083802
1,0.15106348381994406
0,0.5744919302274649
0,0.13656091033054432
0,0.13796440253439968
0,0.7115898810251939
0,0.17413812222120595
0,0.16078767065285535
0,0.17243579943620072
0,0.15984517305117577
1,0.7672310744511129
0,0.1417811711982554
0,0.6795982296685978
1,0.1964458801933408
0,0.1271506545246516
1,0.12378859506648666
0,0.1319781072514592
0,0.1319781072514592
1,0.46167174385294646
0,0.19573980649038325
0,0.17139355919839142
0,0.6460657463807608
0,0.13853995680094583
0,0.19911646448512543
1,0.7565357414422167
1,0.7115898810251939
1,0.6215006984490904
1,0.1381482125860896
1,0.8153944398235475
0,0.138319997254497
1,0.22596293063041056
0,0.15859680814259522
1,0.49929151583934595
0,0.674369380271725
1,0.6215006984490904
1,0.6770991257616323
1,0.1508291147288403
0,0.13466867721011955
1,0.686671502041579
1,0.7271719739274588
1,0.746178670944672
1,0.6386576002627871
0,0.15106348381994406
0,0.15641064798972515
0,0.1319781072514592
0,0.129871143498201
0,0.1339980316391693
0,0.1359712803852709
0,0.1400475009510998
0,0.2506814139442928
1,0.24353121192969607
0,0.17448906595576075
1,0.13150774558607048
0,0.13642691285483038
1,0.7672310744511129
0,0.14129230980032564
0,0.1318531297816179
0,0.15516673933175304
0,0.1415756049948774
0,0.1295688544762136
1,0.7431897535010873
1,0.20103431107752182
1,0.13642691285483038
1,0.46167174385294646
0,0.1319781072514592
0,0.13664424142277828
0,0.21612729362332866
1,0.777327097166011
0,0.16505406972709274
1,0.6713040111203789
1,0.5349058362850396
1,0.15284280236986647
1,0.7981637273968458
1,0.6959749898321569
1,0.7167449230404664
1,0.7958202933064369
0,0.14898118458456475
0,0.4472045046747562
1,0.22722955103317766
0,0.5528066663891944
0,0.2502778781969369
0,0.129871143498201
0,0.1319781072514592
0,0.18567301348896129
0,0.1776321588564906
0,0.11950167015780622
0,0.1522528583926875
0,0.129871143498201
0,0.26377903844542877
1,0.1319781072514592
1,0.7293857051000786
0,0.14362907317963933
0,0.1319781072514592
1,0.7748592026845955
0,0.18320570090093458
1,0.21655361772992535
0,0.14022723046648064
0,0.1271506545246516
1,0.7031362138203234
0,0.16606023025724603
0,0.604189899777279
1,0.17081424492721323
0,0.22422425050786537
0,0.13642691285483038
0,0.13642691285483038
0,0.21561945867245924
1,0.7354383737826607
1,0.12913360978837485
0,0.18588800393003888
1,0.320677406949743
0,0.15617666351393505
0,0.14100367709799405
1,0.11950167015780622
0,0.1271506545246516
0,0.1396290541279193
0,0.13664424142277828
0,0.3424284767770454
0,0.28802848798336866
0,0.6933767687990121
0,0.15790842205750377
0,0.14566891674469423
1,0.5528066663891944
1,0.6806984164516716
1,0.4394481763666555
0,0.1917357816439616
0,0.1319781072514592
0,0.1417811711982554
0,0.19147090250264226
1,0.7759050672267328
0,0.1496183604903967
1,0.5850069119858022
1,0.7598934105329078
0,0.13700706117586225
0,0.2202953733400944
0,0.5938852151750614
0,0.43718704920341517
0,0.13656091033054432
0,0.129871143498201
1,0.8061704735273164
0,0.15705719422279324
0,0.17139355919839142
1,0.7340125991510762
0,0.1271506545246516
0,0.13642691285483038
1,0.7167449230404664
0,0.11950167015780622
0,0.6670793296563258
0,0.3102817836812457
0,0.1694395515494748
0,0.1461285528261666
0,0.1357965467820062
1,0.7909170925504342
0,0.11950167015780622
1,0.7854472445489691
0,0.1319781072514592
0,0.15636637419789393
1,0.1582163457623122
1,0.5528066663891944
1,0.6485435771309982
1,0.1511573980292395
0,0.13853995680094583
0,0.129871143498201
0,0.13642691285483038
0,0.12378859506648666
0,0.12913360978837485
0,0.2202953733400944
0,0.18660518918188998
1,0.33295497755959685
0,0.13642691285483038
0,0.13642691285483038
0,0.13051166459489613
1,0.8198599492393897
0,0.1376796990698706
0,0.20104613505907315
0,0.22331998540714157
0,0.15268112075972942
0,0.4037622922393467
0,0.13664424142277828
0,0.1596666577022146
0,0.1319781072514592
0,0.175053944634951
0,0.129871143498201
1,0.7672310744511129
0,0.7299854350727851
0,0.19312879005632166
1,0.6823955385004966
0,0.33630821464169436
1,0.14526888521375086
1,0.6653313640347851
1,0.5794066415456518
0,0.1292234702806662
1,0.34303473442337373
0,0.1319781072514592
0,0.2556047718839562
0,0.129871143498201
0,0.129871143498201
0,0.38710014574621043
0,0.14640137208270318
0,0.6386576002627871
0,0.5931254382193782
0,0.13656091033054432
1,0.8699637731224534
0,0.3618556221517221
0,0.19984160872728843
1,0.25384557063080637
1,0.138319997254497
0,0.13642691285483038
0,0.19905844913578113
0,0.1319781072514592
0,0.15806793570520364
0,0.14378015910043954
0,0.11950167015780622
0,0.12378859506648666
0,0.13466867721011955
0,0.7435984143714865
0,0.15702682486203529
0,0.1319781072514592
0,0.13642691285483038
0,0.27112251626273004
0,0.7325617974923486
0,0.17748560768458893
0,0.7072045181011174
0,0.13164167023222814
0,0.2712046375763245
0,0.34377597758661693
1,0.7971390499112356
1,0.14663634942751297
0,0.1991524537677465
0,0.13776863332881392
1,0.56057260125799
0,0.7435984143714865
0,0.1729832205432992
1,0.1319781072514592
0,0.14829623671401546
0,0.13642691285483038
1,0.6670793296563258
0,0.11950167015780622
0,0.24152893665835812
0,0.13209647679176217
0,0.15039219369170323
1,0.441285227096337
0,0.6461350531396813
0,0.17482534648534925
0,0.11950167015780622
0,0.17157718548534887
0,0.36671864791805187
0,0.3131053720390018
0,0.22920037649680716
1,0.36458094715231726
0,0.21475706843215397
0,0.1513514151682565
1,0.7515715534193178
0,0.11950167015780622
0,0.129871143498201
0,0.129871143498201
0,0.13664424142277828
1,0.16855598002046657
0,0.18396944309968782
0,0.14016140027133184
1,0.1453297073328079
0,0.5422831902996774
1,0.7167449230404664
0,0.13871008391426629
0,0.1381482125860896
0,0.6201105969247809
0,0.129871143498201
0,0.13492338607088808
0,0.13642691285483038
1,0.2202953733400944
0,0.25499291315962985
0,0.18386834804763597
1,0.7672310744511129
1,0.20542504406118417
0,0.138319997254497
0,0.1451694576018209
0,0.13399611488945368
1,0.5422831902996774
0,0.12913360978837485
1,0.18935768224634655
1,0.6265271969073042
0,0.19147090250264226
0,0.1271506545246516
0,0.1453964555673027
0,0.17984695189313274
0,0.13642691285483038
1,0.3810145187390291
1,0.8060354493298229
0,0.1319781072514592
1,0.12606351970729285
1,0.1271506545246516
0,0.11950167015780622
1,0.7299854350727851
0,0.13642691285483038
0,0.19782828095298463
0,0.6837307988936404
0,0.13642691285483038
0,0.6792105063360271
0,0.20542504406118417
0,0.22273361808654432
0,0.2529185065764576
1,0.16725927503297883
0,0.13051166459489613
0,0.2476128975714653
0,0.6910671367708465
0,0.6792105063360271
1,0.21475706843215397
1,0.7224021025916849
0,0.129871143498201
1,0.11950167015780622
0,0.18427333156038297
0,0.15219214126944977
0,0.129871143498201
1,0.2333105842334285
0,0.2202953733400944
0,0.21864699097882312
0,0.1558334199648935
1,0.24908793748904545
0,0.13119264552657978
1,0.718014967284721
1,0.14706379692245927
0,0.15690869839265267
1,0.1408551816321833
0,0.129871143498201
0,0.11950167015780622
0,0.129871143498201
0,0.1319781072514592
1,0.1319781072514592
0,0.387845800989559
0,0.11950167015780622
1,0.14647255198310666
1,0.5856691338399974
0,0.1522658100823557
0,0.13466867721011955
1,0.129871143498201
0,0.1590205962923871
0,0.1319781072514592
0,0.23148465180221142
0,0.4841748317833418
1,0.7784385510813311
1,0.7299854350727851
0,0.19257384785323342
0,0.18923742844819824
0,0.11950167015780622
0,0.13466867721011955
0,0.1399562132511242
0,0.17978740650971636
0,0.22017398054184495
0,0.15018444699471353
1,0.686246747939037
1,0.7854098594849922
1,0.7672310744511129
0,0.1319781072514592
0,0.17997341638587253
0,0.17430322866732825
0,0.129871143498201
0,0.1399562132511242
0,0.13642691285483038
0,0.22382770878872926
1,0.12913360978837485
1,0.5824769273484067
1,0.7034224035535562
0,0.14068862158914083
0,0.6300871668077107
0,0.24430795182901763
0,0.17820894465279552
0,0.23813188355075288
0,0.12378859506648666
0,0.1271506545246516
0,0.16398704449489612
0,0.13971197187445786
0,0.14655021669302173
0,0.17139355919839142
0,0.1406930391779895
1,0.13812877071492163
0,0.6684568759053574
1,0.7152138555120395
0,0.2512297306838537
0,0.14445279699444788
1,0.7981637273968458
0,0.2202953733400944
1,0.17139355919839142
0,0.16456545482884305
0,0.1319781072514592
0,0.8370775153040914
0,0.14319510217654977
1,0.7435984143714865
1,0.783468783372484
0,0.2403778156171504
0,0.16192199865998336
0,0.4472045046747562
0,0.14132550709029928
0,0.13907031027448385
0,0.14703357050754481
1,0.1463385032192624
0,0.13734158602245006
1,0.8060354493298229
0,0.7314672376917851
1,0.7448221393374089
0,0.3484933554512791
0,0.31659141618866177
0,0.15329836109717512
0,0.20764519415447227
1,0.2212335108017305
1,0.6386576002627871
1,0.6428501476613394
1,0.6653472028060411
0,0.14481751637813642
0,0.14037232580947173
0,0.1377013383467088
1,0.28169190434380265
0,0.17248009728378316
0,0.13642691285483038
0,0.1673176917248431
0,0.18866809937785178
0,0.1738958783880082
1,0.7299854350727851
0,0.37092831558889733
1,0.7167449230404664
0,0.2697746120732627
0,0.1271506545246516
1,0.13642691285483038
0,0.13241808029299457
0,0.1319781072514592
1,0.5873439814697562
0,0.14319510217654977
0,0.1399562132511242
1,0.7031362138203234
0,0.14702833991387088
0,0.129871143498201
0,0.11950167015780622
1,0.6485435771309982
0,0.1271506545246516
1,0.5932056500477237
0,0.1319781072514592
0,0.22382770878872926
0,0.129871143498201
0,0.4617637719349725
0,0.5806926686119424
0,0.20542504406118417
0,0.12913360978837485
0,0.18144851213836435
0,0.175053944634951
0,0.1319781072514592
0,0.18513370563391596
1,0.17114846276040413
0,0.608831124990761
0,0.1596666577022146
0,0.13444383259969683
1,0.1292234702806662
1,0.7948046987626894
0,0.3470103106124298
0,0.6653472028060411
1,0.563446373566132
0,0.12913360978837485
1,0.47665294017708737
0,0.1319781072514592
0,0.16034490275495544
0,0.25499291315962985
1,0.7894945887835331
0,0.138319997254497
1,0.6102145929685314
0,0.6653472028060411
1,0.7435984143714865
0,0.14046269090146038
0,0.13569021718261534
0,0.14801474930528805
0,0.13656091033054432
0,0.2212335108017305
1,0.18847535828795584
1,0.7748592026845955
0,0.22920037649680716
0,0.19037454951717192
1,0.675449181957341
0,0.6948407518961041
1,0.6386576002627871
0,0.13642691285483038
0,0.14409512639676197
1,0.5715295936429116
0,0.13642691285483038
0,0.17470339455359907
0,0.6371919615095121
0,0.3854501882959839
1,0.14730699499846328
1,0.1527363977506202
0,0.17158845767655986
0,0.1336971719652722
0,0.145078418693322
0,0.1558334199648935
1,0.5048256307359527
0,0.16624879395566788
0,0.12440134016452588
1,0.849353436563464
0,0.13444383259969683
1,0.718014967284721
1,0.7919175194315743
0,0.11950167015780622
0,0.15705719422279324
0,0.1357965467820062
0,0.40655336768947026
0,0.17501176081911593
1,0.19984160872728843
0,0.16774846107552244
1,0.18778875940724807
0,0.129871143498201
0,0.194489918276353
0,0.14474240113530634
1,0.11950167015780622
0,0.714730310780274
0,0.15102147186758522
0,0.1399562132511242
0,0.1481395947756553
1,0.7124538065594488
1,0.7784385510813311
0,0.13444383259969683
1,0.849353436563464
0,0.1319781072514592
0,0.1271506545246516
1,0.6628454681248027
0,0.3075898247570496
0,0.13642691285483038
1,0.5860603348590826
1,0.6653472028060411
0,0.17139355919839142
0,0.13730429569579547
0,0.13642691285483038
1,0.6933924918105723
0,0.38710014574621043
1,0.1292234702806662
0,0.1271506545246516
0,0.11950167015780622
0,0.11950167015780622
0,0.2768358927944479
1,0.7854472445489691
0,0.5659827270300216
0,0.21864699097882312
0,0.13642691285483038
0,0.1413501404635487
0,0.17139355919839142
0,0.21028100883959405
1,0.17935908867285977
0,0.13108629866989066
0,0.14710000260040915
1,0.16328374281105987
0,0.1271506545246516
0,0.15835533331590357
0,0.11950167015780622
0,0.7112235497974497
0,0.11950167015780622
0,0.13642691285483038
0,0.15201946685064854
0,0.12378859506648666
1,0.441285227096337
0,0.1271506545246516
0,0.1649041278706994
1,0.6669415753664578
0,0.15645212636892772
0,0.13636866262184041
0,0.12943492983005594
0,0.1417811711982554
0,0.13904123178489503
1,0.6357418339339262
1,0.1415561308685488
0,0.1444707125165955
1,0.1336971719652722
1,0.7069178714861938
1,0.23957254143409557
0,0.29718923924772206
1,0.7026117320256754
0,0.13642691285483038
0,0.13808082208741046
0,0.22849696054001428
0,0.37092831558889733
0,0.22245312810291845
0,0.45099693431430987
0,0.38509815577820383
0,0.18676499098218416
1,0.7459604108726019
0,0.14257261811128918
0,0.13653969089905468
0,0.1461285528261666
1,0.7299854350727851
0,0.29120531102441627
0,0.13642691285483038
0,0.15600689233720916
0,0.3366931190492094
0,0.17430322866732825
0,0.1531862533170286
1,0.777327097166011
1,0.6495654239030242
0,0.180485919794042
1,0.5856691338399974
0,0.12378859506648666
0,0.1271506545246516
0,0.1319781072514592
0,0.3266814306263256
1,0.1415756049948774
0,0.13340594187721105
0,0.22397453300491443
1,0.7485525077588931
0,0.11950167015780622
1,0.14663634942751297
0,0.15106348381994406
0,0.3018380226327526
0,0.1431402827146697
1,0.8172887510860244
1,0.7909170925504342
0,0.5431427565585547
0,0.1376796990698706
1,0.285339905740835
0,0.1410236334718201
1,0.17379647321255684
0,0.1319781072514592
0,0.12378859506648666
1,0.6516475147747209
0,0.25228692519057677
0,0.1319781072514592
0,0.1319781072514592
0,0.11950167015780622
1,0.7981637273968458
0,0.14647255198310666
1,0.129871143498201
0,0.1319781072514592
0,0.5746925419342043
0,0.2256451421804723
0,0.15720647716000538
0,0.12285045760485058
0,0.1295688544762136
0,0.1271506545246516
0,0.20103431107752182
1,0.7167449230404664
0,0.1383620347115851
0,0.1463158331483013
0,0.14109673351793903
0,0.1577377818319195
0,0.18013744511100224
0,0.2202953733400944
0,0.1319781072514592
0,0.12913360978837485
0,0.13972584822139236
0,0.22660709110641256
0,0.2861774119858077
1,0.19477420861113143
0,0.19984160872728843
0,0.12378859506648666
0,0.21902349431845852
1,0.17352944766298795
0,0.1399562132511242
1,0.13872273063551538
0,0.13642691285483038
0,0.15650641022836473
0,0.2202953733400944
1,0.8060354493298229
0,0.6955156131484939
1,0.674369380271725
1,0.5528066663891944
0,0.1619513499501279
1,0.5528066663891944
0,0.1655525564638369
1,0.7981637273968458
0,0.4356431408919293
0,0.2966703333888972
1,0.2955182146839965
0,0.19984160872728843
0,0.23643738550842244
0,0.3266814306263256
0,0.16520385338286486
0,0.13108629866989066
0,0.16789616956633077
1,0.16913012289314633
0,0.5444141003144262
1,0.16851319949961452
0,0.13636866262184041
1,0.7083982412156299
0,0.13642691285483038
0,0.18396944309968782
1,0.5898437464320068
0,0.11950167015780622
0,0.12378859506648666
0,0.15123806282749505
0,0.13574579491115085
0,0.11950167015780622
1,0.8060354493298229
1,0.8069820465515459
0,0.1466724456636493
1,0.1688428112915469
0,0.16634527958866777
1,0.25499291315962985
1,0.1649041278706994
0,0.13340594187721105
1,0.1314178850937791
0,0.1453354772284956
0,0.34410783868151296
1,0.7112235497974497
0,0.13642691285483038
0,0.5228960954455628
1,0.290868402574045
0,0.674369380271725
0,0.15980812287906745
1,0.7981637273968458
1,0.7458047603415354
0,0.21475706843215397
0,0.14056921292500704
0,0.1989779544971147
0,0.35286732679240307
0,0.13241808029299457
0,0.2202953733400944
0,0.129871143498201
0,0.15384055459527776
1,0.253146348646331
0,0.6199775005401081
0,0.15634728431431166
0,0.5806926686119424
0,0.17893056002019728
1,0.7704658387125098
1,0.6359341455717124
1,0.26037858425468136
0,0.13642691285483038
0,0.18485137917448002
0,0.15268112075972942
0,0.1502001014817127
0,0.129871143498201
0,0.6698825570647151
1,0.129871143498201
0,0.13642691285483038
0,0.12378859506648666
0,0.20745218153668565
0,0.12378859506648666
0,0.232137722770091
0,0.1399562132511242
1,0.6679199854736105
1,0.5648503111297779
0,0.15417833656880608
0,0.22139920418211434
1,0.6390097750079836
0,0.16500917059093595
0,0.1319781072514592
0,0.1319781072514592
0,0.19337543880973387
0,0.1811488296623305
0,0.14316056900067872
0,0.20673791872578573
0,0.22273361808654432
0,0.22888265993469345
0,0.3479908501001172
0,0.15705719422279324
0,0.138319997254497
0,0.15000638986461998
0,0.13642691285483038
0,0.13656091033054432
0,0.181667289080608
0,0.13664424142277828
0,0.13642691285483038
1,0.7112235497974497
0,0.14378015910043954
0,0.2098025489827315
1,0.14068346548437544
0,0.6889869302201389
1,0.1318531297816179
1,0.6421822882596223
1,0.14085209006062116
0,0.13666394383792824
1,0.3783881521810632
0,0.1727191410693455
0,0.13340594187721105
1,0.17139355919839142
0,0.16500917059093595
0,0.1319781072514592
0,0.16505406972709274
0,0.129871143498201
1,0.1319781072514592
0,0.13642691285483038
1,0.6259753740337397
0,0.16024847031067752
1,0.18936241085700498
0,0.7609921304845486
0,0.11950167015780622
0,0.1271506545246516
1,0.6679199854736105
0,0.12913360978837485
1,0.7460275651166208
0,0.18588800393003888
0,0.1295688544762136
1,0.6629476185269374
0,0.14055796443894034
1,0.7435984143714865
1,0.7981637273968458
0,0.2557475928394772
0,0.13548877539319432
0,0.16506733712776717
0,0.1876500786074596
1,0.7971390499112356
0,0.19575144420546953
0,0.2223589072620799
0,0.1376796990698706
0,0.12378859506648666
0,0.4164990393776488
0,0.2212335108017305
0,0.28748637569531194
0,0.1712558086791548
0,0.129871143498201
0,0.615253437944829
1,0.17999535169076497
0,0.14256428468170573
1,0.1319781072514592
0,0.20143751871586021
0,0.19513569091857108
0,0.11950167015780622
0,0.129871143498201
0,0.129871143498201
1,0.7672310744511129
0,0.1585268624108461
0,0.654142276953143
0,0.1783540327274189
1,0.5798481469443031
0,0.17139355919839142
0,0.1319781072514592
1,0.6663241405152828
1,0.7435984143714865
0,0.13642691285483038
0,0.1271506545246516
0,0.45098188951204515
1,0.6821584783240878
0,0.14360696613533297
0,0.21475706843215397
0,0.1431417605464177
0,0.2986832418094287
0,0.33368844631532263
1,0.625038320452478
1,0.13802169252121704
0,0.22335611445604908
0,0.15098386804450692
1,0.5931254382193782
0,0.19574515964896333
0,0.13875429217969346
0,0.1319781072514592
0,0.13642691285483038
0,0.7435984143714865
0,0.13664424142277828
1,0.7958202933064369
0,0.14055796443894034
0,0.13913100372499176
0,0.13723236204791897
0,0.2997151835353623
0,0.22208932257919795
1,0.569083584495443
0,0.2934055517414888
0,0.11950167015780622
1,0.6522008358547398
0,0.1596666577022146
1,0.19632411039204486
0,0.5942787038390487
0,0.129871143498201
1,0.24572353790096516
0,0.1319781072514592
0,0.12913360978837485
0,0.1627151532089485
1,0.4631059804056009
1,0.7376041863688688
0,0.1891676347332186
0,0.595767312719434
0,0.1319781072514592
1,0.6371919615095121
0,0.6670793296563258
0,0.200872096229895
0,0.1518131155541977
1,0.8060354493298229
0,0.2002031225997875
0,0.3470103106124298
1,0.18189328858292617
0,0.129871143498201
0,0.23785253071068457
0,0.14702833991387088
0,0.16690238104746935
0,0.15926922002081784
0,0.17861408804980342
0,0.34900321112117405
1,0.8699637731224534
0,0.13642691285483038
0,0.13373053974848345
1,0.709595526029459
0,0.5806926686119424
0,0.15033090043726963
0,0.13664424142277828
0,0.2820302046862877
0,0.1271506545246516
0,0.14256428468170573
1,0.2875652835769839
0,0.14257261811128918
1,0.14481751637813642
0,0.13636866262184041
0,0.15119532759389664
0,0.5763316351962378
1,0.37238613352041444
0,0.11950167015780622
0,0.155510018449441
0,0.13780903051491866
1,0.7154121350796961
0,0.232137722770091
0,0.21624434214634977
0,0.13603113485524213
0,0.7089407225217369
0,0.2202953733400944
0,0.14360696613533297
0,0.1271506545246516
0,0.1479109903281545
0,0.16987609427489722
1,0.16920046930499671
0,0.49929151583934595
0,0.14015363784342502
0,0.1819915945317064
1,0.7784385510813311
0,0.11950167015780622
0,0.12378859506648666
1,0.6495654239030242
0,0.12378859506648666
1,0.8060354493298229
1,0.6645504962645545
1,0.7565357414422167
0,0.21475706843215397
1,0.138319997254497
1,0.7909170925504342
1,0.6705070949180126
1,0.2602534912850124
0,0.1319781072514592
0,0.1399688286130035
0,0.8060354493298229
1,0.6642294525378004
0,0.1649041278706994
0,0.3950487211627679
1,0.129871143498201
0,0.17631714979882904
0,0.1468008419735357
0,0.5226422640615387
0,0.2202953733400944
0,0.14477561290288601
0,0.1470430018703809
0,0.15636637419789393
0,0.1596666577022146
0,0.13642691285483038
1,0.7299854350727851
0,0.15715265037166143
0,0.6418668091892714
1,0.14445279699444788
0,0.1271506545246516
0,0.5587916899091151
1,0.4029312167099316
1,0.5923460837271082
0,0.13656091033054432
0,0.1626863664830752
0,0.14167050041086282
1,0.138319997254497
0,0.22124424401476675
0,0.11950167015780622
1,0.5730729351459005
0,0.7167449230404664
1,0.5048256307359527
0,0.1319781072514592
0,0.7115898810251939
1,0.6823955385004966
1,0.6795982296685978
0,0.1964458801933408
1,0.5048256307359527
0,0.18473543287798297
1,0.7435984143714865
0,0.24907284146303024
0,0.3400416964834654
0,0.13399611488945368
1,0.3117076559552889
1,0.777604856009642
0,0.18213589082278767
0,0.6642294525378004
0,0.22395055192784935
0,0.12378859506648666
0,0.11950167015780622
0,0.22208932257919795
1,0.5048256307359527
0,0.11950167015780622
0,0.15891712210473843
0,0.7034827131812188
0,0.19059089258951029
1,0.3848588515195683
0,0.1319781072514592
0,0.1319781072514592
0,0.5998176229685466
1,0.6151652470756328
1,0.30678762415172944
0,0.138319997254497
0,0.49779229535563313
0,0.1435711121362728
1,0.6582610760769373
0,0.2102762708764736
0,0.129871143498201
1,0.7971390499112356
1,0.8370775153040914
0,0.24387169782604887
0,0.1819714132585784
1,0.19477420861113143
0,0.13656091033054432
1,0.6823955385004966
0,0.13642691285483038
0,0.14852784541849506
0,0.28397451662905177
0,0.2808925703057074
0,0.14360696613533297
0,0.15705719422279324
0,0.129871143498201
0,0.7476079377918974
0,0.16160616318400878
0,0.2372644136915139
0,0.15449158322058548
0,0.6670793296563258
0,0.1319781072514592
1,0.23038298486345257
0,0.13108629866989066
1,0.8060354493298229
0,0.129871143498201
0,0.1558334199648935
0,0.129871143498201
1,0.35287273081769704
0,0.13642691285483038
0,0.13636866262184041
0,0.1357965467820062
0,0.1474145068096309
0,0.2204484499099553
0,0.14792157094234007
0,0.1655525564638369
0,0.19147090250264226
1,0.5884724192522964
0,0.5202339916640787
1,0.6232601840752997
1,0.740012659434748
1,0.8370775153040914
0,0.1370832910151534
0,0.17820569960017454
1,0.7448377187517213
0,0.14379215869999618
0,0.16037697277118096
0,0.15926922002081784
1,0.7031362138203234
1,0.6215006984490904
0,0.34303473442337373
0,0.2627257480826172
1,0.11950167015780622
0,0.129871143498201
1,0.735787162202203
1,0.5528066663891944
0,0.15384055459527776
0,0.13642691285483038
0,0.17256979947321852
0,0.13656091033054432
0,0.1314178850937791
0,0.138319997254497
0,0.4870925144091526
1,0.5770341351544783
0,0.13656091033054432
0,0.19363992735975388
1,0.17139355919839142
0,0.1468809008672132
0,0.1336971719652722
0,0.129871143498201
1,0.731635772674196
1,0.2699213755219282
0,0.13642691285483038
0,0.1522528583926875
1,0.6670793296563258
0,0.1442542457120873
0,0.1861117749640504
0,0.13642691285483038
0,0.1271506545246516
1,0.8025025784537951
0,0.14771678189425333
0,0.13901851053882264
0,0.16362345060918845
0,0.6357448235160109
1,0.6386576002627871
0,0.15123806282749505
1,0.19587783008503562
0,0.22976826741226722
1,0.19984160872728843
1,0.6947075879973038
0,0.13245474067781102
1,0.7748592026845955
0,0.13642691285483038
0,0.11950167015780622
1,0.18822456827994077
0,0.13271940033467566
1,0.3595232920482112
0,0.16755603382711137
0,0.1319781072514592
0,0.1319781072514592
0,0.13642691285483038
0,0.129871143498201
1,0.1271506545246516
0,0.7981637273968458
0,0.45022368516813094
1,0.8069820465515459
0,0.22145380441637247
1,0.7932437208085186
0,0.2624774874793252
0,0.17501176081911593
0,0.1357965467820062
0,0.1388312320302095
0,0.2593673159515723
1,0.2821918834672655
0,0.1319781072514592
0,0.13656091033054432
0,0.129871143498201
1,0.5048256307359527
0,0.14360696613533297
0,0.1376796990698706
0,0.13548745388517583
1,0.4790975000471245
0,0.30510468705375116
1,0.7435984143714865
1,0.19477420861113143
0,0.21025718099289134
0,0.129871143498201
0,0.13664424142277828
1,0.1827352179839227
0,0.15575375652664483
0,0.12378859506648666
0,0.14647255198310666
0,0.2333344476987722
0,0.1319781072514592
0,0.1381482125860896
0,0.11950167015780622
0,0.15426534212559997
1,0.7154121350796961
0,0.23170734043055075
1,0.7924749007272264
0,0.19059089258951029
0,0.154189740929687
0,0.19499610243265758
0,0.18871845942036528
0,0.1271506545246516
0,0.5540848518665042
0,0.47961742394593804
0,0.12378859506648666
1,0.7413604663447897
0,0.23815558390423977
0,0.14360696613533297
0,0.16055837290107539
0,0.1715516389544407
0,0.18588800393003888
1,0.17604901223768915
0,0.15159848553332655
1,0.441285227096337
1,0.15106348381994406
0,0.14730699499846328
1,0.8060354493298229
0,0.15315730942771277
0,0.13548877539319432
0,0.6889869302201389
0,0.15460939754520528
1,0.7003796044047099
0,0.1516311476212613
0,0.14688291656310604
0,0.1917357816439616
1,0.13642691285483038
0,0.14046269090146038
0,0.15159848553332655
0,0.14099435921967057
0,0.2432616520837965
0,0.14378015910043954
0,0.1481395947756553
0,0.16160616318400878
0,0.13642691285483038
0,0.37876291339403106
0,0.22721488926205757
1,0.714730310780274
1,0.2346329089951815
1,0.7435984143714865
0,0.129871143498201
1,0.7007593787585645
1,0.15002445875117343
0,0.129871143498201
1,0.7923415276091386
0,0.21980413264939788
1,0.552168873176657
0,0.129871143498201
1,0.2863024355904539
1,0.674369380271725
1,0.7502183507440837
0,0.38462893864884096
0,0.15033090043726963
1,0.2432616520837965
0,0.19659422920124023
1,0.15705719422279324
0,0.6756581544225149
0,0.15257763263343976
0,0.13150774558607048
0,0.1319781072514592
1,0.7112235497974497
1,0.47961742394593804
1,0.7971390499112356
0,0.25499291315962985
0,0.6653542701405125
0,0.7784385510813311
0,0.13642691285483038
1,0.7517715176804982
0,0.129871143498201
0,0.1558334199648935
0,0.22273361808654432
0,0.17225113683523394
0,0.16506733712776717
0,0.1655525564638369
0,0.16008737513229368
1,0.4164990393776488
0,0.22524464032451494
1,0.19984160872728843
0,0.2890716024438035
1,0.14257261811128918
1,0.6693856448164708
0,0.11950167015780622
0,0.1376796990698706
0,0.2328703232348643
0,0.18588800393003888
0,0.6653472028060411
0,0.2092615740063635
1,0.6884873101699736
0,0.13642691285483038
0,0.2077807214093793
0,0.14960154310452117
0,0.15384055459527776
1,0.18333725602319437
0,0.1319781072514592
0,0.28963677492206785
0,0.1271506545246516
0,0.13642691285483038
1,0.1319781072514592
0,0.19917733297596238
1,0.6653472028060411
1,0.7340125991510762
0,0.13664424142277828
1,0.718014967284721
0,0.1478244579151401
0,0.15317825860733747
0,0.11950167015780622
1,0.6884873101699736
1,0.7112235497974497
0,0.21025718099289134
0,0.15268112075972942
0,0.22208932257919795
1,0.5730729351459005
0,0.14099435921967057
0,0.12378859506648666
0,0.14294777385388716
0,0.14647255198310666
0,0.14100367709799405
1,0.6241904903943668
0,0.129871143498201
0,0.12822738928949182
0,0.15705719422279324
0,0.1397471805973019
0,0.13656091033054432
0,0.11950167015780622
0,0.14594106544175856
0,0.6365716242234964
0,0.17283838457569992
0,0.17063926466361903
1,0.5690985716519916
0,0.12378859506648666
1,0.13978229809673695
0,0.13548877539319432
0,0.13913100372499176
1,0.1766166376255276
1,0.26322922508606045
0,0.1271506545246516
0,0.1619513499501279
0,0.1319781072514592
0,0.294408365106562
0,0.1381482125860896
0,0.15891712210473843
0,0.1292234702806662
0,0.2475472761446741
0,0.149589726769925
0,0.18588800393003888
0,0.13636866262184041
1,0.6845815217902624
1,0.6386576002627871
1,0.2986538490794607
0,0.1491543655315518
0,0.1376796990698706
0,0.1756459872930961
1,0.6318234425227279
0,0.129871143498201
0,0.13340594187721105
0,0.11950167015780622
0,0.18588800393003888
1,0.7154121350796961
1,0.6828799654007425
1,0.7167449230404664
0,0.1480476393170567
0,0.1319781072514592
0,0.22410000531606583
0,0.716315178501812
0,0.15039603171826832
1,0.8370775153040914
0,0.11950167015780622
1,0.6930472352997302
1,0.5048256307359527
0,0.14075141632242372
0,0.1271506545246516
0,0.129871143498201
0,0.2588277327172793
0,0.6642294525378004
0,0.708246794358959
1,0.46665941302668656
0,0.4798395956758783
0,0.129871143498201
1,0.7435984143714865
0,0.13642691285483038
1,0.5528066663891944
0,0.12378859506648666
0,0.13642691285483038
1,0.714730310780274
0,0.129871143498201
0,0.14594106544175856
1,0.7672310744511129
1,0.8370775153040914
1,0.6265271969073042
0,0.11950167015780622
0,0.2817329459482303
0,0.1537410655106487
1,0.7909170925504342
1,0.7748592026845955
1,0.7784385510813311
1,0.7308722556475562
1,0.12378859506648666
0,0.1319781072514592
1,0.6829199575204931
0,0.17394513611415977
0,0.12378859506648666
0,0.13734158602245006
1,0.7909170925504342
0,0.3946591614737989
0,0.12913360978837485
1,0.20365285427147692
0,0.11950167015780622
0,0.22888265993469345
0,0.12378859506648666
1,0.129871143498201
1,0.15296679905794774
0,0.15883002743925478
1,0.5528066663891944
1,0.22397453300491443
0,0.2202953733400944
1,0.7297192720702446
0,0.19840342189572327
1,0.2068936198376901
1,0.718014967284721
0,0.13642691285483038
0,0.11950167015780622
1,0.5708824901301003
0,0.13700706117586225
0,0.6776091466066154
1,0.7938559677718662
0,0.22668796354166082
0,0.11950167015780622
0,0.15894903323185894
0,0.129871143498201
0,0.1319781072514592
0,0.1292234702806662
1,0.7431897535010873
1,0.7810601092420052
0,0.13642691285483038
0,0.13642691285483038
0,0.14575773164789782
0,0.5404631280857244
1,0.7810601092420052
0,0.13730429569579547
1,0.7482679314950863
1,0.6669415753664578
0,0.1319781072514592
0,0.129871143498201
0,0.13642691285483038
0,0.1376796990698706
0,0.12943492983005594
0,0.129871143498201
0,0.12378859506648666
0,0.15268112075972942
1,0.8060354493298229
1,0.2149950161042049
0,0.20370729879449517
0,0.12913360978837485
0,0.16213566001464458
0,0.18027090852285918
0,0.14366891862228331
1,0.23373008471908552
1,0.7971390499112356
1,0.6785030671557033
0,0.14730699499846328
0,0.11950167015780622
0,0.14702833991387088
0,0.186487235217387
0,0.1377795020457294
0,0.1522528583926875
0,0.21752981089746515
0,0.1605316737140726
0,0.1833181661396121
0,0.615253437944829
0,0.37876291339403106
1,0.8048116446359853
1,0.1649041278706994
0,0.12378859506648666
0,0.1596666577022146
1,0.2605107308730556
1,0.13642691285483038
0,0.7115898810251939
1,0.686073546133339
0,0.11950167015780622
0,0.15541460799955606
1,0.7167449230404664
1,0.19697619030488817
0,0.38688137707310527
0,0.1571227839309283
1,0.6522008358547398
1,0.18822456827994077
0,0.6801764439913272
1,0.13642691285483038
0,0.2697746120732627
1,0.1649041278706994
0,0.2997151835353623
0,0.21475706843215397
0,0.129871143498201
0,0.15512081567403171
0,0.6876993598254086
0,0.14589124144073728
0,0.16505406972709274
1,0.3380369426995243
1,0.16006812128267994
0,0.6670793296563258
0,0.129871143498201
1,0.13444383259969683
1,0.42594585923000605
1,0.5528066663891944
0,0.12378859506648666
0,0.3424284767770454
0,0.1538112213357429
0,0.129871143498201
1,0.17126463438536965
1,0.7448221393374089
1,0.11950167015780622
1,0.5906934249784271
0,0.154189740929687
0,0.49895355565611266
0,0.1311135550305538
1,0.45434647937055705
0,0.13119264552657978
0,0.13642691285483038
0,0.320677406949743
0,0.13642691285483038
0,0.13642691285483038
0,0.1314178850937791
1,0.5187739109831226
1,0.1567975566757507
0,0.129871143498201
0,0.19166281644059016
0,0.1271506545246516
0,0.13766007247117437
1,0.7299854350727851
0,0.5422831902996774
0,0.15442896889077293
0,0.1271506545246516
0,0.1271506545246516
0,0.6042940770179343
0,0.13826892842789473
1,0.5889360219494584
0,0.11950167015780622
0,0.13853995680094583
1,0.3595232920482112
1,0.13642691285483038
0,0.2934055517414888
1,0.18513772241856036
1,0.3305112798506491
0,0.14730699499846328
0,0.14683151525083324
1,0.3503304071352396
0,0.2781504432379369
1,0.5806926686119424
0,0.20021325873803586
1,0.7909170925504342
1,0.5483173267679455
0,0.138319997254497
0,0.129871143498201
1,0.5690985716519916
1,0.7981637273968458
0,0.3741465571460228
0,0.13340594187721105
0,0.7578801705644147
1,0.25073224067623306
0,0.14655021669302173
0,0.1522528583926875
0,0.17430322866732825
1,0.3032093616390056
0,0.13858959601745263
0,0.21789348300141087
0,0.6849701278576273
0,0.20772728486966596
0,0.6670793296563258
0,0.129871143498201
0,0.13842516603160032
0,0.13642691285483038
0,0.12913360978837485
0,0.12913360978837485
1,0.6768775904697247
1,0.1407833584910183
0,0.1339980316391693
0,0.14136109594430937
0,0.19392189826288092
1,0.7467649809638381
1,0.7672310744511129
0,0.1462363689477731
0,0.22273361808654432
1,0.5983973611618867
0,0.14730699499846328
0,0.5396517324085702
0,0.12378859506648666
0,0.11950167015780622
1,0.11950167015780622
0,0.17011300511331184
0,0.1729832205432992
0,0.19632411039204486
1,0.12378859506648666
0,0.14097456694612148
0,0.12913360978837485
0,0.1417811711982554
1,0.6507365594716134
0,0.2330364873845521
1,0.5806926686119424
0,0.11950167015780622
0,0.13642691285483038
0,0.1544016428614801
0,0.22208932257919795
0,0.1271506545246516
0,0.46940891068220414
0,0.23508873395042143
0,0.17740357859544578
1,0.18767072840945706
0,0.15385687455560293
0,0.13108629866989066
0,0.5741777546866628
0,0.14621860512029738
1,0.5931254382193782
1,0.6265271969073042
0,0.13642691285483038
1,0.7431897535010873
0,0.1319781072514592
1,0.227598034281831
0,0.19013664986548592
0,0.1415756049948774
0,0.18473543287798297
0,0.1596666577022146
1,0.15268112075972942
0,0.14730699499846328
0,0.15428603739042393
1,0.6713040111203789
1,0.5581891156153904
0,0.129871143498201
1,0.149589726769925
0,0.18588800393003888
1,0.7115898810251939
0,0.14663634942751297
0,0.14638051710644398
0,0.15843527607397365
1,0.8699637731224534
0,0.15453713369809177
0,0.30799750837584133
1,0.20365285427147692
1,0.7112235497974497
0,0.1626863664830752
1,0.6041769374754289
0,0.15419697237478847
0,0.15998315181857123
0,0.13973208763530318
1,0.24588123832780936
1,0.1319781072514592
0,0.1399562132511242
1,0.30924195535677995
0,0.14257261811128918
1,0.6743694655428698
1,0.25499291315962985
1,0.29120531102441627
0,0.1376796990698706
0,0.5816115530877731
0,0.15862469440133597
1,0.1481395947756553
0,0.14702833991387088
0,0.23708351327408148
0,0.15516483824873573
0,0.2090356241713039
0,0.12943492983005594
0,0.15098513282084472
0,0.13642691285483038
0,0.19886911439329658
0,0.20542504406118417
0,0.18163742834272795
0,0.129871143498201
0,0.15315730942771277
0,0.1349662132843059
0,0.12378859506648666
1,0.7948046987626894
0,0.1964458801933408
1,0.17893056002019728
0,0.17631714979882904
0,0.16167169758594804
0,0.1735912578265975
0,0.14162215512193016
0,0.2202953733400944
1,0.7499645802431716
1,0.6936693963724118
0,0.1596666577022146
0,0.46330305322911547
1,0.6679199854736105
0,0.2202953733400944
0,0.17297586330823053
1,0.686073546133339
0,0.13656091033054432
1,0.1532042346659872
0,0.2808925703057074
0,0.14632655298142727
0,0.13642691285483038
0,0.1319781072514592
0,0.1523190651508663
0,0.1833181661396121
0,0.1619513499501279
0,0.3424284767770454
0,0.14492549976012212
0,0.13444383259969683
1,0.31553184319121785
0,0.543871573953511
0,0.19840342189572327
0,0.1271506545246516
1,0.7971390499112356
0,0.13639038482305002
0,0.5806926686119424
1,0.13636866262184041
0,0.1319781072514592
0,0.22146749688374853
0,0.22039723341082673
0,0.13642691285483038
0,0.7672310744511129
1,0.8060354493298229
1,0.6973403889886005
1,0.1444211704507861
0,0.15894903323185894
0,0.1271506545246516
0,0.1319781072514592
0,0.1271506545246516
1,0.14647255198310666
1,0.5528066663891944
1,0.7007593787585645
0,0.20104613505907315
0,0.6428501476613394
1,0.5690985716519916
1,0.27942007425594245
1,0.2030766503354571
0,0.1376796990698706
0,0.18365643441865365
0,0.18320570090093458
1,0.5262950493684585
0,0.13056965678252666
0,0.13642691285483038
0,0.14378015910043954
0,0.22888265993469345
0,0.12943492983005594
0,0.15123806282749505
0,0.14655021669302173
0,0.13550340006091838
0,0.14933893143534402
0,0.15706645979843073
0,0.24383568271822947
0,0.1271506545246516
0,0.22888265993469345
0,0.15681231367941356
1,0.7981637273968458
1,0.5963962311414236
0,0.2074588503832576
0,0.13444383259969683
0,0.1339980316391693
0,0.18344988161685138
1,0.6446607647009537
0,0.1271506545246516
0,0.18671552029240016
0,0.14094284187374678
0,0.1728171651442103
1,0.714730310780274
0,0.129871143498201
0,0.18513370563391596
0,0.13642691285483038
0,0.14864505412463463
0,0.31424384571593855
0,0.16506733712776717
0,0.6598892778588727
0,0.6845815217902624
0,0.5048256307359527
0,0.138319997254497
0,0.15630079323951865
0,0.1319781072514592
1,0.5856691338399974
1,0.8093145517400364
1,0.6198386413828321
0,0.8060354493298229
0,0.14194847111950704
0,0.14615926778534266
0,0.2534414325315176
0,0.17788940300583628
1,0.13763505028731443
0,0.27495146017620514
0,0.129871143498201
0,0.22662886229758802
1,0.13466867721011955
0,0.15460939754520528
1,0.7791557748498533
0,0.6642294525378004
1,0.39919718294786233
0,0.5528066663891944
0,0.13734275470710391
0,0.129871143498201
1,0.686529432566664
0,0.13347692083198406
1,0.40919613828087914
0,0.16718386416200393
0,0.13455021607731846
0,0.14354950393394947
1,0.718014967284721
0,0.129871143498201
0,0.34303473442337373
0,0.1431417605464177
1,0.7299854350727851
0,0.19057358925712703
0,0.15123806282749505
0,0.16052613602290525
0,0.1649041278706994
1,0.5254070629341872
0,0.1319781072514592
1,0.6037696401116106
0,0.138319997254497
1,0.7165095673664962
0,0.6670793296563258
0,0.1271506545246516
1,0.7735063898316092
1,0.7277722688616073
0,0.15705719422279324
1,0.242927155256466
1,0.1499644847858504
0,0.24622365797111856
0,0.14100367709799405
0,0.42964655095175464
0,0.22513417272566305
1,0.7832798860779644
1,0.5936294243041654
1,0.5806926686119424
0,0.13780903051491866
0,0.24353121192969607
0,0.6805663130678972
1,0.7672310744511129
0,0.21181619624220815
0,0.2202953733400944
0,0.1451694576018209
0,0.1319781072514592
0,0.14037243949317044
0,0.1406930391779895
0,0.129871143498201
1,0.16435476154196554
0,0.2202953733400944
1,0.15268112075972942
1,0.7299854350727851
0,0.13120642554438938
1,0.5806926686119424
0,0.12378859506648666
0,0.21475706843215397
0,0.13664424142277828
0,0.1593844775961859
1,0.7978784832877924
0,0.686671502041579
1,0.25411705505559384
0,0.15106348381994406
1,0.13988184627093322
1,0.5690985716519916
0,0.288701125877377
0,0.20446952167402496
0,0.1319781072514592
0,0.14477550925457827
0,0.1468008419735357
0,0.2943659359406978
0,0.13642691285483038
0,0.18698713816054313
0,0.14891105228849238
0,0.14378015910043954
0,0.13698164246989195
1,0.6485435771309982
0,0.7299854350727851
0,0.1411006329351656
0,0.7748592026845955
0,0.2966703333888972
0,0.19174185906560062
0,0.3266814306263256
0,0.11950167015780622
1,0.7971390499112356
0,0.12378859506648666
0,0.1319781072514592
0,0.2077516791103255
1,0.6044638331289357
0,0.15988191127534016
0,0.1376796990698706
0,0.14101021103607495
0,0.14505953356509305
0,0.1271506545246516
1,0.2043895864140919
1,0.6884873101699736
0,0.12378859506648666
0,0.1920782238590007
0,0.15796354069876156
0,0.17713348049690628
1,0.4689133022687545
0,0.11950167015780622
0,0.19440135804404837
0,0.22208932257919795
1,0.13802169252121704
0,0.1891676347332186
0,0.1319781072514592
0,0.16286567622956155
1,0.613537066147769
0,0.16445956735905656
0,0.7299854350727851
0,0.6845815217902624
0,0.7299854350727851
1,0.7909170925504342
0,0.2794391906252919
1,0.5889360219494584
1,0.5794066415456518
0,0.15806784331537962
0,0.1319781072514592
0,0.25653715733131766
0,0.14839444398836235
1,0.6074633043626088
0,0.12913360978837485
0,0.17813156941764316
0,0.1271506545246516
1,0.8370775153040914
0,0.2494281368917729
0,0.22124424401476675
0,0.2333105842334285
0,0.1446371004377203
1,0.13725049319903915
1,0.34259359357287655
0,0.2212335108017305
1,0.783543459969599
0,0.1427893623107407
0,0.43684532947171595
0,0.129871143498201
0,0.22989870696728146
1,0.6980887765258363
0,0.14360696613533297
0,0.129871143498201
0,0.7299854350727851
0,0.7448221393374089
0,0.6386576002627871
0,0.13466867721011955
0,0.16078767065285535
0,0.21502882574197188
0,0.1445322492531656
0,0.11950167015780622
0,0.21475706843215397
1,0.23035335295413165
1,0.32174027375750963
1,0.14862277852466668
0,0.2781504432379369
0,0.15002445875117343
0,0.1437070690617807
0,0.11950167015780622
0,0.7165095673664962
0,0.14100367709799405
1,0.7502183507440837
0,0.21190774282741498
0,0.37238613352041444
1,0.22354258238359176
1,0.5376347335366298
0,0.1319781072514592
1,0.1407833584910183
0,0.13642691285483038
0,0.129871143498201
0,0.13340594187721105
0,0.718014967284721
0,0.2712046375763245
0,0.14070607255403547
0,0.1653222745294801
0,0.2390625824672051
0,0.1399562132511242
1,0.746178670944672
0,0.19349283773082673
0,0.14227411827920303
1,0.294408365106562
0,0.1434099017608103
1,0.290868402574045
0,0.12378859506648666
1,0.22722955103317766
0,0.1319781072514592
0,0.129871143498201
0,0.2966703333888972
0,0.274642523666072
0,0.1319781072514592
0,0.338360049255128
1,0.20529888675433153
1,0.7810601092420052
1,0.2792419707832581
0,0.5528066663891944
1,0.11950167015780622
0,0.12943492983005594
1,0.714730310780274
0,0.1319781072514592
1,0.14374950247308915
0,0.2202953733400944
1,0.5931254382193782
1,0.20215463918037238
0,0.16234685455451964
1,0.8029300693216062
0,0.12943492983005594
0,0.1319781072514592
1,0.1649041278706994
0,0.18720637043833216
0,0.22208932257919795
0,0.5095363892089227
0,0.1319781072514592
1,0.4166501350856179
0,0.13466867721011955
0,0.1596666577022146
0,0.1271506545246516
0,0.1415756049948774
1,0.36620563238430826
0,0.29120531102441627
1,0.6212960441764421
1,0.7948046987626894
1,0.11950167015780622
0,0.1473204884039105
1,0.5856691338399974
0,0.13642691285483038
0,0.12378859506648666
1,0.40451648923742534
1,0.6753326788523261
0,0.672035578047708
0,0.1815583393838799
1,0.5827403694738693
0,0.5690985716519916
0,0.34259359357287655
0,0.36671864791805187
0,0.1655525564638369
0,0.1271506545246516
0,0.24392571219805573
0,0.1319781072514592
1,0.674369380271725
0,0.30997525529158
1,0.7948046987626894
1,0.6418668091892714
0,0.1847786182280181
1,0.6471955239401604
0,0.12378859506648666
0,0.2074588503832576
1,0.649436334550616
1,0.5048256307359527
1,0.18279198473809571
0,0.16256525163239077
0,0.16505406972709274
0,0.1319781072514592
1,0.13466867721011955
0,0.13642691285483038
0,0.20066655000186764
1,0.5550219768902517
1,0.24908793748904545
1,0.7958202933064369
1,0.777327097166011
0,0.11950167015780622
0,0.13642691285483038
0,0.24098338316586082
0,0.1319781072514592
0,0.12378859506648666
0,0.12378859506648666
1,0.13642691285483038
1,0.5569212253887066
1,0.7784385510813311
0,0.13730429569579547
0,0.1588020613048022
0,0.13642691285483038
0,0.7958202933064369
1,0.5725586259126911
1,0.6140986237101623
0,0.13642691285483038
0,0.1271506545246516
1,0.3142379109942582
0,0.1604591515043752
1,0.6408478457677731
0,0.1415756049948774
0,0.1383482905111943
1,0.320677406949743
0,0.25708419167160423
1,0.2202953733400944
0,0.22929546763603095
1,0.6485435771309982
0,0.2090356241713039
1,0.7672310744511129
0,0.17893056002019728
1,0.749670962773571
0,0.1384100495486278
0,0.6985013448669026
1,0.20228664957257325
0,0.6845815217902624
1,0.6421822882596223
0,0.12606351970729285
0,0.1271506545246516
0,0.13326546128259434
1,0.14574076238783432
0,0.14055796443894034
0,0.49929151583934595
0,0.13913100372499176
1,0.1408551816321833
1,0.7672310744511129
0,0.1319781072514592
0,0.13108629866989066
0,0.12378859506648666
1,0.674369380271725
0,0.14379215869999618
0,0.11950167015780622
1,0.5966359072896479
1,0.7981637273968458
1,0.18588800393003888
0,0.35023366314514254
1,0.5133357024870362
0,0.1311135550305538
1,0.6562935565308192
1,0.36671864791805187
1,0.18588800393003888
0,0.13337057397529492
1,0.5892228352081402
0,0.5768659168169089
0,0.16456545482884305
0,0.13642691285483038
0,0.12378859506648666
0,0.14378015910043954
0,0.6670793296563258
0,0.1271506545246516
0,0.1450029279801225
0,0.2820302046862877
0,0.1271506545246516
0,0.17999506512612884
1,0.8184768940355681
0,0.35860440757238043
0,0.3266814306263256
1,0.6532835159129358
0,0.1461285528261666
0,0.24450142270312927
0,0.11950167015780622
0,0.13642691285483038
0,0.2090356241713039
0,0.1415756049948774
1,0.13909854062224708
0,0.12913360978837485
1,0.7020593587556951
0,0.13455021607731846
0,0.1319781072514592
1,0.595767312719434
0,0.1271506545246516
1,0.20920244571244767
0,0.151985129584798
1,0.6421822882596223
1,0.5891359180854591
0,0.2335409516089296
1,0.7981637273968458
0,0.13751197639707177
0,0.20846518341208684
1,0.5818146227503229
0,0.14503007340438936
0,0.6587062212773137
0,0.4714079434483884
0,0.14702833991387088
1,0.7981637273968458
0,0.16078767065285535
0,0.13642691285483038
0,0.13642691285483038
0,0.13642691285483038
1,0.7048771709756991
1,0.7032121594918475
0,0.2197014750457873
0,0.1729832205432992
1,0.7672310744511129
0,0.13642691285483038
0,0.1656217037859584
1,0.46242681179925826
0,0.15315730942771277
1,0.15705719422279324
1,0.22524464032451494
0,0.13824910665440507
0,0.21475706843215397
0,0.6520188269771914
1,0.6952811877469118
1,0.16456545482884305
0,0.17139355919839142
0,0.21417051492368547
0,0.1519813160854168
1,0.5892228352081402
0,0.13642691285483038
0,0.13642691285483038
0,0.16095764785299468
0,0.12943492983005594
1,0.686073546133339
0,0.15521349496266798
0,0.1357965467820062
1,0.7484020284714422
0,0.23169135166177934
0,0.13965791447156645
0,0.129871143498201
1,0.1940277502755975
0,0.15695590898917963
1,0.6598779296061855
0,0.18144546116922794
0,0.20386350803634712
1,0.6232601840752997
1,0.23246774673229412
0,0.13616491893532626
0,0.16078767065285535
0,0.16607624492749323
1,0.8050666540730088
1,0.6768765300104261
1,0.2195152089142795
1,0.36671864791805187
1,0.7299854350727851
1,0.34769623968976093
0,0.1376796990698706
1,0.7299854350727851
0,0.16624879395566788
1,0.12913360978837485
0,0.2386073965519209
1,0.7565357414422167
0,0.14647255198310666
0,0.1470435147768519
1,0.222624351842232
1,0.7299854350727851
1,0.19039002753513995
0,0.6845815217902624
0,0.2202953733400944
1,0.8370775153040914
0,0.25970819819581764
0,0.1271506545246516
0,0.5150344898000536
0,0.129871143498201
0,0.13642691285483038
0,0.13642691285483038
1,0.8027466471708501
0,0.19632411039204486
0,0.1319781072514592
1,0.46167174385294646
0,0.2202953733400944
0,0.15705719422279324
0,0.24353121192969607
0,0.218917731940866
1,0.18879358689248202
0,0.7435984143714865
0,0.1319781072514592
0,0.1271506545246516
0,0.14080674805852345
0,0.13098774192564908
1,0.3637125571708616
0,0.129871143498201
1,0.5614699939322385
1,0.1319781072514592
0,0.13642691285483038
0,0.1271506545246516
0,0.7981637273968458
0,0.1319781072514592
0,0.11950167015780622
1,0.6823955385004966
0,0.13871008391426629
0,0.1459659252447457
0,0.15636637419789393
1,0.7919175194315743
1,0.8092240884955805
1,0.7978784832877924
1,0.19984160872728843
0,0.1336971719652722
0,0.2350523617320238
0,0.12378859506648666
0,0.2745783541607266
1,0.18588800393003888
0,0.1452602994042836
0,0.15290013796944188
0,0.14965002937846078
1,0.12943492983005594
0,0.12378859506648666
0,0.20706830634331924
1,0.3633108071066741
0,0.1360321209370012
0,0.13642691285483038
1,0.14257261811128918
0,0.4306735629522434
0,0.14283386819524085
1,0.22513417272566305
1,0.6232601840752997
1,0.20013459597999517
0,0.1319781072514592
0,0.12378859506648666
0,0.13871008391426629
0,0.14517218334978158
1,0.6299158986193991
0,0.20953266483995767
0,0.13681155783368681
0,0.129871143498201
0,0.1695493757840059
0,0.1649041278706994
0,0.2986538490794607
0,0.305269949533672
0,0.24831574296577374
0,0.129871143498201
0,0.13408604837597804
0,0.1319781072514592
0,0.14525758200095665
0,0.14730699499846328
1,0.3983489536064017
0,0.14730699499846328
1,0.1415756049948774
0,0.1481395947756553
0,0.18988174650803608
0,0.28721010490023735
1,0.6823955385004966
0,0.21864699097882312
1,0.674369380271725
0,0.1271506545246516
1,0.8172887510860244
0,0.13642691285483038
0,0.31505394576646417
0,0.2202953733400944
0,0.1271506545246516
0,0.21762439659972768
0,0.7112235497974497
0,0.5134540279256661
0,0.21475706843215397
0,0.13664424142277828
1,0.2090356241713039
0,0.2617338895365265
0,0.13466867721011955
1,0.6884873101699736
1,0.6679199854736105
0,0.3266814306263256
0,0.14281264876375122
1,0.7277787562025605
0,0.1271506545246516
0,0.15201946685064854
0,0.42306876311387454
0,0.5736692320425997
0,0.13664424142277828
0,0.24265884594100012
0,0.4550686221807541
0,0.129871143498201
0,0.274642523666072
0,0.19984160872728843
0,0.1964458801933408
0,0.25499291315962985
0,0.22952184266897432
1,0.24622365797111856
0,0.13642691285483038
0,0.13642691285483038
0,0.12378859506648666
0,0.15106348381994406
0,0.1376796990698706
1,0.2869082980452517
1,0.7791557748498533
0,0.7142016696238465
0,0.13399611488945368
0,0.129871143498201
1,0.7431897535010873
0,0.1493052481752332
0,0.5781675253002756
1,0.32569382289936455
0,0.13466867721011955
0,0.14396962875777586
0,0.21475706843215397
0,0.2076305812889373
1,0.7034224035535562
0,0.16961100294846412
1,0.718014967284721
1,0.21475706843215397
0,0.38742834400029147
0,0.1271506545246516
0,0.15106348381994406
0,0.7299854350727851
0,0.236537652180403
1,0.7598934105329078
0,0.13700706117586225
1,0.23001140389112715
0,0.129871143498201
1,0.7299854350727851
0,0.18474529648524257
0,0.12378859506648666
1,0.7981637273968458
0,0.15429137002294724
0,0.1319781072514592
0,0.1319781072514592
0,0.1649041278706994
0,0.14730699499846328
0,0.15422582110336874
0,0.12378859506648666
0,0.1319781072514592
1,0.5402355764622282
0,0.18296285806509952
0,0.14800812135061817
0,0.1319781072514592
0,0.17791870401207596
1,0.777327097166011
1,0.6300871668077107
0,0.15384055459527776
1,0.8172887510860244
1,0.5048256307359527
1,0.7299854350727851
1,0.22512402407083512
0,0.21159178108641333
1,0.15296679905794774
1,0.22545443612382948
0,0.18588800393003888
0,0.13656091033054432
0,0.13548877539319432
0,0.21729086167095737
0,0.14360696613533297
1,0.7907527215327493
1,0.7433196936229715
0,0.12378859506648666
0,0.22539687633925037
0,0.129871143498201
1,0.6933924918105723
0,0.27444724020838335
0,0.16398704449489612
0,0.21488434003958304
0,0.1496183604903967
0,0.1596666577022146
0,0.12378859506648666
0,0.12378859506648666
0,0.19917733297596238
0,0.29457271361673304
0,0.1541371503711814
0,0.20328314133525094
0,0.12378859506648666
1,0.41355916354220423
0,0.16672702619203408
0,0.14969707054265727
1,0.19860682018030348
0,0.129871143498201
0,0.3219628973872718
0,0.15956627945013685
0,0.3475829009294724
1,0.3266814306263256
0,0.1319781072514592
0,0.6845815217902624
1,0.7502183507440837
1,0.7502183507440837
1,0.1585793832301023
1,0.6698825570647151
0,0.17617606023726315
0,0.42476562778391413
1,0.7431897535010873
0,0.1410232049838222
0,0.3300806121370951
0,0.2697746120732627
0,0.13466867721011955
1,0.5823395675752281
0,0.14177894574713085
0,0.1536690880250044
1,0.7154121350796961
0,0.20948541272650015
0,0.1295688544762136
1,0.7037308313959861
0,0.7197877221893128
0,0.16275634398977293
1,0.29981424167304904
0,0.1319781072514592
0,0.12378859506648666
1,0.16829275946003536
0,0.16565333758169773
1,0.6679199854736105
1,0.686671502041579
1,0.7909170925504342
0,0.19414272288857687
0,0.1504952633053657
0,0.13444383259969683
1,0.5528066663891944
0,0.1319781072514592
0,0.14035326831006356
1,0.636024399790281
0,0.14523926168184267
0,0.19574515964896333
0,0.15140074503938378
0,0.22580339007490086
0,0.1399562132511242
0,0.1319781072514592
0,0.23711579674154537
0,0.1372981542715763
0,0.23196638690661653
0,0.21475706843215397
1,0.7314672376917851
0,0.14313801133556847
1,0.3595232920482112
0,0.1319781072514592
1,0.42089650181295446
0,0.16506733712776717
0,0.13664424142277828
1,0.18988174650803608
0,0.129871143498201
1,0.5875396803825104
0,0.13548877539319432
1,0.5770341351544783
0,0.2820302046862877
1,0.5730729351459005
0,0.12378859506648666
0,0.13700706117586225
1,0.6994777296399559
1,0.13642691285483038
0,0.21929388454671264
1,0.7517715176804982
0,0.14523926168184267
1,0.13808082208741046
1,0.5931254382193782
0,0.23584198636147496
0,0.1989665080331859
0,0.28918483290937685
1,0.21076217028495173
0,0.129871143498201
0,0.14647255198310666
1,0.3875946302484172
1,0.8061704735273164
0,0.16593607249017234
0,0.15596816828167004
0,0.1306804341013857
0,0.15098513282084472
0,0.15422582110336874
1,0.6670793296563258
1,0.7314672376917851
1,0.7762822814542325
0,0.12378859506648666
1,0.13642691285483038
1,0.15546704838996814
0,0.138319997254497
0,0.11950167015780622
0,0.1604818697807843
0,0.18588800393003888
1,0.6386576002627871
0,0.46160912055486886
0,0.1927702156642003
1,0.8370775153040914
0,0.7009595322589559
1,0.6556666979115415
1,0.17295211801650373
1,0.8037229737487932
0,0.11950167015780622
1,0.17748560768458893
0,0.14062038405301802
1,0.8128552766563588
0,0.1295688544762136
0,0.13664424142277828
0,0.22371584691957225
1,0.12913360978837485
0,0.15695590898917963
0,0.6845815217902624
0,0.15705719422279324
0,0.6693856448164708
0,0.6670793296563258
0,0.23970475574390943
0,0.16193269426009305
0,0.1408551816321833
1,0.19085762941161322
0,0.13763788300267082
0,0.2561840442728599
0,0.12378859506648666
0,0.19214641507440813
0,0.129871143498201
1,0.18866809937785178
0,0.46272006838986524
1,0.12378859506648666
0,0.13664424142277828
0,0.1292234702806662
0,0.1431270210472958
1,0.6653472028060411
0,0.13656091033054432
0,0.1271506545246516
1,0.28065471942606707
0,0.1375793455593999
0,0.14715511328326453
1,0.13642691285483038
0,0.15713587494817338
0,0.1319781072514592
1,0.6653472028060411
1,0.714730310780274
0,0.129871143498201
0,0.15422967924890277
0,0.7981637273968458
1,0.5730729351459005
0,0.129871143498201
1,0.1649041278706994
0,0.14958748736268063
1,0.7759951829798604
0,0.23246774673229412
0,0.1399688286130035
0,0.16607624492749323
0,0.19130203990862718
0,0.13466867721011955
0,0.13642691285483038
1,0.15598324606519562
0,0.2648642690704781
1,0.18006270815451478
1,0.6555430592581676
1,0.7167449230404664
1,0.7435984143714865
0,0.2202953733400944
0,0.129871143498201
0,0.1336971719652722
1,0.6421822882596223
1,0.5991306116128324
0,0.16607624492749323
1,0.17085906093191333
1,0.15148539784582496
1,0.7163562258597859
0,0.15993148168487478
0,0.1437661624069316
0,0.1482786903218948
0,0.11950167015780622
1,0.5806926686119424
1,0.6909547134211287
0,0.13642691285483038
0,0.5875384305399644
0,0.2187152836804573
0,0.11950167015780622
0,0.14224205963776818
1,0.6371919615095121
0,0.200872096229895
0,0.129871143498201
1,0.129871143498201
0,0.3400416964834654
1,0.20101646034671583
0,0.1319781072514592
0,0.2202953733400944
0,0.1502001014817127
0,0.129871143498201
0,0.13407943205548542
0,0.129871143498201
1,0.36671864791805187
1,0.7981637273968458
0,0.14396962875777586
1,0.792882433528677
0,0.14647255198310666
0,0.1581992032493465
0,0.12913360978837485
0,0.1304351250292714
0,0.14955833186524672
0,0.14055796443894034
0,0.12378859506648666
0,0.1522021065218322
1,0.8060354493298229
0,0.21951414177806738
1,0.7299854350727851
0,0.2202953733400944
0,0.22208932257919795
0,0.2966703333888972
1,0.777327097166011
1,0.6698825570647151
0,0.18981121271743814
0,0.13466867721011955
0,0.13642691285483038
1,0.6823955385004966
0,0.12378859506648666
0,0.1319781072514592
0,0.13119264552657978
0,0.21475706843215397
1,0.1357965467820062
0,0.13548877539319432
0,0.849353436563464
0,0.1376796990698706
0,0.22208932257919795
0,0.1399927985903736
1,0.7971390499112356
0,0.22715941549598018
1,0.3419009623540553
1,0.7981637273968458
0,0.1319781072514592
0,0.29120531102441627
1,0.7088272193915302
1,0.21385569870089702
0,0.13250794078528594
0,0.13642691285483038
0,0.18866809937785178
0,0.22344503136111882
0,0.14647255198310666
1,0.8370775153040914
0,0.1461285528261666
0,0.14100367709799405
0,0.232137722770091
1,0.5998723017405448
0,0.5190858359442877
0,0.1319781072514592
1,0.6666065232098963
0,0.13574579491115085
0,0.1271506545246516
1,0.7435984143714865
0,0.15315730942771277
1,0.6845815217902624
0,0.15715265037166143
0,0.14001166545527166
0,0.14651592008057854
1,0.5422831902996774
0,0.1509026547582549
0,0.20730837669201244
0,0.12913360978837485
0,0.18396944309968782
1,0.37132007814151036
0,0.13466867721011955
1,0.14288511083615735
0,0.1792182640745878
0,0.738755146875236
0,0.14054116520867774
0,0.4722964618887566
0,0.5319278687332197
0,0.138319997254497
0,0.129871143498201
0,0.6072414211329193
1,0.7363418485888485
1,0.7299854350727851
0,0.129871143498201
0,0.1319781072514592
0,0.12822738928949182
1,0.18686319545657268
1,0.7971390499112356
0,0.11950167015780622
0,0.5048256307359527
0,0.14319510217654977
1,0.18866809937785178
1,0.6485435771309982
0,0.16116004952766796
1,0.24185519444280038
0,0.16840221005617378
1,0.29431118705807646
0,0.22208932257919795
0,0.13642691285483038
0,0.13119264552657978
0,0.7034224035535562
1,0.1271506545246516
0,0.7118462013558123
1,0.253146348646331
0,0.13578877392685693
0,0.21475706843215397
0,0.16895531911088044
1,0.29718923924772206
0,0.13636866262184041
0,0.5844504328953549
1,0.1319781072514592
0,0.1319781072514592
0,0.12943492983005594
1,0.7919175194315743
0,0.14993511171814192
0,0.15724847287773688
0,0.27203247492523214
0,0.13209647679176217
0,0.3585453802636683
0,0.11950167015780622
0,0.12378859506648666
1,0.18949952246737323
1,0.1319781072514592
0,0.2534414325315176
1,0.7609921304845486
0,0.19697619030488817
0,0.14602139175005152
0,0.1596666577022146
0,0.22208932257919795
1,0.6522008358547398
0,0.15993148168487478
0,0.14944319249653923
0,0.13656091033054432
0,0.18292516522529598
1,0.8060354493298229
0,0.13642691285483038
0,0.15384055459527776
0,0.14248762132626486
0,0.19127991121466947
0,0.15098513282084472
0,0.6884873101699736
0,0.200872096229895
1,0.441285227096337
0,0.11950167015780622
0,0.20262070487693337
0,0.1319781072514592
0,0.14132476619855738
0,0.48981484183342805
0,0.22849696054001428
0,0.3683762009506854
0,0.1366635679341549
1,0.6823955385004966
0,0.17619987072756021
1,0.36447927194569896
1,0.1381482125860896
1,0.14730699499846328
0,0.26377903844542877
0,0.16969344422113325
0,0.11950167015780622
0,0.14325883256981622
0,0.18115833577559848
0,0.24098338316586082
1,0.7165095673664962
0,0.15894903323185894
1,0.12606351970729285
0,0.13700706117586225
0,0.15894903323185894
0,0.16624879395566788
0,0.13642691285483038
0,0.16624879395566788
1,0.6823955385004966
0,0.1271506545246516
0,0.1376796990698706
1,0.7981637273968458
1,0.5597002871553534
1,0.7476079377918974
0,0.16506733712776717
0,0.5806926686119424
1,0.7948046987626894
1,0.7299854350727851
0,0.22888265993469345
1,0.7025002699215279
0,0.129871143498201
1,0.760171173757773
0,0.1496620011173746
0,0.16013671490917888
0,0.6607721182449056
0,0.2197014750457873
1,0.12606351970729285
0,0.19854716215248763
0,0.2202953733400944
0,0.154189740929687
1,0.7167449230404664
1,0.1558186491542459
1,0.6215006984490904
0,0.14647255198310666
1,0.22397453300491443
0,0.1357965467820062
1,0.14706379692245927
0,0.129871143498201
0,0.14100367709799405
0,0.1271506545246516
0,0.15548462059711593
0,0.1467278625484026
0,0.19888780032952005
1,0.5850069119858022
0,0.2202953733400944
0,0.14467621327800845
0,0.14256428468170573
0,0.1295688544762136
1,0.7759951829798604
0,0.12913360978837485
0,0.1271506545246516
0,0.157981044304344
0,0.1729832205432992
0,0.13642691285483038
0,0.13725049319903915
0,0.11950167015780622
0,0.7736118000640549
0,0.1319781072514592
1,0.8172887510860244
0,0.20213850942738928
0,0.14406840901895185
1,0.7602724651186349
1,0.7031362138203234
1,0.6259753740337397
1,0.3394171169609605
1,0.2506814139442928
0,0.16308702059419644
0,0.1399562132511242
0,0.11950167015780622
0,0.22135114681276188
1,0.1319781072514592
1,0.2243115500256067
0,0.15028335540729787
0,0.13642691285483038
0,0.1271506545246516
1,0.7154121350796961
0,0.1295688544762136
1,0.7909170925504342
1,0.15399482098258505
0,0.1729832205432992
1,0.6174750875792857
0,0.12378859506648666
0,0.1596666577022146
1,0.5730729351459005
0,0.16506733712776717
0,0.554559013359774
1,0.6371919615095121
0,0.129871143498201
0,0.7981637273968458
0,0.19699721863459468
1,0.3683762009506854
0,0.34464447488851874
0,0.1417493840097157
0,0.18588800393003888
0,0.2202953733400944
0,0.7748592026845955
0,0.2169103247641638
1,0.5998176229685466
0,0.20104613505907315
0,0.16607624492749323
0,0.13642691285483038
0,0.14684893366603635
0,0.5916242968225931
0,0.2699213755219282
0,0.14730699499846328
0,0.129871143498201
0,0.1319781072514592
1,0.4110099144439793
1,0.204176693412218
0,0.13636866262184041
1,0.3156066566210493
0,0.13642691285483038
1,0.25437455460736497
0,0.13408604837597804
1,0.32174027375750963
1,0.19782828095298463
0,0.13636866262184041
0,0.14196166948564773
1,0.18920591835031286
1,0.3470348680586169
1,0.7435984143714865
0,0.3135030121523818
0,0.154189740929687
0,0.11950167015780622
1,0.7167449230404664
0,0.1688428112915469
1,0.6215006984490904
0,0.16078767065285535
1,0.7167449230404664
1,0.13872547881732808
1,0.7672310744511129
0,0.1838941264674985
1,0.7981637273968458
1,0.138319997254497
1,0.1319781072514592
0,0.1376796990698706
0,0.1319781072514592
1,0.20101646034671583
0,0.15315730942771277
0,0.7064416186147713
1,0.8211896360534222
1,0.1905574365722273
0,0.129871143498201
0,0.13642691285483038
0,0.1440577465159395
1,0.6845815217902624
1,0.6219080747190989
1,0.6693856448164708
0,0.2715148259306833
0,0.16862172510346082
1,0.7048771709756991
0,0.13642691285483038
1,0.6680467144805149
0,0.13642691285483038
0,0.13642691285483038
0,0.1271506545246516
0,0.3816813790720487
0,0.14677371441522527
0,0.1891676347332186
0,0.129871143498201
1,0.1481395947756553
0,0.13455021607731846
0,0.15384055459527776
0,0.13250794078528594
0,0.14891105228849238
0,0.14337882615045702
1,0.20949498881536913
0,0.24098338316586082
1,0.19386363312848887
0,0.14257261811128918
0,0.15201946685064854
0,0.13642691285483038
0,0.12378859506648666
1,0.129871143498201
1,0.7034224035535562
0,0.14554596722628904
1,0.7914352095536332
1,0.7672310744511129
0,0.13056965678252666
1,0.7575681099864601
0,0.6930472352997302
0,0.46167174385294646
1,0.16899542882153626
0,0.14655021669302173
0,0.129871143498201
0,0.7167449230404664
0,0.14680751531584585
0,0.18720637043833216
0,0.7299854350727851
0,0.7130907089386572
0,0.1867839090967783
0,0.2092615740063635
0,0.13098774192564908
1,0.129871143498201
1,0.7167449230404664
0,0.1319781072514592
0,0.1319781072514592
0,0.7009605173772112
0,0.1758471197978766
0,0.2202953733400944
0,0.34647864264057837
1,0.6642294525378004
1,0.13642691285483038
0,0.16342716026443943
0,0.1271506545246516
0,0.1518131155541977
0,0.1729832205432992
1,0.36458094715231726
0,0.16220202148101154
0,0.14041140088348655
1,0.12378859506648666
0,0.13725049319903915
0,0.14850467571428946
0,0.154189740929687
0,0.26094041911160704
0,0.2092615740063635
0,0.16961100294846412
1,0.1295688544762136
1,0.716315178501812
0,0.714730310780274
1,0.290868402574045
0,0.14554596722628904
0,0.2427034835710617
0,0.1833470397687992
0,0.12606351970729285
1,0.22397453300491443
1,0.674369380271725
0,0.16192199865998336
0,0.13688662347219957
1,0.13868967032767596
1,0.6760563395576666
0,0.138319997254497
0,0.13769236672090032
1,0.7672310744511129
0,0.11950167015780622
0,0.1854882305411821
0,0.2090356241713039
0,0.2273385446293183
1,0.40451648923742534
0,0.13642691285483038
0,0.15772585324672792
0,0.6836287028927327
0,0.129871143498201
0,0.1926324844543019
0,0.13642691285483038
1,0.13642691285483038
1,0.6884873101699736
0,0.1417493840097157
1,0.686671502041579
0,0.1319781072514592
0,0.1319781072514592
0,0.12378859506648666
1,0.8172887510860244
0,0.13642691285483038
0,0.22208932257919795
0,0.1376796990698706
0,0.1319781072514592
0,0.1640781200562729
1,0.2986538490794607
0,0.13548877539319432
1,0.2325696733914137
0,0.3999608169692341
1,0.7314672376917851
1,0.564725517979959
1,0.12378859506648666
0,0.16839615782218653
0,0.1595023165866239
0,0.14055796443894034
0,0.17090649656724508
0,0.11950167015780622
0,0.129871143498201
0,0.19574515964896333
0,0.14378015910043954
1,0.13808849938558046
0,0.1596666577022146
0,0.23148465180221142
0,0.15391361345442472
0,0.19147090250264226
1,0.7435984143714865
1,0.7435984143714865
0,0.1319781072514592
0,0.14296615640706897
1,0.703706191472673
0,0.19697619030488817
0,0.12378859506648666
0,0.14300152377492373
0,0.15806793570520364
0,0.19202366242274213
0,0.13548877539319432
0,0.7314672376917851
1,0.6653313640347851
1,0.7353064315502442
0,0.18879358689248202
0,0.2372644136915139
1,0.657348647641911
0,0.11950167015780622
0,0.1357965467820062
0,0.15705719422279324
0,0.13642691285483038
1,0.23256266064343775
0,0.129871143498201
0,0.2794391906252919
0,0.42136126113516625
1,0.18331989695854944
0,0.15858621347877497
0,0.7435984143714865
1,0.7115898810251939
0,0.13910856283295342
0,0.12378859506648666
0,0.11950167015780622
0,0.17139355919839142
0,0.14445279699444788
0,0.1417811711982554
0,0.24469043256860507
0,0.27019999453453736
1,0.129871143498201
0,0.3266814306263256
0,0.14514846085416314
0,0.7810601092420052
1,0.8060354493298229
0,0.129871143498201
0,0.129871143498201
1,0.13642691285483038
0,0.3408860553983158
1,0.48271329102599025
1,0.5031645823199149
0,0.13642691285483038
0,0.1688428112915469
1,0.5730729351459005
0,0.1271506545246516
0,0.12378859506648666
1,0.20542504406118417
1,0.12913360978837485
0,0.14283386819524085
0,0.19513569091857108
1,0.22659142821185546
1,0.17723230222953448
0,0.1271506545246516
0,0.2372644136915139
0,0.11950167015780622
0,0.129871143498201
0,0.14730699499846328
0,0.17978740650971636
0,0.16968196870618082
1,0.6349175194210901
0,0.12378859506648666
1,0.1319781072514592
0,0.40110116680969293
1,0.19676347433036753
0,0.5749698811123981
0,0.13642691285483038
0,0.2371036358117964
0,0.12378859506648666
1,0.24669063824962065
0,0.2053377670098363
0,0.6371919615095121
0,0.14566891674469423
0,0.19392189826288092
0,0.6670793296563258
0,0.2697746120732627
1,0.7299854350727851
0,0.11950167015780622
0,0.129871143498201
0,0.13656091033054432
1,0.7909170925504342
1,0.1921352023279572
0,0.13399611488945368
1,0.5528066663891944
0,0.1271506545246516
1,0.5998176229685466
0,0.2875652835769839
0,0.11950167015780622
0,0.1557354815679858
0,0.1319781072514592
0,0.23246774673229412
1,0.7909170925504342
0,0.2202953733400944
0,0.12378859506648666
1,0.33066827965478396
1,0.7672310744511129
0,0.1357965467820062
0,0.1576412457684662
0,0.129871143498201
1,0.7686495164398683
0,0.13664424142277828
1,0.4029312167099316
0,0.16078767065285535
1,0.1271506545246516
1,0.14898890750303972
0,0.129871143498201
0,0.13763788300267082
1,0.5672627290677915
0,0.1376796990698706
0,0.1271506545246516
1,0.7112235497974497
0,0.17084172904595912
1,0.14702833991387088
0,0.11950167015780622
0,0.17462431508277065
0,0.129871143498201
1,0.5583886126249429
0,0.129871143498201
0,0.11950167015780622
0,0.25499291315962985
0,0.17430322866732825
0,0.12378859506648666
0,0.17138206952113672
1,0.7810601092420052
0,0.2821918834672655
0,0.13642691285483038
1,0.7565357414422167
0,0.12378859506648666
0,0.1319781072514592
0,0.25970819819581764
0,0.14004695998916683
0,0.2214473600113959
0,0.2331031945667489
0,0.30779836145033646
0,0.1377795020457294
0,0.1271506545246516
0,0.18146335112924286
0,0.17383830834361375
0,0.1520475692928222
0,0.14481751637813642
1,0.7165095673664962
1,0.24709130717828132
0,0.22920037649680716
1,0.14730699499846328
0,0.15315730942771277
0,0.12606351970729285
1,0.5887428403526241
1,0.7919175194315743
0,0.229312461061239
0,0.17139355919839142
0,0.1319781072514592
1,0.28676054326515504
0,0.2242920419650588
0,0.129871143498201
0,0.1523190651508663
0,0.1319781072514592
0,0.2132059319907231
0,0.14043676346579673
0,0.14234306422262674
0,0.7476079377918974
1,0.5806926686119424
0,0.22273361808654432
1,0.7476079377918974
1,0.13241808029299457
0,0.1295688544762136
1,0.8370775153040914
1,0.7299854350727851
0,0.13979198577864188
1,0.13935871429570768
0,0.2336324935687826
1,0.154189740929687
1,0.24908793748904545
0,0.17139355919839142
0,0.129871143498201
1,0.7471734307388735
1,0.1792182640745878
1,0.7435984143714865
0,0.23699018832152388
0,0.1319781072514592
0,0.23806349548891428
0,0.1271506545246516
0,0.13666394383792824
0,0.13642691285483038
0,0.129871143498201
1,0.7938559677718662
0,0.1734115668363859
0,0.14366891862228331
0,0.16607624492749323
0,0.19499610243265758
0,0.6792042757677124
1,0.7598934105329078
0,0.16505406972709274
0,0.13642691285483038
0,0.1647789562578884
1,0.3370870806975596
0,0.14702833991387088
0,0.21475706843215397
0,0.1271506545246516
0,0.16204973016516158
1,0.24383568271822947
0,0.40451648923742534
1,0.17751511606168194
0,0.129871143498201
0,0.1833181661396121
0,0.15074587757090233
0,0.17413812222120595
0,0.13642691285483038
0,0.129871143498201
1,0.8172887510860244
0,0.22124424401476675
0,0.17501176081911593
0,0.13734158602245006
0,0.129871143498201
0,0.1449075686722672
0,0.3517646157392784
0,0.14645492277227323
1,0.6215006984490904
0,0.17139355919839142
1,0.2601654342613471
0,0.19757258224876875
0,0.13656091033054432
0,0.1319781072514592
0,0.12913360978837485
0,0.13399611488945368
0,0.1292234702806662
0,0.34514956014662584
1,0.3810145187390291
0,0.14054116520867774
1,0.5528066663891944
0,0.26377903844542877
0,0.14444710696037014
0,0.1339980316391693
0,0.2092615740063635
0,0.13636866262184041
0,0.2625456486867009
0,0.5696384461342072
0,0.46167174385294646
0,0.13642691285483038
1,0.22942448126512344
0,0.15313752104708694
0,0.43684532947171595
0,0.11950167015780622
0,0.129871143498201
0,0.13256726081359527
0,0.11950167015780622
1,0.7165095673664962
0,0.12440134016452588
0,0.6921853469733282
0,0.7981637273968458
0,0.11950167015780622
0,0.33478636251140753
1,0.5856691338399974
1,0.20932094998619105
1,0.1891676347332186
0,0.19485812315863776
0,0.1319781072514592
0,0.1474211964463811
0,0.129871143498201
0,0.14458075712914026
0,0.17352944766298795
0,0.1319781072514592
0,0.15648346131905283
0,0.5827457039348377
0,0.14202902900713876
0,0.5898822062903788
0,0.11950167015780622
1,0.5806926686119424
0,0.14626532297278247
0,0.16333990718873453
0,0.13466867721011955
0,0.13642691285483038
0,0.23246774673229412
0,0.14535499479181202
0,0.7089952100668727
0,0.1406089805380939
0,0.14234981336543864
0,0.24018553821304495
1,0.13642691285483038
0,0.15106348381994406
0,0.6947075879973038
0,0.14444310432456398
0,0.14558191424970215
0,0.15644518301087057
1,0.7928893062841521
1,0.7973809674873729
0,0.13642691285483038
0,0.1713385527534203
0,0.5781675253002756
0,0.1271506545246516
1,0.7886188322571082
0,0.1581228991310449
0,0.441285227096337
0,0.1779858903401654
0,0.12378859506648666
0,0.1319781072514592
1,0.7832798860779644
0,0.20836885778972064
1,0.15004851051940446
0,0.15227291723772726
1,0.5861846441741153
0,0.12378859506648666
0,0.17748560768458893
0,0.13444383259969683
0,0.6513743542088418
1,0.6551984608090766
0,0.14257261811128918
0,0.3998980635048828
0,0.129871143498201
0,0.2068936198376901
0,0.18588800393003888
1,0.5690985716519916
0,0.1319781072514592
1,0.1585793832301023
0,0.5998176229685466
1,0.6698594336330218
0,0.1590205962923871
0,0.36984124882828734
0,0.13629057049833274
0,0.13780903051491866
0,0.2999243811902977
0,0.14970853578895044
0,0.14622423813974128
0,0.1292234702806662
1,0.24327859081731665
0,0.14899703137874765
0,0.14602139175005152
0,0.17352944766298795
0,0.129871143498201
0,0.1408551816321833
0,0.1319781072514592
0,0.5528066663891944
1,0.1271506545246516
0,0.17139355919839142
0,0.7071445131072027
0,0.6551984608090766
0,0.2012556460737989
0,0.13913100372499176
0,0.15020584624774438
0,0.21254316571142678
0,0.25988716389857136
0,0.13642691285483038
1,0.1626863664830752
0,0.2563353270505134
0,0.34540101717701643
0,0.129871143498201
0,0.13842662157945237
0,0.11950167015780622
0,0.17430322866732825
0,0.13636866262184041
0,0.13120642554438938
0,0.19574515964896333
0,0.1456982119658769
0,0.14467621327800845
0,0.1825704173284845
0,0.1466724456636493
1,0.7905050945217161
0,0.1901837137111381
0,0.13904123178489503
0,0.15824800587038332
1,0.42594585923000605
0,0.13642691285483038
1,0.6642294525378004
1,0.24418996229173154
0,0.1376796990698706
1,0.15891712210473843
0,0.2518215129099933
1,0.22989870696728146
0,0.13407943205548542
0,0.18088536492078153
1,0.1271506545246516
0,0.1376796990698706
0,0.13466867721011955
0,0.13444383259969683
0,0.14792157094234007
0,0.14132476619855738
0,0.14761739353303893
0,0.1886268694921293
0,0.15315730942771277
0,0.2114332264676419
0,0.15634728431431166
0,0.1271506545246516
1,0.6346976052101083
0,0.15384055459527776
1,0.674369380271725
0,0.23708351327408148
0,0.7435984143714865
0,0.13642691285483038
1,0.7916683944441794
0,0.8370775153040914
1,0.12378859506648666
0,0.129871143498201
0,0.129871143498201
0,0.1343807520971665
0,0.1319781072514592
0,0.17256979947321852
0,0.14922927408479647
1,0.14132550709029928
0,0.15268112075972942
0,0.1271506545246516
0,0.3266814306263256
0,0.1431417605464177
0,0.44221038385518685
0,0.15048526020741557
0,0.1517865933452535
0,0.14562556756909154
0,0.129871143498201
0,0.16422568162420567
1,0.29120531102441627
1,0.14006377735113368
