target,prediction
0,0.21949105221644688
0,0.008351845081932834
0,0.11135318599658267
0,0.16806953794312757
1,0.49174284852280087
0,0.14876691360437966
1,0.907870073094458
0,0.0009828244093356754
0,0.14553435375508025
0,0.02526444968324036
0,0.006899920588721065
0,0.0014893178338957192
1,0.16979720776594412
0,0.36180334594271807
1,0.9006547063501863
0,0.07717925382423264
0,0.008268716116231806
1,0.12776389359894247
0,0.013513596546851692
0,0.06387317954005144
0,0.19441798866201015
0,0.21054656955685155
0,0.047206375004297495
1,0.7303110789266891
0,0.006814184087286665
0,0.23873523182350675
0,0.016872381243775814
0,0.01212907903254204
0,0.0022665215354663246
1,0.921087640513663
1,0.31622757080786057
1,0.9423374585385238
0,0.014151231559766766
0,0.04884031089131985
0,0.007335321655284952
1,0.9103542542408068
0,0.014847204124236998
0,0.01924400264031613
0,0.04652801548778286
1,0.9509086727265079
1,0.8140512545197222
1,0.9463166436548662
1,0.27152578296250335
0,0.06084893535945532
0,0.02212623548944476
0,0.005066115292602634
0,0.06709127490209585
0,0.0915808021025242
0,0.10053734708000035
0,0.1533144084600191
0,0.06516607331444352
0,0.1637269968103574
0,0.05742526547692866
0,0.014192904432777783
1,0.8954548545665597
0,0.0050419017281913584
0,0.312062660885769
0,0.21649253208535596
0,0.8648191360851208
0,0.0028254592026722173
0,0.008588032341754093
0,0.017691751521420555
1,0.9836668828480378
0,0.01712083340121056
1,0.9707344698653303
0,0.5123115503403093
1,0.9691455439255899
0,0.1980910715718256
0,0.01500392946755697
0,0.4640804951873358
1,0.7056111689153788
0,0.019171155439519402
0,0.00972518088344521
1,0.510224589427147
0,0.018874389132335353
0,0.09738820458769756
0,0.0026519326797161454
0,0.01890432169834607
0,0.006212625130203578
0,0.03423457097647093
0,0.15928970523118702
0,0.20390679722648974
0,0.0666596052842054
0,0.01918275014152611
0,0.018277010877402067
1,0.9204055177609388
0,0.007427543352307562
0,0.5210791075289565
0,0.023230063450387844
1,0.5197527434333369
1,0.969728569963529
0,0.18688299410818762
0,0.07789624759605138
0,0.007676445856729748
1,0.790467853927224
1,0.37266175377888633
1,0.20647512571436105
1,0.9613123525680916
0,0.45701199217655375
0,0.04829432969655677
0,0.0013580554178505583
1,0.8766849232419051
0,0.0789222147313017
0,0.002626881805997087
0,0.5297383892748726
0,0.6247321668160409
0,0.013445564116161652
0,0.7696590183623835
1,0.8537570904436198
1,0.3117741984168439
0,0.024565650281991223
0,0.04481217496096953
1,0.9477574902228534
1,0.0745586523751969
1,0.78359528873287
0,0.017995965485365743
0,0.018499677095760822
1,0.019775481258868452
0,0.03132412392816177
1,0.500316357804531
0,0.44096190973751576
0,0.07094139033245796
0,0.012216056618507292
0,0.019513964389190987
0,0.2842164564013803
0,0.1164384748442932
0,0.1246094210050306
0,0.00406398649184995
0,0.005911856054503831
0,0.1092733519710859
0,0.031207097172572047
1,0.1575933936959574
0,0.025867552226572527
1,0.9840292512702481
1,0.8609556687582246
0,0.11285547039262496
0,0.007457704575356954
0,0.027311234093143337
0,0.0022571621985212815
0,0.07414077156004689
0,0.039422484706593625
0,0.10777005606428673
0,0.040298513856902175
0,0.02051780070988368
0,0.002093536147436055
0,0.06482735232459318
1,0.689458613167829
0,0.631662611421093
1,0.24235605624954382
1,0.9224375213614798
0,0.022804869390660888
0,0.07947630367943173
0,0.1604029117296918
0,0.0030400456828961965
0,0.018811323440385604
0,0.05795886615035062
0,0.012920405136938368
0,0.01795773594939976
0,0.02520677132795964
0,0.03451798527419716
1,0.904555389908103
0,0.4085457958455382
1,0.7777354705408848
0,0.137065514856333
0,0.0011155397911080185
1,0.4481483945575619
0,0.03661605603913724
0,0.01303992535614811
0,0.026741037897980383
0,0.0017161203013521095
0,0.0035403149203332663
0,0.23784157405002326
0,0.07783151513114868
1,0.4020968605645038
0,0.5996699766407713
0,0.013749578856008266
1,0.9026117359582109
0,6.646257422162546e-05
1,0.3965479073097478
0,0.006468346216450835
0,0.016454728232224144
0,0.005005924757498463
0,0.11528932380925162
1,0.7954296626696429
1,0.9911228166197014
0,0.05107220935447103
0,0.003044079669208327
0,0.0011572702833621093
0,0.050395570113065814
0,0.055608054136652194
0,0.005797351276664404
0,0.0012234617052287497
0,0.20915099157018766
0,0.0018080044616482452
1,0.7921317491742745
0,0.003390026580809967
1,0.976446309151956
0,0.0064421396892998415
0,0.007618810882799914
1,0.4028743512106655
0,0.029055667849842717
1,0.9693642476845516
0,0.0017018898568499639
1,0.9299150119286783
0,0.0245991913497121
0,0.036997834775591945
0,0.019150848752965827
1,0.9130431607262839
1,0.9606298388027652
0,0.004681116933232169
0,0.030928924632016068
1,0.5063223142979728
0,0.022933111953658217
0,0.11956113428626451
0,0.015021836948698802
0,0.012788182892126064
0,0.08738833851447819
1,0.14689504112019414
0,0.09733656815484386
1,0.6406160395192759
0,0.3967856961029503
1,0.7587530385454361
0,0.008680186398428165
0,0.013393501381791061
0,0.26069048284137614
0,0.01781341292501551
0,0.04460316813016879
0,0.0048113249158916165
0,0.00880004129920631
0,0.15943090210859556
0,0.19886336117029355
0,0.06841707088909105
0,0.4597597855927878
0,0.07874059116150477
1,0.9431433582743521
0,0.011505389628563597
1,0.9713033519050208
0,0.3789933626211649
0,0.028695146302941094
0,0.011205635234924757
0,0.008878758006788157
1,0.3955466687770294
1,0.8744725652571674
1,0.9170968219410672
0,0.01119143425405714
0,0.29711453660327536
0,0.005261058042396334
0,0.008840715892694835
0,0.017624477456766246
0,0.008049599506427575
0,0.011777796399199148
0,0.01564769865514875
1,0.8109816388821941
0,0.00620901089476419
0,0.01624907056621244
0,0.020585776407801997
0,0.006872829749508827
0,0.10335174232446387
0,0.01748597888926322
0,0.0760449900722334
0,0.05346842759979176
1,0.9483190015984815
0,0.012403756409715557
0,0.17624325613961456
0,0.44224693725647396
0,0.11999623349461477
0,0.1972021559605477
0,0.00977581476812202
0,0.014641986186278502
0,0.0071019218386876165
1,0.3543814001855589
0,0.002088800149023617
1,0.9683233734990355
1,0.8866124689137937
1,0.41714194940538213
1,0.1428879730157756
0,0.033877714185572096
0,0.004564841473703966
0,0.01301092802358107
0,0.01570119077090425
0,0.0004617963075768445
0,0.015216292793423835
1,0.990062367284563
1,0.9669488199286772
0,0.005300571216782764
0,0.6250275876914961
0,0.12092235776724689
1,0.9293521265837295
0,0.034130184887668336
1,0.34853330263087845
0,0.036521403432553896
1,0.9571155711055686
0,0.0024370981363472572
1,0.9801931500819753
0,0.058762690663775645
1,0.5399379683357165
0,0.04417237864105053
0,0.05194181272119243
0,0.002528737167536957
1,0.9472405808635913
0,0.1868154904510396
1,0.2003152694802866
0,0.010315247599268804
0,0.016556164943273752
0,0.15932809272233273
0,0.01527235881975559
0,0.000901512581573672
1,0.8975456292760615
1,0.7069778595421976
0,0.3743579225795854
0,0.05575202020913994
0,0.023949543637085163
1,0.9945531159674444
0,0.0292778645727967
0,0.09025566929151274
1,0.39882397033200745
0,0.011075894333294428
0,0.009460495466493413
1,0.9940628201310573
0,0.12607876558649225
0,0.00024074757127564615
1,0.9624769975390267
1,0.9700523654971684
0,0.0017109466658856128
1,0.8365306308840581
0,0.0844464355058971
0,0.003152370786919065
0,0.6807590182396472
1,0.9188431734143788
0,0.010464760795270207
0,0.051039945795857085
0,0.021795548060648706
0,0.403704506481775
0,0.001299248329870255
1,0.9534427604237028
1,0.9982669261272308
0,0.17471458446870708
1,0.4083009265979042
0,0.004058230928497072
1,0.5895202651578185
0,0.07117887515596281
0,0.0025517271880773555
1,0.940640239276473
1,0.7334690911796743
0,0.009088334186434599
0,0.7116900600277326
0,0.2611977822958679
0,0.039378016673793016
0,0.351811014595033
1,0.8453247871464047
0,0.0202660304862248
1,0.8482510599347013
0,0.20441096207684017
0,0.030434343786388603
0,0.05213498984144773
0,0.033465830377902545
1,0.1983447201753038
1,0.6272718628246021
0,0.016905246336486913
1,0.8101606734119441
0,0.007437779830776035
1,0.7153549143086821
1,0.2159598428940451
0,0.29157917777474834
0,0.006607696302142472
0,0.0005171455672410692
0,0.008317203084531793
0,0.004696224113806086
0,0.008630799088820256
0,0.014074680233798976
0,0.45861687237940485
1,0.9915310213582678
0,0.009647495575525335
0,0.007247686731796917
0,0.3793169676012967
0,0.006519729190792391
0,0.020080177671644345
0,0.009778295419012732
0,0.8671669151480236
0,0.5080614653295051
1,0.8996657002797207
1,0.9473045094031471
0,0.04059557311409059
0,0.1254364605603893
0,0.35816157937705534
0,0.05277776120070065
0,0.010697518426954123
0,0.04663500424197152
1,0.8199800090897914
1,0.9311263719246459
0,0.09098711631527931
1,0.07788371789584123
1,0.9599320444026757
0,0.498259394262709
0,0.28670623424004477
0,0.018415724775486052
0,0.026791238481898436
0,0.005713702995878065
0,0.03286514471615149
1,0.6480212784768973
1,0.7150437492250428
0,0.08067398751063984
0,0.021097859331171167
0,0.021116277645889737
1,0.8618220851560903
1,0.9826846250652149
0,0.04620948650216829
0,0.1336392283106698
1,0.8726257471506541
0,0.010122881954884075
0,0.007144136975854852
0,0.012570193821295102
0,0.07378101100838437
0,0.0008167544227883431
0,0.0022745879653705194
1,0.8831768677973176
0,0.807475938499063
0,0.17468682428680582
1,0.9852973582800908
0,0.049133981514960824
0,0.1634444768948466
0,0.007332757756600894
0,0.5196908795650835
0,0.009247462302951492
1,0.9029166067361888
0,0.03995527693111234
1,0.914226632670009
0,0.0717963157418169
0,0.020659024552129767
0,0.06384977022134607
0,0.020271376871219337
0,0.0017390506804516059
0,0.0734544683378164
1,0.9609869925928181
0,0.021378642821512295
0,0.06537460736880898
0,0.0108352045578006
0,0.11588901123630801
1,0.7557586812388728
1,0.5509976574682054
0,0.06392537154442926
1,0.9087061650007504
1,0.8255646000376157
0,0.03824676351810986
1,0.9669632705131456
0,0.2736780892762543
0,0.11267758079463763
0,0.9632972820640056
0,0.009238524153205108
0,0.0007669240566456981
0,0.00419598306172651
0,0.001960083342930819
0,0.04941088214258336
1,0.9878873298660376
0,0.0009996734769549796
0,0.029460460130652243
1,0.19719646007570163
1,0.918542329665516
1,0.6491209660244396
0,0.25382942221307714
1,0.42852362316023385
0,0.01223076254917827
1,0.9884095209505342
0,0.05423660414818734
1,0.8950439294704643
0,0.07225061974944587
0,0.03402006144922178
0,0.06100836568318857
0,0.012377023402053657
0,0.06170340675526815
0,0.0007268714852267005
0,0.05529202121436145
0,0.004602314019820058
0,0.036871304566022126
0,0.1393344046701326
1,0.9711114986518525
0,0.018611140336844027
1,0.7857079165349498
1,0.8956455447982105
0,0.00743452264756719
0,0.013743850945264046
0,0.029195907421764613
0,0.011481276342154399
0,0.017238973102024213
0,0.007382995934364915
0,0.016289379039570527
0,0.06405202108359707
0,0.01880843383170216
0,0.04420098415304342
0,0.020831518568161393
1,0.9733314239499656
1,0.06978117085335837
0,0.0562892695233566
0,0.06926066906501696
0,0.016767509354386236
1,0.662575234428668
0,0.04261335761220425
0,0.0011110316538746965
0,0.10178474192008317
0,0.08949058699197174
0,0.003580418171593434
0,0.04928881861037496
1,0.31743089741855
0,0.0021632732758837024
1,0.9876052165291639
0,5.1307192301100637e-05
0,0.0037888623218822986
1,0.5043324816335826
1,0.15486986762465593
1,0.9887806736322876
0,0.4954868872450269
0,0.004519009674669203
1,0.34877936773270274
1,0.6407580708073545
0,0.24227417691158612
0,0.005283481186075735
1,0.9724198263090227
0,0.008516045915420815
1,0.945606820916049
1,0.9632999502604321
0,0.16526787420082273
0,0.27029991991619756
0,0.02303180802718664
0,0.032574141254966986
1,0.22471398524918526
0,0.00875454553805017
0,0.03071549286526428
0,0.025461411017318327
0,0.08773188374852688
1,0.27457046403598917
1,0.5773298074011836
0,0.057414930692744316
1,0.7707059078648341
0,0.03958116601883075
0,0.040577571097477706
0,0.04485695799017551
0,0.10770542983550402
0,0.3965857155850329
1,0.8806889265353232
0,0.029886934552656477
0,0.11587611962937847
0,0.0037782920817241556
1,0.7114617920757393
0,0.05776115992303126
0,0.0164891508248022
0,0.006864563626630745
1,0.7537206349745578
0,0.12262844180147532
0,0.020886726846013733
0,0.10473725621138157
0,0.3221380804350139
0,0.7593801284429803
0,0.01795071551527891
1,0.764663266967702
1,0.24615893254671542
0,0.01186231784934815
0,0.7265133448054977
0,0.04757819907756652
0,0.5360352127288335
0,0.09957060730054611
0,0.005469493923537924
0,0.004899908744078462
0,0.39826283072330687
1,0.01363343489105503
0,0.008077172900516408
0,0.25688775647117296
0,0.01977017406670827
0,0.06339608371851699
0,0.04661621973623166
0,0.3449805760043735
0,0.3328017896635543
0,0.014633633467739295
0,0.7658840059258943
0,0.005604447961810364
0,0.31465172557576776
1,0.8411208014254259
0,0.013480422361362366
0,0.23510964671466422
0,0.16384521332403146
0,0.0059122537572384665
0,0.01055907127231437
0,0.0073786450165673366
1,0.7992407139652572
1,0.5777674180194219
0,0.013925595423601334
1,0.9576401523546623
0,0.00558549695571241
0,0.17489218651902985
0,0.004248917040333063
0,0.03720752553067404
0,0.040380759039396925
0,0.025136804387044548
0,0.012335837777054296
0,0.07477079461770417
1,0.9699536457795245
1,0.42805189431279217
0,0.04537712400231891
0,0.025415477440895375
1,0.9810039714514541
0,0.06908429967938662
0,0.07707164581609739
0,0.04459766577452953
1,0.5560590328731692
0,0.13835317110527778
0,0.007968427131650042
0,0.8105264923467294
0,0.005474962579674454
0,0.007031333896019258
0,0.30918724619022125
0,0.002593041814404784
1,0.6679767253770841
0,0.007395113606264182
1,0.9921943393944243
0,0.962683884398475
0,0.05712308101760879
0,0.6044658273515929
1,0.8027863482235917
0,0.002243275344475013
1,0.5490121121133538
0,0.02794537260756761
0,0.009740642398836395
0,0.015946973874124346
0,0.06647146009352248
1,0.9086364735289475
0,0.8754697556540528
0,0.004440411170951562
0,0.45280184086939096
0,0.005371872652841558
1,0.3169406342126293
0,0.016537344967027807
0,0.051624708567315526
1,0.656769200961827
0,0.03473796604049045
0,0.06442599974638981
1,0.42968146504411076
0,0.010412775347657804
0,0.19722509011721093
0,0.01351923722473934
0,0.014163962669783259
1,0.49810429857612
0,0.12590585996841772
0,0.1520649383069842
0,0.7931013357989961
0,0.00155177312699249
0,0.242311484790752
1,0.5069695057634572
1,0.7828313700266091
0,0.1244521877215332
1,0.48242174495220835
1,0.9555348878812865
0,0.006458306592014954
0,0.03379946359844948
0,0.005177571501888442
0,0.03791283984044644
0,0.0620453217275767
0,0.004278037726162916
1,0.7378659649808307
0,0.06636008990308467
1,0.21569033701749543
0,0.49744215557269805
0,0.4691970781160391
0,0.00011846396518690194
1,0.4433491790575026
0,0.001141377473437615
0,0.009775785128373439
0,0.011184561361320287
1,0.9307027613762034
0,0.007245499876683991
0,0.1415504448680812
1,0.9467030912067382
0,0.007980915223242215
1,0.9557458784978617
0,0.12122300852859715
0,0.014865883650790081
0,0.046907434439986524
0,0.017615877645828386
0,0.0004758291825356074
1,0.5556703217934118
0,0.6558947671678366
1,0.8249750519196751
0,0.0026049636410978515
0,0.5937733616630027
0,0.008805400779369742
1,0.7114617920757393
0,0.2897631418807779
0,0.24047804949063467
0,0.4972896665217327
0,0.0057952826544388205
0,0.020000841566153123
0,0.0041421336641981644
1,0.4389475061915062
0,0.27541355373650445
1,0.7550806147188013
0,0.03376222571599214
1,0.8751085617824436
1,0.847647260124013
0,0.007429021485522154
0,0.008652774489093164
0,0.19852207420756612
0,0.009300222618817395
1,0.9776515838817195
1,0.21516309126077918
0,0.03657652573396964
0,0.012229024685656982
0,0.006851634622479964
0,0.44625955396070277
0,0.0019117216268696826
0,0.08503953877514071
0,0.001973019127722827
0,0.04195554628607215
0,0.026609265838102622
0,0.4827651983876457
1,0.869300448430638
1,0.1509647320349103
0,0.055246525791583595
0,0.03693193391383467
1,0.9484280783101421
1,0.6379396051041346
0,0.015045807643405901
0,0.003669964852030149
1,0.7693595033174436
0,0.8023114672911689
0,0.29335374228178773
0,0.5184281376268316
1,0.9437817793958627
0,0.005321765085098791
1,0.669199588896857
1,0.9940155925336663
0,0.012146059559624597
0,0.5121444834777801
1,0.9623081939188357
1,0.9467430370009847
1,0.9884921083372008
0,0.044223462129876004
0,0.13674843959447575
1,0.9262555509855903
0,0.042153471980329926
1,0.34094677807307094
0,0.018421561324243146
1,0.6115926497169352
0,0.034367187299252644
1,0.3093169862106029
0,0.00706276397618283
0,0.074620928491315
0,0.0016147195962776465
0,0.04451027251800938
0,0.0001297817079901505
1,0.6199076576640846
0,0.057655855956549935
0,0.002794097163269975
0,0.0018150296674050458
0,0.07977359249438329
0,0.0004308772294112274
0,0.1834014567305903
0,0.04141726618399433
0,0.059866034274188906
1,0.26861434036447795
1,0.3650907112606523
0,0.006272033834072786
1,0.8675608230558282
0,0.10041658028632018
0,0.15364025153386773
0,0.06505498825960085
0,0.015977949916320983
0,0.022978747263475024
0,0.0020007478025543673
0,0.0019818419190343476
0,0.007034444494768932
0,0.00887127726453148
0,0.7547968995029847
1,0.9503345444936032
1,0.45067553759002515
0,0.010579925401869358
1,0.5630320399995176
0,0.03567352444166987
0,0.004753273889622062
0,0.11766139033371516
0,0.028953097717208758
1,0.8494889079743668
0,0.07450583040739776
0,0.01864181520110187
0,0.23153696743690275
1,0.9824826821179327
0,0.03982350760958615
0,0.0023241142963968332
0,0.9776689333433393
1,0.8213632025478688
0,0.08328211827697143
0,0.6011337913991323
0,0.33233605956351797
0,0.10609504232249745
1,0.5040814436887175
0,0.016778271676887134
0,0.014105105306755787
1,0.19813073512455637
1,0.654855633498077
1,0.37544933944403336
0,0.5375448021929193
0,0.9603331126244998
1,0.9377181430958287
0,0.0016597542027628337
1,0.6656393841455323
0,0.0565253734023745
0,0.05307218996580177
1,0.8769384881184634
0,0.7776328267922048
1,0.5411119113264784
0,0.0999368564776228
0,0.047107008568483134
1,0.8092089760749032
0,0.009462421033801316
1,0.5312269422838357
0,0.023228618836226542
0,0.03068009636838264
0,0.08779023783204092
0,0.06793828481758493
0,0.008523986709014688
1,0.7178305375262016
0,0.022678982555826326
0,0.01235542056153934
0,0.0020486825966029147
1,0.7859424001020472
1,0.8787561020419181
0,0.0233364089534017
0,0.005202621043492139
1,0.9797564130769242
0,0.039404925180072506
1,0.5693776239741858
0,0.02305944949579032
0,0.03141024521886607
0,0.003194880971226832
0,0.056006624981428214
0,0.010617193017923516
0,0.482242481529945
0,0.18183655833445295
1,0.9893861266767506
1,0.9448090343854704
0,0.4120299362738585
0,0.06293446993574921
0,0.017877438807199143
0,0.17641660000222562
0,0.0016652007502498548
0,0.0437258942019941
0,0.09083602267353873
0,0.008708930287519203
0,0.013640730793252964
0,0.01157902866743606
1,0.7804142453344778
1,0.4900403055961189
0,0.024584918025701303
1,0.945679883453175
1,0.8872462902168058
0,0.6488526540926682
0,0.7734505864143959
1,0.9916283124055467
0,0.05138201253766972
0,0.007071820942012607
1,0.916741569068471
0,0.021707898798258518
0,0.025609339147683926
0,0.39310923733405345
0,0.022041427883877075
1,0.006853062465277417
0,0.007178611306886261
0,0.00968025700979918
1,0.9796409902692353
0,0.006127365054733395
1,0.8070190696792462
0,0.0011449972476746473
0,0.0026028933757188248
0,0.01665095447581467
1,0.1470592389972325
0,0.019176115795848023
0,0.0005086929322493521
0,0.004705850754381878
0,0.1692862507966141
0,0.058076209491174716
1,0.9551967710431204
1,0.9850373078589338
0,0.024122209014351515
0,0.013708633621366557
0,0.07490171783721132
0,0.0029968080006631073
0,0.023971252589510692
0,0.03449384263084994
1,0.9403663205186779
0,0.04908972884377232
0,0.8098070018793456
1,0.996579378402358
0,0.0037303509234000963
1,0.7556451693431318
0,0.07457363216631685
0,0.0036046397804769662
0,0.4945273203129908
1,0.6888232519379532
0,0.03149835808010179
0,0.00016121638734148435
1,0.7970184993079291
0,0.11508948093122191
1,0.9410001244712564
0,0.02444969222374112
0,0.008677169658913714
0,0.8944285144406963
0,0.006621056713915777
1,0.8891697537457286
0,0.05200786734388194
0,0.08334776549161622
0,0.012924233413187408
1,0.1309844536351619
0,0.01522934101925615
0,0.3249155365096609
1,0.3654927167627658
0,0.01393446652080582
0,0.12332340540544218
0,0.0038301559497130656
0,0.3457395410259572
0,0.12461539211005633
1,0.9891035288148873
1,0.5766692282777748
0,0.015322836003268874
0,0.018620351617366304
0,0.0014406298443422748
0,0.03333569600162555
0,0.028783743877048094
0,0.0017443114213964684
0,0.17268691609331
0,0.054212726530115045
0,0.008256064338454019
0,0.002788756965960825
1,0.8906878628618919
0,0.0035152455963127385
0,0.3031527577318443
1,0.4184635696857698
1,0.9487968110118155
0,0.007289469849756842
1,0.9388749526097342
0,0.017772364206617514
0,0.0022314939480167556
1,0.9621048378851934
0,0.2800786585646884
1,0.7881331869030682
0,0.036756395396689304
0,0.02433112706107825
0,0.09831133548700588
0,0.061161339464730353
0,0.030907642399278405
0,0.023206109977519908
0,0.17849799373913328
0,0.009156791571711082
0,0.19930303791468365
0,0.006101187362257016
0,0.04859168262592815
0,0.7988417185063208
0,0.13902568439667068
1,0.8845528872384513
1,0.921623530512101
0,0.6949464007795644
1,0.5069265452819682
1,0.3788841604330916
1,0.03198451411598515
0,0.05074250459277438
0,0.07701361123290129
0,0.0943028703258141
0,0.6252985253270875
0,0.023542683778099843
0,0.9154742290792094
0,0.25997762530668017
0,0.1328557407593629
0,0.07018445868829933
0,0.10648920617599013
1,0.8518486918389155
0,0.09046855227905401
0,0.030177878268899002
0,0.12339298862294588
0,0.016968754760942752
0,0.1461963904207163
1,0.8684219187651708
0,0.006104765888910908
1,0.9417478996808799
1,0.9711580865623314
0,0.14454806566724007
1,0.7656404741458283
0,0.02272348582567959
0,0.0019782769510179386
1,0.74844300502546
1,0.9315771970417952
1,0.7748931227601519
1,0.8919186906043574
0,0.954863958678483
1,0.6109303740118789
0,0.004693205483644873
1,0.9208927333570427
0,0.016830532365509767
1,0.4507994940040303
0,0.06527838800579541
0,0.03949390292103619
0,0.10097951567789891
1,0.31980213541079583
0,0.0074558433154776295
1,0.16741354099804265
0,0.0009229375255020811
0,0.0326272186318638
1,0.9804135340408303
0,0.0008545890094304166
0,0.7118006417960411
1,0.6763575244604644
0,0.5607107981819286
1,0.7270999235625055
0,0.022286699650923315
0,0.022624606248484228
0,0.044590152483742054
0,0.009434952878745115
0,0.03389356364585124
1,0.09450239963981523
1,0.012441648815565864
1,0.9048955080380849
0,0.22311082463015516
0,0.5648647636199892
0,0.07161103054282726
0,0.004131049604221806
1,0.853463959056901
0,0.027914191868744324
1,0.9872871455598253
0,0.0045506407530730274
0,0.0038820965222588245
1,0.34617783070778263
1,0.9482650949872733
1,0.8631084236223516
0,0.18357077548046288
0,0.016700476166571037
1,0.934940858650369
1,0.6031939020033389
0,0.09090017782016926
0,0.014379229050285878
0,0.02861286795212958
0,0.018184946569508455
0,0.322876181513873
0,0.040669211429676555
0,0.025873331785486068
0,0.043385890881374706
0,0.08612955191382249
0,0.2901315280253622
1,0.28443265404412266
1,0.8701271947440359
0,0.0013666692327546522
0,0.0006820109255687605
0,0.09324628431541339
0,0.07120013126235082
1,0.9786415247135569
1,0.9376403569399803
0,0.004737674492037251
1,0.08420945887160575
0,0.008542140008991854
0,0.02896348181522261
0,0.05302670819067094
0,0.40388491773559343
1,0.7717581518458638
0,9.544529527674254e-05
0,0.06238032755368103
0,0.09056476942126256
0,0.08757927580011335
1,0.6418954428186496
0,0.003773232423517206
1,0.3085096372767611
0,0.007703406217325408
1,0.8040241291752855
0,0.023947206280109348
0,0.014104096988169564
0,0.07844447334686047
0,0.09032995906972163
0,0.02764133246934861
0,0.018874730925549428
1,0.7541168958365028
1,0.9238476880555484
0,0.16970240264589334
1,0.50966230858827
0,0.013850775887839915
0,0.0019221145240094415
0,0.003512134174168044
0,0.06732665447669654
1,0.42637788856267683
0,0.003665649377343097
1,0.9166839793140189
0,0.03584748988440515
0,0.04506881582980669
0,0.08563393711924448
0,0.18746648237249186
0,0.18390381492862215
0,0.009263534106263405
0,0.09939171949376154
0,0.007320645496512151
0,0.222989364499534
1,0.933454783746544
0,0.01762334591354653
0,0.008003802343483838
1,0.9571172547576786
0,0.029954118700170743
0,0.01855232204528726
0,0.019541182730109144
0,0.029083292519801195
0,0.0020552282405861735
0,0.03422776416112135
1,0.7117199402617104
0,0.0013362839633922461
0,0.024724114600574096
1,0.6087060141246675
1,0.8295421506771357
0,0.0694332884331986
0,0.056042946047740724
0,0.0027295355152639343
0,0.02311707566654951
0,0.010373321076697403
0,0.07671084269087634
0,0.6410328207738335
0,0.0135431773535458
1,0.8789534908860944
0,0.049217006686700954
1,0.8771974679529635
0,0.3162393590103014
0,0.018883992418846234
0,0.0711333931845229
0,0.018215716154768333
1,0.6543019756593528
0,0.009978927400867704
0,0.3161456371994336
1,0.8745455618866665
0,0.012905949681784793
0,0.7272459270123524
0,0.002248464809488094
0,0.08970753073886127
1,0.3601438171155014
0,0.0556652337938514
1,0.24202570926280184
0,0.12454433791052183
1,0.23035260932956242
0,0.002306590170660313
0,0.18805340231680798
0,0.005431627133786176
0,0.00014513235686215172
0,0.01672273839786631
0,0.0011122974270608675
0,0.049656032513340914
0,0.03702855053628941
0,0.034888109599369235
0,0.021899260302085898
0,0.05207599051964282
0,0.032103113848160794
0,0.008350200019931343
0,0.0417781496945159
0,0.06038213052607291
0,0.008068993555410993
0,0.3216605920824066
0,0.018821262297795082
0,0.013476393659845745
0,0.007764561948672152
0,0.01662936093680919
0,0.12400016058000755
0,0.022224698312820014
0,0.0180354614148504
0,0.3542070148945735
0,0.024763834031408475
0,0.003547505954147524
0,0.010239569573036124
0,0.02641334146829439
0,0.3914802640283469
0,0.003297985562549134
0,0.015885972197289086
1,0.9684503181091013
0,0.5591067346481117
1,0.9694012742156801
1,0.02949190024670989
0,0.02475205321130145
0,0.005264699442844279
1,0.12384948969960823
0,0.018767858325435868
0,0.009023633831041628
0,0.7587530385454361
0,0.5182222544475434
0,0.001004063626412577
0,0.07446250051402037
1,0.9905974147538787
1,0.9758450182679007
0,0.10913353472368441
0,0.015304524645491778
0,0.04257050270637501
0,0.036575110506310245
0,0.27677734467949694
0,0.01984184182656606
0,0.7496382214833902
0,0.01308469626996178
0,0.3100870091762325
1,0.9165053436310732
0,0.012172824570968204
0,0.060094184627213644
0,0.019717934368600632
0,0.11957983006996617
1,0.08219750396651343
0,0.004062888612933563
0,0.006619163741056914
0,0.07598774724636125
1,0.9388337635155186
0,0.10961764648402447
0,0.0029665544464340604
0,0.008041857617517955
0,0.20749906217329553
0,0.2196546790666581
0,0.4340568515636623
0,0.011557458352452157
0,0.4287944047813304
1,0.9756206157836192
0,0.04833639945906471
1,0.9570306047369569
1,0.2523951867745719
0,0.008879806039601935
0,0.9298347549215674
0,0.03722922436271369
0,0.06709306044257143
0,0.053564139617384154
1,0.3008973126881243
1,0.027662444522381327
0,0.014913442111168039
0,0.029709996701363366
0,0.01747686907806724
0,0.607031682721898
0,0.00065997667376053
0,0.46083322568012125
0,0.025624160130671387
0,0.02254155064100285
0,0.0024377910538027105
0,0.16406494421200815
0,0.049081691368063986
1,0.4879091966937758
0,0.051745565436615015
0,0.007339041082682055
1,0.8022699084598136
0,0.0467669623649823
0,0.5495525082655986
0,0.044869017581963315
1,0.6136781846559346
1,0.8329127231433789
1,0.9693234435769758
1,0.9692593122057225
0,0.016870310604808446
0,0.0063906463816725875
0,0.04606168693284018
0,0.006046347540251294
0,0.5563145037831997
1,0.839264205662816
0,0.0011775701244369204
0,0.09092304337268099
1,0.9701691391746419
0,0.31325554039809234
1,0.6345392492764967
0,0.10237716387165914
0,0.08971345634142569
0,0.6673855835763942
0,0.014665773956286692
0,0.007327168950007571
1,0.6749324459610909
0,0.013655103340199797
0,0.0036506634820030574
1,0.7164131676839334
0,0.02466096023014556
0,0.010455184730654236
1,0.09365717875430841
1,0.9104559079573004
0,0.13851563241915985
0,0.009726847718852844
0,0.2611559558561256
0,0.2602970229853929
0,0.07081566434059075
0,0.00046757210255877243
1,0.9312727039972339
0,0.042477714609186326
0,0.17645840898785561
1,0.5478223899713985
0,0.00504461785914471
1,0.4420331744208879
0,0.19173599904807384
1,0.09162360517066762
1,0.4577769274035447
0,0.0005236367678994225
0,0.023741350154265397
1,0.02264566954377663
1,0.5948867986209552
1,0.7707635360854421
0,0.025485625167104016
0,0.029200681854692954
0,0.045131448205551206
0,6.596074726814791e-05
1,0.8833961739275992
0,0.6089957814999409
0,0.044032944648174345
1,0.9912732939529358
0,0.08318654815736358
0,0.46652066293217176
1,0.8983451444476873
0,0.013793089615812165
0,0.009224664810519192
0,0.5710737584350614
1,0.06760312055908865
0,0.5666017842418208
1,0.254643418846928
0,0.03182411600004264
0,0.03572585868388573
1,0.8141864684716777
0,0.14463767876501915
0,0.003150059204514834
0,0.1467505414679399
1,0.7016056168639608
0,0.043529269795172444
0,0.02350832139769659
0,0.014670027154155147
1,0.24746801409923447
1,0.9392403701064322
0,0.009343367415332053
0,0.024086284260087788
0,0.04771594888552622
0,0.029232734781353936
0,0.13013210750073498
1,0.9203036049600106
0,0.12887108740374908
0,0.1555266102599727
0,0.19932973108488083
0,0.002658752285453678
0,0.11388560297285352
1,0.9679614944665562
1,0.20744057697570645
0,0.013620947979571
0,0.055954842033361804
0,0.011674939184567388
0,0.7735258652405901
0,0.057459055882611534
0,0.020769751821934215
0,0.009651370000041614
0,0.7543507299637118
0,0.4465983890552423
1,0.8354066096082994
0,0.00560120088424235
1,0.8831469246078095
0,0.07583815037244684
0,0.5006776664670362
1,0.8963831958640128
0,0.0012003642043138072
0,0.20022127185907562
0,0.0025458614626541407
0,0.0011082260306670684
0,0.049217805823393405
0,0.06605719936195253
1,0.8888631050028812
1,0.9528363862515056
1,0.8652530468918691
1,0.8701273173153886
0,0.05049297800170408
1,0.8970075204509028
0,0.026868659690413525
0,0.13375571000126107
1,0.01183661112000791
0,0.026591390939562802
0,0.005933895567088348
1,0.9975257323380194
0,0.8695581968268369
0,0.15935358834181057
0,0.7641322306849002
0,0.07039022648107722
0,0.007474776088640055
0,0.005753804242355036
0,0.036818806932571085
0,0.013391453450664616
1,0.8775810462447914
1,0.9871797783155626
0,0.6525793422746262
0,0.013791467472159888
1,0.014899656088526425
0,0.017184466213396178
1,0.5684510925787163
0,0.012536848303650617
0,0.0028781208391507793
0,0.2775721490639399
1,0.9024073082793435
1,0.9442944955311539
0,0.042985322010992255
1,0.9732841918503613
0,0.01116617348893847
1,0.19386707131810602
0,0.7904100133974266
1,0.8930041930758544
1,0.9779719889405896
0,0.08280237166318571
1,0.8503789119687557
0,0.00456723031632012
0,0.005464737526290775
0,0.018509585727297957
0,0.060338343379469125
0,0.01592254638855493
0,0.02276887716119621
0,0.03672150409611724
1,0.8052791412648979
0,0.04364351676471593
1,0.9660836137823674
0,0.0017696481833598063
0,0.07751722877008031
0,0.29438090823725405
0,0.006527670921983222
0,0.005027452144966607
0,0.09231508103322443
0,0.9569594363070582
0,0.010604261218014948
0,0.8436986730101826
0,0.09900688061312315
0,0.09445754837181437
0,0.008932539959799422
0,0.018329392611425126
0,0.12709191088740834
1,0.8445142499968046
1,0.34978659648854543
0,0.23983795202612085
0,0.02408014460639235
0,0.004656242611006004
0,0.10613064467110318
0,0.0337871236258205
1,0.3290663610062029
1,0.6310380884060436
0,0.0036179768218646334
0,0.008559838845506814
1,0.6899468907299197
0,0.10496321425020082
0,0.006802436171845731
0,0.11438357362573144
1,0.9157129059228488
1,0.8382551907089608
0,0.002834616548445994
1,0.7349591292106247
0,0.02823682057549063
1,0.10834962615831775
0,0.024586184470397267
0,0.44186866391845764
0,0.008955165939018895
0,0.214403528919759
0,0.03600312170955631
0,0.008977125599360895
0,0.024176684519385247
0,0.012172019873880753
0,0.025147344279927722
0,0.0015330394243966968
0,0.034411104439034855
0,0.007118684382120759
1,0.8206366435018113
0,0.016221531110580216
1,0.9733881929351712
0,0.006515166540046214
1,0.02013805140800611
1,0.13350245901533203
1,0.909490140336422
0,0.16959656980640136
0,0.022242595525590436
1,0.9395321008398467
0,0.033834628951546555
0,0.028208572484306606
0,0.019676377415598374
0,0.0006758968146609156
0,0.004973954253162477
0,0.7900327450667304
0,0.0563954132623404
0,0.09672501735926456
0,0.012003316723965332
1,0.9149327427463226
0,0.029667609575245283
0,0.05576748109135085
1,0.5773855310167703
0,0.04290636628860205
1,0.9335098169482926
0,0.02984571428339309
0,0.3550755883604694
0,0.011836743976919676
1,0.05844161327063564
1,0.42565363167081866
0,0.7949384178293609
1,0.01428946540335122
0,0.08212099329028213
1,0.862584370055145
0,0.0421563558499593
0,0.05866905714498559
0,0.004698971788227373
0,0.5897995902821351
1,0.98562092018627
0,0.02200093301480404
0,0.004158156593277145
1,0.5421102172261874
0,0.013923169772694168
0,0.006775478796884863
1,0.3148330082616937
0,0.03594153903432631
0,0.06363771033866276
0,0.3050070738473394
1,0.8013470964751209
1,0.8238088511226832
0,0.0206152582167457
1,0.9246897078045764
0,0.005899012016718258
0,0.38105643016091306
0,0.012743187913975442
0,0.025151488835050386
0,0.703927373292933
0,0.04299266853295755
0,0.031189517354221978
0,0.01874898438748233
1,0.9307499075139596
1,0.5981802287124717
0,0.0009557086593995197
0,0.007311997293472163
0,0.002909574175747639
0,0.5300675539542476
1,0.5768878267676025
0,0.04230087315770779
0,0.0011665527504988817
0,0.05602705812577827
0,0.006885056838590857
0,0.04611604376378519
0,0.004807738553540777
1,0.011462372865162154
1,0.9528302132689792
0,0.01841691337289272
1,0.956699370019144
1,0.8296596780792737
1,0.9842155289268567
0,0.0441324248997697
0,0.00745906738932857
0,0.013725302274190177
0,0.9126472361761705
1,0.32812490875295897
1,0.628027665421495
0,0.010209089425204858
1,0.3811651820347641
0,0.008434775949247308
1,0.23427706240258048
0,0.01788514646295553
0,0.2765310465927372
0,0.7558537721568782
0,0.3699236235864507
0,0.02735065976128797
0,0.2991444315396495
1,0.8510343044819485
0,0.006269233681340174
0,0.0015653280406407817
0,0.028013686709422798
0,0.01630736137372253
0,0.1506087335805693
0,0.003475101927797971
0,0.04202063893517668
0,0.0017765570462460064
0,0.05032221739987491
1,0.854866262427622
0,0.008180833557072562
1,0.6286196969606751
0,0.014960461322541025
0,0.007713143456247968
1,0.5492086694096954
1,0.43196897981900745
0,0.03864537733741938
1,0.07039039895296931
0,0.011785450870214834
0,0.02418040724854265
0,0.48300985605729907
0,0.016968422026598064
0,0.019223957248331244
0,0.026491132590156605
1,0.5488865029128225
0,0.5283566723597931
1,0.3635782365785021
1,0.3043471979703124
1,0.7237652506064052
0,0.052025469255423895
0,0.8844641748364134
0,0.03420425339596929
1,0.5528679124180538
0,0.043570021410317704
0,0.022049384280747767
0,0.0193298009671036
0,0.05682572623434015
1,0.9637025657588065
1,0.9716260374325322
0,0.05421812864588803
0,0.016359440345493772
0,0.019890709577310425
0,0.003865049100593475
0,0.03445442122800855
0,0.006268102777706061
0,0.07785547973693462
1,0.8880408521509697
0,0.23976922715518553
0,0.022298856360232093
1,0.8750632654084748
0,9.479018903282998e-05
1,0.3042073804140719
0,0.018091114627960505
0,0.6229369098380976
1,0.8492067603849967
0,0.038609821743730476
0,0.13608040327868343
0,0.023895527181368517
0,0.07498338803033687
0,0.025419990621160772
0,0.00688754382607669
0,0.04269142533194561
0,0.05458032808045999
0,0.016495297251493343
1,0.9738014763947259
0,0.02144163581305434
1,0.9930299096916193
0,0.009253101211492969
0,0.046948355907927584
0,0.012447887338240309
0,0.024215533837970718
0,0.04806664789712325
0,0.0023503429547866734
0,0.015703756947777703
0,0.07647993256130764
0,0.901097272431919
0,0.07948090473661844
1,0.9772429352954572
0,0.034664287955556636
0,0.0026751431012582484
0,0.0037995691056724613
0,0.02320715025571437
0,0.6048600001239839
0,0.14729383215716713
0,0.008450284220242797
0,0.02324303274081804
0,0.027265710998714224
0,0.017099863309922598
1,0.8504042252547852
1,0.6226034957402495
0,0.010066286588623059
1,0.5336598874505956
0,0.006727493909438006
1,0.7668861289366827
1,0.6686708915559639
0,0.018447666093282116
0,0.017135220711154316
1,0.9714415861113155
0,0.0026266794917985366
1,0.9192612355152622
0,0.45486525400638916
0,0.03530205357066642
0,0.19276421335071056
0,0.8724790359995934
0,0.012862867763219434
0,0.035501028420785855
0,0.012018530536822185
0,0.13670131701129273
1,0.9724210305085115
0,0.15933687063220991
0,0.8016568473685505
1,0.379953952275424
0,0.030524669454792402
1,0.12160146994030917
0,0.0010419622985106361
0,0.02541008708265423
1,0.6133520307479382
0,0.012811588102409548
0,0.058204029529895514
0,0.7473833572665359
0,0.01066840742607031
0,0.0855296529588086
1,0.9237472085400807
1,0.3456799926058367
1,0.8062394162547516
1,0.6278055172243975
1,0.8962994730223083
0,0.1783180275409102
1,0.5852501703036862
0,0.011849955109709393
1,0.903643079760633
0,0.49308827429250096
1,0.9590256830235505
1,0.43764480749119494
1,0.7646231816035446
0,0.024718333036190455
1,0.7395852865662912
1,0.5850150921118776
1,0.6890531923516311
1,0.42650732900950117
0,0.021200321358153234
0,0.10452790603485314
0,0.03879245267902092
0,0.012030293367103902
0,0.04813122726716798
0,0.0010398676726174362
0,0.024718157432054678
0,0.21314299271754006
1,0.7244622664817483
0,0.015642028875377273
1,0.21186029516640367
0,0.01284192062305458
1,0.9540133106654696
0,0.06197945029212996
0,0.5584787842707946
0,0.713399029176722
0,0.6579354713993641
0,0.15565745666882852
1,0.9870049625371838
1,0.7467422782146592
1,0.9171606037441082
1,0.7714539576639116
0,0.017460455343530728
0,0.14158275048020363
0,0.00511693012458093
1,0.9798140146056187
0,0.0172623488082338
1,0.17351479101824688
1,0.8386284292097733
1,0.4198884938037851
1,0.9755085118484711
1,0.864670817989378
1,0.9436116236393927
1,0.9709655266299433
0,0.013215011802041406
0,0.3772401886560171
1,0.3173538603127213
0,0.07344706105362012
0,0.5589841673062655
0,0.006124968638301862
0,0.0474902198104061
0,0.019520680661445126
0,0.008839732472069036
0,0.08030460266461009
0,0.02114826883145435
0,0.007405034354737665
0,0.005045768174452846
1,0.33577011143475555
1,0.9340141725563614
0,0.07796134394105504
0,0.002215587917040568
1,0.9288649676096618
0,0.19025466550191625
1,0.07632335238214147
0,0.017921943454560166
0,0.02245545333618191
1,0.84012286663981
0,0.010333740695711139
0,0.3006328013172228
1,0.1054560650266798
0,0.08978300390721057
0,0.01200395268805885
0,9.739910874227577e-06
0,0.56775484670311
1,0.8895977626373182
1,0.10898747240282476
0,0.0141520824495966
1,0.8929294553652395
0,0.01082940399482453
0,0.017717248156205453
1,0.02125191514191172
0,0.046519003909213194
0,0.0022299573448335886
0,0.6087817457218342
0,0.0011240548878821471
0,0.012643456094222716
0,0.6610902170614336
0,0.152207522164731
0,0.013288659292385164
1,0.9013627623274464
1,0.7570775570434845
1,0.638904089713367
0,0.06257200992085836
0,0.008428783310120333
0,0.018767452777801306
0,0.005932226852854315
1,0.8606141443276465
0,0.13887012081316744
1,0.8555885380862297
1,0.9675690007618308
0,0.01671695641170397
0,0.001963541086373408
0,0.5504058845540737
0,0.03398951769844904
0,0.0005519843512301226
0,0.03034046101312451
1,0.9486726792123216
0,0.07749910759391096
0,0.07094139033245796
1,0.8317925529754454
0,0.07610419883356309
0,0.000988111995111987
1,0.9643219381082965
0,0.14092951292388511
0,0.7620014338265501
0,0.7542056705556538
0,0.0485178522942498
0,0.008270980045098542
0,0.008304773608302745
1,0.9444048986418494
0,0.0182956096378221
1,0.9732701220810615
0,0.0035942332055741385
0,0.01982011471427316
1,0.25296630108775375
1,0.9846090748108853
1,0.9914172959840132
1,0.852083740808072
0,0.004348458675611187
0,0.0040020823252107625
0,0.0002504839099220269
0,0.001003512742740422
0,0.05686692450394562
0,0.00655060861843462
0,0.016169990453425192
1,0.9222654392682588
0,0.0009901300680024386
0,0.0008234052382895699
0,0.0648227180177733
1,0.9793002385850675
0,0.01911613760381973
0,0.011474044427199835
0,0.004700270939126824
0,0.04450444755536278
0,0.2521653631607207
0,0.005068304745415086
0,0.32523457387161137
0,0.002377912361836295
0,0.04312364100391084
0,0.22794585953827895
1,0.9763140558975147
0,0.6601212162827215
0,0.06510676560411222
1,0.9748227110739244
0,0.07930208601675726
1,0.5399261248403546
1,0.5624120944738727
1,0.9088176109835873
0,0.31975894286602957
1,0.915667291341222
0,0.02459632842077057
0,0.005953330408318722
0,0.04657332018275804
0,0.017572350800511807
0,0.7319940689187561
0,0.03826471978472817
0,0.278058383239233
0,0.3653493963298384
0,0.009795266745470264
1,0.9643193647086893
0,0.09497567962530733
0,0.07756388845602086
1,0.2856750235920103
1,0.029751489649721283
0,0.000698408087723786
0,0.0225199283515667
0,0.07807714884733732
0,0.017797288085345385
0,0.014009688522217317
0,0.04415298479075591
0,0.049894682838644726
0,0.0038486234796085094
0,0.5171790194848368
0,0.02159734993928326
0,0.02332100439804615
0,0.004049200232454271
0,0.09266394606681475
0,0.9465167487151759
0,0.01736663941812443
0,0.6249354964317244
0,0.012985652541057829
0,0.539285518026524
0,0.01411862691481044
1,0.9644349901413838
1,0.3810839170485733
0,0.2890476741809451
0,0.010376151385639085
1,0.8686509230150242
0,0.5217131167033572
0,0.00973429038446641
1,0.3964497968918871
0,0.06596286458192954
0,0.0009243214849158731
1,0.20425636407018746
0,0.023620148740198937
0,0.199053226147286
0,0.03147440981612402
0,0.02152259208800378
1,0.9531344695389433
0,0.5365140051760189
0,0.07627316497854537
0,0.0028504647359915074
0,0.0659593708769911
0,0.3798824469120394
0,0.5717043084612979
0,0.06533687289898998
1,0.9877943716496514
0,0.013441611999769867
0,0.09501665361331399
1,0.9761933079380156
0,0.07187924672238352
0,0.010901010390336623
0,0.3474579350586182
0,0.013703045519894205
1,0.6517179548571924
0,0.041938846610645716
0,0.03208273751336225
1,0.361569437529798
0,0.18775451044103952
1,0.8664758079841687
0,0.009070929743123754
0,0.03905426472519553
0,0.7133834800311336
0,0.006241987087716355
0,0.03758390784134981
0,5.64267634661034e-05
1,0.6813564449121391
0,0.014551395109358257
0,0.016815917268360243
1,0.9517825601639924
1,0.653661834511378
0,0.0035647578294651008
0,0.0006045277049269127
0,0.016227534424465225
1,0.9243387669894586
0,0.3592758146381851
1,0.29342176286620564
1,0.38513659781551446
0,0.00555444674694416
0,0.30004531777513976
0,0.21179025245676703
0,0.17674939692953376
0,0.0059994309499805136
1,0.914017980067649
1,0.9072277469801351
0,0.0032473462746700353
1,0.08745496859939036
1,0.1692862507966141
0,0.017694072797882373
1,0.662927618191191
0,0.0010128585759361806
0,0.8033306433782283
0,0.2453199281360339
0,0.000554740180557217
0,0.45781136807226086
0,0.26706772693963815
0,0.03729738132791147
0,0.8899168090018456
1,0.3832476388545397
0,0.08707782932322249
0,0.17641063708163715
0,0.2294404690131242
0,0.5667743846882448
1,0.4268118324739641
1,0.8963477223936158
0,0.05024036915848232
1,0.6921097523878994
0,0.030044647245132804
0,0.044158843406349096
0,0.027864234258973764
1,0.685422731489742
0,0.00841549280443229
0,0.007703201966058207
0,0.0021557179789664684
1,0.5584393168989901
0,0.07717925382423264
1,0.8946836382950585
1,0.26331408017565294
0,0.05946669167980825
1,0.3496956985843777
0,0.004258174652670619
0,0.0035237517159406825
0,0.017482704566506944
0,0.04713948206195071
1,0.6279204646933886
0,0.8153583835925653
0,0.15640198829879526
1,0.9355257238942426
1,0.9749294677204252
0,0.015454964771737977
0,0.017618275533121886
1,0.026493420404924643
0,0.007075036992983787
0,0.12897423524157547
0,0.0346099827601377
0,0.6451618052269948
1,0.9825186968303459
1,0.5981461688367259
0,0.3743421633889301
0,0.29734094115580373
0,0.02106953904944507
0,0.07578980208771248
0,0.030803140141150494
0,0.20157446545877938
0,0.0039206781846525245
0,0.012398776642208564
1,0.9700638885503012
1,0.9279151544428574
1,0.965673431215945
0,0.08630089456674842
0,0.01128826452959023
0,0.00490826618586891
0,0.42700929755513145
0,0.045291090298594426
0,2.4457486605146544e-05
0,0.03002158944290602
1,0.4430610941313852
1,0.8400312983560787
1,0.8574607995444906
0,0.0539135544960225
0,0.4554111773434666
0,0.02133397471135026
0,0.031695784802434186
0,0.6233088356641795
0,0.005914538114997592
0,0.011980937146148736
0,0.03695758440925241
0,0.053033998609631545
0,0.014052382526016174
0,0.00684508706415549
0,0.04299156700249029
1,0.6747958279277311
0,0.777623953778816
1,0.8866292981182383
0,0.06423884797509298
0,0.03292371686989934
1,0.9846173676040331
0,0.004451330405201032
1,0.1344461819806308
0,0.011920444968731589
0,0.057758079752607806
0,0.8948231494569269
0,0.06010736276117771
1,0.5936788981304332
1,0.9652451079219825
0,0.07946353894013537
0,0.0023133666670257114
0,0.259611478342679
0,0.19987631603140246
0,0.013773434313776952
0,0.04578068087599548
1,0.15290293275840855
0,0.02023314414292403
1,0.9796354219120127
0,0.48946285910820536
1,0.9492304004156629
0,0.010561004125275815
0,0.1908124914559422
0,0.015397806208467974
0,0.004600726308521883
1,0.6744813257810129
1,0.8195925152778949
1,0.3907827838869571
1,0.4349800639889564
0,0.04471685473099549
0,0.01547511896429937
0,0.0072820358120983895
1,0.7605233213507152
0,0.013966348243270296
0,0.0009641472551340272
0,0.13672324853260617
0,0.2534442437115701
0,0.8382143699218445
1,0.6407825510540387
0,0.1917508169505924
1,0.9467935825018586
0,0.018058112888337762
0,0.019116923472549046
1,0.009264475130080843
0,0.05239434346549617
0,0.010773713126826233
1,0.9477930809203006
0,0.0007273506859868282
0,0.0035223701574667436
1,0.6328504165148754
0,0.024534760526593008
0,0.014538974129684525
0,0.018547128662639453
1,0.9231141711933984
0,0.03903697310970554
1,0.9730241914517638
0,0.0011414291051186618
0,0.004265743600213272
0,0.007584646257863502
0,0.008505477763550427
0,0.4045679999301496
0,0.17218435582130565
0,0.02047828472744382
0,0.01689180129920085
0,0.005584806905617567
0,0.02913938713864572
0,0.07460637028040128
1,0.020636678963085936
0,0.5196480871220767
0,0.0006975494563174931
0,0.0064752497289876434
1,0.034473723210792
1,0.9308349490465029
0,0.03722393036748874
0,0.1979583511832237
1,0.1992927486060968
0,0.013785990950104007
1,0.8250243988286944
0,0.0012725016275749086
0,0.0004450158347239665
0,0.02549041603313786
1,0.9616300325183557
0,0.003095167756399869
1,0.6447208458338527
0,0.755168774032494
1,0.9342757710304259
0,0.034503795163945576
0,0.03750394463728463
0,0.010658311546702137
0,0.00022511170546727477
0,0.001667163697036721
1,0.7229273574106846
1,0.8685368742283283
0,0.17271400554191602
0,0.018409566949005293
1,0.9224104885897076
0,0.6147071346125971
1,0.8596829651097516
0,0.010208918662959589
0,0.03299532656259146
1,0.35702084204103823
0,0.0012207117155965963
0,0.04070436151280252
0,0.8051301635826226
0,0.7334690911796743
1,0.008742139876097801
1,0.03308094715874337
0,0.007015975351829019
0,0.02284554635130031
0,0.005846096190113438
0,0.10413009135354395
1,0.5616895339788543
0,0.0020102323283758177
0,0.0023127439142263235
1,0.9969766616665864
0,0.40793788602249836
1,0.8225378964388359
1,0.9740084671987704
0,0.018482021349030733
0,0.008667789799909816
0,0.055812882683975266
0,0.14040140284684005
0,0.004398487690666483
1,0.6778195025817118
0,0.04081908119645803
1,0.3065375483939373
0,0.007636876187289018
0,0.10912017558894416
0,0.0057738797262704014
1,0.6001996302616631
0,0.4834680531284542
0,0.1049422798003483
0,0.009754550766937447
0,0.045799548709718446
1,0.9516184431354604
1,0.9782416784195277
0,0.003206304430712524
1,0.9921411968790993
0,0.015725043798793303
0,0.014714697227037367
1,0.9136233679269439
0,0.055115430364660004
0,0.020519204039678652
1,0.7913929168353123
1,0.8762261143844592
0,0.020296897175842522
0,0.010360712260749905
0,0.04507317608049973
1,0.7495062640908912
0,0.08178746120658241
1,0.022508615502810383
0,0.002395913523179987
0,0.027624662716614987
0,0.026597351003939795
0,0.034953142393600554
1,0.9502425564220657
0,0.520572596287828
0,0.022839570409594487
0,0.0010320741386513118
0,0.3046694579060815
0,0.06270640025131424
0,0.013642671559880809
1,0.6930451801762463
0,0.019433892097472722
0,0.006093975264257909
1,0.7787175436464715
0,0.0064742203118388145
0,0.019835322995281335
0,0.01299249928533684
0,0.9040023362320697
0,0.01672332957340603
0,0.0008234052382895699
0,0.010010230865716029
0,0.00044933863056042335
1,0.8845747617413864
0,0.0030412931830321463
0,0.1752962186161665
1,0.9822865887681681
0,0.11115148331362472
0,0.1808308000063778
0,0.1462497137155961
0,0.030017065632430243
0,0.17297550696477024
1,0.9462067071412416
1,0.006045678754226475
0,0.05717556978021134
1,0.553703586998462
1,0.8702059147279865
1,0.711373888912949
0,0.003844413664439381
1,0.9430851677045738
0,0.0038178061492153297
0,0.0751319713275327
0,0.03490637818233517
0,0.07764519583715711
0,0.1038093992418143
0,0.07203502975406868
0,0.05135241450760729
0,0.017568224012629998
1,0.836754496161326
0,0.02993879364143946
0,0.003306398007173942
0,0.06453132357751666
1,0.9154308742171509
0,0.002157001697655754
0,0.008037177540529123
0,0.059965566476835305
0,0.08750636038959131
0,0.0227826205151927
0,0.014294994655289129
1,0.9814127373991265
1,0.6543962465905772
0,0.009671818832221195
1,0.9720183819585546
0,0.055070914154001796
0,0.006480879379368269
0,0.03815912455517927
0,0.03633767501609484
1,0.5008756163947822
0,0.02974650054772383
0,0.4016071312145884
1,0.9780744950909885
0,0.008260777941969284
1,0.5373037352624405
0,0.0027169964111208762
0,0.15952469706425873
0,0.0023014014898989983
1,0.9731384003377458
1,0.9502394187862222
0,0.2452804592084643
0,0.12543865825545988
1,0.9613280194222278
0,0.02431107058849961
1,0.9446706089715423
0,0.08458307068684717
0,0.05193232136810826
1,0.9387371046785105
0,0.13982696939845263
0,0.0036776329570198034
0,0.0449236903484886
0,0.027184807510619663
1,0.7131946804701634
0,0.021665324816393768
1,0.030120384386754063
0,0.17270582360236322
0,0.11470616571381453
0,0.013042550212441465
0,0.01347555996492737
0,0.02476500584643089
0,0.020824365941588815
0,0.04775645882928815
0,0.8356110447223853
1,0.8060819272236557
0,0.02327836954607448
0,0.00866121169971805
0,0.07848912060942731
0,0.009355852403530226
0,0.07057110209919563
0,0.00027057728996948384
0,0.010425807071893953
0,0.09071698508486366
0,0.08563966571514588
0,0.005466065513741486
0,0.08952035104337198
1,0.97766082299876
0,0.5061290939650113
0,0.012306697885523157
0,0.024897723272704196
1,0.01140469918342052
0,0.02101701032984952
1,0.017332959450496302
0,0.030025052834156116
0,0.016723621480256065
0,0.0024328815067105646
1,0.9959900503927448
0,0.5870421180531535
1,0.9737983977572662
1,0.7629382416003815
0,0.05770723345189292
1,0.9920332889342912
0,0.037271813714475924
1,0.9824648039865074
0,0.19167594099510094
0,0.029415764670758737
1,0.960113292128388
0,0.03366729439592059
0,0.040782654156340345
0,0.06882063967548172
0,0.012868620130906906
0,0.01866386764760917
0,0.012738603805745154
1,0.36910613906572726
0,0.10222589264123023
1,0.6353620151498915
0,0.030444215836780766
1,0.12428507261714142
0,0.00013873899529423097
0,0.019927470810097152
1,0.9456340386499786
0,0.02374588361577436
0,0.17182733323117114
0,0.07394597640164163
0,0.010812974877593947
0,0.008233031471780738
1,0.9947507727890755
1,0.9904624649881516
0,0.3399971316534464
1,0.6676919160724075
0,0.02615589375633378
1,0.07883569796145329
1,0.4670718686259979
0,0.03631143781550398
1,0.1463514657062747
0,0.01911219701805888
0,0.3281919878834236
1,0.8379719568223769
0,0.0005888460347400225
0,0.5045719280014223
1,0.9482192896765727
0,0.6617413329242153
0,0.0012182653031977925
1,0.7696126648480781
1,0.9689341376629337
0,0.0025718782972893777
0,0.00494155866499869
0,0.19280767314955807
0,0.033202976031927275
0,0.13882056862313324
0,0.005000573780659956
0,0.004660317975757059
0,0.004445315246377796
1,0.7166368389237568
0,0.017417904255386824
0,0.042850351210792594
0,0.5758507153012463
0,0.004686932701485065
1,0.9620197397232949
1,0.9330890172315148
1,0.3279200298243776
0,0.0019708584900709216
0,0.1053500954609628
0,0.005501130844550279
0,0.03416644208427494
0,0.026564051249276834
0,0.8942368463302293
1,0.4840152635042753
0,0.4086502407203784
0,0.005608493698546448
0,0.00907512624809656
0,0.0002577948678915591
0,0.3296421924724651
0,0.0819250007781044
1,0.982683532010344
1,0.30587915045286257
0,0.09958676084748895
0,0.05066135976813196
1,0.9391035044754261
0,0.013049167352787683
0,0.048558878258764065
0,0.0033401029128317045
0,0.003895882325810606
0,0.02890702055033749
0,0.039469427692756555
0,0.005619937784456891
0,0.02449686526236768
0,0.008549688937477101
0,0.3821213652746113
0,0.05783297541895833
0,0.03268024562968503
0,0.8296371195699944
0,0.08220923075066103
0,0.0005155110649677306
0,0.0054869628906629745
0,0.18415839332085024
0,0.0007058637337475056
1,0.9828904933924796
0,0.025069570212271394
0,0.29575230950354786
1,0.8108721764255424
0,0.0852045671581881
1,0.3956097935195148
1,0.9609839035117433
1,0.5047092088330946
0,0.0012601522351873358
1,0.9332170365567709
0,0.003849259550920462
0,0.015026511380449211
1,0.40182326356546283
0,0.04099138139684908
0,0.004569660308693191
0,0.06650864151824035
0,0.2039906080511461
1,0.1617343731338096
0,0.005736242492178051
1,0.9106759575672194
0,0.010923033990336915
1,0.13223482043103046
0,0.9353506416485249
0,0.01638120027997576
0,0.014727920085669565
1,0.95302005735975
0,0.05497775450908662
1,0.36557156905519894
0,0.10769609931453061
0,0.04000348814883709
1,0.9649814225605191
0,0.07663107936153264
1,0.8595670849018903
1,0.6795828466551217
0,0.7015465899151675
0,0.004579745440358547
0,0.015381394543516362
0,0.013996473797573435
1,0.9454724435077151
0,0.010319729562988343
0,0.013119447950816463
0,0.03768616547612442
0,0.029405770016540492
0,0.11022434834945034
0,0.2852149474371034
0,0.036458463214849024
0,0.034687642306025904
0,0.00115574917144357
0,0.49421685639511875
1,0.4959532824029843
0,0.021126011353124804
1,0.34169562266514397
0,0.812143694652402
0,0.004396278352558556
0,0.2243899267653175
0,0.0043722840726439305
0,0.23228661014706434
1,0.9534731906601509
0,0.11240847687454232
0,0.1873489658036349
0,0.030365935294823333
1,0.8634037897682748
0,0.058204029529895514
0,0.07979435363262845
1,0.9424647892406072
1,0.9637605970177952
0,0.012904882739530842
0,0.00489023500850312
0,0.03542180081856982
1,0.9672507311997449
0,0.019783919826490713
0,0.015207317415017359
0,0.02694635460283264
0,0.050926392873173035
0,0.05003362446469423
1,0.9558093985346755
1,0.39606571269955876
0,0.04044804866809351
0,0.08206320605522044
1,0.563912583864428
0,0.05821720462725743
0,0.10007164223910248
0,0.36526996354659697
0,0.007915104692412436
0,0.6281933552781354
0,0.107016401105932
1,0.9511061939223114
0,0.030788037692312083
0,0.062386909994345055
0,0.026793501144487322
0,0.03509345251131947
0,0.014591705771592703
1,0.9731420630650879
0,0.024084033895386044
0,0.034258731002493575
1,0.33628238722482473
0,0.011033473699722523
1,0.008594824598149123
0,0.0802778604981165
0,0.0067298557846229975
1,0.8260628328372315
0,0.0032821394143944596
0,0.024192772532596607
0,0.142112049249027
1,0.8926188196945846
1,0.975729989642921
0,0.04533277698347802
0,0.9166691028016782
0,0.03800387661886543
1,0.872923907138873
0,0.18538774162377142
0,0.003960200913408473
0,0.009676691648095094
1,0.8758509541738506
0,0.009065173627873204
0,0.004118537926053672
1,0.9546634369625361
0,0.012595826473703964
0,0.13279734124533105
0,0.004400936996597814
0,0.008992778968159077
0,0.012310958404350304
0,0.05064395239105083
0,0.06836732055681691
1,0.9772983068136804
0,0.0023015201954631154
0,0.005982440631876778
1,0.5600243463403244
0,0.6136361042959535
0,0.026869245016671813
0,0.00649105763875253
0,0.039678219253107654
0,0.04079722831637742
0,0.02918530066566865
1,0.13763083202376186
0,0.009462775828781779
1,0.13756418542743165
0,0.16504359913813332
0,0.0269533747630947
0,0.3437084728391162
1,0.877822242713775
0,0.0060626638193225085
0,0.04099898103491695
0,0.007703561883918842
1,0.939129688479529
0,0.071164930248234
0,0.008452906512012713
0,0.5228154625369396
0,0.057040529758253244
0,0.009443099857453115
0,0.11947451024939466
0,0.027061042681075998
0,0.017126276996976924
0,0.015211909970375552
1,0.6131419320010633
0,0.48183643715693153
0,0.0749226892732951
0,0.35538925801205073
1,0.9854770062378827
0,0.04604713568921335
0,0.0005894857327947039
1,0.5740267522678494
0,0.02064243282720872
1,0.9959669962864068
1,0.9690111933627115
1,0.91872218392381
0,0.0850893121719647
1,0.2872226121841565
1,0.9701774380908295
1,0.8263098958294018
1,0.35909640395628045
0,0.015464867733738017
0,0.011000013270776534
0,0.9915019541318731
1,0.5481445946330059
0,0.003406767975391687
0,0.18045327184424192
1,0.03565395650300094
0,0.030894590773944533
0,0.0014048234579162986
0,0.08099797208463251
0,0.007176743315519376
0,0.25560178245625575
0,0.06259941365487336
0,0.01049922456388163
0,0.23579973250832365
0,0.009484030299017912
1,0.8017281322441638
0,0.019872925624706557
0,0.5316647982247819
1,0.8367088228138493
0,0.0013756024199806434
0,0.2504885586399715
1,0.7898297006837613
1,0.9582334358386215
0,0.00047235431223916294
0,0.39102554039545456
0,0.019437792726637027
1,0.5597006709671526
0,0.002399236368677951
0,0.0145196126877969
1,0.9609422063407945
0,0.711248768936534
1,0.5567209703809589
0,0.046759472605393426
0,0.7953928847685229
1,0.9222081542399441
1,0.8094605607034849
0,0.2259408506940121
1,0.6052005800251359
0,0.042930995306841094
1,0.6544271946512908
0,0.7402724121713449
0,0.011850621347265796
0,0.023354986200638955
1,0.8687088279272936
1,0.9293960936242491
0,0.20350149211206423
0,0.42236812522843803
0,0.03584859619814102
0,0.005960428283924185
0,0.03339204749911471
0,0.6708941573757357
1,0.7546446946200887
0,0.05522946135415263
0,0.025257365799054604
0,0.37743216471942476
0,0.05173640027235762
1,0.3690437909502333
0,0.01797912274807907
0,0.010130193004729416
0,0.48635591271764717
1,0.13239357714195182
1,0.8984272061427754
0,0.012267500990961664
0,0.02351623061253236
0,0.12911607380524476
1,0.7185353845233174
0,0.22704220795321312
0,0.003713867680628204
1,0.9735490014937974
1,0.9859155692829547
0,0.7215513977070543
0,0.0617891446367498
1,0.9622828703636938
0,0.003200363071315087
1,0.9835591330995502
0,0.0007077140766765597
0,0.04553006903743737
0,0.03998372382762374
0,0.013772896508731505
0,0.00701179198241696
0,0.010853918288186078
0,0.034930329948861256
0,0.7857079165349498
0,0.017682558077440125
0,0.006328391144275411
0,0.002754874135179343
0,0.6759900913128857
0,0.022357279307082027
1,0.9802893757044812
0,0.016943184988197104
1,0.9260974937357296
0,0.003075428680331739
0,0.003933839936931416
0,0.19183299606091447
1,0.7938328857054195
0,0.06436975810819408
0,0.006094029991853196
0,0.04460791090439472
0,0.019284999406576055
0,0.001394459728327142
0,0.06718919248666683
0,0.056338881495184776
0,0.008856683731550784
1,0.982704485898911
0,0.007896573545497646
1,0.9199068697410753
1,0.9140267544508864
1,0.9879321249169257
0,0.006146201319030648
0,0.12322389227220064
1,0.9892507142018113
0,0.279280980987414
0,0.4281867627102645
0,0.083032025184277
1,0.8112238308695618
1,0.9342859626133386
0,0.8474376017118871
0,0.009903172075711114
1,0.31947947493537887
0,0.0050620484484890675
1,0.5798384706510036
1,0.8767266903481149
0,0.0006908649120178496
0,0.000834588240467772
0,0.0696537942026063
0,0.0022764041695020045
0,0.1930075093694802
0,0.004437737019039335
0,0.01863568931821668
1,0.5056352489366753
0,0.0071299850448073125
0,0.14071692892123705
1,0.4773591004784586
0,0.007338916991194351
0,0.024872402329876715
0,0.02280939852081127
1,0.5295711828965252
1,0.27029991991619756
0,0.04006003093199969
0,0.01918275014152611
1,0.907169081514149
0,0.004963851923807814
0,0.012484294127434624
0,0.022585930273993755
0,0.007627766897909445
1,0.9791669637007678
0,0.2052893469449818
0,0.004655328136100083
0,0.04139812015047743
0,0.26021560832614393
1,0.48434754611219516
0,0.11449345717304715
1,0.4130869288021539
0,0.056351544526717916
1,0.7852863940100858
1,0.2381317254975477
0,0.03927586651898093
1,0.9528092477178538
0,0.1565133382954981
0,0.015726030595520454
1,0.40325871215073217
0,0.1443041682810238
1,0.6917917951460848
0,0.05716012605688988
0,0.011962641423046132
0,0.009428378098761507
0,0.00368295385684277
0,0.0012233713422637187
1,0.10581971347856614
0,0.7431675898447404
0,0.4715368527315054
1,0.973848653775761
0,0.009082335222816677
1,0.8704282632577887
0,0.035603193102165635
0,0.0015390048196383674
0,0.026393498706491002
0,0.019762652232708667
0,0.053034910174298566
1,0.02135202605506963
0,0.27640080846992227
0,0.0016323799612360454
0,0.0025652453650350537
1,0.47119402242635633
0,0.029026180063689785
0,0.07639672314904318
0,0.02093146327919938
1,0.7364039438081652
0,0.16872697898204272
1,0.9700293143543646
1,0.9788771719751655
0,0.05516793935467173
0,0.7138789926906374
0,0.005215508792319477
1,0.7843544426609446
0,0.009391247759188417
0,0.008630741043371713
0,0.16902048683906298
0,0.021862453031639136
0,0.08686831529121875
0,0.007140502069770716
0,0.0373642414513737
0,0.03888077694135993
1,0.9733716573774426
0,0.10932923644649227
1,0.954733379013679
0,0.009200286636478268
0,0.018737339546173494
0,0.3160339116145825
0,0.033547848773549716
0,0.013499962772191138
0,0.053307522030303735
0,0.411744545798446
0,0.0006822016409070948
1,0.9744116111259844
0,0.029632303281186205
0,0.004648361277253793
0,0.007422765212310011
0,0.36253836678210766
0,0.011270261078242999
1,0.8402543305858897
0,0.11697373874797501
1,0.5907801438941567
1,0.4805711472662401
0,0.0008078179010832323
1,0.9956736892510152
0,0.024619900600502502
0,0.004885966834176689
0,0.5803955253196378
0,0.16487423600730247
1,0.8148192304365477
0,0.018284888133094642
0,0.01095017232841453
0,0.061667292855584976
1,0.005575216530243694
0,0.014487386273723214
0,0.002880758743300755
0,0.29174689065485765
0,0.019204085943692658
0,0.1665887284980931
0,0.014973965742678275
0,0.01605058015334292
0,0.001729828666569516
0,0.004700224042473452
0,0.5043865839416721
1,0.834363411497449
1,0.4520741024114934
1,0.966184161082999
0,0.04559353327928185
1,0.9847328041898958
1,0.030908120665727967
0,0.0019382889062460789
1,0.9313411604356778
0,0.01488413832281662
1,0.6099361428037241
0,0.02384695473442606
1,0.7648197024895492
1,0.9238447213039293
1,0.9234642949802625
0,0.11192829723593647
0,0.026869245016671813
1,0.5629284913178995
0,0.1075076968544811
1,0.5584455581134695
0,0.3551436604439689
0,0.06405383749626398
0,0.14171725533464777
0,0.04085596118209653
1,0.9461962931456167
1,0.945386533727276
1,0.969397627005992
0,0.614725858458468
0,0.4138648586048302
0,0.9534467055486993
0,0.014984879782975668
1,0.9862819161312016
0,0.008310030611736938
0,0.3092761095806191
0,0.029803706851619288
0,0.04230349890141294
0,0.009371148460807593
0,0.0945054815714817
0,0.00959622911266278
1,0.7771944598949679
0,0.26089433330606043
1,0.7446396091706143
0,0.03718463515710488
1,0.16306405358222728
1,0.9580557093985518
0,0.030549161748595004
0,0.20047723548062155
0,0.01782157157042415
0,0.12089013813945575
0,0.45629457589134426
0,0.030712209294873255
1,0.9060335529834018
0,7.998583033935963e-05
0,0.3174268817077063
0,0.022204978782665582
0,0.6690633087133391
1,0.8765654923212853
0,0.09773185681417504
0,0.2141482290909301
0,0.01410430692703678
0,0.06492824153110847
1,0.2272084299760066
0,0.02630205743529951
1,0.6381909224292982
1,0.8444694790704076
0,0.07747155395616051
1,0.710553112805949
0,0.23767376063462664
0,0.20063474100436132
0,0.012179298716289547
1,0.20844486996680403
1,0.9288242373402944
0,0.05154550719548731
0,0.005570938625962608
0,0.10480292034328564
1,0.9522695754852848
0,0.47205234094672754
0,0.002453573199191851
0,0.03757786840515576
0,0.036044470530966335
0,0.005068865918723926
1,0.7374053725845525
0,0.01830316890588275
0,0.038903379295673404
0,0.5216462851559693
0,0.034566013096554764
0,0.011220455360769486
0,0.00892625194161559
0,0.0012421617194411413
0,0.07961424955753471
0,0.00792315638575328
0,0.01926369351026584
1,0.15043160381017404
0,0.03761647504945352
1,0.14848377362100543
0,0.0037723401058194195
0,0.824645778331916
1,0.45246238247243054
1,0.8178433370949121
0,0.006718938643102377
0,0.06934974969393404
0,0.036778203688112174
0,0.47989097747463455
0,0.005430494872184898
0,0.02648469850103433
0,0.005947091651111405
0,0.35300248266329953
0,0.041093272536151845
0,0.02072295784444369
0,0.0015532422590277374
1,0.8190012349568548
1,0.278058383239233
1,0.8986082959906003
0,0.01515421709252453
0,0.20769327150147873
0,0.017289116062307704
1,0.7264117669411726
0,0.038912913212677244
0,0.03389940929797058
0,0.04406401225072627
0,0.01442491895261786
1,0.9161473261691521
1,0.937994287201384
1,0.948775735596343
0,0.012459354752681276
0,0.05908773614624546
0,0.035557098174777986
0,0.9146890982144673
0,0.8314856828717985
1,0.9600400607134552
0,0.03947664837953161
1,0.655919316040857
1,0.8024200513176314
0,0.009125207129249663
0,0.010760508392633905
0,0.00603180774704825
0,0.32548504233357123
0,0.5671274188642907
0,0.1559033611165295
1,0.813584733174698
0,0.008176816530018984
0,0.05346842759979176
1,0.9675126729951837
0,0.010280191249197719
1,0.9604195963278092
0,0.001582710535125632
0,0.0018197513748873964
1,0.6749324459610909
0,0.018886782730327706
0,0.002735583123198598
1,0.8955155182182567
1,0.9818236086749188
1,0.8794104504378635
0,0.03334200172408556
0,0.2897879662615999
0,0.025561173005291638
1,0.9358369013254875
1,0.8545660204614294
1,0.8758264871453846
1,0.8987223515114799
1,0.02462460460036284
0,0.14353933231489724
1,0.7796430380731593
0,0.5032018119669041
0,0.01414445310510445
0,0.010357043609792048
1,0.9590618953856809
0,0.021010953183370595
0,0.13130929876408057
1,0.6563078998704657
0,0.6436549368857173
0,0.02321880875999093
0,0.009080717872678236
1,0.6814167796434727
1,0.42323828195788676
0,0.5745098030110812
1,0.9332972571787373
1,0.8600803213831925
0,0.04880513203477314
1,0.91381682892419
0,0.012326418304829972
1,0.9393614759280172
1,0.7893500377311673
0,0.14776379605795434
0,0.012849737824414294
1,0.30906287668866433
0,0.007126100681862263
0,0.27747796080602816
1,0.9441399410589542
0,0.7522853630270789
0,0.01793306915283337
0,0.006091885363098863
0,0.08589614515627342
0,0.06526653279150847
0,0.01123929406851077
1,0.9903285237527079
1,0.9327344838497452
0,0.0023158264766179413
0,0.30411544378004535
0,0.1070125085359416
0,0.045088325162023046
1,0.9413074117002858
0,0.010360712260749905
1,0.9388960631190288
1,0.9790993644197078
0,0.01885564611361022
0,0.007966549478531119
0,0.014533049584166666
0,0.014337186593017677
0,0.04131960849904523
0,0.0018164826116119368
0,0.006244168710377785
0,0.06966998064171108
1,0.9852681722667513
1,0.6032289781913917
0,0.16110043216921902
0,0.038275023833719585
0,0.4144344563289985
0,0.054168604651825054
0,0.019465472590737307
1,0.964113320122721
1,0.9775186593674193
1,0.8071594587122337
0,0.185637937865348
0,0.09514579539261978
0,0.006358732521668031
0,0.032723746032224166
0,0.2089235601468916
0,0.01819846789417291
0,0.05095696684738449
0,0.008274329801645863
0,0.02819063165526381
0,0.3349920946335991
0,0.0021752815748482374
1,0.9882128872136393
1,0.5813887257259038
0,0.006060350339314068
0,0.007957853699324013
1,0.6561932397559895
1,0.06389583320672387
0,0.8463258991521884
1,0.8106861429800787
0,0.16884333487688524
0,0.014679975780030007
1,0.9470314507914637
1,0.1530969099720483
0,0.01369567240139517
0,0.005448629410588687
1,0.8294756238790238
1,0.6804561246037693
0,0.3353949668105045
1,0.8445142499968046
0,0.007974551983839897
1,0.537880613845867
0,0.06743198769749076
0,0.0023852318916977207
0,0.0016596743266408941
0,0.02102256598524816
0,0.03427209225877386
0,0.09392829543949625
0,0.004591712610622286
1,0.8617566824808482
1,0.9012482936383469
0,0.5635910008888962
0,0.005836339393850699
1,0.22569614764768237
1,0.9155353832360758
1,0.9054248674324976
0,0.0018314058255017318
0,0.015541184040909843
0,0.023671940365081096
0,0.015131233290814877
1,0.5357624653480175
1,0.8063300506538661
1,0.22917563451023673
1,0.8471812691880635
0,0.005556977028254026
0,0.17414276514988872
0,0.021289594116895856
1,0.8301855310177397
0,0.04983206961280656
0,0.000668739744930814
0,0.9016342868247105
0,0.0018240233605172768
0,0.009192841964980547
0,0.05240854173298705
1,0.8115633723596859
1,0.6815605070594133
0,0.018617854337068217
0,0.5697262203493354
0,0.0048316686206078385
0,0.025929003071650455
1,0.8147231064237622
0,0.06718086628441768
0,0.06269129114365214
0,0.012288025354927876
0,0.03451487998590136
0,0.24834581314343987
0,0.025010268264949648
1,0.9139377418343124
0,0.002012672506915877
0,0.004222043278610244
1,0.8175002975205401
1,0.014763646203512464
0,0.06472212545486505
1,0.5395671857825894
1,0.9321164544196601
0,0.0025489897298249164
0,0.11489203445558226
1,0.5624673170509054
0,0.04836452262783461
1,0.9370835945001554
0,0.4068031558783357
1,0.9610099421554634
1,0.5811966926084589
0,0.0036022470141466026
0,0.023573683906644088
1,0.8677225182153296
1,0.9867036940824366
0,0.35497578119929557
0,0.09161253692312217
0,0.4999588983365808
1,0.981962448119781
0,0.04425156409127852
0,0.018593184198424755
0,0.00615929791018839
1,0.5548541854559196
0,0.0012011793817743033
0,0.023409469435110034
0,0.6827634870044208
0,0.18308668142950307
0,0.23987647945297236
0,0.023568782242227235
0,0.012543229763012576
0,0.38646364194782346
0,0.1280635533293921
0,0.0870735078791731
1,0.8224795228446617
1,0.9010166015634256
0,0.003101973684843961
0,0.0031172831211029087
0,0.04564003192875794
1,0.6428809288224241
1,0.9739090579098857
0,0.009299122738675529
0,0.1017818808041989
1,0.931878478223304
0,0.04384940049031116
0,0.16641618385867846
0,0.005981539664259321
0,0.037297407401712446
1,0.012882282165415425
0,0.0390021114737797
0,0.006358803548001998
0,0.01152470339567484
1,0.022708901681659035
0,0.008185898961084508
0,0.030117999413381783
0,0.05356292782464271
1,0.6366854281909201
0,0.06537203995417332
1,0.9796604036270238
0,0.00754867049970393
0,0.0009475001685507775
0,0.008078547134116492
0,0.02294255910818532
0,0.011518464941176459
0,0.19906597888430622
0,0.020341892439521572
0,0.007515979804014121
1,0.906598796147969
0,0.01204709039394784
0,0.016644624309350906
0,0.12760002035424822
0,0.034367268075093424
1,0.647531887772166
1,0.7953459777287202
0,0.0005053465919095795
1,0.8439809599188786
0,0.12646485863833712
1,0.7076872147671707
0,0.1308757141788126
0,0.029626301088967945
0,0.042930995306841094
0,0.002648734360922693
1,0.5256552488904508
0,0.0012842035364428518
0,0.0030892286290542855
1,0.3120436479024642
1,0.9372951108780057
0,0.03326223667463346
1,0.010218677342633247
0,0.016991997530290973
1,0.8472658005789612
0,0.0037149610174869335
0,0.017628195612982626
0,0.006447408123300769
1,0.9749373194236989
0,0.048553709430324894
0,0.06789553771880133
1,0.8908455821560137
1,0.9308846436359436
0,0.2909235450664908
1,0.9216013731646924
0,0.003037093109320589
0,0.12268648119016759
0,0.007097609260309809
1,0.20260104336711085
1,0.18688126499615323
0,0.04957355091247379
1,0.8601770414821109
0,0.0059790617208712584
1,0.9421264571170532
1,0.86553314110349
1,0.570692047359008
0,0.04965259002388113
0,0.0392551385054705
0,0.07411614237702431
1,0.13625138913166704
0,0.003498486242800111
0,0.7130563050185357
0,0.005199666505519966
0,0.014677581912351429
0,0.08951427545471685
0,0.0003566997704171266
0,7.184525962094596e-05
0,0.13272214635860888
0,0.3296471633058687
0,0.05217608962538796
0,0.017212621694868476
0,0.004875320452830334
0,0.01701968466810928
0,0.0071052519960784965
1,0.9856383225720174
0,0.07366666377659761
1,0.28455385966542823
0,0.26601156226472755
0,0.035591591775950816
0,0.01436240108981881
0,0.009662881471193907
0,0.000543818272928321
1,0.9841126427203246
1,0.5089777719677794
0,0.007707469561526037
0,0.13782002765841395
1,0.9091473053501107
0,0.000880100142317839
0,0.01037556841624639
1,0.8339041648455578
0,0.0018904230485814553
1,0.5649269084685941
0,0.04936276926074246
0,0.002784157532447829
0,0.003417620269071393
0,0.01337375134260298
0,0.04163078806676918
0,0.2725682285778523
0,0.3844416659860315
0,0.0044698502217546685
0,0.033837702222775844
0,0.006269291653930793
1,0.0724862562093305
0,0.2623099915721277
0,0.048339807565188214
0,0.04402713458263063
1,0.9589958718628694
0,0.015663736859908836
0,0.017199189481437283
1,0.01948756729860361
0,0.5711187826451324
0,0.021290427517466248
0,0.022712495910531785
0,0.04387988952106927
0,0.8004271441205013
1,0.8493184259684505
1,0.6602243408763576
1,0.6617989241746325
0,0.07199124975361874
0,0.0133688478156916
0,0.12409578963627049
0,0.008351753269218165
1,0.2835672018578595
1,0.8799419044343938
1,0.9762743070497673
0,0.03809733576338797
0,0.7049535164559444
1,0.48062959404435773
1,0.7654400270453435
1,0.3465149505124488
0,0.1995011344387021
0,0.10222257252585291
0,0.07568111764127466
1,0.7446903346636983
0,0.002708635222175891
0,0.00038091420337323567
0,0.4597597855927878
0,0.005051748717899139
0,0.011130960372588207
0,0.011789025020871584
0,0.1478654977103173
0,0.014679689759993448
0,0.057426586021898623
0,0.10439095561238954
0,0.3205868317261042
0,0.005385866862224209
0,0.012995016651181449
0,0.04892775063967368
1,0.9375905497760448
1,0.956732712989533
0,0.021931325821995848
0,0.006736822879497412
0,0.004207529446812043
0,0.11416627997953947
1,0.987983403395418
0,0.023737595860553372
0,0.059378311245443884
0,0.007777889023213269
0,0.007789045816850789
1,0.6170630623296977
0,0.00565450587562859
0,0.07005688098877887
0,0.010348909237255635
0,0.020316157588104986
0,0.30073551625604444
0,0.01675739547447589
0,0.6544226285947783
0,0.6618962403192129
0,0.2566969584048856
0,0.033916492871600784
0,0.006412327740428604
0,0.00618866536789363
1,0.9796070249259146
1,0.8605026498292817
1,0.7168879154460437
0,0.952278784634048
0,0.0035516036439505344
0,0.06299257432415843
0,0.3086050796968938
0,0.03908381929256001
1,0.09797440539726678
0,0.014421230357570378
0,0.12142148623504762
0,0.25116751800528536
1,0.14109217405754418
0,0.06992051476477068
1,0.9567392497924847
0,0.42560268962662695
1,0.7340218932923623
0,0.11160499313881704
0,0.05343492728609632
0,0.007191284177076966
1,0.9838955290832174
0,0.013475326001369707
1,0.7722401780973698
0,0.04220398275150871
0,0.037253673945496064
0,0.0061876111896986535
1,0.5060779447093704
0,0.003528142193467022
0,0.7655216943552147
0,0.009310612969212727
1,0.7149497435876117
0,0.0010882105556306346
0,0.05060661170444125
0,0.26599064320126303
0,0.039038915902666685
1,0.7072262874761714
0,0.06780619794754715
1,0.5719076719153001
0,0.0034051151372867117
1,0.6344809217743855
0,0.7740856146769135
0,0.015713987476086197
1,0.9732598093697606
1,0.7843454058028235
0,0.04712649930014121
1,0.8966395912863748
1,0.5992428372065238
0,0.05545845619661561
0,0.001336141534788047
0,0.031620205094032024
0,0.17992328406298155
1,0.8729938845556522
1,0.34622633388544083
1,0.9470063682232754
0,0.012065402726311097
0,0.02046013103034498
0,0.5571264086721488
1,0.7978411850692367
0,0.01930606276123809
0,0.004044162521300778
0,0.0009798601974554005
0,0.10896201308516089
0,0.11150786402290855
0,0.06049797906053426
0,0.001531179920083659
1,0.6324950343146329
0,0.003336799366081648
1,0.37945691007978405
1,0.8893046175754186
0,0.04777173969724411
1,0.98527257655797
0,0.05257710312153927
0,0.01360312835900552
0,0.0022615584926543443
0,0.03379726330574517
1,0.9712632740685713
0,0.31606508567700775
1,0.8195330703703434
0,0.015346360768569389
1,0.047760055908585605
1,0.5973894118968911
0,0.7293194321856687
0,0.008803726850904376
0,0.010720428304624005
0,0.0027690730070007133
0,0.07128340464680084
0,0.000531539081123767
0,0.002572392905404459
0,0.03150183521745122
0,0.09842939689147079
0,0.033148680890936755
0,0.012069887153066707
1,0.9934975620409822
0,0.7722006051034898
0,0.0737301850379491
0,0.895428446107977
0,0.015091832549374006
0,0.08409237404384758
0,0.5443568750469069
0,0.05278157842215693
1,0.9691862499335752
0,0.0024604812431796973
0,0.09773185681417504
0,0.037655172725027934
1,0.9105518405575416
0,0.015065949656125597
0,0.11690378461459228
0,0.013424135155342725
0,0.009620644277219294
0,0.012056908721113296
1,0.8374850141646745
1,0.9164724048950655
0,0.0037675944517753905
0,0.40000988025381806
0,0.06467319855585424
0,0.03208813181951166
1,0.34673850278328205
0,0.004848203662207478
0,0.02303134654450624
0,0.06353680033066296
1,0.4306641764396525
0,0.027211025068691642
0,0.23792377807102164
0,0.028302897475318476
1,0.9814880366534283
0,0.020128380499353195
0,0.7567033584265371
0,0.8559630865277799
0,0.13561527703298012
1,0.9663107774796605
0,0.006556910588534361
1,0.7596309074023931
1,0.9278224949125025
0,0.010818947377836577
0,0.04008199827997579
0,0.2497613079206277
0,0.0005586335594067929
1,0.9548277962232756
0,0.006518512843324594
0,0.06075751819323656
0,0.016951147002559803
1,0.9549699634037077
0,0.04728650124026097
0,0.0022052648029785324
0,0.19663157920868446
0,0.0173829441803961
1,0.3992352268544199
1,0.528000970495344
0,0.0021535345214801238
1,0.9645158298019603
0,0.005572271491243901
0,0.43539857880195143
0,0.012402186429467025
0,0.5307266260354446
1,0.8837633363509628
0,0.04213360496965974
0,0.00693709833790609
0,0.583272222868353
0,0.899708248440799
0,0.3084887529241599
0,0.005925800691845497
0,0.056166611479353305
0,0.022961058532549945
0,0.0786444788766487
0,0.009775608208768959
0,0.1634088998012623
1,0.840614600474958
1,0.39782443277842633
1,0.37806924957778415
0,0.0712448247482331
0,0.2215097511972372
0,0.21627172259747124
0,0.008902305352030978
0,0.6757540426132559
0,0.015936025813804315
1,0.9803423446516051
0,0.028896721970148143
0,0.7174118780861936
1,0.23129689844738702
1,0.4681688374182526
0,0.0052344677102453075
1,0.8846315104059019
0,0.00026444975029365337
0,0.43192949190245344
0,0.03855052550196303
0,0.6110369196834675
0,0.3009114861910787
0,0.004417889266006905
0,0.01867380452221946
0,0.33673284818006055
0,0.01071403453187127
1,0.6890531923516311
0,0.017581409948068154
0,0.01662590750462404
1,0.47989097747463455
0,0.1226997419854757
1,0.8844963189562549
0,0.005016580784617957
1,0.43377108776288587
0,0.09736683596130341
0,0.011243509839864059
0,0.04993233040363851
0,0.010613227528574935
0,0.051659119888531856
0,0.01900686478891353
1,0.9675542181423148
1,0.9865762215663665
1,0.22562472503570036
0,0.04555467344698202
1,0.621901838625523
0,0.0293865663530381
1,0.8511096393605101
0,0.06310248334969033
1,0.54678655576864
0,0.026658255241725517
1,0.9641090913754544
1,0.9390173605382711
0,0.851555953361261
1,0.9866397035680753
0,0.009939723107857032
0,0.1054731458683287
1,0.30958042560664384
0,0.11126250938870577
0,0.03612103640293925
0,0.09392789614162426
0,0.008434843047666086
1,0.7452473745242946
0,0.0022109774954177626
0,0.04328898964219196
0,0.06896641366463492
0,0.010245506341341509
1,0.8104108796085108
0,0.041122672670031876
1,0.9580151340077759
1,0.9751135153564685
1,0.0826272961339586
0,0.018926950399079233
1,0.9667676483720127
0,0.0003103799105654031
0,0.006112283435954859
1,0.7362466105016686
1,0.9693793772844208
0,0.35299833516761564
0,0.009218316077405633
1,0.9118148507239012
0,0.09591247470869003
0,0.13085817007667536
0,0.03840180251283134
0,0.2037682523210673
0,0.002871926227992802
0,0.18210092051534263
0,0.028130342178260288
1,0.9754914770017463
0,0.03703583678851447
1,0.9651700554348517
1,0.9083969356977587
0,0.03418114151653668
1,0.9689602353412462
0,9.979430151392044e-06
0,0.03344650399153557
1,0.8071778427288481
1,0.49659877424158244
1,0.5096320628174259
0,0.03311790645974696
0,0.3543147629972657
0,0.03925063725043699
1,0.5430281806437882
0,0.014285866139335354
0,0.010240469032922897
1,0.9927720248942451
1,0.8261419477562858
1,0.9889030469172955
1,0.9767997421362912
0,0.15649108663001418
0,0.0012877714946611574
0,0.03451151512326561
0,0.06837226435217263
0,0.008903491074558659
0,0.0126393636417614
1,0.012572840644043381
1,0.23427706240258048
1,0.8582437366390049
0,0.0068698015746186695
0,0.620078806593734
0,0.0261758930748112
0,0.9801741978864741
1,0.6128721155225365
1,0.42505542395773305
0,0.006476179023449695
0,0.004492619811300646
1,0.6642337656144824
0,0.012261304444568353
1,0.8406889297390931
0,0.0019304593003527698
0,0.08900580227157764
1,0.9024183092200219
0,0.03389950965257658
1,0.8130605846930052
0,0.11379237709903263
1,0.8750944065231989
0,0.012908107307304321
1,0.8512690102508965
0,0.07616326709771633
1,0.9300416195516997
0,0.0057591049680871245
0,0.11397847244161963
1,0.21160561353098978
0,0.20835121835247664
1,0.9741219343950834
0,0.021514203102875322
0,0.02504137587201845
0,0.020001295610989678
1,0.15856623518254087
0,0.03352018256339353
0,0.8767848176921423
0,0.10318716222063498
1,0.43267571637475016
1,0.7731487912838159
0,0.007675368942262111
0,0.014462655742997686
0,0.005346714847951533
1,0.9635253196085961
0,0.021319429946487767
0,0.00890057556887089
1,0.9388417500037194
1,0.9684968857724491
1,0.18485704580665197
0,0.1101486667558868
1,0.5014975810805488
0,0.01816704866961978
1,0.8449113765768074
1,0.07253497649590249
1,0.7323314503809616
0,0.04823237642732747
1,0.9872696526641542
0,0.06281272267912069
0,0.23778938928863014
0,0.005719858926305561
0,0.0028142315392349726
0,0.062370417415758946
0,0.5076028544035927
0,0.06360594111223572
0,0.001508958602922052
0,0.014800359883798136
0,0.008141001862425558
0,0.014970726365296177
1,0.9876303573360712
0,0.04822255427678488
0,0.19217229409183564
1,0.8739000464852589
0,0.018421092184049026
0,0.020263876581704927
0,0.010900187433652944
0,0.0012296414092886742
0,0.20228161042271986
0,0.0043019801041984315
1,0.01554724296179017
0,0.09733687611669938
1,0.755453635992568
0,0.0233108722667369
0,0.022657975645630775
1,0.8678169602659945
0,0.008066717922458487
1,0.7176807114492051
0,0.006186722370638138
1,0.9625736235252832
1,0.9688452696966535
0,0.052168383571260496
1,0.9836722104230221
0,0.014567420423270035
0,0.011796290423716329
1,0.7370747429256518
0,0.007104143749617803
0,0.3712575159152136
0,0.026658689262144625
0,0.13650882074516998
1,0.9766935118209862
0,0.08639082493241118
0,0.0023535843787583677
0,0.17305587212889553
0,0.00048410610473662556
1,0.20268173004371362
1,0.7099557895259846
0,0.22738252827117272
0,0.03159795417479893
1,0.809644476347236
0,0.0009581573250256336
0,0.00900106224314751
1,0.7468169785650158
0,0.005524551653230067
1,0.5275948509272963
1,0.439830397796904
0,0.0140125161077626
0,0.49759432039469464
0,0.00710550166274561
1,0.9380155280701833
1,0.5578521668888531
0,0.4228479283776431
0,0.022847757359418013
0,0.02914121564279058
1,0.988727171614601
0,0.004889385508754835
0,0.008200345242589481
0,0.0020197025518796947
0,0.04841867765135337
1,0.7585990561408859
0,0.002036896396171728
0,0.10172004187866157
1,0.9861847553039786
0,0.04834024597917674
0,0.005943575645162213
0,0.00298749422717059
1,0.5420847182229314
0,0.20340645867592946
1,0.8115310946926865
0,0.026741356715279448
0,0.009201163570855219
1,0.9969060594863647
1,0.08857455206228589
0,0.007340870976810389
0,0.012729351684674164
0,0.009806872272539683
1,0.9223421407728036
1,0.8937900376579225
1,0.3220460120330213
1,0.12184753586551901
1,0.8910561663878594
1,0.358246180700655
0,0.13449261567637338
1,0.9454494001400525
0,0.03725877727210105
1,0.5210748232706862
0,0.11847464795623035
1,0.930057857255634
0,0.06939341098184262
0,0.18854088657241194
1,0.28667082766132074
1,0.8371514730936964
1,0.41369514689386
0,0.18934422834882703
0,0.038712781663257145
1,0.966337578170124
0,0.3646956259008543
0,0.042395597311918186
0,0.009635252524532028
0,0.004470525983929833
0,0.32234610401700237
0,0.11522801350318546
1,0.9555858018213875
0,0.004948070805339148
0,0.13249653596237213
1,0.7464702736665615
0,0.0010430522516871842
0,0.0443374035239565
0,0.0432225414965141
0,0.016765659885611836
1,0.06856628970360239
0,0.6492809448632629
0,0.02325259819984526
0,0.0088010039561636
0,0.030936986418891425
0,0.02647656794296644
1,0.30636606810457606
0,0.041202708861228364
1,0.9710598613787508
1,0.8676362819058935
0,0.0017594358211523266
0,0.0089376264729933
0,0.8294414455536229
0,0.011556168788349749
0,0.02952699012634564
1,0.8330983077639219
0,0.04099138730649885
0,0.010979228524064376
0,0.057649682145014466
1,0.9830612823250404
1,0.9921613614806881
1,0.9938673132901873
1,0.5371962291566367
0,0.007261453673623479
0,0.10782164424653995
0,0.0002795851010848151
0,0.01950016985890048
1,0.8637207317038299
0,0.027762682220244774
0,0.013441725413542509
0,0.011024809261879391
1,0.025200763132227452
0,0.001732631744407358
0,0.015183880361372947
1,0.7117617000257437
0,0.1683443440438982
0,0.012987264527861904
1,0.38532560065972726
0,0.04397794084314599
0,0.4382707112729329
1,0.3229512502883996
1,0.985832262696105
1,0.7852405653201234
0,0.03585988553118418
0,0.007650992117312496
0,0.13180285162134237
0,0.6672319007303081
1,0.9720346616843728
0,0.505988689763309
0,0.008408972876865815
0,0.0421124917149471
0,0.043529967501443674
0,0.14987431517485486
0,0.6330262930689005
0,0.02092150253174222
0,0.04997835433181219
0,0.012109248033089865
0,0.11076954141432503
0,0.22304955071764632
0,0.08992205803364146
0,0.0005891086100825608
1,0.8363888774934212
0,0.0015090254765455884
1,0.08550498827750531
0,0.023456047469594978
0,0.03752982889899593
0,0.7763801751320117
1,0.9387458766463609
0,0.004770872809145147
1,0.8805712352078467
0,0.07117002775331362
1,0.9875863075987246
0,0.0015747401850186105
0,0.0030883051051191685
0,0.00404426732180107
0,0.007457612328586996
0,0.20212657041571386
0,0.6377142872222314
0,0.370752387616417
0,0.0015673742549695275
0,0.3065412120822763
1,0.37716361644748586
0,0.022834623455791566
0,0.007795678080314884
1,0.8138301930963622
1,0.9132644831754015
0,0.008801173637569297
0,0.11006948602132216
1,0.4287821921458338
0,0.38250865979370074
0,0.011769370865066872
0,0.3456348481993739
0,0.14869705494287247
0,0.11381636785054852
0,0.022784769818439857
0,0.0032326876428310104
0,0.008647315135117562
0,0.03571890167352734
0,0.11202109795546414
0,0.029441948257729188
0,0.5934098609697422
0,0.009617803495853216
1,0.20661056856012858
0,0.0005422370775988637
0,0.0016200558222922636
0,0.004507557500195092
0,0.00816902580144377
0,0.5476485795103824
1,0.1618016153924855
1,0.9648467033024135
0,0.11096591869176571
0,0.02294794744854129
0,0.02502054571846767
1,0.9856238489106834
0,0.1271518662733804
0,0.031432061288647666
1,0.9055481665323133
0,0.07100473429330448
0,0.03668402656591661
0,0.001738571017937447
0,0.028584487846885852
1,0.9013789863497044
0,0.031550823492072694
1,0.9258375984181048
1,0.49157738179036625
0,0.06602580935339604
0,0.0009183197326429872
0,0.1474552572749645
0,0.7022419012233138
0,0.05261902339376271
1,0.9875460631113027
0,0.06672149407446948
1,0.5434109642840338
0,0.0031809377856655925
1,0.8630160255465352
0,0.018425901153814588
0,0.0028709021119477595
1,0.9901453492700615
0,0.040067698304825726
0,0.005589758673993368
0,0.002314899845495011
0,0.07416864437541985
0,0.16377182287281278
0,0.01149586191291461
0,0.0006066158896925567
0,0.002907647837765088
1,0.802240534273693
0,0.017380183425765357
0,0.028910059481312634
0,0.14342482332462247
0,0.1824339579293535
1,0.9373109826563633
1,0.29590671976841343
0,0.02919707604952564
1,0.9750252755283039
1,0.7664783108647123
1,0.8305525245622265
1,0.16907771732753618
0,0.38839382410431195
1,0.7685005178183099
1,0.8282500907098407
0,0.04935981798081929
0,0.032305905888777756
0,0.0016568682922655682
0,0.0906445286109506
0,0.02703349848508934
1,0.9781106760230769
1,0.589319937047824
0,0.0038945861527796563
0,0.13205939713164377
0,0.008504950504635983
1,0.680008253372529
0,0.817385297595819
0,0.03695758440925241
0,0.022601504474638413
0,0.4401856847038151
0,0.27049021334117684
0,0.006833519286421714
0,0.008244914328564777
0,0.050686908615095755
0,0.07228976003496711
0,0.03845508258219622
0,0.17175792937730724
0,0.012596883149412867
1,0.6740674409621124
0,0.08221342515091902
0,0.7333596501372363
1,0.5867417578131607
0,0.04472466397922717
0,0.7858568485550491
0,0.04836342169800691
0,0.578526162966342
1,0.2370202371654066
0,0.028429163469361245
0,0.47841468023530703
1,0.9633760359206223
1,0.9834139727248478
1,0.38779999449693436
1,0.8153250805791415
0,0.011666895087925167
0,0.09626917402661782
1,0.9549673870202401
0,0.007843591301085055
0,0.12138724550320514
0,0.016812509256530224
0,0.18325827891990287
1,0.6293336584817657
0,0.003417104115810006
0,0.07175878835319412
1,0.9474637152949358
0,0.1462112253282414
0,0.04406269853753109
1,0.8274306752723032
0,0.6787251805997611
0,0.009572559158290857
1,0.5763363103474087
0,0.25762033652945765
0,0.011901254727974308
1,0.5885455887177722
0,0.042108997203358006
1,0.9310050274302922
1,0.8201437843416426
1,0.9670841155122836
0,0.012406450061675383
0,0.1866468437291091
0,0.0001810692312517163
1,0.9764255073144907
0,0.0029250498064653492
0,0.006487279124453768
1,0.11230568958976317
0,0.005658951713914777
0,0.06488287883352124
0,0.04561902022588116
0,0.021130293271042305
0,0.05018627181356024
0,0.004403643478849682
0,0.27159292209944697
0,0.4752397810197743
0,0.020013260315062044
0,0.004049659219325759
1,0.938222189666908
0,0.023444161277279753
1,0.8246673986438603
0,0.02716015947453982
1,0.12170386654970804
0,0.009671971760444601
0,0.010737494550413677
1,0.6099672999964191
0,0.004066321841709197
1,0.5177830074120714
0,0.1881914516193437
1,0.8387742401092008
0,0.04590895071401293
1,0.965100248847448
0,0.0025418544982235836
0,0.12080489141815362
1,0.8887344222748937
1,0.9061293101341458
0,0.7827262984069238
1,0.9942970626401556
0,0.0080989232518121
1,0.14966931916963883
1,0.7799144826727259
0,0.006953828152401963
0,0.4663420971224786
0,0.38459286423733535
1,0.9661859043476477
0,0.0072078678913729075
0,0.007132262126207221
1,0.6559205457339053
1,0.9791603247338536
0,0.21666761007907276
0,0.09204920181829948
0,0.005862914706415169
0,0.0013806979043589757
0,0.012241893433123088
1,0.8130081905132045
1,0.9638412749746939
1,0.9817316133268179
0,0.015095345349490748
1,0.6215479112756461
1,0.2169961343056474
0,0.05047080575970434
0,0.009892587434029654
0,0.730751928773465
0,0.20474798424424598
1,0.8624703119796863
0,0.12287580347010353
0,0.014499595284291547
1,0.9887293468694973
0,0.6725053477631503
1,0.7811201864826524
1,0.6755350855081582
1,0.9753917691712097
0,0.007744455051886597
1,0.3797903659498693
0,0.002724206393683164
1,0.9738910343390437
0,0.020824365941588815
0,0.0345497057633097
0,0.01946555912999669
1,0.7037008435621865
0,0.245405816515939
0,0.8190012349568548
0,0.018169093814571633
0,0.2938196569301797
0,0.6028770685959663
0,0.013871249770376359
0,0.3396861183593863
0,0.004167987201630567
1,0.08572486824891269
0,0.061865223229954046
0,0.2647744969295681
0,0.00023579162938943166
0,0.03744143713004067
0,0.11764900028287117
1,0.5722616238292988
0,0.016056266193762013
1,0.013340423236983825
0,0.7715481662806255
0,0.10137189431934857
0,0.02983861698213156
1,0.8594992587281203
0,0.006973813898446067
0,0.00858432296014753
1,0.7118923390232667
0,0.001912201711006589
0,0.03171654704577155
1,0.855993479553216
0,0.00618921936579694
0,0.027416326363008607
1,0.8263323855334204
1,0.9152735814486077
0,0.0022103556815341687
0,0.02084446137184765
0,0.8500166821072963
1,0.9702188990758868
0,0.24601512460624952
1,0.6152354726874042
0,0.9049797785079468
1,0.9301528363390362
0,0.015761236092393372
0,0.0028568478342467707
0,0.09641122370191456
0,0.0297180948633112
0,0.004940533298573063
0,0.38646364194782346
1,0.5062575174303047
0,0.0886234515220415
1,0.414766702874488
1,0.9679765250452625
1,0.9712858333560607
1,0.9342757710304259
0,0.002453297498776703
0,0.012701909694483048
0,0.01129337949982865
1,0.955230085111212
1,0.9753480465087523
0,0.1318818168529955
1,0.6210021433313839
1,0.20597796135450902
1,0.8243451996471035
0,0.1223389025442941
0,0.07511580184931985
0,0.0166151158897843
0,0.19255192705097868
1,0.9479435932558846
1,0.9463230975397365
0,0.00038838559260918545
0,0.3911384619804133
0,0.004359831395777647
0,0.02968588443512903
0,0.014244816956587341
1,0.7357579036572276
0,0.00427126182281243
0,0.001513397155535328
1,0.414421981823059
0,0.022987446844887967
1,0.9481824473237649
0,0.008189529246527036
0,0.06575737128834194
0,0.0505172054290389
0,0.006496643556845166
0,0.009621800099611444
0,0.03554219694619129
1,0.1526741809840302
1,0.9904014294121792
0,0.06913181491647419
1,0.9513135869645184
0,0.011461341561327611
0,0.14597981433747992
0,0.10500882700423235
0,0.05404307815849399
0,0.15338368172632913
0,0.17966951120061578
0,0.18481344208656586
0,0.003790782841530917
1,0.9911752999687381
0,0.04465650070651224
1,0.6901640762330401
0,0.8359958965974051
0,0.04521644639628481
0,0.015446972570310663
1,0.9585909802040309
1,0.5083816217879359
0,0.09840710333427329
0,0.49776772722207974
0,0.010836083843446738
1,0.9558395237669653
0,0.020729708198522587
0,0.005122221000003865
0,0.012521291588253027
0,0.5462788202986112
1,0.10610723135815905
0,0.0058404464865280965
0,0.9964038576766117
0,0.1252353841330314
0,0.41179819897894404
0,0.009567469191533524
1,0.9656587847629396
0,0.12047120068520113
1,0.762637361629872
1,0.9842053466854275
0,0.026020273477260283
0,0.007972421780916093
1,0.8979685993818488
1,0.7898179656791969
0,0.012950371862387535
0,0.0006829552740170213
0,0.08453202526374486
0,0.018367970326853743
0,0.053060149679864665
1,0.9172578393359277
0,0.05174881159346447
0,0.0232403465332437
0,0.0880670907949858
1,0.9249990965264956
0,0.029067773713476255
0,0.05613220452583182
1,0.923426977685834
0,0.002960012734524143
0,0.026780635455231884
1,0.6569799615703421
0,0.0439072677914111
1,0.8201949234775912
0,0.05690980298124938
0,0.0027221347116153944
0,0.07635266128483796
1,0.7675887204753944
0,0.005979030091239998
0,0.07987574673824932
0,0.06537313154626072
0,0.07818252230451081
1,0.9881871996398447
0,0.00497280329584314
1,0.4338068746645321
0,0.6302396228997681
0,0.13402410195285475
0,0.0043400302719197445
0,0.013217293883253439
0,0.0270176785673449
0,0.19025169991466376
0,0.002005849991921754
0,0.021187803014746414
1,0.8974405769551
1,0.832702894859179
0,0.005008623788553633
0,0.07972684297225709
0,0.024132859718340324
1,0.5737535601824427
1,0.9619485570505395
0,0.023911433696663487
0,0.8234543046867512
0,0.009415091536556772
1,0.19600623546879095
1,0.9218794513666289
0,0.873332579023847
1,0.9779532080962436
0,0.0031300432921585286
1,0.49910405103061506
0,0.010192282500542778
0,0.0001898989065245169
0,0.02555568489435533
0,0.8620217644302314
1,0.1337439528828313
0,0.6379158162565977
1,0.761914354631722
0,0.18828452092541637
0,0.08825708666812203
0,0.0015811077654782897
1,0.42607973165624147
0,0.010608776151036718
0,0.2535826430645735
1,0.14509113337321072
0,0.21362718078672413
0,0.017563640848195148
1,0.9780844313746848
0,0.03487486067669055
0,0.17083539339331252
0,0.05083346772232123
0,0.009237960569565488
0,0.419140688906796
0,0.061266846082966585
0,0.005124203912187103
1,0.23429591313680748
1,0.8278519129372118
0,0.7399873236574488
1,0.9210882456008737
0,0.043228272957414354
0,0.09474982868559846
0,0.5277011671773914
0,0.06839168467658602
1,0.7827874201748771
0,0.005781858013925166
0,0.018682193293276826
0,0.010577056492929084
0,0.0845292401607738
1,0.9812035831218403
0,0.003940314071925752
0,0.1913246993743721
0,0.002746003890512725
0,0.1235726932114577
0,0.002514114556480474
0,0.6030706667622087
0,0.005383540342283702
1,0.9855558746138698
0,0.010779762816228928
0,0.0018390520160702665
0,0.013685149168621206
0,0.17633855192685277
0,0.0700953681024656
0,0.06978178622608194
0,0.9757480628829374
0,0.002754682687348273
1,0.9845715738939711
0,0.07529191199669968
1,0.7541877519455741
1,0.3228740229902757
1,0.6470762855929418
0,0.0030503228742014025
0,0.03145208848486833
0,0.021679354360780164
0,0.015180261090757891
0,0.0013421372617128191
0,0.0018487969215053462
1,0.6774714114837567
0,0.041404980261504166
1,0.3774515796228949
0,0.00047213497106448157
0,0.0016545726092215452
0,0.0734575861882421
0,0.0017174942853988833
0,0.006199232503965036
1,0.9695302812549745
0,0.011737458886719641
0,0.006671411047043354
1,0.9582375206733234
1,0.9566811826290357
1,0.7971592632672762
0,0.04308824250353965
0,0.4169352666253265
1,0.9781685916123024
1,0.7684212789722801
0,0.0036316364242422513
1,0.4248014636401068
0,0.013186592208254034
1,0.9687169063102261
0,0.010323366461106542
0,0.04526940723659589
0,0.43369081887315697
0,0.03283501071601971
1,0.36058937650672473
0,0.15711748459106814
0,0.0090805754475865
0,0.05159512103623312
1,0.8315381026806618
1,0.8561677136253085
1,0.7845219168135426
0,0.039811747425236264
1,0.7269191971819143
0,0.008331917934021743
1,0.4123082342708152
0,0.0020621729709213105
0,0.011136166097967849
0,0.0046479408120834445
0,0.07775951418951803
0,0.08577289519644941
0,0.00460054964145492
1,0.4932641971376226
0,0.005374430082984615
0,0.017167367483513857
0,0.12556242939157608
0,0.029265102572396635
1,0.9655850903059581
0,0.03972605327757487
0,0.022566876000553186
0,0.2649748845707187
0,0.008368852220547332
0,0.8445142499968046
0,0.014403186155651755
0,0.009768491778313395
0,0.9038164413299072
0,0.05764970119218209
1,0.9965744388536276
0,0.060796756722546835
0,0.3030637053192252
1,0.9842269279540131
1,0.5925599172083621
1,0.964471008877022
1,0.19180909121662823
1,0.367131504242828
0,0.03648954905133209
0,0.00924108712748503
0,0.008447123257955328
0,0.042496707551342
1,0.7265748577973093
1,0.03619186180048811
0,0.027997409297766222
0,0.0022639010905963746
0,0.01888769612182138
1,0.9787896759121755
0,0.1964199522426153
1,0.9579057583161436
1,0.4805938447631753
0,0.008716525838053848
1,0.9608458515306291
0,0.0320707852077792
0,0.007087047145805153
1,0.9609989557622974
0,0.01950359922136705
0,0.08772130201455278
1,0.7303110789266891
0,0.006551800169887656
0,0.3091688551296377
0,0.13416740235182262
1,0.9357224175206196
0,0.1434298150256027
0,0.09655883967809263
0,0.025019152281915685
0,0.011625274596131167
0,0.8863233640390019
0,0.48789309892442784
1,0.4378937749107041
0,0.28758932421597755
0,0.011155169333154764
0,0.009537783689212431
0,0.014038997012035658
0,0.38473108661275085
0,0.27029991991619756
0,0.18587410863588036
0,0.010573052094451932
0,0.04558838178109098
1,0.32286034204393443
1,0.7932993207371812
0,0.012979047672487214
1,0.9314958180920246
0,0.0032825648952629
1,0.8789157111758524
0,0.07605042095531642
1,0.47807061800103434
1,0.8259031922426313
0,0.002670875659420714
0,0.016937801339652208
1,0.26438218530389723
1,0.5853981493311697
1,0.6448694375375453
0,0.0073982073673533886
0,0.011305345543833705
0,0.15994155607754482
1,0.9478474919789712
0,0.13849622386035587
1,0.9759065003362223
0,0.18320412425603866
1,0.9701205005340082
1,0.47403863266668445
1,0.9332018624214317
0,0.05147542257161998
1,0.6331817220368064
1,0.28557660913031085
1,0.026418947926883662
0,0.015278111166975175
0,0.23274631811441565
1,0.9467664258843979
0,0.004048129620635852
0,0.11716567667388582
1,0.9256491706785035
1,0.8108066465358797
0,0.018488488622934708
0,0.009682815258334778
0,0.7375138379327345
1,0.8046590905826678
1,0.962813801324448
1,0.6763102574713474
0,0.003074767470010002
0,0.0006854018290529079
1,0.9781225780240912
0,0.010042091745295377
1,0.8249010767095407
0,0.0014059646045202242
0,0.004090067319421044
0,0.006653697955397171
0,0.23584169986800643
0,0.23029284563882438
0,0.13075495619395694
0,0.045151385622745704
1,0.1588298509032761
0,0.8021919830684718
0,0.10321839632652897
0,0.010165523004537554
0,0.01353739536796462
0,0.3504312639906468
1,0.5426937729184992
0,0.0029946873059593106
1,0.5797559083353419
0,0.01093517712430573
0,0.007899651597335956
0,0.0010195091541908706
0,0.012814657465484323
1,0.011516038674968329
1,0.8719184616645892
0,0.035565736986842726
1,0.9465573090651771
1,0.9568703182785648
0,0.013984467901327801
1,0.8731380846325995
0,0.37954403776840084
0,0.9360671374873107
1,0.10247563734757129
0,0.007916671253948666
0,0.15034501973288625
0,0.7069290409575235
0,0.02834115290170261
0,0.19684651882850845
0,0.4514620081021923
0,0.3998198620035696
0,0.019642583841591173
0,0.06713485910650921
0,0.00526531288696822
1,0.048240662285239364
1,0.9734762066836087
0,0.03253413235923322
0,0.013635373074933455
0,0.3063397544582028
0,0.06878036927953296
0,0.002085042078547201
0,0.006887024511688665
1,0.7180355453588937
1,0.04940115439327584
0,0.015272419438266065
0,0.003265659908768082
0,0.008632489744923633
0,0.006489416197811978
1,0.9129801715978318
0,0.045817092778149965
0,0.04057695512371109
1,0.0012378917578943298
0,0.014223651805842301
0,0.14585749485799615
0,0.009969837176542255
0,0.27887179019958014
0,0.02295152418122819
0,0.02156313580027144
1,0.06585774295169043
1,0.8089817426393822
0,0.7262264620759541
1,0.9318253749109153
0,0.3401383772472322
0,0.04665580444729649
0,0.03979709886128445
0,0.010256521470719154
1,0.7202133176722048
1,0.9665626355138428
0,0.001077707847075862
0,0.0023307268783491447
1,0.004577033140995396
1,0.9735042742983238
0,0.0265484912058258
0,0.017427457270134516
1,0.9060940218032089
0,0.01673783581524366
0,0.061204483101515765
0,0.014705480482067502
0,0.8796769203790209
1,0.840940390793539
0,0.0029237547135511073
0,0.11450670171894195
0,0.09740485234120087
0,0.005091788213320192
0,0.050882244163779
0,0.018498767055391035
1,0.027742461057743608
1,0.9444742899412978
0,0.019026460806065792
1,0.7109011108602306
0,0.03167137540748869
0,0.012885242886049836
0,0.004502246871534838
1,0.9958177717007003
0,0.003895841681483944
0,0.006347636202478793
0,0.05166345544293855
0,0.07935375232219016
0,0.2525514705387788
1,0.374045967281447
0,0.002628897656642163
1,0.24932567153370178
0,0.004433799425103425
1,0.9639480701658496
1,0.6852327556791766
1,0.8845520538985282
0,0.018568068939758754
0,0.003693246767225462
0,0.014109251310418463
0,0.02817055733645128
0,0.018067915982053675
0,0.0031425685711949916
0,0.010410475142253035
0,0.2847166859193893
1,0.002021761722133494
0,0.0015552006534177265
0,0.025613195854098905
0,0.12821638042067549
0,0.010006250181141733
1,0.7352991715397929
1,0.972160833544788
0,0.009838093766966859
0,0.010055498216128188
1,0.8637217504892557
0,0.27865310261983584
0,0.014644290244810934
0,0.028748126300338336
0,0.021038031793974198
0,0.02806286638374577
0,0.009480491658337517
0,0.8720738283172229
1,0.765246868628973
1,0.7498233293476088
0,0.17912677987249434
0,0.022248919072038374
1,0.7134029008452233
0,0.08403583333232029
0,0.01655427072050454
0,0.05298789067007147
0,0.002349030420957737
1,0.44726037103749533
0,0.05219365622303669
0,0.024335568670700178
0,0.5770714782227271
1,0.6503051431224675
0,0.03468446363457075
0,0.9699934396340365
1,0.6469824414437176
0,0.007413877587366784
0,0.006099863073502515
0,0.007523906588893133
0,0.07785547973693462
0,0.007062568424156234
0,0.006172429727111946
0,0.0038779055804270927
0,0.28602559089175655
1,0.028413934699627868
0,0.025988855079471268
0,0.006120977639955481
0,0.9583623898106677
1,0.9845205263048891
0,0.0027417063744784483
0,0.06225116822734017
1,0.40738001629147497
0,0.013005849656362695
1,0.7787172307344
1,0.8726769649738831
0,0.000799992592047782
0,0.047657091443501116
1,0.8912918838768615
0,0.01077303263118389
0,0.021533131038004527
1,0.7411220164616541
1,0.17452123486261437
0,0.43658077589560973
0,0.05875552801573359
1,0.8837574728967692
1,0.23632632829963474
0,0.01942068283969694
0,0.013297376445538451
0,0.02750850864289683
0,0.011635418943706968
0,0.17882727287693384
0,0.009596520513425579
0,0.027084439864195467
1,0.9472033493067084
0,0.05305959661725809
1,0.06117068602038548
0,0.4717718324435624
1,0.6435772650486727
0,0.5935831560904371
0,0.4086502407203784
0,0.3139513370711216
0,0.0007729879179715383
1,0.6000760804167894
0,0.07662430093558537
0,0.5876590451279732
0,0.0368052762350429
0,0.5087068634389634
0,0.5066826324742121
0,0.0843684432043202
1,0.5346047424503262
0,0.0505911023778912
0,0.0024530192481672475
0,0.08554240483421538
1,0.9681282803288495
1,0.3784067627115072
0,0.02758718129789952
1,0.8612147894777663
0,0.00425138712544001
1,0.6310739193658074
0,0.13763083202376186
0,0.006747745752162437
0,0.0158678758333967
0,0.3182497557730238
0,0.008749024406727183
1,0.9708072314891136
0,0.11089365737464152
0,0.00035592506012924744
1,0.7315572234098028
1,0.9306419722028914
0,0.014460723887522644
0,0.0008473565104340024
0,0.0025600617250500193
1,0.9645669742295772
0,0.13260411933545144
1,0.12223336377202965
0,0.010605318201094496
1,0.011275236224709903
1,0.7182115071963283
0,0.0006900965750812039
0,0.05070686737491908
1,0.9135349982878678
0,0.0009494988367922299
0,0.04956697443168306
1,0.952318545941535
0,0.14118864480610088
1,0.19617570358921793
0,0.03970790755102808
0,0.0217920559863163
0,0.0792148172187998
1,0.7618162200901799
0,0.0028892950039656447
0,0.02528917873986979
0,0.03452970113197832
0,0.007373752702441798
0,0.013309691558143967
0,0.012715009903788575
1,0.8683772646437924
0,0.03257840160894079
0,0.01437895298359079
1,0.9625806303769275
0,0.7701895687710407
0,0.029548659573495544
0,0.4810976411466883
0,0.011545702614258873
0,0.008332115897360062
0,0.04334675446153878
0,0.22517537957961323
0,0.7133743321914935
0,0.024570863079648543
0,0.038961291940227995
0,0.1780009276869883
0,0.2674889410691651
0,0.15745086665305988
1,0.3819103202162419
1,0.5440384911573428
0,0.04599317291965082
1,0.7604455262099332
0,0.0035643177303627477
0,0.015449952424622587
1,0.2571641491858288
1,0.980301955692773
0,0.015162675429584905
0,0.007234325521955061
0,0.039684798626654465
1,0.33731657662235576
0,0.014664938444505013
0,0.002270124752501578
0,0.047242871852138775
0,0.026051290353953045
0,0.00649771423533877
0,0.0057044568069747285
0,0.041716343183311314
0,0.9020286010906593
1,0.6333809720057499
0,0.6508681419443814
1,0.9389086241571803
1,0.5914378481088829
0,0.020218661970304808
1,0.9749436134588859
1,0.8167609440116119
0,0.1020705316098554
1,0.04045394563980277
0,0.07254983034486617
1,0.31414789596455006
1,0.7721456981061235
0,0.02791439222400235
0,0.035333202464209595
1,0.5998475874131636
1,0.7635133261320127
1,0.9619824930918057
0,0.3252488288225932
0,0.04612060013716719
0,0.012837666635484576
0,0.0017938105736433998
0,0.005668064381076477
0,6.53392155735623e-05
0,0.016481251619909133
1,0.9654592585878486
0,0.06733103863589071
0,0.010767731547687152
0,0.00615571341509053
0,0.4920330467132429
0,0.6825488046972972
1,0.9735204485931697
0,0.04637100671892482
0,1.8757960368771538e-05
0,0.0923856923329332
1,0.49243805875497304
0,0.0069868595197027485
0,0.0021336222378999757
0,0.023194879838349086
0,0.4651899969863742
1,0.875853008103196
0,0.05855864288753027
1,0.2947007330404633
0,0.004734063551681186
0,0.02146746605949279
0,0.00974869985913771
0,0.008187350532437571
0,0.0034892447904949836
0,0.04713625984153632
1,0.975596585854555
0,0.004590350717734434
0,0.0018382201624958878
0,0.039933716184918276
0,0.013139110874549106
0,0.40132196666325737
0,0.29544388949491346
0,0.0301888735213483
1,0.9673192949016459
0,0.08697566448732592
1,0.8361946229579263
0,0.04592607463349224
0,0.0017068729149391415
0,0.008508709792002803
0,0.029805566995669282
0,0.010130205510110353
0,0.02476548022124007
0,0.05815426052414486
1,0.9879815037376679
0,0.002161252175439981
1,0.9174593126498353
0,0.009475284714453856
0,0.009855800371818699
0,0.01848258537473285
0,0.12624273065778246
0,0.0004934795539405701
0,0.10194474708657851
0,0.22695667705604644
0,0.6351022739589076
0,0.0013987924191230282
1,0.8818269979451395
0,0.019065064714705916
0,0.1211534731797329
0,0.005153794168997553
0,0.029285106361428177
0,0.0094137504284228
0,0.011770863984622942
1,0.6344809217743855
0,0.002224533753666776
0,0.8554622218955099
0,0.9177607483945419
0,0.0067770097057618505
0,0.1631356088890135
1,0.9880318168509852
1,0.9265173082592254
1,0.14530315577031097
0,0.022103627150733038
0,0.008717683852200852
0,0.01933660829588225
0,0.002172172240389765
0,0.028577631465127883
0,0.034903540633989566
0,0.0018397937162094855
0,0.18622577229997866
0,0.17577574323052175
0,0.024118551209689365
0,0.0320329343593715
0,0.04574447451520996
1,0.8049357490450006
0,0.00846900766499047
0,0.07893141339878558
0,0.0015025130716006998
0,0.4378878872782879
0,0.09486911337247475
0,0.007676788808665079
0,0.2923625746079762
0,0.009056139306581015
0,0.07026190729051023
0,0.00842745438239433
1,0.46096560103128714
0,0.006472024651423824
0,0.43202759315723077
0,0.04287562900507117
0,0.005367262615700708
0,0.009049835617348009
1,0.844835205742074
1,0.9609585075963661
0,0.004440411170951562
0,0.021986235661337786
0,0.04842449273432238
0,0.0035080182237829266
1,0.9537351959785692
0,0.0056211541757854346
0,0.3137315667908008
0,0.004763999676946543
0,0.0020323384116591784
0,0.007627524720793955
1,0.9474809493495527
0,0.05283967248556732
1,0.43462359090525765
0,0.07602608197315645
1,0.6466420795856691
0,0.004226965501591664
0,0.07826758320833391
0,0.0005359694544105533
0,0.2146748467510227
1,0.969500916145121
0,0.004066946241102878
0,0.016904481588623326
0,0.04944965774086114
0,0.9002756861469189
0,0.016543673051241416
1,0.819936923600296
0,0.03033053830691571
1,0.7644482509808038
0,0.48531229485624616
1,0.275897808845286
0,0.013310728074402178
0,0.053640061364622876
0,0.0013673393862936988
0,0.01591902068025072
0,0.006189810575044257
0,0.009801927354240458
0,0.06386533775488676
0,0.018061364525064197
1,0.5819774563122831
0,0.01599806155087897
0,0.002990122700598625
0,0.05211306090142543
0,0.08034614269674116
0,0.003856101809415307
0,0.005096087203146759
0,0.30408604042527715
1,0.018403235239823644
0,0.029201273411150704
0,0.1861991176762038
0,0.9436273307044183
0,0.8457975172760639
0,0.039891555619673336
0,0.056404565048582614
0,0.03509837726430238
0,0.004933328991870384
0,0.01787537929456447
1,0.3033162183887114
0,0.04459766577452953
0,0.12761421194179787
0,0.000766423430755321
0,0.0398288654861683
0,0.018766696107372468
0,0.11898054953359605
0,0.03218447424215793
0,0.05888770570202202
0,0.010410475142253035
0,0.010177682943577264
0,0.05310501894969053
0,0.019234329575126833
0,0.058196495815173194
1,0.9661673468150987
0,0.03861851981354972
0,0.025028542046216195
0,0.012925381952569969
1,0.5094058897144198
0,0.0021318073002984006
1,0.8248109736802334
1,0.9078205764123327
0,0.28990016829652965
1,0.14403715604293196
0,0.2334097971722614
1,0.7875288655581449
0,0.026847381974430744
0,0.012253506151493293
1,0.1692862507966141
0,0.03598385248654349
0,0.11423025621623341
0,0.0046155840669409795
0,0.032896382427988216
0,0.035092019807026247
0,0.004724798964413211
0,0.086646452015601
0,0.0016042806520862507
0,0.1470075547505328
0,0.00918037424223063
0,0.003915868062390404
1,0.2593952986744927
0,0.028897875510848384
1,0.9403647645148444
0,0.01703229779935619
0,0.5269839699080742
0,0.018466009099251897
1,0.9505416951874378
0,0.9581929141529605
1,0.40442832715123533
0,0.32881671363816206
0,0.020328097877891794
0,0.30629905289532156
0,0.03566900263290286
0,0.002835815130904325
0,0.002357257786713925
1,0.3212696586305754
0,0.0026016581117672324
0,0.02659725704753222
0,0.03178005545674102
0,0.015204447578821024
0,0.024704560593034667
0,0.3605027290136589
0,0.005146480058598837
0,0.04163492644700947
0,0.0033963615037189946
0,0.02060371192020933
1,0.44552432139496817
1,0.16920756945687113
