target,prediction
0,0.1959591384048083
0,0.2940035414041808
0,0.3501969043864747
0,0.20074387331616178
0,0.14037357977286058
0,0.29588740136654423
1,0.17042491923421965
0,0.36368477747588235
0,0.34867468638193916
0,0.024002495819437447
1,0.660794278819131
0,0.33495926635750173
1,0.38197069922080956
0,0.4690039941869812
0,0.2316685638779912
0,0.2673382334940173
0,0.22055999792371273
0,0.1778171901203716
1,0.827034769722716
1,0.7794572411887163
0,0.23189066915878498
0,0.01692835429853286
1,0.20590733965216196
1,0.4973895245119613
1,0.6962554803699118
0,0.6398110727113621
1,0.4333182795151496
0,0.24954729762825795
1,0.7219358503871945
0,0.18700580411414466
0,0.25412870589695147
0,0.03708373978178865
0,0.19208209394535028
0,0.33413487603454417
0,0.2761644237617415
0,0.556863575329003
0,0.01692835429853286
0,0.22322429446459183
1,0.7574663503301574
1,0.5402880312175786
0,0.33431285090887325
0,0.5784071398251652
1,0.7668050614034425
0,0.22935846461701345
0,0.32832639979208916
1,0.20858996232682137
0,0.231076032287986
0,0.28069978206936513
1,0.4679950407410033
0,0.25847562760950266
0,0.02802253163958055
0,0.3449443654201978
0,0.01692835429853286
1,0.38783553844701896
0,0.22577684867735015
0,0.19695057286149403
1,0.6694270451178681
0,0.33550914971144247
1,0.5663259887659416
0,0.3363636736592208
0,0.21873253805959136
1,0.3316440019272398
0,0.4511605426972207
0,0.2457219938624993
1,0.5151688054946286
0,0.24160644231461084
1,0.32589755429810585
0,0.40654034062406263
1,0.47886606741719845
1,0.7633162362789409
1,0.7983039246862051
1,0.4254799105228729
0,0.16515542352091925
1,0.6712694625800016
0,0.18877811826331234
0,0.18276330247597405
1,0.8555140089960415
0,0.23533291614652355
0,0.3000223446517325
1,0.46557334746874
1,0.2954726722420936
0,0.2267511116779073
0,0.4443804927294681
0,0.4081272120032104
0,0.24994337277892134
0,0.17560826473950103
0,0.07586120448945909
0,0.25491046686770086
0,0.6916392711347925
1,0.3756982171890187
1,0.7591637308721407
0,0.1062505846431629
1,0.3101095733364197
0,0.026862026536232392
0,0.12266820642088422
0,0.42776694556341227
0,0.23360057130557013
0,0.2719561440350695
1,0.3948865211119704
1,0.48774803258216526
1,0.6584363082409931
0,0.22125341664987172
0,0.30947877514609456
1,0.654708528180078
0,0.0288828816621942
1,0.527232007330262
1,0.7270202174193463
0,0.01737876078307332
1,0.2969169488499728
0,0.5012620067413315
1,0.7012843084606597
0,0.42013854581130866
1,0.5819933434924988
1,0.8062308267899443
1,0.41502638797192254
0,0.10620132717421167
0,0.225342667430509
0,0.26866838762834316
1,0.3069134484400069
1,0.7657305131354758
1,0.22735532522042648
1,0.5880986085400481
0,0.2114422734256277
0,0.2493182640464247
0,0.03292172251433048
1,0.6692069383596169
0,0.0353899206493908
1,0.20946708589988708
0,0.13631988034184744
0,0.21537163691222722
0,0.27742705951462016
0,0.01737876078307332
0,0.320554958163191
1,0.7522012302255291
0,0.17765765781378906
1,0.3944340496729579
1,0.656002950909472
0,0.3739360346997868
0,0.046902059543442405
0,0.6098900999623376
0,0.22403061943367714
0,0.3892294849478573
0,0.10886709996159208
0,0.17335856834655936
1,0.3271287603590156
0,0.1700972816533646
0,0.2511757702422689
0,0.02136624834585948
0,0.21412426809574192
0,0.5387612626180617
0,0.2092206400814751
0,0.22768235078061588
1,0.39634543835587316
1,0.4451457151714999
0,0.19046309983617077
0,0.17556454710111877
0,0.6269124814377726
0,0.03952665251870143
1,0.3948558820217564
0,0.06880040514530943
1,0.4150068427826867
0,0.1602942078895802
0,0.048710786521521277
0,0.22705518465644814
0,0.7301169536400015
1,0.168191454127436
0,0.22167029912099506
0,0.11201406898645488
0,0.24060223220131916
0,0.46852993637377405
1,0.7587541368645968
1,0.4349127459896013
0,0.01692835429853286
0,0.14037357977286058
1,0.6122902900800338
1,0.33621521025549
0,0.3651716519465573
0,0.29194376707922315
0,0.16563324308064462
0,0.3142164548533704
1,0.5380810055750437
1,0.5048549100532419
1,0.8167101733911367
1,0.7140919974853933
0,0.15846916849376397
1,0.8580819499989697
0,0.1941575227595792
0,0.11974410385974767
1,0.6458823492700997
0,0.5179295693616033
1,0.36902796209630145
1,0.1830962036112571
0,0.16596435372775983
0,0.47224542376549944
0,0.16221290031510904
1,0.5599698041952865
0,0.27084587920783837
1,0.5835749477945233
1,0.48553256843481235
1,0.6764307800241448
0,0.3715221858756817
0,0.21221936824185078
0,0.06898138199716611
0,0.23335854861466634
1,0.6791331968581003
0,0.23560294110933513
0,0.5333194884430581
0,0.01737876078307332
1,0.40710911111096376
0,0.19799570914125583
0,0.1785561886610306
1,0.2129813139553396
0,0.06288375233696178
0,0.2969410848635738
0,0.03327110041299022
1,0.4353336294453221
0,0.4515055462219189
0,0.021486950794107732
0,0.4385783434462686
1,0.7046599598651256
0,0.046540216535052546
1,0.30989075287998136
0,0.2942182344162436
0,0.23210965329881744
1,0.32997453495394574
0,0.3283083341476402
1,0.7326836223285439
0,0.03148242126413143
1,0.8109734882871178
1,0.23290513097869087
1,0.5042938523393792
0,0.03351988889315085
0,0.01737876078307332
1,0.3861220636736099
0,0.021486950794107732
1,0.5979948738941696
0,0.3517983712689698
0,0.021486950794107732
1,0.5524438149328915
0,0.44470845420099275
0,0.19558914511074899
1,0.5915704640298068
0,0.025752902500298252
0,0.2122836523415067
0,0.3047210012294326
0,0.037723460134065356
0,0.27921249706631723
0,0.057922246806514865
1,0.4966768279193923
0,0.18597188440247525
1,0.4043269699772535
0,0.5956357563630623
1,0.650902666332593
1,0.895899352572574
1,0.6197040645491863
1,0.5528894251417505
0,0.6150759882978415
0,0.09574683903359787
0,0.46590628585731797
0,0.23977328010919755
0,0.4244427100462144
0,0.34655620012939775
1,0.4244392183466958
0,0.18706026652613766
1,0.5565982438223772
0,0.19671086091939746
0,0.16005483738525633
0,0.46996211693894313
0,0.21143571296275052
1,0.29411938897589196
0,0.2110562506091861
1,0.5939971022949764
1,0.6810914784023834
0,0.3530385178216254
0,0.19750050679264594
1,0.7778184649341677
1,0.41309223206481294
0,0.3178227978319244
1,0.675920820256032
1,0.6985228403391218
0,0.23049651868550103
1,0.4056114818493947
0,0.02575332446195218
1,0.5782783731259096
0,0.15072478163311756
0,0.03609566419219636
0,0.44080464389241436
0,0.3299891491241527
0,0.1819510934579375
1,0.6016330692536142
0,0.283270633286244
0,0.20652027937406836
0,0.7320818833180164
0,0.3519107350449999
1,0.7254790011816933
0,0.02563744028257873
1,0.5745008499988628
1,0.6199069385064921
1,0.6398361150649322
1,0.9004432891281583
0,0.49159011601041586
0,0.1785319372482055
0,0.04894980234947855
0,0.8141917803905409
1,0.6082117408070532
0,0.21998555014601992
1,0.5674508982711995
1,0.2732978869481808
0,0.2517446491947765
1,0.4715467194459299
0,0.22161544512942163
1,0.5532948711772534
0,0.02467116050851982
0,0.18056386912741462
0,0.21950066482146488
0,0.44352707011232234
0,0.6049760871341167
0,0.28364798789309414
0,0.21571764952027905
0,0.16351187281527074
0,0.3356608681895802
0,0.046902059543442405
0,0.042730189680095995
0,0.13619974601463486
0,0.2553830257366329
1,0.7204739233137735
0,0.045370058413523005
1,0.2774377150013751
0,0.06330346284503319
0,0.4128289290607671
1,0.528177610961471
0,0.4112416956035946
0,0.3811351340247487
0,0.04696486229034517
0,0.26604952059879267
0,0.21406182640839477
1,0.2938491469572101
1,0.5874732136530857
0,0.2533543164042649
1,0.5981744654766397
1,0.3788929211887709
1,0.6602403999397652
0,0.02917925848641542
0,0.21891833234088975
1,0.7783155874380216
0,0.09185935809398904
0,0.46993189392037854
0,0.3952016322110073
1,0.5299025418395887
0,0.09741205725867581
0,0.03846399375587291
0,0.2109979322574283
1,0.557335014458908
0,0.17669845748055907
0,0.29901621394737077
0,0.4833584622841239
0,0.04173883152054168
0,0.13885095933604083
0,0.6137953825214594
1,0.3761144853714387
0,0.21392901250881635
1,0.9080835443241363
0,0.022347000067973466
1,0.04660386597241413
1,0.6152894444872858
1,0.906412304842346
1,0.7213376900250706
0,0.33427721806497374
0,0.01737876078307332
0,0.30457805147581785
0,0.1769780966355753
1,0.8061004508638853
1,0.3783246898284733
1,0.5373860504044179
1,0.5807875825240145
0,0.4561853957313571
0,0.45856477216634156
1,0.32378094024926296
0,0.4928641299930795
1,0.34499411320702167
0,0.20285291823763155
0,0.2939214128824435
0,0.20306650974376617
1,0.5167381418793207
0,0.25010022835035817
0,0.31821478212399784
0,0.23058868367884466
1,0.8624700647776726
0,0.10032759864798904
1,0.6726991978884604
0,0.02563744028257873
1,0.4562122657968219
1,0.7692393065971993
1,0.7328859566226609
0,0.03540194159343615
0,0.47951032456771303
0,0.5123983380247576
0,0.19321325715907658
0,0.2728329831096394
0,0.4691962277838683
1,0.7783416925894016
0,0.2590505566553078
0,0.2650781534926721
0,0.6193489689300747
0,0.204368457885916
0,0.39801443725767893
0,0.23613131731271303
0,0.706104950781434
0,0.46177546233214445
1,0.33636014835673467
1,0.17291972993541033
0,0.416755523568478
1,0.5032037795299074
0,0.23571861745896502
1,0.6372244432835498
0,0.2522467398880235
1,0.4323278115711034
0,0.01737876078307332
0,0.26871657170474017
0,0.49288089546312225
0,0.23949025949571023
0,0.39662500094750097
0,0.03721901570048957
1,0.5461362158066497
0,0.0273284535961882
1,0.7900525315274807
1,0.5622575669037122
1,0.5926987049712751
0,0.6955729498968762
0,0.02563744028257873
0,0.2019157753469506
0,0.1835460867542294
0,0.17506414403707984
0,0.15742337256356748
1,0.8195094895879461
0,0.1754532709216866
0,0.01737876078307332
1,0.38139554182030005
1,0.8535170561438787
0,0.44500460270075504
0,0.4598572297454118
1,0.29015259257403214
0,0.2781252498827355
0,0.4911393293102273
0,0.2706284151651476
1,0.820252528407001
0,0.3133025296291599
0,0.3658251744393786
1,0.6908993735888416
1,0.22124355933833845
0,0.2183944352103846
0,0.6607848207962235
0,0.027206619888223194
1,0.4810728543810631
1,0.5113507053149989
0,0.27921249706631723
0,0.19287102872239403
1,0.6296106942804653
0,0.01737876078307332
0,0.058838251243704696
0,0.21744099205656597
0,0.2833001180756387
0,0.211136697059799
1,0.6214055260010648
0,0.2625697742974171
0,0.5558164933424453
0,0.7358835295298589
0,0.37937954709035554
0,0.22815337408917177
0,0.8826036810550012
0,0.3498064901222669
0,0.4899556125871038
0,0.16515542352091925
0,0.6864933156205781
0,0.02763377990715867
1,0.29009497943312196
0,0.2655374337274157
0,0.22611793908607652
0,0.6054991562379664
1,0.7455406760801458
0,0.05403510211926655
1,0.2633117752701593
0,0.13715255311769914
1,0.6512496078887041
0,0.04199965827853352
1,0.6788910694104913
1,0.5802423176371253
1,0.5731024053236667
1,0.34581792224729796
0,0.3191752265508865
0,0.033336028075562844
0,0.28974104771621306
0,0.0366578909650479
0,0.20542502163779228
0,0.051524946138936094
1,0.7276353245542748
1,0.5610196527966813
0,0.0430547079338361
0,0.046847556185120924
0,0.40836527875472606
0,0.3170326639033434
1,0.41734586085640873
0,0.40127558704851374
0,0.10589614372733702
0,0.3984663731111233
0,0.057018877282816974
0,0.02563744028257873
0,0.27616867973756
1,0.6330309763507022
1,0.3265945824936536
0,0.33322617462798415
0,0.04001234522302269
1,0.7557717741855852
0,0.32601295740194813
0,0.26123679379152154
1,0.5170325927164764
1,0.3772030662396901
0,0.04643510170978364
0,0.39629841636602864
0,0.24099007305638478
0,0.5852600450688004
0,0.6871395583753127
0,0.3540269055580428
1,0.24757658596739432
0,0.3279465153436899
1,0.4808541544841175
0,0.021486950794107732
0,0.07520599823818803
1,0.4058886779804714
0,0.01737876078307332
0,0.11805906120111335
1,0.674231825129222
1,0.842859763115811
0,0.31894255407953725
0,0.2635026906924937
0,0.07160149810936056
1,0.8681371187783323
0,0.08782731015366814
0,0.328151672478486
0,0.056425687310997674
1,0.8093121353135754
0,0.5249163124190582
0,0.22010148616365585
0,0.10316442543057092
1,0.7179998911140335
0,0.1860410933732142
0,0.5776941440013857
0,0.08630240868588253
1,0.32182461777490773
1,0.5289355460522079
1,0.4372329412970768
1,0.3355828792488033
0,0.04763512008355027
0,0.17451635482909256
1,0.8460545977662705
1,0.8060468255035985
1,0.6927956998820713
1,0.35095417255338734
0,0.6847661791186853
0,0.3026910434518971
0,0.3007793928005811
0,0.20650694098578667
0,0.16541015274857232
0,0.22689463549347474
1,0.6360287368693588
0,0.07265634262315515
1,0.6967974249261839
1,0.31962708667598794
0,0.5839212215808054
0,0.06280712094431175
0,0.166867487849806
0,0.45526771226723844
1,0.45939911374229
0,0.21485379945999175
0,0.23940241916443902
1,0.22935846461701345
1,0.5890630563328094
0,0.2647028332122847
0,0.36276691235512537
0,0.024025836693526977
0,0.24865251916771935
1,0.3810742956194244
1,0.6916829002249112
1,0.501388710565955
1,0.6506226585012743
0,0.2132572809002348
0,0.19062356176566178
0,0.19920093352200224
0,0.6883591188441994
1,0.41841198052047873
0,0.01737876078307332
1,0.7840703543216058
0,0.3111742753415226
0,0.15121802263045092
1,0.8096634351886104
0,0.2481741421594904
0,0.09364043687022007
0,0.21947569900205383
0,0.16553254050350594
0,0.30322222347165256
0,0.029745546940204537
0,0.21922918453596119
1,0.4394700540513229
1,0.388887014551797
1,0.4913162198072232
0,0.022347000067973466
0,0.33657774344899855
1,0.29313816855580543
1,0.30730556575122986
0,0.2141783885436697
1,0.7618915511416405
0,0.3665139828675338
0,0.3575333105853724
0,0.03066262996998381
1,0.329879225495657
0,0.3679788299404922
0,0.16764223865835276
0,0.31358404705409326
1,0.6537703520297204
1,0.7725637929211195
0,0.44594648642790674
1,0.6566371663460817
0,0.021486950794107732
0,0.3946447309532297
0,0.2792529019288321
0,0.5570734139593848
0,0.38758665968005757
0,0.7095444181920127
0,0.40081548456122773
0,0.29134750297768
0,0.21134044044390038
1,0.2954861301285941
0,0.06307962783509645
0,0.248450155213757
0,0.18448021828323127
1,0.7982310150469895
0,0.5636601731062858
0,0.18667419927312512
1,0.41896370836049973
0,0.1919751244277666
0,0.19696723584856224
1,0.7239162527979226
0,0.01692835429853286
1,0.36377315181775255
0,0.34239206991855436
0,0.21031114866899958
0,0.03323406823065514
1,0.35594047309915544
1,0.7585022483272533
0,0.16221290031510904
1,0.6572280975943872
1,0.6513359659708156
0,0.32156069345359395
0,0.1884420851112015
0,0.2593269229392559
0,0.8646609026912309
1,0.2669615333092368
1,0.8547660077882928
0,0.2200586007814698
0,0.2782054976385666
0,0.08214675497546652
0,0.24031125796645308
0,0.18069091151757533
0,0.3372592082423246
0,0.42705331698274707
0,0.03452830064083268
1,0.6289091001317421
0,0.44709782238227014
1,0.8022449649563146
0,0.022347000067973466
1,0.8224649654125712
0,0.04475351778780726
0,0.03193229617679152
1,0.6015144290480646
0,0.072100548094514
1,0.6361976737401644
0,0.6842449427739477
1,0.908216881365182
1,0.689975510313483
1,0.5637370521302896
0,0.17386806076182004
1,0.1602942078895802
1,0.8584015874070712
0,0.02136624834585948
0,0.2629398381273406
0,0.22544147091004726
0,0.05045168883982565
1,0.5546178053699379
0,0.18403866330206006
1,0.28200607134056876
0,0.6252013897712998
1,0.44093881043524097
0,0.02563744028257873
0,0.4483764259569889
1,0.5605410101543432
0,0.2362895600413629
0,0.3591802718374605
0,0.049000701828679556
0,0.07172266648836349
0,0.30678297932272963
0,0.3804697725762014
0,0.36393843882809046
1,0.24977250421913824
0,0.031569546415195195
0,0.5786659848292642
0,0.2934888704125544
0,0.1989252480562924
1,0.6472215209004849
1,0.6171066260481247
0,0.3038104888177726
0,0.2239126783155864
1,0.24231680142691403
0,0.01737876078307332
0,0.15023705811457175
1,0.7660833421994135
1,0.39130430026920215
1,0.3693843351683
0,0.44740973110167387
0,0.19736758679414515
1,0.34429361508676193
0,0.2132572809002348
1,0.44122608273726766
0,0.2435240456184013
0,0.22583715322419468
0,0.219356653260851
0,0.26676911267331127
0,0.3726246189485717
1,0.333745396120249
0,0.2609320636256636
0,0.22038443095233426
0,0.6029284362281618
1,0.7384368536901998
0,0.21620335721733372
1,0.4514574792315617
0,0.19243017999748485
0,0.6454778461552934
0,0.21191580312672667
0,0.3360174518238126
0,0.14436833184900835
1,0.3377212085049687
1,0.5856927456772992
0,0.22743160084084443
0,0.17490060983726843
1,0.5556543798794963
0,0.36902796209630145
1,0.8961177339347708
0,0.2303089071933772
0,0.14581928596391433
0,0.3119321275842783
0,0.2616720616710081
1,0.20306650974376617
0,0.2522465857791484
0,0.6407034994753297
1,0.29159350187054683
0,0.5784576738811146
0,0.34749027466282756
0,0.39889727942039405
1,0.7507998304526419
0,0.19092097126642532
0,0.5780843199686205
0,0.17349941541557548
0,0.021486950794107732
0,0.3003703208208489
0,0.19935123831185783
0,0.18350535727247855
0,0.370132377116666
1,0.6780887959002476
0,0.01692835429853286
0,0.3981870785175672
0,0.22937319404662102
0,0.26289325427058974
0,0.3433963124903899
1,0.7235438073521868
1,0.576677140366103
1,0.8143920038650113
0,0.6408091052959481
1,0.7966209398579142
1,0.30168112945725234
1,0.22105655583513648
1,0.5941863882249616
0,0.6200916663749296
1,0.6031572077053147
0,0.05155907905095761
0,0.22917049116200014
1,0.3807495987853201
0,0.18419377956983393
0,0.24083918478382177
1,0.34078867732392293
0,0.31092842427584216
0,0.049000701828679556
0,0.043673077467706205
0,0.01692835429853286
0,0.7345115209832078
1,0.6982529130758891
0,0.7748271621753282
0,0.24069360193142927
0,0.2482260805387323
0,0.3896272557276687
1,0.6639204749710022
1,0.2702739832927992
1,0.3316852839691692
1,0.6544077738584229
1,0.6788765896480868
0,0.41026297163816694
1,0.3674709147874928
0,0.35578650138135487
1,0.4372329412970768
0,0.2164781025512769
0,0.27893349143758284
0,0.27122738058170015
0,0.6547176876109368
1,0.8778985453993873
0,0.24960823723383416
1,0.7248283341371036
1,0.47809171798296946
0,0.8048955897681056
0,0.2636759912396234
0,0.38629586201773375
0,0.4735640070280808
1,0.5389087969538335
0,0.22674610846675797
0,0.02563744028257873
1,0.6987191100287176
1,0.6536717451109153
1,0.2082477910827151
0,0.2462045841154358
0,0.21250434051077574
0,0.42145356009884616
0,0.43359438574044373
0,0.20835623998406566
0,0.4066118237422011
0,0.0834030627354095
0,0.3326615222479804
1,0.6324881036226359
0,0.09433577960410242
1,0.31124474372095307
0,0.1644166917468591
1,0.7264368696895517
1,0.5852488884960962
1,0.38047491326752275
0,0.20240638508808642
1,0.7555318007805508
1,0.5443049918633848
0,0.06379163694722886
0,0.24268773031975296
1,0.3067304133679082
0,0.510247204732205
0,0.4661257434959074
0,0.01737876078307332
0,0.34998760728618894
1,0.6357736695191628
0,0.6150759882978415
0,0.18216337399298277
0,0.17112242823579413
0,0.19467809550492868
1,0.3801359441778991
0,0.41048812756054937
0,0.026406530178768383
0,0.22775148269488235
1,0.7616608655360169
0,0.47128825451712575
0,0.04247756201146432
0,0.021486950794107732
1,0.41253018039023853
1,0.5752777009652101
0,0.02467116050851982
1,0.4614351246149439
0,0.24907028549812416
0,0.4083393769612649
1,0.7647753523609746
1,0.7136247763488341
1,0.6918768334414013
0,0.33196642532608034
1,0.44883499143533934
1,0.6638966839146996
1,0.3819966017985702
0,0.5368527767728013
1,0.2717855775189647
1,0.3397570236556014
0,0.18653692631347465
1,0.2634881650043291
0,0.28853426562123524
0,0.023509865200787086
1,0.6206263702293267
0,0.8721908600196315
0,0.05400616213448556
0,0.07360824381886882
0,0.41601497739095333
0,0.13164001256402827
0,0.42720473796447506
1,0.6510824780113911
1,0.6422865114030772
1,0.686866304825793
1,0.6589511146499166
0,0.0360334931474831
0,0.23313416996636613
0,0.16596589446269489
0,0.2130100009094088
1,0.1783957642290733
0,0.26138911041768026
0,0.04257831156013336
0,0.3041552489694026
0,0.01737876078307332
0,0.4178198054058795
1,0.7912561938754676
0,0.5008098091711966
1,0.3095087193837373
0,0.2164650862093234
0,0.20943392058763274
0,0.01737876078307332
0,0.7450790831521458
0,0.35987455946229824
1,0.8371871736574581
0,0.6922416639810992
1,0.7456228251623553
0,0.04880797949232524
1,0.7552774012374017
0,0.20818543968446215
0,0.3411585725788242
1,0.7493476121001877
0,0.20221115085733252
1,0.21863774171698086
0,0.7473569644030396
1,0.704764856243672
1,0.34281638767473677
1,0.8699857309356233
1,0.20066597981285647
0,0.36155868339852393
0,0.36697376168689794
0,0.22935846461701345
0,0.03505546856295947
0,0.22743246080648824
0,0.2660329303157506
0,0.6486038718662352
0,0.24591624322502173
0,0.37478703096238747
0,0.17207535828171597
0,0.2919082285704404
1,0.6012299779261103
1,0.36020458431803
1,0.4616630968341154
1,0.7190030911416172
1,0.426474830292425
0,0.20067455072663629
0,0.1250015389053208
0,0.5983690251264344
0,0.12864424468290978
0,0.028231055898868575
0,0.19041172381446222
0,0.049822370670582344
0,0.6687073178607361
0,0.25798421426030976
0,0.5953171287541144
0,0.3746322179867395
0,0.45182942753426464
1,0.7586083472533731
1,0.5197293430650455
1,0.5583338898262951
0,0.16296645136392288
0,0.17207535828171597
1,0.708302078795149
0,0.24926684205476457
0,0.022347000067973466
1,0.2897046691747467
1,0.8238277566453853
0,0.019345476311922256
0,0.374798286516865
0,0.04743794483561662
1,0.4923717189166311
0,0.01737876078307332
1,0.6400296973610292
0,0.3275249867808246
0,0.13468220651883525
1,0.699726202009001
0,0.272717902552607
1,0.6489195094017612
0,0.029543131330232456
1,0.7308415355561396
1,0.3272619862125698
0,0.46311503668496895
1,0.43218694164739846
1,0.1945297668892614
1,0.4259934989181021
0,0.22603151335990113
0,0.20416009377449992
0,0.268387252751286
0,0.15918687803418047
0,0.32291789678440086
1,0.8079846681122186
0,0.49575003343502316
1,0.3841453113273541
0,0.32550901042166375
1,0.44927579578441257
0,0.298279971985138
1,0.5751933019018022
0,0.05562337617066883
0,0.06790227664102941
1,0.5348721609618927
0,0.19750050679264594
0,0.2122278701315148
0,0.190658772093889
0,0.021486950794107732
0,0.37388504876314743
1,0.8286831093430183
1,0.29810781160336547
1,0.8583770431762088
0,0.02563744028257873
1,0.8315419354913901
1,0.7397694924353939
0,0.03944160044409735
0,0.022347000067973466
0,0.5471484254028841
1,0.45023391853205214
0,0.644858196820296
0,0.8441627827708315
0,0.5948218060712365
0,0.22599473836812917
0,0.31284803691778484
0,0.283253876641446
0,0.19356156820379736
0,0.29580108707878133
0,0.11079186481382355
0,0.2219917632704798
0,0.037037961168429764
0,0.04595248051998014
1,0.4818991744418156
0,0.22935846461701345
0,0.6304334106677835
0,0.029140949135785153
0,0.20509495674882347
0,0.6347595696974305
0,0.28427536667201697
0,0.6785724446604389
0,0.16553731739739586
1,0.27608159017337297
0,0.022347000067973466
0,0.3000223446517325
1,0.4850482119336738
0,0.5184141036957572
0,0.16681472325140173
0,0.26498579607786366
0,0.3311831886910523
0,0.27695261689497197
1,0.5172235413103591
1,0.434628215828832
0,0.473209997218163
0,0.2351177960806789
0,0.40807767310617155
0,0.47106845589764895
0,0.27686420551951113
0,0.07178988834640095
0,0.4915655797530889
0,0.21736299769739795
1,0.5879458709870967
0,0.16640093779322107
0,0.6129228699168877
1,0.7116694035525256
0,0.0288828816621942
1,0.6637632357562514
1,0.8992118612604142
1,0.5221666378760594
0,0.48997593831596264
0,0.5693897071595219
1,0.4256030789504398
1,0.5959705934803282
0,0.1358006818190749
0,0.01737876078307332
0,0.37771572369994555
1,0.3959030463223084
0,0.17878298577670557
1,0.7548372350561829
1,0.49655999697237213
1,0.4377428369957453
1,0.3762473638632671
0,0.4321967841401922
1,0.7440631394271096
0,0.3474110638162368
0,0.1540971933205972
0,0.3966825850886543
1,0.31508484282242916
0,0.4033791067523819
0,0.49477498184537566
1,0.448397053994276
0,0.15072080946001173
0,0.296327116646892
0,0.5261012000491876
0,0.06277642569560583
0,0.21310936930217933
1,0.481295458155866
0,0.2631287888779913
1,0.40696439245617755
0,0.09867921273471486
0,0.050557798067116626
0,0.17540455972750227
0,0.21019563877615438
0,0.2432173365172719
0,0.040855099444932444
0,0.23507311093178382
0,0.23877818411809207
0,0.22257660606981358
1,0.6774309490691521
1,0.41284994568714334
0,0.519108244393288
0,0.021486950794107732
1,0.3557318773804378
0,0.01737876078307332
0,0.2623961527591971
0,0.05437692345353284
0,0.22614102837689004
1,0.30322222347165256
0,0.27695391839104894
1,0.895899352572574
0,0.5614589102125748
1,0.6155939216015957
1,0.8190167805467066
0,0.02656537244762541
0,0.022347000067973466
1,0.5207343870939991
0,0.03732195981378996
1,0.5754521522983347
1,0.7366629690910953
1,0.4941021497926057
1,0.41952767055687545
0,0.23595955097624258
1,0.8280130252407369
0,0.21111165482575944
0,0.5852197607972972
0,0.6644631002426976
1,0.353187674235918
0,0.21601167344337377
0,0.614589260629395
0,0.19217106449420632
1,0.37647763579887683
0,0.2937041091262964
1,0.6575744944217958
0,0.01737876078307332
0,0.6756485876766326
0,0.33077965336438
1,0.5854003338697322
0,0.01737876078307332
0,0.08962115541506209
0,0.029429231530200366
1,0.3420674552022376
1,0.7610757652528118
1,0.5659823595878946
1,0.5583338898262951
0,0.28114869269997955
0,0.2811356098525174
0,0.22010924309478308
0,0.5456189673154486
0,0.2810830295551597
0,0.18595796053085617
0,0.3213711264477616
0,0.29103436226211166
1,0.5137080883381996
1,0.8301242501734277
1,0.026813475141448988
0,0.04643510170978364
0,0.4474257760366021
0,0.27436037698916904
1,0.7164548668645138
0,0.022347000067973466
0,0.39525015303533384
1,0.6369178233607605
0,0.034559405404092726
0,0.14897153613728284
0,0.2657165096596561
1,0.32231779579529296
0,0.18669735187403141
1,0.5231598751417977
0,0.16965052089001928
0,0.4399407876202893
0,0.4519075624731492
0,0.12228210464799963
0,0.40623100621183383
1,0.401354056302615
0,0.4087259555829421
1,0.8373646743081596
1,0.7418682270397814
0,0.22357010558627533
0,0.07091351018621439
1,0.31868920181962485
1,0.6567351899072867
1,0.8022830093901779
0,0.18627655558247344
1,0.40829793554150967
0,0.299431806688168
0,0.20557850214197756
0,0.025102219798806235
0,0.2483759728084873
0,0.38354604553036026
0,0.2839370251152156
0,0.20207155414185304
0,0.21075795460434144
0,0.3049947613384077
0,0.15783652515790886
1,0.6118760971053868
1,0.21713857902478925
1,0.8947173827774519
0,0.21961842995413414
1,0.637665078690109
1,0.5729811953866075
0,0.6245086560407916
0,0.24601447728211423
0,0.18457188293587548
0,0.23254856477153577
0,0.5628656030053684
0,0.5472504673240182
1,0.6797426011287552
0,0.5746005442454584
1,0.3141066197733112
0,0.021308668242162473
0,0.09349671468506424
1,0.1320359823000364
0,0.253568644424493
0,0.3713445205391225
0,0.03576933124657134
1,0.23799370387189
0,0.24270405568176753
0,0.16852741769096188
1,0.2765590806496987
0,0.26932728198321965
1,0.43584211216389085
1,0.491733163589789
1,0.36377745165672903
0,0.17346613692352053
0,0.1839307520334427
0,0.2536977256711551
0,0.08378288198411056
1,0.6919353960319348
0,0.2756170596353319
0,0.21571764952027905
1,0.5230396849970002
0,0.03712444748244945
0,0.12182459462249134
0,0.16852741769096188
0,0.22312187049313423
0,0.026862026536232392
0,0.468554077095464
0,0.2754070917610597
0,0.5728336719679037
1,0.31673719097841035
0,0.01692835429853286
0,0.406399581872967
0,0.7492146105483855
1,0.23163757447997355
0,0.2310961514991537
0,0.033918215844935595
1,0.7767905996780929
0,0.4219915525769323
0,0.049123000846440994
0,0.13571846808394672
0,0.22236585025291256
1,0.7736843416503161
0,0.16599138806274905
0,0.31204280996445816
0,0.3369875326661225
0,0.13715255311769914
0,0.3126092003337549
0,0.6588870918975608
0,0.22338827851409873
0,0.18204153241080104
1,0.5072101894381621
1,0.33731701614634624
0,0.32331098180486234
0,0.3684755245598908
0,0.19255172337175816
1,0.28319484895866254
0,0.28862883970970654
0,0.24757905699292493
0,0.33204311316766905
0,0.021486950794107732
0,0.03940100890325979
1,0.2753861934255862
1,0.9030776914995872
1,0.27328189030598116
1,0.8125295237645296
0,0.8272992652829105
0,0.2521150811902469
0,0.25798352348431236
0,0.5080228166899265
0,0.47665609764150624
0,0.22305453431229494
0,0.3110819657898652
0,0.06355037267829235
1,0.36548826641052407
0,0.4222561516945424
0,0.45526771226723844
1,0.1089603910444389
0,0.037037961168429764
0,0.5562996971086668
0,0.46200374395744187
0,0.12877787101463486
0,0.11011603476853334
0,0.3264738528196506
1,0.6145372392978131
1,0.5650132879534716
0,0.2101441400194497
0,0.03677988094933921
0,0.24542734471252883
1,0.6210061215775001
1,0.7991749181976576
0,0.35497996150185845
0,0.37158945801618964
1,0.50013025912044
0,0.3938135589529222
1,0.813770041963882
1,0.30638863718020193
0,0.24229413282957316
0,0.021486950794107732
0,0.034233381772901396
0,0.32520074341145794
0,0.3649170398236456
1,0.3765444993146998
0,0.427291229123656
1,0.772269388748023
0,0.18440865845650478
0,0.2440817789777419
1,0.27038275268605466
0,0.01737876078307332
1,0.357043426054061
0,0.01737876078307332
0,0.25210556475559776
0,0.5943480185924775
0,0.6328664421014579
0,0.14178074462961376
1,0.32532380699392494
0,0.1844455953668027
0,0.12758546389854503
0,0.03865669017417718
0,0.38108680451315596
0,0.6472656137256592
0,0.2986411341363622
1,0.31302885001620295
0,0.15140717452256963
0,0.30470995404691903
0,0.03139122113299047
0,0.21299463874757663
1,0.4643220652818554
1,0.7060268247619689
1,0.7039843749724111
0,0.08667405691726626
0,0.01737876078307332
0,0.037037961168429764
0,0.23464845380337418
1,0.49105851763585534
0,0.2377354618362781
0,0.28627529286656495
0,0.19750050679264594
0,0.27591948273098316
1,0.5937170305150593
0,0.22421511513626025
0,0.2651104143027658
1,0.5957735086530238
1,0.7689687839511685
1,0.5004654928086121
0,0.4224420909525981
1,0.5387674728119687
0,0.3201410092148701
0,0.23924960108365947
1,0.50709278054979
0,0.26467459399990584
0,0.25007733808979316
0,0.3156960816071581
0,0.16125438703503614
0,0.35702833110786664
0,0.5271579994714825
1,0.2037056690496275
1,0.7457646718598104
0,0.5129637789263118
0,0.277768439027862
1,0.3760249799998543
1,0.5657047867287648
0,0.279200104665595
1,0.28339692924544885
0,0.16515542352091925
0,0.2790192541765844
0,0.26868631862166636
0,0.02968378916114238
0,0.3213326446109
1,0.5032301913893766
0,0.19000280280164789
0,0.2617482375482655
0,0.17238826332767318
0,0.3117377586344675
0,0.17356722287640755
1,0.5731111873368442
1,0.4844015399166223
0,0.393147971196439
1,0.26897723226394304
0,0.21199095956654293
0,0.03763805054503887
1,0.8054766799232985
0,0.022347000067973466
0,0.17394552867740443
1,0.5504080572739468
1,0.6372244432835498
0,0.6662903948945508
0,0.17723191254432313
0,0.25982188567679204
1,0.7137408164168831
0,0.20762537860382493
0,0.25771541167289624
0,0.1703094246113771
0,0.3800933469938753
0,0.1665301344586187
0,0.2033275530727254
0,0.12179872081820163
0,0.021313136158784947
0,0.395183403679486
0,0.5967482003089613
0,0.02563744028257873
0,0.6771141590909884
0,0.2943704348234782
1,0.7135845359207252
1,0.37709073577615293
0,0.2802069855780239
0,0.38572814584293447
1,0.4563489673858116
0,0.31743139670730114
1,0.44597864862788483
0,0.20333520265928415
0,0.19799150441764127
0,0.01692835429853286
1,0.7527711982001011
0,0.2970326799690117
1,0.8318715917454866
0,0.01737876078307332
0,0.21718290127229226
0,0.25378184015913646
1,0.3544691705438333
0,0.6370046946995878
0,0.4459036269727896
0,0.6565952468746831
0,0.28760722238504827
0,0.5090246696195111
1,0.5565621579736529
0,0.18775173271986345
1,0.21452723028819265
1,0.8824629063445737
0,0.2030573743508579
1,0.4305162321610303
0,0.19605225731330372
1,0.33306100325506577
0,0.7093117675067673
1,0.6788213104924506
1,0.6551946831488038
0,0.1443183375576798
0,0.07563823034610209
0,0.21100428351932082
1,0.7268196376779573
1,0.2899914932275424
0,0.03323406823065514
0,0.19547331072561472
1,0.8481555605112985
0,0.2526079460435929
0,0.16045147697954598
1,0.6363060351417689
0,0.1834937343365178
1,0.2682701307642461
0,0.1438836103743615
1,0.7052938025659344
0,0.24199194470468516
0,0.24698617306671913
1,0.6244377015614779
1,0.47630628729550606
1,0.4629343560206371
0,0.25905919613266193
0,0.39915760819874907
0,0.23634778951353555
0,0.4682859883572719
1,0.29716484721558056
1,0.4915595115484918
1,0.6195365653377513
0,0.6421717149542625
0,0.26604952059879267
1,0.9004465969170173
0,0.2314380843915247
0,0.212470090830949
1,0.387397660401566
0,0.09971602133613149
0,0.1270918079500069
1,0.5519270650059247
1,0.3985977640209552
0,0.16515542352091925
1,0.7175191097328079
0,0.23949025949571023
0,0.2488527356352603
0,0.07047753580551352
0,0.09250052810985852
1,0.5455243444229967
1,0.516841590517217
0,0.2763978632839887
0,0.16888005532502207
0,0.02563744028257873
1,0.8051020483772671
0,0.4707915112568747
1,0.4006132600644743
1,0.6201993068782993
0,0.13468220651883525
1,0.5542718583954945
1,0.4121819567988337
0,0.5336595949568463
0,0.20383473208294914
1,0.33148129126276626
0,0.28604229598413355
1,0.5494976784256542
0,0.262923787317313
1,0.49270191771991606
0,0.17148137621751486
0,0.38120661261132416
0,0.27609636139407967
0,0.2248983317707334
0,0.44485656279520863
1,0.6193991287459044
0,0.45666159133964557
0,0.18324317764991152
0,0.2821755908703949
1,0.4986478679985923
0,0.3128128962995491
1,0.3691463427470035
0,0.4162436908965625
0,0.20664379087414658
0,0.2329337698877155
1,0.20650761052671512
1,0.4396422368328153
0,0.3176530492178462
0,0.22634226521486656
1,0.8949135506698891
0,0.18337840299606134
0,0.03461034129561353
1,0.6269291843127031
1,0.361375497070052
1,0.6718659518298024
0,0.499582846725719
1,0.7142981124016803
1,0.6585853195259473
1,0.45383914487070176
0,0.3429866954195754
0,0.16699023867455604
0,0.09437555661846533
0,0.24017681641610125
1,0.7407088423793174
0,0.3549664501086956
0,0.16602079872218764
0,0.15490123254817711
0,0.4429538451992677
1,0.6698230317299348
0,0.4535202108281392
1,0.7382602120169635
0,0.39174385912512893
0,0.028178408086704427
0,0.03457800103576426
0,0.04652198092771762
0,0.16515542352091925
1,0.6035040370313671
1,0.6668939092359311
0,0.2149461309441182
1,0.2469617345920867
0,0.3917543033495053
0,0.30935113865893
1,0.8747853790463938
1,0.6835686610620694
1,0.5070996964229842
1,0.2727077505012761
0,0.15883288874999757
0,0.3711523374066595
1,0.523637995595371
0,0.2638334092325507
0,0.22660834170148833
0,0.1936546491158904
0,0.02563744028257873
1,0.6737851913535517
1,0.4511054752522978
0,0.5851792008023529
1,0.23776149031230467
0,0.23700796002485824
0,0.20694548646149571
1,0.5320393174654948
0,0.08851523282033379
0,0.26535679110894017
1,0.6860405690286582
1,0.68904410877987
0,0.12787497689461264
0,0.048717645076941506
0,0.1897417468903516
0,0.01737876078307332
0,0.39077196510614676
0,0.33045508316532884
0,0.36120181081929137
0,0.22301423727661857
0,0.11002253661512618
0,0.5326769162638143
1,0.6060056134697328
1,0.5263697267956975
0,0.47315709062464734
1,0.6628759804483568
0,0.39015926612808804
0,0.44526101143890245
1,0.8418888694113729
0,0.4064587716982387
0,0.22517583571225744
1,0.8430406870390028
0,0.4637066602398784
0,0.10608552503292099
0,0.11317320331367696
0,0.021486950794107732
0,0.3187865946450238
1,0.6959512849776883
0,0.01737876078307332
1,0.20650761052671512
1,0.35842947623011484
0,0.19145563296668572
1,0.7092413141924696
0,0.01737876078307332
0,0.6557413791693198
0,0.08354575719405928
1,0.5072219677163081
1,0.34873253607744553
0,0.468611020419291
0,0.3755362601669105
0,0.01692835429853286
0,0.6210290853920992
1,0.6861563253378521
1,0.5630236583405195
1,0.28399320225501024
1,0.7877324284272387
0,0.22535580646890452
1,0.3921205158942326
1,0.5857213296965965
0,0.03354751990904425
1,0.7231085415781096
1,0.7135947210710014
1,0.36289565934832557
0,0.9092333682100457
0,0.027753554257099786
0,0.19788760094689933
0,0.25047434164095683
0,0.28294279016842233
1,0.6316730536640673
0,0.021486950794107732
0,0.04151804613411941
0,0.2549357783165182
0,0.37949273176453463
0,0.38339677159464713
0,0.5062409729725439
0,0.19790987311284491
0,0.15522794441229068
1,0.4350844213436946
1,0.3030336792893764
1,0.5785938948508909
0,0.3067024113300072
0,0.16596589446269489
0,0.3431949885259585
0,0.2144122984045565
0,0.1837862479781414
0,0.01692835429853286
0,0.31703270057313737
0,0.5131124081418733
1,0.4352423285376554
0,0.2993354805434875
1,0.7067776484140168
0,0.16464662605780708
1,0.642761782836224
0,0.1741386500392018
0,0.16227470824375625
1,0.6269291843127031
0,0.22384536045212092
1,0.5247465468586043
1,0.2353138423877673
0,0.03540194159343615
1,0.26371858567578266
0,0.027753554257099786
1,0.6341882020545002
0,0.0947525861305883
0,0.22381532957004469
0,0.25011333730656177
0,0.31692613414503945
0,0.20459734009205796
0,0.3076140411880685
0,0.05049816615644777
0,0.2552799644192664
0,0.28074960829841833
0,0.6284377924547682
0,0.5905088215715945
0,0.2160401250132481
0,0.08172120402798028
1,0.6524482055064336
0,0.3430124785911738
1,0.8314525384260081
0,0.030467220266388817
1,0.29986935430234707
0,0.33013996479607793
0,0.04247756201146432
0,0.052276675259874957
0,0.02965782203151706
0,0.24119579252669723
0,0.021313136158784947
0,0.1519778201054337
1,0.6013392174507692
1,0.4167291038749212
0,0.2231556077743614
0,0.1852071473527489
0,0.20881897167955743
0,0.03863869438697875
0,0.7164837255323668
1,0.4691462436247169
1,0.8543741087084332
1,0.756633905138008
0,0.20590733965216196
1,0.5053069854612954
0,0.028355110759013816
1,0.42851661819198356
0,0.4230537184247788
0,0.46912072927517645
0,0.043673077467706205
1,0.8491105346685226
1,0.45580358629487094
0,0.0288828816621942
1,0.275204526172057
0,0.1807718931026471
0,0.2015152067994959
0,0.3167871502053634
1,0.2700028230533503
1,0.2410678105313084
0,0.2856356857010764
0,0.27103256207490894
0,0.13331663570311197
1,0.7881659349891177
0,0.6630855800358004
0,0.02575332446195218
0,0.5009086861651958
1,0.7295877195951057
0,0.7181248569232092
0,0.1206107043305792
0,0.13800935706417997
0,0.33616206386698383
0,0.022347000067973466
0,0.35027926671126025
0,0.3670349612511078
1,0.6356897667893204
0,0.6081018630178939
0,0.29200303548355955
1,0.7060147861252338
1,0.5494976784256542
1,0.41195595754774106
0,0.263380986774775
1,0.5960702363413001
1,0.14661235844919016
1,0.7497385881630344
0,0.2223735087141951
1,0.7609525824597249
0,0.3942536524492455
0,0.05171604051466298
0,0.03506136293390953
0,0.17950572425307723
0,0.029523666493430974
0,0.29516900625069886
1,0.9081999687391462
0,0.4182408870875257
1,0.38618364128111615
0,0.5228446023615108
0,0.35257492914063443
1,0.42189602907900287
1,0.24269125515235065
0,0.2591092002651675
1,0.4232545980968248
0,0.6567377549322496
0,0.08284372543908322
1,0.5354165560756243
0,0.24542734471252883
1,0.6422761175978922
0,0.054825689994677636
0,0.2261221078305581
1,0.85913448115348
0,0.2322569064486944
1,0.9092333682100457
0,0.2543009711326066
0,0.6124721038785143
0,0.4322705872422806
0,0.021486950794107732
1,0.346466732627128
1,0.2729637715523238
1,0.6918339067517874
0,0.494578633868213
1,0.5664913564717583
1,0.3645727928806177
0,0.1911675695570012
1,0.6316524188664672
0,0.23734152413364804
0,0.20383473208294914
0,0.17253821242771333
1,0.8483213216838649
0,0.021486950794107732
0,0.42810198977202957
0,0.10617136351419156
1,0.38427674011765806
1,0.5630096910082308
0,0.4022634796856763
1,0.3092838107852833
0,0.33934527749822924
0,0.19655773210089475
0,0.021827137572535307
0,0.1993352550474719
1,0.39320804971813295
0,0.01737876078307332
1,0.8642097032365345
0,0.7506729620966804
1,0.780056405317608
0,0.4671146138725062
0,0.066068111991962
0,0.2456158321540598
0,0.23169756764233623
0,0.285532979512143
0,0.029108833366449784
0,0.01737876078307332
0,0.24280848828682025
0,0.16890588489771755
0,0.05110963350590991
0,0.5397710705913958
1,0.22865757824764615
0,0.19054306729861734
0,0.06231193648238904
0,0.23352230975253965
1,0.8340900227290877
0,0.054689558345423155
0,0.1720258610267257
0,0.2695481047608245
0,0.049000701828679556
0,0.4331481818889036
0,0.33294333331202247
1,0.8842478521716858
0,0.35095417255338734
1,0.6836005645053301
0,0.3501479833760037
0,0.3090481846701513
1,0.676793758966762
0,0.07760657673063563
0,0.19886430818594664
0,0.12169273291660608
1,0.8517789717866107
0,0.041204627835096444
1,0.6208721874971966
0,0.18418332634460344
0,0.19011718710255257
1,0.6835992268299299
0,0.5083670588913893
0,0.3671006609664779
0,0.06804475171210309
1,0.407162601980547
1,0.6746436098145595
0,0.05653665630003829
1,0.24073278410094692
1,0.6122315909659559
0,0.6331385074210187
0,0.27659413940751915
1,0.6865456351823307
0,0.2132572809002348
0,0.27140809652860326
0,0.6797301693713748
0,0.4119438937103439
1,0.7099303920529659
0,0.04658816536900651
1,0.8137548200834676
1,0.43341928731418927
0,0.37083853823047114
0,0.16103199572968938
0,0.06282889694296735
0,0.6296715170147438
1,0.5827676111429043
0,0.2903689546861019
1,0.33374787372285314
0,0.03363962399820577
0,0.029289497116556668
1,0.5734458983263783
0,0.04005038916335679
0,0.01737876078307332
0,0.19619247152106614
1,0.5241291522169664
0,0.2920377186410319
1,0.37529366204223663
0,0.166867487849806
0,0.24815382938454483
0,0.5002012061248343
0,0.5166647149239902
1,0.7574663503301574
1,0.7921963262461054
0,0.5801637697300609
1,0.3681130641756382
0,0.7081913133003669
1,0.32936679579708467
0,0.039192620736581994
0,0.05138381392469001
0,0.24746953507238958
1,0.36197195691608425
0,0.07403332795524414
0,0.3625646581713021
0,0.704196666512202
1,0.4982094347055077
1,0.7776105247927053
0,0.28831837316474423
1,0.5434127301959328
0,0.32747061257805665
1,0.037391210259797816
0,0.11002152812333167
1,0.4872204892656499
0,0.3498763177149286
0,0.4954689107707042
0,0.72583368327488
0,0.33323662804039483
1,0.27341313886318713
0,0.26384318425236397
0,0.32657338864829316
0,0.0360334931474831
1,0.7232604203306213
0,0.21111165482575944
0,0.31549482656751976
0,0.7583256469680372
1,0.809553657651125
0,0.2112946061083605
0,0.08861812546402802
0,0.01737876078307332
1,0.3558404431704115
0,0.18204153241080104
0,0.6514814409065561
1,0.7626642423843795
0,0.32060481806343
0,0.1653052381614131
1,0.5441596377833452
1,0.16125438703503614
1,0.5492365719131795
1,0.6688717346620715
1,0.4625453302374002
0,0.4049756687754905
1,0.7965309223650116
0,0.20384665760359175
1,0.5275819053940466
0,0.23850658606000175
0,0.43182385848003596
1,0.5909350023352213
1,0.6331385074210187
0,0.5573578123021816
1,0.8289954824679066
1,0.7489122587978607
1,0.6514842238359363
1,0.5352486994603973
0,0.6369620865368858
0,0.29472675072083165
0,0.17544906486336656
0,0.570061127286384
0,0.22783905284601008
0,0.25926326777569536
0,0.3891901445550393
0,0.17358646068821737
0,0.20415566654803688
0,0.3248681102945007
1,0.24078531803534717
0,0.2239770479942162
0,0.022347000067973466
1,0.8024780353828354
1,0.3716687353158483
1,0.6741084603789379
0,0.0655518573074712
1,0.6418858278910425
1,0.5812997590604991
0,0.2990887069132538
0,0.4476498309331852
1,0.7305140850179319
0,0.6542732625049755
1,0.6523830684383377
0,0.01737876078307332
0,0.4081272120032104
0,0.48003644561701453
1,0.35244426604465456
0,0.32469062537128723
1,0.5965669683125535
0,0.285532979512143
0,0.39692405112505463
0,0.031080969356244784
0,0.6222515824373954
0,0.20636837996086949
0,0.2545092443657957
0,0.2457591650015883
0,0.3835303977241725
0,0.6626978462053824
0,0.2784588690468959
0,0.022347000067973466
1,0.9073280557580972
1,0.6633644827008388
0,0.3210801274354554
0,0.5505869013891586
0,0.19609323890541483
1,0.8458776611482618
0,0.15918687803418047
0,0.24801939682505758
0,0.2642160159048603
0,0.7283606264203414
0,0.05560759479990837
1,0.27340409983739
0,0.38782035281695926
1,0.3023408736081446
0,0.16801809266057188
0,0.4455706935980954
0,0.5609701480986142
0,0.5253037920472832
0,0.3329376828130804
1,0.27324652080521006
0,0.29126471087325134
0,0.17551374076035245
1,0.33559245835551077
0,0.28732395392076626
0,0.13559625148764293
0,0.044744571923612836
0,0.32143364355500736
0,0.5239109586298573
0,0.25138350413947824
1,0.33056168267608715
1,0.602394011062108
1,0.32837816982810425
1,0.3921716167665226
0,0.06885603243497734
0,0.20425369403718516
0,0.2184652202931065
1,0.22929452469158362
0,0.7164837255323668
1,0.751204242404669
0,0.44368546684178906
0,0.19750050679264594
0,0.18572170714452435
0,0.026924376162977895
1,0.22935846461701345
0,0.43056725666453305
1,0.6182598241299682
0,0.2805708994634822
0,0.4657637115082874
1,0.6656287151087646
1,0.7701532653806457
0,0.06601483218027382
0,0.18538138591000455
0,0.6577175392437061
0,0.24418142669332277
0,0.3722647413428101
1,0.2791680719851517
1,0.8646455491167292
1,0.3948558820217564
0,0.17609725738068713
0,0.2577669465248929
0,0.04435564996711902
0,0.047195770680322456
0,0.6702403832197373
0,0.27228667332921896
0,0.3216193849790794
0,0.19528904825846752
0,0.4924272080411614
0,0.10960330718071082
1,0.7279794513713659
0,0.31121766109469945
0,0.2342611200701091
0,0.01737876078307332
1,0.40062713194606075
0,0.3470886146375842
0,0.02563744028257873
0,0.03782383567683366
0,0.05733416787189381
0,0.2889694420669099
0,0.7251089149137246
1,0.7091578467680355
0,0.7502004729314512
1,0.5905900628825453
1,0.5578013089479665
0,0.3239249570969129
0,0.057018877282816974
0,0.3466092068748488
0,0.43633050516948646
0,0.01692835429853286
1,0.36091867180318954
0,0.4114821830861306
1,0.7031005852097106
1,0.536720642978003
0,0.37846512269676774
1,0.7425166830541045
1,0.6462540329370147
0,0.2798895370480698
0,0.2225505274466551
1,0.25641687935047597
1,0.7044129142773238
1,0.5420287561763619
0,0.021313136158784947
0,0.279459676109741
0,0.021486950794107732
0,0.35842947623011484
1,0.8785438488746343
0,0.14869903974697624
1,0.7615574854178259
0,0.03599292597946575
1,0.3923454355639072
0,0.3598039581168987
0,0.22367719456726776
0,0.18082600979437086
1,0.4713659397138753
1,0.5191875703300711
0,0.24724714059782382
0,0.6061955323650177
0,0.26767402302800936
1,0.5663667502166487
0,0.06317118101723755
0,0.49023894465388446
0,0.4804256717670906
0,0.021486950794107732
0,0.02575332446195218
1,0.5456068337891437
0,0.21959446428109938
1,0.6828259790917451
0,0.21148670873971015
1,0.3463363307680295
0,0.01737876078307332
1,0.48567450973048726
0,0.09364043687022007
1,0.5141529455361905
0,0.5480149618866145
0,0.19974701933362057
1,0.5128114000767898
0,0.5509134358331994
0,0.2200133355732197
1,0.7124753926905162
1,0.3773367601944876
0,0.03812545006458222
0,0.19750050679264594
1,0.5184125682094113
0,0.11630978197703234
0,0.03605184029505862
0,0.2312808202225001
0,0.37647368853302365
0,0.33299279148792854
0,0.2721524605931117
0,0.21870674734993847
1,0.6740679216344245
0,0.4493068063860655
0,0.055431272485727975
0,0.30430040424145643
0,0.23813113120891907
1,0.6700903676188954
0,0.2822142444385885
0,0.374750130190273
0,0.22209908901955058
1,0.5926586538904082
1,0.8719225653610111
0,0.19029584004934808
0,0.21927603589552766
1,0.5768505321169577
1,0.6730133126016247
0,0.1250015389053208
0,0.036380358790964004
1,0.3298367284203244
0,0.26809318921585545
1,0.02563744028257873
1,0.44211797948034276
1,0.5520928512820802
1,0.5965334284823347
0,0.3868155372068284
0,0.10807562212404595
0,0.1991790140560903
0,0.24544924947195146
0,0.03570761587893808
0,0.6723590230728673
0,0.046414350733683725
1,0.6196938635934511
0,0.03192026112908949
1,0.29995289662774
0,0.17361433052858524
1,0.44403383385890566
1,0.36364229490906963
1,0.415615310007295
0,0.5509036563139256
0,0.2245021149012245
0,0.11686418906970562
1,0.8400486147168931
1,0.4845319805966152
0,0.25220487803340924
0,0.03618477872970969
1,0.8980573201377532
0,0.20650761052671512
1,0.73211981463749
1,0.4208325073790872
1,0.7275028517194676
1,0.24297059512040894
0,0.02174750207543056
1,0.9000667015433791
0,0.26844541099534186
1,0.6200229471936031
1,0.6577877465054297
1,0.5137545305847264
1,0.5780970875644131
0,0.0685276486840605
1,0.6751825452408996
1,0.6949987755491308
0,0.5184216659895791
0,0.2917396140281286
1,0.5526780094197169
1,0.7622286291200825
0,0.19077902461326862
0,0.06348851603955448
0,0.22236585025291256
0,0.01737876078307332
1,0.7734666715544821
0,0.4536514986030274
0,0.3399209970127465
0,0.054697125092248805
1,0.8891874971765081
1,0.25374871625315765
0,0.6947913118690102
1,0.35926242965625654
1,0.577569974659818
0,0.16447962649951475
1,0.7037734565005132
1,0.369179466573283
0,0.3498064901222669
0,0.1975120651740923
1,0.7271405944116066
1,0.4570322370665312
0,0.134615411537323
0,0.34427898854204925
0,0.32467554719852515
0,0.4771784209940499
0,0.02563744028257873
1,0.5238546228789477
0,0.037037961168429764
0,0.6722461995325948
0,0.09003384777195764
1,0.36341169249086874
1,0.8217526863303196
1,0.8490739561120145
0,0.19200683093062704
0,0.18322818022997692
0,0.2275657141849551
1,0.46903080210694115
1,0.5427394363134099
0,0.09329416135443443
0,0.3460003079536306
0,0.16793741633024253
0,0.21577905165606984
0,0.18594494354667948
1,0.3841453113273541
1,0.5835762792885802
0,0.636012871147284
1,0.6605098325962683
1,0.4279978661096128
0,0.20550124994893756
0,0.31808881830547125
0,0.01692835429853286
0,0.5705647254653277
0,0.02563744028257873
0,0.028231055898868575
1,0.6027990043125959
1,0.5557258489361565
0,0.21960949679969013
1,0.43411079038542205
0,0.8947340069567686
1,0.36042265558019576
0,0.1696092027393905
0,0.4780829228094314
1,0.04135256644472531
1,0.7831898581353954
1,0.8041248666200369
0,0.28290953893667425
0,0.23676660016608814
1,0.47303792075016415
1,0.8233305272574467
0,0.1682100854426372
0,0.0288828816621942
0,0.07671404445171724
0,0.026414207445502307
0,0.03906889914046905
1,0.45769310766854177
0,0.23354910156039443
0,0.22099741695754235
0,0.029829841518781083
1,0.441490398414789
1,0.8736082445669135
1,0.5900572954339126
0,0.27153454634008145
0,0.17774421600676815
0,0.03599292597946575
0,0.2541999034397287
1,0.8245121593757665
0,0.4640879901905754
1,0.6105161979043395
0,0.25214854633477635
0,0.022347000067973466
1,0.22853475368527265
1,0.14049717962753105
1,0.1911435690374089
0,0.33692550378055
1,0.3308348853995618
0,0.18735805312958811
0,0.24352565077343113
0,0.19261338692102092
0,0.20628926774945347
1,0.7062332485394811
0,0.06215733420600959
0,0.298279971985138
0,0.20750164020822295
0,0.028231055898868575
0,0.27031697817859973
0,0.2688742360274022
1,0.6369620865368858
1,0.6948763585720474
0,0.39715623612740086
0,0.22837259152868744
1,0.19466900136615795
1,0.34597391736705896
1,0.3425110466867029
1,0.45058332126625494
0,0.04047313154499436
0,0.24771492262165307
1,0.5417330952635501
0,0.09362835281514673
1,0.6158138455576693
0,0.6826225624949187
0,0.06316050496374985
0,0.5305280357707345
0,0.554016920855217
0,0.022347000067973466
0,0.6858812220794387
0,0.17155056672736077
1,0.5288229995482917
0,0.250218700444193
1,0.30776920474531166
1,0.6953117782221943
1,0.7101131672685667
0,0.2191315146971801
0,0.6408091052959481
0,0.46310943200380295
0,0.2083836603748812
1,0.8037014632675946
1,0.31977320039739293
0,0.2652498769654291
1,0.8495819798343239
1,0.3397347537347456
1,0.01737876078307332
0,0.2744625923254823
0,0.01737876078307332
0,0.02751864298653482
1,0.7944250903767208
0,0.44337894145952245
1,0.34607493462902805
1,0.68224683138934
0,0.02821858421135543
0,0.03885559475990729
0,0.15460418456390998
0,0.24567801587917387
0,0.35050316071571275
1,0.5962796551624316
0,0.6692483546824315
0,0.26900850879805027
0,0.31429108002128636
0,0.20301844786777357
0,0.31480116804618025
0,0.40512749657473196
0,0.3549994162007695
1,0.28687286236628334
0,0.2584305860234654
0,0.2616340064126791
0,0.034535412513375316
1,0.3599084254400528
1,0.7126941679506145
0,0.2465182292129216
0,0.027265465770752888
0,0.11176341362658933
0,0.417951747456296
1,0.4019277336456296
0,0.21201483875228377
1,0.1804051887392781
1,0.42378583120633
1,0.36326390598134367
0,0.3455102442646718
0,0.1832374875043068
0,0.01692835429853286
0,0.18082600979437086
1,0.6817537216383442
0,0.3250970853846274
0,0.4405502913591067
0,0.3535637387618976
1,0.5902975269780378
0,0.26699638134368625
0,0.2665250992722878
0,0.39341921698142546
0,0.3412320330614624
0,0.09116835587208262
0,0.21571764952027905
1,0.5209279533264345
1,0.895899352572574
0,0.40794280654350284
0,0.25460488590302693
0,0.23200765354827346
0,0.3111727650443816
0,0.4035626727694725
0,0.28974899270866483
0,0.3155629857680474
0,0.2057801706365359
0,0.3375515608839685
1,0.6910423470625024
0,0.32674817528371625
1,0.4326021025164518
1,0.6269291843127031
0,0.39162715272622806
0,0.038151907924983755
0,0.688402209130559
1,0.5150438670496172
0,0.06647170064245915
0,0.4730866812710783
1,0.7049872460566896
1,0.6324328477972904
0,0.0746537314984892
0,0.22294684328059142
0,0.2597248400350336
1,0.6161727368211668
1,0.6188017521334177
1,0.4529847353130076
0,0.3442496795741457
1,0.6209402384787253
0,0.35702588948322617
0,0.024509009322181304
1,0.8552245083188993
0,0.02563744028257873
1,0.7823641421755606
0,0.04864140886029976
1,0.6269291843127031
1,0.47121064408571145
1,0.5853044859464517
0,0.1701747421112291
0,0.23064457781734554
1,0.42147856097345227
1,0.6058060166350051
0,0.031569546415195195
0,0.17551374076035245
1,0.5655276824424385
0,0.021486950794107732
0,0.40675974881881777
0,0.1578489220255518
1,0.7354573428587079
1,0.7286919527314386
0,0.2049312691863506
0,0.31649460850948613
0,0.4073060424793052
0,0.03846363487720773
1,0.1956978414681917
1,0.36405490006800806
1,0.42647358694797133
0,0.05310626628304167
0,0.20303105200266147
0,0.23914061702758513
0,0.19499821955240562
0,0.3007000178370657
1,0.6531693671760992
0,0.06316050496374985
0,0.28357796307221056
0,0.029289497116556668
0,0.17669845748055907
0,0.46514758799799527
1,0.5927175081786995
0,0.5167125248728681
0,0.6666590613340345
0,0.21158740860130554
1,0.8050322450705827
0,0.05771787843409865
0,0.3238005164239063
0,0.311206897927982
1,0.4708794967087498
0,0.01692835429853286
0,0.17911983803824588
1,0.4022874288023771
1,0.6712648663096065
0,0.25535998822187095
0,0.019345476311922256
0,0.07264791263784083
0,0.21299565998694012
0,0.2250391507417639
0,0.371289784511467
0,0.02564610007093167
0,0.22679680935951993
0,0.026890516740869463
1,0.5520023495491444
0,0.417150832565514
0,0.32699719608068983
1,0.36318385224672994
0,0.14096191674182598
1,0.7309255455163731
1,0.3300194003574489
0,0.22340434198109943
1,0.6635335555699401
0,0.562347607620512
0,0.4051218535490773
0,0.3251726039944538
0,0.257386286325968
0,0.16852741769096188
0,0.2037553058973849
1,0.6753117592811578
0,0.21598615961335552
0,0.20161783823244145
1,0.6640574084969932
1,0.17922948449542866
0,0.01692835429853286
0,0.2989794268507041
0,0.21498921384861358
0,0.3069489570750012
0,0.3158667622171639
0,0.3149947294363996
1,0.629995296482337
0,0.03148242126413143
1,0.6566500032128929
0,0.07070720187463522
0,0.030141761845036117
1,0.32584800948397075
0,0.19841493481071412
0,0.3606370313329611
1,0.32778772648967724
1,0.7290616650288995
1,0.262335915703077
0,0.1776101107479389
0,0.26546428689629614
0,0.04993204324590715
0,0.23513340187277518
0,0.5386666037101131
1,0.6628596504130193
1,0.44083521563179157
0,0.4476604539621728
0,0.22301717378026917
0,0.3877603446601868
1,0.22264239047429993
0,0.20890493687096479
0,0.40468520650126516
1,0.4594590325529395
0,0.4225950281433624
0,0.079173115621783
1,0.7460795799550648
1,0.8498846071517693
0,0.032453731065308425
0,0.036380358790964004
0,0.3143605640570906
0,0.30238027872535544
1,0.21056927689626648
0,0.07944503868364274
0,0.4024450319495805
0,0.20613632981285213
0,0.5226440312008364
1,0.8410766498000092
0,0.24161994581855806
1,0.0606742938648806
0,0.21217840205925328
0,0.2116856686024617
0,0.01737876078307332
0,0.42208474750544533
0,0.9165057771736311
0,0.34717536473394206
0,0.2680834732454754
0,0.01737876078307332
1,0.6962039606648545
0,0.2730389235636932
1,0.8904267395691972
0,0.13930101558783908
0,0.4066141321285834
0,0.041204627835096444
1,0.38979193831206904
0,0.21510782776857423
1,0.6491740420534732
0,0.25243325874049727
1,0.2900444254679303
1,0.5504364446981598
0,0.029093767523723113
1,0.23064561291494
0,0.01737876078307332
0,0.19603695820295794
1,0.34900776407390915
0,0.21734178019609768
0,0.18675124934473983
0,0.1817861950855241
1,0.35095417255338734
1,0.8817616134532736
0,0.16815338902799792
1,0.699749928027833
0,0.16616971755806287
1,0.41614439110773643
0,0.16213515754771474
1,0.3845232114329808
0,0.16880458538420579
0,0.28363326187537824
1,0.30082896078058685
0,0.47124591397579374
0,0.3248280330026163
0,0.01737876078307332
0,0.26641007467731614
0,0.051524946138936094
0,0.17575973305002826
0,0.5475899074246608
0,0.02917925848641542
1,0.4557181264237329
1,0.8045015985822784
0,0.2089198560401033
0,0.1894357649058997
0,0.15303763572454154
0,0.34011351442673354
0,0.01737876078307332
1,0.17910916295794674
1,0.7135086170079689
1,0.5064381090609782
1,0.23776501100471753
1,0.34765506394228884
1,0.5232729720990682
1,0.49711355349334263
1,0.4135410077564314
0,0.03179744261824719
1,0.6860423319432715
1,0.3303623797751452
0,0.5241403846786361
1,0.6961594717826521
0,0.28831837316474423
0,0.827034769722716
1,0.5713621822433483
1,0.5818527254280855
0,0.6805248463684795
1,0.6734985990848181
1,0.8979629641001409
1,0.6475026339724406
0,0.29514616130043614
1,0.6202453394235082
0,0.0733012574363462
0,0.24463105215061745
1,0.7042057108069584
0,0.16565062586952914
0,0.6509313814732471
1,0.8502161316604303
1,0.37508469738987593
1,0.5426978448814287
0,0.22910850477074526
0,0.18250585164016658
1,0.7048961465586359
1,0.6734985990848181
0,0.21722321190718585
0,0.2743129579960838
0,0.4286079391265022
0,0.4792188934323714
0,0.23672782739447223
1,0.3028817596775758
0,0.04672607948151228
1,0.4740792184974551
0,0.2266489929475602
0,0.19232115966727145
0,0.30160995992204176
1,0.29528195441482036
1,0.32550473152232684
1,0.32087976939768387
0,0.37305859766925176
0,0.5995850219319262
1,0.8763184074533816
0,0.2293962434069122
0,0.27461500334442707
0,0.20590089743592604
0,0.275280652466663
1,0.4178006394332681
0,0.49812989869562857
1,0.4809573681463512
0,0.2674771583591558
0,0.16515542352091925
0,0.2176587920508323
0,0.16155209113340346
0,0.01737876078307332
0,0.21026926097184728
0,0.5276549466183379
1,0.7113564062758969
0,0.045541186624771725
0,0.2492912231955328
0,0.31076796239307275
1,0.6939693237407708
0,0.468414456156124
0,0.19829772394372713
0,0.0335406757286542
0,0.12778308233800065
0,0.2028923255864815
0,0.6314075628487217
1,0.5289585943007378
0,0.2058346826271943
1,0.3887191205201622
0,0.31702858830161795
0,0.2163167390100607
0,0.17043519423237025
0,0.34014164604900465
0,0.22938083822783698
0,0.14768020988036526
1,0.6792554635540614
0,0.3086484704863367
0,0.03583182953577506
0,0.34220096583830134
1,0.5562996971086668
0,0.3188496648992845
1,0.3896781063090797
1,0.5368263181509603
0,0.02241561987135646
1,0.4165009997284024
0,0.31588882984493344
0,0.23993846276470213
1,0.3759469732202957
0,0.5224309914368782
0,0.14310374490464967
0,0.03038502292995389
0,0.2057565527592636
0,0.23724959286258712
0,0.038071151312270526
0,0.02563744028257873
1,0.06933778355404624
0,0.1825624708967288
1,0.5716902915436192
0,0.799983132184651
0,0.34289685335943276
0,0.17927577863209213
1,0.5652850897669964
0,0.2570593829918922
1,0.48556122698707416
0,0.26974328652736074
1,0.6240692618101669
1,0.5346661214376652
1,0.723274448978918
0,0.22620817514582955
1,0.8355466818416551
1,0.7533711775143448
0,0.4424177010650881
0,0.875299880896179
1,0.5221714221706596
0,0.027958257265414205
0,0.18799150545239612
0,0.01737876078307332
0,0.19223690989306094
0,0.690309152664257
0,0.19625342973297052
0,0.21392901250881635
0,0.6475785089131582
0,0.16253620249319475
1,0.8855976554315879
0,0.14584907444567222
0,0.039178930310515565
1,0.7226739359306602
1,0.5579734642871698
0,0.04928787779410694
1,0.2971693096388952
1,0.5299025418395887
1,0.32233169692877467
1,0.7334310549225402
0,0.6547876775818426
0,0.16515542352091925
0,0.5108583999341056
0,0.03656802674963005
1,0.31884722347165256
1,0.8078033089356275
0,0.022347000067973466
0,0.22148040193961727
0,0.30981589091462974
0,0.2818404528523771
0,0.2760615529096025
0,0.516346443547413
1,0.7483817095321347
0,0.01737876078307332
0,0.4406013708579158
1,0.34012296686159965
1,0.6124527218902528
0,0.2096052537162854
1,0.32994042364693726
1,0.5427095324517525
0,0.18841248359475404
0,0.36446680120352676
0,0.2198321093918825
0,0.36687248106304887
0,0.2657109591862
1,0.6224041479286707
0,0.5270397971791183
0,0.4910080710641864
1,0.47149967481547167
0,0.28007085786412345
0,0.32969465973842293
0,0.1514412603595851
1,0.42150644756725025
1,0.37402567715020746
0,0.30059889592650696
0,0.02563744028257873
0,0.22304506616659708
0,0.7504061059833663
1,0.9004294435870723
1,0.5018028173088291
1,0.31657162628916025
1,0.7794572411887163
1,0.5344539808351453
0,0.28986237106614854
1,0.2482514155281775
0,0.06836304005311762
0,0.2209161571165832
0,0.02467116050851982
0,0.2441689536889066
0,0.15803980159189068
0,0.1847056938623826
0,0.153663727610791
0,0.2062978651684771
1,0.4792981454298055
1,0.8673874291861516
0,0.34178322611638234
0,0.21884081813796835
0,0.16304038439515864
1,0.58116520002411
0,0.273411625716796
0,0.2805219095068186
0,0.04763512008355027
1,0.4063297361935586
0,0.2030573743508579
0,0.04391136667685571
0,0.14246906288056072
1,0.23031470042816737
0,0.2095947012269762
0,0.027206619888223194
0,0.04496885486613622
0,0.051995006748387404
0,0.400791471745147
1,0.6793041513242889
1,0.3919139563469645
1,0.2562604490985189
0,0.18586677677229566
0,0.3927705567980889
0,0.06128762075029281
1,0.474549258473185
0,0.6737675659427502
0,0.04648714180853819
1,0.7006030267097367
1,0.4483378481681304
0,0.03869489443633679
1,0.730901117952322
0,0.01737876078307332
0,0.0360334931474831
1,0.7238771987033101
0,0.18304255153160184
0,0.33318055998162305
0,0.233406771284093
1,0.6778548755532894
0,0.2538562052972815
1,0.6971068154392572
1,0.44500223717085063
1,0.51220649994336
0,0.26777061764117677
0,0.28137627847754954
0,0.3053715971790164
1,0.6637403711676904
0,0.3366718155307454
1,0.7604467647254269
0,0.25190336100746463
0,0.20707458595616346
0,0.3184120215255615
0,0.6011998641850357
1,0.26920301035014205
0,0.2831827806884211
1,0.2628913303267145
0,0.026158493800099512
1,0.41273909399643127
1,0.5390688420416243
0,0.18152128504980117
0,0.6410378493445813
0,0.6585327532352059
0,0.18341899093979178
0,0.01737876078307332
1,0.37960495763403257
0,0.3370087851295149
1,0.8652124323131118
0,0.16578296519454463
0,0.3496011984877879
0,0.1976688064005546
0,0.16531547629695656
0,0.10779661199191325
1,0.6667408892549692
0,0.20080875980215993
0,0.231076032287986
0,0.6900040627838855
1,0.25863226289752983
0,0.2624289143027555
0,0.2435240456184013
1,0.7299717732458897
0,0.09437555661846533
0,0.21541598328086617
0,0.25025868374166277
0,0.33768044152239574
0,0.34358079409879877
0,0.16635869038669382
1,0.7070415745201946
0,0.21760317725592207
0,0.3282550737828926
1,0.6368355034019392
1,0.6375650754400127
1,0.7445252209453168
0,0.06348851603955448
0,0.27467218048889985
0,0.18400441902234635
1,0.8812932598107469
0,0.19431599791259735
0,0.6412856700670772
1,0.8558242500770097
1,0.30543048988229093
1,0.8110900340414802
0,0.061224866078656244
0,0.705867543316812
1,0.5160429772653842
1,0.8430406870390028
1,0.9207814517689988
0,0.14846880219486275
0,0.01737876078307332
0,0.01737876078307332
0,0.3074191544577292
0,0.03125215366275887
1,0.15942575684327753
0,0.6010583628437851
0,0.36143585229340713
0,0.2124269947308421
0,0.027958257265414205
0,0.1423183830914248
1,0.5154612422203124
1,0.606681409834166
0,0.570061127286384
0,0.5690564705959384
0,0.18046261973764918
0,0.08336450414611127
0,0.06341407001302841
0,0.21149363718292297
1,0.8079089230494044
1,0.7564197226051351
0,0.19285321275207817
0,0.021486950794107732
0,0.35025716840123594
0,0.24700774925254265
0,0.26083350417800844
1,0.5594128846401301
0,0.139982237988598
1,0.5170078269788602
1,0.694399036123927
0,0.23829553997659988
1,0.5870163369694424
0,0.204368457885916
0,0.7264368696895517
0,0.20738009946137417
1,0.6491551330658865
0,0.3856335724716742
1,0.057013549475212116
1,0.8197585576453877
0,0.259842562525991
0,0.777450767557005
0,0.6371428772030613
1,0.6727116449084882
0,0.27377068216404693
0,0.24791247788791165
0,0.2849241312190065
1,0.7636959734134682
1,0.20165295316512796
1,0.4445412410369205
0,0.44381308913510564
1,0.4347448674668523
1,0.3311248101898462
0,0.2912106962084679
0,0.24521651325222993
0,0.19699170932953378
0,0.09174701803696217
1,0.8978601292014209
0,0.18445415203855736
0,0.4540825807274045
0,0.01737876078307332
1,0.5844594914826423
0,0.3602034555502997
0,0.30233845448901253
0,0.27064214203733555
1,0.6744287284909026
1,0.5161942788866504
1,0.20069763926570386
0,0.01692835429853286
1,0.8037048265344752
0,0.19382868536257825
1,0.24622573751666868
0,0.03193229617679152
0,0.6793942239304606
0,0.5025102556209561
1,0.17265289432500813
0,0.24621061101414837
1,0.8812932598107469
1,0.4808541544841175
1,0.6905545786642652
0,0.26251727533941327
0,0.01692835429853286
0,0.04306354653337207
0,0.03745741060585456
0,0.19465461211720753
0,0.06928339141223626
0,0.9004294435870723
1,0.3363961250777604
1,0.6546046645406932
0,0.6929528288165193
0,0.48055017764536123
0,0.2530688140282229
0,0.031569546415195195
0,0.44864099568139765
1,0.6957638690891521
0,0.621023693149015
1,0.5104215990697988
0,0.3078333716310276
0,0.15429737738577626
1,0.28318458853429335
1,0.7552536756784732
0,0.021486950794107732
0,0.5890261575137069
0,0.6136467949338229
1,0.35515178816889775
1,0.3944876024078319
0,0.21692849262821795
0,0.4600861491592045
0,0.2341186990772111
0,0.6855849053873638
0,0.2925484883466747
0,0.17649731247395717
1,0.7532760291788916
1,0.4866169886438731
1,0.8314038905809776
1,0.47124550543305344
0,0.2753686046340372
1,0.7001974255494512
1,0.501561615627669
1,0.4583170823986125
0,0.2931795859619234
0,0.230406295589144
0,0.07192378613385139
1,0.5830455673369133
1,0.6572184193055023
0,0.5748824531723623
0,0.07148438410634254
1,0.8315419354913901
0,0.24810694939547598
0,0.6609351786834964
0,0.33296235902206806
1,0.48871659154220953
0,0.19540910345987852
0,0.4520591082112809
0,0.17378389120856408
0,0.041204627835096444
1,0.2717855775189647
0,0.1904837935389362
0,0.2932751947574985
0,0.21110055163940872
1,0.49302624607545387
0,0.07609785376617852
0,0.37154336067262816
1,0.7050093336451424
1,0.42290623082704365
1,0.742245233856643
1,0.735495079837438
1,0.44783921709064556
0,0.19602375166775773
0,0.2163780730058261
0,0.34169573656751473
0,0.24770658815776003
0,0.23617328812772975
0,0.1766476183983902
1,0.5110119834228923
0,0.3056277619572251
0,0.2706553158803595
0,0.01737876078307332
1,0.5471484254028841
0,0.29606789777468123
1,0.2351916694750535
0,0.30293430554098144
1,0.6392950818125568
0,0.7441090775721403
1,0.3181463613048739
0,0.29866754603044604
0,0.022347000067973466
1,0.6916018049872296
0,0.27991788413445295
1,0.3815781084488909
0,0.31261074228309826
1,0.5440521454059669
0,0.6363220065718942
0,0.01737876078307332
0,0.021486950794107732
1,0.5148583080649239
0,0.39667479973650416
0,0.06576030606104107
1,0.42195829784606403
0,0.4360323301191225
0,0.5167381418793207
0,0.32203029291964286
0,0.1514412603595851
1,0.8478753559159404
0,0.5085155557833225
0,0.526489823826047
0,0.2141457452020979
1,0.4144859344504851
1,0.8333517145588655
1,0.7031679194067167
0,0.02136624834585948
0,0.32645135204481385
0,0.23979331093670284
0,0.33479990424320505
0,0.01737876078307332
1,0.8117108020482018
1,0.3255652281383401
0,0.16852741769096188
1,0.25814616925696904
1,0.7694896366341825
0,0.29593909540130275
1,0.35585261084292774
1,0.20060144091440613
0,0.21233943714144807
0,0.34551026448692757
1,0.47008124303720933
0,0.20734471577481342
0,0.07609785376617852
0,0.13896713550034784
0,0.5299352601476749
0,0.2994258186429313
1,0.5546017440122549
1,0.6206952702387646
0,0.031203549984391125
1,0.8548611631794291
0,0.36945770415177054
0,0.5352116959857948
0,0.43787837612136804
1,0.718581003392494
0,0.47835639459042545
0,0.30730980637539923
0,0.19606322246038063
1,0.41391713213655784
0,0.37983759661311545
0,0.24613459884264885
1,0.7270330416508284
1,0.6446767171743255
1,0.16941484162605316
1,0.3591886140377479
0,0.027958257265414205
1,0.37980633869761077
1,0.8989165948388891
1,0.8514818268792657
0,0.35598273154798
0,0.28825771857783633
0,0.3291561364635172
1,0.4104050693420368
1,0.6481207707257507
0,0.039178930310515565
1,0.3518979075417041
1,0.62265189374545
1,0.2331040220302914
1,0.5085358932596634
0,0.16067453019006442
0,0.328768655033202
0,0.021313136158784947
0,0.23041127879848697
0,0.23992246546002632
0,0.04598607801780255
0,0.49998680603036005
0,0.37578175341298387
0,0.17720434275047853
1,0.6277667341646284
1,0.8580832471446705
0,0.02951807358644144
1,0.9208087214403454
1,0.6589310484311287
0,0.022347000067973466
0,0.04066179952596089
1,0.6675355880615191
0,0.3495954072753412
0,0.19866227769617056
0,0.19323773330115152
0,0.19207655137850072
1,0.32737878947592514
0,0.022347000067973466
1,0.9176650937957407
0,0.041204627835096444
0,0.23133652199950303
0,0.02917925848641542
0,0.2406567975492109
1,0.7536415407860818
0,0.6396404773553637
0,0.19132484230034336
0,0.049000701828679556
1,0.23998636066817652
1,0.3516189611003953
0,0.030532219401328782
0,0.1855245295241436
0,0.021486950794107732
0,0.32705476822938273
0,0.06296823045523633
0,0.32869186644987136
0,0.12812300395996024
0,0.050121755011659296
0,0.38372471070146524
0,0.4146065904540727
0,0.2679630773318919
0,0.18282377162671323
0,0.2571482636368698
1,0.6628485765285665
0,0.6444455202356539
0,0.01692835429853286
0,0.2717045718366574
0,0.7326374538190765
1,0.8031854210297226
0,0.16852741769096188
0,0.13285406318552928
0,0.2754911493147321
1,0.3097012055943067
0,0.5593339619243533
1,0.5305062388635025
1,0.8817029816685623
1,0.20497443097578405
0,0.2968553628280206
0,0.13715255311769914
1,0.8492302849688141
1,0.49268926104142274
0,0.2998167204961107
0,0.2877595717742501
0,0.485106997919284
1,0.36766814628698313
1,0.4554691780440781
1,0.6828259790917451
1,0.2239770479942162
0,0.3376999914960196
0,0.01737876078307332
0,0.18500472626495884
1,0.8664107720355414
1,0.524003267041225
0,0.4145035790057093
0,0.028718142167629974
0,0.09130679812478568
0,0.1974382772576054
0,0.28825771857783633
0,0.22765716182179704
1,0.2801752927039161
1,0.8780788007095003
0,0.5030452662017655
0,0.34597656527645043
0,0.17669536380861128
1,0.8132509093852683
1,0.6713758288713149
0,0.26430225139028346
0,0.4812497257886757
0,0.4183805457680786
0,0.13381962780629153
0,0.3561435312508904
0,0.07062365877425805
1,0.6911022520406744
0,0.16941484162605316
0,0.6320754353421305
0,0.5614589102125748
1,0.393972300929846
0,0.0971084448068522
0,0.29490292443487093
0,0.04737078631454583
1,0.7208617303241311
0,0.3007000178370657
0,0.15645406437572507
0,0.01737876078307332
0,0.257401417089039
0,0.021486950794107732
0,0.22969430504841395
1,0.38394946460058643
1,0.4798831997090109
0,0.01737876078307332
0,0.23463278956325134
1,0.32103234526293695
1,0.7566460211840469
0,0.34281638767473677
0,0.37223843882446395
0,0.2035685152012414
1,0.15483046982693718
0,0.33837988396697294
1,0.6367144936663455
1,0.5468744097028998
1,0.8116014388007492
0,0.27853890367222733
0,0.19017409305493324
1,0.6770527111159569
0,0.16852741769096188
0,0.1423183830914248
0,0.20287440930551304
1,0.4006132600644743
0,0.036380358790964004
0,0.4650423005340554
1,0.8498855873250378
0,0.021486950794107732
1,0.17480726000482547
0,0.575585466436464
0,0.2765590806496987
0,0.44772235753437456
0,0.659200120729446
1,0.6178051296017856
0,0.30322210760190255
1,0.024396979325853992
1,0.5099559847629785
0,0.4120539124455851
1,0.5399088754321327
1,0.28380721455051144
0,0.09028062037574519
0,0.026414835409492347
1,0.672476956445602
1,0.3923104293696263
0,0.37907198971326406
0,0.2818582560770993
0,0.028055344016271938
1,0.7898995326625895
0,0.5243807158630943
0,0.2164781025512769
0,0.281338181316021
0,0.17094488522043572
0,0.22874011663749602
0,0.06683269324619337
0,0.38182806815869214
1,0.5412038784327969
0,0.24681214645524396
1,0.2885103015367902
1,0.41790211850550424
1,0.3058338858310759
0,0.23530734169530304
0,0.027958257265414205
1,0.8171622691226743
0,0.3904138591664165
0,0.23799335699469584
0,0.045508520060407974
0,0.668012508466341
0,0.5883494651538461
0,0.31354578163173513
0,0.5873867982259967
0,0.05831573411132967
0,0.058584484710454805
1,0.9140159169063672
0,0.15351868199552218
1,0.2952884092798017
0,0.2291159975753898
0,0.21703373436163506
0,0.3935358172551714
0,0.09702401693843951
0,0.01737876078307332
1,0.7325791130949499
1,0.17246659705855086
0,0.19962584989160043
0,0.40012812843689555
1,0.2935492739553152
0,0.022347000067973466
0,0.24435937795931875
0,0.6567151739176442
1,0.6136359193370337
1,0.8660296965592388
1,0.3096919430134786
0,0.3001337813599561
1,0.32276703453871064
0,0.6593562730783866
0,0.3518895696199356
0,0.2989755821920806
0,0.3986866612735861
0,0.01692835429853286
0,0.01692835429853286
1,0.3297710586630089
1,0.2166140981773489
1,0.23194208473491926
1,0.6964807300045972
0,0.5145926046819221
0,0.22938739836659075
1,0.6008271192264185
0,0.11473530950332088
0,0.16515542352091925
0,0.3593569671236128
1,0.3597183281243345
1,0.613062188463474
0,0.03925597104751026
1,0.3927173416324249
0,0.253323959131603
0,0.021486950794107732
0,0.01737876078307332
0,0.1838417963280322
0,0.23786552091648194
0,0.04246340004835136
1,0.27281489463423897
1,0.24734901722294705
0,0.16484242516625702
1,0.4777539660941617
0,0.06323576691091769
0,0.19243238027469795
0,0.3127887291423938
0,0.032342437524040826
0,0.6027079894451925
0,0.29600006365769815
1,0.8820674733694321
1,0.5099227585772269
1,0.3932418162457218
0,0.47219313853905076
1,0.6982635981946679
1,0.42603894632777006
1,0.8170721043342256
0,0.2746991539313998
1,0.4883299875061128
0,0.022379921697962227
1,0.5089374179037695
1,0.8392143763526667
0,0.28774969928677674
0,0.1993352550474719
1,0.765180372652552
0,0.18682736669175545
1,0.8052634698931243
0,0.36302439905994
1,0.49540535336620056
1,0.577335118298946
1,0.320913951680656
0,0.3367802633462179
0,0.03705855418374022
0,0.01737876078307332
0,0.03900537447031224
0,0.16489307370905673
1,0.4531264170309643
0,0.22892267267242905
1,0.8272992652829105
1,0.7009494958546498
0,0.33262106230153615
1,0.7353826192730742
1,0.5084870860053439
0,0.266037148068855
1,0.4797756635483356
0,0.3725798195092563
1,0.7343193689869305
0,0.2595091411354524
1,0.2769997907983549
1,0.5250784586557894
1,0.4306217237362895
0,0.328495306777621
1,0.7487755328136284
1,0.36260467514936146
0,0.02868131304838583
0,0.24410236694002235
1,0.5528257426551668
1,0.8237393655426839
1,0.6828294750681467
1,0.5588030291753141
0,0.21498619328246457
0,0.2179953430056575
1,0.3273057460596119
0,0.24124197887406448
0,0.466495709736672
0,0.11117693623098714
0,0.01692835429853286
0,0.17681335535882817
0,0.5020489365169705
1,0.1349202820419812
0,0.22586577865849738
0,0.7261113288508094
1,0.8255371236513345
1,0.602265635519517
0,0.2913283037195578
1,0.6624130591611609
1,0.8980573201377532
1,0.45827153470636645
1,0.6541529420489167
1,0.6968281857420915
0,0.30399268131934587
1,0.5899559454073963
0,0.28033944586613996
1,0.5835679775248498
1,0.38474125141758986
0,0.20803925517131985
0,0.1936546491158904
0,0.2857691447080535
1,0.46200736053589714
1,0.8220487245196078
0,0.5142598042666368
0,0.20030300846704027
0,0.30273304806751744
0,0.3275617024879534
1,0.8640906786096447
1,0.44838415651158847
1,0.6173857091942272
0,0.08214675497546652
0,0.23851268574858558
0,0.14525907479921552
0,0.31261074228309826
0,0.3002689887166169
1,0.48757031442849386
0,0.09362835281514673
0,0.21582766274795284
0,0.23587819222214576
0,0.19950869572550708
0,0.23564214203733555
0,0.29602081045439926
0,0.01737876078307332
0,0.2960422582343092
1,0.7723964900438397
0,0.2503315681521827
0,0.22908404875472785
1,0.30573033571700886
0,0.8252713062010807
0,0.08886094049907703
0,0.029108833366449784
1,0.17683102035043863
1,0.8481555605112985
0,0.07583131655714836
0,0.01692835429853286
0,0.021839883447350144
0,0.01737876078307332
0,0.3215604975615762
0,0.2345535104555297
1,0.8584426798801075
0,0.2798895370480698
0,0.30345021548195367
0,0.37318108292556357
0,0.20285622003090253
1,0.44839677991904925
1,0.36897910766345443
1,0.787499759401586
1,0.21392901250881635
0,0.08025230335691809
1,0.17298122664052226
0,0.29852669366644535
1,0.4425464098083386
0,0.19550771167396067
0,0.24771492262165307
1,0.797328794851786
1,0.7196912671026001
0,0.2226577919885791
0,0.48047881866113146
0,0.6607241572394528
1,0.767568606464128
1,0.596603695696531
1,0.3921024075185022
0,0.33631820916427335
0,0.4025110311397825
0,0.22746265021371279
1,0.8146789553134153
0,0.24374508718147064
0,0.3185868756579327
0,0.6286681095440312
0,0.23965662459846215
1,0.8185612504800658
0,0.2225822709814033
0,0.019345476311922256
0,0.02563744028257873
1,0.7971911993292562
0,0.3208026088902625
0,0.2266048097283576
1,0.6835870133728047
1,0.32883514816537035
0,0.0344876396870524
0,0.2546904991506286
0,0.01692835429853286
1,0.5178012000753125
0,0.45516697535106776
1,0.6642020982537544
1,0.4880633185134085
0,0.27964004996895536
0,0.16565995022027014
0,0.46167997175307657
0,0.0577646772318425
1,0.7679743881882487
1,0.5655705302249773
0,0.42380504570821126
0,0.3840219601112537
0,0.3425082515848214
0,0.42257703088645354
1,0.6029415391531122
0,0.022347000067973466
0,0.2727060929588157
0,0.15808013636745905
0,0.5165424030048178
0,0.27332976077952736
1,0.6472215209004849
0,0.25915116851199343
0,0.3018511727935637
1,0.2836300201696685
0,0.039511866428081646
1,0.8812932598107469
0,0.03571413298391555
1,0.6149252922831917
0,0.21982326855457082
1,0.01737876078307332
0,0.2815367023256127
1,0.5101190083553342
1,0.7175732810038343
0,0.02456713712464519
1,0.7080699000427063
1,0.8980573201377532
1,0.28209207961830324
0,0.37908636251515665
0,0.18812170405490947
1,0.6972041997109161
0,0.2813269148538137
1,0.36076099800713446
0,0.22812885899052232
0,0.14581928596391433
0,0.022347000067973466
0,0.0640851640587607
0,0.4689721124123267
0,0.254533765019734
1,0.8539143225784507
0,0.688198428026459
0,0.4829861956305626
1,0.3985149183551983
0,0.10325337670346997
1,0.6782512477884892
0,0.055797034662137715
0,0.41738200736863007
0,0.25067604189112136
0,0.18306973862712267
0,0.2379015806610242
0,0.32533039295154703
1,0.19796567208308927
0,0.22538938430186184
0,0.2381150467846681
1,0.7794572411887163
0,0.307283610186389
1,0.3932832987372031
0,0.24577449528942946
0,0.2922946501537667
0,0.6707770712192441
0,0.022347000067973466
0,0.31274055943464474
0,0.19162264124808615
1,0.720803653711669
1,0.7758090833735846
1,0.3060148228128006
0,0.23060116070252712
0,0.18082600979437086
1,0.573218783845613
0,0.03605674601159517
0,0.031257512288807146
0,0.1983451116743105
0,0.19822536728943663
1,0.3133111235036561
0,0.4724295188905061
0,0.30953928053632157
0,0.3317125777227702
0,0.17151748241476986
0,0.460560505013231
0,0.48527320444421473
0,0.19374068985324083
0,0.6197839676116348
0,0.29435255960571133
0,0.4263344789181852
1,0.8315046110452192
1,0.32797613664999314
1,0.31250091259696366
1,0.8300588314890998
1,0.28577057427287544
0,0.46703189182230687
0,0.3117562934805871
1,0.7520224125975441
0,0.34205196402856075
0,0.2382046939520345
1,0.4208325073790872
0,0.27452550627251504
1,0.40381486844096826
0,0.327804540357734
1,0.7470404085845743
0,0.34012296686159965
0,0.1760859672460466
0,0.5368894109826592
1,0.38890649933675164
1,0.2704457253551074
1,0.8267116736858037
0,0.16782836632099213
0,0.1988967008563459
0,0.07758824290483142
0,0.34976638396460097
0,0.6818433809239923
0,0.2539974686525804
0,0.0464238953974398
0,0.43014818285952355
0,0.18456555497066748
0,0.22340434198109943
0,0.08531996386651984
0,0.17137771881133487
0,0.2994258186429313
1,0.8901585674433903
0,0.3298818486702093
0,0.466003695567279
0,0.23565287849921676
0,0.038832545040052846
0,0.1823590898770543
0,0.28646730070861015
1,0.45619774497073273
0,0.32631647474428255
0,0.2970879270896885
0,0.029507454829938072
0,0.6920552497539434
1,0.23582550154329754
1,0.4745640517209047
1,0.6211813732936532
0,0.307568881121201
0,0.26108168899954126
1,0.6377962177677858
1,0.44767456940621686
1,0.6862429973217639
0,0.5514506763422312
0,0.3761720596986756
1,0.26602019511680447
0,0.3746429431635981
0,0.25496280193088905
0,0.43289411114379445
0,0.3458894163032825
0,0.5764872893437027
1,0.5771688117171617
0,0.4048156578837885
0,0.32032345009488966
0,0.64117285400877
1,0.4012339123837495
0,0.5584081918204321
0,0.6301616678358062
1,0.339858523215494
0,0.04082166234141828
1,0.4577149662685465
0,0.5730457411219732
0,0.39401133457572585
0,0.3793919788785433
0,0.02751864298653482
1,0.6412121013159038
0,0.23321626144989807
0,0.30226688765135984
0,0.194464452640685
0,0.01737876078307332
0,0.13086401533037165
0,0.04672211186059368
1,0.594487006441549
0,0.2584952629398173
0,0.19466900136615795
1,0.30429627048770064
0,0.22746265021371279
0,0.3289468780001582
1,0.22311528612130815
0,0.6363220065718942
1,0.3587216765980434
0,0.26033969463857326
1,0.5845041255585159
0,0.3563614213724725
1,0.3955067184163496
0,0.20646209596064696
1,0.3784476323519737
1,0.6034471400596734
0,0.2218252482657163
0,0.01692835429853286
0,0.21168709020868434
0,0.16515542352091925
1,0.6744367074709572
0,0.8788135910020368
1,0.4874862397895426
0,0.07097799718768959
0,0.03540194159343615
0,0.30692736121763703
0,0.27436037698916904
1,0.648868058326147
0,0.2965476803002335
1,0.5745179910743076
0,0.20757756171003547
1,0.20590733965216196
0,0.368208369434629
0,0.23809817409580547
1,0.3370451276568977
0,0.18312425481400474
1,0.7967159832158818
0,0.07949980329148457
0,0.23530734169530304
1,0.2273598137928647
0,0.6428256854404961
1,0.7914398185912909
0,0.022347000067973466
1,0.6042081378331742
1,0.7247873110797441
0,0.18319629250518446
0,0.1353933271667199
0,0.2021538054194583
1,0.38420535955529483
1,0.6558087223170678
1,0.2201413733875119
0,0.6380576413044273
0,0.35076934068059873
0,0.543934969107856
1,0.2558378639930687
0,0.24069360193142927
1,0.36567216993541574
0,0.20428050311432708
0,0.5632679088772247
1,0.7187174263339519
0,0.22819948996598555
1,0.5941976970601828
0,0.18627655558247344
0,0.1597482795877556
1,0.41011908783936113
0,0.08284372543908322
0,0.17109665948032066
1,0.2738969625257762
0,0.07213536079785939
0,0.3243883250788763
0,0.01737876078307332
1,0.4088209198670343
0,0.01737876078307332
1,0.7138358893223193
0,0.6751602032189458
0,0.39398635590904413
1,0.7636456287649025
1,0.3272619862125698
0,0.2276663083791299
1,0.3587216765980434
1,0.2546310334764638
1,0.3378708237354547
0,0.5935376136422819
0,0.2351398853464339
0,0.3201410092148701
0,0.21916472905730974
0,0.31337927938617216
0,0.027958257265414205
0,0.07900666775981752
1,0.7797824608269641
1,0.4024689369870172
0,0.3879857651465524
0,0.5070996964229842
0,0.3927070840687035
1,0.5445082241828174
1,0.7026961604518173
0,0.7045535135728844
1,0.5678450357504987
0,0.18964327103048717
1,0.8556369493911983
0,0.1693340004045343
0,0.18246590868779883
1,0.05882776564213222
0,0.019071971153460467
0,0.12977469590005525
1,0.6628943660163404
1,0.24240674751398728
0,0.20301803681741565
0,0.3221097155384186
1,0.5779962889903102
0,0.04265608520101616
0,0.21764790376812873
0,0.21541465764980916
0,0.20675289085093596
0,0.16861898526159633
0,0.27777431616119097
0,0.022347000067973466
1,0.8580432029703394
0,0.3348100835794346
0,0.20915064207885295
0,0.1199957634973211
0,0.028199475669606375
1,0.2938070177730124
0,0.25173262479331493
0,0.34690273358982787
0,0.10662432869115472
1,0.3207695347285583
0,0.02968378916114238
0,0.2960422582343092
1,0.874384450435054
1,0.713766131929402
0,0.20896454389676097
0,0.2300011952493208
0,0.596424957985414
1,0.6961969772007619
1,0.3173474072057039
0,0.46263293879653106
0,0.24708969954395957
1,0.6034023509137834
0,0.057433904680198516
0,0.35642724742235504
0,0.4927783073367743
0,0.2176712663419019
0,0.1884375580398012
1,0.7529826183338595
1,0.7339456675854854
0,0.25705777006409336
0,0.01737876078307332
0,0.1472233721149099
0,0.021486950794107732
0,0.32872194681490247
0,0.7936821492560755
0,0.029140949135785153
1,0.3541976366504354
0,0.16221290031510904
1,0.7397694924353939
0,0.139982237988598
0,0.6344851503446677
1,0.6839084111961342
1,0.5608454398910437
0,0.3638676424431611
0,0.46267155868226995
0,0.8270125208214457
1,0.16682050499012208
0,0.13375373529038065
1,0.3531399453223006
0,0.01692835429853286
0,0.17689052762550125
1,0.7608253084806206
0,0.17429478210733845
1,0.5502615628234382
0,0.08679355004089939
0,0.23221661754020337
1,0.4586938149557651
0,0.0994891241383703
1,0.5844594914826423
0,0.18177539211543564
1,0.857819081406991
0,0.025116324619476233
1,0.28768702511521566
0,0.3543774673110951
0,0.610453435633285
1,0.4714516430243308
0,0.09208207793595205
0,0.07779176792970371
0,0.3937008362588128
1,0.8103224459858586
0,0.021486950794107732
1,0.5923495470159664
0,0.15860344247760585
0,0.02751864298653482
0,0.45467045263396233
0,0.21582766274795284
1,0.5116333270658803
1,0.43993815338898273
0,0.32522398307450223
0,0.08786447313279594
1,0.7031280090569695
1,0.5500989636206342
0,0.01737876078307332
0,0.21400231029125644
0,0.6842652978854733
0,0.03576933124657134
1,0.3891624340148255
0,0.07758824290483142
0,0.4225633362264622
0,0.13468220651883525
0,0.22577684867735015
0,0.30973507866547173
1,0.3710072696309541
0,0.3147238563627628
0,0.2739473273616661
0,0.22261434528670562
0,0.2114845847765363
0,0.06231193648238904
0,0.10857240271709671
0,0.21018005656274014
1,0.7365933343240822
1,0.5491492389723088
0,0.47535827429700117
0,0.3177275797068682
1,0.6642088950097256
0,0.3281411074699441
0,0.3142807324392901
0,0.6301636003722455
0,0.01692835429853286
0,0.16464662605780708
0,0.3927940030649419
1,0.7509796356624018
0,0.07609785376617852
0,0.31301421716939787
0,0.4896904649868053
0,0.17974656385413765
0,0.0530058642009064
1,0.5737876446138336
0,0.42035635486386663
0,0.37479199550069175
1,0.7367298512651029
1,0.5167381418793207
1,0.44704509201823556
1,0.5290808587522445
1,0.8724911166802457
1,0.4888399481880035
1,0.8337690826418733
0,0.3819952165122207
0,0.1785561886610306
0,0.25395421281043423
0,0.6631577551799054
0,0.022759454543310745
1,0.7592617430725364
0,0.01737876078307332
1,0.2695740565109341
0,0.019071971153460467
0,0.15802057548222387
1,0.5575652322552642
0,0.2278830805810486
0,0.19602100492643043
0,0.2538737889686417
1,0.4547668556117156
0,0.23329992609259229
0,0.07609785376617852
0,0.17697011846259253
0,0.6701569654279532
0,0.05138381392469001
0,0.29307139570018775
0,0.8828992535982871
1,0.3470968673607714
0,0.2234417320700086
0,0.10554095831219087
0,0.21820338044315085
1,0.3724042531593655
0,0.039219622750213054
0,0.38760889780759117
0,0.36822210542106615
0,0.28524700249416257
0,0.5390682458762996
1,0.8401138971986303
0,0.31692613414503945
0,0.2298980489312265
0,0.3090978278443278
0,0.2132572809002348
0,0.4433728724353733
1,0.515602399173786
0,0.19565780128722804
1,0.22868945383992217
0,0.33561294930087376
0,0.39100427948560573
1,0.7058457490565277
0,0.27956477063768337
0,0.029543131330232456
1,0.42195829784606403
0,0.01737876078307332
0,0.2832362665106928
0,0.01692835429853286
0,0.026414835409492347
0,0.1823590898770543
1,0.8957308132989606
0,0.03285723389056434
1,0.25719544987182497
0,0.01737876078307332
0,0.04778416618847872
1,0.7592864772975623
1,0.6737535005814251
1,0.5682536021375507
0,0.20835623998406566
0,0.2761766317164395
0,0.2042554153580128
0,0.15017323659326923
1,0.2217332322298909
0,0.47402989217708735
1,0.5592893935053325
0,0.3311187057686295
1,0.5210416682949515
0,0.041204627835096444
0,0.2502963930169895
0,0.3495844830047143
0,0.01737876078307332
0,0.2940035414041808
1,0.5203354900755895
0,0.3962762237907116
0,0.694493869614921
1,0.6617060899498582
0,0.2347661928306338
1,0.29500722018866193
1,0.25420392433830286
0,0.2311404715374287
1,0.4595564588822045
0,0.6093837039909981
0,0.022347000067973466
1,0.6126729237209588
1,0.35890720467382653
0,0.14581928596391433
0,0.34477801711675854
1,0.4609429885453801
1,0.5494976784256542
0,0.6392868419111923
1,0.7047616562172548
0,0.19503119490468418
1,0.645067949329365
0,0.7643786802327249
0,0.2587321902483818
1,0.7339456675854854
0,0.04126118842151554
1,0.6997552003413822
1,0.6647335151925196
0,0.35861171706404565
1,0.3946250619616148
1,0.5842210859622541
1,0.604050050425352
0,0.20006165510756985
1,0.34292907442878723
0,0.01692835429853286
1,0.4214922429094961
0,0.08165839384608108
1,0.5517486889100278
0,0.019345476311922256
1,0.2932592318398731
0,0.41947256320146986
1,0.6098422431739606
0,0.31170700799522993
0,0.34121787938711207
0,0.41939489526449114
0,0.5679890403340255
0,0.67619516141211
0,0.22802103175563296
1,0.697137369785486
1,0.7780449491183383
0,0.35360249768485325
1,0.8742892699880909
0,0.17738536027465698
0,0.1711982676846809
0,0.01737876078307332
0,0.46903080210694115
0,0.039429756938629615
1,0.6567377549322496
0,0.09558734775561376
1,0.17956503172883623
0,0.2694829048479006
0,0.022347000067973466
0,0.022347000067973466
1,0.2869991731615402
1,0.7474906365579771
0,0.18386306583911002
1,0.25011333730656177
0,0.11599997864364642
0,0.16888005532502207
1,0.37139038701214644
0,0.01737876078307332
0,0.21022354955700623
0,0.0857625048641965
1,0.566587158585846
0,0.3038254427672473
0,0.16487323956322278
1,0.44932549961413687
1,0.8439868206543116
0,0.530353031548588
1,0.7844181825437594
1,0.7168033501620605
0,0.08095525577802364
1,0.508441864817276
1,0.3207271062472033
0,0.030913628736642773
1,0.68904410877987
1,0.5030375408758789
0,0.30686024981168325
1,0.3251139572142087
0,0.033918215844935595
0,0.31692613414503945
0,0.4682909055755473
0,0.2900702001401063
0,0.07392943676818316
1,0.2828070963450187
1,0.5086775358771345
0,0.4783932253179629
0,0.3103893768388377
1,0.6240757508552071
1,0.6682883960109383
0,0.18147382543393295
1,0.565076407337167
0,0.43795423158422353
1,0.6255683256266308
0,0.2025302031524214
0,0.33776145800189145
0,0.07441583885754431
0,0.01692835429853286
0,0.35155798263159804
0,0.45707915837815644
0,0.22989076815936058
0,0.18113643817940883
0,0.3091536177020356
1,0.2034965112762116
0,0.5913414124568184
0,0.17134972099543339
1,0.3872605605539074
0,0.14969298951918647
1,0.702753154141008
0,0.04763512008355027
0,0.35652387389227147
1,0.3285490148807473
0,0.2874747871224166
0,0.01692835429853286
0,0.021486950794107732
1,0.6817414787637543
1,0.8349102872679415
0,0.3191225840215756
1,0.6923332719214806
0,0.8208813299032359
0,0.3072081902590297
0,0.03515881037621998
1,0.7844707567310725
1,0.2782054976385666
0,0.03148242126413143
0,0.2155754460820459
1,0.5974728523497516
0,0.29137654766333443
0,0.11427507260402266
0,0.37598484000541404
0,0.39532970966141406
1,0.6969497160775533
0,0.01737876078307332
1,0.5111521810329546
1,0.5263650732724222
1,0.3822916343852591
0,0.01737876078307332
0,0.07889922709296612
0,0.23471511240177567
0,0.03937859027623849
1,0.40729640206530454
1,0.6064853034987568
1,0.6794133807967039
1,0.6429785455576128
1,0.41502638797192254
0,0.16515542352091925
0,0.28731471440859496
0,0.20483418315043656
1,0.7038912633929328
0,0.21784976471264528
0,0.5923546030156189
1,0.472930110030492
0,0.24997966473025704
1,0.11289330604155805
0,0.17749886421639688
1,0.6016633638530121
0,0.17617884732995523
1,0.796883291644633
1,0.7149311590083712
0,0.20996109590676165
1,0.6505474328962967
1,0.22783131074805504
1,0.7129132788841125
1,0.6985641389710462
0,0.36024053930502475
1,0.28388594566585085
1,0.33524396141108453
0,0.23193224270772
0,0.31578884961046977
0,0.20462131202993608
0,0.24963238603597895
0,0.24326712625728356
0,0.021486950794107732
0,0.2186433902240005
1,0.3236292165836332
1,0.7829115395121874
0,0.01737876078307332
0,0.1597482795877556
1,0.37896412456044193
0,0.3023352539467181
0,0.3273885463377416
0,0.1723713908060735
1,0.7405795540499106
1,0.827034769722716
1,0.7857053821839491
1,0.30318229222389914
0,0.7019535336937738
0,0.37647368853302365
0,0.23143955949550105
0,0.320202475479505
0,0.27563456386919566
1,0.7223631353504008
1,0.5045067069622053
1,0.325474685116253
0,0.35638516315172536
0,0.1780549526663659
0,0.021585373806048053
1,0.5304661575618657
1,0.7778184649341677
0,0.21545617811709208
1,0.6725129845659301
0,0.16125438703503614
1,0.8514818268792657
0,0.455492603493375
1,0.5430087881185277
0,0.35465121100381297
1,0.6634278283782995
0,0.4851436584881569
0,0.054302672616536526
0,0.22597152329804834
1,0.4456424029432606
1,0.4185244433096803
0,0.6166651465664496
0,0.44470845420099275
0,0.1634187632378573
0,0.1059067097472956
0,0.21934787904707115
0,0.251478365303148
0,0.2695788091495513
0,0.29124328713251235
0,0.23478085919934275
1,0.5799112920244042
0,0.029140949135785153
0,0.42556491883640496
0,0.16503218279248316
1,0.4919115877278862
0,0.21951289970253257
1,0.22086803865126456
0,0.03193229617679152
0,0.6639482987674984
0,0.5127659450017508
0,0.18505378498525712
1,0.4942931436581186
1,0.8247074585124725
1,0.3487886680775716
0,0.024244259585924695
0,0.17019115522031714
0,0.687361434487567
0,0.24482481224847152
0,0.24033639063702672
0,0.03294746853401287
1,0.6728135851956936
0,0.19000205888637298
0,0.3014194750215606
1,0.7058843981087857
0,0.22801971334131524
1,0.30346642410249736
1,0.5966617146890564
0,0.3167531607847275
0,0.22201538696826253
0,0.46651803305152506
0,0.2405520238358552
1,0.3039907467363067
1,0.2752667907011227
0,0.07042533684020098
0,0.4401674711565387
1,0.33888956174081464
1,0.5299308678255041
1,0.3083680745980591
0,0.32883514816537035
0,0.20073800140319104
0,0.19558693643958344
1,0.5038790920181621
0,0.18385418786139862
0,0.25790406276966793
1,0.5343332851204204
1,0.5427651071293861
0,0.8456018371992186
1,0.6354303604393079
0,0.46952550939947557
0,0.27210304784089817
0,0.3056550341787276
0,0.3588732570115854
0,0.06628461446125612
1,0.5386315486334403
1,0.38340749130807183
0,0.19141170414334568
0,0.4939218403044994
1,0.8889264432698667
1,0.7939840974604969
1,0.7876989608525484
1,0.33731701614634624
0,0.32895845307835575
1,0.8034656220181803
0,0.1673749819773799
0,0.22299477240819104
1,0.8042559862536798
1,0.01692835429853286
0,0.1831882368838507
0,0.21230140442649525
1,0.633504369480938
0,0.03505546856295947
0,0.2940251789991608
0,0.1946314525892282
1,0.8640010665503721
0,0.021486950794107732
1,0.6971796397910976
0,0.5844450319161741
1,0.16464662605780708
1,0.43215775380109717
1,0.1320359823000364
0,0.40817896080661153
1,0.06396358059392698
0,0.15153174214755094
0,0.34365457440601016
0,0.4302833587069825
0,0.19093311095881912
0,0.02727448101156968
1,0.8562576734457872
0,0.044403730235864136
0,0.2583965928038226
0,0.028231055898868575
1,0.4809384674946239
1,0.5168410818113667
1,0.7029004276112363
0,0.10966246653456191
0,0.12002284524195109
0,0.2718741150223906
0,0.22294684328059142
0,0.23412224753538785
0,0.5113065407265384
0,0.2321070406337735
0,0.23534828957040219
1,0.8803405354311366
0,0.16377828219889387
1,0.32085740948645164
0,0.24073278410094692
0,0.030141761845036117
0,0.06182392729330442
0,0.2470317133732721
0,0.03921645220106014
0,0.02136624834585948
1,0.6685645798381781
0,0.3062888516674013
0,0.13511155651558435
0,0.6037294780200835
0,0.31592661178776127
0,0.04020351051190517
0,0.38284280022650957
1,0.44500751676665
0,0.04097411147909055
0,0.44893096107793107
1,0.8648399171475251
0,0.27388775503320606
0,0.2638841817245173
0,0.24744281789114983
1,0.7223729958540108
1,0.4577045607383501
0,0.17764765196407345
0,0.0382844863162593
0,0.6314286299185359
1,0.7118934226720182
1,0.5649695322033135
1,0.34499140102997533
0,0.21125317925174777
1,0.4658276069955632
0,0.33239582283692404
0,0.19111171094422008
0,0.40012812843689555
1,0.7918160463545512
0,0.25768824476081864
0,0.1987662458607112
0,0.2174158507564527
0,0.035337960484780856
0,0.16889254658802466
0,0.36004870814919265
0,0.24449977244384632
1,0.47630628729550606
1,0.31400107867135674
0,0.23634153817308054
0,0.01737876078307332
0,0.5644261561934398
1,0.5569945452319187
0,0.24968692452049984
0,0.8663862875452308
0,0.36142797831404216
1,0.5919653411463619
0,0.07201988070823025
1,0.3557384177596074
1,0.6773994048241678
0,0.31278648922729374
1,0.5497439565211532
1,0.849785116718092
1,0.5931719204437477
1,0.44044226926628716
0,0.3583203577267417
1,0.7291499303094893
0,0.21217840205925328
0,0.28048176878215814
0,0.313901932321022
0,0.2808478262672052
0,0.3192799973083197
1,0.6002633828619957
0,0.20884649533322594
0,0.01737876078307332
0,0.021486950794107732
0,0.22415014238895495
0,0.22312981033517798
0,0.03058132493892345
1,0.3765444993146998
1,0.6978551441607607
0,0.19366326693544852
0,0.3912403807202382
1,0.8257587659092198
0,0.6032225692740358
1,0.430756667953862
0,0.4977030664213552
1,0.7618912966131306
0,0.034313928457704486
1,0.6084274757859489
0,0.02563744028257873
0,0.18231424403695326
0,0.4117817626327228
1,0.3377286878087171
0,0.5237871230203162
0,0.266447459409493
0,0.24854703703276745
1,0.6748834246171002
1,0.5043112409753098
1,0.651789702714007
1,0.5215063619066059
1,0.6389768700600097
0,0.3384815810043691
0,0.021486950794107732
0,0.02563744028257873
0,0.19750050679264594
0,0.1525625629079728
0,0.5056474229209349
1,0.7236831293554971
1,0.620824621691464
0,0.43031735467220933
0,0.03461034129561353
0,0.25168189377514066
1,0.7301874853447087
0,0.2114422734256277
1,0.3947125091424307
0,0.21947292753867842
0,0.43856210865950596
1,0.6991335809637597
0,0.31354578163173513
0,0.1450851195486696
0,0.5148435181380397
0,0.31772101262491975
1,0.5820258385188496
0,0.19040127654133476
0,0.19736468170613636
0,0.19327168400063133
0,0.30740418506708456
0,0.5771063585476105
0,0.26611245043071563
0,0.2624387206750238
0,0.07148438410634254
1,0.895899352572574
1,0.5657218741850975
1,0.6882668561776458
0,0.5120382706035665
0,0.5559598435171856
0,0.4072810448476934
0,0.14231536156553487
0,0.19750050679264594
0,0.01737876078307332
0,0.3695362009101153
1,0.37684876326038286
0,0.05940453515263547
1,0.5128622858490761
0,0.307617879952167
0,0.01737876078307332
1,0.5341091581139032
1,0.3183526180967449
0,0.03038502292995389
0,0.24462942315352623
0,0.13820467048676002
0,0.2441884040528548
0,0.6290336325828118
1,0.18570150683405326
1,0.4659665006440886
0,0.27396119713181705
0,0.022759454543310745
0,0.14675673786597598
1,0.7065992204522025
1,0.3214446131875552
1,0.7591645576524296
0,0.2971223817139513
0,0.6328425143298023
1,0.6345621955328227
1,0.3882172584011249
0,0.26792694556285396
0,0.6178944392011175
0,0.3932976362850123
0,0.01737876078307332
1,0.47820429413101023
1,0.4609429885453801
0,0.2865450783516766
0,0.1811891230017521
1,0.30597212494667947
0,0.26001147475448994
0,0.12236677510148745
1,0.6291476738414246
0,0.16867486772771093
1,0.601672365090181
0,0.27570932669621073
0,0.06754077184447697
0,0.07857035960681448
0,0.4435669961711646
0,0.2179570444206847
0,0.2963808387340955
1,0.8387392125165923
1,0.8990333020724796
0,0.030676918694482875
0,0.20352791988401947
0,0.22572497324451704
0,0.296167679883207
1,0.44551829115676295
0,0.36115758881514487
1,0.2717147529700453
0,0.2690681993931152
0,0.367070687523586
0,0.5902103334335769
1,0.6059782503696365
0,0.08679355004089939
1,0.399792814560888
0,0.18951793444788287
0,0.38141561368335475
1,0.569458256004887
1,0.4130611338618787
0,0.32291789678440086
1,0.4708794967087498
0,0.1938212918167409
0,0.2798895370480698
0,0.03545471363568075
0,0.519224567476883
0,0.026384021492939246
1,0.2768109632737042
1,0.5652850897669964
0,0.40764656610410227
1,0.5445873729703777
0,0.5471484254028841
1,0.5836274508365238
1,0.2634881650043291
1,0.3231302444145524
1,0.7845470239570419
1,0.4615052639522075
0,0.0714609871355734
0,0.2152186788806517
0,0.3769543048994131
1,0.2581918869049225
0,0.4780829228094314
1,0.5785978041954334
0,0.4643220652818554
1,0.6999854004228863
0,0.31144671749869485
1,0.2086245909771871
1,0.2761509870940695
1,0.2609990089562908
0,0.29913408545222997
1,0.7479779506330951
0,0.0855224173319687
1,0.5222807093666966
1,0.7474179508272956
0,0.2563524673903649
1,0.2565239909740188
1,0.3392698455808473
1,0.8024303608579139
0,0.14077751215410297
1,0.4211987458844479
0,0.19613470722727205
1,0.2920377186410319
0,0.3270084263854938
0,0.12188165307340307
0,0.2747500051817892
0,0.19760791423194105
0,0.053097165032691025
0,0.425852765332757
0,0.34709711280512195
0,0.1578869164938322
1,0.679809728686252
1,0.8777383996216458
1,0.5715157616816107
0,0.03071330550109371
0,0.3258699538609918
0,0.38834438587503917
0,0.22139622611731075
1,0.30686024981168325
0,0.30716521043332223
0,0.031027874345792624
1,0.11289330604155805
1,0.8075464920510118
0,0.2030573743508579
0,0.32998351173451684
1,0.7123140764145867
0,0.32053702861923733
0,0.11654211188697493
1,0.513183166402512
1,0.8755990488222662
0,0.18415723378647844
0,0.0474005537104611
0,0.26139372091714524
1,0.675255846794103
1,0.09453284020628076
1,0.25011333730656177
1,0.4382810606914016
1,0.24757251750147652
0,0.3224574944649841
0,0.22763920808449972
1,0.19390960134108537
1,0.6737675659427502
1,0.2630565734296462
0,0.26651363402628664
1,0.6863916027380049
0,0.21898050906615518
0,0.022347000067973466
0,0.21406375959091747
0,0.3404985984625239
0,0.17689052762550125
0,0.02763377990715867
1,0.5486936252001091
1,0.6675064475818442
0,0.17927084160473453
0,0.052578422602063385
1,0.3212891526955497
0,0.23614220797277424
1,0.8812932598107469
0,0.1702988322949479
0,0.03753229543968743
0,0.3150044207252545
0,0.6012466658816761
0,0.21125472108316762
0,0.36903622051636964
0,0.03763805054503887
0,0.1957711993432337
0,0.4513202751400008
1,0.6154841906656059
0,0.01737876078307332
0,0.26210852659278894
1,0.548253316365089
0,0.23885782229183697
0,0.26254670143834136
0,0.27203868699466316
0,0.6168110207931102
0,0.02917925848641542
0,0.01737876078307332
1,0.5043433356047513
0,0.022347000067973466
0,0.20126794292182804
1,0.6238548494237878
1,0.3851369809440163
0,0.417479381611017
1,0.35382233718654543
1,0.44767204803418137
0,0.01737876078307332
1,0.3642654989906733
0,0.03563599261654493
0,0.31871492591880457
0,0.61084413861608
0,0.2200550175963036
1,0.8246213611845845
1,0.7089762983267095
1,0.4798880028682431
0,0.06348851603955448
0,0.48682446931332035
0,0.5683428260673743
0,0.46280428339032453
0,0.5087143113282231
0,0.3738399994995104
0,0.36556893081345126
1,0.4687479832117199
1,0.6490251231498222
0,0.36004029833262485
0,0.029072141477189183
0,0.01692835429853286
1,0.3259056536105736
0,0.24227886187378722
0,0.04475351778780726
1,0.5059335417960854
0,0.022347000067973466
0,0.4131515102429723
0,0.29353617357694944
1,0.3453426331763028
0,0.01737876078307332
0,0.20413126364674236
0,0.06885603243497734
1,0.5771063585476105
