target,prediction
0,0.1364801992734072
0,0.10207063820742827
0,0.13715217152734516
0,0.2255063743224029
1,0.17242657879567413
0,0.15127939746250035
1,0.5489410668976228
0,0.12447252638874676
0,0.1644541369634858
0,0.1847520495182968
0,0.1067921137255288
0,0.1179343000238082
1,0.19001106663077225
0,0.3096273971517549
1,0.7833779996089714
0,0.13094292735425914
0,0.19139433526337868
1,0.2167467712682182
0,0.10575915949944019
0,0.13468317238662644
0,0.21573095240169227
0,0.45806569725888197
0,0.2878877046107952
1,0.6981646454271039
0,0.09659068840969066
0,0.5265892347020755
0,0.08523397343871819
0,0.13179242600162608
0,0.10156121846564695
1,0.7023060771063122
1,0.1494656507583034
1,0.563546952890092
0,0.12387253401885946
0,0.1183971382243714
0,0.1327904841199962
1,0.8751327618165499
0,0.09718274872892523
0,0.12055600586819999
0,0.12686137827440314
1,0.9302276317800013
1,0.6361220466075087
1,0.7393850178194695
1,0.15250282769617304
0,0.11964169120549083
0,0.11452467184457522
0,0.10171134172557303
0,0.1441673247799346
0,0.12308028225809656
0,0.16402281934435975
0,0.6010372424943963
0,0.14530402947465645
0,0.15230417547703967
0,0.19684107359888137
0,0.12650132015634824
1,0.8236679925402014
0,0.09129604277224708
0,0.11743501215994441
0,0.43243497326110686
0,0.3285331688632883
0,0.07304179132398275
0,0.17342014936354866
0,0.11175229438657076
1,0.9332759133663744
0,0.1515265091675047
1,0.8084647087411122
0,0.14358595321855402
1,0.9476575094312428
0,0.1507692922080673
0,0.08767398707034227
0,0.3125212084668952
1,0.18276578839635788
0,0.15764214651126482
0,0.14630619440808648
1,0.21656353771759265
0,0.0873426182952832
0,0.19347492731605695
0,0.08346230698604289
0,0.13836434176023577
0,0.10659223685319283
0,0.12342095137278465
0,0.20912790035846351
0,0.26903437573972355
0,0.16167596022648997
0,0.11843389470100973
0,0.1456109228597306
1,0.8615100845400494
0,0.07283627884776618
0,0.6042330058061789
0,0.17988637626010962
1,0.5883308482294937
1,0.9692196692849393
0,0.307672775877772
0,0.1296852346776975
0,0.12363632313262633
1,0.30115270419237594
1,0.440079915369783
1,0.20409896213093415
1,0.7434389720849474
0,0.4691464722995509
0,0.13947864267896057
0,0.07710449473392972
1,0.3638957696908588
0,0.13695783129545536
0,0.10768791507914785
0,0.1371206617178026
0,0.2437479748019576
0,0.12287150202588323
0,0.6900933843586087
1,0.20466891929811634
1,0.15671835872848952
0,0.08939861798065658
0,0.13190995614402087
1,0.7591271204002226
1,0.0918648072653772
1,0.4498997292005461
0,0.1190132788064722
0,0.12161434566874844
1,0.09103200512665262
0,0.11763789812423102
1,0.5489591777926074
0,0.14801578362735396
0,0.12679933719999462
0,0.10985104756513935
0,0.10853270727447302
0,0.650320361806171
0,0.12021810750814929
0,0.24296140323726112
0,0.09623132209385411
0,0.09369836887844159
0,0.21841573151708385
0,0.12511341612900218
1,0.10904680406443783
0,0.11602342228219018
1,0.9169724343556142
1,0.6878943909326286
0,0.30436392012366514
0,0.11406602806897902
0,0.09599190806339561
0,0.0814876151874251
0,0.1512043085441463
0,0.0906788577953137
0,0.096643093728458
0,0.16212500363244967
0,0.1367799998577342
0,0.09288035049971813
0,0.09435724949442842
1,0.525121134271952
0,0.7082235527940165
1,0.19756709490750599
1,0.6884362586265537
0,0.14638871516425903
0,0.1824376105292971
0,0.23270188063176345
0,0.14528080043879624
0,0.11783466437707867
0,0.1138235280472441
0,0.06504606332813831
0,0.0678315162871506
0,0.10150338402855734
0,0.24580160999950468
1,0.57573021334955
0,0.21851785117356687
1,0.23463447710543403
0,0.38287183541936065
0,0.07531083248161023
1,0.27466324841182527
0,0.16233763667688716
0,0.08101480880784
0,0.09842137009938356
0,0.09213508449667354
0,0.1031832791342632
0,0.2562911357236335
0,0.09779708023791554
1,0.4951111943686217
0,0.2846185447834935
0,0.11043662717960753
1,0.7753021007088475
0,0.09402560979431006
1,0.11850848733477287
0,0.08524311219889572
0,0.08540877239433473
0,0.2815244421012446
0,0.11559598515585587
1,0.46964554142375253
1,0.9212518495998803
0,0.09789819547616199
0,0.09726004798811644
0,0.11414910280771055
0,0.1160501058581773
0,0.24875682429487625
0,0.07403429584421613
0,0.09184887244784669
0,0.17466622125158776
0,0.09981393134332117
1,0.7687818878456487
0,0.13809797168654464
1,0.5357142812882685
0,0.1128757318344921
0,0.12140455918233949
1,0.3792882730953514
0,0.11762615994862725
1,0.7860259624563637
0,0.11850382516030292
1,0.763522938644493
0,0.11081693613520857
0,0.12669603804312357
0,0.1230239005115455
1,0.7425867306842031
1,0.3764340471904577
0,0.10079500141346796
0,0.13199722214289145
1,0.2977693737225975
0,0.4077655033902428
0,0.20044069380140447
0,0.0990046868088547
0,0.09937614418058482
0,0.19755647845231752
1,0.19400215009619665
0,0.1089533168092669
1,0.47537816649697984
0,0.15640388732584026
1,0.1923417451220447
0,0.09899218941525575
0,0.19072215778531104
0,0.45540801453943774
0,0.42349497757972965
0,0.12774397172703691
0,0.0910121982928902
0,0.11345438461225164
0,0.6172123825321115
0,0.3304640112320181
0,0.21015564963282926
0,0.14682406548036553
0,0.1581031384380168
1,0.7896980825067492
0,0.15324076924510227
1,0.9702350887977873
0,0.2769673799536422
0,0.10124709462946464
0,0.10872192975761116
0,0.10611558281071878
1,0.1967816342914268
1,0.26358194147351965
1,0.650932221054745
0,0.09317169145355261
0,0.6210403395915159
0,0.07043612069309686
0,0.1452779435903456
0,0.09550363406930891
0,0.10699236708172752
0,0.12517027665247374
0,0.09745118384429592
1,0.20200399158063623
0,0.07479244534725511
0,0.10595241567949332
0,0.11681855271862698
0,0.12091739126320611
0,0.1504994341804624
0,0.09706769487221405
0,0.17599389924575032
0,0.12945495757085826
1,0.754903358813908
0,0.11194583825761399
0,0.15779921148223958
0,0.5434161074059858
0,0.36947683589706115
0,0.19315283489126678
0,0.1215781067853105
0,0.21677337439127553
0,0.13748996467049412
1,0.7017125242142224
0,0.0867896787978213
1,0.9071626252085717
1,0.7417346742976936
1,0.13394363371087387
1,0.1550304273219754
0,0.169863597099096
0,0.10612485749604383
0,0.11170576025491895
0,0.1018916802906322
0,0.11815099342851743
0,0.0880004304381754
1,0.9381844792842834
1,0.9237536326522097
0,0.09198528813916526
0,0.315208203816267
0,0.10930745568317943
1,0.3805559326982075
0,0.16140361953993318
1,0.4306608715152101
0,0.09252028475673635
1,0.7926675180484473
0,0.11541707023359515
1,0.9806524149233062
0,0.0969301415251161
1,0.2139341707845718
0,0.12847861049624232
0,0.13306138176617313
0,0.11803426164797112
1,0.9686159072504058
0,0.1380814884298944
1,0.13145740360971528
0,0.09668476406113376
0,0.1843840224927808
0,0.17829312769340422
0,0.10075558130471597
0,0.12768641766256447
1,0.6716294507614627
1,0.5446045894344083
0,0.2412428037924457
0,0.14609293793972578
0,0.11597282613430715
1,0.8857338274001898
0,0.12280924647509553
0,0.13210931892590488
1,0.17968847461153747
0,0.09872153830650687
0,0.09646436456026514
1,0.9482339594233081
0,0.12153350291419956
0,0.07662992656507826
1,0.9649929536934743
1,0.8548957795745629
0,0.10382983365560379
1,0.8416761041858354
0,0.13436608600827568
0,0.11773358805788744
0,0.6887851800896555
1,0.6370156847084956
0,0.19733237726409047
0,0.20104671990354137
0,0.12321897635854727
0,0.17850226563160992
0,0.08483464200541976
1,0.7012193562409728
1,0.911474389174615
0,0.2625294239395861
1,0.6523235345512844
0,0.08089410865605519
1,0.7312794099326942
0,0.176263620772954
0,0.08818877548548205
1,0.346063707859151
1,0.5737228791396152
0,0.09776030977774536
0,0.6930703854273113
0,0.42210768164076534
0,0.09824475120544986
0,0.18239318652761266
1,0.7905320044746033
0,0.16372875217059144
1,0.7066050323605103
0,0.24810317863107403
0,0.14246488720816522
0,0.17175935454436825
0,0.11558449734401101
1,0.43685928084591036
1,0.7591113889312872
0,0.0877305849922506
1,0.6375569585967524
0,0.17889978959477545
1,0.7395730775632336
1,0.5421221953547454
0,0.1460403980628332
0,0.08688214219248082
0,0.103050821814943
0,0.12489859923244818
0,0.09670661571237406
0,0.08823749500978534
0,0.12270276078359621
0,0.4895478869720707
1,0.8855443221196785
0,0.10155642172807335
0,0.10157045263921308
0,0.17247866498630088
0,0.10623408269610489
0,0.11134556626827398
0,0.11191614590790318
0,0.5742356231181576
0,0.21072319063523462
1,0.8689622147825535
1,0.9483087061900645
0,0.11368634144917736
0,0.1394909772665024
0,0.19632758430339212
0,0.13147451925441253
0,0.1748885318885518
0,0.09991521927161219
1,0.2585143190976908
1,0.6640042211319478
0,0.25334460326995845
1,0.17328063823262624
1,0.9496643282092276
0,0.2064314432291472
0,0.21013239183338508
0,0.10915974314292291
0,0.13620442180301848
0,0.10400330201804378
0,0.09751860078689058
1,0.19935173477094306
1,0.3120572731584792
0,0.21581420738993418
0,0.1302804975189441
0,0.10734767240242742
1,0.6422966561844505
1,0.9153057676889474
0,0.22285688205914075
0,0.11157044240335776
1,0.344104122842705
0,0.08517052704602718
0,0.1146371372313942
0,0.10839241525290044
0,0.17078579619148873
0,0.1067945933910367
0,0.11773358805788744
1,0.7028297171089208
0,0.3723445176312861
0,0.1690907373127285
1,0.7707936858595249
0,0.1213231791725134
0,0.24299666434675454
0,0.13939447591278395
0,0.23006314493549332
0,0.09608825636935904
1,0.6117224153163452
0,0.1402990131700086
1,0.7829510147935916
0,0.10868325919843813
0,0.1172284252969663
0,0.2341081612532255
0,0.09498952604100197
0,0.15829642656072954
0,0.10339083429666068
1,0.9283558371998734
0,0.15602112172963656
0,0.14036682565705022
0,0.0934249967212679
0,0.20269189294095658
1,0.37657365195958864
1,0.5407774799383507
0,0.12315349005764796
1,0.721402348744265
1,0.49201684965358433
0,0.09353673577737132
1,0.776893500939412
0,0.44836351525017426
0,0.17924016527483583
0,0.8449991454691416
0,0.14492882546383054
0,0.09844634369079537
0,0.10344356116660819
0,0.11754661125932236
0,0.09931967733008946
1,0.8957878011019821
0,0.11323588336359569
0,0.1172697347889186
1,0.15981095434537942
1,0.4962501129323866
1,0.23321394546701216
0,0.16369574832844788
1,0.21419026829048282
0,0.13917954469171476
1,0.935304134578825
0,0.14959047493564365
1,0.6203579665869332
0,0.4535532176029435
0,0.13162914533921707
0,0.31528181335470573
0,0.08293044545104676
0,0.1990845126443186
0,0.10784243933914987
0,0.146934937335316
0,0.21667706784065985
0,0.14242719680510463
0,0.16487918805111784
1,0.97093137802405
0,0.12587993810639103
1,0.7681206632988626
1,0.5118889391043251
0,0.14360621280296365
0,0.11727241431057403
0,0.09760618311374197
0,0.13577088877488905
0,0.11318643585865457
0,0.12646713105312313
0,0.11488197896932892
0,0.20054395111198003
0,0.10055303590962629
0,0.22667393090491067
0,0.14664753724502735
1,0.8745089573896541
1,0.12987047440001356
0,0.11847975379281528
0,0.11192550698487146
0,0.13362021181885547
1,0.5576657199229247
0,0.22652080571292868
0,0.08397405506095092
0,0.17989993631084017
0,0.10638830721717327
0,0.08500223738681555
0,0.10420854175482613
1,0.13734934317974323
0,0.15050997563065338
1,0.7928154270816884
0,0.09244160504197471
0,0.10917817632055087
1,0.6968087070220244
1,0.17263363019203062
1,0.8182191876368975
0,0.685721931585691
0,0.14556225695816205
1,0.12481205427675866
1,0.6656399717387042
0,0.13139523616278068
0,0.08628159971518846
1,0.9448589742783575
0,0.08797953453623107
1,0.7397509146830711
1,0.22079289231687932
0,0.2162654342729609
0,0.36074291654360724
0,0.1313117879373252
0,0.16225913182359003
1,0.14288260588911317
0,0.10339761844258007
0,0.0947957848121879
0,0.10116990098847377
0,0.19152619213792596
1,0.1208693026976836
1,0.10737691202867786
0,0.1391102955331807
1,0.1544593166861155
0,0.1417149568142543
0,0.113357248513399
0,0.13044586533736668
0,0.1309427873500412
0,0.45485542273769547
1,0.7150517944122681
0,0.10543889025081486
0,0.13949326441312856
0,0.11225959564058545
1,0.3824702122571943
0,0.10969739010233082
0,0.1801426291045036
0,0.1279068240211542
1,0.7646659356240828
0,0.5299502997536265
0,0.13486003824524337
0,0.07853943061052358
0,0.1632459268649742
0,0.5404551563285134
0,0.1314804616527753
1,0.2853714633258013
1,0.19377547735502276
0,0.09516770419310061
0,0.3141287512723984
0,0.1688790662432851
0,0.5670157573937996
0,0.1943679416143904
0,0.10533022374394398
0,0.1031265326741069
0,0.6008234172270454
1,0.12252514283997185
0,0.09144066327308688
0,0.13060361235926882
0,0.09472213995735662
0,0.0950181340679739
0,0.11865910830754797
0,0.6526741299590479
0,0.12646713105312313
0,0.09183048483507612
0,0.32683970383954597
0,0.07181265129322081
0,0.1115771927159853
1,0.6540026058948074
0,0.1033913742112945
0,0.5540916400978319
0,0.5282662687943086
0,0.09378938142099756
0,0.17094127015108737
0,0.07985760870897968
1,0.7174077049470763
1,0.6477414976701809
0,0.11903173176066427
1,0.8744017364378952
0,0.08908222088554334
0,0.5125136198018535
0,0.11585852675284433
0,0.1019426784449954
0,0.1330650062406725
0,0.10963057303905248
0,0.08160259224418276
0,0.5146894473981697
1,0.8284232403225231
1,0.5533564472396943
0,0.14572163273814454
0,0.18324204953718948
1,0.9072408605888913
0,0.1283401274755246
0,0.15180025214843249
0,0.1291083204832028
1,0.6602485401534374
0,0.38477695251998245
0,0.10497896865966945
0,0.6987939177147351
0,0.1094239603057046
0,0.09607379170652418
0,0.18076349092507357
0,0.11213161343376202
1,0.2777495207914903
0,0.2024000069757903
1,0.9263454686685407
0,0.769537290557319
0,0.10788118318497628
0,0.41643091023157036
1,0.7279484422352084
0,0.09727990527127446
1,0.5680642030202496
0,0.14262529575917512
0,0.09656194853961904
0,0.13916064536301095
0,0.18556178062667297
1,0.6845354699216895
0,0.7444468083648699
0,0.10568326510573568
0,0.31975526692110345
0,0.10019863091497141
1,0.5508924104321307
0,0.1598416017223959
0,0.13184349651603555
1,0.39272366603889686
0,0.11685445603731907
0,0.13723534317518662
1,0.15940886212081823
0,0.25070434339284503
0,0.11543458871437298
0,0.127123532843234
0,0.09377312392158901
1,0.5292398381098546
0,0.4767634238724453
0,0.15207961965816477
0,0.46302587773444975
0,0.07879681568575898
0,0.32182643788059956
1,0.3108619844708049
1,0.5568818206077725
0,0.15037082306788926
1,0.2476777174954787
1,0.9218883127132494
0,0.12888915868949508
0,0.14121391959094345
0,0.07700201844698877
0,0.1410639644853797
0,0.11680717175059038
0,0.09617172287798637
1,0.691350853949773
0,0.12876599755562768
1,0.1820770080746499
0,0.652090893692011
0,0.4369293776070465
0,0.0860147305722114
1,0.5542640278044443
0,0.10367610463406168
0,0.5034509448657707
0,0.08650201148977979
1,0.8193931117226197
0,0.0814609475862894
0,0.20779491738341463
1,0.531086747146552
0,0.09933887448744243
1,0.9404840420364116
0,0.09032958004331186
0,0.10726185135899387
0,0.10107794917576633
0,0.10918067113946485
0,0.0790453729376948
1,0.3199190021458524
0,0.5654510443107084
1,0.7420851730448885
0,0.07623485020206831
0,0.20099580937081507
0,0.08568981294100848
1,0.3824702122571943
0,0.18132069742205498
0,0.1230821756432473
0,0.43557768098839195
0,0.07859608772790033
0,0.139148006229724
0,0.07378749265304518
1,0.16823253802038787
0,0.2752479871633044
1,0.293606648219516
0,0.112368007410253
1,0.45072769154538406
1,0.7140421668772371
0,0.1437381765995812
0,0.12123325037623657
0,0.21219926407174994
0,0.13138961926247658
1,0.9569137302717412
1,0.43663000133347163
0,0.11129793002540862
0,0.12597971805600236
0,0.1042884130678833
0,0.29761531926798174
0,0.09679245205981386
0,0.18941720370754123
0,0.08305026982534176
0,0.11106463271215601
0,0.12715822789859346
0,0.3743906211546194
1,0.7297451316334711
1,0.09297766311589327
0,0.15382486070621965
0,0.0951129501426884
1,0.7314951063950804
1,0.7001597291755883
0,0.1213288450049546
0,0.10779985245216055
1,0.21286581486715653
0,0.34934740843584783
0,0.14305149630415595
0,0.2907239204945689
1,0.6899360165176184
0,0.1442690799454565
1,0.6170281864896427
1,0.8194247686624747
0,0.11660203884653403
0,0.1370620426742749
1,0.7395219012283885
1,0.7887915297079632
1,0.969463603734495
0,0.11856560969209871
0,0.1502403336620973
1,0.8434166538709406
0,0.09526302848220633
1,0.47954310567229363
0,0.139583365207681
1,0.3371097095529451
0,0.14117458388148957
1,0.14803070851727482
0,0.10544897158284841
0,0.4829603706885458
0,0.06956620299416309
0,0.10578307733948726
0,0.09835402156173853
1,0.2499555036750469
0,0.12060449831233035
0,0.08070612471873317
0,0.13324847580120722
0,0.13710246586830716
0,0.10184178507258608
0,0.0859233444199169
0,0.14284411123877636
0,0.39077289510238855
1,0.5144427727189613
1,0.4694605745678715
0,0.16133483312345306
1,0.757840102683192
0,0.2166560942831575
0,0.15318794126036653
0,0.18900904394215287
0,0.47461428677015305
0,0.07737225817961026
0,0.09942317804602875
0,0.08169767432729069
0,0.07710449473392972
0,0.12405974760938536
0,0.62407870977069
1,0.48124365038224776
1,0.31703976968305664
0,0.13340696955455725
1,0.59897216361835
0,0.12014373683306082
0,0.0904066333844799
0,0.19501035446543555
0,0.24008790542674324
1,0.8823748457773102
0,0.18985854775441438
0,0.10161292941121094
0,0.38971947591990974
1,0.8124881241461408
0,0.24170874993082572
0,0.07404564962708148
0,0.9417328810945813
1,0.8737118089239166
0,0.4773235507799972
0,0.2831354914135433
0,0.18046969513779676
0,0.1611077727104961
1,0.5610639707923197
0,0.11661151298798085
0,0.09801438256505823
1,0.1116460332179817
1,0.23096195411824058
1,0.17566585797052017
0,0.23348207321089112
0,0.5165491495848498
1,0.693806437889911
0,0.09101269355255132
1,0.2519810377794741
0,0.13593135853132976
0,0.08980175589636777
1,0.8724285120649273
0,0.3812859404617305
1,0.6513201529684334
0,0.1617912803674495
0,0.3989040688984572
1,0.7791045868962699
0,0.10820645020304305
1,0.57553718654913
0,0.09299142791035155
0,0.40640196002814627
0,0.10239579769005375
0,0.15141340049279173
0,0.186655742305093
1,0.6487547510669244
0,0.1411889956928691
0,0.10080305062822342
0,0.06603405647225125
1,0.7697652105622003
1,0.7463970820640106
0,0.09875495681845169
0,0.09691654741821769
1,0.7861485155587075
0,0.17941703513590246
1,0.26065233361857654
0,0.09584865516514662
0,0.1123415551014067
0,0.11544851706183638
0,0.11568443093307464
0,0.1637294737560512
0,0.2450152597481453
0,0.11667308601024874
1,0.8201803632203819
1,0.9686159072504058
0,0.13852646785781073
0,0.13496210013158733
0,0.12221973654790785
0,0.1843121181495894
0,0.08977035301428661
0,0.17405085147933175
0,0.35821537766896644
0,0.09272213985989408
0,0.11518664561113444
0,0.1298591614630329
1,0.39698292397501045
1,0.2591372513148781
0,0.16741732859836195
1,0.6895243415254134
1,0.5444866709778509
0,0.2257411935219339
0,0.6582009004705037
1,0.9565792984972487
0,0.1303117959169302
0,0.08551080759807027
1,0.7525776133859612
0,0.0941710206795755
0,0.11988433683953338
0,0.17298807145468523
0,0.1447670970825942
1,0.0863794729485423
0,0.08056055424267186
0,0.1828313792365666
1,0.9268689890417519
0,0.11637698959287042
1,0.6655264828230579
0,0.08939584361431854
0,0.09645736752884701
0,0.0931065680728752
1,0.15991499192413317
0,0.1392901561247405
0,0.10394399707191983
0,0.13310583332065204
0,0.1874018785181927
0,0.10174680090041326
1,0.8582306240268452
1,0.776498594122169
0,0.10339639053057437
0,0.1191452157328229
0,0.11308225134053494
0,0.09188147615647271
0,0.09776976999267634
0,0.14609571090572557
1,0.8762247440315478
0,0.09850678108180673
0,0.4794625592933017
1,0.7527335951096126
0,0.12026388033644726
1,0.6690301820131968
0,0.17771295737937337
0,0.0701033511591571
0,0.25884306726182105
1,0.32017778650462875
0,0.1592801051411654
0,0.0958780233278331
1,0.6813936734024993
0,0.14914779784162108
1,0.9144630253569276
0,0.10111306515516248
0,0.08551489219537453
0,0.7236568386002966
0,0.1078477759928634
1,0.7017038574102589
0,0.20494905352498125
0,0.09465991529809673
0,0.08713050885101828
1,0.6691792483836757
0,0.12063642291027384
0,0.17851641080479871
1,0.6595907656322012
0,0.08339283430808704
0,0.25688027592592333
0,0.11804142834548226
0,0.5722769071802084
0,0.3121668132195713
1,0.8239495131215281
1,0.1417850963499463
0,0.09393406559124554
0,0.19661565802684963
0,0.1476431104901316
0,0.0892752022863715
0,0.10573738162887993
0,0.11946372637204167
0,0.5293218954483324
0,0.1114361221260864
0,0.12256315840245736
0,0.13170220283523218
1,0.5388809349127509
0,0.10705810944142255
0,0.14284084267735364
1,0.28723730887519955
1,0.46603992380236514
0,0.09250872610836906
1,0.7587670535067901
0,0.19605578444801786
0,0.10411977849675538
1,0.5457302131142803
0,0.61717091827475
1,0.6645580642896144
0,0.1899838868765531
0,0.17251600126670166
0,0.2328431081350493
0,0.14629388174677768
0,0.09859598406464053
0,0.116352415785022
0,0.20533104356491247
0,0.1299559964990193
0,0.1632603579625306
0,0.1301017050297456
0,0.10252774190736368
0,0.6940573827684022
0,0.12047061630553506
1,0.7375491765289256
1,0.7548768129525694
0,0.7130805448456253
1,0.1663666019508136
1,0.5012422440926106
1,0.1142274064902603
0,0.13955154912159046
0,0.08065500373306904
0,0.11786405878048471
0,0.7311304086825836
0,0.11340867388109716
0,0.6940451825159077
0,0.2491341470024699
0,0.13973084560114338
0,0.10043825187001655
0,0.09286767189630214
1,0.6384435238690289
0,0.20688031017983735
0,0.44784592882485946
0,0.12087740097677048
0,0.09500426106015458
0,0.13509121109605193
1,0.5590769088977527
0,0.08052713614522214
1,0.9779532847851518
1,0.826128730841934
0,0.17578705529055277
1,0.3091895240120116
0,0.12420797213749882
0,0.21717949836514497
1,0.18595868377090735
1,0.34609685525647843
1,0.27251164996281513
1,0.8619739537848041
0,0.7950955835046607
1,0.37000322370127475
0,0.09219829177227033
1,0.8797744923793264
0,0.12093500732650407
1,0.6953584664900119
0,0.12244986032135109
0,0.11921568786286375
0,0.19187816683135325
1,0.3901488218992414
0,0.11962605462008453
1,0.1669749545666986
0,0.0961119783844792
0,0.09405891223784565
1,0.8103000922356652
0,0.08346230698604289
0,0.6555210591604494
1,0.696216917091571
0,0.5974569167287397
1,0.44883745021992455
0,0.1510124669256059
0,0.22980485544891902
0,0.151377481635348
0,0.11198102953934169
0,0.10241272847957208
1,0.14530222292988856
1,0.10359612137486021
1,0.6822446572610402
0,0.34018811157950124
0,0.7505347614270723
0,0.1540495298159314
0,0.093091827747957
1,0.2042904253117477
0,0.14329029906408025
1,0.7090469532222866
0,0.0928304511239805
0,0.1580481728261155
1,0.10268023253046857
1,0.413190007078403
1,0.7456532398363703
0,0.13796700873421666
0,0.10108065811190815
1,0.7222692817467519
1,0.2977869295964203
0,0.10943617024142178
0,0.13169553465775397
0,0.16459311464763154
0,0.1169520438355367
0,0.15784364538357792
0,0.10747665669870626
0,0.08973003766363026
0,0.11120936846879213
0,0.12653756066028363
0,0.08251903708514628
1,0.1542486300947236
1,0.8025558610688537
0,0.12446252837025322
0,0.06534718090688621
0,0.16133774502072987
0,0.09464988259041375
1,0.9037744401562768
1,0.857842171816439
0,0.08170973116347985
1,0.2229236271090113
0,0.09765257115126516
0,0.12371097510602351
0,0.20480098556856902
0,0.47060480021174994
1,0.5750879294046446
0,0.0922978277014526
0,0.11277300581602816
0,0.19264877729932314
0,0.11413494053425671
1,0.27993940885415075
0,0.08145764752881617
1,0.1377071611723636
0,0.08462487880244975
1,0.4407383246001853
0,0.13453203161321264
0,0.10020638761021487
0,0.11307977807307598
0,0.12498985741984706
0,0.12742689229897478
0,0.10790914226200315
1,0.6928368080889059
1,0.7105033675883781
0,0.14072119559678412
1,0.142969801089421
0,0.14613452743120664
0,0.07304179132398275
0,0.09201843092870163
0,0.12852290674435002
1,0.17693427231321385
0,0.08534101822709249
1,0.7646969292456112
0,0.08832215628947993
0,0.1311152438034585
0,0.0990173146472435
0,0.5731777446621037
0,0.15049861361725864
0,0.08633524324720582
0,0.10814257215606403
0,0.0830891701680484
0,0.14799693258917218
1,0.7325937457405365
0,0.12697990846971097
0,0.0707698419969961
1,0.8919952704414551
0,0.2571477111356519
0,0.10616960148857635
0,0.10368799901972964
0,0.28657720765923406
0,0.09060179205000335
0,0.22927236956259955
1,0.6351302324720092
0,0.07881639909513381
0,0.10609223304475085
1,0.5724968506835606
1,0.8682664937005576
0,0.2078457119927559
0,0.11815980882101097
0,0.08081474304263982
0,0.11441767012596159
0,0.14110565821550974
0,0.16517833069031124
0,0.29339934483855273
0,0.12766658487991134
1,0.7376848609045938
0,0.6404496176485409
1,0.5440265205086688
0,0.46780858005775133
0,0.12971082653300284
0,0.13087896191097084
0,0.0938027182840208
1,0.35994539960346866
0,0.07435790871919232
0,0.5198989023265264
1,0.751793369486766
0,0.10785869239023292
0,0.253831987973731
0,0.09676645889722074
0,0.11449460889752544
1,0.41676999414586846
0,0.1027834825422929
1,0.109309171049186
0,0.1486128711860815
1,0.19163240850448549
0,0.1343160761188515
0,0.15519800356067867
0,0.13784361555155125
0,0.09439490664470127
0,0.12331541923142728
0,0.06956620299416309
0,0.16080122002536001
0,0.1280644926212757
0,0.1425795756420805
0,0.12467710950837736
0,0.1377811366647396
0,0.1363772356863559
0,0.1328221647343211
0,0.4554795130716826
0,0.1963983350157081
0,0.102741060565211
0,0.3346783481211317
0,0.22193814894564406
0,0.11317113150403367
0,0.11666217437697671
0,0.08740406409414529
0,0.4842552427147552
0,0.09893232561479091
0,0.11604383346566784
0,0.1368905077591952
0,0.16508021266205494
0,0.178524227920643
0,0.11357699392799712
0,0.133479256058858
0,0.1906983438841082
0,0.07684360965895208
0,0.0870568454762153
1,0.9099265666974581
0,0.39378359370771837
1,0.8173441762557828
1,0.4921749034696932
0,0.17343931447003677
0,0.07800438598256662
1,0.15542947299929416
0,0.1623328844040003
0,0.09722370215027817
0,0.1923417451220447
0,0.669793665600879
0,0.09430686662427548
0,0.09979131415146456
1,0.7707505074985599
1,0.5332297406123149
0,0.09641936321152186
0,0.08828563904249306
0,0.21122463559402702
0,0.19211197859687607
0,0.12049929486305123
0,0.14100407335346785
0,0.5331339552946679
0,0.09793091748622657
0,0.22476311429618756
1,0.8274993027164184
0,0.11353692869940453
0,0.5836127129795797
0,0.09414736260480301
0,0.19778476234024706
1,0.1059412930276625
0,0.06398524081291634
0,0.0950326066742681
0,0.11057722943154126
1,0.3587961553601362
0,0.35028303012257206
0,0.10189555693554818
0,0.17881508435679885
0,0.22184917984264574
0,0.12592669885489455
0,0.6203579665869332
0,0.20165552410997387
0,0.522372388568676
1,0.825258831604079
0,0.13139276700166866
1,0.919287051634997
1,0.32167236491413786
0,0.10333177290209154
0,0.5171446274692831
0,0.1318125820559202
0,0.16654794753374066
0,0.0842017228715561
1,0.21213307234455112
1,0.150547789694122
0,0.18141313180801674
0,0.09748533575270267
0,0.14606354425695528
0,0.41339622247168606
0,0.09019847144333255
0,0.6896727349113797
0,0.12799998594533193
0,0.0912682947802329
0,0.08728998949468135
0,0.25957756641759216
0,0.19375193567681936
1,0.17524425678082758
0,0.09988268950521127
0,0.06820473081553727
1,0.8542417477141082
0,0.1362812615848691
0,0.1589259739375377
0,0.11629868097654864
1,0.6652311661072217
1,0.25802530467602075
1,0.9429051155621712
1,0.8672324064040494
0,0.11427024427316052
0,0.08095320002850859
0,0.20572821324268875
0,0.2281950471804426
0,0.14598818441011033
1,0.4172060143358333
0,0.08051653402766937
0,0.1264855119043923
1,0.8048124213700941
0,0.5238948852169732
1,0.2670450849244211
0,0.1271165185285086
0,0.15372241830220526
0,0.6583314963286439
0,0.08295851881799125
0,0.09156955057280977
1,0.6911977633400713
0,0.12537223263101677
0,0.13823148760095894
1,0.599784851710699
0,0.10804904352257515
0,0.12542522951275115
1,0.08583125033239611
1,0.8914746800104996
0,0.5068093036980573
0,0.08190116544353994
0,0.5759676915693102
0,0.16347540898772348
0,0.1785020026763554
0,0.09265371932069236
1,0.5485706523605451
0,0.6047640841189098
0,0.19446512676151606
1,0.23999212087006935
0,0.11220813973628141
1,0.26012208693984273
0,0.32380529174479494
1,0.10953010265284462
1,0.24432387311444084
0,0.07467277947641297
0,0.09716279454122563
1,0.08909296164188847
1,0.1583068210488619
1,0.6545981723157493
0,0.11323010155673134
0,0.10646186105395848
0,0.20745150332560902
0,0.09402560979431006
1,0.37975493661568244
0,0.23928901402775113
0,0.10753737139797964
1,0.8924712352005927
0,0.37573744476509213
0,0.2634966053975039
1,0.5650418115898751
0,0.08539276532641406
0,0.1369124507900716
0,0.6472061945100298
1,0.19335136944260561
0,0.17484338671246957
1,0.13629318904474988
0,0.13888821050721803
0,0.1450038579171408
1,0.6587362900887832
0,0.5885835552801172
0,0.14077645022073978
0,0.11949429936896006
1,0.6934880633674774
0,0.13229864446675174
0,0.11934842505469875
0,0.09608182445555634
1,0.42610301015792
1,0.9056448827654175
0,0.14877247787990855
0,0.13573801259134466
0,0.11106463271215601
0,0.15441100276316982
0,0.17506019684277538
1,0.9279907013159295
0,0.2721753399519298
0,0.24510929501125683
0,0.15497111810915912
0,0.11448608562813496
0,0.17889469672425196
1,0.791240106302031
1,0.2139242399714253
0,0.10895342387451379
0,0.11745498242696278
0,0.13030974416486807
0,0.5255353409105885
0,0.12955024973839452
0,0.10419744325196505
0,0.21525691296745703
0,0.7676999248175163
0,0.5215050129835503
1,0.7331744105280991
0,0.09082210552315766
1,0.7157926296501582
0,0.469461670895246
0,0.43944893623932324
1,0.7817684942951335
0,0.12766235674281529
0,0.1782378568347602
0,0.07951647184319768
0,0.09685176263929399
0,0.13282461467493167
0,0.15933772537335367
1,0.534176164960584
1,0.9110011083061254
1,0.5280598094612164
1,0.6469519933473092
0,0.11356014116702769
1,0.8810322182288088
0,0.12201422587659631
0,0.5755766663043682
1,0.1296533622218238
0,0.12897182702643614
0,0.137441884842919
1,0.9668043795203604
0,0.5614929553795517
0,0.1565639999081645
0,0.6598814718689255
0,0.12545824702165992
0,0.09445963639629446
0,0.09259837357139498
0,0.12563609188102004
0,0.12754750346853638
1,0.3961452591431859
1,0.9416125589377677
0,0.3632954756852993
0,0.2205027394881349
1,0.12793562181951915
0,0.10519214904496674
1,0.7146083415039132
0,0.22514676679697762
0,0.10535763636389078
0,0.13901397005695604
1,0.7150044702622675
1,0.5645736310829775
0,0.11579229599776034
1,0.8979074288514208
0,0.12994220492068206
1,0.19488844504966124
0,0.6429494644903938
1,0.7813496680682697
1,0.9597127691216483
0,0.16239225760030201
1,0.2073211977732042
0,0.13343427151303233
0,0.10412196315654706
0,0.08999050991919992
0,0.19376176049439522
0,0.08779751525214521
0,0.09050460318087625
0,0.11299045915797079
1,0.48310699460587503
0,0.09301790986020168
1,0.9175360127810694
0,0.13356663466468785
0,0.22311143448062468
0,0.5519132838095244
0,0.06526337524977699
0,0.11678434424191428
0,0.11429652484279827
0,0.9017452696099478
0,0.09837789677609175
0,0.6550303993728529
0,0.13655156987721473
0,0.12672693883097094
0,0.10475480551776857
0,0.15952602397986626
0,0.2796848199772316
1,0.2583803884631425
1,0.13908003591222093
0,0.21143325470649463
0,0.2155791244319683
0,0.08738026289120188
0,0.2665458579034081
0,0.40600922756649105
1,0.5852822756758401
1,0.7049872441265577
0,0.09945339719101357
0,0.0802644015716053
1,0.5295121093971535
0,0.10480455481569592
0,0.1131129351792716
0,0.14927178071079336
1,0.6529376348853722
1,0.6861139690460127
0,0.11512260596396731
1,0.16162446438547995
0,0.10212117380340523
1,0.17690216991183905
0,0.19748602542795307
0,0.48320130978601944
0,0.09777857206507434
0,0.1525264728507189
0,0.10427349919320086
0,0.1695096612997751
0,0.1227891478574621
0,0.10755212145273368
0,0.10101683907871385
0,0.0757433564770553
0,0.1766891705403035
0,0.10246653377941892
1,0.273978800716006
0,0.1458041940335111
1,0.8279704502778497
0,0.09694651965087694
1,0.1451401080838199
1,0.17614999002532195
1,0.2866108246571138
0,0.18962334470255016
0,0.11499388263205886
1,0.7060764071017844
0,0.09405860983190206
0,0.28248992278055013
0,0.12372230667695464
0,0.078073153140436
0,0.09112343215250779
0,0.5550665733896926
0,0.1072323044026606
0,0.24853393120895545
0,0.09698616004007116
1,0.4759106059945213
0,0.09849253833606525
0,0.16190061316009527
1,0.30115129159755205
0,0.1449527031620717
1,0.6728824001630551
0,0.10128447921293098
0,0.45983302749668886
0,0.16947171055730395
1,0.17219089063648924
1,0.2649412639361353
0,0.7736730762345725
1,0.09855827741561653
0,0.1627601974508092
1,0.36850817430522687
0,0.23319731498682242
0,0.137953024251373
0,0.11161199342960308
0,0.6191464801971632
1,0.9287698492405055
0,0.15594545500617787
0,0.10242957975775395
1,0.6443114470638126
0,0.12489226896640192
0,0.08113342307322803
1,0.2975558883362008
0,0.11327634190095624
0,0.13849056009872682
0,0.4563721708046084
1,0.3096843846989436
1,0.7881573291501833
0,0.13402902929291666
1,0.875435371896433
0,0.10923832110009231
0,0.6529447557404878
0,0.10417090902338953
0,0.10562381771024851
0,0.6781271724837163
0,0.12920605918116487
0,0.116202811631829
0,0.12550830395010096
1,0.7769114170343396
1,0.5315105924005497
0,0.07502714184344787
0,0.1679577111503208
0,0.08741983174874156
0,0.6092940377727207
1,0.34636129449588815
0,0.1059225832218897
0,0.09468892607527613
0,0.11534835585198648
0,0.11450427709258373
0,0.1396806395120692
0,0.10012117188031536
1,0.1593591205869757
1,0.8172245168037832
0,0.13836434176023577
1,0.7469578793056652
1,0.29412407776516003
1,0.7016362412543358
0,0.0975227561763754
0,0.1044845257319147
0,0.47465906502794286
0,0.724463392846051
1,0.21343597602808842
1,0.5999378461668127
0,0.12456664743663977
1,0.571788015723963
0,0.12924035689117092
1,0.39372293990306906
0,0.11831422239121521
0,0.6058158336817829
0,0.6531504429948577
0,0.3363465901926758
0,0.42349497757972965
0,0.26940129509610855
1,0.7686524453924842
0,0.09101269355255132
0,0.06913233131902287
0,0.10214048712355019
0,0.09704787169041208
0,0.19741488823022646
0,0.13853175353921926
0,0.1375642309867689
0,0.08505073303843948
0,0.1425500563138015
1,0.5888741506844155
0,0.09664401030395349
1,0.4355286412133459
0,0.08877875966099841
0,0.10124026872368809
1,0.20881419380991284
1,0.6375111661208248
0,0.09436780057146991
1,0.12201432329174809
0,0.11387901454289188
0,0.08727470622899519
0,0.30071524046299636
0,0.11560075952272869
0,0.1227213131055414
0,0.1350690128932066
1,0.6592242813357788
0,0.5887025821715022
1,0.10397072918809183
1,0.15967859715300084
1,0.4352043113255451
0,0.2044189994606189
0,0.7032068443562555
0,0.13911079459876238
1,0.19108594294151637
0,0.10959438295512611
0,0.10320766452150675
0,0.12140248365589341
0,0.11567516684007115
1,0.9580124519159262
1,0.4506482204316261
0,0.10237060706443066
0,0.15445502323624746
0,0.10151709209616326
0,0.0896349002888972
0,0.09823717842396539
0,0.1026601962546145
0,0.1166173737452158
1,0.6762533801820891
0,0.15421414444936807
0,0.18819929116063944
1,0.8999475444060482
0,0.0877793494672272
1,0.34178617482514345
0,0.09461628978707096
0,0.6976729384121041
1,0.7462265253468302
0,0.12454439249026737
0,0.2171522209694774
0,0.11714854096738195
0,0.16725216882420246
0,0.14240161006821403
0,0.08615392398763638
0,0.15450535091728412
0,0.16037889793361057
0,0.11600351380313512
1,0.9002831510548379
0,0.14829414721584833
1,0.9169724343556142
0,0.09572093258679537
0,0.11839231326353934
0,0.08521320209425612
0,0.10939268855784191
0,0.08628459726510328
0,0.08942010674652072
0,0.12591599791078642
0,0.18146354157033096
0,0.7854060490464068
0,0.11359250177441949
1,0.7912621230416074
0,0.1603593962732353
0,0.12756945036110304
0,0.09496519006162833
0,0.10497725692778495
0,0.7503370714266394
0,0.18499184715815617
0,0.1695096612997751
0,0.1946950768968369
0,0.2250136277014153
0,0.23634982889347322
1,0.7307102905330669
1,0.7054927692585685
0,0.10533865996719104
1,0.32612489623074375
0,0.11758130771950705
1,0.6606925914801124
1,0.5188943708233362
0,0.10786278047898115
0,0.13431187849426338
1,0.8279043830845322
0,0.1307240687736515
1,0.15425287268890284
0,0.4963440402646168
0,0.1300387029178753
0,0.16837414129255418
0,0.702229533848457
0,0.10944827645378899
0,0.14809889665752266
0,0.11122728479772041
0,0.14280192931432398
1,0.8722298602954454
0,0.12093412870066926
0,0.6770687422449231
1,0.16535745134811336
0,0.12047150880152906
1,0.17450535760308347
0,0.08051653402766937
0,0.10013426209950048
1,0.7324032113959784
0,0.09601881423966732
0,0.11535148748127329
0,0.6531504429948577
0,0.09798881537860946
0,0.17371365280708603
1,0.8796476312633291
1,0.6820176063324481
1,0.46876240831197863
1,0.16643592239187951
1,0.9368438093426588
0,0.16063114719045954
1,0.20286296545917618
0,0.1005071217110307
1,0.5985135392720143
0,0.7062045633478357
1,0.7642985633005974
1,0.637637235096446
1,0.1728467034932499
0,0.1574860692141888
1,0.6407192666042466
1,0.6741116840411967
1,0.8595731720779215
1,0.6250185809664044
0,0.13378505967553372
0,0.15414034585930464
0,0.13116124819200092
0,0.11246218318441338
0,0.17473833297163907
0,0.10451017874025396
0,0.14027884606575083
0,0.37935441307063283
1,0.3460066101793401
0,0.10461473159221485
1,0.1054668114057385
0,0.13448656819252897
1,0.9059448339323142
0,0.1318044102597848
0,0.16062165347861507
0,0.3339157102588528
0,0.21658435016055805
0,0.1267537514018497
1,0.9196558717764065
1,0.31819143492833424
1,0.22639214872381327
1,0.7448122217110685
0,0.09215788974093554
0,0.13101133621390845
0,0.1874491538598259
1,0.91090429368575
0,0.11017067812742479
1,0.5913847366618109
1,0.6647174783737101
1,0.1362084847042653
1,0.7868821455988182
1,0.6715324617799409
1,0.7540136216463555
1,0.9467524369710223
0,0.13747092499605656
0,0.5173866678617332
1,0.20221085612671594
0,0.48842858100848285
0,0.3791282980181127
0,0.11378448356819855
0,0.11706089991369169
0,0.1561914668684765
0,0.10428929233135083
0,0.10700553796055755
0,0.13972880610108393
0,0.101222131679894
0,0.11466455695658354
1,0.1720909419382862
1,0.9133809990425793
0,0.1943954067293397
0,0.08462619636139272
1,0.9014133169728109
0,0.25198091908345305
1,0.15727152236017278
0,0.11247780396701293
0,0.10995022454650027
1,0.6943789157104362
0,0.17058088955471143
0,0.3967597737214246
1,0.15240758451604156
0,0.15439004651193308
0,0.1226845360844228
0,0.08827077374615405
0,0.2800399160202111
1,0.8025766548249379
1,0.11746396641341161
0,0.1463963411868254
1,0.7900113684141155
0,0.1347471880919608
0,0.10827594534600697
1,0.10475044742236993
0,0.09319650088316647
0,0.11272859387526331
0,0.134222668078226
0,0.15326528389534638
0,0.24167606444262005
0,0.6390317509367148
0,0.2054431649722806
0,0.12119180834819439
1,0.7496926526191141
1,0.6387710848778237
1,0.47952021034016235
0,0.156998711394903
0,0.11429867515997945
0,0.09313686666917882
0,0.1148282420001117
1,0.8598447671371576
0,0.13531974184474563
1,0.5965066265897662
1,0.9410091398822906
0,0.11519598401119
0,0.09761892482952472
0,0.5591821340632689
0,0.2042684539299595
0,0.09350084198100557
0,0.13615815996475106
1,0.9265385357805839
0,0.15921263223411014
0,0.12679933719999462
1,0.7444937809509962
0,0.09077746463253808
0,0.09685037644727838
1,0.751548022738191
0,0.09326428105844796
0,0.6745191659076311
0,0.3404999258883222
0,0.10551561407452684
0,0.15089549578866443
0,0.07796966278935459
1,0.9258949157638547
0,0.09078060738234763
1,0.9303024457406385
0,0.07684360965895208
0,0.11399185254925985
1,0.19953360375042717
1,0.8033812097543972
1,0.8679092792803708
1,0.1788991918086315
0,0.0862145909075889
0,0.09786404519339591
0,0.09831694323165197
0,0.07424627422764218
0,0.11714210013307846
0,0.1254666490388681
0,0.13647208501916866
1,0.7028237346845435
0,0.1001041730523003
0,0.10309271486565391
0,0.190510839476176
1,0.9594965868933671
0,0.10479512539932556
0,0.10115228374297244
0,0.09347396442061316
0,0.12254308042021175
0,0.2798346403911752
0,0.11894844978395692
0,0.11145371709375629
0,0.0815422309315056
0,0.15345736669833687
0,0.1590440561524071
1,0.9276465082703157
0,0.6507193646376975
0,0.1097593704683359
1,0.7877623133204497
0,0.24841150747385504
1,0.15427589571462277
1,0.6830469045778337
1,0.7062617091924903
0,0.10381235574845372
1,0.763964266723742
0,0.11715035884989213
0,0.13955334347601622
0,0.1283100508474363
0,0.1242802184061409
0,0.5630323600185734
0,0.1528627617129215
0,0.6764102339872003
0,0.6276689186579887
0,0.11061171867842565
1,0.9191945112702605
0,0.3192203346211827
0,0.17925819145489505
1,0.27211291128198895
1,0.09173226029325231
0,0.09542315746244216
0,0.17093426509315968
0,0.133929527361045
0,0.13037195254811648
0,0.13271313696204343
0,0.13880365269586703
0,0.12544225612498933
0,0.14268031999125047
0,0.7055727769272049
0,0.12432350014530368
0,0.10793469066796825
0,0.10005121055970359
0,0.14684906519372684
0,0.9147770727383395
0,0.12616053484464707
0,0.719739694604529
0,0.09706486978872585
0,0.3734333634314294
0,0.18019229011194565
1,0.9285982619849239
1,0.25493754671419183
0,0.14861713473072863
0,0.07728465944841151
1,0.5446097681413669
0,0.6378587167153751
0,0.13885451718284894
1,0.16951496898303064
0,0.1358431196062455
0,0.10638412543515995
1,0.5811188966742514
0,0.07171778214198728
0,0.3615882540144577
0,0.10940895446237328
0,0.14606348666370453
1,0.7739640345277438
0,0.6080630466789277
0,0.09984932315283615
0,0.07892248121959633
0,0.16542897780677773
0,0.1623856585927916
0,0.3970079175167478
0,0.271202948523772
1,0.7168597669660535
0,0.08961568229490466
0,0.14463538777416804
1,0.9074555714178424
0,0.10408175935045583
0,0.0836638530740824
0,0.13623394178474293
0,0.09570715371626431
1,0.23849926268809726
0,0.18055696721655173
0,0.10162419373810781
1,0.15304787658108693
0,0.5758700393588747
1,0.6980943306841276
0,0.08862031424498555
0,0.12836240868184604
0,0.5969119961072246
0,0.09857110327023033
0,0.09215986052457743
0,0.09402560979431006
1,0.1482271132011934
0,0.1364235399531636
0,0.12743602579142774
1,0.9191873996969453
1,0.3130935340123976
0,0.10721405045353566
0,0.11377312083710647
0,0.08672602712075891
1,0.6688278314025381
0,0.15956315591587286
1,0.20631349223879727
1,0.6421257304038188
0,0.1683591944240166
0,0.18980451761475067
0,0.22273411180336056
0,0.1973581507166611
0,0.09708890414866116
1,0.704137303620009
1,0.9640987021625955
0,0.09636615182131313
1,0.09411163651658822
1,0.1874018785181927
0,0.11833804013920948
1,0.6774904156437963
0,0.09921390571527682
0,0.5585252874097877
0,0.4710379871070549
0,0.10461524473103856
0,0.6282961466534172
0,0.25556411603529905
0,0.18549131120922135
0,0.49955246566380407
1,0.1604120563146478
0,0.12512528733280665
0,0.3221328498001864
0,0.6120295249716883
0,0.6101807562220976
1,0.43183152807315034
1,0.766487948388579
0,0.10405979088183921
1,0.22765131241298547
0,0.15443604059425883
0,0.13387961226954984
0,0.10318817667270502
1,0.3008678569626779
0,0.1660745236197446
0,0.11742457670533721
0,0.13186205798607015
1,0.38037381950874216
0,0.13094292735425914
1,0.7488167141980897
1,0.16611547476293445
0,0.1692478121604652
1,0.1347432855596306
0,0.08813402711810264
0,0.08214670251490289
0,0.09078113901336642
0,0.09602052938349272
1,0.13911023884141216
0,0.5067615487554139
0,0.1372795701604551
1,0.38909648416306547
1,0.8181849751529221
0,0.2809937450306653
0,0.16015767808960427
1,0.08889399136151517
0,0.11312143745998951
0,0.12024649970984415
0,0.14822560613351096
0,0.47934639070020374
1,0.8203968522827545
1,0.6159480286886001
0,0.27740845114168033
0,0.1745943218544355
0,0.10754072788061979
0,0.20943262809488986
0,0.09543614928345233
0,0.1652686147461715
0,0.10188968864856021
0,0.1010617426363928
1,0.8248551259020972
1,0.8697918439159372
1,0.9104595096565306
0,0.15116579565338187
0,0.11603847598642845
0,0.10064338723515907
0,0.14110481167441608
0,0.12552538741560543
0,0.08425695014304986
0,0.14927705016399515
1,0.16338604353811007
1,0.6062082555072178
1,0.7017993594240723
0,0.12205465087882289
0,0.5583600076625072
0,0.13215066854489896
0,0.13139161626218046
0,0.2679831255964104
0,0.07420241176605699
0,0.09078152337784502
0,0.17227772646910341
0,0.1129391057961226
0,0.09629763484572063
0,0.11852649663144853
0,0.15274868340616415
1,0.11646555641551232
0,0.6845219251104452
1,0.7272840298896928
0,0.2981657052222732
0,0.12687301801433673
1,0.9274487479615272
0,0.09958834451367694
1,0.12634530758248408
0,0.1444716332888494
0,0.1361226668447757
0,0.9646737983753849
0,0.12960669289151397
1,0.6672857927817223
1,0.9067356548487512
0,0.21692918502455183
0,0.11296528001738634
0,0.4318061713032435
0,0.16915472567491202
0,0.0859486035556012
0,0.16137583713804762
1,0.20453091838285203
0,0.09608838617347054
1,0.891396454112435
0,0.7041938795610212
1,0.8476870274763293
0,0.1955875400854486
0,0.18511337481845755
0,0.12786138758915525
0,0.12236820327744942
1,0.21778235951668495
1,0.7344349088657308
1,0.5937456800940598
1,0.6334519956493061
0,0.10207107246293286
0,0.12327893412686626
0,0.09380793066306456
1,0.3506270121330713
0,0.1275291694157752
0,0.09405916325474224
0,0.16858525936905716
0,0.1918734604857246
0,0.22572773466222734
1,0.6794420973125063
0,0.27585501080440417
1,0.7371186147837802
0,0.17960105535964746
0,0.09367059012617479
1,0.11541593436141977
0,0.12828427473061457
0,0.08118302352250904
1,0.6662114888602447
0,0.08261271819972615
0,0.09666145280633012
1,0.5765517479510155
0,0.10898598259375236
0,0.11403974697884468
0,0.10733474207629763
1,0.8447177708177784
0,0.11470821273580292
1,0.834321255129928
0,0.08010292615358833
0,0.16001130608781794
0,0.08236424933771436
0,0.39020472886918267
0,0.42065893635376556
0,0.25556411603529905
0,0.13275393588373746
0,0.10804600214974124
0,0.13611385594990613
0,0.12215521120843431
0,0.14036268293145962
1,0.10480969591125983
0,0.6055383494744915
0,0.09332754638239148
0,0.09062689109043126
1,0.1130006336087533
1,0.9381496135574062
0,0.18105186005042817
0,0.5289665913582295
1,0.4769003532015418
0,0.10301022206495936
1,0.4516739662871965
0,0.08010292615358833
0,0.09026267193599083
0,0.12461493447097899
1,0.9137682069693486
0,0.10693224315298294
1,0.4847053079073113
0,0.6729771299233663
1,0.7693413294623899
0,0.14233657384165244
0,0.10836102426341145
0,0.14533716239873637
0,0.09200511409583935
0,0.16411103145607148
1,0.23500216421836914
1,0.7924330944130785
0,0.3283269683693708
0,0.12425859854870051
1,0.825009300802527
0,0.6821930101947006
1,0.7304526154237628
0,0.11908123938041468
0,0.08943381606406156
1,0.5271795281754855
0,0.09542315746244216
0,0.12021981922860793
0,0.6899189996569909
0,0.5737228791396152
1,0.16642285572750157
1,0.1253281407570471
0,0.11534976063431775
0,0.12742415947645583
0,0.08843199155617786
0,0.1442391743512113
1,0.5267793549966009
0,0.10332766134501277
0,0.07831838401707183
1,0.9914299608527097
0,0.10086099946091459
1,0.7039269038750522
1,0.9576910355366636
0,0.09586467943157287
0,0.0936137030455239
0,0.11275412272200572
0,0.21063260729818406
0,0.10526406267409763
1,0.3148953594331803
0,0.17993834641639642
1,0.33492630701548304
0,0.102741060565211
0,0.16941555147802947
0,0.13558422229151643
1,0.13527378556467679
0,0.6880595602124823
0,0.13806343782019903
0,0.10394850915704558
0,0.15454692445177548
1,0.9069223504444951
1,0.9199498120781411
0,0.09169081407435349
1,0.9914299608527097
0,0.08521320209425612
0,0.09038649468060603
1,0.7848408234216531
0,0.18003068302098088
0,0.10098332866760888
1,0.5852652968992657
1,0.6570492152545064
0,0.11110891896673718
0,0.09848870601263052
0,0.13064889857981446
1,0.729325633762635
0,0.4379858098644997
1,0.0885408916439826
0,0.06759470026259182
0,0.10971936164087999
0,0.09950777179665742
0,0.19881747791622453
1,0.9340939140978004
0,0.5611598147758586
0,0.09372329462498416
0,0.09907630740759558
0,0.14647173233938496
0,0.12226920664323909
0,0.07736910420535326
1,0.2799783147318631
0,0.10918115779314441
0,0.133001110658653
1,0.40781511528790626
0,0.0885775181346766
0,0.1438687487045824
0,0.12057777767567242
0,0.7206739318286465
0,0.09397115271181625
0,0.10309271486565391
0,0.15007636760709459
0,0.07941888494254544
1,0.8212372453953978
0,0.08933230355628304
0,0.2390935654549303
1,0.86060990553826
0,0.1417339228025048
0,0.1628170551415035
0,0.1262953601799082
0,0.09665707933814925
0,0.14900614123994327
1,0.7176660659673796
1,0.11941507473909309
0,0.13710989551722305
1,0.17010440029626106
1,0.6636203080511882
1,0.3056324052690416
0,0.11977318171351037
1,0.8041723241115029
0,0.11856232518960386
0,0.13872369605815
0,0.16279573272352713
0,0.26719449005179713
0,0.2795160014065756
0,0.3943320526785704
0,0.2368347572753218
0,0.13833753072431437
1,0.7622874160628675
0,0.12027257910550561
0,0.09019429439056673
0,0.1264763516145366
1,0.8706134228927037
0,0.1506539613933799
0,0.10615239073069259
0,0.12691148556153192
0,0.19678483732251706
0,0.09778204294703756
0,0.1287320595743934
1,0.9000729370746304
1,0.6822029738616086
0,0.12792460235152958
1,0.8048177097447469
0,0.09546367169888703
0,0.08892290302532616
0,0.1125707972348324
0,0.13823522747226658
1,0.18939860849125525
0,0.08902806769440856
0,0.37754410899094804
1,0.8897097255088497
0,0.07708429889471588
1,0.24487318329038713
0,0.1077357565245264
0,0.20207828664207977
0,0.12508193081696323
1,0.9671711710533201
1,0.8968796065296908
0,0.6801849579341895
0,0.16417806190644904
1,0.6198982283380958
0,0.09438358263571886
1,0.386743811500222
0,0.14670786892645374
0,0.0928747954405076
1,0.7730118651007105
0,0.2586501605374326
0,0.09143988233583931
0,0.09401303097214705
0,0.10019988275408871
1,0.8795290780949745
0,0.1272809764105158
1,0.09598229159389376
0,0.10807354620347807
0,0.4486711627016037
0,0.09998554905113256
0,0.1269136233046026
0,0.09692190098420668
0,0.10766657483339018
0,0.10925194060273226
0,0.3090711054196552
1,0.704866032650603
0,0.10220470832940037
0,0.10180040405422959
0,0.1364243608243653
0,0.09443928424710023
0,0.12479302028072291
0,0.10744378066365291
0,0.09048105569947147
0,0.12473376343205127
0,0.11218352760628666
0,0.1606039884620155
0,0.21701395625121714
1,0.396590879178745
0,0.24843059587881663
0,0.10798592070282911
0,0.22636826649509414
1,0.10131403154623565
0,0.09301621311224925
1,0.13000934315849724
0,0.13030197700630836
0,0.14211132251518177
0,0.15312778399205154
1,0.9668043795203604
0,0.6705119205728203
1,0.7326775470932585
1,0.5539325433776328
0,0.121976558660758
1,0.8275695650425652
0,0.14614874464188563
1,0.9450982582137589
0,0.3475006701213343
0,0.09949565828372475
1,0.4918278848386174
0,0.14028759220974296
0,0.18596284391055817
0,0.1606810534571919
0,0.15357715004031786
0,0.09416041276402853
0,0.14297574884052847
1,0.20815775077780121
0,0.48202150981491837
1,0.3110174504706021
0,0.07537025702969428
1,0.558186624136456
0,0.07834315281891745
0,0.09781338208368161
1,0.8068027796631041
0,0.11056660220407137
0,0.1387693982566377
0,0.11305856615091996
0,0.09708040378509648
0,0.07983381675743603
1,0.9668043795203604
1,0.9767186694366707
0,0.18981079850225752
1,0.2243845816262181
0,0.14979940720984478
1,0.1601318715801323
1,0.2084765658726395
0,0.09049759573855042
1,0.19706195304089097
0,0.10999756647105122
0,0.3559422071600647
1,0.7393866479214829
0,0.07467277947641297
0,0.6459790521210143
1,0.7546759945408783
0,0.6829335918882181
0,0.11959204744278198
1,0.852585675522998
1,0.8463031241534786
0,0.13912303321077518
0,0.09509846100185844
0,0.250335531630568
0,0.27422975376359987
0,0.13339589097843285
0,0.10623408269610489
0,0.08570770735425301
0,0.11620404884394393
1,0.3481705372256609
0,0.5011163424827312
0,0.1368115248218092
0,0.6737952790999777
0,0.11452958937819777
1,0.8762873235711304
1,0.6701664066663192
1,0.2407545345551721
0,0.09439490664470127
0,0.13111046867045933
0,0.08577155890037794
0,0.13423398859355593
0,0.12657116983360872
0,0.7449737994694675
1,0.18363172007881076
0,0.16078631427962392
0,0.09446920189672248
0,0.1355724637369136
0,0.07455747672844798
0,0.16228316709207122
0,0.1359777172839403
1,0.7917286174552041
1,0.47625877803713146
0,0.09602650021728819
0,0.2173604247192849
1,0.737205910066946
0,0.09442887610747532
0,0.11706089991369169
0,0.08712752397522817
0,0.18150252476980255
0,0.12926791861811449
0,0.14345109432536107
0,0.15676491164899348
0,0.1680609455568613
0,0.17602649944767204
0,0.26032839464512203
0,0.11607651922833226
0,0.11291104327066472
0,0.20569467968521074
0,0.1240167834244355
0,0.10242263309383426
0,0.12764644206300343
0,0.14008822494195536
0,0.1185307032283555
1,0.7962883590569616
0,0.1266352390956722
0,0.2799863561734943
1,0.2588958104436597
0,0.4422646674042545
1,0.16902327945295492
1,0.8732409198084289
1,0.15592037888229826
0,0.07476620932950939
1,0.5349817250868021
0,0.13277331897753164
0,0.08520904366735417
1,0.20241879518124398
0,0.11500381658756263
0,0.09417802934728622
0,0.1735560218374504
0,0.13555439024766214
1,0.14925212989527542
0,0.11138665382082459
1,0.734196617708675
0,0.131415574221592
1,0.14395971289855045
0,0.9069842522563437
0,0.08377622657028058
0,0.11771060547408377
1,0.8072992381562811
0,0.1292463303220938
1,0.7112520543309416
0,0.14603120266711844
0,0.09152326073525735
1,0.7285373369790485
0,0.11388778813378268
1,0.7972484076583448
1,0.8114499033568147
0,0.5808915606815652
0,0.10381279333352693
0,0.13115513960615122
0,0.13289734703015443
1,0.8571451209502418
0,0.16931713497206236
0,0.15033603368760753
0,0.11794091144203497
0,0.12154312915854801
0,0.24522405053085106
0,0.25971420048275984
0,0.22205817599347208
0,0.10167454691527554
0,0.09086788585711157
0,0.6503182161327666
1,0.23390055186285688
0,0.10574645857730636
1,0.14820419953448682
0,0.3089213807559373
0,0.10787520652693035
0,0.18268401884689142
0,0.11887044390051793
0,0.1237394699927595
1,0.9348690913875459
0,0.189637465463605
0,0.49398808021229296
0,0.1324644877635834
1,0.6771835588301005
0,0.11535148748127329
0,0.13996197555637388
1,0.6915063217768924
1,0.7722189371561612
0,0.11536715787722288
0,0.08820672299879585
0,0.3064598668880691
1,0.7563470273845917
0,0.12279485813629924
0,0.32082829949689823
0,0.13934153245109707
0,0.23660567656230033
0,0.2872645869943112
1,0.7526413949643957
1,0.2543980124811874
0,0.2935567249712629
0,0.1618537529288726
1,0.5622819418897217
0,0.13650529798148275
0,0.12882537111566614
0,0.14154441421984093
0,0.10727926517998025
0,0.6782663368807329
0,0.15634907937037937
1,0.8982532265998429
0,0.1037739649312618
0,0.13110808233164198
0,0.10983419099419314
0,0.21000972026611953
0,0.10784911112678185
1,0.5622518274634584
0,0.22164574860816758
0,0.08842137564192036
1,0.6096353558643224
0,0.12911044472298389
1,0.18784276780992884
0,0.5208673107837714
0,0.13237135570626862
1,0.5734991632031122
0,0.07828825225915334
0,0.11567516684007115
0,0.12781749794650274
1,0.7968574788851841
1,0.884661002615468
0,0.11716608802331681
0,0.704648855292448
0,0.09657384731152799
1,0.7078476783610721
0,0.5830309650610039
0,0.11997641332559825
0,0.08199237561803767
1,0.895215524753585
0,0.17118419985841146
0,0.19176725053190205
1,0.5520261473375678
0,0.09469253485636318
0,0.251803309270334
0,0.07928098202073204
0,0.1542023026175454
0,0.13628878198735064
0,0.10808247497909118
0,0.22989897570419726
1,0.9367672519344677
0,0.10198295180478645
0,0.13329543843766975
1,0.6388549185852868
0,0.7017783671923664
0,0.16243280947769267
0,0.09032597806922069
0,0.19466380740024794
0,0.09832609603990349
0,0.09016741741074882
1,0.19146848712755282
0,0.10749439427726902
1,0.1272601827234239
0,0.11477489983368769
0,0.1324516180474853
0,0.517820513900705
1,0.645099806655187
0,0.08155323138469663
0,0.12567428646630413
0,0.08708441670778636
1,0.9218883127132494
0,0.15828821094141107
0,0.10680088537568652
0,0.15955787209196137
0,0.5738462837174699
0,0.14872472303510872
0,0.1497736847336977
0,0.08954938425292715
0,0.1025238878692777
0,0.10477379391087986
1,0.20492194589356347
0,0.5698257993046545
0,0.18098178758160008
0,0.256217659203766
1,0.9101767352372223
0,0.10249448896449606
0,0.0767716072947962
1,0.7063063712081179
0,0.10451985624126875
1,0.9573177773790298
1,0.7767901058141085
1,0.8560881036669071
0,0.15273450244544998
1,0.12466075357172288
1,0.9384864959656632
1,0.775411171447519
1,0.2907676609011657
0,0.11086332867496439
0,0.11030383143455152
0,0.9129165008627823
1,0.6343026300389808
0,0.13174887000641447
0,0.24358995687775628
1,0.11503113571981666
0,0.14489983305855508
0,0.09514044209295895
0,0.46246621576017843
0,0.11512260596396731
0,0.15914427634211686
0,0.10805868916321915
0,0.10115217583496758
0,0.12839633559546845
0,0.10770141955064995
1,0.7135148545895106
0,0.12747502821376921
0,0.6764226339949871
1,0.23261103735070915
0,0.08686599808567894
0,0.4797906578291304
1,0.5042536101453202
1,0.617297233194973
0,0.09857992025706461
0,0.20654790421660227
0,0.09000208696926226
1,0.17852822253206274
0,0.08881027473820349
0,0.09203903409507808
1,0.851837698915603
0,0.704866032650603
1,0.5620656812545815
0,0.176362351832553
0,0.75260296091501
1,0.7198807736644458
1,0.6635677290207602
0,0.12476313479471939
1,0.5584357032000971
0,0.15225929022391765
1,0.7317126882047528
0,0.2652399314488916
0,0.20258302022463925
0,0.1057629262320086
1,0.5511422970180947
1,0.8734560103018172
0,0.1845858922123961
0,0.6422798622404317
0,0.1948797894975398
0,0.0864519047778864
0,0.09471089152236144
0,0.5415535550108678
1,0.6792253449864354
0,0.10394722463239985
0,0.12259202247172804
0,0.5519311935767208
0,0.1450423340671272
1,0.24968566681016835
0,0.15780891869165653
0,0.11313147549839678
0,0.5474578970941112
1,0.48520260661990117
1,0.7654067792679901
0,0.12314557060754891
0,0.23647762365030356
0,0.22180568251988234
1,0.7093086801385766
0,0.13157486189344217
0,0.09287669393627875
1,0.9231849295656773
1,0.9746697928595579
0,0.3204046994234258
0,0.15502700365416303
1,0.3779893604052515
0,0.0958093776388186
1,0.7865299658650806
0,0.09125232616662152
0,0.11347078418754322
0,0.21473415910611357
0,0.26230169648755425
0,0.10106411366116158
0,0.09247614191230816
0,0.1394669167490606
0,0.7681206632988626
0,0.1347512988583865
0,0.09403800211777202
0,0.10444791762617439
0,0.6424007140447383
0,0.10816099163391812
1,0.5127020880504971
0,0.10381645554833459
1,0.7926079540214171
0,0.09107829474429778
0,0.12710932427745744
0,0.1272803090395554
1,0.40917905527495885
0,0.14282706071966225
0,0.10959325657134371
0,0.1094550364121698
0,0.11496602008950499
0,0.102451699895092
0,0.10543481252359081
0,0.1326494196119239
0,0.1269883515093292
1,0.6534111839723096
0,0.2714219924532439
1,0.8130982424323613
1,0.6569549212536078
1,0.9746697928595579
0,0.12815761536489798
0,0.17748616873063613
1,0.9520740205143541
0,0.1155528390826381
0,0.1867483295238928
0,0.1637737472534473
1,0.7078210291525497
1,0.6870502366738676
0,0.7252899589452257
0,0.170265830156198
1,0.13986734414939742
0,0.07205798051621105
1,0.6374159205990311
1,0.5492286911727532
0,0.10975912658674841
0,0.07841666043581266
0,0.11906483862809435
0,0.08589631300852636
0,0.208635966816211
0,0.09877863895652844
0,0.2713894761718174
1,0.5769041519183847
0,0.09430437543949989
0,0.16849024894808826
1,0.19013461935518985
0,0.1779263187510284
0,0.076213217654777
0,0.09909790158803067
1,0.6762630289788644
1,0.36074291654360724
0,0.09743610808132587
0,0.11843389470100973
1,0.7528982088859139
0,0.08021010837322912
0,0.13434854831930687
0,0.17194881317521654
0,0.09101625279259674
1,0.9618725904685256
0,0.15275794205686238
0,0.11280125037634704
0,0.200480562799776
0,0.5653871873990371
1,0.7046222452697676
0,0.1413526597583324
1,0.21439863975649529
0,0.1598883020220336
1,0.3063499811823856
1,0.5668562524601752
0,0.12010455876636866
1,0.8989450788165915
0,0.21628345497995735
0,0.10690618390748223
1,0.3742349229931545
0,0.1304617334661023
1,0.6445518980004132
0,0.16561256044601838
0,0.10852547989331303
0,0.09484819956334593
0,0.11741901092458727
0,0.07487099043069573
1,0.12641623530326737
0,0.7671465082731395
0,0.4880578388814147
1,0.9641627945905026
0,0.11988008658218546
1,0.7971419740374822
0,0.2132913916975145
0,0.08207821763889578
0,0.09272018126905858
0,0.12078696790574539
0,0.17990984456640557
1,0.1498499705697417
0,0.2025693140463786
0,0.10044960494634102
0,0.09422658140884475
1,0.5489591777926074
0,0.12114224813552327
0,0.12243173284234009
0,0.09950323049306851
1,0.351292593922067
0,0.22269197254690423
1,0.8048124213700941
1,0.39185547959134626
0,0.16349830831956824
0,0.2725692487020566
0,0.06791794304878256
1,0.3767728537719838
0,0.09294942968767472
0,0.08354625080821867
0,0.16359662307427428
0,0.17375587233137602
0,0.13474119381088642
0,0.10971258765356783
0,0.08815946895568985
0,0.13518783526765232
1,0.9494367085642015
0,0.1666545883648652
1,0.9129804371624143
0,0.23316087454729784
0,0.14298750611394706
0,0.16647517581768914
0,0.1295121273293112
0,0.09361209308794116
0,0.39347518806985804
0,0.546196053751425
0,0.10023961460865977
1,0.7875988860410003
0,0.15881581927138336
0,0.10163979728024464
0,0.1793898789793236
0,0.17494791992502198
0,0.15241387383897811
1,0.3014410107295483
0,0.1260815007325435
1,0.4797838141260086
1,0.14160558381259125
0,0.1434871036018838
1,0.9345763053213095
0,0.11580759168290489
0,0.10965685997119612
0,0.5758021676606803
0,0.12253865023724805
1,0.6953960166002002
0,0.1185029307470313
0,0.09556599725930442
0,0.1696010746796447
1,0.10001190234047509
0,0.1650455199431271
0,0.10518536537953892
0,0.23011224006458778
0,0.17864658642961098
0,0.14682406548036553
0,0.12295188938428521
0,0.1314743047339257
0,0.11999112716591548
0,0.23753340863002664
0,0.16925625727935512
1,0.6699062088206568
1,0.2898479443441179
1,0.8090262032046057
0,0.07618241220047531
1,0.9212518495998803
1,0.1394034341073554
0,0.08961604363796484
1,0.9175947482395849
0,0.15040562645917166
1,0.4820247524947077
0,0.10528315605793222
1,0.4009224272871575
1,0.7332511796481647
1,0.9037425016823251
0,0.20596066508355562
0,0.16243280947769267
1,0.2387297376625424
0,0.09526109236884699
1,0.19318143570908045
0,0.6578589544150065
0,0.14357352833604747
0,0.12364574357991628
0,0.14397455046919916
1,0.7233494285382172
1,0.5684728639920928
1,0.8617599662986482
0,0.28724450019867825
0,0.5152992951212255
0,0.7565614997813428
0,0.13003425384526796
1,0.9542482152832554
0,0.09495424508839898
0,0.12470349218931148
0,0.18549131120922135
0,0.17803172823748628
0,0.09955802098000842
0,0.1229413458216796
0,0.12473597569423016
1,0.45757663856686565
0,0.268884636771526
1,0.29687870329343047
0,0.1622241357430272
1,0.12894318422927284
1,0.7672635141949538
0,0.08315458449448085
0,0.14407667484848533
0,0.14476504274303748
0,0.13159662874834901
0,0.6067796325293028
0,0.17428659838590282
1,0.7475712185068093
0,0.0860147305722114
0,0.21667510743073737
0,0.13549796282455526
0,0.1449559118424502
1,0.3650707645642318
0,0.12713688738238746
0,0.23897326011223247
0,0.12132693164527808
0,0.1232096112450655
1,0.18754427884200603
0,0.16048664728512124
1,0.667354215672909
1,0.6975809749667122
0,0.10743920272958053
1,0.7106703169549006
0,0.09580399212041166
0,0.14905749560000162
0,0.09223824340561063
1,0.597635564104355
1,0.7301257602089967
0,0.24820069616449628
0,0.12646713105312313
0,0.1569445860011448
1,0.853324539298755
0,0.22536614050410408
0,0.11356296711139456
0,0.118473097074169
0,0.15644612224790044
0,0.10449822770915349
1,0.7384468956035092
0,0.1164770629195076
0,0.10733110486158057
0,0.2001325219259273
0,0.11812599528658431
0,0.09352124253504623
0,0.09539362764910037
0,0.08384672523625371
0,0.4835831216665406
0,0.10332866169141307
0,0.12559362521635975
1,0.4852751213782721
0,0.10618105219679576
1,0.11934711953241356
0,0.11024401807176726
0,0.1912178814269272
1,0.2252320862335988
1,0.4951923551778128
0,0.08337044153547096
0,0.1483021487034892
0,0.12480664543806862
0,0.2603586941025608
0,0.1323566759757031
0,0.1333615078624802
0,0.11392891294072678
0,0.20007253760067445
0,0.12665835521436528
0,0.1443384273641615
0,0.09878994489329072
1,0.6725582057387827
1,0.6764102339872003
1,0.3894739999914234
0,0.12106871752286742
0,0.1660066664240395
0,0.1165514303059143
1,0.6830162704877859
0,0.1386677512503837
0,0.09725687642595233
0,0.10191912263420916
0,0.13260872124799883
1,0.8955332319249972
1,0.6861353180919245
1,0.753728806963689
0,0.13511244458276983
0,0.13147826991302483
0,0.1371068219762683
0,0.7261670973487186
0,0.37995407493539274
1,0.9690247133565804
0,0.09910915977035822
1,0.654225273276505
1,0.6563325100446047
0,0.14038494107368096
0,0.0916269867304206
0,0.09234453860917917
0,0.30870293553068046
0,0.6045496900377221
0,0.5463662258441142
1,0.46523089192088485
0,0.4154561201924586
0,0.12945495757085826
1,0.7956343108187174
0,0.10306293464526457
1,0.6543520095787149
0,0.09019601898623765
0,0.07710449473392972
1,0.6911977633400713
0,0.10138644440367196
0,0.09822864917114141
1,0.7333153764233687
1,0.9746697928595579
1,0.7164681201608992
0,0.119619734509036
0,0.3286873596597204
0,0.11519011564784551
1,0.9396766210947953
1,0.7884464022124141
1,0.8738350993652819
1,0.6998570980324357
1,0.0950460745027163
0,0.10715390028023823
1,0.6819827383443066
0,0.21816459284153994
0,0.1139679368809098
0,0.08842709595247952
1,0.9331963776980935
0,0.20441648382574654
0,0.1254083192016743
1,0.5902109519259752
0,0.1489396485054226
0,0.17205237636054768
0,0.09556716384112696
1,0.1561066464302117
1,0.16069319750488445
0,0.2608794583513566
1,0.728946488421217
1,0.37754410899094804
0,0.21831716290107703
1,0.8166051829681753
0,0.1135293494377291
1,0.5657532139031123
1,0.6748829491395401
0,0.12672693883097094
0,0.1428406428048663
1,0.5271166204847938
0,0.11352634613083537
0,0.6335563768068584
1,0.9061317131263519
0,0.2252590574825397
0,0.10424363935288349
0,0.09513404674793159
0,0.11933061766944345
0,0.09237306055366831
0,0.08431620952595213
1,0.9196558717764065
1,0.8685718414598654
0,0.10460273773769534
0,0.14881658253707336
0,0.14985543332855245
0,0.5647701126181179
1,0.869913241878868
0,0.09848870601263052
1,0.8389262298576088
1,0.8679468620599992
0,0.10772819404584069
0,0.09418852280805955
0,0.10184790976160087
0,0.11833987495237162
0,0.1376119203641335
0,0.09793965332167898
0,0.08551420627717572
0,0.1781719110599053
1,0.942598030314011
1,0.2430853085123786
0,0.1930017218481593
0,0.11826598609755372
0,0.17228314562332214
0,0.14763882997986952
0,0.10542377373029316
1,0.6277716834902393
1,0.9753614352085741
1,0.8179527877951809
0,0.19780285891779115
0,0.12126249257337507
0,0.09668012944169925
0,0.126136713680392
0,0.16518815813039875
0,0.10635699648459564
0,0.20433706293005505
0,0.11714807590462344
0,0.10831195067445058
0,0.6387773609483471
0,0.18529758510007688
1,0.9092282003903133
1,0.3080662163775239
0,0.09922867989638974
0,0.14727671859504277
1,0.25705615315211366
1,0.10873804777082974
0,0.7409798053270747
1,0.7621940403462556
0,0.12011474123999148
0,0.11506739526625877
1,0.7696739586375948
1,0.18257949303556256
0,0.3297653808473946
0,0.1410907778878987
1,0.6096353558643224
1,0.3747643655426496
0,0.6009694727657078
1,0.2583803884631425
0,0.11450190329600568
1,0.19583456486192788
0,0.11840672336649423
0,0.07789953632749644
0,0.08744149421000254
0,0.1864281184526401
0,0.45344957947123354
0,0.21970365373230494
0,0.11486667992840077
1,0.6392954507844508
1,0.2675617558680984
0,0.634079425018749
0,0.11150321076349748
1,0.07625864781834409
1,0.5160531728173475
1,0.5518796882498965
0,0.08301497957939327
0,0.19393529670692441
0,0.13632850076155725
0,0.07666870780822171
1,0.27510821411314773
1,0.8476870274763293
1,0.13481696938100354
1,0.5735991699555687
0,0.11432753382303483
0,0.5263176047538568
0,0.08655768896594432
1,0.4836053444943955
0,0.09832404835031872
0,0.08957164922963665
0,0.7812895184494298
0,0.11359725502561108
0,0.10834191209346075
0,0.12610317313139557
1,0.7624579654126517
1,0.1835411751909187
0,0.13386326642767135
0,0.23795727665789235
0,0.07515980533638182
0,0.09147875142786117
1,0.7070188441255495
0,0.3780127169673503
0,0.15365364187404024
0,0.09541649901267626
0,0.08963442889037865
0,0.3911376228126674
0,0.11617464601482402
1,0.7923223392094572
0,0.07404086338480982
0,0.0862145909075889
1,0.6284972873098891
1,0.15286423948807606
0,0.18748224804339417
1,0.19367258164680798
1,0.6988888474682023
0,0.1482633414967518
0,0.13149131451682605
1,0.35338536265527576
0,0.17756553476582793
1,0.687489722058779
0,0.23465884700529746
1,0.9199461782384053
1,0.5970947094756116
0,0.10030277318313129
0,0.1015365366051324
1,0.5458074743814672
1,0.8079602462947221
0,0.29643392591071405
0,0.11707495179410606
0,0.7111625682710483
1,0.5018490453314938
0,0.10149422977573384
0,0.14266839617659632
0,0.11612305712212004
1,0.33221964672085286
0,0.1600478446262495
0,0.16385959811762782
0,0.5821102042850941
0,0.22507832295772173
0,0.5811188966742514
0,0.1218727278806023
0,0.13188589189022304
0,0.14726587323602086
0,0.13571753021918323
0,0.11192644651367338
1,0.7245665779663386
1,0.275452161138292
0,0.09037496348581495
0,0.111960106471509
0,0.12083211742168146
1,0.8084200219842412
1,0.8650948146588783
0,0.10385676552303869
0,0.19202605263586112
1,0.6178002110174967
0,0.19125861188682494
0,0.4238222142992593
0,0.085948592985013
0,0.11093720606763886
1,0.07724312364362534
0,0.131244657748434
0,0.21378301946172593
0,0.1089744339377398
1,0.11442128236209896
0,0.11153365035592366
0,0.11231190892799221
0,0.10936137918243992
1,0.6256448596075632
0,0.15606121457103372
1,0.85213875174547
0,0.0789284433880224
0,0.09386458965672827
0,0.09873339694334289
0,0.15229375353217586
0,0.08419220357677601
0,0.46062707571637507
0,0.21337006280810275
0,0.1001161920407085
1,0.333783326127531
0,0.13443591681920916
0,0.09818763989080737
0,0.44612080918127184
0,0.18762368935840398
1,0.5674770342341351
1,0.5902657964672237
0,0.08721556410741593
1,0.9019266937639089
0,0.14664435133218956
1,0.20462270331339538
0,0.20145787252475358
0,0.16242714205142808
0,0.15225929022391765
0,0.12232362988143515
1,0.1389494909455375
0,0.17080426711202684
0,0.11272609085789896
1,0.6643493066103435
1,0.7994596892396226
0,0.10078523390113796
1,0.12986791615087678
0,0.1341490965002015
1,0.704866032650603
0,0.0909293951474168
0,0.13690093171494036
0,0.10391689133458278
1,0.9367672519344677
0,0.1813496100112036
0,0.2961011804913157
1,0.6048726042777952
1,0.735194938875405
0,0.1957673589550951
1,0.7025503721004183
0,0.1113976379931582
0,0.129743555122918
0,0.11743513491855968
1,0.17771269972870493
1,0.13754137016569523
0,0.10839930662787702
1,0.4838954145736147
0,0.11722927194409384
1,0.844199616091521
1,0.4961072221555349
1,0.27712947881821015
0,0.1196116783032333
0,0.4773162059648614
0,0.1682362457928468
1,0.16738767864067042
0,0.08317354818850477
0,0.3249044763787629
0,0.1428400630414207
0,0.13756950755345448
0,0.11526463083691062
0,0.07965788136082559
0,0.09125617165256027
0,0.13464032530381884
0,0.25556411603529905
0,0.19968928470930428
0,0.11160175462321818
0,0.12256839368136033
0,0.08228052247342886
0,0.08869552757742709
1,0.9374962085915287
0,0.16148869661644888
1,0.1260384530424383
0,0.21537131653237299
0,0.14845202179073924
0,0.14684019347335622
0,0.08534609605782427
0,0.14678231510664663
1,0.7440918023777517
1,0.6253163179239247
0,0.14274602483694973
0,0.4423664842910398
1,0.7961889845157996
0,0.11884636961156536
0,0.1326655174799393
1,0.7549960071030262
0,0.09413845553708781
1,0.1704212862111131
0,0.2872533331734696
0,0.11515515413370919
0,0.12049815588053275
0,0.08410542253749526
0,0.12026986776701971
0,0.20469661650737778
0,0.15954896872310478
0,0.23427971570930695
0,0.10490332582594936
0,0.07032793353004746
1,0.22960199362051567
0,0.5036247704493484
0,0.10889090353938886
0,0.11111028518484106
1,0.9412421498156619
0,0.09649235327967036
0,0.3796379765782687
1,0.09975484349871963
0,0.13626908621518294
0,0.1795088049197186
0,0.13150607322870395
0,0.11172050654983855
0,0.8207205882900412
1,0.9285645415655256
1,0.6992382862138059
1,0.2322619638057042
0,0.14465351610305366
0,0.08799597409820953
0,0.13483214715430306
0,0.09781714404801185
1,0.12173792551954338
1,0.5530741963264956
1,0.9212518495998803
0,0.13745725632501496
0,0.6102324989172645
1,0.578882454223466
1,0.5018972257512798
1,0.2601536506487346
0,0.16417806190644904
0,0.1633322854616284
0,0.2500955242005414
1,0.5993343144516093
0,0.09831532182829687
0,0.0887869073691955
0,0.14682406548036553
0,0.1598127548343707
0,0.09104315633078157
0,0.08722298845729334
0,0.1032599232047378
0,0.07943568450430812
0,0.13743423755205192
0,0.1472781685793911
0,0.2748616657061128
0,0.08144390298150875
0,0.15371312576124208
0,0.10735675566662764
1,0.732913805766545
1,0.6176508888143392
0,0.18487830864129695
0,0.07926949796477542
0,0.07315992906031589
0,0.1830645150579402
1,0.9215425088787633
0,0.10253902492136632
0,0.1615089021117139
0,0.1145926020944072
0,0.09255638754081759
1,0.6160779163719936
0,0.10853659400665558
0,0.136142937333189
0,0.10887546732785573
0,0.10048244500798408
0,0.2806264842016816
0,0.10821019301627671
0,0.5717645480091044
0,0.6506674718079419
0,0.49862467823537276
0,0.09237862413449034
0,0.10775162136965603
0,0.09448266244823901
1,0.811415654574114
1,0.8249958747712132
1,0.6087486269919767
0,0.7588506666377911
0,0.0934180509628287
0,0.10607853629625576
0,0.29803000886937514
0,0.1283613151019357
1,0.10658020126167962
0,0.2342662203254504
0,0.10772076509133238
0,0.19887679097411692
1,0.2074124329279023
0,0.11455454279341762
1,0.9120175640914959
0,0.6546058372043206
1,0.2828090282226174
0,0.29167225079076475
0,0.10451031267559083
0,0.08684250198740981
1,0.8886250813544389
0,0.12574933766975102
1,0.45652385549379193
0,0.14348602555619072
0,0.12060611489920324
0,0.08465575405972035
1,0.6749414115987379
0,0.06534718090688621
0,0.7497537681809483
0,0.10649030107858201
1,0.7294250673539864
0,0.11561400930939714
0,0.09168571125942349
0,0.11061617299008518
0,0.21861563928949007
1,0.6179269850352958
0,0.1223045118841824
1,0.5238368746276805
0,0.10740254247148581
1,0.6583202488012664
0,0.6460964081848433
0,0.07380282115476848
1,0.8346746976454685
1,0.6679712162462491
0,0.12291595595020464
1,0.527585997734361
1,0.2050537230111373
0,0.19297678397874213
0,0.10449822770915349
0,0.42061438856715255
0,0.17459086160204235
1,0.8676463851398909
1,0.548152122049373
1,0.8341330336315688
0,0.0731967818450095
0,0.1603042062995095
0,0.6843118905687062
1,0.7995329656416567
0,0.12410167591919469
0,0.16466868180892097
0,0.10609334354231661
0,0.17604909983278935
0,0.12653300903411557
0,0.16197887889765822
0,0.09342073411391255
1,0.19168122807901883
0,0.16808723643772655
1,0.1269256472048567
1,0.8823748457773102
0,0.12213767351379677
1,0.8455943648470478
0,0.12898226317356792
0,0.12258161050200361
0,0.09328254653983277
0,0.13387076921579444
1,0.9075784949616748
0,0.6474540560411794
1,0.25095429148553094
0,0.11204430552420214
1,0.12342095137278465
1,0.5352383686904102
0,0.2706699086476235
0,0.14130072340043595
0,0.09598180399209592
0,0.09469902141041762
0,0.15046969793695802
0,0.12366895538470177
0,0.07710449473392972
0,0.16539600511511238
0,0.1349899007672774
0,0.11537224385241603
0,0.09587257824344614
1,0.8519118647818961
0,0.706013588858912
0,0.1032807308080246
0,0.8589804758888174
0,0.08957216826073636
0,0.1129038786305086
0,0.19426517891659265
0,0.1104050349544306
1,0.9468456192046532
0,0.08991760871802348
0,0.12713688738238746
0,0.17883511140082622
1,0.7234868842355351
0,0.10167729943164892
0,0.13214339906337827
0,0.11337284145029508
0,0.0953309011252534
0,0.10306236854648114
1,0.43908494832369344
1,0.7173874784122235
0,0.08366660913969712
0,0.30646397912536205
0,0.132514500570605
0,0.17456150873562173
1,0.4480137813962414
0,0.08297907273426954
0,0.15215404687084694
0,0.13871282606845345
1,0.12823175203244844
0,0.1220867078727804
0,0.20830159546539603
0,0.11860741216621933
1,0.737901889769682
0,0.1259357316156547
0,0.6922697349862382
0,0.7247274313072078
0,0.5915426384406459
1,0.9448160070361695
0,0.10851112681183238
1,0.7684397812382368
1,0.758412777798899
0,0.12581076066107583
0,0.10367583558997681
0,0.2636168032758018
0,0.12545590070498588
1,0.7114616920663895
0,0.10757952030809852
0,0.2398181119104479
0,0.08731720406059718
1,0.9806524149233062
0,0.10758308068924394
0,0.08881027473820349
0,0.20592665011288905
0,0.10136581593533464
1,0.13597369222368813
1,0.47038908991872863
0,0.1481988021735845
1,0.9038907109873704
0,0.10255403474281412
0,0.4763215742104973
0,0.11346704293064726
0,0.5079583411370514
1,0.7532501998135183
0,0.12448119910471994
0,0.10631654416789654
0,0.6549206895789605
0,0.8379467677360695
0,0.6516872716036565
0,0.14900410809673445
0,0.1165939009282034
0,0.11742827346234672
0,0.1254696262468109
0,0.09673541364558898
0,0.23214792326252284
1,0.44917602605113577
1,0.25202699914056154
1,0.1994844813064063
0,0.18665456595773042
0,0.16378444145453386
0,0.1917101823435126
0,0.08823547462213957
0,0.6585508297372663
0,0.1206941431688886
1,0.9048720437900784
0,0.27230853536331384
0,0.6960223822027027
1,0.26244682648410694
1,0.42116576155366126
0,0.11466227944669781
1,0.2839786528736867
0,0.09067652012145686
0,0.17695030103215048
0,0.09725687642595233
0,0.6798245862378192
0,0.33006717596841006
0,0.12318164868197294
0,0.15452945996344988
0,0.30458120255050813
0,0.09394983012658582
1,0.8595731720779215
0,0.13067385934116763
0,0.11466006644203944
1,0.2603586941025608
0,0.15531660568717304
1,0.7293187673384735
0,0.09360077368082652
1,0.19173671185976918
0,0.12900196624470808
0,0.11827872215656653
0,0.08957216826073636
0,0.1089470536746047
0,0.12825262328939627
0,0.12216868134459963
1,0.26521468848014745
1,0.8973832877791198
1,0.21926956741732612
0,0.6526348917137994
1,0.12875692992923063
0,0.11103219021166096
1,0.6917904509957861
0,0.11987302228083788
1,0.16225930112965345
0,0.21381757915995514
1,0.6044529448221859
1,0.27380381224702105
0,0.2056122881103043
1,0.9587003291179766
0,0.10534636799153295
0,0.12146803949047306
1,0.2121007430532948
0,0.1413148283636992
0,0.11509293594208905
0,0.3637755342774286
0,0.09118240387081757
1,0.5239155652748213
0,0.11709292968268477
0,0.14649264054462394
0,0.09535556748848732
0,0.11280866206259854
1,0.5948148261809462
0,0.22006626927199602
1,0.7954939732014966
1,0.9361254238907397
1,0.10470562567171934
0,0.11158209840500942
1,0.8133417897629678
0,0.10163622222400936
0,0.15580273422292676
1,0.3270513867094762
1,0.836497681605729
0,0.7271115725929403
0,0.11496919769133353
1,0.6684200173109217
0,0.5055722080771763
0,0.23501933799960983
0,0.23192606209453775
0,0.15777480204610383
0,0.09428432407436588
0,0.21037207172221573
0,0.17533991490466694
1,0.73832847099389
0,0.2536046968925012
1,0.8863840988324057
1,0.6941439474015039
0,0.12258956435144597
1,0.7538053417457796
0,0.06642941350778672
0,0.11472991346576282
1,0.5189718788938864
1,0.4991147216893321
1,0.2153058659810655
0,0.11894273330027308
0,0.24258825880467125
0,0.09636296965170922
1,0.19832348395320215
0,0.10906890583951158
0,0.16541974675664828
1,0.8137490895759936
1,0.3759120008845858
1,0.9458223905117584
1,0.9025646063048883
0,0.13997665068715925
0,0.12059829460789956
0,0.25466032476463224
0,0.16010326595408067
0,0.09448417167278912
0,0.09974296595718689
1,0.09163932535935498
1,0.39372293990306906
1,0.6821965404887239
0,0.09788976733159327
0,0.19047706614371257
0,0.12552076729113631
0,0.9478358605896571
1,0.518274604789889
1,0.6776489965304555
0,0.10242957975775395
0,0.08211435637254304
1,0.3023916486633596
0,0.10393507834322853
1,0.7421958748092173
0,0.11692185266663808
0,0.10230072306440308
1,0.7721736664740215
0,0.23150643867205867
1,0.39378359370771837
0,0.18264649645861833
1,0.7879309477100364
0,0.1291317016234762
1,0.7412354146345453
0,0.1283857586147207
1,0.8413049646145204
0,0.08228785255738653
0,0.6100842766999028
1,0.20472531178006254
0,0.5757190807939772
1,0.8611540159048817
0,0.09736504976725247
0,0.0739220698705804
0,0.13668454964112944
1,0.11238406331904692
0,0.07684895382034279
0,0.7744847150790108
0,0.13216401469490613
1,0.15982736413189533
1,0.8542417477141082
0,0.10722259411916002
0,0.08892010862511447
0,0.07922132802120307
1,0.762561785874136
0,0.11560598022052704
0,0.07357240084109189
1,0.8023327781487986
1,0.9152808324228472
1,0.14973023151181802
0,0.339724615199209
1,0.6978122898753737
0,0.0885410717582616
1,0.6250301744224498
1,0.20276094086398966
1,0.28620468649006314
0,0.13914657453440524
1,0.7584128245030931
0,0.4295140988876441
0,0.1527146383625932
0,0.10139804637288975
0,0.09363992638820086
0,0.12241267370880488
0,0.6131689533411412
0,0.10369690685361552
0,0.14356217564996523
0,0.16089503265215213
0,0.0887956769553549
0,0.13901095104762295
1,0.9707974628907066
0,0.2538859045161931
0,0.15731458896442096
1,0.7542019926880819
0,0.1454325281171564
0,0.23150643867205867
0,0.10589479666309577
0,0.11856232518960386
0,0.1531416977977797
0,0.07822775531058881
1,0.09310528757432689
0,0.11648093123582226
1,0.5589638827238476
0,0.1284326695841574
0,0.1371212698946116
1,0.7612715263346315
0,0.08438689081904151
1,0.2652208150680053
0,0.13698778043771292
1,0.8646040470285694
1,0.6925785749997945
0,0.18670424580259282
1,0.9231662303540175
0,0.10817003103769558
0,0.15024242182126105
1,0.6085582694962549
0,0.10879429686220311
0,0.6707003133962234
0,0.2150073607352132
0,0.12547701796806882
1,0.9172956450781264
0,0.10416854725194592
0,0.12140048139124524
0,0.12936022968226418
0,0.09689917654576928
1,0.6636067564508944
1,0.7763322475014884
0,0.14631747346679383
0,0.23547234598846356
1,0.8493690082392291
0,0.07710449473392972
0,0.11684297689246666
1,0.46679948253734993
0,0.11591746122445071
1,0.20615325599687948
1,0.3102354210740505
0,0.1312104340843413
0,0.44130560485631354
0,0.36754182284329534
1,0.6954764655945042
1,0.20877174194222567
0,0.27103240689635827
0,0.15361781326001814
0,0.11326596851178945
1,0.8306825653359218
0,0.10824055212547413
0,0.10368683837346242
0,0.08967341954965974
0,0.14210106863209848
1,0.7628234419214783
0,0.11733978862935854
0,0.1193051845683281
1,0.9521581599851585
0,0.21877277130083772
0,0.09576249907000738
0,0.10093316750762114
1,0.25559036840230087
0,0.155464129681296
1,0.6547129927578997
0,0.1602339338364022
0,0.11158379799354155
1,0.83844794501401
1,0.16608302331077493
0,0.07203463991714777
0,0.10397313809440702
0,0.1400573348864668
1,0.9475084719231549
1,0.6179926792192997
1,0.25874128715500544
1,0.16363181031318969
1,0.8787063264980969
1,0.2198159852176775
0,0.1491603228033041
1,0.8683392769043732
0,0.1138242359740731
1,0.19561207877071932
0,0.2602252418972106
1,0.8622773270916324
0,0.11730136421992486
0,0.12888715934947292
1,0.1464644110420948
1,0.867488816238179
1,0.3000305590173073
0,0.5818575479164442
0,0.09660616870952236
1,0.9569805300155915
0,0.2988740284392645
0,0.08836971514147435
0,0.5385483854278862
0,0.13732960632132526
0,0.17100990403315525
0,0.11577782178362436
1,0.9291525470509946
0,0.14074997406039252
0,0.14664229035322035
1,0.730303144872035
0,0.10299459799810724
0,0.1281364966991084
0,0.16433010078469065
0,0.17493102737314384
1,0.1535189268896791
0,0.6968203006693344
0,0.13931470489013703
0,0.09455735205247118
0,0.1064609890042676
0,0.09108498599718885
1,0.38291523008493616
0,0.09909790158803067
1,0.7737425483479202
1,0.2615997527378434
0,0.07924235701411161
0,0.09268601993915167
0,0.7534706183637437
0,0.12259051894008413
0,0.12586791964753646
1,0.7405553988652724
0,0.08756179522719483
0,0.11120978239868007
0,0.15247098657375338
1,0.8242649751656587
1,0.9392327339888283
1,0.9169724343556142
1,0.24415450308569103
0,0.07180229312870283
0,0.17306072508789538
0,0.09006042332132179
0,0.16378205633883658
1,0.40737012167333886
0,0.12307637352829742
0,0.1210742466988594
0,0.11755919603606414
1,0.10608961675344875
0,0.08646374281634436
0,0.17274218512058687
1,0.3431930513424678
0,0.12328504045948784
0,0.09439875213064
1,0.10390480759007961
0,0.4287721162310269
0,0.2093532667138987
1,0.25788581255469994
1,0.8235790150612812
1,0.32917152333618616
0,0.12126275418276637
0,0.09706690744413009
0,0.13524528715006207
0,0.17631397092819762
1,0.6052665953703487
0,0.26639198832769334
0,0.10434800468676746
0,0.09377112907548674
0,0.12653842883012748
0,0.24869645664964052
0,0.3799416780923484
0,0.19712851758208555
0,0.1592136013695207
0,0.0892988130974894
0,0.130694235248194
0,0.13230900358312572
0,0.14929308513477374
0,0.11630468593901344
1,0.6756075689465191
0,0.13157713357105916
1,0.12365626718170532
0,0.11618434032183073
0,0.13849056009872682
0,0.41778122920647587
1,0.7877623133204497
0,0.09596990361303288
1,0.539437788041771
0,0.10706426687794113
1,0.9527592606045864
0,0.09609488167133237
0,0.1552630443873421
0,0.1254666490388681
0,0.0815128247343376
0,0.19345587713650733
0,0.7006020356275676
0,0.5281944107288159
0,0.14151756516804478
0,0.19278695198695853
1,0.27942776923061136
0,0.15621375292606968
0,0.12087146175717119
1,0.7140317168045017
1,0.7866624651635046
0,0.10470413284144739
0,0.19546528079113315
1,0.6745735135839994
0,0.10268023253046857
0,0.16916885997463904
0,0.550939641962479
0,0.5036937767134355
0,0.10251292673866605
0,0.12047986683728427
0,0.5170877878248045
0,0.09726740660021664
0,0.1326522641718534
0,0.10737429432144238
0,0.1927703519678771
0,0.30450496733875815
0,0.11263516972497878
1,0.2642758921970222
0,0.10960072280580672
0,0.10107770299938829
0,0.11546265958033858
0,0.13111715138263766
0,0.19732008522298125
1,0.19777579772922604
1,0.9067204267212954
0,0.601154833539948
0,0.09762939926664252
0,0.14619343620080144
1,0.9196558717764065
0,0.23843885072208126
0,0.4475116017556077
1,0.657475964978656
0,0.16098880536024576
0,0.20124524051934328
0,0.15104747969795934
0,0.21702819085890784
1,0.6970348862129971
0,0.15271889623187349
1,0.719789622227179
1,0.3368209663410877
0,0.2545673611166394
0,0.08329988701534823
0,0.1344252366077316
0,0.774492404909041
0,0.2992434647597122
1,0.9425092000644812
0,0.17714743671143238
1,0.24322359097313165
0,0.07526028204030194
1,0.7285600227067246
0,0.12810755861446
0,0.09299660794842525
1,0.9186238451864867
0,0.13003384328078085
0,0.09448266244823901
0,0.08856179851486651
0,0.19512890887156262
0,0.170278511229605
0,0.08699043054048781
0,0.07780698165674259
0,0.07950954426072636
1,0.7396490036200228
0,0.2066965101302191
0,0.11593616079029856
0,0.09031263289810386
0,0.1836995025898682
1,0.91090429368575
1,0.5698944261126003
0,0.11282774503641192
1,0.9104249368222989
1,0.6714141580797331
1,0.7320668122893942
1,0.16317464152033442
0,0.1767762273407762
1,0.1936051509063086
1,0.461539694943906
0,0.11940985103167363
0,0.09882262356217383
0,0.11752473523854907
0,0.13980196185866406
0,0.13040871503230672
1,0.9234975646482768
1,0.5463165397375777
0,0.09419635655817828
0,0.2505172177597877
0,0.0927270377532544
1,0.7350275669302114
0,0.4126217934445668
0,0.17227772646910341
0,0.12496735390297818
0,0.1447530587924968
0,0.11145371709375629
0,0.08701326228375487
0,0.09316261862961658
0,0.16292856352810914
0,0.18744604482821445
0,0.10753786508922578
0,0.22680561229987511
0,0.14340232089926944
1,0.4592298184330158
0,0.14798428656674825
0,0.2362274383497414
1,0.19398912210601343
0,0.1159494771006421
0,0.4681594267770033
0,0.14516564462526904
0,0.2964379319746766
1,0.1693721442839945
0,0.11335756347828646
0,0.6008234172270454
1,0.9003074853554238
1,0.9067645261351289
1,0.23610332361401803
1,0.7529883243157555
0,0.156409216539806
0,0.17680301354645322
1,0.8405050155370962
0,0.10593901952581215
0,0.25094468972794537
0,0.1508574823057795
0,0.17371555994882334
1,0.523359293485468
0,0.11411347181986078
0,0.14992436982735974
1,0.8300134416912884
0,0.1741878840536401
0,0.10095830562554617
1,0.7465782477484897
0,0.6995080543080453
0,0.12384104384274597
1,0.4632123400612495
0,0.11623815904196705
0,0.10326800475582082
1,0.19489070927715632
0,0.13982038313164413
1,0.8072992381562811
1,0.6758402575332649
1,0.9363384227270094
0,0.19688891188881497
0,0.15315381779971698
0,0.07111433255249126
1,0.7895886089098892
0,0.0853049638686927
0,0.09207498259853361
1,0.4764070883393102
0,0.11293801562800161
0,0.11044199377535623
0,0.12019948005294202
0,0.2150824862804406
0,0.09654769665182639
0,0.07690108653578251
0,0.3478208662030823
0,0.16809596514949396
0,0.22257899148702015
0,0.07657789228526418
1,0.7858309463989319
0,0.133628511861593
1,0.5870710028384118
0,0.10182528505845456
1,0.39991477563794814
0,0.09371426610123992
0,0.11183125114353205
1,0.2568355952378782
0,0.09626793988432808
1,0.5004249136302619
0,0.15505564691353382
1,0.5763295213129919
0,0.21727620897653596
1,0.8569128001669809
0,0.08497365315972473
0,0.09169978287689563
1,0.8580781543422014
1,0.12677797936010785
0,0.20307080509787784
1,0.9558226877390577
0,0.1417715079385202
1,0.13491055149903003
1,0.571622601230381
0,0.17724699595768584
0,0.2298048767883034
0,0.2171989430621485
1,0.4642173335289466
0,0.09920903242004606
0,0.08998271789185924
1,0.6052109785229328
1,0.8758396921405638
0,0.18993056731655739
0,0.10768789815364833
0,0.12254281858366312
0,0.12097114936132389
0,0.10628759403360924
1,0.6219546730034662
1,0.7962485428013031
1,0.9153057676889474
0,0.09045904256584666
1,0.15366950169481747
1,0.1614510718609147
0,0.14087865437187816
0,0.11067480563627402
0,0.2748858608258443
0,0.1622641152747886
1,0.7124612106311028
0,0.4092562331490607
0,0.15220809716965888
1,0.9875265213088632
0,0.687734633072044
1,0.6488617630064232
1,0.30689293465590683
1,0.8585372312864582
0,0.08262199666641012
1,0.2100424265870804
0,0.1149672100578761
1,0.9423981259529141
0,0.10766657483339018
0,0.12770729928363436
0,0.16017267976591057
1,0.16070861045259793
0,0.20550359885844757
0,0.6725582057387827
0,0.11251245132870674
0,0.6936509748641145
0,0.6192396262120075
0,0.09004564776739886
0,0.17866719541278964
0,0.08954981082925843
1,0.1957767323213458
0,0.09540851947426232
0,0.31770690555611164
0,0.07562955516105974
0,0.19619059041765358
0,0.09909790158803067
1,0.19740795174955028
0,0.3398961053478165
1,0.1360930034375873
0,0.1703450335338201
0,0.10113748370193817
0,0.12711186494736876
1,0.6756618935981187
0,0.10557779466245483
0,0.11973297778513177
1,0.5893899137416553
0,0.09840781486569376
0,0.10816842801019232
1,0.1602314711900112
0,0.1281735181773422
0,0.1986926129807492
1,0.6522682565337348
1,0.6807683038454326
0,0.09381464970577906
0,0.09938932737702211
0,0.7744923679176348
1,0.861710204160362
0,0.13452323147695108
1,0.2266744172604086
0,0.250586023989088
1,0.8960771457813557
0,0.14518993472226693
0,0.10594034379368479
0,0.10092331862700989
0,0.1544126944573551
0,0.1254184920136956
0,0.14726587323602086
1,0.15127022676116045
0,0.19417868860683554
1,0.3185319317011581
1,0.8088151874080949
1,0.7587670535067901
1,0.7693413294623899
0,0.13789227178034086
0,0.09948554915583263
0,0.09136752162790122
1,0.8646040470285694
1,0.7880859566450621
0,0.18634352255828845
1,0.11678667428591843
1,0.14048362281306442
1,0.8215104622039866
0,0.0915300053929995
0,0.12956360396685884
0,0.10634000217246682
0,0.14847701689887763
1,0.8167052762038114
1,0.8568603128590963
0,0.0983755847381639
0,0.5629162025759942
0,0.12320649373453565
0,0.10934412853800494
0,0.14925514405849508
1,0.6339518547815127
0,0.12831127964887515
0,0.09065930524483658
1,0.15111886831358776
0,0.2154148673875238
1,0.390684568314749
0,0.09766122861464592
0,0.22875031153880537
0,0.12995824627603855
0,0.09998565895086317
0,0.1374399837515798
0,0.11189732922078102
1,0.1623856585927916
1,0.8265388983243521
0,0.19804757458984507
1,0.8992698949175514
0,0.13051123297689546
0,0.1558062302987862
0,0.11520274700683986
0,0.12070440658018639
0,0.12408871854023074
0,0.1304260317841973
0,0.08312851712948324
0,0.11482525379254604
1,0.9640987021625955
0,0.17356625668829767
1,0.7130805448456253
0,0.2774931958728711
0,0.14272556546381224
0,0.08957216826073636
1,0.91090429368575
1,0.7663005708999431
0,0.19998130472396156
0,0.15057955023118608
0,0.11885890445450394
1,0.7932858571892153
0,0.09766802722794835
0,0.09370621839693151
0,0.10153893358776647
0,0.4216140941396966
1,0.14315034548835898
0,0.12099605988489995
0,0.9914299608527097
0,0.1491603228033041
0,0.20327525924501222
0,0.10005773936394564
1,0.8870473366447847
0,0.1289662757934037
1,0.371943770724096
1,0.7794918683212273
0,0.09342215646505542
0,0.1576490562101212
1,0.847914509232816
1,0.42478757334030576
0,0.1058941543307787
0,0.09641717154416274
0,0.18151814304578365
0,0.16020008335234626
0,0.17191275187095156
1,0.9635680074714817
0,0.17794120864346608
0,0.13827902528687655
0,0.16537981077256345
1,0.6199492906987096
0,0.3058816868534785
0,0.1477226295436158
1,0.7552257569690433
0,0.0940003305364024
0,0.09453069887229636
1,0.7043572380411315
0,0.13267499377805186
1,0.6842322251790335
0,0.11250605416684632
0,0.09679647897103714
0,0.13311960606122744
1,0.6227862802076047
0,0.08056055424267186
0,0.21305132015767647
0,0.10332690192323686
0,0.15308388250601218
1,0.686479183619881
0,0.13478447098609542
1,0.16556353744345786
0,0.2174559895533123
0,0.5598484646918503
0,0.09007686862316427
0,0.3606260166556919
0,0.22762952219520352
0,0.1644937084037051
0,0.09437437148733167
0,0.32520259706487914
1,0.8909065854360378
1,0.7351120768900884
0,0.10375838218585201
0,0.14633750546808422
0,0.10676595077885205
1,0.1455364427812671
1,0.8819556521769888
0,0.10468485355662026
0,0.6487837593795075
0,0.09056016782542134
1,0.1757994416632674
1,0.7810371760949288
0,0.17702320097215304
1,0.2658513025014409
0,0.10849644383616901
1,0.6800794420001842
0,0.10756242113119768
0,0.09882210420664762
0,0.09527134761617054
0,0.7017993594240723
1,0.10452518809098672
0,0.660222187975736
1,0.3856126419409167
0,0.16435784495197805
0,0.40769368548940393
0,0.11186884893184044
1,0.640347511662797
0,0.12542619650344575
0,0.5037707197568885
1,0.1215953792741471
0,0.20263163152678285
0,0.10498711632651916
1,0.9435130566528023
0,0.2199867575001615
0,0.15701539406002768
0,0.3756962546445695
0,0.08791816689386478
0,0.3076721939522795
0,0.1172496035794137
0,0.08095320002850859
1,0.19972114173429648
1,0.23229849928085303
0,0.2860934076240076
1,0.9250997364370412
0,0.16177378981980942
0,0.13226212518679334
0,0.17147609330832747
0,0.11174538070283742
1,0.6291871137084909
0,0.07739519607542403
0,0.11836574569939841
0,0.10183243164252856
0,0.1632965556865166
1,0.9568397181133913
0,0.11241079698468658
0,0.13871486811803266
0,0.08295730338413106
0,0.18982981690512082
0,0.15978841928981127
0,0.7671785067515071
0,0.12875488104340543
1,0.8231009142570286
0,0.10657463688076738
0,0.11341351190529689
0,0.08823656924236438
0,0.16976732515265214
0,0.37403602396961105
0,0.16423610189155446
0,0.6706011054490169
0,0.09980758735677385
1,0.7464975353526465
0,0.08473873180908413
1,0.21825117207490638
1,0.20111462720412882
1,0.22381101925477997
0,0.10615773344212917
0,0.16501428523820194
0,0.10300902876031831
0,0.12141721286014896
0,0.09672632219060677
0,0.13174170419174341
1,0.6540786978003456
0,0.10824186183096707
1,0.11032657584290594
0,0.09345985855638221
0,0.07510166296918852
0,0.12150459175745398
0,0.10780701161270516
0,0.12455966319568336
1,0.7932858571892153
0,0.11195221524267716
0,0.10630188275666193
1,0.903232731789491
1,0.7778758848489838
1,0.7132378887174535
0,0.10582625766978603
0,0.42065893635376556
1,0.9358974940769754
1,0.706013588858912
0,0.16146845804888932
1,0.6618190056951743
0,0.09939804354194438
1,0.8947702595785656
0,0.16247626371393395
0,0.1471347935655422
0,0.6218263186981541
0,0.1465037765848298
1,0.09981401491175622
0,0.16468874937845493
0,0.09893696358615352
0,0.08934741369071
1,0.7339573846264902
1,0.3326155882496299
1,0.5628767986672935
0,0.09591251745155244
1,0.3785943721797404
0,0.09357693105708159
1,0.17416304415142594
0,0.10312251173370074
0,0.13539576142306975
0,0.06755091755242953
0,0.11425164924152183
0,0.10625527957595146
0,0.12291412475692931
1,0.664976253887311
0,0.13209620369473854
0,0.08361480932410308
0,0.11530361752889702
0,0.10727987509807554
1,0.9032621176722099
0,0.12039212261232168
0,0.09748582028600554
0,0.17758527745332442
0,0.1701039651111406
0,0.2583803884631425
0,0.12282146894539779
0,0.08696312684635737
0,0.7603825771547427
0,0.12243131525195083
1,0.9671711710533201
0,0.13442473690473777
0,0.2092012624483823
1,0.9165077287981642
1,0.5715038481720913
1,0.7330594436413606
1,0.22812496021213965
1,0.4457856984822434
0,0.12871789249230828
0,0.09742860380113536
0,0.09298631708685161
0,0.14721247629699288
1,0.20709938665556366
1,0.18543553267828727
0,0.0968398335397752
0,0.10255961065157315
0,0.08647136420222615
1,0.9290982884048092
0,0.12048199762412705
1,0.9429051155621712
1,0.19036111451406906
0,0.11816617804647928
1,0.7662349758069203
0,0.12394689281530821
0,0.0968915479582496
1,0.8496363130370581
0,0.12218386543332459
0,0.564559548182186
1,0.6981646454271039
0,0.12788292918874414
0,0.7468452708576007
0,0.1833224711756123
1,0.6825669174148288
0,0.3461108569980242
0,0.09824134931040733
0,0.15210607878836377
0,0.14736138109770242
0,0.8492213569063976
0,0.3059741864057881
1,0.49218756932697355
0,0.17126106326039636
0,0.12434447979165034
0,0.19416963425353306
0,0.1262168266645081
0,0.5383784647820541
0,0.36074291654360724
0,0.20724645071511372
0,0.08215849362053933
0,0.12437574953404527
1,0.42717700451802787
1,0.3132025524415
0,0.09655662214632195
1,0.7293187673384735
0,0.098752872145662
1,0.6790180830624781
0,0.11534020975355394
1,0.2534912025784492
1,0.5328742894988792
0,0.08267184524419012
0,0.1685397698251883
1,0.18333158299889363
1,0.21077173268861785
1,0.7634162999332653
0,0.1708354295775325
0,0.10332124825988895
0,0.1334924381842872
1,0.7654441333186003
0,0.11305215305285703
1,0.780171731697923
0,0.10744349662019427
1,0.7499595535439164
1,0.21653965308863743
1,0.9121172811539388
0,0.16280652396102907
1,0.9131847418062069
1,0.1649028263913127
1,0.09602052938349272
0,0.12170562401906015
0,0.2019485457749404
1,0.37908593579227834
0,0.1184296941878115
0,0.5564475566694589
1,0.927605553771737
1,0.17290371307105007
0,0.10712134590486279
0,0.10782299857029516
0,0.21955439459099818
1,0.650152068217672
1,0.8724816801926892
1,0.7551895582411785
0,0.15898201651651372
0,0.11312288316771917
1,0.7841194829775598
0,0.12131286285688969
1,0.7924002518444186
0,0.10918750963585003
0,0.09207443276625485
0,0.10872304347377214
0,0.27776879986661096
0,0.1595824542696534
0,0.1531019182745581
0,0.11109319785238275
1,0.16738767864067042
0,0.19791579159903758
0,0.13871486811803266
0,0.1005684586107877
0,0.1241580629598551
0,0.23376017594497206
1,0.18658583330758757
0,0.12062209741276564
1,0.22282114043096068
0,0.09949883780005225
0,0.12821944866816132
0,0.09019847144333255
0,0.09882055297497862
1,0.17139746332074823
1,0.7058142510219992
0,0.11583903355617423
1,0.8847780515748087
1,0.8738843319897416
0,0.10779963180759496
1,0.7433485656767522
0,0.6487785742452036
0,0.7559189932372892
1,0.12522538998519814
0,0.09258210655377974
0,0.13344615058029777
0,0.7123487157250137
0,0.13960518152802517
0,0.14167322393424142
0,0.707443290032427
0,0.6203406713303935
0,0.11549497293866438
0,0.15960788673058537
0,0.068148519201304
1,0.10800545034023022
1,0.7605316897159777
0,0.08870096922957635
0,0.09639185990837393
0,0.5420030425893373
0,0.15554693845350684
0,0.1286539392635191
0,0.18660947431472064
1,0.6582009004705037
1,0.13487911078815842
0,0.1022460668808122
0,0.0962659831552739
0,0.08669648016562144
0,0.19697118755760254
1,0.7084097442726301
0,0.13072023850311726
0,0.09720630213681082
1,0.08495074263043698
0,0.10382680234603754
0,0.11733906459857339
0,0.10755585362850893
0,0.22562511791447903
0,0.21874018878391752
0,0.12635696347714556
1,0.1095526709278247
1,0.7150517944122681
0,0.669793665600879
1,0.732421502941854
0,0.2486051222143632
0,0.25821454914862446
0,0.11761758003652055
0,0.07244054354641989
1,0.37779224289390445
1,0.7506576246328827
0,0.11448397583428101
0,0.09837731815579413
1,0.08356224765970861
1,0.7928000025160462
0,0.08050130278119717
0,0.1124507338622707
1,0.8443520613618172
0,0.08904781283613215
0,0.22134868786321998
0,0.2394818270162799
0,0.4409350869633163
1,0.3294399201725886
0,0.09435724949442842
0,0.15638884426928362
0,0.657587322287195
0,0.09098702481537733
0,0.15297460435045543
0,0.11335103255922217
1,0.11320526077450746
1,0.7671229763509777
0,0.0997994092003696
1,0.6745117984088188
0,0.11161318611809636
0,0.11007678906855557
0,0.08551420627717572
1,0.9242348303391918
0,0.12097513603724197
0,0.10404927005722506
0,0.13331643862691558
0,0.19374214602191384
0,0.13264688246898118
1,0.32364539670613024
0,0.1175276012440117
1,0.3475802070561374
0,0.2031217633782382
1,0.7847358828861829
1,0.5190108518464993
1,0.1991212754596574
0,0.10136150323368327
0,0.11213506882381762
0,0.08582414762935486
0,0.1432116607226483
0,0.09575409780407469
0,0.09025333544382418
0,0.10028972265968203
0,0.17966043470411572
1,0.08279467840262747
0,0.09644997252627283
0,0.16558415118096506
0,0.17067623553541014
0,0.13427060226352253
1,0.7230665453236157
1,0.7914008108835549
0,0.10579598304007563
0,0.11305858982312375
1,0.7499250170884182
0,0.18773636739387695
0,0.09583213128827484
0,0.11555921724644938
0,0.1475875405604903
0,0.11714247941843148
0,0.10345651244830004
0,0.7839091734595773
1,0.6699935735989004
1,0.8472737382759514
0,0.183721513839041
0,0.18556214887462563
1,0.6625718091880899
0,0.12613998408334887
0,0.0920497278780243
0,0.10734684244195059
0,0.08744213292371746
1,0.2174387516669136
0,0.14953809199098528
0,0.1712609397583118
0,0.5129173038871303
1,0.2344957458608707
0,0.09445683774005081
0,0.8124540017670543
1,0.6980943306841276
0,0.10454690830441114
0,0.09649042174858902
0,0.09876345534551124
0,0.1166173737452158
0,0.112485898175788
0,0.0807099674921302
0,0.1706450894294438
0,0.23706604814340215
1,0.08640464265930821
0,0.1355949652383958
0,0.08280639794170266
0,0.8618197958865402
1,0.9288366866620841
0,0.07362028757822005
0,0.12326424708686741
1,0.14376385339961262
0,0.1830016575955848
1,0.5249297952051523
1,0.534979539812026
0,0.12787858866255347
0,0.09845652446270425
1,0.8594936331498877
0,0.09053758619627639
0,0.10812883147147151
1,0.32362510482812257
1,0.13344788220987697
0,0.2145893939305092
0,0.2241818525998669
1,0.43568181968111547
1,0.16981217018145234
0,0.09162204210789847
0,0.08547863892739224
0,0.10228568226578964
0,0.08789613632554616
0,0.1624812412132513
0,0.12992987976976694
0,0.16774174788206953
1,0.6655547064423658
0,0.15151273078119984
1,0.10707129139627508
0,0.6435990470724541
1,0.4152592983163925
0,0.675383293271049
0,0.16078631427962392
0,0.1909134320937725
0,0.08033361925211498
1,0.24791251822363392
0,0.18635824095308756
0,0.6238260015863637
0,0.13850742916776917
0,0.22064370244993362
0,0.634079425018749
0,0.18149865096196324
1,0.6794420973125063
0,0.117180065451678
0,0.1243544100353567
0,0.12500802011087572
1,0.9354261981550519
1,0.3070558384196279
0,0.09482363958818171
1,0.5074605259182525
0,0.10029818267379823
1,0.5277951986814128
0,0.19146848712755282
0,0.09281225519348925
0,0.1276372678144465
0,0.12600781935786082
0,0.10712892803813004
1,0.9384864959656632
0,0.2358774329161864
0,0.06826593315252555
1,0.4332167836866858
1,0.8762901324729279
0,0.1040338073201786
0,0.16126711045895248
0,0.09674126278766483
1,0.9463027778188673
0,0.1526296286787085
1,0.40751911815498
0,0.12568122128173356
1,0.11186851039076813
1,0.19313075199570176
0,0.0798342829234066
0,0.09348225829179614
1,0.535536436735492
0,0.0927393958983641
0,0.11085052601096118
1,0.7309360465167141
0,0.22752005972972508
1,0.0912676994563041
0,0.11962940168401985
0,0.0995967414588046
0,0.17690839704339717
1,0.6580799165308271
0,0.10380677334331595
0,0.10167867477560995
0,0.15601351479074282
0,0.11924384359905539
0,0.09037232401269675
0,0.14488278283766856
1,0.8660318757581144
0,0.1383400663325648
0,0.1174699270442513
1,0.8645251644830544
0,0.1840919175338058
0,0.10085104379601227
0,0.2919819819031877
0,0.09555785839461672
0,0.10251756898707845
0,0.14859872351607945
0,0.25332495271906574
0,0.1887314507581767
0,0.09574019584897867
0,0.16705103082643613
0,0.14395694490347494
0,0.1906103127325871
0,0.13922858971812363
1,0.6517131244483226
1,0.41329550641773233
0,0.15141933530771468
1,0.21245193376087168
0,0.10961906283182471
0,0.08909276672324838
1,0.5059279844118446
1,0.9643328340724259
0,0.1743631609688178
0,0.10434713204139674
0,0.08577372772928386
1,0.17817533758282952
0,0.11225940543534023
0,0.09626793988432808
0,0.13331499519862353
0,0.12137410878990389
0,0.1403178783253195
0,0.12311895524932603
0,0.10670974751668136
0,0.7404403934494612
1,0.6100897128120101
0,0.23413813242192358
1,0.7720426167496401
1,0.17849775213434205
0,0.08488155133199067
1,0.9746697928595579
1,0.7565605774005366
0,0.16128677089271326
1,0.15426849349382282
0,0.24636402497301602
1,0.18403562139714402
1,0.3549645022301986
0,0.10804106610375289
0,0.12515488503126845
1,0.7509181439857677
1,0.22537561848596085
1,0.784597518585048
0,0.20747793438714895
0,0.11924136091055826
0,0.16276980872849336
0,0.08323127117204492
0,0.07710437597822987
0,0.0874168554053966
0,0.08986547583514021
1,0.9365756044916652
0,0.1541026131021635
0,0.11116280923191016
0,0.09894999290234749
0,0.25347858284030056
0,0.7954351248202135
1,0.9188809836196414
0,0.1279871944520075
0,0.08425695014304986
0,0.12801437036969704
1,0.42718673103390165
0,0.08533104556174115
0,0.14198141523691957
0,0.09843556067798569
0,0.264067040932224
1,0.3726714859059748
0,0.22122343652666593
1,0.21427976689050704
0,0.08308311773559887
0,0.12347847128486272
0,0.1621174961987688
0,0.0860265436809119
0,0.1035601620504766
0,0.11910891578809
1,0.9506929508459689
0,0.10212309007530081
0,0.07956280895195457
0,0.08586987924348975
0,0.09526320540240141
0,0.25714844457350744
0,0.2513011598214649
0,0.11556454603506078
1,0.7976763035177163
0,0.1813221024891457
1,0.5647554362969724
0,0.16155315056273947
0,0.08630570654714556
0,0.08498487565814547
0,0.10961820263130558
0,0.09146788012092144
0,0.12402676347370682
0,0.21133837485434145
1,0.704137303620009
0,0.10981652210832203
1,0.6543520095787149
0,0.10339639053057437
0,0.11953472883105797
0,0.13774431195378212
0,0.22506966164859576
0,0.09507444277110895
0,0.22722165644249173
0,0.47269439748803294
0,0.7082299811278688
0,0.10031813989140075
1,0.35083283205705645
0,0.09625130969124
0,0.4041105359487516
0,0.09593784987381886
0,0.09144158184467731
0,0.0850322474231723
0,0.09413103431527893
1,0.6583202488012664
0,0.09511083899617477
0,0.6747287369869219
0,0.7645965763430244
0,0.10889544311349977
0,0.31874347499065436
1,0.8182191876368975
1,0.4516343431113644
1,0.16278497960162572
0,0.12535725474861353
0,0.12471162920911438
0,0.13480422363996653
0,0.08360427705439749
0,0.1341809498438555
0,0.09094113383943667
0,0.08260845080183402
0,0.10717400329015332
0,0.4829257425856896
0,0.09835458347415878
0,0.38896142543543394
0,0.11110905951192726
1,0.6719408984543663
0,0.09909125998910377
0,0.1524467657775714
0,0.14053780888271783
0,0.14356903712754737
0,0.16375811078543326
0,0.0973064065485112
0,0.6295289972587698
0,0.10063209630171557
0,0.12992721621395223
0,0.1449094201045755
1,0.11345200335771162
0,0.0989699208860072
0,0.6011876701360815
0,0.12667738152751773
0,0.08030154715970453
0,0.17052690047361732
1,0.873576761048228
1,0.9250906020802319
0,0.10568326510573568
0,0.19661565802684963
0,0.468220549723671
0,0.09240611330251246
1,0.8468582369704728
0,0.1163364666471738
0,0.5159270875189926
0,0.11513290723581576
0,0.12756003786497153
0,0.10166386793284363
1,0.90564562699768
0,0.17041073052788983
1,0.17282171880583586
0,0.13116607998116167
1,0.5010887258591723
0,0.1160331856479018
0,0.15179062334576388
0,0.06745342618705417
0,0.6082235470174696
1,0.8330489739662452
0,0.0853065223190426
0,0.19959458863103538
0,0.11631450746612737
0,0.5318322776589325
0,0.14578855157514978
1,0.5243539223968995
0,0.11445780613454352
1,0.16229877372377144
0,0.5167921326967172
1,0.6233426979816862
0,0.11791068392755334
0,0.3036532721797968
0,0.10397370232510912
0,0.0872070978347972
0,0.12371854386044837
0,0.1086640810613073
0,0.11226647676872839
0,0.0970797632193577
1,0.36783822874930294
0,0.14476793885687508
0,0.11801148262391044
0,0.11764938148223819
0,0.13472177432719087
0,0.09776159439075328
0,0.11363320489888372
0,0.4946109445430251
1,0.08615842094807485
0,0.1164809770268099
0,0.643448760084474
0,0.7685920356822669
0,0.33511560619762437
0,0.13334589990044549
0,0.1243708307181001
0,0.1012601486467868
0,0.09722472055253131
0,0.10782299857029516
1,0.2464464086501175
0,0.1291083204832028
0,0.47133459116360316
0,0.10601786650149511
0,0.11427995932996364
0,0.07742638360575256
0,0.10365501078158784
0,0.11646960289586175
0,0.11832079435975813
0,0.10028972265968203
0,0.11159680823670738
0,0.09887729341465973
0,0.13151700092155963
0,0.1408475098841579
1,0.9105555271161582
0,0.14077404214645312
0,0.13774471879177486
0,0.16309684528489968
1,0.5025271071916387
0,0.08582119116828882
1,0.70052268489475
1,0.5362833351192049
0,0.1720252432833766
1,0.123509000556788
0,0.18054911342523178
1,0.5058726486634169
0,0.11878780695154144
0,0.13161859872669288
1,0.1874018785181927
0,0.14827387895051256
0,0.16636057633667445
0,0.07879636824396166
0,0.10755196613475818
0,0.1402828401976889
0,0.0870708470827945
0,0.15473511876944082
0,0.0947744795849576
0,0.20123925594848005
0,0.12968803413743182
0,0.08695098203928839
1,0.5045732021799527
0,0.13471292633731197
1,0.7917657542872982
0,0.13034858065297367
0,0.6968924597753394
0,0.11860560967857987
1,0.9383317814528803
0,0.9099265666974581
1,0.1582845823410128
0,0.13452323147695108
0,0.09367002612015121
0,0.15089236026615474
0,0.08805929767998327
0,0.10307549080754398
0,0.12569394344117918
1,0.1731139040696296
0,0.10156121846564695
0,0.10719287358561466
0,0.2129530441778816
0,0.10178026551966719
0,0.2947033397227909
0,0.18056257105222848
0,0.13773737102639558
0,0.11808012352461769
0,0.08117358486989874
0,0.1262143021550535
1,0.27218401696905853
1,0.1479867177158607
