target,prediction
0,0.027487499170515385
0,0.39043733814292986
0,0.08028620957626548
0,0.020961192848332828
0,0.017301979900826783
0,0.33389748689178506
1,0.12099010224553966
0,0.5260644567106233
0,0.08680312796404775
0,0.028870244334952944
1,0.8738140156016724
0,0.019806700625747
1,0.20008330205869057
0,0.2718190569329631
0,0.08188096082294516
0,0.19322610937180187
0,0.020903451787250546
0,0.0470515192255724
1,0.923508908550485
1,0.9460201113914606
0,0.04243598336353247
0,0.00981348994363038
1,0.217311369737832
1,0.9450616749815618
1,0.8484592100489449
0,0.8894088345156307
1,0.28896486670434357
0,0.030409818667485457
1,0.5173983416239738
0,0.007000930053981527
0,0.030137281712308575
0,0.013024342960495422
0,0.04118414665409959
0,0.10598459115488648
0,0.05363538024494337
0,0.408540502980069
0,0.017313465188375888
0,0.07256422011025518
1,0.850386070699312
1,0.5640686208220769
0,0.2617493631975735
0,0.639156073264073
1,0.8072034467243733
0,0.1474499111726028
0,0.09146782343113233
1,0.6719118198094242
0,0.07876827090009265
0,0.01584693835088817
1,0.9176881399141245
0,0.12874497281817945
0,0.018738657441764686
0,0.08395030018683323
0,0.004382882757947215
1,0.1755801421244436
0,0.04644890244957383
0,0.010245618191292464
1,0.692807245380371
0,0.18930151191607886
1,0.7462206565266337
0,0.030090174405020615
0,0.04583527894081954
1,0.32744378118628087
0,0.23253022388365271
0,0.28867676635494854
1,0.29476986543347367
0,0.025120262772294556
1,0.6409315085957663
0,0.3087665557640225
1,0.3981905826839794
1,0.846076632567234
1,0.8952726653462703
1,0.17409487651617514
0,0.016799415652034935
1,0.712165661655006
0,0.0633632317876975
0,0.11492409400026786
1,0.9918464978319859
0,0.08296065587411298
0,0.036323260859380514
1,0.9371505837316787
1,0.43216360420629163
0,0.03089024876523291
0,0.0409679024297752
0,0.25095510170524427
0,0.5265332171026099
0,0.02179728667426482
0,0.03367448742198017
0,0.05827700291112525
0,0.9095387718616345
1,0.9766568759541037
1,0.8888141069657882
0,0.010269270144322478
1,0.8658351128096275
0,0.00537900286021714
0,0.025278021849274687
0,0.23083628710968693
0,0.1600015424806791
0,0.3164532578073857
1,0.8023132627624187
1,0.7433700797694204
1,0.9141354699491221
0,0.02736124801810507
0,0.11036026066494148
1,0.8651333966923709
0,0.025254616583766657
1,0.493006971033936
1,0.9594119336028797
0,0.008689556978341466
1,0.392807322636213
0,0.36097570560713005
1,0.9078568848895302
0,0.3368936056641367
1,0.7159426005673815
1,0.9429358495524391
1,0.8331556141064322
0,0.020408252285644773
0,0.02133868298096732
0,0.15439851731911536
1,0.7282571673718624
1,0.9252176996402376
1,0.1877879634120956
1,0.7590843127051892
0,0.033700156767863663
0,0.02847899923404914
0,0.016625644596263426
1,0.9777629340345623
0,0.009377138630194452
1,0.3085513540669706
0,0.023535787170211875
0,0.024220903265827813
0,0.18863052653374193
0,0.03241884391185033
0,0.5604042663897549
1,0.9063819261712915
0,0.06891395586058781
1,0.7521924430287459
1,0.9216582278641549
0,0.13665736646443652
0,0.01760861808789778
0,0.3374579891617097
0,0.05385283358321982
0,0.36511717986998904
0,0.052523499402347844
0,0.018231247456490303
1,0.8241416102479902
0,0.05479001447878226
0,0.12449977111896954
0,0.006503536172649543
0,0.014173297011456377
0,0.39836279013484494
0,0.031000653972723734
0,0.15503252824209487
1,0.2771174907993041
1,0.6759744243478689
0,0.03594060320211212
0,0.04870065141134101
0,0.3468775285967054
0,0.012570625369427248
1,0.5068140369983479
0,0.020222183713188964
1,0.46576451687309656
0,0.06793997915896935
0,0.023725691505383183
0,0.07761004793258952
0,0.8185601311795038
1,0.15897646631353493
0,0.1469954161658731
0,0.04755743062052008
0,0.011443129549706313
0,0.3239893612921191
1,0.9269916465062628
1,0.37837233963135536
0,0.030155383425333342
0,0.011027094971787057
1,0.8512982896566323
1,0.5370371454846767
0,0.24871276866590403
0,0.020870361899783255
0,0.01771768056165135
0,0.3242752509701212
1,0.836243449483288
1,0.7549136091785785
1,0.9520102742424144
1,0.9611109799817625
0,0.00739429156230122
1,0.9587540696243742
0,0.04682152707294547
0,0.0355047496107189
1,0.8014409134881871
0,0.1659694333816894
1,0.8061293565044249
1,0.126484741052005
0,0.033569403601581116
0,0.10423152270589972
0,0.02866867739143396
1,0.8237493329580987
0,0.1659269778989488
1,0.3133102676197807
1,0.8207631668637703
1,0.8549282566896855
0,0.1925165573307377
0,0.04817834662360889
0,0.013253859261179711
0,0.07021768391789514
1,0.7556719951853637
0,0.20852642853995987
0,0.05065510522988474
0,0.01659946193048143
1,0.29604579756449845
0,0.024055635426852618
0,0.08756207172326813
1,0.22488035135180223
0,0.01662200589734518
0,0.12198431970293108
0,0.012108158469086203
1,0.5055392469701493
0,0.7733728821779626
0,0.006698976280828787
0,0.6069234451580301
1,0.7206172966174779
0,0.02299213508757958
1,0.0299908234149544
0,0.014292980470802285
0,0.03338359838883545
1,0.8294767347660054
0,0.23157238542176656
1,0.8782878037298038
0,0.051459521087731795
1,0.9493428374179032
1,0.19641790902196438
1,0.8886018092350644
0,0.017688729402992185
0,0.02439986012475373
1,0.15622414564538564
0,0.030591706814700616
1,0.9199913825965524
0,0.18061877461896625
0,0.012509257905907229
1,0.7754427270038606
0,0.6432137656283133
0,0.02571248111432078
1,0.8885369862716258
0,0.011360141657417349
0,0.09174830968388129
0,0.1375564978035175
0,0.008736632137571003
0,0.4315116249299387
0,0.012508270123524975
1,0.9351223635830633
0,0.010907073769517306
1,0.4622804204346548
0,0.30841734800235754
1,0.8820785737663365
1,0.981145698888302
1,0.6923601009789314
1,0.7682347455632049
0,0.46854307020375113
0,0.010876477107069205
0,0.58612556366259
0,0.020846481201955508
0,0.570754495388961
0,0.1429429548392206
1,0.6876123522004122
0,0.04377347125663472
1,0.7600103239398595
0,0.00539692554157569
0,0.007904277742497296
0,0.6844395474356441
0,0.025239316080351414
1,0.39565274594629196
0,0.035932019728302886
1,0.8195364428856038
1,0.8673289741342124
0,0.09279377491100406
0,0.011192473033317796
1,0.8655796765499629
1,0.8625458253447698
0,0.40261933278429946
1,0.7882335803584264
1,0.9560357545379757
0,0.012776020114225016
1,0.6669588703847035
0,0.003242345279859834
1,0.7430079175572704
0,0.023438874383967963
0,0.03705024456093096
0,0.3909475398426052
0,0.1263120981307257
0,0.04426554601757285
1,0.9093625835228617
0,0.08890895695656477
0,0.0343345251797448
0,0.3015856029869762
0,0.5946140242934477
1,0.9042633846263541
0,0.0038718349339367003
1,0.964427366356536
1,0.9648980750608032
1,0.8570064370758355
1,0.9783084205499385
0,0.47834720407198633
0,0.04073881449129306
0,0.011769913143718648
0,0.6204307404173083
1,0.8601546366385974
0,0.14411970441040442
1,0.6640172510079141
1,0.05778538457475662
0,0.028450286735439666
1,0.8704413243933595
0,0.05187698013181276
1,0.8704548771311172
0,0.012301575631225473
0,0.00638430941679436
0,0.039345519656870734
0,0.044258215436934145
0,0.28344603846638483
0,0.1956527028681968
0,0.04868020209601555
0,0.03228217920836618
0,0.08988246532147535
0,0.05187237334880201
0,0.02116786925057559
0,0.012240980321400507
0,0.3552337598219345
1,0.9029269508494588
0,0.01288826564192399
1,0.861295065649711
0,0.010241540886659885
0,0.013883098676596125
1,0.8017242842407735
0,0.697775396607409
0,0.04023744674990139
0,0.017054043278791235
0,0.31994900378663915
0,0.05566836823542592
1,0.5867438563134709
1,0.6916742456452126
0,0.2500144325700872
1,0.9244989014771937
1,0.1996388563432577
1,0.9430014946132866
0,0.024571241104835075
0,0.020312776755649332
1,0.8603124459960249
0,0.013885520722409698
0,0.6170011896510043
0,0.4372671064647388
1,0.7050736159776585
0,0.02378138468386184
0,0.006107540026736822
0,0.0829393934681292
1,0.284567401253754
0,0.020309431564336646
0,0.20599820427017376
0,0.33243917053443534
0,0.11173582427626584
0,0.062277775665692064
0,0.8205086150270594
1,0.4041575175598279
0,0.1618221735608467
1,0.9651770389537453
0,0.005230408904471813
1,0.21188834444672108
1,0.7153567895194013
1,0.9679456571713468
1,0.9041138251548496
0,0.21144314025115
0,0.013558143472369033
0,0.11409382725107382
0,0.026955727467054873
1,0.9142406841709271
1,0.275645212260339
1,0.29199125266678266
1,0.8944098873687577
0,0.30794657280197363
0,0.7228036440680747
1,0.694379000840192
0,0.18979662798334906
1,0.45749135503173655
0,0.05595806130535956
0,0.021948788282828324
0,0.03936899468855326
1,0.7173031186860602
0,0.10005523035461654
0,0.01602553179455256
0,0.061108230193987007
1,0.9588763400990817
0,0.051218588893103545
1,0.7343221471646719
0,0.008426587160973213
1,0.7345284125141955
1,0.9897697613484476
1,0.6769651351115856
0,0.014275002775597848
0,0.2076751153770263
0,0.5514144249917032
0,0.07274371511776767
0,0.10940817486746329
0,0.173241936700816
1,0.9182506828944977
0,0.0461869273793576
0,0.24179460524744498
0,0.3169274185208565
0,0.027748073310547808
0,0.4563605834968368
0,0.1890359726325193
0,0.9153411258264914
0,0.4331220461961944
1,0.7917138310024132
1,0.06990931497055047
0,0.2995841957309641
1,0.8386845985962784
0,0.027782129373128593
1,0.9477967694236886
0,0.01936292924650906
1,0.642335324768378
0,0.02289453722908566
0,0.27552504377828263
0,0.37343384917520195
0,0.13189092533307076
0,0.3731837460186038
0,0.02768930014763674
1,0.8501196170824611
0,0.006215437942475802
1,0.9732407565179536
1,0.7886528751519098
1,0.8082448560546369
0,0.9451703849313866
0,0.004873894144993006
0,0.06826309902007689
0,0.01502050333993432
0,0.006588818662678187
0,0.00861677547072889
1,0.9683468521742387
0,0.11336878128998865
0,0.021518070228645637
1,0.5125992084844503
1,0.9369174147438332
0,0.3588977807699634
0,0.32545830013549115
1,0.30335547452264194
0,0.05279648167410146
0,0.32732291936666075
0,0.061214287484512846
1,0.9603674415180173
0,0.011413699429008882
0,0.175861695375164
1,0.8420117605756131
1,0.11736502845696506
0,0.053179099744149645
0,0.546106307904556
0,0.008699713898689513
1,0.7532661827881187
1,0.8150489978881016
0,0.4315116249299387
0,0.023334668117902458
1,0.32361656337080774
0,0.011106771575818804
0,0.025323277449371673
0,0.030903194010472545
0,0.02786967270478266
0,0.12865030352321075
1,0.6390741762746881
0,0.490924864826859
0,0.13814316881008884
0,0.5204053589272175
0,0.14646451104947183
0,0.08973495136672689
0,0.9656878061056656
0,0.20955761882597626
0,0.7629780377737189
0,0.0452126265054595
0,0.4870546016818063
0,0.003700977309679081
1,0.12629354541503465
0,0.03827857480993274
0,0.05821178150318269
0,0.5039860741956211
1,0.9260095136440006
0,0.005910561276339388
1,0.18497190597010524
0,0.06025437220001143
1,0.9036611018019648
0,0.026637047104421035
1,0.93018933701789
1,0.7457538181061032
1,0.8172183232170577
1,0.1577930264611549
0,0.15486225073454968
0,0.0426021171790419
0,0.05876801699722476
0,0.010745966838309164
0,0.15954840796441305
0,0.0030400505643863865
1,0.9071466272800507
1,0.6097866893929438
0,0.011728253915291014
0,0.024077907093144335
0,0.28938982436859884
0,0.036048620331021075
1,0.6311940987308807
0,0.251679850677801
0,0.060637449698691406
0,0.11946322148892345
0,0.009302650013341964
0,0.018917080153895684
0,0.4604315568615643
1,0.798928632912269
1,0.3750740344905759
0,0.06310996365318576
0,0.027026619393587793
1,0.8386234886009495
0,0.2007595285329201
0,0.01834906460677894
1,0.46981869099903767
1,0.2760870543313188
0,0.014026740364042233
0,0.18133892998795645
0,0.048545088529524306
0,0.18682435309086376
0,0.6697350690712229
0,0.22117237868150066
1,0.4079295989727509
0,0.17432312664283972
1,0.7454928464052489
0,0.005625948514192529
0,0.11448414315297395
1,0.2089035701612678
0,0.009666090475525252
0,0.0432733024388194
1,0.11419143476925134
1,0.921567723760589
0,0.011588098179459234
0,0.192729954858023
0,0.01813071785938739
1,0.9786866511179126
0,0.007421692158409469
0,0.29464232131903506
0,0.00757509407743179
1,0.5906701643533242
0,0.9159453293201101
0,0.08557270712112545
0,0.01656736396558916
1,0.9515453227302795
0,0.02056716615100666
0,0.34515286998405986
0,0.023532414574130592
1,0.4850115511892226
1,0.6357119284382852
1,0.7170567455385357
1,0.5026587876475792
0,0.009274000733008981
0,0.035206004675357006
1,0.9556980763511075
1,0.9014194291926596
1,0.9679216482724393
1,0.22834586339737362
0,0.8821477283532908
0,0.10331589140415604
0,0.1489406261345236
0,0.039684334622695966
0,0.031713954215314914
0,0.11006543164030097
1,0.6878257117272654
0,0.008354480716538397
1,0.9533731033052291
1,0.4420487123222642
0,0.5526020776261571
0,0.013228628315425841
0,0.024194394386782548
0,0.7702314261758332
1,0.7822451129530428
0,0.014576621489142322
0,0.14612236602226997
1,0.6102766602855728
1,0.8347100863700843
0,0.022453977614335353
0,0.3614103235218247
0,0.0132911820069007
0,0.08099019779020465
1,0.9342710225647984
1,0.792914570007881
1,0.3173071556560927
1,0.9110973097373533
0,0.08448999311446163
0,0.09847132994208113
0,0.03621263303453789
0,0.8073359168470501
1,0.5298606163272956
0,0.029266322108941808
1,0.8997392750340196
0,0.38392367764315194
0,0.01082996743186447
1,0.6303439975599108
0,0.019060606699919744
0,0.015317534542855955
0,0.07947408947992636
0,0.061385935308321475
0,0.1439966490250792
0,0.006171454368002653
0,0.06420369501360937
1,0.5095349297116878
1,0.3899017704681391
1,0.15234619635235272
0,0.01889958516514085
0,0.7170212790786558
1,0.4303389430948391
1,0.07089024827359534
0,0.011118697237210033
1,0.9066859510063305
0,0.18750879965140366
0,0.24052373645353642
0,0.004861017144851686
1,0.15665107618038288
0,0.264816976385857
0,0.005985764534156699
0,0.14112760387126652
1,0.9634327518684525
1,0.9345461103407009
0,0.35940127502311814
1,0.8388596443237004
0,0.00415005476926259
0,0.5406299841606713
0,0.47528685669563897
0,0.24319466750051447
0,0.09344802741440067
0,0.8934046814939456
0,0.46411716718509827
0,0.14422582403651732
0,0.04555545251570956
1,0.48927348086409517
0,0.006999617513311417
0,0.09387612222557914
0,0.059342826863225465
1,0.9511058593588004
0,0.48446792443851866
0,0.03225839842869603
1,0.8752208739135247
0,0.13367991546189387
0,0.11060222479682019
1,0.9039588219680653
0,0.006352336551246944
1,0.48867682970185367
0,0.33463999425901714
0,0.17307703691563034
0,0.03353917220581621
1,0.06687071640380331
1,0.9616915598496525
0,0.06528259429751906
1,0.8413090293892664
1,0.804289497108378
0,0.0816315744877114
0,0.038801892420938636
0,0.3406051803990542
0,0.8931619695772688
1,0.159609224634223
1,0.9306927404866652
0,0.07309835082371746
0,0.1472705638921706
0,0.022984071891665812
0,0.06312110679875255
0,0.025355481208546964
0,0.49152262086096293
0,0.5860553006138974
0,0.01012297008268516
1,0.7458354396391385
0,0.18729882594505978
1,0.9408640428311543
0,0.0020027220758215124
1,0.9816284597659992
0,0.01375253876997207
0,0.010538801752025321
1,0.9596058012765536
0,0.009170206412253289
1,0.9325961686074
0,0.7070920553861763
1,0.9769755523763106
1,0.9083673620007778
1,0.6939161441169811
0,0.06619536894023427
1,0.0892305057914709
1,0.8492854558512591
0,0.0025296617123982948
0,0.16635325722735347
0,0.11882496323439538
0,0.004713590556277894
1,0.8977188510215923
0,0.0059508356873054
1,0.1172968466607596
0,0.3009596645284553
1,0.8164598769447756
0,0.010408915669548954
0,0.0870048588526196
1,0.49139098838842477
0,0.09010482030269445
0,0.06491774613743374
0,0.021973619491329355
0,0.01331683981431859
0,0.1549065102384843
0,0.1507318853852413
0,0.1065465317387788
1,0.22596976134835764
0,0.020707600518861606
0,0.7097212048035539
0,0.03009709541301551
0,0.010203420511982971
1,0.2906566048074543
1,0.9028675102363595
0,0.09875376006145764
0,0.07283055726682997
1,0.47567225234855876
0,0.00223195833846172
0,0.04609165398697423
1,0.7995064981259494
1,0.7984218181713443
1,0.8612900112883097
0,0.2062123140561306
0,0.4220064862057636
1,0.7459674255752808
0,0.09214914349248951
1,0.38948158766665963
0,0.10227245434009512
0,0.07523852222244419
0,0.009204503003059954
0,0.17701088563545841
0,0.0968877433416028
1,0.14013629039562045
0,0.03681187716066861
0,0.04508082404064768
0,0.25810875705154823
1,0.8861721634190841
0,0.044764611801175795
1,0.793100133643513
0,0.04328660636476816
0,0.4890006060113669
0,0.03375301013360405
0,0.320623694835
0,0.05701764204550776
1,0.26239685641038624
1,0.8772178480065215
0,0.010864580942847148
0,0.030504796452241387
1,0.6406660900486123
0,0.7699350829602251
1,0.9626298916023921
0,0.21633447800678618
0,0.012615277127328732
0,0.2702745434609635
0,0.10305245128087046
1,0.15656296423900506
0,0.05541428426721426
0,0.5734425507099672
1,0.403898253467445
0,0.5703067781355183
0,0.032167056780889776
0,0.6450044847217932
1,0.9608378642943255
0,0.010281495004050817
0,0.8570022786439763
0,0.018384492989089233
0,0.013721577656531331
0,0.03918904187178622
0,0.036352731308018915
0,0.04498266008831176
0,0.06845552089283471
1,0.836074476279218
0,0.011394258092687161
0,0.2255034653346282
0,0.013390443181565051
0,0.47995327559698414
0,0.15800780459131517
1,0.8777266938450575
1,0.8386360159218037
1,0.9015653674184856
0,0.5876517285347285
1,0.9211433701241154
1,0.8128908057978091
1,0.6041197678096957
1,0.7767417246702971
0,0.5166289365562585
1,0.8852375135892379
0,0.03779995742684981
0,0.022912977367552958
1,0.776364216905537
0,0.05436960489110393
0,0.015156671646237985
1,0.3491165922690055
0,0.2407751089721703
0,0.012030350108076796
0,0.007703689139989403
0,0.026013153941423135
0,0.9356972289021904
1,0.9198495822028002
0,0.9708606340719983
0,0.03491799888797101
0,0.04439690652738618
0,0.8117328005649428
1,0.9409191796730881
1,0.330261177304164
1,0.6736300067722854
1,0.8620602149254357
1,0.6270906039354005
0,0.358195913858784
1,0.20425761294887046
0,0.1102842050774616
1,0.6191780714334146
0,0.11461239242378672
0,0.13770048712386496
0,0.11687119323623726
0,0.5869120414203605
1,0.9858011164272837
0,0.04100250524141786
1,0.8199210835934068
1,0.7729379841699611
0,0.9021202707734819
0,0.09833092203743685
0,0.7813794582646009
0,0.07560690791065315
1,0.48082086419155023
0,0.053370513476272585
0,0.005465698739146228
1,0.9100968834851461
1,0.9167791203044098
1,0.08664458281028668
0,0.0571093737623811
0,0.06315269117207217
0,0.2638671585341144
0,0.5010095695274712
0,0.038881584924157324
0,0.1498779034634455
0,0.06014037620777669
0,0.09256919352941156
1,0.6370971604187698
0,0.010300959868743671
1,0.45189529351265606
0,0.21362087828567905
1,0.944082325524218
1,0.9009422067146536
1,0.8707983248932775
0,0.007423670122544214
1,0.8998273621353221
1,0.9498290925721654
0,0.02523464239194569
0,0.053828295175636594
1,0.568808698484376
0,0.5215109009201833
0,0.009416379305594013
0,0.007963991997452785
0,0.0643546158707566
1,0.7893210347650106
0,0.7038725248896668
0,0.38360823261212845
0,0.03494199169006025
0,0.04217285169394371
1,0.6474592189433226
0,0.23774010187422304
0,0.14246661232447586
0,0.031199964951888027
1,0.8519051253208383
0,0.40157291474919365
0,0.017841802092148615
0,0.01463057018099501
1,0.06471031932961943
1,0.6358002449466988
0,0.013047999692434375
1,0.473207647585941
0,0.024813864507837596
0,0.4231808299849955
1,0.9693272827617673
1,0.8026335096216671
1,0.8840832305962097
0,0.30178957612315155
1,0.8456029455424459
1,0.9460169635378683
1,0.15281200775134052
0,0.10450989445367267
1,0.3561687486482563
1,0.9421750945038732
0,0.027887462310743544
1,0.7312910172271818
0,0.10003846824310335
0,0.018040501848689935
1,0.8330689618993882
0,0.8389634311585055
0,0.09111269322483675
0,0.09404833721713991
0,0.11385359388642276
0,0.016133218754626668
0,0.06436297830181284
1,0.8058966136343292
1,0.9140737607699518
1,0.9181933202569689
1,0.8078570386844027
0,0.008021287658006018
0,0.020648360550765053
0,0.12779858522585377
0,0.020071175637011125
1,0.10003214519279821
0,0.04008457553413894
0,0.011867956565242437
0,0.054574350800725764
0,0.010035769286438186
0,0.17158093023246312
1,0.9345404666141477
0,0.39139111424207107
1,0.9442596587141182
0,0.04681633825512246
0,0.22763353402767506
0,0.012874740471244605
0,0.7997887941688425
0,0.07667523499485168
1,0.8394700799908874
0,0.9672233164168934
1,0.7943513871749384
0,0.034807287101292904
1,0.9459594134695476
0,0.004224474180856792
0,0.11851214642961354
1,0.9071876880643083
0,0.16445617617846436
1,0.8123878120007941
0,0.6761957580653191
1,0.6712093990267788
1,0.6040666351492213
1,0.9772306556191707
1,0.13421012437982477
0,0.1281203529846439
0,0.20683950755935646
0,0.09239394778665087
0,0.01193919503765226
0,0.06107037331026391
0,0.09993949261152012
0,0.5759859800702094
0,0.25298924637409964
0,0.25910964253262414
0,0.06511436558813177
0,0.13033836205723887
1,0.5987479335175752
1,0.7086593547205006
1,0.9182132565887698
1,0.8412899459314277
1,0.2919774423621408
0,0.10050678142612209
0,0.010887880261186079
0,0.2994580741759216
0,0.014033485583319221
0,0.008583980965342497
0,0.037332131408685965
0,0.0139505022722278
0,0.8541736362213395
0,0.2948779053119989
0,0.3008109968121924
0,0.30196760060378514
0,0.22285535538324366
1,0.9812602411948508
1,0.8512856004661836
1,0.7910469010636457
0,0.035270561651853286
0,0.059228369047106544
1,0.9073718329655388
0,0.2121485478388934
0,0.009248381073296414
1,0.324052328308676
1,0.9589750281010592
0,0.05064914391677588
0,0.618634919840256
0,0.010507796275058746
1,0.6892372957454622
0,0.004728998077000531
1,0.8355409759954342
0,0.8209235509427569
0,0.014618597638788545
1,0.9305109779222407
0,0.18030722420033074
1,0.9410422149550794
0,0.01611184901630884
1,0.9293043709611826
1,0.6253382000667739
0,0.3827998965180324
1,0.42114117547431124
1,0.016037599421287612
1,0.6511421547303843
0,0.08060391928644174
0,0.050164172399082
0,0.08379502269828557
0,0.014388237134161996
0,0.29679480410931297
1,0.9197621734207729
0,0.2819738034364538
1,0.6602178410243192
0,0.20146949769448413
1,0.7719724666091637
0,0.04865196303624857
1,0.8112359007220168
0,0.010989216352288209
0,0.01586240109594961
1,0.7913463516918182
0,0.011856772145215771
0,0.028163007069808104
0,0.11188332919104602
0,0.005553562487656842
0,0.1506479268386857
1,0.9514435140661802
1,0.3115008708231449
1,0.8883689954644653
0,0.005231340797876399
1,0.9448477843379756
1,0.9099769622521386
0,0.018497469445230896
0,0.004638457559333551
0,0.6044231550918896
1,0.8247423465269642
0,0.47749060348833106
0,0.9263979408154576
0,0.375215989888714
0,0.04477940458631179
0,0.1727728431876411
0,0.26171763538454207
0,0.059780819006093285
0,0.19225082494817014
0,0.015791143100411707
0,0.09654614772457117
0,0.007060502231808852
0,0.008036136135747322
1,0.926679464663998
0,0.22306679588513237
0,0.9143875202146006
0,0.019550309709528625
0,0.03564171419376788
0,0.8739299152308052
0,0.3060306300554699
0,0.5075846490050289
0,0.016955351302764907
1,0.24686635602776433
0,0.005346460378570399
0,0.012530951601668706
1,0.6941065138259944
0,0.6812917795043079
0,0.019667709542105012
0,0.028162791997221104
0,0.5334377806728914
0,0.36433635227925726
1,0.8975954655697307
1,0.28788170697537585
0,0.16310803001120217
0,0.05571298508019073
0,0.054798978937037286
0,0.27404883872570385
0,0.0845549241264342
0,0.07499339763715421
0,0.5445927157774767
0,0.0503317177761148
1,0.8013168496340465
0,0.05570155747639023
0,0.13403264985713886
1,0.8141853004349533
0,0.023099150208281093
1,0.8765714384330696
1,0.9582347023903192
1,0.7765279169049792
0,0.48281818276904015
0,0.5520111119770447
1,0.7107370472905863
1,0.3351896315004193
0,0.021904073762759147
0,0.013214120409669116
0,0.10215188694605752
1,0.862600732091106
0,0.009401076589143213
1,0.8819105888198361
1,0.7551445981125677
1,0.6452073913884679
1,0.6020128534666869
0,0.1189734093125494
1,0.7772046811754445
0,0.19156198042573472
0,0.03267490285849484
0,0.04803993455336951
1,0.6783934903387022
0,0.6960636800931911
0,0.4409715410039498
1,0.39661405649241105
0,0.03763462143489513
0,0.0383915654328381
0,0.19511554048759286
0,0.01675176677414289
0,0.07896442069637061
1,0.2703402779284247
0,0.025434221884651175
1,0.12514805661578557
0,0.025767480740395404
0,0.00854368793256195
0,0.021834791572411624
0,0.08252678953790812
0,0.12468259450987287
0,0.015140806841675424
0,0.29181679017468276
0,0.8059116960287818
0,0.15749287496140635
1,0.7012593466243734
1,0.7689560582151992
0,0.6127365431745802
0,0.01024143943682838
1,0.108796414251267
0,0.012400021746132044
0,0.2735645473190547
0,0.010087748060767357
0,0.06693601070401498
1,0.18639951814786146
0,0.3033363512104352
1,0.98610148002878
0,0.4785142738191226
1,0.8455794382802055
1,0.8322446858641058
0,0.005062317287820674
0,0.00903292628416973
1,0.6459370452748383
0,0.015658517265254183
1,0.9182786227843452
1,0.9359441057866625
1,0.929092626392997
1,0.853059497163648
0,0.12411472937566574
1,0.686293925853699
0,0.07619894817331277
0,0.32216854278490165
0,0.806308289783214
1,0.43238677356799865
0,0.10022640134878968
0,0.5411076519302888
0,0.043745439935177384
1,0.12295173912301785
0,0.10355852809805328
1,0.7832096047990373
0,0.01022515458070641
0,0.2566458232273374
0,0.06779609708006497
1,0.2806901242687751
0,0.004508425893268472
0,0.1931996709599896
0,0.014389276766684557
1,0.38942484383587816
1,0.9330981545097734
1,0.7320640395809863
1,0.7910469010636457
0,0.0985574910884105
0,0.3096473260002023
0,0.10455212870323048
0,0.6012718315014546
0,0.15173843466210088
0,0.026345153614152912
0,0.1211188289952304
0,0.03010536768782932
1,0.6754399127153147
1,0.9610594186553871
1,0.006062623273539226
0,0.02105396075384897
0,0.27407567507236974
0,0.06627092794774952
1,0.7284666530664098
0,0.004487710646788245
0,0.5400282738992247
1,0.7033824559817217
0,0.0037948275696266897
0,0.027029746757939472
0,0.02811880768970545
1,0.5100471311381302
0,0.031759942068687576
1,0.6360824632840808
0,0.06841738952348292
0,0.20288498287895462
0,0.842754882518297
0,0.15835384266732544
0,0.4021057651515368
1,0.19553455543590204
0,0.47626595746158984
1,0.9402596542493216
1,0.8446181150255981
0,0.017102406748096727
0,0.051723354285920474
1,0.6841423048584098
1,0.9203039679025806
1,0.9157496018825947
0,0.08149680580242719
1,0.4333570272730161
0,0.053473397998214316
0,0.04986449417118639
0,0.0076246906926194825
0,0.2632026782837015
0,0.6086937970048667
0,0.5299407555543454
0,0.017109587442658305
0,0.01951592440757243
0,0.5734447149541949
0,0.014178501220238594
1,0.8391859695112486
1,0.6784052449501508
1,0.9861704806974003
0,0.08224473792502958
1,0.7475825256328404
1,0.6948001118041407
0,0.7821006987891188
0,0.04040311661873003
0,0.044035683071285525
0,0.01806860999455377
0,0.46394212700707316
0,0.5408615089682969
1,0.9111408916772153
0,0.3799166460212612
1,0.9353928973556779
0,0.007200140817344081
0,0.010593738400404836
1,0.6943377489379177
0,0.05893521533820321
0,0.10824221186029263
0,0.015445633059595133
1,0.5432539807381709
0,0.16148982626255007
0,0.07317554065783935
1,0.6445875345945282
0,0.44546748138617553
1,0.27715649242609713
1,0.7178121432552375
1,0.14518533409000292
0,0.018467447469256933
0,0.04697092344339742
0,0.023158948547776045
0,0.020462817226949013
1,0.8615738227292041
0,0.23117353139134716
0,0.00672161093872366
1,0.7920224588500194
0,0.034831706226709946
0,0.02102924314409737
0,0.05157627412969163
0,0.10818695980673364
0,0.023485951551123863
0,0.3122194613403407
0,0.424459731448122
0,0.37222026282768367
1,0.30123808595041085
0,0.00587917609728321
0,0.4114957543186315
0,0.27954163895358114
1,0.3639263774822784
0,0.03463451247762398
0,0.020608129482654988
1,0.7649650518155441
0,0.01980703962338498
0,0.0385439284300818
0,0.02351916540712876
0,0.04717792654076455
1,0.9517606777154752
0,0.03839198609011412
0,0.19951357307002943
0,0.027939347065236812
0,0.09481837838874134
0,0.07987840717242109
0,0.9207440933230056
0,0.058128630414369754
0,0.04811113832181467
1,0.16091316676539394
1,0.7136558213089534
0,0.05884717853271767
0,0.6743120862538445
0,0.13003442921664934
1,0.8820181400496064
0,0.07458274882368976
0,0.5628909503664635
0,0.30498790628117495
0,0.007168042510405779
0,0.01641859638113134
1,0.34849012278655644
1,0.9778872992739787
1,0.48737723924411414
1,0.9168584809488014
0,0.9346101240752577
0,0.07417598114506711
0,0.2937921838906698
0,0.4543600518458421
0,0.8334834678624193
0,0.00812425349121116
0,0.0451637562158072
0,0.006407343514250647
1,0.8478206971632699
0,0.31705160195323967
0,0.6451469123917966
1,0.2249880039856319
0,0.00719292209592192
0,0.6666108717625961
0,0.3457344222067297
0,0.006130721568818195
0,0.01396257467776203
0,0.05981894950137903
1,0.9135165474614403
1,0.7757506775662008
0,0.06397916155581014
0,0.017763696290977907
0,0.041026217155605796
1,0.6463729252274717
1,0.9380811429733712
0,0.1962259205047648
0,0.09103427555285334
1,0.8580036334614068
0,0.10271688742067074
1,0.9143165533743236
1,0.6603317086771314
0,0.07413491228721265
0,0.02531802370534702
0,0.02093709668334471
0,0.16311908985496748
0,0.36676257029210724
1,0.34708093946873464
0,0.0707504758127516
1,0.906157681553714
0,0.020044746343498985
0,0.07618388834696777
1,0.35048544792652947
0,0.012081001125518841
1,0.2343010221898509
0,0.00788842433465923
0,0.034537332982312506
0,0.7769741721998603
0,0.6812243846347285
0,0.028121922077901765
1,0.6566914859784713
0,0.005786593723294809
0,0.02219285784222902
0,0.046552587716773924
0,0.16344868218169642
0,0.4912540748767958
0,0.6128291038487433
1,0.040806346868901
0,0.005127134623418844
0,0.12508936902540138
0,0.02698920144960151
0,0.012106300634495198
1,0.9334646220863321
1,0.9697049218426363
1,0.7603974770830803
0,0.03571931598875793
0,0.007316697900081953
0,0.022426493542839855
0,0.04493229392324722
1,0.2179917161918269
0,0.1600312598134389
0,0.11664139356817003
0,0.19335354991135975
0,0.23685729752307735
1,0.808409035316592
0,0.018823282233068325
0,0.0467439143711622
1,0.5338550402929663
1,0.8000943565722289
1,0.46003399441365245
0,0.263878454322522
1,0.6945230455877005
0,0.4056389887909794
0,0.022060121544941757
1,0.8466626092719971
0,0.2074139397745371
0,0.017023663769010936
0,0.03052297131742597
0,0.03561578932206746
0,0.048105475220500585
0,0.7777542191425204
1,0.10405154678015788
1,0.8766160091796805
0,0.14214395186684817
0,0.11269404964545746
1,0.472019829215381
1,0.1824232665190727
0,0.09358906343367705
1,0.5505545582876177
0,0.04432782280992926
0,0.03514717780112221
0,0.03490326604266091
0,0.004613076876362615
0,0.5418496853945316
1,0.9257090526396777
0,0.01700847053914696
0,0.05005490342647902
0,0.050699974963608445
0,0.0088634771853506
0,0.05233633378809262
1,0.898609284601555
1,0.33000600167656197
0,0.0897028328006743
1,0.4864043387215214
0,0.04615306574940588
0,0.01561633565475862
1,0.9707704134788627
0,0.0299544405949045
0,0.1292888949065631
1,0.6318418949869982
1,0.9081185302304555
0,0.894076831644604
0,0.03828225132012499
0,0.07628074485014043
1,0.7497599534639691
0,0.012112685647394593
0,0.17378866967879927
0,0.02899428339958003
0,0.33829394496855925
0,0.02930947212490039
0,0.049835918971579615
0,0.035537601579999044
0,0.017949924878307297
0,0.16309701221094344
0,0.4344757117099103
0,0.005488314095533589
0,0.9346425425801842
0,0.05748437090204707
1,0.49292465869690527
1,0.545984483890471
0,0.12304225205847434
0,0.19265204104392372
1,0.900043249148046
0,0.8244882962274263
1,0.6124171809189611
0,0.1193128402891794
0,0.025655438389786525
0,0.0058692865024403545
1,0.9072728845539864
0,0.18263758825785673
1,0.9395985291936544
0,0.012210835895536232
0,0.23606625623277516
0,0.01690243500153682
1,0.598836534291503
0,0.5537729793091103
0,0.1379758608386811
0,0.6215397351304189
0,0.14940435775620695
0,0.1686555887303166
1,0.7995660090275322
0,0.013932313768969815
1,0.5700692524076352
1,0.9149745667520044
0,0.09752690396507209
1,0.5748912227597769
0,0.008646541724897821
1,0.8046949222686892
0,0.8767119401191862
1,0.752823909235444
1,0.8081163875359066
0,0.042036904701523076
0,0.006670612074417238
0,0.03734196076401034
1,0.8760950929556958
1,0.33461533039487135
0,0.017886159198594268
0,0.1453901019331116
1,0.8593924078725618
0,0.053690809177037474
0,0.022710992978354935
1,0.7127190947659723
0,0.08028063061509005
1,0.16034132998757075
0,0.012114213740601239
1,0.9502243771758901
0,0.04204216409185175
0,0.1279957541262502
1,0.829655388442111
1,0.902520362863447
1,0.3333630002321827
0,0.07742884751047843
0,0.6367565050648024
0,0.07766446246172427
0,0.3814922471195478
1,0.5751473343140926
1,0.9165132482044387
1,0.7622962543004635
0,0.7548353134167681
0,0.31994900378663915
1,0.9761159815873006
0,0.09010288110470717
0,0.07705300230482989
1,0.5802112270431204
0,0.00676169831341167
0,0.015353054339618966
1,0.7774335363024784
1,0.9180126256142271
0,0.04148772245022584
1,0.9533674299905744
0,0.13960550068893493
0,0.028785410059622974
0,0.011144470723937634
0,0.014141806792323802
1,0.9466211115839744
1,0.6531679015213459
0,0.17558271949180526
0,0.17732033070426703
0,0.009444336263157813
1,0.9548968896448117
0,0.031093379379068208
1,0.42130124818307035
1,0.8323906348388478
0,0.02044920436301947
1,0.9445790100685052
1,0.6391733613283678
0,0.7076317983958309
0,0.061450204476964906
1,0.5357247321252658
0,0.33981692800833385
1,0.8185015617488419
0,0.031817671667491096
1,0.7919571450244978
0,0.027019835150862488
0,0.2916284030534271
0,0.033923396668097384
0,0.014338248796633807
0,0.13316713800254457
1,0.7732211073221301
0,0.672415274599261
0,0.061934772680610616
0,0.06712912589069107
1,0.45159473866751654
0,0.14229269855987478
1,0.43705253806247957
0,0.5248902965247569
0,0.0702329922882438
0,0.04947243968978474
1,0.20009747457739938
1,0.8173699698055811
0,0.22277543134701483
0,0.14397593862899355
1,0.9595585968303053
0,0.022407121243216185
0,0.011561104466982164
1,0.9247099013303874
1,0.9568061156774867
1,0.8880831129137009
0,0.176807570115358
1,0.9058534815089082
1,0.8826775475012553
1,0.5987749590883437
0,0.1155299738192608
0,0.04471847470534792
0,0.024105912184569252
0,0.03785319981016301
1,0.8437717356175805
0,0.08668971428724004
0,0.026313759349440708
0,0.46213804189227553
0,0.16873130589170443
1,0.9154499266086435
0,0.13588464400319658
1,0.7857144915275586
0,0.0819936176116359
0,0.004917903273963764
0,0.048775425465019846
0,0.005558945122191266
0,0.07624772062095989
1,0.8491862765367549
1,0.8704248210076938
0,0.03104929595165865
1,0.192636949761684
0,0.14510685079917784
0,0.20224568189560643
1,0.9486227647054258
1,0.8438072194197835
1,0.8058500039977257
1,0.557436470922837
0,0.06408767657642217
0,0.1537780102228674
1,0.913600505554714
0,0.07598360859128267
0,0.03639311264787907
0,0.01556578451696025
0,0.0047370523478013305
1,0.9535917379300431
1,0.35708664228236964
0,0.07567776968940958
1,0.7442555287910874
0,0.05305165235628225
0,0.02090458224209344
1,0.9787394606862372
0,0.29465346350443705
0,0.09002097425848365
1,0.9404176787969939
1,0.8889691483720412
0,0.12413102026291244
0,0.07074315714438621
0,0.12240958196668249
0,0.019461378916092644
0,0.11304769050007
0,0.18127852180478005
0,0.24271478412894987
0,0.019334738604962085
0,0.010841519829879017
0,0.4036730326881646
1,0.661182000340009
1,0.8480179369516416
0,0.439738883417668
1,0.7562846778601848
0,0.7818671280503972
0,0.22968195831398025
1,0.9210277353362943
0,0.47760962009461344
0,0.06002303356026234
1,0.9766290610801178
0,0.07037161520101604
0,0.07167229327301056
0,0.017385188538278327
0,0.008425524128167034
0,0.2514633102692213
1,0.8933535902203743
0,0.006788174615407437
1,0.17952686015396435
1,0.7528399663700974
0,0.10225687948953809
1,0.9386158164246932
0,0.020378370006770504
0,0.807587773435438
0,0.012460970796382337
1,0.6191061174294514
1,0.17152757351902875
0,0.4174028954185562
0,0.3418796405397774
0,0.013272916805115201
0,0.30839437341448067
1,0.9324517997352285
1,0.49203706792827195
1,0.2826724467516866
1,0.579033239466428
0,0.04504492421126121
1,0.2597725639983474
1,0.8736566934734008
0,0.00992647050863561
1,0.9375455102099491
1,0.8794709805539765
1,0.5824403798380218
0,0.8771158141972893
0,0.13696425932632078
0,0.2769942858833347
0,0.04812656100368025
0,0.03383011725244374
1,0.9260424721305396
0,0.030184555655565576
0,0.009651249421449178
0,0.026880077474873816
0,0.2520850655451861
0,0.01584687755541903
0,0.657231106123527
0,0.13204848553990703
0,0.038389277683123606
1,0.4888658795322858
1,0.46667634296761373
1,0.6518926516232274
0,0.17647982150339755
0,0.019945176720125895
0,0.04540147632337816
0,0.015158277099691692
0,0.0062158166786135975
0,0.020441857976114846
0,0.4346078774345961
0,0.6673897148870891
1,0.2348528311059172
0,0.19709919419884975
1,0.939830294652888
0,0.05129435946643667
1,0.46799433823794945
0,0.05329680443645568
0,0.011612653694117915
1,0.9247099013303874
0,0.19388738557375265
1,0.5987192080696316
1,0.3861765328460715
0,0.014275002775597848
1,0.11222033284477968
0,0.036353369879123784
1,0.7820109418118041
0,0.12197015290414105
0,0.02890160257061313
0,0.46561359300821675
0,0.07550541996394251
0,0.05183047731192384
0,0.02009584679483978
0,0.002417759517420722
0,0.2609754439187288
0,0.1325448683897424
0,0.5564581135526809
0,0.5047656516744268
0,0.061881805323469936
0,0.0020455483763557503
1,0.9198509489445981
0,0.09594664675406885
1,0.9439683677852436
0,0.007027067622506209
1,0.18321790580428535
0,0.04772209394365617
0,0.024086894816907466
0,0.010011123481914765
0,0.014869216343510681
0,0.028620709646160623
0,0.047869455890533014
0,0.031103772736873002
1,0.9118612988004751
1,0.8552755225778899
0,0.057252197127914344
0,0.02283065590002186
0,0.07253977622452223
0,0.025040410007829125
0,0.9313811244967173
1,0.3847154957389372
1,0.8781173560996882
1,0.9406470668361422
0,0.22130012666862886
1,0.8149330387017512
0,0.01140765621806901
1,0.12492509316461643
0,0.6571343174734855
0,0.8922932561008347
0,0.0039639673550188855
1,0.9781323779303055
1,0.7971521731824119
0,0.03195628143597098
1,0.7251684609888719
0,0.03737844808564737
0,0.11619872796258532
0,0.13919708088108645
1,0.5532092829382759
1,0.7497125222384999
0,0.13037929341251658
0,0.41008888607575017
0,0.024968981568009082
1,0.9155118753103718
0,0.709308393255312
0,0.0150891219864136
0,0.2039684508202129
1,0.95314433408757
0,0.7344915420234299
0,0.0395763134016251
0,0.04469347160911061
0,0.2990376254140379
0,0.020426366497667395
0,0.3518205945476084
0,0.4157968951089465
1,0.6482026711675228
0,0.4222865443665293
0,0.31675225296416826
1,0.7236628270819552
1,0.8161654358282212
1,0.9078921862350036
0,0.1314807070861849
1,0.6750185083879067
1,0.11276865763811243
1,0.9831213083635383
0,0.040399531584256854
1,0.8933730977035754
0,0.1581994817196906
0,0.00848563584568505
0,0.006627092938852456
0,0.03462534339115814
0,0.017166420783146348
0,0.04141388089372394
1,0.9487683658724659
0,0.3680318213514116
1,0.9476523962724682
0,0.18909570958671287
0,0.01951352988820512
1,0.4245874814962423
1,0.08103475609018859
0,0.14546814243227899
1,0.6922343826975303
0,0.457547434354904
0,0.006529386275807323
1,0.7761845939311565
0,0.03616221205439726
1,0.7206776851084252
0,0.005869032882605317
0,0.010890903893325577
1,0.9270690301496952
0,0.026140782698664575
1,0.8899297085656648
0,0.006510565478470781
0,0.31988931954921834
0,0.5451855451629288
0,0.007796774079299671
1,0.24992531246944882
1,0.22448971407648108
1,0.7518007166665415
0,0.3837887168422868
1,0.7604875431217177
1,0.4059978597052773
0,0.07534437910944096
1,0.9614322448232276
0,0.12981726836453555
0,0.02004740213194876
0,0.45902220604165694
1,0.9712442668520073
0,0.020602740095664113
0,0.4811520876818357
0,0.046043753714146964
1,0.2724853495641963
1,0.7783477710169279
0,0.18297367284394517
1,0.7076727123900254
0,0.006979166866059531
0,0.03231072693335599
0,0.010420695704742888
0,0.023959325342212786
1,0.6863203456329512
0,0.012982085073283793
1,0.9610763087943616
0,0.7662658997508377
1,0.76942556521848
0,0.32995479780141806
0,0.011551201500165788
0,0.043209863520977936
0,0.010696184741975237
0,0.0981389460616428
0,0.011189028318049472
0,0.013170039867916077
0,0.06172523409958306
0,0.06748973577583388
0,0.007916007749260354
0,0.11904627073816847
1,0.04621262380162064
0,0.029085381423773253
0,0.007597800109642691
0,0.048152513577479086
1,0.832830051628495
0,0.016459441269983898
0,0.08842426868043426
0,0.043020237675985104
0,0.039249099976804154
0,0.049711695250011456
0,0.1312826160856263
1,0.9771361424937045
0,0.22834586339737362
1,0.787952464603484
0,0.011193439198438085
0,0.07255504628611269
1,0.953059473544119
0,0.17874974371198774
0,0.0640683892737997
0,0.026845185122688763
1,0.9678118453169003
0,0.00709247346393064
1,0.7192673492601199
0,0.01467518148060345
0,0.1303601213351947
1,0.9224878643040567
0,0.2142622748038393
0,0.18853574554891445
0,0.009984183683378983
1,0.9376706509547841
1,0.5007617607138941
0,0.005767918924204291
1,0.09394237992985818
1,0.7789634402122122
0,0.2053871128273268
0,0.2035969112546619
1,0.9575577854492117
0,0.13506754610191843
0,0.2043547974818775
0,0.15495753701481574
0,0.33280763917194345
1,0.954947497703146
0,0.010792098123818105
1,0.9689077581732544
1,0.14995814310271385
0,0.019801273901651005
0,0.07106072410761044
0,0.09200942809677479
0,0.6067157328794256
1,0.8073832918852772
0,0.16804210508178866
1,0.5195980159167364
0,0.007971804214537154
0,0.00346753971049367
1,0.7984704737040822
0,0.009660423775399598
0,0.012884891219758115
0,0.0160479253902784
1,0.6761952370410739
0,0.07488031462605206
1,0.43235162643590536
0,0.03803336603597719
0,0.039116320280756546
0,0.07608160537268426
0,0.3369826584415629
1,0.8442673440293929
1,0.9376632034556277
0,0.5243633936055544
1,0.1751845395618176
0,0.8210223756616869
1,0.393709322053491
0,0.003924626436978618
0,0.009472140636215072
0,0.0657969268871464
1,0.7561837957332841
0,0.005477610420035307
0,0.06505924986413147
0,0.8674575747719006
1,0.22429722485831152
1,0.9561229319997336
0,0.25427899066279785
1,0.5392936444815871
0,0.12894883319530628
1,0.09633981001392403
0,0.00989637755588382
1,0.8767917365720629
0,0.20087525774710852
0,0.8138357199548044
0,0.6688103418944624
0,0.38569385077645063
1,0.2960817537294609
0,0.23846039061198457
0,0.3761886625514576
0,0.07711191117774896
1,0.9062133582604611
0,0.07707872236826052
0,0.17438744531498793
0,0.9090760337791208
1,0.9183032801335702
0,0.016200965721467644
0,0.004945386786162267
0,0.008703547158678663
1,0.9332108270507643
0,0.0553788564558807
0,0.7719380204147183
1,0.809993922128758
0,0.10326298647697284
0,0.06369702839854871
1,0.8790076786213491
1,0.04338577245460738
1,0.7817497562031215
1,0.9398660985641086
1,0.3573117833795648
0,0.33373860377492687
1,0.940593918097616
0,0.07307176209621737
1,0.8081078528174569
0,0.3181208537228519
0,0.4989315896726267
1,0.7653447817794593
1,0.6679770763026784
0,0.429511423069628
1,0.9747397277575612
1,0.9694792911088516
1,0.8084234424802508
1,0.6053307961645872
0,0.8492660052310111
0,0.20324770703347544
0,0.030943211568461013
0,0.8085293841582997
0,0.013600283451472066
0,0.06626453478474863
0,0.6055530699422339
0,0.048493757658000805
0,0.02973808416856986
0,0.18643604458212196
1,0.3439108697405189
0,0.2666056850617749
0,0.0064714830411557785
1,0.8743160603661341
1,0.8158802310455423
1,0.7170220121312376
0,0.10336254707293052
1,0.778687465305292
1,0.5978863424502942
0,0.21722199756948835
0,0.41161437345910556
1,0.8301834760883575
0,0.4225550014731212
1,0.9438362649797096
0,0.007730991784351681
0,0.22161758511633048
0,0.3508469734641881
1,0.5369376451816131
0,0.4854159891731766
1,0.315317736990052
0,0.0838818256118875
0,0.11121150695862572
0,0.02627771335976379
0,0.45844063876767266
0,0.03181952443699788
0,0.03377597449692354
0,0.07193519826448572
0,0.7335662990839739
0,0.8459443846911862
0,0.5993509342188231
0,0.012561231562774909
1,0.9697191557619598
1,0.8077647851973555
0,0.11342799535325683
0,0.6195504282718065
0,0.10582880755455881
1,0.9394895082019213
0,0.026919531371698224
0,0.03945233066018303
0,0.20891625787145915
0,0.7103712036627537
0,0.012432167841305583
1,0.9367577172051063
0,0.373249916256126
1,0.5334720656850307
0,0.007142967225515073
0,0.5574950083415247
0,0.2332378911801135
0,0.4549252898252314
0,0.21785608804195436
1,0.2045485252253327
0,0.4396337569451886
0,0.04240126919034262
1,0.6204255103830721
0,0.02946571176257391
0,0.14622813066897067
0,0.03397459961939579
0,0.21662295970341747
0,0.20531362911510204
0,0.04226044411316484
1,0.4361861555405088
1,0.6487658160160452
1,0.5968650370063172
1,0.3902952866974658
0,0.0060415785980000095
0,0.08556178043802043
0,0.06066183612762059
1,0.24712499828111817
0,0.9313811244967173
1,0.8967366153428711
0,0.43171359101614365
0,0.0449540401017945
0,0.010547148683380803
0,0.001860955530235405
1,0.3469044292565626
0,0.26952373864321705
1,0.9056627032583162
0,0.045252081032468985
0,0.4404899813811561
1,0.7713592462623128
1,0.9674790779577852
0,0.0315196070369447
0,0.03819578559142006
0,0.3623349855278207
0,0.02012184579524538
0,0.3224854004766961
1,0.6838197070340506
1,0.9161401499599945
1,0.5068140369983479
0,0.15284775526480915
0,0.10362374247822527
0,0.04545128408238342
0,0.11449755576088909
0,0.4169959231371961
0,0.004225679505191126
0,0.047172942015997935
0,0.03560727547612967
0,0.38527582842576913
0,0.015628682626404756
1,0.9433481309394234
0,0.20649540505936934
0,0.02857666588099851
0,0.004518895065657302
1,0.9086966553078842
0,0.4138775321294618
0,0.01819330088003491
0,0.03164609249902309
0,0.022352831892097334
0,0.07184244946682859
0,0.832987015732023
1,0.8674705911522894
0,0.4116648744730373
1,0.6015804332244047
1,0.8991480621600676
0,0.3968727205781398
0,0.009482261576849216
0,0.24636923550962916
0,0.2871389413823833
0,0.008334746287897111
1,0.5610123815932847
0,0.06411542535536215
1,0.8219983318896119
1,0.5820607233207458
0,0.06101654489601113
1,0.963997629233599
1,0.7802747289921944
0,0.036814021254483416
0,0.19193862877867213
1,0.15603540009089442
1,0.9376141086052496
1,0.9620328044872811
0,0.017981903459703134
0,0.1736370087220718
0,0.011633733431050853
0,0.47037527690786757
1,0.8884742628834851
0,0.056676027488055676
1,0.8940690078150425
0,0.008155928040859602
1,0.9286812211926121
0,0.094998430713868
0,0.07427067929802149
0,0.06152904842388126
1,0.8714003326017102
1,0.8872286488557038
0,0.1303777801960347
0,0.5840698673042707
0,0.021821424752806882
1,0.8289382409563026
0,0.049516455965099966
0,0.48481285925706497
0,0.5691059936763946
0,0.01089056901821436
0,0.004106117802354164
1,0.7508148120751269
0,0.09540158254692864
1,0.8357786830937007
0,0.14679927109218857
1,0.9161626196261401
0,0.017359779965590048
1,0.7141725849277778
0,0.016930214638883702
1,0.347788101482785
0,0.41786554860132674
0,0.033751039381196585
1,0.7665585270842142
0,0.25486799710112396
0,0.03456044128953855
1,0.9790417073111493
1,0.8034150768953465
0,0.013397759715279308
0,0.18037270683355397
1,0.3155833748224844
0,0.025905899378794305
0,0.009670285123030602
0,0.11709859361927215
0,0.04886759922145396
0,0.39015723955777765
0,0.020061806929384182
0,0.1474913611686691
1,0.9440140564445413
0,0.15320570959648283
0,0.03419726581123662
0,0.08269720089858643
0,0.0698556154654266
1,0.7872461647256768
0,0.1301530174516521
0,0.06813069800306291
0,0.030504495819247815
1,0.9047062160958195
1,0.9260457210287714
0,0.05577346363014409
0,0.026030167529034687
1,0.8332321912686864
1,0.7366030269646533
0,0.006555846082905402
0,0.014600743000069433
1,0.1729702945528097
0,0.06503113852566403
1,0.011914412524184409
1,0.3469044043875926
1,0.8783780510042425
1,0.3775158185628952
0,0.43490950344762014
0,0.5262967468872243
0,0.18630487198315407
0,0.05543385262093273
0,0.006892192440392512
0,0.49707012334367073
0,0.03218195442111327
1,0.7734746893809777
0,0.029571466508497027
1,0.7868288722403909
0,0.02804465006802787
1,0.8872908256260207
1,0.8700838654841276
1,0.4554771541283813
0,0.2325348932710122
0,0.05671119067925691
0,0.035771788601224846
1,0.9302657257232404
1,0.8172414045985499
0,0.06362142842498818
0,0.003059629461479535
1,0.9713184667687171
0,0.1967359933478669
1,0.8848315592181134
1,0.8583054874188726
1,0.7981125574143195
1,0.11007313491343093
0,0.007808098832354452
1,0.8603534713771849
0,0.11402090973432066
1,0.8015562686371035
1,0.6989500964307314
1,0.819362061823967
1,0.8695597979014005
0,0.030666618873862597
1,0.9266505868890987
1,0.8106092545944896
0,0.15775375656926882
0,0.7188266467285135
1,0.8240514894800853
1,0.7284994105755149
0,0.005553511645214774
0,0.027368010322682927
0,0.04031011452797584
0,0.009536695251121876
1,0.9672610229094144
0,0.3130861464683669
0,0.1856327402365352
0,0.009570584984561118
1,0.9884569836580391
1,0.1090685723688686
0,0.41203111921229796
1,0.19548260781635204
1,0.8660674506643729
0,0.005395249911878676
1,0.8770043519918033
1,0.6853994735113289
0,0.13591173959822617
0,0.012694530594356917
1,0.9273750136330982
1,0.4079193639482305
0,0.053719480565011114
0,0.12127152821069632
0,0.059910433655116405
0,0.8578053656245949
0,0.017335483155372148
1,0.8028172038590996
0,0.006339614280766035
0,0.8879981707059219
0,0.09132392514257287
1,0.6840152057175714
1,0.9742006856844592
1,0.9286124080873213
0,0.11759071788957726
0,0.04441090164914872
0,0.09699149023072993
1,0.8860674187463543
1,0.8028092150279295
0,0.011171065202174951
0,0.053118264731285135
0,0.01476931831420729
0,0.037178790964235604
0,0.019325601734580464
1,0.5856907376173445
1,0.8520590494283062
0,0.549514452749589
1,0.9002569528974154
1,0.2476992737411092
0,0.02867424665381198
0,0.13262081115922814
0,0.011192617790642328
0,0.25592257467668467
0,0.0073093371479838656
0,0.032078042248298674
1,0.9170216218957989
1,0.697546670695402
0,0.1712757562499916
1,0.3837448770045369
0,0.9712026394618507
1,0.3859862885836364
0,0.06399224073914721
0,0.40690484131512045
1,0.20127133482269727
1,0.9290265260182106
1,0.960483684369716
0,0.04046145561671346
0,0.027026627187624573
1,0.5889527923176459
1,0.9285658995926961
0,0.03612908899372033
0,0.05967714296002539
0,0.015045233749466001
0,0.010508874436831874
0,0.014490989357582437
1,0.5169675838779598
0,0.07251833437953006
0,0.02780462186291336
0,0.012419836123479742
1,0.4418887010231338
1,0.9436840308119372
1,0.7712594957032458
0,0.06367432224465484
0,0.03669123701019912
0,0.004932520083496174
0,0.09490963837170054
1,0.9539770937675324
0,0.059016509573731106
1,0.5425857888030007
0,0.04465443584988556
0,0.010389081397610357
1,0.17475069407977167
1,0.46234602958786103
1,0.10678524650607903
0,0.10808369039145856
1,0.5991358524637236
0,0.037778184621648905
0,0.2951070622516972
0,0.03613780306431922
0,0.050370148963477177
1,0.9568507656385019
0,0.01039528329603951
0,0.08667521421948307
0,0.020469631256493686
0,0.014456210600886059
0,0.016713249765691857
0,0.08118705679602976
1,0.8492660052310111
1,0.9156049534279463
0,0.4373478532096673
0,0.09530686485734284
1,0.02793678431319185
1,0.19068417787468245
1,0.9214684153293672
1,0.7402734198947531
0,0.016818926433810232
0,0.24015477560455722
1,0.7885658667061046
0,0.03284809204881731
1,0.954454763045257
0,0.6887982015139991
0,0.0566720382547365
0,0.7670080932525001
0,0.8332023405356866
0,0.009192315196649346
0,0.4209146420893404
0,0.06150729765740481
1,0.8395931568424657
0,0.05079757721136379
1,0.833586872288516
1,0.7662602344189079
1,0.8030220792581915
0,0.05321068341978959
0,0.5707671598038381
0,0.2714531011924826
0,0.018477267061487532
1,0.8107137751070272
1,0.6194024679920398
0,0.07284936382941033
1,0.8304309230115575
1,0.4886912645140963
1,0.013798298246163866
0,0.2005150737034463
0,0.007048419641444001
0,0.012293535744896115
1,0.9305129158818494
0,0.6032090120037984
1,0.09654138995945188
1,0.921702854212416
0,0.017113033020438376
0,0.04452664806309195
0,0.014236975033762016
0,0.03912154485370403
0,0.08608989749240492
1,0.45515125393050004
0,0.9243976610125406
0,0.049860799831342256
0,0.13273840879732962
0,0.041789210348046384
0,0.33700515389660346
0,0.10450354479224662
0,0.09343147662630681
1,0.08920067046318328
0,0.08538506256666947
0,0.4197066162465494
0,0.020166220296334508
1,0.8195490120315521
1,0.8488868353378003
0,0.16938785884287952
0,0.0029475347079491432
0,0.06358406016294918
0,0.5330766989207212
1,0.1400913020396478
0,0.0837973951703143
1,0.04105433385738533
1,0.2452523086078727
1,0.25027418843451066
0,0.08228287052967764
0,0.03283913087216072
0,0.012163599273404484
0,0.019951072380702376
1,0.8742252358627022
0,0.037352795967082575
0,0.25515430450526166
0,0.2787728848721734
1,0.9440166674350815
0,0.04172112954159758
0,0.2207288183466954
0,0.3109486710574555
0,0.2027776466339068
0,0.018328896477934748
0,0.0063128658065095345
1,0.7584796039494325
1,0.978487847625177
0,0.5609630711012443
0,0.23997024686717475
0,0.041214898050367745
0,0.04269005362370472
0,0.7939819188907058
0,0.09320249761656597
0,0.032949133061292
0,0.09928108321940587
0,0.07662440634582285
1,0.9362955242277301
0,0.20079962551194394
1,0.8227008476520313
1,0.9247099013303874
0,0.13685798674222052
0,0.02800770098309099
0,0.7756567518405773
1,0.7456779062236292
0,0.006837093715477928
0,0.23376938856962634
1,0.9758153199552734
1,0.399726075326027
0,0.0087236125562702
0,0.02278221955187658
0,0.028030130159275603
1,0.3264406614121133
1,0.9685509617096665
1,0.34284210332641823
0,0.17145911516791326
1,0.94893157007383
0,0.15322063536741537
0,0.021641000889612873
1,0.9907423744348753
0,0.02914320236600097
1,0.9322229835654531
0,0.06156321550245304
1,0.9247099013303874
1,0.762631611602667
1,0.616468827621774
0,0.012578078751726342
0,0.1440104346875058
1,0.1922808558330895
1,0.7450010457476701
0,0.06574923458293869
0,0.034848068392150586
1,0.8220781675765841
0,0.03470299244887297
0,0.14961351797042272
0,0.051954427737679186
1,0.8871312848862211
1,0.9157767567216483
0,0.14310802023145053
0,0.18199131707876043
0,0.033527146241453
0,0.0055888503593653945
1,0.03517784200985795
1,0.6541617065406978
1,0.8202158696128269
0,0.006948497910412126
0,0.4324036556222561
0,0.09824430699684551
0,0.010638150977933776
0,0.022828995931895503
1,0.8657133977078502
0,0.0566720382547365
0,0.1000300440674142
0,0.0027860910547300756
0,0.02355988183420041
0,0.16850188514156444
1,0.8842382972341559
0,0.08879710216855542
0,0.88188603557512
0,0.07623054140857279
1,0.9848004231903247
0,0.01616854368211228
0,0.37422788439957666
0,0.10774738036118614
1,0.6000849131929109
0,0.011052622008388779
0,0.028044793221187515
1,0.3267689025462052
1,0.4841804147997786
0,0.06177460712766995
0,0.06856599010757544
0,0.008203350347597239
0,0.016488633756289797
0,0.07424736160625862
0,0.30925972563383936
0,0.007263211474440155
0,0.25421647313716056
0,0.012234714863424395
1,0.9084032079705493
0,0.22245921362967738
0,0.23115921547522542
1,0.06130456139540194
0,0.009766419712952053
1,0.8876515020188859
1,0.3745896087610919
0,0.048650384814990275
1,0.8183541194807098
0,0.5581723292347288
0,0.3009106143490388
0,0.059310049925010905
0,0.06145430884312918
0,0.087362718593123
0,0.07544102948683691
1,0.88068420074192
0,0.03838845961185852
0,0.09342856535169983
1,0.6592752050655161
1,0.2676787067001218
0,0.011247773414259357
0,0.20577506114036928
0,0.009861406226889073
0,0.20534077289411992
0,0.4296639726643883
0,0.09094662079252755
1,0.9315281645686802
0,0.03871626148673697
1,0.9123285128694975
0,0.009187185939475775
0,0.20532670863068125
1,0.4011569921780638
0,0.14346834654904933
0,0.12304442830957608
1,0.13451829506254764
1,0.936694074091498
1,0.8452337496078859
0,0.0714381118607635
0,0.08955346650821507
0,0.030469086464867352
0,0.038663773450939284
0,0.6445146093187734
1,0.8447293343638704
1,0.8452069465291974
0,0.6463145252577641
0,0.2555464297920065
0,0.17977420807861524
1,0.5899076386371095
0,0.043675736667573004
0,0.03916264976605805
1,0.944100609083722
0,0.1495550606846554
0,0.0293187017281376
1,0.9311240506685806
1,0.8417296094946779
0,0.0038378172495127085
0,0.028894364819558597
0,0.09328596496462209
0,0.44135179627026516
1,0.06703786276927877
0,0.013845461409353542
0,0.48651248930009366
0,0.02585992876138914
0,0.7305241902091167
1,0.9671456767420122
0,0.20050001229197498
1,0.05609303429200461
0,0.01250087732398264
0,0.0750032700855897
0,0.005450225213274158
0,0.5562845791870104
0,0.9191733294976412
0,0.5630573456435588
0,0.13899603805615277
0,0.005142688997567903
1,0.9052795816305177
0,0.04176191992084725
1,0.9656907346525849
0,0.03966148312067622
0,0.8149124492192271
0,0.006233190928283574
1,0.8005578883536573
0,0.028055673376590425
1,0.8197045840342602
0,0.13559079353692474
1,0.39045178196562236
1,0.7437590494933594
0,0.03350853832596089
1,0.16067399901120438
0,0.006277233474173682
0,0.00946090631173628
1,0.31024124977046197
0,0.1951733669938744
0,0.017870278684319733
0,0.2654134540628345
1,0.22834586339737362
1,0.8829379778832
0,0.01675272639909156
1,0.9477966212177756
0,0.04378917901801836
1,0.3180943694554275
0,0.03941805091050964
1,0.6613208058051951
0,0.07150158516412781
0,0.2171629877096988
1,0.7388549169763163
0,0.4779922841145176
0,0.05250723546793877
0,0.0043438033766949906
0,0.006625528594898313
0,0.009144956976894585
0,0.010626305498336545
0,0.4380798606849759
0,0.005302160548793443
1,0.7661703796676252
1,0.7253622813206307
0,0.08353179553460849
0,0.049579268208355
0,0.03773264445442094
0,0.10971979881337883
0,0.0043266617842367405
1,0.04279543106035392
1,0.9000995808820107
1,0.9368559290028323
1,0.18628148150712132
1,0.8788772643213871
1,0.4216535663135984
1,0.6916392902936495
1,0.9667998945106904
0,0.010262255983837383
1,0.8284024069733088
1,0.4806070135836303
0,0.13158297790321088
1,0.8318076122075485
0,0.5579209830927203
0,0.7995892511975635
1,0.30044059449392907
1,0.7897576634551757
0,0.8414174156267348
1,0.817981180242688
1,0.9400627006315843
1,0.7041983818023322
0,0.03509825980510906
1,0.6791358102706442
0,0.02517693323633306
0,0.3879611993345838
1,0.924287678947948
0,0.0215235780652272
0,0.5435676632426739
1,0.9164852521713264
1,0.09252117226803805
1,0.6122188445042399
0,0.18837965066565887
0,0.054226406080802515
1,0.7295626076447734
1,0.8121687485999345
0,0.14201988407134464
0,0.11380822578328148
0,0.5330952801263387
0,0.26005316998208894
0,0.0038906630716274825
1,0.9095464230324618
0,0.009352906160021521
1,0.8516941652000063
0,0.24709346654762462
0,0.010775100535108915
0,0.1385837066197873
1,0.08691904041336822
1,0.56798095620161
1,0.6203681111665785
0,0.16219716111244153
0,0.7565708624781897
1,0.9598264207133094
0,0.027637112398549928
0,0.12467026294593071
0,0.013281265667009316
0,0.030678460385254645
1,0.08977232848192687
0,0.37834017590873537
1,0.5678881584132732
0,0.06939434219215232
0,0.012223534655089652
0,0.059222154073197836
0,0.026306599210447427
0,0.007931804968826284
0,0.04955708539955188
0,0.3821312450950532
1,0.9007028059166259
0,0.013614077579649633
0,0.03409353987577416
0,0.05226477663540971
1,0.9554591731792161
0,0.19952687222330617
0,0.006051426652167103
0,0.0062391179864136155
0,0.08361988646625339
0,0.0296649050066237
0,0.14113420130406734
1,0.5905156535304802
0,0.14905611330437374
1,0.38220440337260847
0,0.18533045903188627
0,0.0430135120787599
0,0.027062544920748232
0,0.3187640898805254
0,0.09039052529136538
0,0.014756407233906787
1,0.8869001471977337
0,0.26909743777075706
0,0.004010262767770588
0,0.2533275647469332
1,0.6666108717625961
0,0.02705786911613818
1,0.8036038461116827
1,0.7509846223409649
0,0.007323867351329926
1,0.6386257190156428
0,0.08396159342487813
0,0.0844332881091068
1,0.3038495190517997
0,0.5606642036789137
0,0.01429592931429688
0,0.015334542711789868
0,0.08583596553778748
0,0.03290043785762204
0,0.011120462520751013
0,0.006866774283047128
1,0.6373143153472767
0,0.15445909618130346
1,0.5609261569153635
0,0.9390189371842815
0,0.13819039880875622
0,0.026454819133978638
1,0.7661194601122736
0,0.2613854726111779
1,0.7681344466423748
0,0.04189607359623065
1,0.9049508043197408
1,0.952744316246677
1,0.8729499389039787
0,0.016183237408776596
1,0.9696949830240972
1,0.9277829403217944
0,0.39270703087322983
0,0.8377930616120984
1,0.8603334253727153
0,0.009757321332296873
0,0.09117291477016129
0,0.041592224373870945
0,0.06869352216681705
0,0.6486648307718983
0,0.043847156389415186
0,0.2163828448060598
0,0.27631049695781024
0,0.044992607116643366
1,0.990327371735881
0,0.018789805185032395
0,0.0512341122745459
1,0.8365235153049048
1,0.5092100071037015
0,0.023630292978864268
1,0.2252603290887901
1,0.8825574976780305
1,0.5249941126406128
1,0.7000413108087408
0,0.8719161193699484
0,0.06690902321703669
0,0.12320207357852853
0,0.004821089890300365
1,0.48094221587995684
1,0.8272833332129765
0,0.005189725154067563
0,0.05832196416335023
0,0.877287800164384
0,0.6926141190310177
0,0.04975597838116266
0,0.5992244109523179
1,0.8578906057364852
0,0.023712606604408524
0,0.07902500002386416
1,0.6160297482503649
1,0.7830618674239781
0,0.00938294418340708
1,0.17732038528599528
1,0.8407542892651771
0,0.046832208807414295
0,0.21550614181355995
0,0.013798138256810815
0,0.2130467518251156
0,0.10101467540682843
1,0.9237903120792316
0,0.2668647416741205
0,0.35617830200906336
1,0.8721333832983061
0,0.3443264697813074
0,0.23124271905410376
0,0.021608017278028517
1,0.6847384375722521
1,0.04679540488015345
0,0.7117060166796757
0,0.036001482264215644
0,0.009600796928264209
0,0.8605139488906786
1,0.9461689509593838
1,0.5141412506952098
1,0.22640418477827057
1,0.9494823144786261
1,0.797373882082184
0,0.05005283972221258
1,0.7324602515360986
0,0.02491680062374651
0,0.08862590234270894
0,0.010406208697973289
0,0.22902609121412817
0,0.021624946642413382
0,0.04344465271963065
0,0.04537514943602
0,0.05253467033104029
1,0.9431204993736495
1,0.9697406814387426
0,0.003898808471653108
0,0.04958076651114428
0,0.034793426619655454
1,0.877421144935213
0,0.3642082216838779
0,0.09206296458476516
0,0.014224144285552853
1,0.13961537015271105
0,0.055034249339866254
0,0.004440605622877313
0,0.02735648083730465
1,0.8346181490733892
0,0.02564657459026533
0,0.011721552139959282
0,0.014825458636537808
0,0.004549847850254939
0,0.14799529413595813
1,0.8284446725396316
1,0.7918463482157148
1,0.4823164150158276
0,0.20130352845197969
0,0.05719098689101623
0,0.06697951991255217
1,0.32589973121514404
0,0.6194247600795416
0,0.02680459614290617
1,0.7646596062804393
1,0.881979920929946
0,0.006675573002572522
1,0.9258106083155379
0,0.010223091703094078
0,0.06484572849447101
1,0.8702012756937151
0,0.14074637557269495
0,0.17399125413882563
0,0.24703640760711437
1,0.9450386391766548
0,0.024339154677978588
1,0.9629848917732112
1,0.5045428150438896
1,0.5173546475697888
0,0.0657161958000692
0,0.07857286371867067
0,0.01712907574603417
1,0.7998472022345697
0,0.45116654107475024
1,0.3975247898515375
0,0.08138024921035195
0,0.0633155915866068
0,0.15295123947120445
0,0.8324274715871416
1,0.40057872072567374
0,0.13915312356109066
1,0.2618605422138755
0,0.0025859595005208375
1,0.8565621472406727
1,0.881275619813491
0,0.0162624463792242
0,0.545579073592918
0,0.489377445764897
0,0.029896099451113278
0,0.005107033910240347
1,0.5249504051944839
0,0.11330019868136941
1,0.9311725166824784
0,0.046111738822699075
0,0.09296222401961012
0,0.24192986600417876
0,0.02438591035743334
0,0.017687216346966426
1,0.8294829502334787
0,0.05095472916420464
0,0.07876827090009265
0,0.9508052143705132
1,0.27067423092007764
0,0.03621085844278236
0,0.10138931945003689
1,0.8674508324273841
0,0.014181153100530782
0,0.028487567091065102
0,0.48665190141905484
0,0.054027507361699194
0,0.10238286205818928
0,0.023690967085873302
1,0.9467329219155138
0,0.16670259272454924
0,0.06701061152196565
1,0.46777937055290786
1,0.9052932273900137
1,0.7910792429693304
0,0.02814636595685558
0,0.04586890323918027
0,0.07384794746047578
1,0.927644974697952
0,0.12274031066762646
0,0.7889898910500183
1,0.9772419906745056
1,0.903512515109456
1,0.9717395096673275
0,0.007081634261643569
0,0.6686425502844401
1,0.9092828943629648
1,0.9891469828353421
1,0.979609835895241
0,0.04282902080769175
0,0.020469888235743694
0,0.02038733807089109
0,0.3538885589198783
0,0.015222755615308507
1,0.04694679957426196
0,0.9291971266453235
0,0.5450332986181022
0,0.042106146838367324
0,0.00901851511354187
0,0.054554203363629594
1,0.7475364310257896
1,0.9528615427024246
0,0.8538950421840429
0,0.2944289057533237
0,0.03923889064565457
0,0.014325288028562167
0,0.008236919023590623
0,0.07485254989275371
1,0.8830609448520994
1,0.9111633272376374
0,0.07293380173523922
0,0.005519981123619177
0,0.040920476776962825
0,0.1840084113422575
0,0.6759461955527137
1,0.8032066755690883
0,0.023632415874132957
1,0.6484249091933376
1,0.7115473789770235
0,0.1241651489003731
1,0.7532515811296244
0,0.01838604162081005
0,0.944082325524218
0,0.010125912975349163
1,0.8247948319815915
0,0.0768673724205193
1,0.022694699722845723
1,0.7071487019782107
0,0.24944810547198265
0,0.8630054465900684
0,0.6783447926385736
1,0.9101917574444075
0,0.153330059371885
0,0.36229356432203774
0,0.0625509090139342
1,0.7695325711553455
1,0.039144443104494185
1,0.3183580120002234
0,0.8124594027618816
1,0.09332957968230422
1,0.05507818196799511
0,0.09567950085585422
0,0.10948628057225138
0,0.11127445652758149
0,0.007524073130880854
1,0.9841807004751448
0,0.0103329838014131
0,0.1348746035279817
0,0.0032329600892327184
1,0.6973157356974202
0,0.16112052641023733
0,0.3781883488308264
0,0.06916118367681531
1,0.953596575218622
1,0.9490208920026844
1,0.059247201781919036
0,0.004718902445020565
1,0.965828759979016
0,0.019930684342002302
1,0.39932551709848746
0,0.014387803203793771
0,0.8554934640456825
0,0.19881829669393886
1,0.4267376206708079
0,0.13122427361948313
1,0.940237416191448
1,0.7661427620207732
1,0.8973644153324654
0,0.027046888707231993
0,0.008855146484097886
0,0.003922604381631431
0,0.05258965493305438
0,0.08464174918121338
0,0.0180540224339908
0,0.9300976034196583
1,0.22676680988918674
1,0.9370591234653338
0,0.22592791937998186
0,0.11359832092888485
0,0.21393982058152755
0,0.03830678762450498
0,0.08269211755176117
1,0.9410793229680222
0,0.7983492920205115
1,0.7616570782452623
0,0.7200338759641353
0,0.012926171142410474
1,0.3895252619994055
1,0.9201218865624393
0,0.007249735695735691
0,0.43739412742916567
0,0.3044723373383624
1,0.2795131905344134
1,0.5141247097142112
0,0.1402363861096384
0,0.6727221052963891
0,0.31151657649772996
0,0.8772709025546503
0,0.07123189603881994
0,0.027365399646369776
1,0.8053720183035508
1,0.6598790408311718
1,0.9743925271956366
1,0.2796606586704414
0,0.38007837437322606
1,0.948948075276041
1,0.7485714455147697
1,0.5798793387539753
0,0.2586631310278399
0,0.21016443729363868
0,0.016178674002001306
1,0.8524729466567198
1,0.9020924568346217
0,0.8377369553396355
0,0.02436578599688931
1,0.9448477843379756
0,0.08818202608378443
0,0.4909461685539439
0,0.3124578146326122
1,0.43403816781321164
0,0.023024867582418954
0,0.27582708360224456
0,0.02795687550513104
0,0.011972201814809107
1,0.5559523938293481
0,0.05350329147490818
0,0.20219616773486693
0,0.07068865152130731
1,0.8100864993290471
0,0.09404479309406413
0,0.10353681774275125
1,0.8015482848936144
1,0.3312047765091662
1,0.945454666409347
1,0.6489156403460263
1,0.8820057672113691
0,0.014371514496039623
0,0.07071437196738244
0,0.24586314822157818
0,0.03678545421791953
0,0.687902507476214
0,0.018862542520024134
1,0.9065290072468841
0,0.04791645502787773
0,0.04976540318981495
0,0.009641769594475333
1,0.445281163133723
0,0.04294115874497128
1,0.6594452984334418
0,0.10264364520423203
1,0.9532517160859064
0,0.8728366746899384
1,0.12963763181787807
0,0.03735128489860483
0,0.011919277494253828
1,0.87832025457129
0,0.019080861222495193
1,0.9214388305190718
0,0.3228241877106899
1,0.928982060009336
0,0.37653755999066363
0,0.029525531292703248
0,0.014567980442876006
1,0.9431724016051031
0,0.007968412191822052
0,0.011059813490827918
1,0.5832090724655252
0,0.22049730696619996
0,0.7138062522360671
0,0.034426753218528165
0,0.013575814220593323
1,0.9312341313092414
0,0.38281528988307245
0,0.40782271862067127
0,0.016115746277133025
1,0.9106600325840926
1,0.9325234184302735
1,0.6153027780273584
0,0.012917166776595426
0,0.10955563806761588
0,0.2852085775698781
0,0.03431190335585138
0,0.006002536327628347
1,0.9807261702584794
1,0.796331558980417
0,0.020375620761727487
1,0.22911555835145653
1,0.9338337138042888
0,0.40014700424406147
1,0.6177791785396588
1,0.061576342036327184
0,0.10994960500344741
0,0.18329450423288335
1,0.4350935466725706
0,0.047137539170325156
0,0.012977202991326648
0,0.012587013684606225
0,0.8199004930682975
0,0.054486109660830576
1,0.6955531693584414
1,0.9035996500315822
0,0.017409302870633636
1,0.9819157570659485
0,0.08111266999358051
0,0.68335895041719
0,0.20718743912456844
1,0.866381944415724
0,0.23862188454070374
0,0.22388836692653163
0,0.03423702792753676
1,0.7368953934185237
0,0.37305933350385406
0,0.023116458737583407
1,0.9760907499420078
1,0.542100133169283
1,0.061636989355685616
1,0.5520156962724356
0,0.01082859420666641
1,0.7638483613213451
1,0.9619576888832956
1,0.9839001479017908
0,0.06117984490341538
0,0.13338299959815672
0,0.30919408721232566
1,0.9297218891530317
1,0.792790876046552
0,0.015588857239188545
1,0.49743558857688647
1,0.895344736985161
1,0.5645260931695156
1,0.5528376002223062
0,0.08734265619795716
0,0.12833069398870678
0,0.014489131135787724
0,0.014878577222892602
0,0.044040329545847114
0,0.014144680446893989
0,0.5930525518642594
0,0.17649242503707474
0,0.016364720818393144
1,0.6778618181252932
1,0.9499370212861633
0,0.015649166169821503
1,0.9876138348977295
1,0.9663195347751741
0,0.006510922417889469
0,0.009391201263377526
1,0.7096391771439908
0,0.28300330323546846
0,0.022273689744202626
0,0.022159680439328516
0,0.08005302803711616
1,0.8644231291681127
0,0.014619020590271849
1,0.9775099142679128
0,0.01890744307220971
0,0.03290539954526055
0,0.006994453490074848
0,0.046127166076467586
1,0.9349670846198339
0,0.5935030695718616
0,0.044476645217088696
0,0.01910958433606189
1,0.6041189592375313
1,0.3087301199244404
0,0.020320587281264853
0,0.03869870302089162
0,0.014660574480587505
0,0.099988508598092
0,0.008945285573292763
0,0.5527889989455792
0,0.034635429766153664
0,0.036267677919477444
0,0.0910957806409891
0,0.1320138508752771
0,0.05681594811093314
0,0.07967519910499639
0,0.034497305217999666
1,0.8668997332934227
0,0.9366278166462981
0,0.009948072590903894
0,0.10257781601668413
0,0.6626467051941651
1,0.9409851290013888
0,0.10074799529666278
0,0.037517021276085145
0,0.22290858892158957
1,0.03203290141618454
0,0.6490592796113228
1,0.3650779660190093
1,0.9468925742014216
1,0.16421864426245694
0,0.2669619370548027
0,0.13294073852722255
1,0.9623861790540881
1,0.8896280990979667
0,0.03697457888867133
0,0.060183783439089075
0,0.5934415526818935
1,0.298928275213433
1,0.5010533051811239
1,0.8357786830937007
1,0.1558322792395729
0,0.12958433414350332
0,0.008422365092921942
0,0.014024984738578015
1,0.9843304428592949
1,0.7702741730422518
0,0.09306265583745237
0,0.0113349687020131
0,0.04528560833248332
0,0.0641381238803779
0,0.09755864949912922
0,0.03839114380249049
1,0.4837189225500959
1,0.9767378176782261
0,0.10116250508818111
0,0.6361368120835522
0,0.027853630039180965
1,0.9165833567299729
1,0.9383336222136008
0,0.0291541425362307
0,0.21044021171279656
0,0.1414178512914351
0,0.01234673011115499
0,0.04913123325302862
0,0.013398456479014964
1,0.6179552580666621
0,0.10237233025846888
0,0.5380519237234487
0,0.4785142738191226
1,0.12349577301602091
0,0.023537826930829547
0,0.10349516555499341
0,0.00914454452907995
1,0.9578367348309053
0,0.04208772373477316
0,0.007604703051109437
0,0.014269519058106373
0,0.08429776529675063
0,0.013444303958692306
0,0.043964669264027006
1,0.41063492865338747
1,0.558232958150143
0,0.004276482213794387
0,0.05431048946569818
1,0.3940105359463885
1,0.8778029726202053
0,0.6633783566321618
0,0.2549384222574525
0,0.040541229913288464
1,0.7616160405609816
0,0.029870281509084228
1,0.8657248941768605
1,0.8870796127931493
1,0.9531295263848747
0,0.08567316908578708
0,0.07450722152180309
1,0.9570221772278349
0,0.04642730128556182
0,0.054554203363629594
0,0.05852878540268589
1,0.42130124818307035
0,0.0063825700832020405
0,0.12279520647961058
1,0.995905566879319
0,0.03871604908454922
1,0.17992480594089907
0,0.6742873590303856
0,0.6626714681016611
0,0.3497510521808173
0,0.5335852448985181
1,0.6340227870754731
0,0.12847811174158144
1,0.05446781860998349
1,0.44899982291981694
0,0.1974466054518615
1,0.7008804562595281
1,0.20273315080468865
0,0.04429724537701667
0,0.11042120576001625
1,0.9277414890199245
1,0.19372634999645863
0,0.2956223942983506
0,0.02087759845503525
0,0.00791751099376585
1,0.9583287320689309
0,0.41241957796794704
0,0.10839397695227271
0,0.0835212663295898
0,0.04170764903521589
0,0.03373010968350952
0,0.04098363364748432
0,0.014182327532957494
1,0.30844858135740616
0,0.3086653544333028
1,0.16634640394159447
1,0.6134611718333269
1,0.640597438475236
0,0.24807783587244225
0,0.018319183499847617
1,0.7831397698710489
0,0.30972986931436
0,0.11166528646949853
0,0.015538260571196312
0,0.11188196888640974
0,0.4417465464592988
0,0.029125321917883543
0,0.41639821207140765
0,0.014422465570588003
0,0.007449509981839697
1,0.990303233510232
0,0.022840549488709096
1,0.08746385704608932
0,0.22551161816621845
0,0.02374268688719122
0,0.007831048578298012
0,0.023132293893552962
0,0.0073757511727882055
1,0.8509365325449884
1,0.21701805238597469
0,0.03254373483161412
0,0.5447030694468719
1,0.17181901267798
0,0.012811409256986294
0,0.06193390902852732
0,0.711296515621654
1,0.8896993834940521
1,0.9525115669156965
1,0.15148136558047437
0,0.02464727326187783
1,0.7073255581969938
0,0.7654252187581317
0,0.1131073415196826
0,0.08559936753031201
0,0.20092663178358783
0,0.004992267125307167
0,0.008876000313301697
1,0.4193273486355959
1,0.26671501685820437
1,0.11408092565442024
1,0.948111433193788
0,0.8215178087170043
0,0.16778318284820606
1,0.9136242549250415
0,0.020600196459890693
0,0.024814013145010267
0,0.45623730459296963
1,0.7593280580324333
1,0.7711347638963222
0,0.01706950874597658
1,0.6789712418272892
0,0.02270047082850923
0,0.007456386561454695
0,0.002012686463820107
0,0.008775031244779808
0,0.2222094047377766
0,0.018325221658052834
1,0.5279744978727765
1,0.5250424528795806
0,0.0275383514572187
1,0.9318045402505313
0,0.05327459685810697
0,0.04232646462446878
0,0.31601884480833986
0,0.008234970768625461
0,0.8396152198050789
0,0.05597121044110287
1,0.9313504063807566
1,0.5141612852884191
1,0.6457836163254104
0,0.2894867685158086
1,0.9105362481439411
1,0.7724857143987889
1,0.9782462480935218
0,0.047447109062050276
1,0.5524385758831939
0,0.012664745933881625
1,0.7239692775151249
1,0.9598990572930082
0,0.10082360399435121
0,0.02674058534544456
1,0.9563682441776554
0,0.032704376106161365
1,0.943693703397327
0,0.1634224039115464
1,0.8222159441806017
1,0.7516206373761954
1,0.6585662718698553
0,0.1365660069352715
0,0.05187178891398199
0,0.0053191879824922945
0,0.010811705130054293
0,0.03309360142866016
1,0.7210946385708017
0,0.0048344954267300864
1,0.9472336905446532
1,0.8925249797326671
0,0.04165204466412542
1,0.8043824054978783
1,0.8848912598827092
0,0.4355674918694388
1,0.5189987770509491
0,0.03538197331051951
1,0.9330688418048964
0,0.46680650425672743
1,0.2120084016658182
1,0.6157199801572355
1,0.7309424242276725
0,0.35647030155391896
1,0.9503403595838482
1,0.946718306997224
0,0.00368520932100678
0,0.11473861355952529
1,0.4081010678293134
1,0.9123760279422577
1,0.6778214980666081
1,0.5633927139199733
0,0.013257067354415765
0,0.07841554094075881
1,0.2300859605157161
0,0.02590085684337964
0,0.7812902445088956
0,0.007249909579036322
0,0.018483231171588118
0,0.506991079426031
0,0.727948512715037
1,0.4293206399932166
0,0.1500367018107284
0,0.9443499326447893
1,0.8682605171539319
1,0.8478896203160587
0,0.08148186899263636
1,0.8072713890971791
1,0.9677994261286221
1,0.6700987392384953
1,0.6738449568240463
1,0.8385323953007813
0,0.07616610036187664
1,0.6833274778942534
0,0.017220318409153765
1,0.6037943642941962
1,0.0764983578242555
0,0.049874712161129556
0,0.010859690575500291
0,0.07945633310488674
1,0.7725427259976686
1,0.9162605559278041
0,0.2446352636935669
0,0.06764807729623262
0,0.07129744204711252
0,0.03135522663106981
1,0.8660919098941865
1,0.12200875407408641
1,0.8001969833853243
0,0.04456830039788509
0,0.2702242427903762
0,0.005091145322188066
0,0.2973240375071178
0,0.027665957510355662
1,0.848345849695365
0,0.033128581625071554
0,0.03801209710301941
0,0.07035988957678979
0,0.02609705114972463
0,0.05011322068906576
0,0.2795173957989633
0,0.005749283182592559
0,0.04057668858145843
1,0.97599771426753
0,0.005413956638822362
0,0.06153968356711258
1,0.7556494821871532
0,0.5473881439897178
0,0.014590843948750334
0,0.005999638737341143
1,0.015767745874867102
1,0.896030841431316
0,0.5074195163796665
0,0.010671549444527613
0,0.01378634100808927
0,0.006513028717121134
0,0.17893288708778454
0,0.015517021118299128
1,0.9841295988114277
0,0.031664167583290256
0,0.06131806731065885
0,0.44903643250132685
0,0.13076847121361496
1,0.5829384887001089
1,0.705603839410957
1,0.9636352601157454
1,0.2555471671162243
0,0.016368308894978385
1,0.17019892615925794
0,0.12182345868494646
1,0.5197813591622107
0,0.08701464772864545
0,0.5783551685936947
1,0.9650074083985937
1,0.9102985138091583
0,0.06238028584666734
0,0.3103386284105464
0,0.3335530793212448
1,0.8773479427415468
1,0.8533997133947808
1,0.1084393275140649
0,0.07710462971535317
0,0.015074364138472362
0,0.19685417631409316
1,0.7834680762934373
0,0.018386041819393212
0,0.2721882980274943
0,0.834024601218086
0,0.2411062767520811
1,0.9389748838817785
0,0.04869997693033141
0,0.04333941360123551
0,0.00322093548191969
1,0.9463243031225108
0,0.13063422394967864
0,0.023868691476015256
1,0.7516372784760948
1,0.596556328385587
0,0.011993498229004317
0,0.12355811326358848
0,0.007361388294482368
1,0.1583719956775774
0,0.5408495924568808
1,0.9330440738770701
1,0.7305793574817779
0,0.07529958073268442
0,0.01834704480825255
0,0.17122486635848744
0,0.0020712679075504687
1,0.9434201955924747
1,0.930298135874352
0,0.20105094914461516
0,0.3781271457329099
0,0.10512997614165022
0,0.551513771273347
1,0.8849774142478015
0,0.03833159094755045
0,0.07149875645469973
0,0.02414474676512225
0,0.7338351718902191
0,0.10828272220892397
1,0.7432802817781238
0,0.03539857294363634
0,0.49899453586253134
1,0.0696846733572845
0,0.005820015459942137
1,0.9470884940538815
0,0.014434246176622666
1,0.707760383357804
0,0.14967196177596992
1,0.007152678137998211
0,0.2945688096840938
1,0.4790751733748707
1,0.7953207022777854
0,0.00465450295800997
1,0.958352997711695
1,0.967244535628286
1,0.44985911994700106
0,0.3104019498650159
0,0.060696950667803826
1,0.9466333482322823
0,0.07197783763288758
1,0.39587667466003207
0,0.10686017060142604
0,0.041511625452210266
0,0.02608917127157026
0,0.03137985744666389
0,0.10276545214484098
0,0.042352581845481865
1,0.979402159099673
0,0.8492448430514548
0,0.41436802286424357
1,0.9197402786718571
0,0.021570202098849908
1,0.9565809163871654
0,0.01276358908340278
0,0.645625568425164
0,0.10316781591421158
0,0.035266669635029634
0,0.14374956809790104
0,0.08964499204553694
1,0.0834209518365088
0,0.1479290185867508
0,0.11774056611499416
1,0.9599537720180448
0,0.3670499798997593
1,0.569808433002202
0,0.05271783009690814
0,0.0477047170947268
0,0.6555526408942218
0,0.0027392426613204847
0,0.07427612252357138
0,0.07644093258669094
1,0.9245066217648074
1,0.9868525709813627
1,0.8736251317093665
0,0.09097234177223137
0,0.019294825468845977
1,0.5951636791261871
0,0.04410402534730366
0,0.02759221404866739
0,0.1049467033525533
0,0.12810647581562243
1,0.4012326814546942
0,0.18241638850153627
0,0.044455786779934
0,0.31759780649105884
0,0.05031491298434342
0,0.29923261247797117
0,0.610941233154903
0,0.01031384603215548
0,0.6553692817890739
0,0.46234682562039464
0,0.02413631640479086
1,0.851841383183639
1,0.36395232980976194
1,0.04487666852948063
1,0.9431833473090953
1,0.26639453407596153
0,0.27270934522227713
0,0.2676750570389516
1,0.8651753876156209
0,0.13758772617932807
0,0.023130533331975314
1,0.8583054874188726
0,0.0868827050542952
1,0.28414683524661283
0,0.07326170501959968
1,0.8858482754814007
0,0.5286057088882157
0,0.01670928923052616
0,0.4063440492838945
1,0.9289000333534575
1,0.071077434188833
1,0.9610309313187808
0,0.06667211218861988
0,0.08929930957181155
0,0.005767072763414979
0,0.061513082515648444
0,0.844671991130902
0,0.012077798008109276
0,0.011836265205700707
0,0.3724419476570425
0,0.058805003490879755
0,0.03512745507979783
0,0.010977585842083457
0,0.03291487624728487
0,0.054871773170001276
1,0.9790851764535407
0,0.04624846439462382
0,0.20866984549272904
0,0.08393099049755051
0,0.011428121824564296
0,0.07541918200855073
0,0.04414972937296675
1,0.8887593353231453
0,0.1374684571806188
0,0.059782869723087634
0,0.014475598751467696
0,0.770208098717072
1,0.48820093619103494
1,0.8568372186252662
1,0.44372008529628976
0,0.12894065504545857
0,0.16028796468310152
1,0.6614021510924267
1,0.45681177509402704
1,0.9572414103573275
0,0.22780737712153756
0,0.8300484480712329
1,0.2831561846163907
0,0.3585758971623316
0,0.31279813729706196
0,0.3142500320527423
0,0.09178208610196596
0,0.7018567013717607
1,0.9014416786823048
0,0.1488393883728719
0,0.031118280054207498
0,0.4538592941741901
1,0.5422040287251485
0,0.7129359624570951
0,0.5438063723481457
1,0.4401025794182729
0,0.00419928363009288
1,0.5723941798690088
0,0.5920567664465515
0,0.039408805125828235
0,0.052292874803907485
0,0.0045859017153893865
1,0.33335449127257333
0,0.019109536242445213
0,0.028955908599753676
0,0.22536770878159695
0,0.015201488371649726
0,0.045099706740923375
0,0.004060746741443023
1,0.8780808225494726
0,0.17735455663499325
0,0.06973376884248489
1,0.7037264860553425
0,0.31493494761949553
0,0.2420167621932876
1,0.25929614798709416
0,0.35223777923333666
1,0.4116267925130114
0,0.07870637515379374
1,0.9279798197017337
0,0.06784145615525142
1,0.41391925388623285
0,0.06408157638162817
1,0.35979353760568505
1,0.36073198856532285
0,0.013438040973847364
0,0.006934434483361226
0,0.020033298288607004
0,0.03419459854055149
1,0.8308582547277742
0,0.9192424243016443
1,0.3622820647871665
0,0.0025181550262638333
0,0.014275002775597848
0,0.01702070875657373
0,0.057071059022543856
1,0.2668650371000272
0,0.005009742646417675
1,0.35766419601587834
0,0.0370200967834815
1,0.6677091252244315
0,0.7418375371715726
0,0.0610945748175323
1,0.8728582277101046
0,0.09256783061788346
1,0.9086835339704024
0,0.05491035093685189
0,0.1959877831856678
1,0.4268054283186975
0,0.7475594282776622
1,0.9737850360249858
0,0.012456769066905975
1,0.8576139638436653
1,0.3714897291485894
0,0.07380569805938014
0,0.00795616087066229
0,0.035732994197260025
1,0.4467002527131599
1,0.9166926804062512
1,0.11942475382717373
0,0.8807781424333346
0,0.04167803007547783
0,0.3476454533992344
1,0.38784472143761256
0,0.03491799888797101
1,0.7346572062097851
0,0.03735698590704446
0,0.4055731412709513
1,0.3639089732307752
0,0.1889610132201693
1,0.8968126538545499
0,0.04841442963700158
0,0.01455255756626574
1,0.7291303598314278
0,0.004148416501765886
0,0.015456293684302942
1,0.8204803637447432
0,0.01382950726673583
0,0.22680392025319626
0,0.01080787234143762
1,0.7075157104998026
0,0.09142929917632575
1,0.6407617004553003
0,0.8912307295555408
0,0.14802183885064077
1,0.8855672780362012
1,0.6540606631228183
0,0.06073276997663213
1,0.4116267925130114
1,0.32827675652450633
1,0.7970787283608145
0,0.3587728140784807
0,0.2439361560125089
0,0.3060386312453576
0,0.011691803700059273
0,0.053638734552892996
0,0.00554048321035921
0,0.0060519579566333855
1,0.9243168520945662
1,0.9492970369166523
0,0.25811057365604245
0,0.8162930962533067
0,0.8677515985468882
1,0.7686699507058343
1,0.7656038752760995
0,0.7409869638500245
1,0.916143222684331
0,0.10683983765823592
1,0.9938379682736451
0,0.05970703578039639
0,0.031429755940278345
1,0.07984680615914623
0,0.02351468284288908
0,0.21500084314070347
1,0.8043964146875064
1,0.12883749144490142
0,0.031209260882635485
0,0.005031730809625987
1,0.4918112945056612
0,0.01192344614437948
0,0.17642129938234838
0,0.095072702443232
0,0.03345197860792232
0,0.03321143644021419
0,0.15645016252263177
0,0.01577757101731804
1,0.9277638587249559
0,0.06172502744020737
0,0.038632221511840356
0,0.04714530353665065
0,0.0080146860653724
1,0.20104386567713506
0,0.3475328863415506
0,0.8019560585569445
0,0.029588764817769075
1,0.40539328172433553
0,0.007373576931760379
0,0.033281283884603205
1,0.9856823849163635
1,0.9658991261143446
0,0.07731107841820262
0,0.06698717850004786
0,0.42174846341856664
1,0.9842843112976858
1,0.8555611232949158
0,0.09394853571288979
0,0.17920476330674562
1,0.9468964093797776
0,0.009141047587044334
0,0.5656121278798043
0,0.8764133444853364
0,0.20062071880052318
0,0.10594075148822121
1,0.9174082833086805
1,0.6396211907514064
0,0.06875002855831996
0,0.005525192586122046
0,0.04482989134599461
0,0.005620253778804389
0,0.16555827480851854
0,0.8000595741276588
0,0.03295516256302964
1,0.7782836201720256
0,0.028958694320702156
1,0.9048726400440948
0,0.007696618092266398
0,0.49568354506719553
1,0.7727255643443517
1,0.8578154744963523
0,0.3009033504479391
0,0.10587252475473719
0,0.8861304401114136
1,0.09903925238911622
0,0.17483425528600197
1,0.6163059815264138
0,0.011957271261555909
0,0.028519968274146282
1,0.9041420023584132
0,0.03398490937205324
1,0.387040153111586
0,0.009989473643700923
0,0.03834323132084449
1,0.7567250928029847
0,0.027954602993869357
1,0.6973157356974202
0,0.034090575496585084
1,0.9600985060955465
0,0.007627499808275621
1,0.23302520588839318
0,0.027780545070748897
0,0.5552081824533349
1,0.7775771598060762
0,0.009359871558339053
0,0.07034727483348004
0,0.17021117539205793
1,0.9282760138768444
0,0.013562248476156492
1,0.9312190146808357
0,0.02185552963464069
0,0.00472893639986729
0,0.5183706855196295
0,0.0801365314304553
1,0.3641619470239786
1,0.6740601827821581
0,0.66650264680069
0,0.02920707300954476
1,0.8334444323417023
1,0.7465340715654118
0,0.017703555451707157
0,0.18908821716664395
0,0.4933963442575339
0,0.006426806870126608
1,0.3313990821502082
0,0.005767072763414979
0,0.2038780261398747
0,0.031252021571242995
0,0.039503699317507864
0,0.08307711042663339
1,0.6051028693803716
0,0.09471778783938394
0,0.2672154076968442
0,0.030483337379256063
0,0.03500687612220769
0,0.03749613223736254
0,0.020317674891205378
0,0.08768628998689514
1,0.7844247336357701
1,0.8523680788117232
0,0.85434023395928
0,0.37095561670878885
1,0.9151512811322776
0,0.33782851720128176
0,0.5567751588604355
0,0.6619562822049199
0,0.0078532949962964
0,0.11697016439942924
0,0.20435809938831476
1,0.9749309773922432
0,0.013472004539022395
0,0.15199159393282752
0,0.5531712430850544
0,0.2854139296952668
0,0.015472108893565336
1,0.8844540261592553
0,0.10364487478572987
0,0.0664844836322949
1,0.5906365056809376
1,0.7404151157287401
1,0.8004531175672613
1,0.7171441477667738
1,0.9221341094305354
1,0.7961944582767683
1,0.6934968094130509
0,0.09186666532936077
0,0.06457810611726073
0,0.04823275930387869
0,0.4674178829023249
0,0.03571344547692595
1,0.8998249736475924
0,0.009022334552470677
1,0.4338923522736865
0,0.010468674731140446
0,0.019551033539940595
1,0.646357331812603
0,0.27074990438570923
0,0.12187609243166789
0,0.08083015158700975
1,0.8985749517832432
0,0.1409942883810433
0,0.009620603845552196
0,0.010202693527741962
0,0.16928333139267687
0,0.029971895765511337
0,0.05893973604230352
0,0.9093559489874687
1,0.19896795523652408
0,0.020881091976977257
0,0.014687581502457196
0,0.17585435395454443
1,0.15069361799857617
0,0.017481549780462836
0,0.31014433419632415
0,0.1616862389510916
0,0.05280521822515899
0,0.3952669194432128
1,0.716962163099403
0,0.12331975270295661
0,0.05604004145458597
0,0.3720451239522425
0,0.09214914349248951
0,0.43269995559212987
1,0.9570386737391077
0,0.0604525587602514
1,0.17816183397321966
0,0.36363121603924997
0,0.2948980906434443
1,0.8785398515696438
0,0.10482384256232948
0,0.019003544368543537
1,0.8201090373213965
0,0.009638811684573097
0,0.3486845164691356
0,0.017329649241260233
0,0.38217902526698705
0,0.07541918200855073
1,0.9946997998274663
0,0.01666088082307219
1,0.6738985746359475
0,0.010842013739413145
0,0.017989789575674407
1,0.9191863215620979
1,0.9000851228897762
1,0.784136691448326
0,0.014241615778920148
0,0.0356145621785848
0,0.05611608972158879
0,0.03654737611626998
1,0.5027189433932524
0,0.27299760898425923
1,0.510367631306978
0,0.1098365918054296
1,0.5374287584366453
0,0.00748560691719368
0,0.03048896480690156
0,0.1251083951787004
0,0.025270748363281192
0,0.5530134418232532
1,0.3264802090341602
0,0.5260777501809757
0,0.7851724620216536
1,0.9083314236479217
0,0.3251176358605945
1,0.05835277946535138
1,0.46272071656930375
0,0.10748782568467025
1,0.8732208974152674
0,0.3978911336367207
0,0.004592466455521667
1,0.7259541463458133
1,0.6821742092357939
0,0.0039433496060518654
0,0.5706373549388187
1,0.671135008242167
1,0.8296587536156814
0,0.8998839015266678
1,0.8908330070761271
0,0.11333006976627621
1,0.48951256747537336
0,0.8207182990173879
0,0.021249657017102918
1,0.6396211907514064
0,0.005176535014112776
1,0.9554135179762651
1,0.7319120157197021
0,0.07704864094744614
1,0.7133183659826712
1,0.9297126750357305
1,0.573425223818265
0,0.11622047051094098
1,0.6177528347228446
0,0.0071812141878506925
1,0.899077764960698
0,0.009012030933001161
1,0.8647880474720365
0,0.02022689361859223
1,0.7071699072191054
0,0.6058815398918528
1,0.40348308535494165
0,0.03006089167432581
0,0.04551015487029869
0,0.6172913385928369
0,0.38050466711388675
0,0.8873849002029687
0,0.03081371104821942
1,0.6976120497706939
1,0.9540389388829222
0,0.5117950933916436
1,0.9373078933061721
0,0.05902211507877996
0,0.009507800726272282
0,0.005236847067099938
0,0.7509112621142097
0,0.011233252525677244
1,0.5234530441802772
0,0.023666037897603378
1,0.14084615074134268
0,0.019407518562179024
0,0.006830216671175684
0,0.0040345823521807924
1,0.11689037166801816
1,0.9305084600951151
0,0.05950345394208622
1,0.5849470508905659
0,0.018344741460031715
0,0.08309967497630792
1,0.39582617065051956
0,0.0061882117362935625
0,0.12295374781978703
0,0.009217531172073865
1,0.4713646497288948
0,0.25936577971386826
0,0.017272221970558183
1,0.9386436893481417
1,0.9911996011697164
0,0.24181533770332322
1,0.8809986651512951
1,0.9650182272048865
0,0.02063075397369755
1,0.8374338686011481
1,0.5761057655605977
0,0.02605013522488752
1,0.867842991319556
1,0.8785147631721446
0,0.1423000549238635
1,0.37434633641776066
0,0.021894346698433684
0,0.11174876393619329
0,0.538646056537685
0,0.17034045413835874
0,0.008094715092397212
1,0.2881584766783466
1,0.8361032881054794
0,0.39721954187969905
0,0.017770918779044458
1,0.9010141848413655
1,0.9510293299299124
0,0.11119736882622974
1,0.7280053373610135
0,0.5296794515008032
1,0.4670294967712266
0,0.08233652255109969
0,0.03764962662952665
0,0.015367829123752936
0,0.005058335811718055
0,0.17287368881264795
0,0.4236477675074907
0,0.10151895553441767
0,0.032570243505426394
0,0.3589868319339388
1,0.25139412773956943
0,0.7519987822786787
0,0.007521898955349419
1,0.34330123665162265
0,0.030898012440937248
1,0.8543260857837266
0,0.006270706310802674
0,0.056660638910103096
1,0.588215622859544
0,0.055570474537586824
0,0.007823114585425183
0,0.008636296918276342
1,0.7540526200922663
1,0.9228535969062485
0,0.04782171929388394
1,0.8944983221288754
0,0.8396934718079457
0,0.034064330405980524
0,0.0180046801480502
1,0.7742306653652551
1,0.26729787045191006
0,0.03518806642065933
0,0.029378862943190344
1,0.7807631032191478
0,0.08398818977981684
0,0.04038400876147701
0,0.07292198314682088
0,0.19559207319538668
1,0.9139067387891375
0,0.006932372876130991
1,0.27304820628676174
1,0.6377620988163808
1,0.48172479608860497
0,0.03166700009295728
0,0.05113120253578557
0,0.07821914054870965
0,0.0025584855485221514
1,0.8349763730596338
1,0.5626420182976927
1,0.9482951629130435
1,0.6246514856719143
1,0.8331556141064322
0,0.04343494479893802
0,0.32522001695048164
0,0.01376822771979341
1,0.8999671043362764
0,0.20644226645280828
0,0.5800361296083424
1,0.8058564585711626
0,0.15390480734293444
1,0.47034089402422774
0,0.038054861671691614
1,0.6738770993753109
0,0.11025807735294711
1,0.9566181405473161
1,0.9114006897304485
0,0.031142679630071016
1,0.9794441633863162
1,0.09419423198687929
1,0.8822406516270369
1,0.7806960073246507
0,0.6850634925034661
1,0.4628484947982263
1,0.3064244285594549
0,0.01650256340332483
0,0.10632991141357427
0,0.06563670736107338
0,0.04743193699677422
0,0.06382125576614406
0,0.01686226365614891
0,0.012395274227582513
1,0.6509884369307605
1,0.9398175872008055
0,0.11367858087489512
0,0.018136517345832368
1,0.8093867428567924
0,0.018029040984078495
0,0.5640705325291714
0,0.037737935643785185
1,0.9268423189254693
1,0.9272026020210908
1,0.9645900108427541
1,0.6963161924854497
0,0.7928890824727105
0,0.052601641914817525
0,0.08030087897215922
0,0.3368622752215526
0,0.10100620862750953
1,0.9707740389925946
1,0.8663631929683552
1,0.13119949876366221
0,0.3810378210690063
0,0.033784172621054986
0,0.02987957402256921
1,0.5722402783890344
1,0.859111596183935
0,0.18014220170791412
1,0.9489652930835724
0,0.09128679583164959
1,0.9839001479017908
0,0.1315984570968411
1,0.8908222092200746
0,0.682920900087512
1,0.8720734144133206
0,0.657626677695977
0,0.0496025783928473
0,0.03440017266982587
1,0.6548250241980118
1,0.5343426266383892
0,0.8727871573823681
0,0.6432137656283133
0,0.04654711085916654
0,0.007842700921706133
0,0.03413704354497981
0,0.017139970766392617
0,0.13019305590524005
0,0.10031654090278767
0,0.10140838174282506
1,0.8761088279276494
0,0.02164419142308595
0,0.17961111721327397
0,0.044390018443448254
1,0.7643624763679053
0,0.03683937250377855
1,0.6802321830429112
0,0.011008612402931706
0,0.18061775702117203
0,0.20437616874746797
0,0.02813085154299284
1,0.5423545160107041
1,0.9023565232646876
1,0.5707430291742591
0,0.012259769105132559
0,0.02066513161920557
0,0.6847228747987189
0,0.02944573115893785
0,0.025619066936496335
0,0.48628925421877234
1,0.8383417553870041
0,0.23129181823118877
0,0.18662925139410677
1,0.9320931246407625
0,0.019838847169589408
1,0.6012786943151696
1,0.6450874206430005
0,0.055204378527560015
0,0.1333277389765397
0,0.23023530627064986
0,0.029924012406754068
1,0.09962708949309973
1,0.3543933590016187
0,0.0996703524929554
0,0.3641192141260592
1,0.7188833074037503
1,0.6637810726258434
1,0.7692974125762995
0,0.4930337024394303
0,0.1280018490375235
0,0.04746946278575765
1,0.7863429362497146
0,0.01495715614381372
0,0.2622067679380667
1,0.8817983106390925
1,0.6712028248078481
0,0.9365105928774784
1,0.4570962561827831
0,0.44822487640159164
0,0.049813128129709686
0,0.31182620012453477
0,0.21803440167848226
0,0.016713241611489273
1,0.8130545755332573
1,0.2863330820352618
0,0.06946574504439972
0,0.2860159843665694
1,0.9335071453144923
1,0.9757606351914136
1,0.9129172547553968
1,0.6831085882347323
0,0.09787568353778225
1,0.9281709764509862
0,0.05754024460225673
0,0.02226064115101569
1,0.9302007135374385
1,0.006145481242322354
0,0.5091960020508323
0,0.027262411456496497
1,0.6071977815381561
0,0.006751087309245467
0,0.8397624367425284
0,0.1195822486825358
1,0.9636435137171245
0,0.021660918214431654
1,0.9098748231141641
0,0.20768572864122986
1,0.142347238598229
1,0.22841573475242208
1,0.7006789221920469
0,0.1837630162493506
1,0.0768065477666904
0,0.02129573836120363
0,0.07328157915853942
0,0.3567303493932775
0,0.09511758481576983
0,0.011981844724203335
1,0.9673966924635566
0,0.004816525626012693
0,0.37641416713629006
0,0.006265661030611825
1,0.5342125796101728
1,0.5963791794082043
1,0.9195978758712359
0,0.02791327058665693
0,0.0414158802041567
0,0.06057980921974876
0,0.02780591244078772
0,0.020828630812475286
0,0.1645335524096868
0,0.007608764222960784
0,0.06325459884350573
1,0.954240441775124
0,0.017806553530916033
1,0.5475719452833473
0,0.09384183860937484
0,0.12900090496323527
0,0.006383449160065523
0,0.12292172765833301
0,0.01789245095819538
0,0.008431873957994645
1,0.9326889994080394
0,0.5966680641516999
0,0.011340446503740609
0,0.464907817068935
0,0.09639731696620506
0,0.002809215839209018
0,0.10874515327952411
1,0.7862576791121131
0,0.011541744646057448
0,0.2151119896656548
1,0.9295654779178335
0,0.08129400268401299
0,0.1340950838625498
0,0.041602099295653186
1,0.8289214368866333
1,0.924582769409091
0,0.04710587202238897
0,0.0048660099350331006
0,0.9030665552732644
1,0.8945616490449444
1,0.7079278888825875
1,0.8564405609688938
0,0.02807844167092139
1,0.8865899730542252
0,0.496953949958781
0,0.04358303177459269
0,0.5447030694468719
1,0.9650453979387659
0,0.1508729305814472
0,0.017994456704068667
0,0.2668319802133364
0,0.008793156246468894
0,0.02390889733671069
0,0.03950553357777454
0,0.11475483696689955
1,0.9295309489465182
1,0.3316937368961801
0,0.008463340329257593
0,0.021457446237282678
0,0.5070767739516447
1,0.8579562516924404
0,0.02387965072970897
0,0.9710727373184203
0,0.15074578830864255
1,0.6815956913156311
0,0.004178744747264659
1,0.9407813439061292
1,0.8943173510189499
0,0.6837927117718745
1,0.8710504147111117
1,0.8240015810130764
1,0.9183027713317662
1,0.8538640276206569
0,0.8534227351508007
1,0.9243671577023019
0,0.03528827672237137
0,0.026526023699566467
0,0.23280535128237234
0,0.02056696982670511
0,0.07538266985396674
1,0.7889884375934755
0,0.19600698144389422
0,0.01441823073947252
0,0.006878313753994121
0,0.020237754468241564
0,0.01986646522157774
0,0.10225673166326986
1,0.34708093946873464
1,0.8717913498518852
0,0.07907957897748456
0,0.1555944875557373
1,0.971761041842906
0,0.6247555222215537
1,0.8363215844677211
0,0.08460591490796478
1,0.8836694557454183
0,0.01122292098427941
1,0.8263982924635734
0,0.015040463013407303
0,0.02703020292430911
0,0.6955557117836658
1,0.34077945161952095
0,0.3432576190436415
0,0.06505086398768362
0,0.10680702116210698
1,0.7497479202184235
1,0.8976469548566579
1,0.8381805040112849
1,0.3149298716680468
1,0.8733252939681903
0,0.07312133254383532
0,0.009384881053622007
0,0.004504359740072849
0,0.055280230716143935
0,0.035077043692229436
0,0.7815248605588243
1,0.8851606697725631
1,0.6484664560126819
0,0.3978355855041776
0,0.01051801893530479
0,0.03791427806282339
1,0.9510283669124264
0,0.024011252091827584
1,0.22454256785890828
0,0.02050322189824951
0,0.10191781713750554
1,0.9105233427765119
0,0.05201070034437545
0,0.03861258496909953
0,0.6218818127775765
0,0.061834552895363236
1,0.8514203286556785
0,0.03240778033563475
0,0.04263783209060048
0,0.12633054000466437
0,0.05981126625058881
0,0.7576738298629802
0,0.08335396458837577
0,0.033814248967979056
0,0.021092332808496938
1,0.9858739135085564
1,0.8939154538627931
1,0.9459419714448578
0,0.8515440698534696
0,0.3603342823039681
0,0.2408026326940672
0,0.009198995316665973
0,0.022938754990166482
0,0.004733604651902739
0,0.3371098891876364
1,0.7528944673135771
0,0.01021820379858066
1,0.25653033262600755
0,0.031753197881731476
0,0.0036190631074425016
1,0.8576840279598832
1,0.17786896221540638
0,0.043100413033900796
0,0.014813025926786938
0,0.0320102699851897
0,0.20779570161104652
0,0.7709868555843117
1,0.014362914807632987
1,0.8451260784198003
0,0.06570704289808008
0,0.02465085955655251
0,0.030530502484862384
1,0.9328767832943132
1,0.7107123855637808
1,0.8119648731162263
0,0.47825352803434185
0,0.3875445413090862
1,0.9519331828035348
1,0.1934905580001934
0,0.08747287507645783
0,0.7753477903353401
0,0.22444611603597722
0,0.010211927510343917
1,0.6942187959029943
1,0.7476185090387445
0,0.0708436229051604
0,0.07482783152162273
1,0.1936319125337543
0,0.01735549953231135
0,0.008849794690302183
1,0.8784558133055647
0,0.08583779842730155
1,0.8442246458683418
0,0.10919195921939612
0,0.014162837377231145
0,0.009655780571626764
0,0.28351161783852447
0,0.2327880498568938
0,0.05863652613085734
1,0.9501743485016906
1,0.9806040787048163
0,0.013267361470150044
0,0.02759632062571084
0,0.01699962921586864
0,0.11049894381989682
1,0.49365122096458525
0,0.13511325975866176
1,0.3520953073793573
0,0.10800586939705681
0,0.08693022501072661
0,0.9280843068666444
1,0.7399703832415823
0,0.011600300462113368
1,0.32925802737485566
0,0.03728646364105195
0,0.010054998734604076
1,0.5619513962412103
1,0.3723487535735314
0,0.22294609821470554
1,0.6087710481111555
0,0.03125403723129783
0,0.03601476200511744
0,0.01378749906523882
0,0.17149727324873354
0,0.006704442016726975
1,0.2377686086925479
1,0.7664252818373193
0,0.7070049918251947
1,0.9098251551760475
0,0.200293079804616
1,0.867592569239166
1,0.8202505331414265
1,0.582929718852548
1,0.9362590211683208
1,0.7644741143124016
0,0.009763649198061471
0,0.0308599526435273
0,0.16470555676532864
1,0.08745687288573462
0,0.40690484131512045
1,0.8418145523641807
0,0.9221771573546178
1,0.9534786971826331
0,0.1835631178614573
1,0.2542781582818398
1,0.6227854970291805
1,0.41748066528494227
0,0.025596061854554788
1,0.8686438401131681
0,0.08251012169125918
1,0.4874171353441768
1,0.8043898976998689
0,0.058282550451451996
1,0.38009497187149255
1,0.04530885326036049
1,0.8647385103412562
0,0.011875653224843732
1,0.7154471108359833
0,0.03446909098204309
1,0.07488031462605206
0,0.09191378232120641
0,0.020767991705226304
0,0.03607137380447974
0,0.12119950426480462
0,0.020919682050961372
0,0.20853825227489706
0,0.16185262731284872
0,0.018966980218231635
1,0.8446851886973802
1,0.9633075902332029
1,0.3376417444785701
0,0.03576500997222944
0,0.05383784156907221
0,0.10599370122484027
0,0.01741388822326223
1,0.7636485241673171
0,0.15401210606540977
0,0.00923450273729414
1,0.38954262482659496
1,0.9759343045536227
0,0.04256766231561253
0,0.43092867572674426
1,0.8463600546580026
0,0.09319371912056564
0,0.02023376909178261
1,0.550697586135055
1,0.922729575748009
0,0.059031918114816465
0,0.01135692479253923
0,0.0777293175264225
1,0.9241383627418417
1,0.11297052447500122
1,0.25338703128676077
1,0.7782181375795362
1,0.15931587688351095
0,0.43144660597124657
0,0.13467001334520037
1,0.1118440158028804
1,0.6194247600795416
1,0.5549591567938257
0,0.026243510141693106
1,0.938937316108191
0,0.07945606891831347
0,0.013105574136334884
0,0.04187097667413994
0,0.11021861163804077
0,0.03446659524897892
0,0.006609704042781531
1,0.895806404742227
1,0.7668877621922257
0,0.015651660934966952
0,0.006845159336581459
1,0.5497007541407885
0,0.09732243432936902
1,0.8794423277455254
0,0.01718473742318516
0,0.006662394903415019
0,0.10079208170024664
0,0.5039207303221891
0,0.01651953321028759
0,0.2616796818460586
0,0.012605375949575184
0,0.02138848226856778
0,0.6081112523754294
1,0.7451062385465848
0,0.0037150505220421705
0,0.03088749677848472
1,0.34079085364594497
0,0.2692926640027239
0,0.2782360100873995
0,0.11289236202964309
0,0.7711511133328535
0,0.07281968855674954
0,0.06781241024168592
1,0.9224495255846873
0,0.012870606415525423
0,0.05167390620546064
1,0.7972247146621565
1,0.2105810740886308
0,0.5635264707404686
1,0.7801739054934841
1,0.6682441240523305
0,0.014683710880306735
1,0.4416554080806093
0,0.06561216401383616
0,0.07827336792226745
0,0.5754921997846201
0,0.020336268342234304
1,0.9580673998588094
1,0.9598087598155828
1,0.611472155886657
0,0.0295201829895118
0,0.6022668835917895
0,0.749086652769071
0,0.6173989125702978
0,0.09544052277104871
0,0.24426658930793138
0,0.1635385069045077
1,0.5092983250550076
1,0.8925674526351046
0,0.11637483111361711
0,0.01098603059093025
0,0.004482761136834436
1,0.32806994636554804
0,0.13152783130936627
0,0.011858747878227287
1,0.8446850331649344
0,0.0077182498791294315
0,0.0778205807868989
0,0.679582974411378
1,0.7975733539741279
0,0.01279536221769122
0,0.014996967934522083
0,0.005022177224193166
1,0.7576738298629802
