target,prediction
0,0.1923779339266542
0,0.2761190161766148
0,0.32423647340861567
0,0.24493649617826338
0,0.17298769526821686
0,0.343194711536371
1,0.16694762965400567
0,0.3573689301015588
0,0.3587024341557525
0,0.014718123104810207
1,0.6797746436391032
0,0.3951618493381519
1,0.4768641587091049
0,0.30104638018436386
0,0.2298588265720769
0,0.21372622388058862
0,0.19173660120355876
0,0.17789951551376465
1,0.821679558027303
1,0.7327255828576079
0,0.28286530780904745
0,0.014718123104810207
1,0.2697399056584436
1,0.4482528799173542
1,0.746524591019718
0,0.6287482380520772
1,0.4489767848082145
0,0.27192171465383813
1,0.6909108560741014
0,0.19692261703324496
0,0.2510255507373975
0,0.03218159866181427
0,0.1803634639131753
0,0.398731071282941
0,0.18762392544227302
0,0.5565678137122899
0,0.025047960514936074
0,0.20213103619018388
1,0.788299466620701
1,0.5271614788469325
0,0.25883890914821306
0,0.5426576279212194
1,0.7531455120424096
0,0.1966879797226302
0,0.3745455228191346
1,0.2072886496420404
0,0.22593344866228468
0,0.2944746474597996
1,0.48048943166476954
0,0.23500452397045513
0,0.05618195727438014
0,0.3988018353952581
0,0.014718123104810207
1,0.3736348383720214
0,0.23758887292310912
0,0.20649393131314311
1,0.6742721848020451
0,0.33277074108945937
1,0.5484957766995084
0,0.29153914798919095
0,0.1986679551356049
1,0.32568297274011804
0,0.5003010105423382
0,0.2539150743773364
1,0.5303829708796742
0,0.2484711935739476
1,0.33245267099869574
0,0.4323708699753286
1,0.4665163093541512
1,0.7628098062429002
1,0.8363943360464943
1,0.4294867399232745
0,0.16496734949195435
1,0.6574564005536667
0,0.18449601048451617
0,0.17569353894636455
1,0.8741829634600731
0,0.21017859560328966
0,0.3032590511750098
1,0.45675880468590885
1,0.2876141323908979
0,0.2327561239238856
0,0.370922948678886
0,0.4104739999960188
0,0.2657058358208334
0,0.1543603702343734
0,0.1352413567281521
0,0.254387882564144
0,0.7265088311265199
1,0.37920424274579584
1,0.7237196040891728
0,0.11843857600561337
1,0.2862734838317301
0,0.02175510843141694
0,0.09963905252233145
0,0.4353795420965824
0,0.23669401998787043
0,0.21692725837181895
1,0.3196246495658475
1,0.442889237152556
1,0.7211760560343936
0,0.23328167390829357
0,0.30803472781855534
1,0.6778690582917779
0,0.031864293706187985
1,0.5618918312183869
1,0.6909654924020925
0,0.06540161384595133
1,0.2834573873609714
0,0.4796729269978594
1,0.7215116802132289
0,0.38982911476586296
1,0.5067279709269196
1,0.7839200507295759
1,0.421371623173906
0,0.11859352052358652
0,0.28771696324654966
0,0.29516302824815643
1,0.2961148740453319
1,0.7516316398042231
1,0.2002985702710299
1,0.5749845797721257
0,0.16693159410780475
0,0.18220938639123327
0,0.0323589069228204
1,0.7261919820436222
0,0.027176791031121028
1,0.19173956075593854
0,0.08679920270317128
0,0.18959316779677166
0,0.2907873171716508
0,0.06874414713704405
0,0.3136847679787851
1,0.684568584187275
0,0.17187197415217084
1,0.39843417665597847
1,0.6626188517837655
0,0.3461575023754999
0,0.016647151970769616
0,0.6814187342956338
0,0.22053715979355987
0,0.3764799242198953
0,0.07815205223187292
0,0.21980254380853326
1,0.3136897310759775
0,0.16496734949195435
0,0.26256467039421216
0,0.014718123104810207
0,0.2152037246399717
0,0.4624554817729382
0,0.18995274201626022
0,0.19075718472921396
1,0.4119006320562922
1,0.44356944092149025
0,0.18424575667407314
0,0.21794095629611024
0,0.6749767774813472
0,0.07126908340299094
1,0.48223927275418443
0,0.04380980614519583
1,0.38940751536657736
0,0.17671137685157967
0,0.04894223890506642
0,0.21432067698379653
0,0.7420722872438824
1,0.18461355151997158
0,0.2116490959277555
0,0.08204513231716598
0,0.22884072156826765
0,0.5057240671578797
1,0.7594145114024012
1,0.3166558800850741
0,0.02233372978529123
0,0.17298769526821686
1,0.6353917237255967
1,0.3133763760662433
0,0.3531937021227362
0,0.3238168039572782
0,0.15770365906920186
0,0.353065421439153
1,0.5018875013397162
1,0.48525661287967087
1,0.8365542689905819
1,0.6802627394448232
0,0.15323860251174712
1,0.8607504645643882
0,0.20147668316260958
0,0.11199808120948343
1,0.6227110569426303
0,0.44604806554508514
1,0.4540757893205877
1,0.18564852837210305
0,0.16018891298113597
0,0.4765702264405076
0,0.17714877591945155
1,0.5588714797299248
0,0.25769093940978055
1,0.48202872089562354
1,0.5293517207961861
1,0.6769632352035628
0,0.3963168022907064
0,0.23145479032768368
0,0.05820546438065519
0,0.22744876754170523
1,0.7031390272145123
0,0.2519054360555865
0,0.4717855788222956
0,0.03280523973230936
1,0.47299440248790997
0,0.19090868156852223
0,0.18724995701952937
1,0.2021189074125286
0,0.0497930780289916
0,0.2945566098169292
0,0.0334838972235889
1,0.45631400582527876
0,0.46676718837717807
0,0.022185563805612516
0,0.45470585097389266
1,0.6967228502349845
0,0.08969742360720384
1,0.22413697135770816
0,0.18216313384428418
0,0.21109358916795906
1,0.3457185554518945
0,0.36019875635794363
1,0.7470859834293784
0,0.03327054709602334
1,0.8331596647600483
1,0.19901713573816915
1,0.4682045247169823
0,0.031737712750985574
0,0.03316417161288922
1,0.3920306865927637
0,0.022185563805612516
1,0.6312286946253749
0,0.31259868574444044
0,0.022185563805612516
1,0.5916811654363429
0,0.4465953201804564
0,0.19687172429434271
1,0.5979623249725863
0,0.027176791031121028
0,0.210603893149437
0,0.34482787788754266
0,0.022185563805612516
0,0.27401080391910854
0,0.04614133416154691
1,0.4801493893493776
0,0.17947960710060032
1,0.4189219344465179
0,0.6160176423725232
1,0.6599814599981477
1,0.8520385922643868
1,0.5640531249283914
1,0.5685716602794426
0,0.6061536617601305
0,0.07252726795888202
0,0.30193817119555105
0,0.22685278069049197
0,0.47702094433449915
0,0.4068993841301314
1,0.4463455243023237
0,0.1946893411674039
1,0.5751884768628202
0,0.19425858639943025
0,0.16375257645922658
0,0.45048682609581503
0,0.20813114686999903
1,0.3011010295602125
0,0.22169428287141066
1,0.5974765333916373
1,0.6904814977116125
0,0.3381758185768274
0,0.1821514597383838
1,0.8280378326601535
1,0.39107532591389976
0,0.3334263150531013
1,0.6786007918334263
1,0.6988100116688605
0,0.2298588265720769
1,0.38801991347331266
0,0.02524614009146268
1,0.5746574545986768
0,0.14748375821625398
0,0.023799958860729224
0,0.36816753585012124
0,0.3254565686640559
0,0.1986786182902909
1,0.580145148939801
0,0.25437875023903644
0,0.20145093023490832
0,0.7755835585191517
0,0.43754298797762015
1,0.7061680101590444
0,0.02993307543124402
1,0.5862934556426671
1,0.6876688738219741
1,0.5700730401120726
1,0.8942870668483756
0,0.4442185183599467
0,0.1629714595059387
0,0.05800015248031118
0,0.844183166936433
1,0.6815114318200831
0,0.18174835825829122
1,0.6415313083676754
1,0.27384932884172164
0,0.2511324985666322
1,0.486433564217616
0,0.21666172232885167
1,0.5235613921494962
0,0.03034471468577644
0,0.19560454280201067
0,0.22907404899701503
0,0.4478734234786265
0,0.5886861788592547
0,0.2128770367758913
0,0.2648420006000288
0,0.20012305336523936
0,0.2699378731655651
0,0.03213841996661388
0,0.04827360338655936
0,0.13149144724527861
0,0.2845008487102642
1,0.7105374110547092
0,0.03900760239590546
1,0.2700881450998887
0,0.05332678405854967
0,0.3898788197897242
1,0.5342724832061903
0,0.3882686862959176
0,0.43195118158499274
0,0.0533979294639377
0,0.2298588265720769
0,0.22619209380447286
1,0.26547386634971
1,0.6463360723167255
0,0.2487864082086866
1,0.5925277612781984
1,0.31114516482273763
1,0.8221836178668199
0,0.05981271321100084
0,0.2242755497776364
1,0.7942210815339303
0,0.09302747409860762
0,0.4128342173910429
0,0.4189122456285834
1,0.4912255772914477
0,0.13712086551251437
0,0.034635415176238374
0,0.2240849414852122
1,0.575612794789541
0,0.20370274259544663
0,0.22430094877434945
0,0.45011531845007285
0,0.044450889631810674
0,0.11807008302921773
0,0.5972022771162878
1,0.35624647819959
0,0.27417434346660813
1,0.9068125175233716
0,0.025103803720799563
1,0.10517646924368793
1,0.6216479638550079
1,0.8949862936381355
1,0.6943742902081608
0,0.22223976970865048
0,0.034701634389593776
0,0.3404276202593539
0,0.18967782176324477
1,0.8000455151355639
1,0.400524050269236
1,0.5639901853218232
1,0.5802580194783056
0,0.45455193258403287
0,0.32066774449382907
1,0.30390636085601197
0,0.327853626731581
1,0.3071224174917916
0,0.2225639048035418
0,0.299825501588386
0,0.21640448522062722
1,0.5398822070197706
0,0.2768308250504268
0,0.2748772459166713
0,0.23059486312143931
1,0.8830703211555785
0,0.10062120743617987
1,0.6880234055122998
0,0.028173693823306607
1,0.5058510801435494
1,0.7414992618995189
1,0.7046827598992284
0,0.029748647395245437
0,0.44434759622722075
0,0.4837819822243313
0,0.18731564652634627
0,0.2661620383256812
0,0.38795758491538224
1,0.7639803912195751
0,0.3160844495042527
0,0.27418678650249045
0,0.6361609219613594
0,0.17290399564190062
0,0.4052822005338196
0,0.2454139004864899
0,0.6928034833736946
0,0.5433914223525046
1,0.34750884337136123
1,0.17855610770655417
0,0.44340148810306673
1,0.5118388713751856
0,0.23900007352191457
1,0.6847738784139713
0,0.25361730128128945
1,0.44876317047039804
0,0.023781830758427838
0,0.28242755895041327
0,0.6291882979602842
0,0.2720475379932297
0,0.45223746331335885
0,0.03804630607441467
1,0.5673739705681043
0,0.028090608478661704
1,0.7227485658377797
1,0.6699286068401954
1,0.5772084527733297
0,0.7023492651622534
0,0.033070628240740384
0,0.1840302933600046
0,0.17826650465689672
0,0.1674740802670876
0,0.145972895055698
1,0.8044414382926324
0,0.19254255862132652
0,0.020825789563548622
1,0.3828377882798043
1,0.8555269091411717
0,0.4141436579032332
0,0.43835905736957986
1,0.2719601560732344
0,0.26002000226570554
0,0.449961002532046
0,0.2678140772804458
1,0.7883727955996565
0,0.27466083361017074
0,0.3496109833786101
1,0.6710321636829698
1,0.239277917890416
0,0.24504084850193564
0,0.6612140534833446
0,0.04225204186724223
1,0.5083573885521424
1,0.48476329987127476
0,0.27401080391910854
0,0.2153548510338789
1,0.6213060881128631
0,0.019691644538258078
0,0.07476398401274009
0,0.23484479578148423
0,0.2874682324184525
0,0.22594660851783052
1,0.5791970946927948
0,0.3085514013403597
0,0.5591858102546551
0,0.6980367186994332
0,0.4764287727300737
0,0.22257109016233526
0,0.8788591407083083
0,0.42402382660448895
0,0.4625382826972538
0,0.16496734949195435
0,0.6719773178144407
0,0.02938287968267462
1,0.2434356124997967
0,0.2913891515729075
0,0.22286380738898587
0,0.5500997944415479
1,0.7235053822962123
0,0.054010673841784804
1,0.19587189792269147
0,0.15568817012209354
1,0.6430700606380612
0,0.045413384725840535
1,0.6902072109532092
1,0.6116057301204745
1,0.5708852586890288
1,0.3108545431939712
0,0.2837978084221847
0,0.054185589807602
0,0.2867322005584269
0,0.057523892890127847
0,0.1971625085039276
0,0.024203500779140793
1,0.7383065646809943
1,0.4665710364894385
0,0.03670173765723207
0,0.06715822313565854
0,0.442307224726451
0,0.25239563846035473
1,0.4260049183717516
0,0.39105402664227606
0,0.13255855102253492
0,0.40619052645019943
0,0.06741021513265696
0,0.026273817315279627
0,0.28276300587375913
1,0.5946438125870788
1,0.3025080454733522
0,0.3974246225066216
0,0.016647151970769616
1,0.7403856155106638
0,0.2495437444771452
0,0.2998887860235027
1,0.4432707388533335
1,0.35695101716491257
0,0.06587181623035412
0,0.40719806412136966
0,0.20675723631982643
0,0.6005669250319152
0,0.6764733484092891
0,0.3084640144044343
1,0.2457638683218368
0,0.33055926840426764
1,0.4462438326691216
0,0.022185563805612516
0,0.08767871501505294
1,0.4051088054079162
0,0.023329089740043864
0,0.12794893287743345
1,0.7101227017407782
1,0.8122448422477546
0,0.3318466641997809
0,0.24770397599451655
0,0.05893057232715633
1,0.8691906060246112
0,0.08012121556209476
0,0.3002447785928414
0,0.03938798668660648
1,0.7977100492480723
0,0.5362134277588154
0,0.2052713552751569
0,0.13005142797220118
1,0.777265896138185
0,0.17213948462969567
0,0.570528480775009
0,0.07904642447807766
1,0.34278883835994894
1,0.5577437367574383
1,0.47030148093539065
1,0.3134047366047813
0,0.024415775563916237
0,0.184650119828886
1,0.8658238808341847
1,0.7797707282747164
1,0.6965372004826907
1,0.330895486232317
0,0.6899461385149486
0,0.3238068790396977
0,0.3130248854440458
0,0.1821514597383838
0,0.21193287682366901
0,0.21841301780206535
1,0.6315226189275767
0,0.03622943050823136
1,0.723669366861592
1,0.33209064610556227
0,0.528050081583545
0,0.07108402328990002
0,0.1638765990556542
0,0.46627925929923825
1,0.4934896718424597
0,0.20713585450566677
0,0.22517589004572955
1,0.2533911648819052
1,0.6162167813082162
0,0.2674686144735471
0,0.33376565781605105
0,0.02529476755569401
0,0.24662161813517072
1,0.38371000736643923
1,0.6534975510187389
1,0.4920510659164337
1,0.6082790281907396
0,0.19596896065990585
0,0.1886349679005994
0,0.17909174167781186
0,0.6287750843876136
1,0.40552047904961525
0,0.026470612495559428
1,0.735401448722015
0,0.31148703817457796
0,0.13954883111121721
1,0.7826734627531885
0,0.28090066259653246
0,0.08705241672153163
0,0.2806658870467006
0,0.16414494684485345
0,0.2667453178273328
0,0.03136989076777772
0,0.19766189168957107
1,0.4126845572338304
1,0.3649003203458075
1,0.4774648579894258
0,0.025103803720799563
0,0.38424548843648043
1,0.25750544836342704
1,0.3037889626678582
0,0.16863494851489375
1,0.7256426336166871
0,0.3526173836294873
0,0.26992944596799473
0,0.03740056886417904
1,0.29030409753476977
0,0.3375766783911735
0,0.16936166210078926
0,0.22852294406736473
1,0.7101607652563473
1,0.7575675475092556
0,0.3022392124668723
1,0.6118064899385163
0,0.022185563805612516
0,0.38553320539865354
0,0.2761530894574682
0,0.5416872011279924
0,0.38771219600530565
0,0.6970655906351623
0,0.5087875434358686
0,0.21501889347018674
0,0.2153675413760824
1,0.24412804323553083
0,0.0181942106161802
0,0.3889130804226506
0,0.1828037475733264
1,0.7736848404702754
0,0.5600608824501743
0,0.20574791874833104
1,0.4053168870625536
0,0.22187658982744698
0,0.19834781726181214
1,0.6411709794231295
0,0.014718123104810207
1,0.3494098214056773
0,0.3402424229226715
0,0.22230605347197444
0,0.038703685019943
1,0.3425978909580321
1,0.7620751813289308
0,0.1805575667136413
1,0.6334217851214924
1,0.610010462822139
0,0.3566319002356007
0,0.19675610648041442
0,0.25647027622109086
0,0.8634575199722913
1,0.26208353774308796
1,0.8164269109173871
0,0.18699090197759857
0,0.23279325418524785
0,0.11983986663050585
0,0.2492532426391326
0,0.1712455167187697
0,0.27749947129391456
0,0.42177504796511495
0,0.0376763006566719
1,0.6119448746240189
0,0.4660186727347266
1,0.8086915362747997
0,0.02175510843141694
1,0.8298014004971324
0,0.024256613831936332
0,0.02587995511868056
1,0.50283991722677
0,0.07277407955823144
1,0.617693573065598
0,0.689969694617804
1,0.8831903496985755
1,0.6771755931285846
1,0.5688161391657318
0,0.22040452145148298
1,0.1968500244156672
1,0.8275987923056342
0,0.014718123104810207
0,0.24209074781220685
0,0.2798446110848028
0,0.04713519861638932
1,0.5606510539664681
0,0.1989879947503435
1,0.2735807238341627
0,0.6610935552921378
1,0.42326250731991766
0,0.031284894083251184
0,0.5073539004968911
1,0.5122656607126731
0,0.2298588265720769
0,0.34418595718134537
0,0.04510278098910365
0,0.05791759388624437
0,0.285162562646933
0,0.37273478301403384
0,0.3931120825048988
1,0.2298284168354493
0,0.023799958860729224
0,0.5614572437724651
0,0.2724934826033972
0,0.1847535267899755
1,0.6069584353823037
1,0.6282705120387806
0,0.30944450445040333
0,0.21144804059940767
1,0.23455093113750697
0,0.029731061741338098
0,0.15526131742253252
1,0.7175611150798255
1,0.34060099312086556
1,0.3808554753798359
0,0.3624207691212484
0,0.20519417304815932
1,0.3252248073347002
0,0.19596896065990585
1,0.47194886799192337
0,0.23259224771227097
0,0.21738657322446772
0,0.20447583985213555
0,0.20993687825986673
0,0.3629906504767236
1,0.33479914391292676
0,0.316653846459296
0,0.26860865450965765
0,0.6130558436302456
1,0.5432860919734585
0,0.21828414851671907
1,0.45222170864731526
0,0.1543603702343734
0,0.5774488361290896
0,0.21417722895227337
0,0.3085425696640027
0,0.16699286893083803
1,0.31068064189622374
1,0.6236797698250839
0,0.23361763732157792
0,0.19413383203290113
1,0.5413980929755173
0,0.4239666414606595
1,0.8881649262697704
0,0.22079751001319156
0,0.10656313168355082
0,0.2844200361860292
0,0.2647427900491996
1,0.20959053710793274
0,0.2951951446054329
0,0.567745410282617
1,0.2684063487162327
0,0.5817379707460442
0,0.3409996109689317
0,0.3564017629948647
1,0.7721917168697586
0,0.19760956807671887
0,0.5639474826562927
0,0.15168453852188105
0,0.022185563805612516
0,0.2841330793490518
0,0.21163195084902253
0,0.19012777098072847
0,0.3732231314201797
1,0.6672437543354531
0,0.014718123104810207
0,0.3878667877593478
0,0.23532814872019137
0,0.25637163414201714
0,0.30582827927590206
1,0.7517415489676695
1,0.613647212053541
1,0.8275861839335804
0,0.6705527153349462
1,0.8117269026553029
1,0.30519406347707556
1,0.2006434707498323
1,0.6076726815863875
0,0.6387921258842589
1,0.609490053667144
0,0.050648755820007774
0,0.1880979704620416
1,0.3698955511992457
0,0.1840848696035577
0,0.2540747848798797
1,0.37076135417481404
0,0.3211330355275182
0,0.046259440664535356
0,0.035799092947262544
0,0.014718123104810207
0,0.6955295535333558
1,0.7300649334778903
0,0.7475701688249701
0,0.3000579845953183
0,0.2124331556206806
0,0.37844357374539667
1,0.7133975955189152
1,0.2721248666161443
1,0.3405493593769834
1,0.5571579287787572
1,0.6236820978343417
0,0.36051482804912527
1,0.35643980396249203
0,0.31515064996971015
1,0.47030148093539065
0,0.19782461471359625
0,0.26860074863228944
0,0.259718410227578
0,0.6194196689882412
1,0.8796464432055371
0,0.1802896239250966
1,0.6897581345471875
1,0.5553158317217157
0,0.7642316428202184
0,0.28190246243941613
0,0.2932892952139477
0,0.47027701240704584
1,0.5530735290295303
0,0.24491969595865784
0,0.026273817315279627
1,0.6628858459275935
1,0.7211760560343936
1,0.25374848967612407
0,0.18538792343652533
0,0.20698028886265102
0,0.4119208477728428
0,0.34101654879639914
0,0.20754546443704736
0,0.4079215688057337
0,0.06360021918333598
0,0.3446623389510564
1,0.5623642684603113
0,0.05782157953256262
1,0.244826287064242
0,0.21219222950652192
1,0.7126131589303091
1,0.6049555979234117
1,0.43643931181336426
0,0.18326632665978465
1,0.8024870617437392
1,0.667036386342785
0,0.055666831054478415
0,0.2439260433939143
1,0.28263579777052183
0,0.5073980878187452
0,0.47227600370282896
0,0.03285574702649092
0,0.35726091521569947
1,0.608441254274245
0,0.6228155881217065
0,0.1687835646085321
0,0.19485187216287356
0,0.19768070327143517
1,0.4037400732399748
0,0.44676774012135373
0,0.02233372978529123
0,0.2277189495848445
1,0.8014350683266467
0,0.45289280634763607
0,0.06465980210646459
0,0.022185563805612516
1,0.4559518145345168
1,0.5886143795658167
0,0.02175510843141694
1,0.44812180724858164
0,0.28872557115924785
0,0.40341109176026047
1,0.7852201437431112
1,0.727424683196617
1,0.5696702236694364
0,0.3232557060703815
1,0.42193236427967384
1,0.6468308566056878
1,0.3685513422414704
0,0.5412310601985136
1,0.21860938279553152
1,0.3552294603034684
0,0.20393047392889918
1,0.20136899313402531
0,0.2976610939771221
0,0.026976989380895485
1,0.6167528923680151
0,0.88236266528337
0,0.103528485116008
0,0.0972178477706395
0,0.48511630771239117
0,0.08106536922499254
0,0.4172990600810414
1,0.60931984201313
1,0.6446146136248176
1,0.6792899235541369
1,0.7460810433030757
0,0.035099509242283645
0,0.24866550918601305
0,0.16694762965400567
0,0.19790837126414126
1,0.17814227997535664
0,0.27009444452476067
0,0.049679704721519384
0,0.2899755169825078
0,0.019527219603126176
0,0.38642792467101994
1,0.7388714611982218
0,0.42072107772496625
1,0.3433784819439341
0,0.21132226056322576
0,0.18338219211541992
0,0.039381360864092156
0,0.7455248882715826
0,0.37113245020221747
1,0.8808210866167628
0,0.6922645399363667
1,0.6615792747978126
0,0.050295093856030516
1,0.7122373098447979
0,0.24195001233163113
0,0.3418748921913076
1,0.7562855729107381
0,0.20682685833255235
1,0.3063596366855069
0,0.7557913975829713
1,0.7331287954885004
1,0.35679319381213825
1,0.8502498914813992
1,0.2199686551319057
0,0.4010603845394847
0,0.31444153424656496
0,0.22687908161211068
0,0.06226119961653276
0,0.22901167679956932
0,0.24520082356403847
0,0.6525657329138389
0,0.2618339901814201
0,0.39221891132899883
0,0.17569353894636455
0,0.30305805503305444
1,0.6406538151494688
1,0.3564488394786719
1,0.435688748676618
1,0.6936183004024937
1,0.43621915355538415
0,0.20103096889998615
0,0.14332846369245386
0,0.6027821871216539
0,0.09108998499890733
0,0.022185563805612516
0,0.17569353894636455
0,0.035452150453954376
0,0.6798312634984407
0,0.24311082467427383
0,0.5306673262997885
0,0.34727994258584405
0,0.3546983899538842
1,0.7727987895100957
1,0.49147927091541066
1,0.6601617963329781
0,0.19115890919930614
0,0.17569353894636455
1,0.7150123685908393
0,0.2776262229100367
0,0.025103803720799563
1,0.29320210498212324
1,0.8372853743256491
0,0.014718123104810207
0,0.3974563335432957
0,0.06042452762831075
1,0.47581032666089434
0,0.01970517097612895
1,0.6235035025137066
0,0.3285796080827264
0,0.15525159902361882
1,0.6893033219243607
0,0.2630816944719282
1,0.6713599374087
0,0.0352768571768152
1,0.7101473263225728
1,0.41614393557101775
0,0.4925366640499535
1,0.38593661155406883
1,0.1953073568209318
1,0.428562437849775
0,0.21628930914358452
0,0.2033921696826247
0,0.30904225350236486
0,0.1594424242893364
0,0.3288677929520076
1,0.7266830867320043
0,0.5565314391107421
1,0.4022998485845216
0,0.3437721938562353
1,0.40691908189204073
0,0.3644000692062061
1,0.6017340024077217
0,0.046812135926401426
0,0.03914397250002083
1,0.599266156423704
0,0.1821514597383838
0,0.2266893661697013
0,0.21782993630986605
0,0.022185563805612516
0,0.43281018015737643
1,0.8334003612913009
1,0.30761260189809664
1,0.8656954844412037
0,0.026273817315279627
1,0.8272034548502581
1,0.7342891982980225
0,0.042445058750319474
0,0.031065312908924107
0,0.4453411005999332
1,0.46135068336023616
0,0.5586342685216593
0,0.7820110406864393
0,0.5714550979900246
0,0.24929985048326508
0,0.28639797058976063
0,0.25047033231326266
0,0.21270377931590145
0,0.26696572899316356
0,0.11005249158391149
0,0.22700958551713685
0,0.021123189041790457
0,0.05557542961084934
1,0.47577730234507987
0,0.22611110112557387
0,0.6295030201462218
0,0.034576535045593666
0,0.2073942686179989
0,0.6209196367416708
0,0.31961249970750544
0,0.6687110340353563
0,0.18016618220028605
1,0.26544513305513245
0,0.02175510843141694
0,0.3006634374223713
1,0.5366592560567621
0,0.5958248010163528
0,0.16700286109383042
0,0.261966322733176
0,0.34118858691437354
0,0.3102169920289909
1,0.4951372069710534
1,0.42899292980585774
0,0.4187829828559201
0,0.2357043488433946
0,0.4314994910407316
0,0.46846410793280835
0,0.29045712375935573
0,0.0899938632539049
0,0.6002668150571301
0,0.2128299386389287
1,0.6011428705486531
0,0.16326129040479184
0,0.5875914663296874
1,0.6432793725118747
0,0.04705171773199263
1,0.7514087368466669
1,0.8971742727199455
1,0.6387844784445322
0,0.5504811647738194
0,0.580029257778454
1,0.3743972021943102
1,0.6207685875221304
0,0.13583402305734807
0,0.02253305092011078
0,0.35770577356153416
1,0.3776642208270682
0,0.19007566091298772
1,0.7680050766901543
1,0.5066554183724212
1,0.40210856488335656
1,0.37965638109605787
0,0.3996752548378994
1,0.727185487002081
0,0.36748732375824505
0,0.1562756441109779
0,0.3606781068236193
1,0.31929105650877254
0,0.416513006688171
0,0.5181546133522921
1,0.4127316097036119
0,0.16394681667174993
0,0.3274872074815265
0,0.49395711863670344
0,0.03800046502098029
0,0.20656900122042288
1,0.3427644214115745
0,0.2625685877262957
1,0.4049898880188425
0,0.11828508930441149
0,0.038351224860537186
0,0.16496734949195435
0,0.2083989104700412
0,0.3126194366042966
0,0.05103694926757168
0,0.22302144423550177
0,0.2809991417379526
0,0.22006641248409625
1,0.6186780258100474
1,0.45105249592161417
0,0.5071288827297369
0,0.022185563805612516
1,0.3316836889144728
0,0.023711767017481476
0,0.2609181646150042
0,0.0880488386261642
0,0.22776644446718933
1,0.28112599316572895
0,0.262141355904515
1,0.8447499406041257
0,0.6081012246682096
1,0.6226287535930454
1,0.8356935931499803
0,0.030394634397919982
0,0.02175510843141694
1,0.5503679613118718
0,0.030580690659491278
1,0.5979623249725863
1,0.6971653051441347
1,0.537162435819442
1,0.42038203895949416
0,0.2370450820376107
1,0.8564873973166445
0,0.2326490199086073
0,0.5260598097931296
0,0.6707531279537793
1,0.3011958743337706
0,0.21132583872532182
0,0.6112398301756687
0,0.16496734949195435
1,0.33489029607493426
0,0.2775682082094751
1,0.6179319740499027
0,0.032712023453689495
0,0.6778607824447013
0,0.29797288827312546
1,0.5973318775895365
0,0.02647543878584307
0,0.03653025553619638
0,0.0340101389423721
1,0.347687251248451
1,0.7509798253182304
1,0.4988733647905704
1,0.6601617963329781
0,0.2648310219492643
0,0.29851787082945636
0,0.23388096869949082
0,0.5586655466460462
0,0.204371713664717
0,0.1638765990556542
0,0.3490492062397399
0,0.30490657595737036
1,0.5039466279250262
1,0.8735217100444673
1,0.02175510843141694
0,0.06587181623035412
0,0.3899552979711843
0,0.21485469337697313
1,0.7026148173747394
0,0.02175510843141694
0,0.3746565606470873
1,0.6286204121224401
0,0.04492925661496609
0,0.1534003885377949
0,0.27485645595848324
1,0.38407629560875955
0,0.1806567601614305
1,0.6000089390001294
0,0.1543603702343734
0,0.45003370760402694
0,0.45369273434563956
0,0.1610076735057218
0,0.31408216268243716
1,0.34198459189552594
0,0.41708044946154044
1,0.8149088748148043
1,0.7061680101590444
0,0.2005946138431917
0,0.09793537242656289
1,0.33007752872138446
1,0.6610838196822987
1,0.7582014928612831
0,0.17569353894636455
1,0.3915256309597308
0,0.30969283931162045
0,0.2240849414852122
0,0.029808683885026162
0,0.24919607917548803
0,0.3645790864849151
0,0.3856439531540979
0,0.19458886452485902
0,0.17598850269022467
0,0.3247990152450169
0,0.14795999396841988
1,0.6137900817224238
1,0.22703865056947933
1,0.8814195844386409
0,0.22517589004572955
1,0.6460521564180034
1,0.5443973848280478
0,0.6358693269538936
0,0.26195316534408586
0,0.16714807494645004
0,0.2179992767832864
0,0.603373429718853
0,0.46499797027779205
1,0.7190568498772529
0,0.5869895614352306
1,0.32925402299690637
0,0.014718123104810207
0,0.08988281820562226
1,0.13028506676747534
0,0.24576765335082465
0,0.36537636256790657
0,0.031139105935153285
1,0.22278245206228178
0,0.23732217212906415
0,0.18318947676506184
1,0.30585861128617026
0,0.26342620160845764
1,0.44162454714956356
1,0.46765748625355547
1,0.3400694819629732
0,0.15242239098925423
0,0.19275448628863093
0,0.22907404899701503
0,0.1068609125111775
1,0.6949439331348151
0,0.2764123606848279
0,0.24935073260418458
1,0.5158026752580527
0,0.06498854575966101
0,0.11962126358410921
0,0.17955169936280044
0,0.21310907055406933
0,0.02175510843141694
0,0.4629250825399477
0,0.2777457668981809
0,0.6368638368165014
1,0.27295508241916133
0,0.014718123104810207
0,0.3483974452387133
0,0.7407808079952645
1,0.24390825237117705
0,0.19760938611517803
0,0.042445058750319474
1,0.7734488374270733
0,0.3831252517487334
0,0.022185563805612516
0,0.15535748810043873
0,0.21800223888060896
1,0.7671658860688892
0,0.15868281607721124
0,0.32796218970415086
0,0.2527479570338493
0,0.14237406611102535
0,0.23336467829070198
0,0.6313528361347671
0,0.3166651449184567
0,0.18408454614219605
1,0.5085636982600061
1,0.37720925327140653
0,0.2960041758744063
0,0.3725643158364606
0,0.18808724502872745
1,0.2745280562380903
0,0.2918798956289874
0,0.2007194839220153
0,0.3796757429939447
0,0.022185563805612516
0,0.0450520827894897
1,0.25923615392617133
1,0.8959008240792075
1,0.292110389003596
1,0.7988639708765816
0,0.8058490486154323
0,0.2723897108875719
0,0.2366092327468892
0,0.5015157121040222
0,0.4992564808570645
0,0.23705512725680605
0,0.3745199236820806
0,0.06796603185884431
1,0.3693627025687028
0,0.3964325956082518
0,0.4514151106156596
1,0.08719460194582596
0,0.029901838046605907
0,0.4505262352055573
0,0.4929410837623624
0,0.12169941085500113
0,0.09359290803228817
0,0.3191817415752295
1,0.6618306333677813
1,0.5856887315929779
0,0.19208407039058192
0,0.03761981171121828
0,0.22479725865300368
1,0.6081327586926064
1,0.7940533295491571
0,0.3239211641710132
0,0.32071683694297004
1,0.4380895956341359
0,0.36693983299064364
1,0.7727383332788192
1,0.2973951116106857
0,0.22518918946222674
0,0.022185563805612516
0,0.028267350969072947
0,0.3317694102432521
0,0.39206338642669314
1,0.4159130496282166
0,0.4165401254797588
1,0.7559022085494187
0,0.16590079755665768
0,0.26477621747253066
1,0.28793539414625047
0,0.0206087822523185
1,0.35038164631240254
0,0.04443427585307921
0,0.2423487517434109
0,0.5232465260124932
0,0.7289477302606093
0,0.13487081470012777
1,0.4684373868033458
0,0.20010981179932055
0,0.14894329086134314
0,0.04358063568452861
0,0.38951197726099135
0,0.6806841642868587
0,0.30058176562865785
1,0.22509749147316008
0,0.16990500876552236
0,0.3020199832230476
0,0.026976989380895485
0,0.18148484677941965
1,0.45407085202679925
1,0.6951627241876325
1,0.7783412802752454
0,0.05767538441800631
0,0.038210966571166176
0,0.02725571373274649
0,0.2416142107401457
1,0.5213122225687268
0,0.24138444228091613
0,0.3113308397846913
0,0.19287764919279402
0,0.239137735583431
1,0.5458013583846216
0,0.22811584488684158
0,0.28783322859075183
1,0.649240271375903
1,0.7117808564596985
1,0.5146196124198565
0,0.3322642603393064
1,0.4769105910095226
0,0.35961190660596287
0,0.24924908740949792
1,0.5075300660086692
0,0.28276300587375913
0,0.2638359103757452
0,0.33515221448042387
0,0.16496734949195435
0,0.3765782673999895
0,0.45514207601680895
1,0.22357865998191062
1,0.7416182301243142
0,0.4178148646615523
0,0.2921684892364791
1,0.3793428928863793
1,0.5647752345289441
0,0.3102125176835045
1,0.3249283415765583
0,0.16496734949195435
0,0.2790331882720564
0,0.30048234523818174
0,0.03069894634855913
0,0.34518832031442354
1,0.5349095483377146
0,0.19181118441076214
0,0.2648746928030169
0,0.17338043587092203
0,0.2592971581403687
0,0.1548878387156652
1,0.6265351201233774
1,0.4315292903577332
0,0.3942642512356913
1,0.3278454754269738
0,0.20396446526406045
0,0.03689125223193191
1,0.814697487074554
0,0.031065312908924107
0,0.20728135530763261
1,0.5690685877478141
1,0.6719623996392599
0,0.6934171128155217
0,0.2667298682416001
0,0.268505102904792
1,0.7197744362705357
0,0.12532535345516746
0,0.2776262229100367
0,0.16723576159651438
0,0.3668132352937734
0,0.16650990459325432
0,0.1543603702343734
0,0.04336000316944371
0,0.023799958860729224
0,0.3621620975405818
0,0.6407023322139074
0,0.026273817315279627
0,0.6757806948273709
0,0.3210258234607142
1,0.6459871002318754
1,0.4007612054798631
0,0.37273143226459987
0,0.3617951187324246
1,0.454265999574397
0,0.28975834033965386
1,0.4507538811157119
0,0.20386027154920167
0,0.20347060700914554
0,0.014718123104810207
1,0.7890811932693776
0,0.3869306698632016
1,0.829896163940223
0,0.04416289888130736
0,0.20333139481246287
0,0.27640555776489584
1,0.3866639417952983
0,0.6362956640972172
0,0.44401446116985527
0,0.6368606136273557
0,0.28674400671464356
0,0.5165978569930924
1,0.5617446526026221
0,0.21482969314455716
1,0.22609807618590208
1,0.8955762260732115
0,0.1982527764253381
1,0.4320244856008433
0,0.18449601048451617
1,0.3152273804737088
0,0.7019094828558882
1,0.5747654837212285
1,0.656451015133636
0,0.1558064174734901
0,0.06899922220929862
0,0.19661338190500188
1,0.7040051334338929
1,0.3185235309291294
0,0.038703685019943
0,0.20889134200876636
1,0.814684644931523
0,0.2359653777279772
0,0.14973549605959732
1,0.6305462353797538
0,0.2493530217930161
1,0.25430830992008596
0,0.15117378427196898
1,0.7436354335642477
0,0.2263288414259561
0,0.24560759682115782
1,0.6093182013647401
1,0.4622939607541891
1,0.46346730635612005
0,0.2713619055439432
0,0.40898412646681004
0,0.2542036978770407
0,0.45139012941944084
1,0.32510853512219967
1,0.46577775660284615
1,0.6274393239832762
0,0.692658347703755
0,0.2298588265720769
1,0.8911308809307937
0,0.21773457506565724
0,0.21172400069124545
1,0.4056102337858945
0,0.08996696846416753
0,0.1643072682919283
1,0.5193909279636952
1,0.470515570474739
0,0.16496734949195435
1,0.739939300489179
0,0.2720475379932297
0,0.2544089058557834
0,0.050276883308042496
0,0.13712086551251437
1,0.5401484040000578
1,0.46098802098252994
0,0.27958187544235025
0,0.2076331194015425
0,0.026273817315279627
1,0.8169520145430278
0,0.3965764358155701
1,0.43136171301629783
1,0.6791905126398624
0,0.1582395118871028
1,0.603503169117266
1,0.42093346662660713
0,0.5400344418985574
0,0.20900341047842402
1,0.33807124879331996
0,0.26867454042566413
1,0.5593430849513857
0,0.26068514863102277
1,0.4766578567407739
0,0.17350136307541722
0,0.3672000363341658
0,0.3057581342524811
0,0.22692278228341506
0,0.42604424414078573
1,0.6402194950983949
0,0.4652423113439512
0,0.19109986233632387
0,0.32565245103173773
1,0.5425203965271006
0,0.3202811634055753
1,0.3295863956151869
0,0.3881648938811182
0,0.20259307550910022
0,0.2163594767333538
1,0.21835424213423357
1,0.4413507806790556
0,0.3446079283253505
0,0.30938194941600383
1,0.8842526103894407
0,0.17240528020089935
0,0.039155506651249096
1,0.619883531113862
1,0.3652995548350079
1,0.6788664193025008
0,0.48043483220122224
1,0.7110292443828409
1,0.6781080276930406
1,0.47527440981342256
0,0.33980457380200063
0,0.14530722305028773
0,0.08007125955802441
0,0.23388247616938052
1,0.7287528969215001
0,0.338714785032145
0,0.16874852531548043
0,0.1868868907034449
0,0.4118512729275285
1,0.6553680097448454
0,0.4691938930417595
1,0.7667845450822249
0,0.44565972740254106
0,0.029019606898154943
0,0.03949133188513112
0,0.05217530584284531
0,0.18887659905565415
1,0.6170811494150455
1,0.6619495099662482
0,0.19747655219624416
1,0.23599539341629583
0,0.3718062117790713
0,0.3026663345385864
1,0.8837526127880362
1,0.7104722821083755
1,0.4527375580767092
1,0.2920511463195824
0,0.1722634966519796
0,0.3931120825048988
1,0.5889236387180816
0,0.25226484464250315
0,0.2486424875106391
0,0.19938860662066837
0,0.026273817315279627
1,0.6210398507162703
1,0.5182359351684952
0,0.5805701148256289
1,0.22604754548669362
0,0.21356751336785051
0,0.21012848856413724
1,0.4913234005498263
0,0.12607747045298184
0,0.26042274180536945
1,0.6831689643958523
1,0.6918236488134695
0,0.10592940845306797
0,0.05157773663850701
0,0.17511926286722565
0,0.0181942106161802
0,0.3874209779414157
0,0.22455662849243083
0,0.35525075783731186
0,0.217475175002088
0,0.11075495138088125
0,0.46531363103258655
1,0.6152037321622517
1,0.5473829700420861
0,0.5164810728971021
1,0.6515297117484061
0,0.34652067736890163
0,0.479520390678142
1,0.8348034331282892
0,0.3921137869206878
0,0.22448292749273235
1,0.7810059223398301
0,0.40853578021231535
0,0.1800366747650082
0,0.09936739809964874
0,0.022185563805612516
0,0.3268800055113268
1,0.7680643088333837
0,0.04072220955058524
1,0.24487940786957782
1,0.37355271401739215
0,0.2011517664209231
1,0.719625112722483
0,0.021016052705627272
0,0.5614958226788861
0,0.11169534972512407
1,0.5410866139523374
1,0.3504337814324777
0,0.4976694196321226
0,0.35803542096030955
0,0.014718123104810207
0,0.5744434224585339
1,0.6858089480259644
1,0.5883632603101253
1,0.3107615102328956
1,0.7706545621541777
0,0.2344279725442682
1,0.4020516519614889
1,0.6284727307915733
0,0.03849172243975131
1,0.6900962999487047
1,0.7659629141070496
1,0.370921767256843
0,0.82583075680806
0,0.026273817315279627
0,0.20155564152297478
0,0.2381788917252883
0,0.29859670752100237
1,0.6484224493574388
0,0.022185563805612516
0,0.039822636228986436
0,0.2381251415757572
0,0.43458666569653204
0,0.3899829744487758
0,0.5345575405647347
0,0.21662831230742266
0,0.16055472130636972
1,0.4350710890211582
1,0.29171997875747513
1,0.5742054392444587
0,0.32458601664333975
0,0.1683598004610737
0,0.33074740064122515
0,0.22585737374434164
0,0.17647377044101203
0,0.014718123104810207
0,0.350877456866624
0,0.5382335810117163
1,0.4204550605790738
0,0.3161182228466252
1,0.6882504461006935
0,0.17569353894636455
1,0.5731665464699216
0,0.1784600300514581
0,0.1413246197035847
1,0.619883531113862
0,0.21998045907281558
1,0.5855106400654772
1,0.2011637492961753
0,0.029748647395245437
1,0.2247952627671585
0,0.026273817315279627
1,0.6514278469659173
0,0.047940174237445995
0,0.1699980715633016
0,0.29620099615197915
0,0.3171680824419069
0,0.21338294933311727
0,0.32891577833645547
0,0.05937011355451205
0,0.2404987754530152
0,0.3013527722988456
0,0.6375492947682365
0,0.5944700681961042
0,0.2117032780755886
0,0.06043654366247579
1,0.6799759562498419
0,0.3477109127680437
1,0.826278052705665
0,0.029494176332386768
1,0.3419334460236716
0,0.3317112599175495
0,0.1028091527558152
0,0.052616432954431136
0,0.022185563805612516
0,0.24999267388322008
0,0.023799958860729224
0,0.1720938318048218
1,0.6291152331277885
1,0.45710428805297776
0,0.20832169353923227
0,0.18027608583708943
0,0.22731520994136148
0,0.023799958860729224
0,0.7165637488963211
1,0.5474945379460681
1,0.8511854193257158
1,0.7767900082069676
0,0.2598667152625365
1,0.42336412729066425
0,0.029380618583470065
1,0.41654848089805263
0,0.4052579925536594
0,0.47417669629325465
0,0.044769912552123314
1,0.8875846189241061
1,0.4755633451394272
0,0.035725966890026495
1,0.358259476449337
0,0.1995422464285425
0,0.20429162002335205
0,0.3006930082088669
1,0.259606999535394
1,0.23891555486810823
0,0.29259278145556417
0,0.2932129441904065
0,0.12321514410736391
1,0.7637854214676257
0,0.668029181590993
0,0.02175510843141694
0,0.5005914292904758
1,0.7249472926917645
0,0.7076168500139338
0,0.11048849826813102
0,0.12129350707791185
0,0.3191771696896669
0,0.02175510843141694
0,0.3161345831304132
0,0.36416157654207476
1,0.5947648889763512
0,0.6309123942198255
0,0.267542125559769
1,0.7274770237252606
1,0.5593430849513857
1,0.3971919172331304
0,0.24980825158349887
1,0.606076595142072
1,0.149956913354325
1,0.7257282965887374
0,0.1707244076919103
1,0.7377363656212931
0,0.43096329219448626
0,0.0419524799737937
0,0.026273817315279627
0,0.16601213862282263
0,0.02505104029094019
0,0.2768086897665862
1,0.899126130850054
0,0.4298422252744313
1,0.3629492611332564
0,0.464922900118718
0,0.3632942001541792
1,0.31840906147197073
1,0.2182463770574239
0,0.2699939766933607
1,0.4084482627767543
0,0.6398372463011952
0,0.10122767511542446
1,0.5308996614713686
0,0.2247399037272277
1,0.6144394237135969
0,0.06495439321706634
0,0.22512413162577852
1,0.8720427359545445
0,0.19583802078067056
1,0.9049169203984813
0,0.2504079493831493
0,0.6172810409659367
0,0.4063542167514237
0,0.03653455509571898
1,0.3318836676210221
1,0.2832204535270741
1,0.6756458699599764
0,0.46519945224280934
1,0.5669458352962765
1,0.3913593120942509
0,0.2203132879182578
1,0.629862077652172
0,0.23195494458056012
0,0.20900341047842402
0,0.19860860728427182
1,0.874077531512906
0,0.03653025553619638
0,0.5073350926776456
0,0.12874068430591046
1,0.38674762486189795
1,0.542109209851954
0,0.36515508400669155
1,0.3238999710406437
0,0.24445130827356573
0,0.20155020235453988
0,0.03905352683982688
0,0.22606665979427976
1,0.42557237079639376
0,0.03431301929218871
1,0.8387436217145483
0,0.7466109204838213
1,0.7912316485459188
0,0.44340148810306673
0,0.09447870641144121
0,0.22836034278934295
0,0.1821514597383838
0,0.285752582207637
0,0.0255843012814545
0,0.019055855469053126
0,0.23562771173690722
0,0.1645282000299852
0,0.041116942351073535
0,0.5275975860267691
1,0.21792361429267498
0,0.16964103970964992
0,0.07487953613459059
0,0.22427438773386865
1,0.7672885779091363
0,0.049992079578881896
0,0.1638765990556542
0,0.2574413283720373
0,0.0423450237403226
0,0.3976730469746314
0,0.3090468586057912
1,0.902521520716926
0,0.330895486232317
1,0.7113312974890985
0,0.32466461662959767
0,0.32491919853450335
1,0.6901395443620969
0,0.0900460531154549
0,0.20071748448084048
0,0.13372464406027132
1,0.8758940668618574
0,0.036799008156052464
1,0.6077257081022523
0,0.18449601048451617
0,0.16496734949195435
1,0.7098901664898501
0,0.43670577166132907
0,0.26453045293681926
0,0.07472247195360164
1,0.3042074800458888
1,0.5940842260472039
0,0.0836188050870145
1,0.22438714229124535
1,0.5688043724430548
0,0.6941396848672077
0,0.28997472934057145
1,0.7495956821120986
0,0.19790837126414126
0,0.2742486516311167
0,0.5716246355286267
0,0.4812639234588267
1,0.715211456248412
0,0.022185563805612516
1,0.7920781212997718
1,0.40730217365694377
0,0.3749841908314474
0,0.1638765990556542
0,0.05609921869879716
0,0.5788662120991421
1,0.5717925575711753
0,0.298605487661351
1,0.3420877896348606
0,0.0487169131834551
0,0.028267350969072947
1,0.6201787135154648
0,0.04399598725850846
0,0.024889057186984725
0,0.24994027876775995
1,0.4680649567338325
0,0.30345206368422956
1,0.3755614890687929
0,0.17569353894636455
0,0.24266975206809127
0,0.5335829598352879
0,0.5430490090711511
1,0.788299466620701
1,0.7487382039090971
0,0.572872929876403
1,0.3438153612488093
0,0.6421895998576879
1,0.32152367984387237
0,0.042729621408579686
0,0.05056896229230517
0,0.2302242154175247
1,0.34571786777558033
0,0.11253429116501214
0,0.2799329019416827
0,0.7136946654205102
1,0.4255304813603111
1,0.7942667585527894
0,0.28213599220706065
1,0.588829537191648
0,0.29478021202511157
1,0.03517215119989248
0,0.11824020456675213
1,0.4658243858688496
0,0.3931907376508066
0,0.5398098999721042
0,0.7814707811790016
0,0.33710050722579904
1,0.2422426283243886
0,0.24935821077590747
0,0.369267785266014
0,0.05679079798284012
1,0.7368034184407013
0,0.24939593592081652
0,0.29245029664498834
0,0.7299732117517191
1,0.8307526947089038
0,0.2308554860902771
0,0.07877097152276925
0,0.0181942106161802
1,0.335499317879697
0,0.18408454614219605
0,0.685185690444594
1,0.7625885363125372
0,0.3507757266161841
0,0.200036137110829
1,0.5204095953346395
1,0.17569353894636455
1,0.47818808246184835
1,0.6628326273704724
1,0.42432537700193285
0,0.3839445968416479
1,0.8035880730781515
0,0.22209264220764646
1,0.4921585915403875
0,0.2560491005205351
0,0.5670840261850084
1,0.5370556665234347
1,0.6826974837061864
0,0.5522305180867054
1,0.8412639087042928
1,0.7618230832576994
1,0.670735161825197
1,0.5100690181079991
0,0.6819854336579726
0,0.3351849393246599
0,0.18730892664494392
0,0.5593474348133111
0,0.20841792490414857
0,0.27741772800796416
0,0.3621887342469609
0,0.182839011411871
0,0.20170945836644535
0,0.3501334233433523
1,0.19790837126414126
0,0.20730097239061337
0,0.026353084638172024
1,0.7909588165643279
1,0.41284359243525176
1,0.6959212331688781
0,0.04768616466057028
1,0.5614958226788861
1,0.5968676362956677
0,0.27167107900124526
0,0.4375740883573734
1,0.6894273516895196
0,0.6078739523056991
1,0.6851379498882636
0,0.028424820757007568
0,0.4104739999960188
0,0.5324953754162002
1,0.30417364190521645
0,0.30909358833145845
1,0.5745109007797841
0,0.285752582207637
0,0.37261930821116296
0,0.03211417407822865
0,0.5836363205438072
0,0.20555167192948093
0,0.28164651248760886
0,0.28916371702982596
0,0.38376655824759376
0,0.6651297456123543
0,0.25387846237957346
0,0.026515521835738888
1,0.8964743888762309
1,0.6985324750222605
0,0.3339127624756156
0,0.5777950395713672
0,0.17041910267385282
1,0.8555269091411717
0,0.1594424242893364
0,0.266071631932405
0,0.2512443546904548
0,0.8004645601645727
0,0.0329528144587553
1,0.28813338025433616
0,0.3419633085869347
1,0.31709146358978957
0,0.15871184680034747
0,0.3881222329820036
0,0.5837846091124563
0,0.5630717596600764
0,0.3155234510512166
1,0.28812568302298447
0,0.2868044873970181
0,0.22263836326987188
1,0.3560959827783801
0,0.2676481715807335
0,0.10044682979033852
0,0.05002001478571934
0,0.2911337952965548
0,0.507880396059857
0,0.24532026039178287
1,0.3010814466082029
1,0.6092190308974712
1,0.3274992993153533
1,0.3614719108729742
0,0.041421916272217196
0,0.24848215889628986
0,0.2112726812603845
1,0.25283232329000643
0,0.7165637488963211
1,0.8413336750057939
0,0.5033277780159456
0,0.1821514597383838
0,0.18603303820445982
0,0.014718123104810207
1,0.22891503572470523
0,0.3702825910877871
1,0.611923697868945
0,0.3989305069392558
0,0.3004774443766719
1,0.704684362314536
1,0.7745958548377251
0,0.09465030315956485
0,0.19293392860787073
0,0.6515052925280251
0,0.13405119567698912
0,0.4110984240328339
1,0.2908891444792949
1,0.8274658398937721
1,0.48223927275418443
0,0.2092167921782796
0,0.2547187315347542
0,0.09043719174480531
0,0.056051763039203784
0,0.6467742654791012
0,0.22685747997027816
0,0.326064520372187
0,0.1932641260458388
0,0.46335580802288184
0,0.10769501014562642
1,0.7031806472169513
0,0.30075273662822744
0,0.21134068855902982
0,0.022923471459808723
1,0.41024701830575894
0,0.3134677592846799
0,0.026273817315279627
0,0.03319330023351701
0,0.055384751486385754
0,0.31501569944648916
0,0.7578396850996071
1,0.7418613660357143
0,0.6889666267818558
1,0.6096298892569846
1,0.5613513709960282
0,0.28181582680462414
0,0.06741021513265696
0,0.31964721194264595
0,0.400876646393949
0,0.014718123104810207
1,0.35290735478025553
0,0.3854981514612223
1,0.7156928118027718
1,0.5302831474716181
0,0.3797591018453149
1,0.7620751813289308
1,0.6554896795908757
0,0.34685906067841604
0,0.2040099708130946
1,0.24977592925582037
1,0.7285815854029344
1,0.5528038217472204
0,0.023799958860729224
0,0.26387590681493556
0,0.022185563805612516
0,0.367586738541255
1,0.8879343192077088
0,0.24107919045416376
1,0.7745536907590196
0,0.02936920521300854
1,0.39069121736987017
0,0.3713688675987332
0,0.22883118294941335
0,0.19585244381152053
1,0.4847242112784307
1,0.47445109078472397
0,0.25329772684576124
0,0.6127528523416432
0,0.3275547447997624
1,0.5587212521607955
0,0.05978647870900493
0,0.48973569173029596
0,0.4895795976294067
0,0.022185563805612516
0,0.02524614009146268
1,0.5359383755073529
0,0.26507502947389316
1,0.6731236818910181
0,0.20695193140453094
1,0.37348018530460864
0,0.018900397492154622
1,0.48334096937426363
0,0.08705241672153163
1,0.5277522167229388
0,0.6046016015414356
0,0.19287764919279402
1,0.4893759128755004
0,0.5314490359354676
0,0.2274785606059746
1,0.7625831400828912
1,0.365672259641182
0,0.034462343254049205
0,0.19287764919279402
1,0.4622675421780167
0,0.10564914110176399
0,0.022185563805612516
0,0.239071447446557
0,0.3321383015346218
0,0.3754792105700914
0,0.3481600568249217
0,0.14936258188272586
1,0.6808276142555723
0,0.36340992240101805
0,0.09675768388876306
0,0.2880244987823024
0,0.22265417254420702
1,0.6639801260057518
0,0.26528589131839597
0,0.4036960317900502
0,0.2325966731315765
1,0.5891767493723782
1,0.8501241415877748
0,0.18166681153242384
0,0.20782868344241617
1,0.5405805288001174
1,0.6982512352133295
0,0.14332846369245386
0,0.022185563805612516
1,0.2655216465929655
0,0.2337036997189904
1,0.026273817315279627
1,0.29927103532477184
1,0.5632140225013673
1,0.5804863958640913
0,0.4215888334453848
0,0.08673019070783158
0,0.2149603181807366
0,0.25506272411690883
0,0.016647151970769616
0,0.6148201632390928
0,0.023799958860729224
1,0.6057293331118471
0,0.03567806413840275
1,0.2945566780875967
0,0.16496734949195435
1,0.46653860555513665
1,0.3343501317392413
1,0.41129570138406985
0,0.5347135252876177
0,0.19318291794527992
0,0.16809098717341311
1,0.8269002329211048
1,0.479660185628392
0,0.1827090981535352
0,0.09043719174480531
1,0.9041464970301472
0,0.21835424213423357
1,0.6797926188052101
1,0.4057927600458592
1,0.7374048667326943
1,0.2475091106575341
0,0.014718123104810207
1,0.889544168027227
0,0.2834355809464722
1,0.6529524821551435
1,0.6722006592913702
1,0.4915652836540299
1,0.6475981230850059
0,0.07439014714059047
1,0.6837508599666545
1,0.6911695434808687
0,0.5317124718629339
0,0.3001242148672509
1,0.5741191181935706
1,0.7783653437551095
0,0.07476763965264248
0,0.09561042622813193
0,0.21800223888060896
0,0.028267411498901527
1,0.7683674615705643
0,0.4442359517863246
0,0.3551429758518117
0,0.05937011355451205
1,0.8821221194177219
1,0.2700141000050393
0,0.6292928647282896
1,0.39712189216842947
1,0.6116057301204745
0,0.17321443751772556
1,0.7643283310292045
1,0.32485125701465617
0,0.3993907235642707
0,0.1971310040988726
1,0.7362084735765332
1,0.5326652328980945
0,0.1257328449360887
0,0.3274483028738367
0,0.3642817764834314
0,0.49335986023239126
0,0.026273817315279627
1,0.5413866099553871
0,0.019791487390204816
0,0.6340228189780411
0,0.057904671171931515
1,0.3212119031845652
1,0.784800764063952
1,0.8495819371817565
0,0.29484325610737644
0,0.21306838921998061
0,0.25455099870916376
1,0.45740430266723714
1,0.5406406837266232
0,0.09007053796678804
0,0.36681489024489644
0,0.1609235596643883
0,0.22393165065739518
0,0.17947121397429172
1,0.4022998485845216
1,0.6131875696339345
0,0.624406262451311
1,0.7141163640561532
1,0.38107757967057354
0,0.20355046978331534
0,0.3015463113218388
0,0.014718123104810207
0,0.49833560976437025
0,0.028388771849137184
0,0.022185563805612516
1,0.5175825353735061
1,0.578831447303995
0,0.22692109320764456
1,0.34567756726026294
0,0.8845490604005575
1,0.35016964904436526
0,0.17372457132209276
0,0.4587038841679919
1,0.04318441425111288
1,0.7271875833615797
1,0.8228187274273544
0,0.26457560637283584
0,0.24676830496358024
1,0.48006646181604207
1,0.8238084496489028
0,0.16018891298113597
0,0.034492309293990685
0,0.09536595990717046
0,0.04174903367762533
0,0.03039301784109172
1,0.5060763922843745
0,0.23121444750822
0,0.218640988281846
0,0.029353804523914742
1,0.41811015586167044
1,0.8438384759055408
1,0.5879787923376819
0,0.28178417119452026
0,0.20266768920532385
0,0.02936920521300854
0,0.2666420932364467
1,0.8625508175971365
0,0.5004153762942414
1,0.6536764090183455
0,0.2433919054953071
0,0.02175510843141694
1,0.22517589004572955
1,0.1407150257509084
1,0.19026743173322652
0,0.33106572275131496
1,0.3766796137158088
0,0.22545168617019795
0,0.25220147458790904
0,0.21306004080016702
0,0.23146395506167342
1,0.6712779510259889
0,0.06596282684593235
0,0.35321972667041884
0,0.21996861684647334
0,0.03653455509571898
0,0.2578669962743728
0,0.25930782999116325
1,0.6819854336579726
1,0.6759882071297645
0,0.44610832944244433
0,0.22421973383705565
1,0.2371213038440218
1,0.35560481725364435
1,0.36572771841738283
1,0.4490542204418887
0,0.022185563805612516
0,0.28089793515219535
1,0.542109209851954
0,0.09341140974640715
1,0.5503182854247863
0,0.7010417670418432
0,0.06786058109944854
0,0.5191765647061832
0,0.6233572423061257
0,0.02175510843141694
0,0.6794797394168927
0,0.16163418499825424
1,0.5553410138080765
0,0.26999976193580427
1,0.3121551452694396
1,0.6937077088465623
1,0.7287528969215001
0,0.18579599646448738
0,0.6423138661691308
0,0.4902617466934194
0,0.17569353894636455
1,0.803053241045639
1,0.23500025283539624
0,0.26036551502255223
1,0.8495819371817565
1,0.41405557980993374
1,0.032500412736619834
0,0.3226189852233555
0,0.02775812657805161
0,0.02815853633859776
1,0.7852364444318569
0,0.4419372527070053
1,0.3147094096760475
1,0.6388064933438218
0,0.014718123104810207
0,0.03906371262231618
0,0.16920558359895174
0,0.27375783489426697
0,0.36049794022180304
1,0.6898260623901726
0,0.6304866055760942
0,0.2279116683743802
0,0.29548103297892636
0,0.2224928562823642
0,0.2863287984993476
0,0.4470265800331078
0,0.40053246848724033
1,0.30895850502833216
0,0.22591569074219203
0,0.23698322115224915
0,0.03578824326094366
1,0.377826275740785
1,0.7448014428745956
0,0.23122324879782952
0,0.02175510843141694
0,0.13600383392847093
0,0.34101654879639914
1,0.4028634524303312
0,0.2170729624488932
1,0.17331950276531852
1,0.4132966312774886
1,0.3760301402287665
0,0.36079194145217197
0,0.18696065087715846
0,0.014718123104810207
0,0.1847134636264591
1,0.6168279726134807
0,0.3269959271768133
0,0.37902527535078673
0,0.3278388578610974
1,0.5272545294787309
0,0.2933963345253224
0,0.3118466912813667
0,0.37460494548491546
0,0.29854572750568337
0,0.09970022070953483
0,0.24935073260418458
1,0.39981125831583464
1,0.8801924749616501
0,0.29721895693315303
0,0.24405097725303687
0,0.3478273832618535
0,0.3118575451229607
0,0.4783131362071737
0,0.3394173399002987
0,0.3196921735974202
0,0.2431997364455801
0,0.31034378779290156
1,0.6309988743514812
0,0.29308374297462453
1,0.4132982022420346
1,0.619883531113862
0,0.4343539395371094
0,0.049297348369061966
0,0.7446541337055533
1,0.5869954912116246
0,0.050339710864038524
0,0.4260880733736421
1,0.7138295262198127
1,0.6283580555281225
0,0.0721627377900956
0,0.2369497823150551
0,0.21482979041472328
1,0.6114750644486069
1,0.6467970407833471
1,0.40105224727899197
0,0.3649097321714065
1,0.6677115958100135
0,0.3357623121514925
0,0.031065312908924107
1,0.8228442394686959
0,0.029019606898154943
1,0.7256299465058667
0,0.034576535045593666
1,0.619883531113862
1,0.4078080849527193
1,0.5650554141437351
0,0.1538291765555535
0,0.19287764919279402
1,0.4286208292388375
1,0.5891185319319392
0,0.023799958860729224
0,0.22263836326987188
1,0.5527776344622438
0,0.0329528144587553
0,0.425744463117726
0,0.14085492449161888
1,0.7706763234020775
1,0.6959823994144124
0,0.19623459971335902
0,0.34237440357484755
0,0.4107264929371308
0,0.039155506651249096
1,0.188725623593325
1,0.4070606960344941
1,0.4777560583966983
0,0.044941145743370714
0,0.21233015628262822
0,0.24787938925273345
0,0.18248025037875726
0,0.3210776708728116
1,0.7255774781227587
0,0.06786058109944854
0,0.28872025003490914
0,0.028267350969072947
0,0.20386440484645563
0,0.38158263245983987
1,0.6643098838412662
0,0.42484887299401913
0,0.7834155627507665
0,0.20685377428126064
1,0.7927344607475494
0,0.024256613831936332
0,0.20675261409631693
0,0.21790183014203746
1,0.4711895825779041
0,0.02529476755569401
0,0.23535469832419728
1,0.4521433807240889
1,0.6684177738261856
0,0.2662302590389885
0,0.014718123104810207
0,0.04896525284201637
0,0.14471787686402562
0,0.22384269299701115
0,0.31319020049954127
0,0.03881831149452566
0,0.22626491352657893
0,0.014718123104810207
1,0.5581693000381301
0,0.39542248383878525
0,0.3328547921441953
1,0.3873240027189788
0,0.12180084647746386
1,0.7232016557320331
1,0.30604538865994757
0,0.23174198204847862
1,0.6659083069147145
0,0.5333396301400694
0,0.39867437707921083
0,0.30676447953915964
0,0.21881404891060113
0,0.2212960068596642
0,0.17375412834212914
1,0.6688170034504887
0,0.2135926906232965
0,0.17569353894636455
1,0.6209312342669431
1,0.2188559905673304
0,0.03416522258278977
0,0.3136876045348973
0,0.25005497166423507
0,0.341739817885592
0,0.30043678932445966
0,0.30685539354359176
1,0.7005868509997462
0,0.03327054709602334
1,0.7026213834613277
0,0.06559691453926006
0,0.0391108423725925
1,0.39272009895031673
0,0.210603893149437
0,0.3970467114799992
1,0.33234783281286934
1,0.7226449727951517
1,0.29003413312683113
0,0.18157170539285108
0,0.32544031216392527
0,0.04162371761268163
0,0.25450478177734004
0,0.5953010024955134
1,0.6932948113936366
1,0.42261492115632376
0,0.42032012543333513
0,0.20325674600040458
0,0.36965898171175776
1,0.22885821700536324
0,0.24468551604975716
0,0.34608226811005277
1,0.45981347965895786
0,0.3876713269513662
0,0.02858465243189208
1,0.8025373816590716
1,0.81844208687829
0,0.034016416405445435
0,0.037021208821399615
0,0.3019930630403659
0,0.31987894353389434
1,0.22517589004572955
0,0.07080042376841768
0,0.3377043453896999
0,0.21731507486222398
0,0.4935513378164534
1,0.8467443220621618
0,0.2757262732660252
1,0.03653455509571898
0,0.19459651741657275
0,0.22139238221285348
0,0.04702879756999843
0,0.4070211445870838
0,0.8632732693327948
0,0.3648888461579988
0,0.2568272972701321
0,0.022880138723160946
1,0.6411627365619785
0,0.278516646592781
1,0.8602753483175439
0,0.15845305613906133
0,0.4277101283723934
0,0.03487183196816005
1,0.3916522308669978
0,0.21382459170064835
1,0.6306068503465861
0,0.2707403868321781
1,0.27420070119703277
1,0.5836886929011583
0,0.034201032964722926
1,0.2366883137368058
0,0.05250516946164377
0,0.17655276937101083
1,0.32674732445795523
0,0.2198952728878724
0,0.22496880734808772
0,0.184475694727369
1,0.330895486232317
1,0.8858427498671888
0,0.2282105359768584
1,0.7135208544411034
0,0.16896418527652235
1,0.41981179930786877
0,0.14675669193613816
1,0.3883172086017053
0,0.155314835288645
0,0.25466200508122155
1,0.2780352645277412
0,0.5109406907593526
0,0.34556569321345815
0,0.020578217467641498
0,0.25561160816856604
0,0.049795015988739304
0,0.17325757745116638
0,0.5548713745636678
0,0.05981271321100084
1,0.45999897004978263
1,0.8259708260706454
0,0.1953842826622992
0,0.17789951551376465
0,0.11683187463366795
0,0.3656445559886416
0,0.019853374974444282
1,0.16810149223501986
1,0.713373477204153
1,0.4645062606718746
1,0.2264945915948219
1,0.3457154340823635
1,0.4440001758392231
1,0.4740500108553785
1,0.43494370410750977
0,0.05580033730627814
1,0.7112282485668466
1,0.3241863336363713
0,0.46982335646965234
1,0.712930925696265
0,0.2837136166199991
0,0.7413128342768615
1,0.4101485686801241
1,0.6252158731683511
0,0.6904331364052688
1,0.7106721084054485
1,0.9049314405084031
1,0.6518416568767081
0,0.29017262722589127
1,0.598633480672407
0,0.04896003657866887
0,0.24608000881100153
1,0.7041322994707032
0,0.1619076314313824
0,0.6433276643235213
1,0.8830703211555785
1,0.3948542276255159
1,0.5465047243996825
0,0.2104237179511689
0,0.16805698850973358
1,0.71948405417949
1,0.7093452898971896
0,0.2862623166762097
0,0.22988636660665412
0,0.41226879598358984
0,0.45556911513283616
0,0.25458465947633346
1,0.252061659875372
0,0.022185563805612516
1,0.4681144981278368
0,0.21825850363011795
0,0.17693344608545658
0,0.321441104816888
1,0.29173991101386454
1,0.2892521645058497
1,0.32411052029153414
0,0.3523411824241971
0,0.6275790845476463
1,0.8814616758530628
0,0.22046032952471914
0,0.2923914597599206
0,0.2149989326006205
0,0.28638558276732745
1,0.48331264392374373
0,0.4795370108124433
1,0.3892087932506187
0,0.2650323024036894
0,0.16496734949195435
0,0.22005504884671867
0,0.19584696541134738
0,0.027502112255274967
0,0.21892605500798862
0,0.5026452368432753
1,0.7517415489676695
0,0.051832557933427365
0,0.22959904505835543
0,0.36980906479378467
1,0.6958731611382298
0,0.36340992240101805
0,0.1955740240409252
0,0.03949128399531392
0,0.08106536922499254
0,0.1971539029645214
0,0.612012717224115
1,0.417345858148833
0,0.21066942003520142
1,0.6066559146828063
0,0.4331243247314296
0,0.19466077934049306
0,0.17113997071499829
0,0.24892701656153762
0,0.21986477931116094
0,0.13954883111121721
1,0.657711913813311
0,0.2959659110135547
0,0.04137146836714579
0,0.26993434077476186
1,0.4505262352055573
0,0.315856632096517
1,0.3919168309555721
1,0.5396036777989918
0,0.02529476755569401
1,0.39746272917411485
0,0.3171098728469886
0,0.24837727498761628
1,0.32981033956744665
0,0.5520839661484989
0,0.1556132658333691
0,0.036644931026362536
0,0.17375412834212914
0,0.24443251225899737
0,0.03216286173749416
0,0.026273817315279627
1,0.1290503596466365
0,0.17569353894636455
1,0.6911949548039135
0,0.7917630838145512
0,0.32318730456661526
0,0.18240932925635667
1,0.6109993549372255
0,0.25881363278912306
1,0.477975404669456
0,0.3170361065174064
1,0.6322262206687019
1,0.4948409796076028
1,0.7316500463214793
0,0.23066454160262678
1,0.8573333068645809
1,0.8180554924005325
0,0.5033861614118968
0,0.8895103218252548
1,0.5279733144528471
0,0.022185563805612516
0,0.18330235956011698
0,0.026713988098729758
0,0.18583662831502304
0,0.6953199609893114
0,0.18376299865015225
0,0.27417434346660813
0,0.6327080187842495
0,0.14023289471717712
1,0.8938724860170519
0,0.16715781869306767
0,0.06147416155677589
1,0.7323593501390008
1,0.5627415579825741
0,0.034576535045593666
1,0.27669600434590386
1,0.5108041213527504
1,0.3407688147508333
1,0.7777741863722601
0,0.6391177257734931
0,0.17569353894636455
0,0.5036508590329277
0,0.02175510843141694
1,0.3352149109466364
1,0.8315600972347275
0,0.031503922677661216
0,0.19142796842816623
0,0.32703151649297074
0,0.2786382954754553
0,0.2976681699477157
0,0.5103469070875585
1,0.7620778391358511
0,0.022513079205685547
0,0.5176603178655546
1,0.38446313739846755
1,0.6551288149626188
0,0.20894519763320177
1,0.34361859361786184
1,0.4752376603583637
0,0.19148505763097975
0,0.38282055183389213
0,0.20190909676085259
0,0.366925040515723
0,0.2746382150234125
1,0.6566920508860196
0,0.373389765481416
0,0.37379191301641357
1,0.4500362577021053
0,0.2864649972815446
0,0.35141017080223297
0,0.056966004153687806
1,0.40241664957724804
1,0.38418552892337465
0,0.3192369434857856
0,0.026273817315279627
0,0.20615574197448858
0,0.7666494081500136
1,0.9059374803714808
1,0.5561378437177706
1,0.3006943728221647
1,0.7327255828576079
1,0.5875569162142693
0,0.2885022189404172
1,0.2587210427427418
0,0.07621425491461527
0,0.20704767750115535
0,0.02175510843141694
0,0.2653830835122701
0,0.17011690112343128
0,0.1693615613523507
0,0.15776965045190788
0,0.21551252546259084
1,0.5019036949310998
1,0.8702550233348315
0,0.2521027372921295
0,0.21702006355775422
0,0.17532847593292078
1,0.605895827952084
0,0.3564005577561359
0,0.2700300222926747
0,0.026187552046443893
1,0.3893913292566162
0,0.19135814382254013
0,0.03480897050960053
0,0.16626086807869397
1,0.2390651705825356
0,0.17811067022098026
0,0.026454137557630524
0,0.04399598725850846
0,0.038700836395697394
0,0.3723511400838105
1,0.697059285777681
1,0.3967586377108054
1,0.28948327390293743
0,0.18271455131078682
0,0.3489356088241036
0,0.09863025038922439
1,0.4977132830796632
0,0.6639876105527738
0,0.04874368467680884
1,0.6814000534284328
1,0.4656324438188947
0,0.034576535045593666
1,0.7508490957570637
0,0.03543314954538024
0,0.05539001110732976
1,0.7398587328124858
0,0.20951872767493154
0,0.33525776021471776
0,0.2253066090144931
1,0.7010669957595962
0,0.3093228052860413
1,0.6760251145840425
1,0.40031555090339943
1,0.5054537263719395
0,0.2797832393014623
0,0.25922051208060765
0,0.3494543040705368
1,0.6769633690493132
0,0.3044049263163261
1,0.7246087803153527
0,0.2412999838932674
0,0.2110726496813785
0,0.3440657544639534
0,0.6116057301204745
1,0.2655404489492313
0,0.23586257530090185
1,0.30001622011799023
0,0.014718123104810207
1,0.4310215434577557
1,0.4908492379054549
0,0.1698403569880802
0,0.630485575998586
0,0.7418766600512288
0,0.19239655862576613
0,0.03417662854718182
1,0.37921707299347507
0,0.3686033866514216
1,0.8525089683780224
0,0.1642946281193876
0,0.3382378423089336
0,0.19892004079776773
0,0.16110303887586924
0,0.12345324442109404
1,0.6696010309220295
0,0.16631541027293706
0,0.22593344866228468
0,0.7042163189486413
1,0.34535036283425263
0,0.23421414662360254
0,0.2406814391099706
1,0.75838942676323
0,0.08537660966659955
0,0.21841196126301143
0,0.21539016378831308
0,0.34528358990775104
0,0.35649603410121283
0,0.16496734949195435
1,0.6599556395257947
0,0.21382577719510634
0,0.30619783628278996
1,0.646854584758896
1,0.6184575776091013
1,0.6994949614277409
0,0.09561042622813193
0,0.2705353706477908
0,0.17347494953015227
1,0.8489381240197726
0,0.2596827326417091
0,0.6606526037884446
1,0.835664141755827
1,0.3121551452694396
1,0.8196725557153927
0,0.06307131342098414
0,0.6451055568683447
1,0.526880296628472
1,0.8087387251118281
1,0.9070871765149336
0,0.1562756441109779
0,0.0218551666363015
0,0.02081742962381684
0,0.2719255611743461
0,0.022185563805612516
1,0.18838682975746096
0,0.6050963565470151
0,0.3558929857764295
0,0.22801136879413725
0,0.022185563805612516
0,0.12831380063037084
1,0.5070170035770073
1,0.6075409115554545
0,0.5593474348133111
0,0.5209698837340756
0,0.18964658151187092
0,0.07732479099151968
0,0.035741119361168076
0,0.2108395321289817
1,0.7743260488998528
1,0.7742849591653488
0,0.2226790246260185
0,0.022185563805612516
0,0.36956588264752593
0,0.2884200781289823
0,0.2346316880294614
1,0.5858914031665993
0,0.16034602540662204
1,0.49169869882063333
1,0.5810389168760736
0,0.23224328851407885
1,0.4157188940627707
0,0.15933356272499127
0,0.7126131589303091
0,0.20397352433499716
1,0.6934424597944908
0,0.4550211131944554
1,0.05451770908090282
1,0.8273268697340073
0,0.35153958567533894
0,0.8070552806813948
0,0.6235950022976702
1,0.6802659805779063
0,0.2679080350988928
0,0.2356290804958644
0,0.20668123489064616
1,0.7557053163204185
1,0.2144497005913193
1,0.44568767862106506
0,0.4489081134660052
1,0.404153315870317
1,0.33072170352464886
0,0.2838860064678769
0,0.32763350795849877
0,0.19287764919279402
0,0.06819916367577059
1,0.8986966202796149
0,0.17727020432124857
0,0.4417301510890706
0,0.037138151430316346
1,0.4806803404468503
0,0.34570448122739056
0,0.3043641545234955
0,0.2358042288619862
1,0.7708321587962111
1,0.49563944969156637
1,0.2220613570155291
0,0.014718123104810207
1,0.7922544830778673
0,0.19126347488471723
1,0.24193778798152396
0,0.02587995511868056
0,0.6810888213176616
0,0.4668263630892544
1,0.1562756441109779
0,0.24821319275137427
1,0.8489381240197726
1,0.4462438326691216
1,0.7179521190639886
0,0.26215333148941095
0,0.014718123104810207
0,0.04371984180663471
0,0.03728897890902764
0,0.2011517664209231
0,0.12595717246480542
0,0.9007864555602618
1,0.2738769713101607
1,0.6604407720068372
0,0.7030924939159855
0,0.4795079536311033
0,0.2114556929545474
0,0.023799958860729224
0,0.4664084757563594
1,0.685279252778927
0,0.5640722177458121
1,0.4490049157809091
0,0.331250221330572
0,0.16331889071364186
1,0.28341894783984395
1,0.6985869913257381
0,0.022185563805612516
0,0.5594286835455521
0,0.6538615435340659
1,0.3400055389821167
1,0.40686284714390836
0,0.21553699424726278
0,0.47848347723276047
0,0.21449041644393688
0,0.6916711378810196
0,0.24858139538913823
0,0.18378273034406423
1,0.7934642968959614
1,0.5384125731738681
1,0.8673067745515962
1,0.4916313408411056
0,0.272220892848977
1,0.7178242757732933
1,0.5258499253169892
1,0.4630838509692612
0,0.28850228544538986
0,0.22816146660616965
0,0.11410499283183988
1,0.562909381340577
1,0.6620046830058295
0,0.6233572423061257
0,0.06493166934914946
1,0.8272034548502581
0,0.2503195306671894
0,0.6368618606770297
0,0.34704008102390577
1,0.5603102629977892
0,0.1918913031147257
0,0.45864574967335964
0,0.16237485714366495
0,0.03487183196816005
1,0.21860938279553152
0,0.20489772939027381
0,0.29994170199946907
0,0.22377597857432294
1,0.5438670120543383
0,0.045003931474719094
0,0.41716098531274665
1,0.7379002016808182
1,0.39408010763474755
1,0.7215369750997367
1,0.7933811464541995
1,0.45483357347477454
0,0.1262570346415246
0,0.21512259448503332
0,0.36991773733773803
0,0.2729750500764456
0,0.20899441508791505
0,0.19236823522844723
1,0.5311083945987083
0,0.3114999757239316
0,0.29849971847617063
0,0.01970517097612895
1,0.44046944419902356
0,0.2997625549415226
1,0.2095037578252943
0,0.2772144275159529
1,0.6019338491938051
0,0.7639437268404814
1,0.3114779756756056
0,0.3170736749796071
0,0.02175510843141694
1,0.6890251620082514
0,0.3229893460149258
1,0.38585789803510745
0,0.31893911770033856
1,0.5099260459884394
0,0.6836795591465085
0,0.026763060953314863
0,0.022185563805612516
1,0.49718747494235155
0,0.3547965430934589
0,0.05060946647915011
1,0.2921320381506812
0,0.47485250075655216
0,0.535749975614812
0,0.3322811271619366
0,0.05921025799749027
1,0.8559188186516697
0,0.5024131071050594
0,0.4898285290469529
0,0.20713585450566677
1,0.4468252264350608
1,0.82888099768234
1,0.5886673080769736
0,0.027508356017858428
0,0.3549244032305527
0,0.24783123374526303
0,0.24824046971288957
0,0.05376951989081197
1,0.8374719666150122
1,0.32451598722368763
0,0.15744874901226447
1,0.2679080350988928
1,0.7865671507785812
0,0.36710529160842303
1,0.37141787293293826
1,0.24202318891363991
0,0.2040931278018151
0,0.3648519469654962
1,0.3507319323498608
0,0.19956843440132535
0,0.03088879784066695
0,0.1351577782045591
0,0.43989054668231353
0,0.30603676325845264
1,0.5667368976293115
1,0.614845848517592
0,0.022185563805612516
1,0.8708848247470568
0,0.42089377766010844
0,0.4968259312270966
0,0.4406877489205925
1,0.7460720319039048
0,0.4973935365373411
0,0.2772656661744813
0,0.25981758402453015
1,0.2520430538478019
0,0.45419452629566004
0,0.22886579589384914
1,0.7278980329921798
1,0.6509216067026319
1,0.19355990495953707
1,0.29352480852619467
0,0.022185563805612516
1,0.3510376087860824
1,0.8971800428832186
1,0.847510757070234
0,0.3435601592072623
0,0.29842466160286435
0,0.33158452407499556
1,0.3819260007312724
1,0.5943567858555722
0,0.060763702434061866
1,0.39377285882162566
1,0.6827421899602004
1,0.20347131672414234
1,0.49518900598501
0,0.2180673497302539
0,0.32891549595487407
0,0.023799958860729224
0,0.2405642247778446
0,0.17491636132170646
0,0.022185563805612516
0,0.4873929089464377
0,0.393312542262864
0,0.15229603839909206
1,0.6419224219614426
1,0.8738214009482107
0,0.014718123104810207
1,0.9206377687343293
1,0.6541313520571804
0,0.02175510843141694
0,0.0401881687531041
1,0.6896779530044577
0,0.3462490213447104
0,0.19590935489467493
0,0.19711594973890154
0,0.20241001415895465
1,0.3662828176323239
0,0.02175510843141694
1,0.9035542740742473
0,0.02491162060345201
0,0.2306087380011163
0,0.05981271321100084
0,0.204175012224028
1,0.7456967498409426
0,0.6440277297733072
0,0.18338056141376385
0,0.06052503870218086
1,0.23785256295794002
1,0.3490808104154732
0,0.023855617402974948
0,0.16628215334920382
0,0.022185563805612516
0,0.2883076821706185
0,0.022185563805612516
0,0.3162066908873298
0,0.14157817798453481
0,0.05934073544124196
0,0.39429068424925795
0,0.38143496703839197
0,0.2730988724333482
0,0.1978689256045604
0,0.26908126189696124
1,0.6803965193417116
0,0.6951478783289988
0,0.014718123104810207
0,0.304675410974995
0,0.731207150079767
1,0.8066758237122322
0,0.18229512302162937
0,0.12434255539296526
0,0.23062869224333443
1,0.30534353850730395
0,0.6024676552370977
1,0.5804616255794739
1,0.8976106431522901
1,0.2229259545190317
0,0.3044271833734848
0,0.1450515221009259
1,0.8854323002770014
1,0.6531601666029485
0,0.27012159399006186
0,0.28014939162463504
0,0.43506436759688616
1,0.39265550953045125
1,0.5317463545831888
1,0.6731236818910181
1,0.20730097239061337
0,0.3265720479640362
0,0.02402222092898673
0,0.16496734949195435
1,0.8663588946856724
1,0.4972123668181798
0,0.35393567968263073
0,0.014718123104810207
0,0.05234515675156417
0,0.18800235929412967
0,0.3284006123800134
0,0.22198125436476432
1,0.2773268355566899
1,0.8362876624604761
0,0.4747814354174567
0,0.2884591369095031
0,0.17896421005235605
1,0.8240283457341606
1,0.6832814890705877
0,0.24295682153889916
0,0.5431439362386242
0,0.41405452716752145
0,0.14533994230447067
0,0.31342181045417367
0,0.048943547705942475
1,0.7307080410689896
0,0.1981232454352356
0,0.6805670202639599
0,0.6081012246682096
1,0.337495812002895
0,0.0786046165206058
0,0.34092285742012995
0,0.05073388136783455
1,0.7030987323845589
0,0.3210776708728116
0,0.16713013334824123
0,0.026010337054547077
0,0.25139253126222233
0,0.022185563805612516
0,0.22047590426124133
1,0.3651072537327751
1,0.4939688838722524
0,0.028913490806518095
0,0.22677259327465166
1,0.32033502743008585
1,0.7869760208694394
0,0.35679319381213825
0,0.3880194125839736
0,0.20426645092887785
1,0.18789502797462698
0,0.306810993726243
1,0.6455836342624652
1,0.5581887387002068
1,0.8170059282146093
0,0.24277676234836815
0,0.1917765188139692
1,0.7002098464775959
0,0.16289590870903545
0,0.12831380063037084
0,0.18106070930208362
1,0.43136171301629783
0,0.022185563805612516
0,0.48134004697253135
1,0.837803673591906
0,0.022185563805612516
1,0.17569353894636455
0,0.6193978114899217
0,0.30585861128617026
0,0.47993293683917926
0,0.5621492016203395
1,0.5605349562702572
0,0.30113835362021774
1,0.02261277521852926
1,0.5335044147690322
0,0.369398147564512
1,0.6426889163109105
1,0.297978367584512
0,0.08656260549597837
0,0.022185563805612516
1,0.6736035732052887
1,0.4057807243899411
0,0.41276914775342477
0,0.29724927854458966
0,0.0449921097958492
1,0.825908643471092
0,0.5174092279073083
0,0.20770214400007123
0,0.3023949256800211
0,0.16819263808089166
0,0.2170305687171569
0,0.07287261800141243
0,0.3655550367844236
1,0.5872422251977562
0,0.23828488586953697
1,0.268522818187516
1,0.47048354576444584
1,0.28259497313793225
0,0.2197318563445468
0,0.022185563805612516
1,0.7977100492480723
0,0.40468916897114726
0,0.236932475739658
0,0.0352768571768152
0,0.6317750375580226
0,0.5588498728186421
0,0.3262663821668019
0,0.595798687430049
0,0.043992920784848843
0,0.05002342502287489
1,0.9124247254546617
0,0.13832011706637598
1,0.30683684389795945
0,0.23587985642608295
0,0.23240441822811958
0,0.35521078794993255
0,0.11741123428202453
0,0.028051712101458834
1,0.7503508084645304
1,0.1862423353067396
0,0.18918018401880463
0,0.3773018487083912
1,0.25142578772097524
0,0.02175510843141694
0,0.2602733594010708
0,0.6610935498687873
1,0.6644478231877419
1,0.9041464970301472
1,0.28109252733609746
0,0.3277034476373318
1,0.36749034949293663
0,0.515051616362026
0,0.3463555397565417
0,0.2843532862152976
0,0.41137003205679756
0,0.014718123104810207
0,0.014718123104810207
1,0.48188859965676767
1,0.1983348064072952
1,0.23506420709476517
1,0.7024823278080764
0,0.4645062606718746
0,0.18365630669474825
1,0.5790686979031473
0,0.10696626785446577
0,0.1638765990556542
0,0.36425410169065175
1,0.4207129776631059
1,0.6156886310897197
0,0.033909521634961415
1,0.3825136668344078
0,0.256231467571558
0,0.022185563805612516
0,0.0265664837604391
0,0.1921118118669681
0,0.23223565266771595
0,0.10346917432234322
1,0.22438714229124535
1,0.24418992983285312
0,0.145655461905477
1,0.457999762736568
0,0.04081286578045405
0,0.1945206501117563
0,0.2939220446837871
0,0.02175510843141694
0,0.6116057301204745
0,0.3404276202593539
1,0.8653325295363332
1,0.42076066105639454
1,0.4132720795159221
0,0.4290171181603906
1,0.6753730133067879
1,0.4044325673146525
1,0.858998273308389
0,0.2736568314588019
1,0.5067864444552412
0,0.016647151970769616
1,0.4738286114881938
1,0.8200250878494824
0,0.29617662957834634
0,0.23043522586462784
1,0.759062281165706
0,0.18166681153242384
1,0.7863959900472021
0,0.3028338996757122
1,0.5207820708456203
1,0.6052477376668626
1,0.3413742019806926
0,0.3077874841891719
0,0.04615987051447882
0,0.05376951989081197
0,0.035741119361168076
0,0.1748326361306894
1,0.4291122204385555
0,0.22293953165757383
1,0.7904100313832186
1,0.680967364727962
0,0.32563814402096025
1,0.7216904703485466
1,0.5785075320276357
0,0.26021133161185556
1,0.47420356729469854
0,0.29227118520748924
1,0.7254832635359248
0,0.24714415350472219
1,0.27315006179396417
1,0.5487422387240236
1,0.4557878187962549
0,0.29782286805471664
1,0.7524707853104496
1,0.4970869326983917
0,0.030387765217994567
0,0.25429987410099825
1,0.5500613891918753
1,0.8735217100444673
1,0.6175696629689048
1,0.575027204980401
0,0.2205840324345449
0,0.21671394637210317
1,0.3015946585294012
0,0.21021479891407419
0,0.5261486606952008
0,0.1152387875922312
0,0.014718123104810207
0,0.2002373910710398
0,0.6261947007929913
1,0.17407340908851143
0,0.2635064507540846
0,0.7934855028549839
1,0.8206698689793455
1,0.490578732693296
0,0.36438279858330147
1,0.6564124764284549
1,0.9041464970301472
1,0.45975297877266386
1,0.6657232388137847
1,0.7294931860084879
0,0.19583802078067056
1,0.530735496132885
0,0.2505619673524995
1,0.5792878094615612
1,0.375024442500635
0,0.2023011114784283
0,0.23009981351722011
0,0.2852461631481931
1,0.46316196424140416
1,0.8854323002770014
0,0.47618926086636354
0,0.22519930619215756
0,0.3480128235577277
0,0.305000933374244
1,0.8349025707600659
1,0.4577297252222857
1,0.6482781441258227
0,0.10556852461567495
0,0.24022877048374683
0,0.15886104599053094
0,0.31893911770033856
0,0.3394999230074871
1,0.42262803949966093
0,0.10459175228219446
0,0.18960678435342146
0,0.2474738606060978
0,0.2064211074601039
0,0.22655567915344296
0,0.272070986941051
0,0.020713505658107763
0,0.34093367815239684
1,0.761326704369864
0,0.18971326712196682
0,0.2317733518089186
1,0.3278561071927949
0,0.8666603374625511
0,0.058102680994433505
0,0.02175510843141694
1,0.17817689055475627
1,0.8495819371817565
0,0.06144922102278569
0,0.014718123104810207
0,0.014718123104810207
0,0.023226187966287858
0,0.3221869036078044
0,0.19551541079071902
1,0.841579000266223
0,0.34685906067841604
0,0.30586948773498485
0,0.34491107704393353
0,0.2426349284556141
1,0.46738736803368935
1,0.3306598598557405
1,0.7752387873880244
1,0.27417434346660813
0,0.08213242012208245
1,0.1600290131257785
0,0.28491545366182375
1,0.3344989197483463
0,0.19288862095673778
0,0.30691271152825567
1,0.8230348142254719
1,0.6981319973796596
0,0.1978689256045604
0,0.51322350148473
0,0.714769883839669
1,0.7602887432612565
1,0.6622820182170146
1,0.3991805716778859
0,0.3061636550490491
0,0.37568397568226436
0,0.32667124614539467
1,0.816404177340447
0,0.24542769913861667
0,0.3419087905627004
0,0.6208635562163233
0,0.24163095061534418
1,0.7886112190136321
0,0.20149566008717668
0,0.014718123104810207
0,0.026273817315279627
1,0.8032682614951503
0,0.4019277506165342
0,0.24878879616341215
1,0.6961960048478836
1,0.3025080454733522
0,0.03792439373354275
0,0.2305719433894583
0,0.014718123104810207
1,0.5280518383393288
0,0.44527802171051983
1,0.6680680691019812
1,0.5027498758511036
0,0.28991404597510945
0,0.17345468970633565
0,0.39455934341370225
0,0.060503994614505896
1,0.6971468875198226
1,0.5996285230833387
0,0.37543872125344124
0,0.3795436720779736
0,0.4554624998198118
0,0.42550617218840137
1,0.6524779424386065
0,0.03942790293385025
0,0.25259642975082164
0,0.16143174561287632
0,0.43782310947581127
0,0.2757775268573723
1,0.647452282510855
0,0.3475307466609768
0,0.3339448016715398
1,0.3428361650858034
0,0.03332336918242433
1,0.8489381240197726
0,0.04529522097789809
1,0.6080653105253833
0,0.21755024799052883
1,0.02389418501699388
0,0.26939108474313483
1,0.5063759617875626
1,0.6995771662410244
0,0.029992427385010553
1,0.7251376457772326
1,0.9041464970301472
1,0.3120993392613574
0,0.3800174734011134
0,0.17478051299871478
1,0.7079366976721114
0,0.285111445015265
1,0.281021660786261
0,0.242552631435034
0,0.11969956224600249
0,0.02175510843141694
0,0.08186353358289325
0,0.4383848387902444
0,0.2271121128562294
1,0.8568377816297339
0,0.6656345802201176
0,0.46965408111821233
1,0.3603744171664606
0,0.11935784327488988
1,0.7294875244723174
0,0.02825767685734571
0,0.4215928944440186
0,0.2675896962986206
0,0.19459872413788232
0,0.2406823172264156
0,0.3100698647717656
1,0.19182172061471078
0,0.23195735174201612
0,0.2565134979702984
1,0.7327255828576079
0,0.3118979849668556
1,0.33639383380652493
0,0.2433919054953071
0,0.24886386513959788
0,0.66667729639644
0,0.02175510843141694
0,0.3771865565452663
0,0.18050880112937964
1,0.7196812780705217
1,0.7747554527347021
1,0.30004917474022474
0,0.2392313870768058
0,0.1847134636264591
1,0.6049375963308955
0,0.0487169131834551
0,0.03800046502098029
0,0.20363872820379594
0,0.2168974336810203
1,0.3427662377958583
0,0.4860192911163605
0,0.30332393076866176
0,0.3291979071928104
0,0.20170263637378216
0,0.3647387195369216
0,0.5231360998635441
0,0.19918540197075685
0,0.6113003168277673
0,0.2980293590889143
0,0.48990630492253456
1,0.830227494724926
1,0.3435762207431066
1,0.25279066195252586
1,0.8115371120885236
1,0.28699785536199224
0,0.38220063713500824
0,0.36559534361472273
1,0.761326704369864
0,0.3232163675825443
0,0.2263288414259561
1,0.4057927600458592
0,0.3034391982826424
1,0.3992350731009128
0,0.307623008038358
1,0.7221638645585625
0,0.34118858691437354
0,0.1763046263377039
0,0.5564712795872504
1,0.38987719041348384
1,0.2618750521472145
1,0.8545173062080229
0,0.16894867318204218
0,0.1847134636264591
0,0.08722729889190645
0,0.34515109285236484
0,0.6554547521412868
0,0.2470932037073762
0,0.032649714054379136
0,0.3166558800850741
0,0.17504388375600224
0,0.23174198204847862
0,0.09694525941269803
0,0.17305654088965403
0,0.30603676325845264
1,0.8847326501020888
0,0.34755993547976294
0,0.5065240027725783
0,0.17034422489366843
0,0.0382595850303797
0,0.19442531387482753
0,0.2988943474842398
1,0.479776843841178
0,0.27476930194724736
0,0.3412895952366579
0,0.03218159866181427
0,0.7250748984989898
1,0.24231542659671987
1,0.5061942738399169
1,0.614675120955012
0,0.3027755763703953
0,0.27441581062289555
1,0.6451822609813166
1,0.48384027976552524
1,0.6185736280098875
0,0.5446001682217467
0,0.42292045784170657
1,0.23884547694571717
0,0.32138547264088674
0,0.2887343551862222
0,0.4166842060281008
0,0.35312448803021523
0,0.5851614670093724
1,0.5448002673181412
0,0.39735952393910984
0,0.2674611608270441
0,0.5896049691549435
1,0.29848140641714405
0,0.5593858862128283
0,0.6680315885220287
1,0.34697140679159927
0,0.03484574889080373
1,0.5055068742280805
0,0.577285789107959
0,0.4085147958278473
0,0.35923088104056017
0,0.02815853633859776
1,0.6460591368747383
0,0.21844361820674152
0,0.2097697854285846
0,0.2011517664209231
0,0.03826390848989834
0,0.14304130715720717
0,0.022185563805612516
1,0.5596663234505344
0,0.23517051593123095
0,0.2513612088906021
1,0.2927932982354249
0,0.33963309328730135
0,0.36792094070016307
1,0.20982856091518112
0,0.6836795591465085
1,0.34252595300692124
0,0.27808434106887187
1,0.6047335318329918
0,0.34665410914546846
1,0.4147467763597598
0,0.20187617443470313
1,0.3662989098826913
1,0.4424642503582042
0,0.2595989147429339
0,0.014718123104810207
0,0.19458504273233707
0,0.16496734949195435
1,0.681666991148077
0,0.8709293778385002
1,0.45876853118850286
0,0.06688037363985352
0,0.029748647395245437
0,0.28089823409075576
0,0.2413798591123173
1,0.6096386218050589
0,0.2901832038587308
1,0.594515042430244
0,0.21057475312674953
1,0.28379558242031255
0,0.3769183612807822
0,0.2115794831438771
1,0.3285796080827264
0,0.18730892664494392
1,0.7833388155341443
0,0.08017774812464691
0,0.2071796694370437
1,0.23513628571936104
0,0.6727535669630763
1,0.7391000347475541
0,0.02175510843141694
1,0.6141800279985017
1,0.7310363153867162
0,0.1638765990556542
0,0.10491523484299921
0,0.21584491626779692
1,0.30030910010118117
1,0.7073721272945906
1,0.25698741807139514
0,0.5405136818636919
0,0.24574263260928395
0,0.4760818148163125
1,0.23617485827270773
0,0.3000579845953183
1,0.3603527454416025
0,0.2183070484893679
0,0.5751787840548362
1,0.7360747427160189
0,0.25456453722602546
1,0.6296400840013414
0,0.18378273034406423
0,0.17243493416227165
1,0.4273416964490997
0,0.10122767511542446
0,0.24123932320740962
1,0.2859830241971278
0,0.06708505753368944
0,0.3097343821761729
0,0.020019203392716768
1,0.4690080356011735
0,0.02755621972504499
1,0.5761244003702399
0,0.7756981007070577
0,0.38880357259871356
1,0.7248737905105861
1,0.41075378860329465
0,0.20986314649056048
1,0.34252595300692124
1,0.2837474347727897
1,0.3140903215751215
0,0.5687761461472186
0,0.20934745838524882
0,0.3505098123660165
0,0.22794915006465916
0,0.4267498518215424
0,0.022185563805612516
0,0.025993725851637266
1,0.769847440030193
1,0.4282517624881245
0,0.37103079803851297
0,0.4527375580767092
0,0.4856949636618351
1,0.5003547863906327
1,0.7113580705030182
0,0.6450427991213815
1,0.6226616598313789
0,0.18651041862730863
1,0.8701070182154974
0,0.1926523718371039
0,0.15581196678775572
1,0.036152328971064754
0,0.02861541366790565
0,0.10674454802097094
1,0.6453844291130589
1,0.2492824626090533
0,0.2152615224018428
0,0.28986818843762874
1,0.6243872928789673
0,0.09043719174480531
0,0.27245835094899257
0,0.21078139410403282
0,0.2166913633546272
0,0.17792187398823117
0,0.21279445583720466
0,0.02175510843141694
1,0.8489381240197726
0,0.3214061012807447
0,0.20392606544932476
0,0.12601047017947203
0,0.04568679519422619
1,0.3064124913392184
0,0.22667098592605975
0,0.3565375678218054
0,0.15150106976731612
1,0.32451847470811734
0,0.03069894634855913
0,0.33580618247882527
1,0.865885313844136
1,0.6501694042451239
0,0.2618886642011322
0,0.21670321950166252
0,0.7042914716150265
1,0.6976501158017034
1,0.31329703448934226
0,0.4426346966849346
0,0.2420821813502566
1,0.6827052198529318
0,0.06304540705134788
0,0.2530205112499929
0,0.41423500426655324
0,0.29565302956981027
0,0.1866482845258059
1,0.743615874953034
1,0.6994226804149808
0,0.2578069085020955
0,0.0181942106161802
0,0.15419440510672192
0,0.022185563805612516
0,0.2522099753366862
0,0.7250293794821672
0,0.034576535045593666
1,0.3434443787224757
0,0.1757197282444858
1,0.7438482062734334
0,0.1557048223902317
0,0.6753604410873818
1,0.650718207154828
1,0.6233572423061257
0,0.3058419244193873
0,0.39261422719959616
0,0.8831508972690523
1,0.18565032468153916
0,0.15226558134287385
1,0.3509600361375342
0,0.014718123104810207
0,0.16496734949195435
1,0.7801469956685064
0,0.18128513413581943
1,0.5478890059095243
0,0.09835943540849011
0,0.2117008042075834
1,0.49368385703548817
0,0.09437048337178548
1,0.4806803404468503
0,0.17887097828336726
1,0.8489381240197726
0,0.02175510843141694
1,0.31908471333055416
0,0.31177902804916097
0,0.5860746023561004
1,0.4624169654328928
0,0.08639429785818738
0,0.09027579919591237
0,0.3686464161455761
1,0.8352674750886342
0,0.022185563805612516
1,0.623900530740278
0,0.1376788134662862
0,0.02815853633859776
0,0.4795618741283476
0,0.19818223355824902
1,0.49823116498903347
1,0.3730905985471467
0,0.3435968461323878
0,0.05782157953256262
1,0.6936991794806242
1,0.5337202129825803
0,0.020755620346272804
0,0.21380374765998417
0,0.6013926759063799
0,0.031139105935153285
1,0.4121316098599975
0,0.08722729889190645
0,0.4259406378978907
0,0.16476233145390193
0,0.2465296246046735
0,0.3580867034257015
1,0.3796181575673862
0,0.30480045551233514
0,0.25640820675783155
0,0.2302946236496096
0,0.20592019507589165
0,0.11184201124169864
0,0.10910496073572287
0,0.206616712949267
1,0.8016535888339309
1,0.5503458194961306
0,0.4849274237987362
0,0.3235464311951095
1,0.6829189154212045
0,0.36563937689639114
0,0.3430953812111544
0,0.6207391576202855
0,0.014718123104810207
0,0.1914914638475503
0,0.4320940278999139
1,0.7408515933661814
0,0.029303738415391065
0,0.24226630606116525
0,0.47540163898485804
0,0.17569353894636455
0,0.022185563805612516
1,0.6526112547604611
0,0.34284114690711326
0,0.38017762814600775
1,0.7464196371015315
1,0.5398822070197706
1,0.41163316671865424
1,0.5752972240600812
1,0.8489381240197726
1,0.5501041268373027
1,0.7674312254830359
0,0.39344506830773696
0,0.1914914638475503
0,0.22511230135805593
0,0.6679386859046822
0,0.031065312908924107
1,0.7974700954689532
0,0.04273283960777177
1,0.30810491762782677
0,0.016647151970769616
0,0.14298557278442614
1,0.5678904543827908
0,0.2215807741055761
0,0.21379423697534541
0,0.28763699556352373
1,0.34091964392406043
0,0.23618408809263364
0,0.0293778374807182
0,0.19293392860787073
0,0.7001362374224459
0,0.05558003906027673
0,0.2413798591123173
0,0.8832015771545231
1,0.39770032910006603
0,0.22782028199311197
0,0.08242006613680739
0,0.2136403919044504
1,0.3817500444422275
0,0.033358273738693975
0,0.37773456870711025
0,0.4017018061984914
0,0.2706179477660399
0,0.5480788020579062
1,0.7479013262460965
0,0.3171680824419069
0,0.24838301872476792
0,0.3068863092222463
0,0.19596896065990585
0,0.3840660500420831
1,0.5222542113968411
0,0.19958995320727838
1,0.22707982063886364
0,0.33598552423391376
0,0.3677252446947793
1,0.6661028646650696
0,0.21036751934870643
0,0.04962584846692166
1,0.32671498933197834
0,0.021999145314652194
0,0.3158828547170766
0,0.014718123104810207
0,0.022185563805612516
0,0.19442531387482753
1,0.9065922809200292
0,0.03420096128659029
1,0.39218560755555404
0,0.031449030224322376
0,0.06463295563541314
1,0.7782891995658737
1,0.638499938354284
1,0.6451909198358108
0,0.2023105013352215
0,0.2781486757754324
0,0.19956843440132535
0,0.1583958083856541
1,0.3461686861442534
0,0.5786862968058691
1,0.5983504449355652
0,0.3214066141754149
1,0.5240351340281885
0,0.03487183196816005
0,0.28638558276732745
0,0.3410057352456067
0,0.02298000263167932
0,0.2761190161766148
1,0.5217614717216222
0,0.4463936474982581
0,0.7517415489676695
1,0.6400413498940912
0,0.22438714229124535
1,0.23477026587018565
1,0.25291033631925053
0,0.1827755151596351
1,0.48945453217779167
0,0.6150681523640248
0,0.02175510843141694
1,0.579731721430337
1,0.35348389299557276
0,0.11088002336505172
0,0.362569910099118
1,0.43800645277947103
1,0.533887619364341
0,0.5356688039886587
1,0.6567943752697482
0,0.1717248934654889
1,0.6086409048060862
0,0.6992902306785876
0,0.26330148009710347
1,0.6994226804149808
0,0.022185563805612516
1,0.7059415063705607
1,0.6700491822223446
0,0.3748720232634067
1,0.39920296367790253
1,0.6101344574875791
1,0.5488570875130883
0,0.16972600883298083
1,0.35572758805390586
0,0.014718123104810207
1,0.395202658584321
0,0.10675223991312126
1,0.5953328352075069
0,0.014718123104810207
1,0.28517905916963565
0,0.43659344123495714
1,0.5663889113747477
0,0.24984550748940443
0,0.2964183552878223
0,0.4286195415567097
0,0.6348452843117489
0,0.6707235004434446
0,0.22474454729230073
1,0.668187177946056
1,0.766631495677502
0,0.3554480949195238
1,0.8639534001304023
0,0.1613063661823252
0,0.16226498375190027
0,0.019691644538258078
0,0.45122965193477965
0,0.036086934480156575
1,0.6398372463011952
0,0.11508945748467098
1,0.17569353894636455
0,0.27678946444282015
0,0.02175510843141694
0,0.02460320777097929
1,0.24618101008982518
1,0.6934873487556427
0,0.17068986537777858
1,0.2943516900837834
0,0.09971002358201925
0,0.19254255862132652
1,0.3733102505596302
0,0.028703745222947264
0,0.2097196162911186
0,0.08235047804025492
1,0.47864008346475595
0,0.34132490251105024
0,0.21336944832241805
1,0.39020820656047583
1,0.8186016351557898
0,0.5010980742913886
1,0.826715501939033
1,0.7308828157365375
0,0.09138962441715887
1,0.5198693392935525
1,0.3032743841980518
0,0.031080352310631127
1,0.6918236488134695
1,0.49272470476806185
0,0.26074119628181985
1,0.29850616379019124
0,0.042445058750319474
0,0.3171680824419069
0,0.4569266651058471
0,0.33916112857103303
0,0.03828805871704815
1,0.28483422805850284
1,0.4285938491777537
0,0.4629250825399477
0,0.3571030028456304
1,0.5411775071036186
1,0.617693573065598
0,0.20117412085881495
1,0.5819827603324433
0,0.3670149112469852
1,0.6664765200686317
0,0.21440496549255164
0,0.37312466329664706
0,0.09137356594071609
0,0.014718123104810207
0,0.3400976265706355
0,0.4568197209929529
0,0.21502119844819945
0,0.16642951751913201
0,0.31037145555775747
1,0.19514640402434533
0,0.5714269572018674
0,0.11529079382612484
1,0.39509745169746663
0,0.1861562405480906
1,0.7380706317710717
0,0.044831297958882396
0,0.33983559069531877
1,0.32181588125975463
0,0.2828417764521573
0,0.014718123104810207
0,0.03653455509571898
1,0.7423758734078242
1,0.8527424831651113
0,0.3384668638656438
1,0.6381680466007582
0,0.8043423223146966
0,0.3128549970929384
0,0.014718123104810207
1,0.818979756040858
1,0.23279325418524785
0,0.03327054709602334
0,0.2283531485018149
1,0.633452700353208
0,0.26464565915036914
0,0.10639785285492227
0,0.419397727167104
0,0.3489879264730674
1,0.738912278343178
0,0.018576783439815843
1,0.5285126595547055
1,0.5289446621390871
1,0.379751155427517
0,0.03204735944716227
0,0.09589061271794383
0,0.18785323216121258
0,0.014718123104810207
1,0.3804822476161282
1,0.576302260844969
1,0.7332993236205692
1,0.6646531464961921
1,0.421371623173906
0,0.17569353894636455
0,0.23832680015523813
0,0.18034072333201503
1,0.7250909991713756
0,0.2124120538071209
0,0.5083632403845371
1,0.46368159198692394
0,0.23279325418524785
1,0.13399800166884301
0,0.16828372158637334
1,0.5796769803439533
0,0.17569353894636455
1,0.7225646234828741
1,0.7631246875020947
0,0.21641589197815497
1,0.8092858167965055
1,0.2343699926453756
1,0.7237075318494262
1,0.647435087040447
0,0.35363585683720394
1,0.2738172292199977
1,0.371914834924009
0,0.20046019918171687
0,0.29795956671624463
0,0.20145093023490832
0,0.2218249793796288
0,0.21828635376271135
0,0.022185563805612516
0,0.24034080240342456
1,0.3036370931738168
1,0.8448418250063753
0,0.022859631151270175
0,0.1681233719380881
1,0.3571241315064528
0,0.22422414506839025
0,0.30662852525592055
0,0.17966059836372575
1,0.7668655844893079
1,0.8170577768668267
1,0.7987867399994003
1,0.3253499393939043
0,0.6818514401698657
0,0.3321383015346218
0,0.2052713552751569
0,0.3126501467558862
0,0.2675287830592519
1,0.7412098115221372
1,0.5908850314713329
1,0.3533202281745593
0,0.34132197826854305
0,0.18049047227667045
0,0.03724985565665564
1,0.4907306813389374
1,0.8280378326601535
0,0.1687392299352631
1,0.675843166870228
0,0.17569353894636455
1,0.847510757070234
0,0.34387087675070677
1,0.5542684022421948
0,0.35679319381213825
1,0.6092798263022714
0,0.48700149472977355
0,0.06404374722375
0,0.19579377879794613
1,0.3603182172838262
1,0.5216637129217179
0,0.6629178333169229
0,0.4465953201804564
0,0.1591497512849652
0,0.10636431605871334
0,0.20389859248587064
0,0.1890483097287948
0,0.23152418102809677
0,0.2945736329386476
0,0.20690368920469282
1,0.5490137976950816
0,0.034576535045593666
0,0.38343170546811
0,0.16507841525798328
1,0.5097175375265854
0,0.2225378965671474
1,0.23102700277769067
0,0.029693222865408923
0,0.5976672315703728
0,0.4182861740657724
0,0.1543603702343734
1,0.4708584729647076
1,0.8164938542272262
1,0.34703958738452634
0,0.03905352683982688
0,0.16700286109383042
0,0.7004882140912125
0,0.24626730057846868
0,0.23856526001769832
0,0.025281593959519618
1,0.6712209399229647
0,0.22575664495054715
0,0.2973391198022646
1,0.7460466357162264
0,0.23944405069096486
1,0.2354455281160838
1,0.5999927165000702
0,0.31617052458978273
0,0.22382895396769628
0,0.41366079331314204
0,0.27397297118070774
1,0.2730842298633686
1,0.2609615446530627
0,0.06618286457889423
0,0.42485489115262337
1,0.35200480751790986
1,0.6615723600983471
1,0.3440148859974131
0,0.27224488757861537
0,0.22789729233446934
0,0.18692884056059864
1,0.4747277505733865
0,0.196908871308028
0,0.25366333131211866
1,0.515424053322231
1,0.5820271029220685
0,0.795384820178509
1,0.5872151106604111
0,0.4048674875057002
0,0.29598545810491445
0,0.31778254507163334
0,0.35724537347389523
0,0.10030259897720056
1,0.5510083658835647
1,0.30829083118029554
0,0.19878002840735035
0,0.4868715242451124
1,0.8948208763169057
1,0.8044945359501275
1,0.7563268379085119
1,0.37426404654709805
0,0.3100308080067848
1,0.729365318784392
0,0.16137739121387018
0,0.2301871758161026
1,0.8060266034724896
1,0.014718123104810207
0,0.1783321914958054
0,0.2274218963335087
1,0.6209178423878039
0,0.07051248927303526
0,0.29232538471749475
0,0.20236766869659048
1,0.8485443471947188
0,0.022185563805612516
1,0.6561285570352781
0,0.5320488489951669
1,0.17569353894636455
1,0.44679603938081053
1,0.13028506676747534
0,0.40476783283444656
1,0.05776730357222626
0,0.15575769283017946
0,0.3288739400730893
0,0.38119317409950915
0,0.19948626956266322
0,0.0255683761781453
1,0.9106784410759705
0,0.04679972165854867
0,0.35322875437798973
0,0.022185563805612516
1,0.45690453167330874
1,0.5116209945930783
1,0.7014562320168606
0,0.0842470128023114
0,0.1102906370227643
0,0.256813261217964
0,0.2141989622992819
0,0.2579336625760563
0,0.5650840463271756
0,0.2781540280576629
0,0.25534959511973865
1,0.8741604328572607
0,0.1638762551743831
1,0.27566304471194103
0,0.22438714229124535
0,0.04294003522263008
0,0.03115383048476509
0,0.2010607657405398
0,0.048822544248470344
0,0.014718123104810207
1,0.5786905888301789
0,0.302778764319903
0,0.13223334702808315
0,0.6178109314109709
0,0.3168837087044357
0,0.026273817315279627
0,0.39055774753566724
1,0.4709280736058262
0,0.03800046502098029
0,0.40206114900392903
1,0.8830703211555785
0,0.3071611604141225
0,0.34999665044781464
0,0.2445751693085754
1,0.7101093832524857
1,0.45830616886959513
0,0.1543603702343734
0,0.0451685904227894
0,0.6246790890206629
1,0.7112501750840169
1,0.45565596692218213
1,0.37725471404360367
0,0.22173741761633933
1,0.4657441367243943
0,0.3107809406645226
0,0.2708310711933997
0,0.3773018487083912
1,0.7185431247629522
0,0.2729217105140141
0,0.16801642974404904
0,0.21853797708575612
0,0.03218159866181427
0,0.19584696541134738
0,0.3412754591275664
0,0.21744220821554447
1,0.46158819175031424
1,0.3307194750614886
0,0.23878069326691043
0,0.029575760981983237
0,0.467007865390014
1,0.5174202126562385
0,0.2517512495841138
0,0.8506474121954903
0,0.34533462869154274
1,0.4715494397883377
0,0.08608909669272058
1,0.34316603425131764
1,0.6529198543791908
0,0.32823075436522947
1,0.5534940998242753
1,0.7809245969012671
1,0.6713121417395952
1,0.47850872896190133
0,0.36235232963005676
1,0.7047706019420564
0,0.1973644195565724
0,0.2682653990911722
0,0.31946583939875245
0,0.22680026565779615
0,0.2864493991164441
1,0.6499948299650591
0,0.21444964738288988
0,0.021281076210918556
0,0.022185563805612516
0,0.2111401029297976
0,0.2270104621965339
0,0.026273817315279627
1,0.4159130496282166
1,0.6971313678352254
0,0.21282376304654066
0,0.3767533954280125
1,0.8293512314885385
0,0.6180075569457719
1,0.477999645896623
0,0.4946737876047408
1,0.7890811932693776
0,0.03218159866181427
1,0.5917848023461402
0,0.026273817315279627
0,0.17316751141330616
0,0.31452513981816443
1,0.3873121617341793
0,0.5493053032930356
0,0.2746675199207089
0,0.23593788682334776
1,0.6519222306141623
1,0.46108298949208065
1,0.5190187400249983
1,0.4315292903577332
1,0.6452073260950838
0,0.3476971845994048
0,0.022185563805612516
0,0.026273817315279627
0,0.19287764919279402
0,0.1591497512849652
0,0.4640057923541426
1,0.7257737005089492
1,0.5976870589314036
0,0.4530729978595571
0,0.04127046118510667
0,0.25677917370001724
1,0.6420576983068097
0,0.16693159410780475
1,0.35949546388396153
0,0.31466057064181396
0,0.43510989721913856
1,0.7130920752607509
0,0.33621484602785645
0,0.11591874590064295
0,0.528001909088083
0,0.32267664171167776
1,0.5885871762714454
0,0.20137903403453153
0,0.18306706840343512
0,0.19464269982453986
0,0.30329396477493625
0,0.5947607649924446
0,0.28821227148574013
0,0.26553297726142133
0,0.06493166934914946
1,0.8544206669122663
1,0.597797991249858
1,0.7039530749222483
0,0.49465240678701894
0,0.6171214335825245
0,0.4243968559145724
0,0.12389450307477345
0,0.19287764919279402
0,0.022856210070645217
0,0.33363072291734336
1,0.3306598598557405
0,0.11059491786205013
1,0.5289734461278344
0,0.3318573564538388
0,0.02775812657805161
1,0.5623897055555088
1,0.2710491015904718
0,0.036644931026362536
0,0.2752078360936341
0,0.09963905252233145
0,0.302954910126631
0,0.6566434779447178
1,0.1875759800194825
1,0.4894426336132014
0,0.3475307466609768
0,0.040814127155168384
0,0.1562756441109779
1,0.6788450455024474
1,0.32169053149627924
1,0.7140585747363118
0,0.2910548349250011
0,0.5378779064176613
1,0.6860282820481843
1,0.4201579714032682
0,0.2856811459635243
0,0.583275498803252
0,0.4330568096843031
0,0.0181942106161802
1,0.45312413334673934
1,0.43877322357056614
0,0.28474976295128723
0,0.18185783186869664
1,0.315667701889103
0,0.25063230476686954
0,0.12874008259214978
1,0.5733114253441786
0,0.15768442572263927
1,0.5953311160575556
0,0.2952916538331863
0,0.060356548883701004
0,0.10420501201577041
0,0.49509172971029164
0,0.21216127687257275
0,0.27152710307271355
1,0.8543671000673317
1,0.911087406790647
0,0.022185563805612516
0,0.20476768389861028
0,0.22928264535572998
0,0.30509001415561515
1,0.41466595339828216
0,0.3716068299327357
1,0.22657403411086055
0,0.26150015814792316
0,0.40336090282863796
0,0.5828146385507589
1,0.6038957714891267
0,0.09835943540849011
1,0.41344656501202404
0,0.22931591118814273
0,0.3475966911683408
1,0.5132540217284852
1,0.43066047800232427
0,0.32200804376724734
1,0.4711895825779041
0,0.19982910795330608
0,0.34685906067841604
0,0.039679080603512586
0,0.4985964651235945
0,0.02175510843141694
1,0.28288299331146305
1,0.6275397727887748
0,0.4457144143696775
1,0.5071361679986885
0,0.44046944419902356
1,0.6042575796798705
1,0.20136899313402531
1,0.24017098116590385
1,0.769847440030193
1,0.5227145309094948
0,0.026615811380355795
0,0.18528234950141792
0,0.31489103278847974
1,0.22450231122675587
0,0.4587038841679919
1,0.5246497022162552
0,0.44598146375991427
1,0.6953493258427552
0,0.30491778287882965
1,0.22026675865747608
1,0.2510349839382373
1,0.26895214457391825
0,0.28599125649985274
1,0.7577301789757049
0,0.08129152987390705
1,0.531772248083753
1,0.7528252852152473
0,0.26507666502377936
1,0.3051095422232439
1,0.345021162736831
1,0.8630350962231509
0,0.16182047705144267
1,0.41481977741629217
0,0.19250931814123798
1,0.30345206368422956
0,0.33040316089454064
0,0.10945511649488616
0,0.25609996217015174
0,0.1849682523641244
0,0.058578420948469684
0,0.3718109484002906
0,0.32374179368445793
0,0.16342556554456103
1,0.6972556756351953
1,0.8919593248443101
1,0.601426040361645
0,0.03728897890902764
0,0.2935607028339507
0,0.42453607096458224
0,0.21739849613277815
1,0.32187886827558765
0,0.3535773619232055
0,0.04099213374369664
1,0.1483469929589495
1,0.7965786248301477
0,0.19695677631925496
0,0.29646762121319864
1,0.7520040652570228
0,0.31909405342641045
0,0.13669476202957154
1,0.37258702531540505
1,0.870103944943569
0,0.18482481835018671
0,0.04582798374411464
0,0.2693828316356565
1,0.6895191523708772
1,0.12220974975376263
1,0.2718087334101121
1,0.4850798886563392
1,0.2448281382481388
0,0.3397242718767244
0,0.19082759013034012
1,0.19026458298672744
1,0.6639876105527738
1,0.2552210414241403
0,0.2637320023964886
1,0.6967594815216653
0,0.2067525930633165
0,0.02175510843141694
0,0.25958836135259117
0,0.31099841291437125
0,0.17569353894636455
0,0.026711261350054805
1,0.5204095953346395
1,0.695426921968361
0,0.172347545464438
0,0.06573531341737851
1,0.2717931260959652
0,0.19262900976073125
1,0.8220308748903012
0,0.17676500180875418
0,0.03609651771240122
0,0.24928014640249022
0,0.6114623575116961
0,0.20613900905398877
0,0.36007514036070903
0,0.03689125223193191
0,0.21074856465824898
0,0.41496218933028334
1,0.5908517649934554
0,0.04580537011627187
0,0.2789913831859528
1,0.5185962449761286
0,0.24770397599451655
0,0.228891444510694
0,0.26213598251575687
0,0.5605888124910973
0,0.05981271321100084
0,0.020058430478269832
1,0.501885380075533
0,0.02175510843141694
0,0.24214632201822162
1,0.7228402378889969
1,0.3779232651595631
0,0.3852877576805626
1,0.37536022580935535
1,0.4799678673747161
0,0.04232854677766212
1,0.37794112876357494
0,0.03568773789829054
0,0.20496327715287657
0,0.4265998563481061
0,0.23099109383564645
1,0.8300363006567932
1,0.7183680880664082
1,0.41983548740444426
0,0.09561042622813193
0,0.44514043918483465
0,0.5366645327542434
0,0.4953460146380465
0,0.5226389522963883
0,0.3565227498072046
0,0.4906070165551139
1,0.43012962724923653
1,0.665970070143004
0,0.3590384576019471
0,0.04001116441467503
0,0.014718123104810207
1,0.3048281783995605
0,0.24340995019956993
0,0.024256613831936332
1,0.5114533356717983
0,0.02175510843141694
0,0.4485682479279707
0,0.3178148579396758
1,0.3548045043767553
0,0.02307306307230049
0,0.21057405540171303
0,0.0438171604743675
1,0.5947607649924446
