target,prediction
0,0.12119227108815918
0,0.12374267906167304
0,0.18355910479417115
0,0.22733264904274114
1,0.16959871763729922
0,0.12902210398115682
1,0.5715279727849901
0,0.14744243348765476
0,0.2660882291868318
0,0.14744243348765476
0,0.1385475436872444
0,0.14744243348765476
1,0.13268225864023384
0,0.27173797472685396
1,0.7059489351245953
0,0.12664179794904207
0,0.2844689804200879
1,0.1768703998901954
0,0.14744243348765476
0,0.13021855523712397
0,0.2900490944233939
0,0.5973897095911416
0,0.27354769406641305
1,0.6369066399756332
0,0.1304129830753608
0,0.6880366855717807
0,0.12119227108815918
0,0.18575792789723
0,0.14590681077330123
1,0.6926350745448956
1,0.13774710318768488
1,0.6475439613345918
0,0.15196998895539976
0,0.13747440765833838
0,0.22084262497908924
1,0.5880348745791941
0,0.14019095955931268
0,0.19193337850514866
0,0.18943232936180163
1,0.8309903408782318
1,0.6245227578171316
1,0.6652274522461733
1,0.15256075288388915
0,0.11941726718365744
0,0.1622813492534232
0,0.12664179794904207
0,0.15440318479792467
0,0.1612966763146955
0,0.14176867904702353
0,0.6524037058669447
0,0.14175983146427942
0,0.1373787529901684
0,0.17442749027836774
0,0.13697262606755067
1,0.727906824484021
0,0.12664179794904207
0,0.14291417332525677
0,0.22594859252105617
0,0.2257524691683154
0,0.15338851357843145
0,0.2673719278597732
0,0.1384262305642319
1,0.7250723682527871
0,0.14175983146427942
1,0.7475523267724543
0,0.13217675016174657
1,0.7818566459914792
0,0.13697262606755067
0,0.11610002837745045
0,0.34993797788697995
1,0.11941726718365744
0,0.22736815127504517
0,0.13388926226772813
1,0.16011915349177996
0,0.11941726718365744
0,0.13697262606755067
0,0.12664179794904207
0,0.1345852677346171
0,0.1390753373911099
0,0.12664179794904207
0,0.18959295635182707
0,0.25151038965725253
0,0.12989109026531345
0,0.16279215379208523
0,0.1407291856048754
1,0.7358337257407259
0,0.1211715897586846
0,0.7587250842662105
0,0.22736815127504517
1,0.683131093087318
1,0.9183585504902996
0,0.278823061297014
0,0.11941726718365744
0,0.15456898553138
1,0.1833173186719454
1,0.5020342480743079
1,0.18358853972670489
1,0.6475439613345918
0,0.4149849426731713
0,0.11941726718365744
0,0.13240387618457805
1,0.18561883427550352
0,0.16566010279469148
0,0.11523836390461258
0,0.11861900544064127
0,0.15338851357843145
0,0.11523836390461258
0,0.7018592968674353
1,0.13697262606755067
1,0.1541543844147612
0,0.11941726718365744
0,0.1545419793698788
1,0.6911573376474891
1,0.11949265045285655
1,0.22084262497908924
0,0.11982011542466708
0,0.1400329297703945
1,0.11684296252382947
0,0.11941726718365744
1,0.5783588140158388
0,0.13184380077746385
0,0.15595337495929523
0,0.12787333201271375
0,0.12649846818990734
0,0.6117194086931966
0,0.14291417332525677
0,0.21103409179255597
0,0.1660649074153536
0,0.14744243348765476
0,0.15478598516326866
0,0.12724140233628636
1,0.12023558459923554
0,0.18389815641391402
1,0.8777473266573569
1,0.6688995514868921
0,0.2730542885350231
0,0.24249103172733577
0,0.12649846818990734
0,0.13845801215070075
0,0.14639998150878308
0,0.11941726718365744
0,0.11610002837745045
0,0.1766187026558938
0,0.1612325495229884
0,0.13486022258808503
0,0.13240387618457805
1,0.21505468727271151
0,0.663008126797656
1,0.22537800640265887
1,0.6917202541081919
0,0.14748292320822937
0,0.12451346540054219
0,0.2844689804200879
0,0.1903201143123064
0,0.14029279310682227
0,0.1347414326984298
0,0.11859671487028288
0,0.11132359120423148
0,0.13268225864023384
0,0.2770604320960864
1,0.5923342766890954
0,0.20338350398988828
1,0.19278853456771744
0,0.6369379570693056
0,0.11237488090408733
1,0.32576433757732737
0,0.14744243348765476
0,0.11941726718365744
0,0.12989109026531345
0,0.11237488090408733
0,0.14744243348765476
0,0.14744243348765476
0,0.12265600939699794
1,0.5958709498897627
0,0.17029879889022564
0,0.1323718328453104
1,0.6836550934467065
0,0.13697262606755067
1,0.12664179794904207
0,0.11941726718365744
0,0.1433886470426306
0,0.33052188990014053
0,0.15655096058975743
1,0.22084262497908924
1,0.8805924185644194
0,0.15348331319742278
0,0.1364638136525874
0,0.17589729526442713
0,0.14003099561268845
0,0.33052188990014053
0,0.11132359120423148
0,0.12664179794904207
0,0.17562394741731857
0,0.1273167229422327
1,0.7299760590510164
0,0.21927351191452124
1,0.19060473594030522
0,0.14744243348765476
0,0.14744243348765476
1,0.2642401758107193
0,0.13697262606755067
1,0.6401026911100373
0,0.18358853972670489
1,0.7156549613807172
0,0.14744243348765476
0,0.18768686137701393
0,0.1323718328453104
1,0.3104451845589515
1,0.16636323022122482
0,0.13240387618457805
0,0.11865106323758749
1,0.2855089962444431
0,0.6475439613345918
0,0.3044658226353123
0,0.13340585106229666
0,0.12649846818990734
0,0.22084262497908924
1,0.18959295635182707
0,0.12119227108815918
1,0.3804899179943986
0,0.13858992753293853
1,0.18510221482729758
0,0.12724140233628636
0,0.16022726646758007
0,0.6652274522461733
0,0.7296420100462697
0,0.13799326453062943
0,0.11523836390461258
0,0.15490612477739638
0,0.7059464813429417
0,0.25524025130679495
0,0.33052188990014053
0,0.15453536587228156
0,0.18100814659049672
1,0.2997048257272524
0,0.14744243348765476
1,0.9183585504902996
0,0.22002413613871352
0,0.1545419793698788
0,0.13900784609627026
0,0.2498704833741379
1,0.13731483016769006
1,0.20327401397941977
1,0.33717490872720124
0,0.13697262606755067
0,0.6245227578171316
0,0.11859671487028288
0,0.13388926226772813
0,0.12664179794904207
0,0.14744243348765476
0,0.14744243348765476
0,0.11610002837745045
1,0.12902210398115682
0,0.23187763125686855
0,0.11723836662064602
0,0.15481081507998606
0,0.14744243348765476
0,0.16967985453270337
0,0.13553934996463204
0,0.2855089962444431
0,0.1425594833266234
1,0.6776266721198321
0,0.13532158526371516
0,0.11523836390461258
0,0.6751604419376073
0,0.22736815127504517
0,0.24846715221327517
0,0.13268225864023384
0,0.16826881458912227
0,0.18965559696793408
1,0.6834372684550079
0,0.13167946247531484
1,0.7433896627023124
1,0.6855033388658551
1,0.12357257712027395
1,0.1373787529901684
0,0.20710542524189773
0,0.14744243348765476
0,0.1546493461408692
0,0.14744243348765476
0,0.2498704833741379
0,0.1211715897586846
1,0.8647077389930728
1,0.8390074037251884
0,0.11523836390461258
0,0.15013541513154766
0,0.13697262606755067
1,0.2182026316066565
0,0.20050814341946144
1,0.6697314241332475
0,0.1390753373911099
1,0.7112565136557928
0,0.09087023254493508
1,0.8637989338878953
0,0.1364638136525874
1,0.1315700295711415
0,0.1612966763146955
0,0.11982011542466708
0,0.14744243348765476
1,0.8637989338878953
0,0.14147680813253838
1,0.1570693343626515
0,0.13715965277755102
0,0.2844689804200879
0,0.22594859252105617
0,0.11941726718365744
0,0.1626760364178973
1,0.6245227578171316
1,0.7091095555018743
0,0.15277128156011532
0,0.21511410494126523
0,0.11941726718365744
1,0.8539639373401804
0,0.1761037272765763
0,0.15256075288388915
1,0.22594859252105617
0,0.12119227108815918
0,0.15671503084492847
1,0.7505983391384586
0,0.12649846818990734
0,0.13240387618457805
1,0.9027489524459813
1,0.7646082906350427
0,0.13268225864023384
1,0.7358337257407259
0,0.1490594806208911
0,0.22084262497908924
0,0.6638700898146542
1,0.6618545547208473
0,0.2630373969257343
0,0.16318102919666033
0,0.1422642581404183
0,0.1567625186310622
0,0.11237488090408733
1,0.30860531576548694
1,0.8539639373401804
0,0.53650429268843
1,0.6475439613345918
0,0.1304129830753608
1,0.6621268162427397
0,0.18100814659049672
0,0.13087646105810555
1,0.14076428768576552
1,0.5498426365698429
0,0.11610002837745045
0,0.7103789849031931
0,0.6575262374575171
0,0.17647575878701544
0,0.13087646105810555
1,0.5656209789037212
0,0.1906369289240215
1,0.6719230218603898
0,0.288656595195924
0,0.14473318672186322
0,0.16419703752058412
0,0.11941726718365744
1,0.5886119114991697
1,0.633361495145329
0,0.1368417785957443
1,0.6776266721198321
0,0.33052188990014053
1,0.6831894741042758
1,0.6148732919136262
0,0.17589729526442713
0,0.12649846818990734
0,0.11066961402163997
0,0.14744243348765476
0,0.12649846818990734
0,0.13670560114685157
0,0.12626444908264112
0,0.6247574174708914
1,0.8821673361841132
0,0.12724140233628636
0,0.1188953988489324
0,0.12664179794904207
0,0.2498704833741379
0,0.12902210398115682
0,0.13361117731253008
0,0.6245227578171316
0,0.1617184033819908
1,0.9027489524459813
1,0.9027489524459813
0,0.1397237679026217
0,0.2378700586072336
0,0.14666575039765828
0,0.13845991004000238
0,0.29710170567807254
0,0.14948823906039227
1,0.18506701537347692
1,0.6914188458885295
0,0.2844689804200879
1,0.1663841843513483
1,0.9027489524459813
0,0.12989109026531345
0,0.17202687041358178
0,0.11610002837745045
0,0.1612966763146955
0,0.13188547282520532
0,0.12117991116231865
1,0.12451346540054219
1,0.2280004483944643
0,0.3244190780818193
0,0.12451346540054219
0,0.13240387618457805
1,0.6245227578171316
1,0.8446139927525967
0,0.33042558071262346
0,0.12979235244605555
1,0.17424695204088383
0,0.11941726718365744
0,0.15490612477739638
0,0.12114491256291779
0,0.16071709301603762
0,0.22736815127504517
0,0.22084262497908924
1,0.5969421802287225
0,0.28328512879356416
0,0.13697262606755067
1,0.6914188458885295
0,0.15376175068620107
0,0.5066020183755234
0,0.2434639517778841
0,0.16098355709595621
0,0.13845801215070075
1,0.7089724470293731
0,0.1211715897586846
1,0.8402695544261768
0,0.1335664327822475
0,0.12902210398115682
0,0.2844689804200879
0,0.12664179794904207
0,0.13697262606755067
0,0.11610002837745045
1,0.8575517187732439
0,0.2383251643836606
0,0.1310183180042033
0,0.11939392072750392
0,0.2302094839187943
1,0.259861213210338
1,0.5783588140158388
0,0.1802652124441177
1,0.6425499619610169
1,0.3007062952269562
0,0.13340585106229666
1,0.7475523267724543
0,0.6263183217356482
0,0.14776810580057156
0,0.6934182310216671
0,0.13697262606755067
0,0.14744243348765476
0,0.1385475436872444
0,0.14744243348765476
0,0.13063402441169247
1,0.8309903408782318
0,0.14744243348765476
0,0.13105272787025943
1,0.17751434239766348
1,0.5020342480743079
1,0.13715965277755102
0,0.2434639517778841
1,0.18939591249231136
0,0.1475050741037618
1,0.7646893249839486
0,0.12649846818990734
1,0.6737195256763692
0,0.5714392318166462
0,0.19588742788864186
0,0.30294809029482334
0,0.22594859252105617
0,0.24737184317013206
0,0.14696232730776118
0,0.14361606620447526
0,0.3467549687139396
0,0.2260532565378024
0,0.14619874223461987
1,0.9183585504902996
0,0.14744243348765476
1,0.6831894741042758
1,0.17926064574539605
0,0.13608799611212474
0,0.15490612477739638
0,0.12989109026531345
0,0.1417156119929256
0,0.13204382136870355
0,0.15099396401564655
0,0.2498704833741379
0,0.14642521413267393
0,0.12119227108815918
0,0.18408252813460174
0,0.1475050741037618
1,0.7328450785598776
1,0.12664179794904207
0,0.14744243348765476
0,0.11684296252382947
0,0.13697262606755067
1,0.6263183217356482
0,0.2509926287763264
0,0.11941726718365744
0,0.29710170567807254
0,0.13670330299371927
0,0.11728572514588742
0,0.13553934996463204
1,0.12664179794904207
0,0.14239576996588402
1,0.6652274522461733
0,0.13845801215070075
0,0.14744243348765476
1,0.6639964153005742
1,0.166306550343315
1,0.6263183217356482
0,0.6739727440393984
0,0.13385536853013988
1,0.13774710318768488
1,0.7066865584946678
0,0.15046947558757073
0,0.13218210602767796
1,0.7743338621964622
0,0.1367884949193249
1,0.6910184944276813
1,0.1385475436872444
0,0.3069758497318252
0,0.25848252793167936
0,0.1455920105662942
0,0.2844689804200879
1,0.13113815322208108
0,0.1227352520067703
0,0.1324754729169314
0,0.11523836390461258
0,0.21420938650660126
1,0.14642521413267393
1,0.14291417332525677
0,0.1903201143123064
1,0.14354516539304607
0,0.14744243348765476
0,0.14547694122461108
0,0.12979236053996082
0,0.14744243348765476
0,0.6952340130434123
1,0.7030784877017331
0,0.12664179794904207
0,0.17605210874248417
0,0.14748292320822937
1,0.1469239403975643
0,0.12672722330086372
0,0.17227358216593258
0,0.1422642581404183
1,0.6914188458885295
0,0.6272515525096631
0,0.14744243348765476
0,0.11066961402163997
0,0.1352901166183581
0,0.5498426365698429
0,0.14744243348765476
1,0.33717490872720124
1,0.11982011542466708
0,0.12989109026531345
0,0.1440502559783979
0,0.13697262606755067
0,0.6638700898146542
0,0.18959295635182707
0,0.11346284927616836
0,0.15723961042091605
0,0.6594539510462724
1,0.14364408727408248
0,0.22594859252105617
0,0.1331849826153669
0,0.13240387618457805
0,0.12649846818990734
0,0.12511555803888505
0,0.7059489351245953
0,0.15099396401564655
0,0.13849300430464198
0,0.2280004483944643
0,0.11610002837745045
0,0.14748292320822937
1,0.5714392318166462
0,0.12119227108815918
0,0.6425499619610169
0,0.6121483645340605
0,0.1275945976268769
0,0.257950243683389
0,0.11859671487028288
1,0.6864322825719653
1,0.6914188458885295
0,0.14744243348765476
1,0.7433896627023124
0,0.1323718328453104
0,0.6263183217356482
0,0.14744243348765476
0,0.11523836390461258
0,0.12822270077825346
0,0.13628441361704094
0,0.14692582138675336
0,0.5714392318166462
1,0.6583278837837405
1,0.5783588140158388
0,0.11941726718365744
0,0.16084735218911914
1,0.8805924185644194
0,0.11939392072750392
0,0.15598205055836806
0,0.254139134933173
1,0.7066865584946678
0,0.5535572551683637
0,0.12664179794904207
0,0.6652274522461733
0,0.2434639517778841
0,0.14744243348765476
0,0.14369895997694865
0,0.13240387618457805
1,0.22002413613871352
0,0.29984462192347816
1,0.7925394892774862
0,0.7475523267724543
0,0.22594859252105617
0,0.5868804623755874
1,0.6435188350531506
0,0.13697262606755067
1,0.6524037058669447
0,0.12649846818990734
0,0.12649846818990734
0,0.13021855523712397
0,0.3194914178156197
1,0.2938055270463561
0,0.6475439613345918
0,0.13697262606755067
0,0.17109230586029406
0,0.13697262606755067
1,0.5783588140158388
0,0.144078393861943
0,0.1321292467205252
1,0.5535572551683637
0,0.19198088194637006
0,0.13540933247169587
1,0.13242750692571975
0,0.3194914178156197
0,0.12023558459923554
0,0.12649846818990734
0,0.12649846818990734
1,0.6020370592858886
0,0.707093527523038
0,0.1565231719106327
0,0.24362238351170096
0,0.1275945976268769
0,0.3978235932248387
1,0.21566561796048442
1,0.2468211579704439
0,0.15239674136258438
1,0.143535263008242
1,0.7091095555018743
0,0.13697262606755067
0,0.15046947558757073
0,0.11941726718365744
0,0.13697262606755067
0,0.1712273901567163
0,0.09087023254493508
1,0.6369066399756332
0,0.1545419793698788
1,0.22594859252105617
0,0.7107985568942143
0,0.5949359126482346
0,0.13240387618457805
1,0.44798267969271777
0,0.14744243348765476
0,0.5949359126482346
0,0.12989109026531345
1,0.7711598876962154
0,0.1227352520067703
0,0.14744243348765476
1,0.24247358406563543
0,0.13183132748924564
1,0.8309903408782318
0,0.1347414326984298
0,0.1152617615036872
0,0.1384262305642319
0,0.13054300056829696
0,0.13388926226772813
1,0.13242750692571975
0,0.6519809865284688
1,0.6776266721198321
0,0.10558246077929465
0,0.15650647318532573
0,0.11610002837745045
1,0.1469239403975643
0,0.13740591250722242
0,0.13240387618457805
0,0.22736815127504517
0,0.12522360256308293
0,0.14175983146427942
0,0.12649846818990734
1,0.24830148582430928
0,0.53650429268843
1,0.22646622055135648
0,0.12649846818990734
1,0.14465953544315838
1,0.6638700898146542
0,0.11865106323758749
0,0.15117496632505645
0,0.20507689330243403
0,0.11523836390461258
1,0.798971391858588
1,0.5759641436764658
0,0.13240387618457805
0,0.13767860803656892
0,0.11941726718365744
0,0.2306663041399237
0,0.13878349024419806
0,0.1612966763146955
0,0.1188953988489324
0,0.13268225864023384
0,0.13658768008296396
0,0.22376864278281922
1,0.7008774316263
1,0.11066961402163997
0,0.14744243348765476
0,0.12664179794904207
1,0.6776266721198321
1,0.6517037462235568
0,0.12910752933297848
0,0.13697262606755067
1,0.15865831319741971
0,0.35495360797325687
0,0.14528914250315733
0,0.20575208023367286
1,0.33052188990014053
0,0.14744243348765476
1,0.6245227578171316
1,0.5949359126482346
0,0.13697262606755067
0,0.14748292320822937
1,0.6401026911100373
1,0.70438884976602
1,0.8637989338878953
0,0.11949265045285655
0,0.1565816587704325
1,0.7358337257407259
0,0.12191452390506359
1,0.6426381710724357
0,0.15739013037242372
1,0.33052188990014053
0,0.1304129830753608
1,0.12511555803888505
0,0.13240387618457805
0,0.6547477567046002
0,0.22084262497908924
0,0.12649846818990734
0,0.14744243348765476
1,0.16300603409137984
0,0.1903201143123064
0,0.11728572514588742
0,0.27910246464818933
0,0.12910752933297848
0,0.13697262606755067
0,0.11610002837745045
0,0.17589729526442713
0,0.5835192049863162
1,0.5694077146526285
1,0.5783588140158388
0,0.15514011322523472
1,0.6846290826464514
0,0.2584288975708397
0,0.12902210398115682
0,0.2844689804200879
0,0.5663985464155835
0,0.11610002837745045
0,0.11941726718365744
0,0.12649846818990734
0,0.13240387618457805
0,0.18389815641391402
0,0.6737195256763692
1,0.19060473594030522
1,0.1687119998281793
0,0.12726416376727423
1,0.6914188458885295
0,0.15793460144528487
0,0.1227352520067703
0,0.14744243348765476
0,0.198859637540326
1,0.7358337257407259
0,0.2844689804200879
0,0.13105272787025943
0,0.6952340130434123
1,0.7985112710562656
0,0.19576094992773627
0,0.1172421533471354
0,0.8309903408782318
1,0.7433896627023124
0,0.5973897095911416
0,0.2636127903800467
0,0.1375787735814081
0,0.13268225864023384
1,0.6528365764365422
0,0.14744243348765476
0,0.11941726718365744
1,0.11610002837745045
1,0.568880787379859
1,0.22736815127504517
0,0.16159210770710708
0,0.34993797788697995
1,0.6797532963605881
0,0.1298638731917499
1,0.2280004483944643
0,0.1337670307021449
0,0.1265942945078207
1,0.8581018069317563
0,0.2884241666125152
1,0.7059464813429417
0,0.12649846818990734
0,0.6263183217356482
1,0.7059489351245953
0,0.11610002837745045
1,0.6737195256763692
0,0.12649846818990734
0,0.5592973997779295
0,0.12664179794904207
0,0.19667199147202152
0,0.17825547789715068
1,0.683131093087318
0,0.22084262497908924
0,0.11941726718365744
0,0.11941726718365744
1,0.6914188458885295
1,0.6594539510462724
0,0.12336859088968802
0,0.12718575663134285
1,0.729750413673657
0,0.22084262497908924
1,0.2280004483944643
0,0.11610002837745045
0,0.22736815127504517
0,0.14744243348765476
0,0.14607505627162368
0,0.2539840382476493
0,0.28719174821046173
0,0.12446448007168183
1,0.6204448953359735
1,0.8637989338878953
0,0.13021855523712397
0,0.1321292467205252
0,0.13697262606755067
0,0.2383251643836606
0,0.11523836390461258
0,0.20507689330243403
0,0.5535572551683637
0,0.12119227108815918
0,0.11610002837745045
0,0.13767860803656892
1,0.2844689804200879
1,0.24149065776499182
0,0.16156779004782976
1,0.6737195256763692
1,0.5395860161533139
0,0.2727723663887998
0,0.6652274522461733
1,0.8637989338878953
0,0.1415928312958644
0,0.11941726718365744
1,0.8637989338878953
0,0.12664179794904207
0,0.14744243348765476
0,0.13697262606755067
0,0.1889725721365891
1,0.11015121066226725
0,0.11941726718365744
0,0.15723961042091605
1,0.7091095555018743
0,0.15644068969859878
1,0.6688995514868921
0,0.2434639517778841
0,0.14744243348765476
0,0.24737184317013206
1,0.1389748767117246
0,0.12119227108815918
0,0.14744243348765476
0,0.17605210874248417
0,0.12664179794904207
0,0.12202906711326285
1,0.8309903408782318
1,0.6737195256763692
0,0.22594859252105617
0,0.26662288591618233
0,0.11982011542466708
0,0.11941726718365744
0,0.1545419793698788
0,0.13361117731253008
1,0.7433896627023124
0,0.12664179794904207
0,0.22503229568063243
1,0.6737195256763692
0,0.14744243348765476
1,0.7059489351245953
0,0.3194914178156197
0,0.11523836390461258
0,0.15763231426512328
1,0.2498704833741379
0,0.1860534417615271
0,0.13697262606755067
1,0.6688995514868921
0,0.12649846818990734
1,0.7091095555018743
0,0.11684296252382947
0,0.1448864737038009
0,0.716792191346003
0,0.13795297394406172
1,0.6737195256763692
0,0.1628192877282394
0,0.12664179794904207
0,0.12119227108815918
1,0.7059489351245953
0,0.14744243348765476
0,0.1802652124441177
1,0.6652274522461733
0,0.13054300056829696
0,0.22002413613871352
0,0.14590681077330123
0,0.5513226711353738
0,0.14744243348765476
1,0.5999123356322422
1,0.12664179794904207
0,0.12446548210873803
0,0.14175983146427942
0,0.2498704833741379
0,0.11523836390461258
0,0.11939392072750392
0,0.26021635431992857
0,0.7008774316263
0,0.13021855523712397
0,0.14341611363111775
0,0.2498704833741379
1,0.6426381710724357
0,0.14057026159414668
0,0.14710469744883953
1,0.25994987013994575
1,0.19662438070206487
0,0.12649846818990734
1,0.6776266721198321
0,0.19631050441850248
0,0.14744243348765476
1,0.5949359126482346
0,0.6776266721198321
1,0.6688995514868921
0,0.22919207347352438
0,0.20156429532490994
0,0.2498704833741379
0,0.11941726718365744
0,0.12664179794904207
0,0.13021855523712397
0,0.2626029039652571
0,0.12918769676613084
0,0.22594859252105617
0,0.14619874223461987
0,0.1265942945078207
0,0.6638700898146542
0,0.1340374193350838
1,0.6699066029273508
1,0.32853250818937385
0,0.7167897375643494
1,0.16959871763729922
1,0.5395860161533139
1,0.22084262497908924
0,0.22736815127504517
0,0.22084262497908924
0,0.11939392072750392
0,0.7475523267724543
0,0.1304129830753608
0,0.6266298337541163
0,0.33052188990014053
0,0.13351244758717742
0,0.11523836390461258
0,0.11066961402163997
1,0.33717490872720124
0,0.24737184317013206
0,0.5535572551683637
0,0.12633035109410262
0,0.1545419793698788
0,0.13113815322208108
1,0.4369011294497653
0,0.11941726718365744
1,0.8637989338878953
1,0.5958709498897627
0,0.18461632913590867
1,0.22646622055135648
0,0.1211715897586846
0,0.29710170567807254
1,0.20507689330243403
1,0.13619553780279292
1,0.2844689804200879
1,0.7358337257407259
0,0.6524037058669447
1,0.24627951359714473
0,0.12724140233628636
1,0.8309903408782318
0,0.21843453617428232
1,0.6652274522461733
0,0.14299980766327572
0,0.16470330171065764
0,0.16125461783443917
1,0.5535572551683637
0,0.11066961402163997
1,0.16260095407917732
0,0.13188547282520532
0,0.1261891064298962
1,0.6223276161320999
0,0.12664179794904207
0,0.6914188458885295
1,0.6638700898146542
0,0.6245227578171316
1,0.2383251643836606
0,0.1622949480083091
0,0.2498704833741379
0,0.18575792789723
0,0.14934504729366455
0,0.13697262606755067
1,0.14354516539304607
1,0.1355691392398337
1,0.2938055270463561
0,0.25311870937021336
0,0.743505125674255
0,0.14744243348765476
0,0.1317793930053953
1,0.14791060021582403
0,0.12649846818990734
1,0.3300552060010293
0,0.14744243348765476
0,0.14547694122461108
1,0.12664179794904207
1,0.3564038377604955
1,0.7167897375643494
0,0.09833392383467668
0,0.13532158526371516
1,0.7059489351245953
1,0.22084262497908924
0,0.13021855523712397
0,0.13697262606755067
0,0.14744243348765476
0,0.14280519316461324
0,0.11949265045285655
0,0.14807905083208414
0,0.11523836390461258
0,0.12357257712027395
0,0.1295844161371117
0,0.11684296252382947
1,0.12664179794904207
1,0.6914188458885295
0,0.14744243348765476
0,0.11010560533921429
0,0.14620046199952696
0,0.12649846818990734
1,0.7433896627023124
1,0.7389327458515546
0,0.11523836390461258
1,0.2287433825408433
0,0.11610002837745045
0,0.11664344433741104
0,0.26556252602274294
0,0.6127808609387811
1,0.3276398274933797
0,0.13240387618457805
0,0.12989109026531345
0,0.23076263271067238
0,0.12649846818990734
1,0.28858183079547645
0,0.182334194112639
1,0.14744243348765476
0,0.12170362008902245
1,0.1476293098152316
0,0.11941726718365744
0,0.11861900544064127
0,0.22736815127504517
0,0.16181054188211638
0,0.1236352647232751
0,0.1265942945078207
1,0.7059464813429417
1,0.6652274522461733
0,0.14171822656996438
1,0.12119227108815918
0,0.22447014094243523
0,0.15338851357843145
0,0.11523836390461258
0,0.1903201143123064
1,0.21804781812859944
0,0.12119227108815918
1,0.578601390314933
0,0.13115676664487086
0,0.14744243348765476
0,0.12119227108815918
0,0.6776082614612966
0,0.13268225864023384
0,0.24737184317013206
0,0.11941726718365744
0,0.12649846818990734
0,0.14744243348765476
1,0.6735138217444434
0,0.20356909108277577
0,0.11610002837745045
1,0.7777446475919326
0,0.3194914178156197
0,0.14590681077330123
0,0.13615695499935884
0,0.2675193363223185
0,0.13054300056829696
0,0.2645332510082613
1,0.7167897375643494
0,0.1304129830753608
0,0.13460027952184328
1,0.6652274522461733
1,0.8581018069317563
0,0.24737184317013206
0,0.2280004483944643
0,0.15761164193135524
0,0.1586003309071139
0,0.17171170391358623
0,0.14679398589865003
0,0.1490594806208911
0,0.11684296252382947
1,0.6735138217444434
0,0.8064911847835539
1,0.21505468727271151
0,0.5864052379532831
0,0.24737184317013206
0,0.12650662985012662
0,0.12119227108815918
1,0.17424695204088383
0,0.1211715897586846
0,0.6742200724520315
1,0.6911573376474891
0,0.1552849135162578
0,0.22084262497908924
0,0.13610373758343003
0,0.14832161773043964
1,0.3887871324457782
0,0.13240387618457805
1,0.14042022525468653
0,0.13658768008296396
1,0.22084262497908924
0,0.18358853972670489
0,0.14744243348765476
0,0.2634910193682132
0,0.13697262606755067
0,0.14744243348765476
0,0.22084262497908924
0,0.16462456409696272
0,0.1629250825851283
0,0.1656712374943529
0,0.11610002837745045
0,0.17589729526442713
0,0.17966370276482121
0,0.1389748767117246
0,0.6475439613345918
0,0.25524025130679495
0,0.1442167385951859
0,0.22646622055135648
0,0.294313604962052
0,0.16259213320084553
0,0.11015121066226725
0,0.11610002837745045
0,0.47853797124634506
0,0.14744243348765476
0,0.13828138403931767
0,0.11982011542466708
0,0.14291417332525677
0,0.13240387618457805
0,0.12649846818990734
0,0.18389815641391402
0,0.1448825456044293
0,0.12649846818990734
0,0.1179718293694859
1,0.8637989338878953
0,0.2714395215465916
1,0.6263183217356482
1,0.5949359126482346
0,0.33052188990014053
0,0.11610002837745045
1,0.15585719020668495
0,0.2844689804200879
0,0.14354516539304607
0,0.18510221482729758
0,0.6688995514868921
0,0.137149006305811
0,0.13565203301230708
1,0.6737195256763692
1,0.225595026608163
0,0.12664179794904207
0,0.12664179794904207
0,0.2378700586072336
0,0.2804167341517472
0,0.1646163921489272
0,0.1612966763146955
0,0.6228921661869531
0,0.14744243348765476
0,0.24737184317013206
1,0.6664298357291283
0,0.14800158829376125
0,0.6211252326491448
0,0.10558246077929465
0,0.22221036224313193
1,0.12979236053996082
0,0.11469016892801112
0,0.1227352520067703
0,0.11610002837745045
1,0.2434639517778841
0,0.32576433757732737
0,0.13459573000710762
0,0.1500002356484074
0,0.19604388380399662
0,0.11523836390461258
0,0.6737195256763692
0,0.33052188990014053
0,0.6688995514868921
1,0.6524037058669447
0,0.14744243348765476
1,0.8575517187732439
1,0.1844007686659028
0,0.13697262606755067
0,0.2549202272279643
0,0.28075864067232564
0,0.1318659854745411
0,0.11610002837745045
1,0.2498704833741379
1,0.13240387618457805
0,0.24249103172733577
0,0.11573212484104142
0,0.14744243348765476
0,0.6547477567046002
0,0.13240387618457805
0,0.6699066029273508
0,0.1388932516024854
0,0.11941726718365744
0,0.12664179794904207
0,0.3467549687139396
0,0.254139134933173
1,0.21424648349018194
0,0.11610002837745045
0,0.1131471880094
1,0.7358337257407259
0,0.1205630495710461
0,0.13658768008296396
0,0.13361117731253008
1,0.6369066399756332
1,0.15168365925613933
1,0.8390074037251884
1,0.8309903408782318
0,0.13632307771033012
0,0.12190982511114444
0,0.24811671045359435
0,0.18909638567610623
0,0.14748292320822937
1,0.27529418243088344
0,0.12649846818990734
0,0.13113815322208108
1,0.7059489351245953
0,0.6701050965966021
1,0.17582352203536972
0,0.13113815322208108
0,0.11523836390461258
0,0.2984559402799796
0,0.12649846818990734
0,0.11523836390461258
1,0.6688995514868921
0,0.13268225864023384
0,0.15565851658460744
1,0.6737195256763692
0,0.1545419793698788
0,0.1490594806208911
1,0.11684296252382947
1,0.84815695576654
0,0.6475439613345918
0,0.11610002837745045
0,0.6988611417812013
0,0.22084262497908924
0,0.18498491368639877
0,0.13697262606755067
1,0.27785951963114514
0,0.5949359126482346
0,0.2378700586072336
1,0.2855089962444431
0,0.1273167229422327
1,0.24149065776499182
0,0.32252130954990216
1,0.15598205055836806
1,0.14798428394638977
0,0.13388926226772813
0,0.1227352520067703
1,0.11523836390461258
1,0.11941726718365744
1,0.6652274522461733
0,0.1355691392398337
0,0.12649846818990734
0,0.26662288591618233
0,0.13697262606755067
1,0.18472823363771335
0,0.14744243348765476
0,0.12357257712027395
1,0.685528543247895
0,0.46828549319155105
0,0.22084262497908924
1,0.2475660194118121
0,0.13900784609627026
0,0.2498704833741379
0,0.6701502844414043
1,0.15514011322523472
0,0.12989109026531345
1,0.1413960049363051
0,0.16470330171065764
0,0.13697262606755067
1,0.5783588140158388
0,0.7004132574343852
0,0.22084262497908924
0,0.13570558579292658
1,0.6524037058669447
0,0.14029279310682227
0,0.1712210635798265
0,0.24737184317013206
1,0.5864141990549768
1,0.8805924185644194
0,0.15046947558757073
0,0.1500680880994214
0,0.13268225864023384
0,0.1407291856048754
0,0.13087646105810555
1,0.8575517187732439
0,0.221341539247098
0,0.23157237950563914
0,0.1490594806208911
0,0.14619874223461987
0,0.1315700295711415
1,0.6278012294363955
1,0.1777224159006625
0,0.12649846818990734
0,0.13105272787025943
0,0.14226442528699798
0,0.6507500398087646
0,0.1612966763146955
0,0.1355691392398337
0,0.53650429268843
0,0.7059489351245953
0,0.6042557427752728
1,0.6776266721198321
0,0.11066961402163997
1,0.7051481085523266
0,0.6127808609387811
0,0.5220386245909058
1,0.70438884976602
0,0.14744243348765476
0,0.26556252602274294
0,0.11469016892801112
0,0.13697262606755067
0,0.15584714945381262
0,0.1304129830753608
1,0.6475439613345918
1,0.7433896627023124
1,0.6527100744682902
1,0.33717490872720124
0,0.11359286676910454
1,0.7091095555018743
0,0.11982011542466708
0,0.683131093087318
1,0.13607486615400147
0,0.11941726718365744
0,0.15939125491948666
1,0.798971391858588
0,0.5958709498897627
0,0.15533582025017142
0,0.6789558948935377
0,0.12989109026531345
0,0.2378700586072336
0,0.12664179794904207
0,0.14744243348765476
0,0.24737184317013206
1,0.2747367289524941
1,0.798971391858588
0,0.24779557560507556
0,0.18909638567610623
1,0.12724140233628636
0,0.11610002837745045
1,0.7059489351245953
0,0.2855089962444431
0,0.26021635431992857
0,0.11982011542466708
1,0.5714106599819491
1,0.24910028070231266
0,0.14199566500482944
1,0.7721662723052197
0,0.14744243348765476
1,0.23609058035067074
0,0.6618545547208473
1,0.6520300350432643
1,0.9454977215394619
0,0.15338851357843145
1,0.11941726718365744
0,0.1385475436872444
0,0.13268225864023384
0,0.1448864737038009
0,0.1467274464805936
0,0.12664179794904207
0,0.11941726718365744
0,0.24737184317013206
1,0.3007062952269562
0,0.12945986624873604
1,0.8640011001228111
0,0.21861969963259564
0,0.3194914178156197
0,0.6369066399756332
0,0.11941726718365744
0,0.24249103172733577
0,0.1515163041983248
0,0.7433896627023124
0,0.12649846818990734
0,0.6914188458885295
0,0.14216231307143223
0,0.13697262606755067
0,0.13268225864023384
0,0.11941726718365744
0,0.22048433041150986
1,0.17459191768661889
1,0.1410035515123682
0,0.15453536587228156
0,0.22545735892524513
0,0.11941726718365744
0,0.46828549319155105
0,0.5714392318166462
1,0.6020370592858886
1,0.6823194321965768
0,0.1385475436872444
0,0.23187763125686855
1,0.5571221028888498
0,0.13388926226772813
0,0.12649846818990734
0,0.1552849135162578
1,0.6571773709433212
1,0.6914188458885295
0,0.2498704833741379
1,0.2498704833741379
0,0.1615479447147542
1,0.16124044673791185
0,0.24737184317013206
0,0.2468211579704439
0,0.11941726718365744
0,0.15490612477739638
0,0.12119227108815918
0,0.32700789767093014
0,0.2539840382476493
0,0.2434639517778841
0,0.11941726718365744
0,0.11523836390461258
0,0.14150997401749657
0,0.12688095847339903
1,0.22122336590387137
0,0.13240387618457805
1,0.6706601651729805
0,0.13268225864023384
1,0.14744243348765476
1,0.22594859252105617
1,0.21315690253285002
0,0.12989109026531345
0,0.14744243348765476
1,0.6638700898146542
0,0.16338649205146033
0,0.5020342480743079
0,0.11941726718365744
0,0.11941726718365744
0,0.11610002837745045
0,0.5958709498897627
0,0.2421543168540979
0,0.22111525359487147
0,0.11982011542466708
1,0.28553301724744157
0,0.11941726718365744
0,0.15303403804483684
1,0.16504097929114558
0,0.12902210398115682
1,0.2938055270463561
0,0.2317663407667973
0,0.281575921053867
0,0.1903201143123064
1,0.1979355363869525
1,0.22736815127504517
0,0.6916100004173401
1,0.12989109026531345
0,0.18726298417754733
1,0.2182026316066565
0,0.221341539247098
0,0.14744243348765476
0,0.16773280273258315
0,0.6776266721198321
1,0.7505983391384586
0,0.22736815127504517
0,0.13188547282520532
1,0.6594539510462724
0,0.1188953988489324
0,0.1211715897586846
1,0.2675193363223185
0,0.18389815641391402
0,0.14300735943337697
0,0.5864052379532831
1,0.14849226378775962
1,0.6524037058669447
0,0.16946026899663166
1,0.7358337257407259
0,0.13553934996463204
0,0.7059489351245953
0,0.15739013037242372
0,0.13697262606755067
0,0.6776266721198321
0,0.12902210398115682
0,0.13021855523712397
0,0.12664179794904207
1,0.6475439613345918
1,0.5657259454895134
0,0.11941726718365744
0,0.33052188990014053
0,0.15465453615763802
0,0.6369066399756332
1,0.24312433068718692
0,0.14448061958468628
0,0.14744243348765476
0,0.13191675284106733
0,0.12288520116689287
0,0.13944633642805254
0,0.13268225864023384
1,0.14744243348765476
1,0.5979893340413872
0,0.1345852677346171
1,0.6914188458885295
1,0.1903201143123064
1,0.33052188990014053
0,0.12649846818990734
0,0.13268225864023384
0,0.5714392318166462
0,0.6855654534730279
1,0.1737702416330566
1,0.6737195256763692
0,0.26803695735481015
1,0.6776082614612966
0,0.1612966763146955
1,0.5245984134669965
0,0.1335127749403702
0,0.6517875345025121
0,0.6839515201585566
0,0.259861213210338
0,0.7296420100462697
0,0.1903201143123064
1,0.267658387132321
0,0.1298638731917499
0,0.11941726718365744
0,0.1384262305642319
0,0.2378700586072336
0,0.18563680823535256
0,0.22084262497908924
0,0.14280519316461324
0,0.12664179794904207
0,0.14354516539304607
1,0.6263183217356482
0,0.14354516539304607
1,0.26640917937122033
0,0.12649846818990734
0,0.14744243348765476
1,0.14744243348765476
1,0.7059489351245953
0,0.12664179794904207
1,0.14744243348765476
0,0.1422642581404183
0,0.11066961402163997
0,0.33052188990014053
0,0.14744243348765476
0,0.12664179794904207
0,0.20135652655389613
1,0.6814134864355089
0,0.6183333029522035
1,0.11066961402163997
1,0.14210834805250447
1,0.2623690699044799
0,0.20610447857430422
0,0.663008126797656
0,0.22736815127504517
1,0.16470330171065764
0,0.14364408727408248
0,0.14151084521261306
0,0.13553934996463204
0,0.12902210398115682
1,0.8637989338878953
1,0.2714395215465916
0,0.14448061958468628
0,0.18965559696793408
0,0.12649846818990734
0,0.15384947310999555
0,0.12664179794904207
0,0.1327507537913498
0,0.15256075288388915
1,0.6789558948935377
0,0.12134122583659594
0,0.26556252602274294
1,0.8309903408782318
0,0.1273167229422327
1,0.35495360797325687
0,0.11728572514588742
0,0.6517037462235568
1,0.6475439613345918
0,0.14748292320822937
0,0.22084262497908924
0,0.15739013037242372
0,0.19588742788864186
0,0.14744243348765476
0,0.11728572514588742
0,0.2086422093451046
0,0.14748292320822937
0,0.12688095847339903
1,0.7091095555018743
0,0.22736815127504517
1,0.8777473266573569
0,0.1501717475519341
0,0.12489167680590123
0,0.12649846818990734
0,0.12827020421947483
0,0.12119227108815918
0,0.11859671487028288
0,0.13900784609627026
0,0.2020830610391552
0,0.2997048257272524
0,0.12892724201469408
1,0.7112565136557928
0,0.1802652124441177
0,0.14744243348765476
0,0.12664179794904207
0,0.11982011542466708
0,0.7302980480505157
0,0.1315700295711415
0,0.32700789767093014
0,0.18389815641391402
0,0.14744243348765476
0,0.3194914178156197
1,0.7019565813971773
1,0.6914188458885295
0,0.244254203119473
1,0.25575687482696263
0,0.1275945976268769
1,0.6638700898146542
1,0.5915550403753193
0,0.13627852054173964
0,0.14364408727408248
1,0.8096628187796859
0,0.22736815127504517
1,0.16022726646758007
0,0.6263183217356482
0,0.14744243348765476
0,0.12910752933297848
0,0.6699066029273508
0,0.12023925540119275
0,0.12724140233628636
0,0.2020867116712324
0,0.17589729526442713
1,0.7358337257407259
0,0.14635768342259287
0,0.6245227578171316
1,0.23669336709756242
0,0.12664179794904207
1,0.11523836390461258
0,0.12649846818990734
0,0.12649846818990734
1,0.2770736606874462
0,0.11941726718365744
0,0.15256075288388915
0,0.6839515201585566
0,0.12724140233628636
0,0.24533033740701668
1,0.7515524339331434
1,0.6699066029273508
1,0.5973897095911416
1,0.14744243348765476
1,0.8528234233517307
0,0.13268225864023384
1,0.22736815127504517
0,0.15490612477739638
1,0.250246630469838
0,0.6737195256763692
1,0.5973897095911416
1,0.6245227578171316
1,0.11941726718365744
0,0.12181090323010801
1,0.6789558948935377
1,0.6638700898146542
1,0.7469562964339128
1,0.6524037058669447
0,0.15514011322523472
0,0.17589729526442713
0,0.12989109026531345
0,0.13268225864023384
0,0.12451346540054219
0,0.14744243348765476
0,0.11941726718365744
0,0.25575687482696263
1,0.2434639517778841
0,0.13828138403931767
1,0.13217675016174657
0,0.14364408727408248
1,0.8575517187732439
0,0.14744243348765476
0,0.13658768008296396
0,0.18358853972670489
0,0.15863478290284536
0,0.12633035109410262
1,0.8805924185644194
1,0.23849904423418217
1,0.14748292320822937
1,0.2770736606874462
0,0.13021855523712397
0,0.14155970190501174
0,0.20050814341946144
1,0.8668937566182069
0,0.14045354512760447
1,0.6789558948935377
1,0.6201070653819504
1,0.15598205055836806
1,0.7591450362060838
1,0.6817847103400231
1,0.6776266721198321
1,0.7925394892774862
0,0.18563680823535256
0,0.7082995870896821
1,0.26803695735481015
0,0.5949359126482346
0,0.18336098655416874
0,0.12932501470327976
0,0.12649846818990734
0,0.166306550343315
0,0.13477929990331503
0,0.13445065899492434
0,0.16124917287347412
0,0.14320481525965006
0,0.23187763125686855
1,0.1315700295711415
1,0.7577916151001515
0,0.12902210398115682
0,0.12649846818990734
1,0.8315425052397712
0,0.22646622055135648
1,0.22736815127504517
0,0.12119227108815918
0,0.12664179794904207
1,0.6688995514868921
0,0.14744243348765476
0,0.6697314241332475
1,0.15338851357843145
0,0.22736815127504517
0,0.13697262606755067
0,0.13188547282520532
0,0.23922031148785852
1,0.7469562964339128
1,0.12357257712027395
0,0.18389815641391402
1,0.282837676253988
0,0.166306550343315
0,0.12772461511981303
1,0.12321273750007318
0,0.11728572514588742
0,0.1188953988489324
0,0.1446853863649988
0,0.27910246464818933
0,0.3194914178156197
0,0.7245838923093493
0,0.1279261647335171
0,0.1318659854745411
1,0.5949359126482346
1,0.6148732919136262
1,0.3887871324457782
0,0.14199420567352597
0,0.12649846818990734
0,0.13553934996463204
0,0.22084262497908924
1,0.7515331368113843
0,0.09087023254493508
1,0.6032324434501477
1,0.7577916151001515
0,0.133270074399759
0,0.2498704833741379
0,0.6519809865284688
0,0.35326054177226446
0,0.14744243348765476
0,0.13858992753293853
1,0.8417341425311243
0,0.18727919184138775
0,0.15595337495929523
1,0.6638700898146542
0,0.11728572514588742
0,0.13697262606755067
1,0.6776266721198321
0,0.11949265045285655
0,0.7004132574343852
0,0.3423878252197151
0,0.12688095847339903
0,0.13608799611212474
0,0.11854921142906152
1,0.8390074037251884
0,0.12456421183409067
1,0.7900415571618854
0,0.12649846818990734
0,0.11610002837745045
1,0.14744243348765476
1,0.5949359126482346
1,0.708743469358038
1,0.14490669943155782
0,0.12724140233628636
0,0.13256851717407545
0,0.13240387618457805
0,0.11015121066226725
0,0.12902210398115682
0,0.2498704833741379
0,0.1818433753552038
1,0.3372149910203163
0,0.13697262606755067
0,0.13240387618457805
0,0.12277331883335056
1,0.9183585504902996
0,0.14538048417263857
0,0.15828171659898396
0,0.26803695735481015
0,0.15099396401564655
0,0.5419974788196916
0,0.13850912433670526
0,0.13397879380427177
0,0.12649846818990734
0,0.12649846818990734
0,0.15029911210025432
1,0.8575517187732439
0,0.7059464813429417
0,0.12425786342031421
1,0.6652274522461733
0,0.3222760834294597
1,0.14744243348765476
1,0.7008774316263
1,0.5902802801020162
0,0.12664179794904207
1,0.3104451845589515
0,0.13242750692571975
0,0.2512891850504494
0,0.13268225864023384
0,0.13542560849847363
0,0.5513226711353738
0,0.1398795127043733
0,0.6524037058669447
0,0.6183333029522035
0,0.14744243348765476
1,0.916480912685563
0,0.3018557923925943
0,0.22594859252105617
1,0.2602264169840774
1,0.1179718293694859
0,0.13697262606755067
0,0.22084262497908924
0,0.13021855523712397
0,0.15769769567958591
0,0.14133075700508352
0,0.1211715897586846
0,0.1323718328453104
0,0.11523836390461258
0,0.7059489351245953
0,0.17589729526442713
0,0.12649846818990734
0,0.13240387618457805
0,0.22594859252105617
0,0.8375375534734392
0,0.1487188063815168
0,0.6864931002057879
0,0.12119227108815918
0,0.37631970161917777
0,0.33052188990014053
1,0.8795096081326694
1,0.15914217539634387
0,0.17917539520332781
0,0.14802694243848682
1,0.5395860161533139
0,0.7059489351245953
0,0.1957678468826381
1,0.13021855523712397
0,0.15598205055836806
0,0.14696232730776118
1,0.683131093087318
0,0.11610002837745045
0,0.18336098655416874
0,0.12664179794904207
0,0.14744243348765476
1,0.5980178592583334
0,0.6305437238714717
0,0.12336859088968802
0,0.11610002837745045
0,0.16376438001014434
0,0.2383251643836606
0,0.3476638760259293
0,0.24737184317013206
1,0.29710170567807254
0,0.22084262497908924
0,0.13411166535437885
1,0.7598224705528811
0,0.11610002837745045
0,0.11664344433741104
0,0.13389690220615028
0,0.13850912433670526
1,0.17533813760464773
0,0.21420938650660126
0,0.11941726718365744
1,0.14744243348765476
0,0.5591137504119962
1,0.6776266721198321
0,0.13938837301490878
0,0.14744243348765476
0,0.6609805713438833
0,0.1324754729169314
0,0.12119227108815918
0,0.13697262606755067
1,0.2498704833741379
0,0.22002413613871352
0,0.197783805602048
1,0.8575517187732439
1,0.19171228461171838
0,0.13268225864023384
0,0.14744243348765476
0,0.14414353955742193
1,0.5632257488115427
0,0.12357257712027395
1,0.24533033740701668
1,0.645583446441447
0,0.22084262497908924
0,0.1317798779549855
0,0.14744243348765476
0,0.19939013328508837
0,0.13240387618457805
1,0.3300552060010293
1,0.798971391858588
0,0.12649846818990734
1,0.12191452390506359
1,0.12664179794904207
0,0.11610002837745045
1,0.7167897375643494
0,0.13697262606755067
0,0.2189612332149833
0,0.6641957464430374
0,0.13697262606755067
0,0.7004132574343852
0,0.17847466118301217
0,0.21511410494126523
0,0.27549880849661146
1,0.21804781812859944
0,0.12667986477562232
0,0.25047179271758707
0,0.665967405096236
0,0.7189071574522495
1,0.22084262497908924
1,0.7374749096526874
0,0.13268225864023384
1,0.12278654280290999
0,0.18358853972670489
0,0.14744243348765476
0,0.13658924510365436
1,0.2280004483944643
0,0.2498704833741379
0,0.22736815127504517
0,0.13697262606755067
1,0.25574505276631604
0,0.12664179794904207
1,0.7112826959938984
1,0.14744243348765476
0,0.17589729526442713
1,0.12119227108815918
0,0.13268225864023384
0,0.11610002837745045
0,0.13540933247169587
0,0.12989109026531345
1,0.12989109026531345
0,0.25741825157648557
0,0.1211715897586846
1,0.1604710181056912
1,0.6263183217356482
0,0.1985184075030883
0,0.11066961402163997
1,0.13553934996463204
0,0.17908781364099666
0,0.1331849826153669
0,0.24737184317013206
0,0.4149849426731713
1,0.7743338621964622
1,0.7059464813429417
0,0.221341539247098
0,0.20311772362420213
0,0.11610002837745045
0,0.12143010160071967
0,0.12664179794904207
0,0.15870996526347184
0,0.22736815127504517
0,0.16156779004782976
1,0.7312221366918373
1,0.8390074037251884
1,0.8630873964634541
0,0.12649846818990734
0,0.18512411387815653
0,0.15671503084492847
0,0.13767860803656892
0,0.13217675016174657
0,0.13240387618457805
0,0.22736815127504517
1,0.12902210398115682
1,0.6475439613345918
1,0.6831295629027486
0,0.14744243348765476
0,0.6369066399756332
0,0.24737184317013206
0,0.1552849135162578
0,0.20381070984810024
0,0.12190982511114444
0,0.12664179794904207
0,0.18959295635182707
0,0.11941726718365744
0,0.09087023254493508
0,0.15256075288388915
0,0.14176867904702353
1,0.14744243348765476
0,0.6797532963605881
1,0.6788044830326688
0,0.24606086279636968
0,0.14180112034243775
1,0.8309903408782318
0,0.2498704833741379
1,0.15256075288388915
0,0.16697829711721554
0,0.12979236053996082
0,0.8637989338878953
0,0.11523836390461258
1,0.7059489351245953
1,0.8390074037251884
0,0.24737184317013206
0,0.15490612477739638
0,0.702763909399472
0,0.13455705619386135
0,0.12906460729263286
0,0.14744243348765476
1,0.12902210398115682
0,0.1131471880094
1,0.80908269710676
0,0.7059489351245953
1,0.6646989708054688
0,0.33052188990014053
0,0.2626029039652571
0,0.14919108016987864
0,0.16383881869556896
1,0.2498704833741379
1,0.6855654534730279
1,0.6914188458885295
1,0.6914188458885295
0,0.1450735537625607
0,0.14744243348765476
0,0.14744243348765476
1,0.14262229426825038
0,0.17477509831297508
0,0.13240387618457805
0,0.17424860441567597
0,0.24533033740701668
0,0.15490612477739638
1,0.7167897375643494
0,0.34993797788697995
1,0.6776266721198321
0,0.22084262497908924
0,0.12664179794904207
1,0.14364408727408248
0,0.12902210398115682
0,0.12649846818990734
1,0.68140617655019
0,0.11015121066226725
0,0.11728572514588742
1,0.6688995514868921
0,0.12979235244605555
0,0.13540933247169587
0,0.12311400777472055
1,0.708743469358038
0,0.12119227108815918
1,0.6719335536087633
0,0.12649846818990734
0,0.22736815127504517
0,0.13553934996463204
0,0.5592973997779295
0,0.6475439613345918
0,0.17847466118301217
0,0.12902210398115682
0,0.15338851357843145
0,0.12649846818990734
0,0.12649846818990734
0,0.1974849301822853
1,0.13220410687002845
0,0.6699066029273508
0,0.13397879380427177
0,0.11941726718365744
1,0.12664179794904207
1,0.7646893249839486
0,0.3194914178156197
0,0.6914188458885295
1,0.5835192049863162
0,0.12902210398115682
1,0.5949359126482346
0,0.12649846818990734
0,0.16227497027082285
0,0.22002413613871352
1,0.798971391858588
0,0.11573212484104142
1,0.6426381710724357
0,0.6914188458885295
1,0.7059489351245953
0,0.14744243348765476
0,0.12672722330086372
0,0.14744243348765476
0,0.14744243348765476
0,0.2498704833741379
1,0.20128945130830336
1,0.8315425052397712
0,0.25524025130679495
0,0.12688095847339903
1,0.8330074817830284
0,0.6735138217444434
1,0.6855654534730279
0,0.13697262606755067
0,0.11941726718365744
1,0.5395860161533139
0,0.13697262606755067
0,0.15490612477739638
0,0.6369066399756332
0,0.5498426365698429
1,0.13697262606755067
1,0.12827020421947483
0,0.1919371614455427
0,0.12664179794904207
0,0.15761164193135524
0,0.15214840243114294
1,0.5682168261862242
0,0.13697262606755067
0,0.11015121066226725
1,0.9454977215394619
0,0.11941726718365744
1,0.7066865584946678
1,0.8206754065403893
0,0.11610002837745045
0,0.1802652124441177
0,0.13204382136870355
0,0.32576433757732737
0,0.11523836390461258
1,0.2383627580160946
0,0.14744243348765476
1,0.15638012542678476
0,0.1442167385951859
0,0.21525958433525447
0,0.14744243348765476
1,0.12311400777472055
0,0.6688995514868921
0,0.13799940096369523
0,0.12119227108815918
0,0.13268225864023384
1,0.7523681570859445
1,0.7743338621964622
0,0.11941726718365744
1,0.9454977215394619
0,0.12649846818990734
0,0.11989217175643294
1,0.7465067007030715
0,0.27910246464818933
0,0.13697262606755067
1,0.6519809865284688
1,0.6914188458885295
0,0.15256075288388915
0,0.11941726718365744
0,0.13697262606755067
1,0.6735138217444434
0,0.5411806833057592
1,0.11859671487028288
0,0.11859671487028288
0,0.11982011542466708
0,0.11610002837745045
0,0.26385274744114073
1,0.7900415571618854
0,0.5632257488115427
0,0.22736815127504517
0,0.14619874223461987
0,0.14744243348765476
0,0.15256075288388915
0,0.13783561486502205
1,0.14365858365936773
0,0.12787333201271375
0,0.14744243348765476
1,0.1687119998281793
0,0.12664179794904207
0,0.14744243348765476
0,0.12278654280290999
0,0.6735138217444434
0,0.11982011542466708
0,0.13240387618457805
0,0.19292217937241962
0,0.11523836390461258
1,0.5659714206634021
0,0.12664179794904207
0,0.20507689330243403
1,0.7646082906350427
0,0.14393798345651257
0,0.13873427594749518
0,0.13217675016174657
0,0.13553934996463204
0,0.12902210398115682
1,0.6914188458885295
1,0.14744243348765476
0,0.14802694243848682
1,0.12119227108815918
1,0.6638700898146542
1,0.24737184317013206
0,0.24249103172733577
1,0.6401026911100373
0,0.14364408727408248
0,0.1321292467205252
0,0.16827077467349638
0,0.34993797788697995
0,0.250735490977288
0,0.5220386245909058
0,0.3194914178156197
0,0.1739481374112885
1,0.7019565813971773
0,0.13268225864023384
0,0.1188953988489324
0,0.14108434550845983
1,0.7358337257407259
0,0.29710170567807254
0,0.13240387618457805
0,0.15490612477739638
0,0.5411806833057592
0,0.16338649205146033
0,0.18563680823535256
1,0.8668937566182069
1,0.6517037462235568
0,0.15644068969859878
1,0.6263183217356482
0,0.11523836390461258
0,0.12664179794904207
0,0.13021855523712397
0,0.2383251643836606
1,0.15620181036926567
0,0.12119227108815918
0,0.2388921943210668
1,0.7433896627023124
0,0.11610002837745045
1,0.15914217539634387
0,0.16022726646758007
0,0.32240639873617927
0,0.1188953988489324
1,0.8539639373401804
1,0.8390074037251884
0,0.6437217386333244
0,0.1448825456044293
1,0.3047360243366699
0,0.1227352520067703
1,0.1567933037258459
0,0.13021855523712397
0,0.11523836390461258
1,0.5969421802287225
0,0.20710542524189773
0,0.12649846818990734
0,0.12979236053996082
0,0.11610002837745045
1,0.8309903408782318
0,0.15793460144528487
1,0.1304129830753608
0,0.13021855523712397
0,0.5957017909629264
0,0.26803695735481015
0,0.17095366870855794
0,0.11523836390461258
0,0.12664179794904207
0,0.12664179794904207
0,0.23849904423418217
1,0.6776266721198321
0,0.11941726718365744
0,0.11941726718365744
0,0.12357257712027395
0,0.11728572514588742
0,0.12688095847339903
0,0.2498704833741379
0,0.12649846818990734
0,0.12357257712027395
0,0.11941726718365744
0,0.22736815127504517
0,0.23272589087472997
1,0.16716970396214995
0,0.2348996918842666
0,0.11066961402163997
0,0.23112562913392998
1,0.13361393622346884
0,0.12664179794904207
1,0.11941726718365744
0,0.14354516539304607
0,0.15761164193135524
0,0.269897550964467
1,0.798971391858588
0,0.6776266721198321
1,0.6737195256763692
1,0.5949359126482346
0,0.20774127135451018
1,0.5949359126482346
0,0.19588742788864186
1,0.8309903408782318
0,0.5020342480743079
0,0.2378700586072336
1,0.30394153647535005
0,0.22594859252105617
0,0.24737184317013206
0,0.2383251643836606
0,0.15046947558757073
0,0.12664179794904207
0,0.1475050741037618
1,0.14744243348765476
0,0.6659922462212134
1,0.17790250634344593
0,0.11873356457999626
1,0.6983259300811607
0,0.1273167229422327
0,0.21420938650660126
1,0.6263183217356482
0,0.11610002837745045
0,0.11523836390461258
0,0.1205630495710461
0,0.12152038825495091
0,0.11610002837745045
1,0.798971391858588
1,0.9027489524459813
0,0.16118405338678987
1,0.12989109026531345
0,0.12688095847339903
1,0.22509569751994765
1,0.21164943262792946
0,0.12119227108815918
1,0.12910752933297848
0,0.11573212484104142
0,0.3978235932248387
1,0.6735138217444434
0,0.13388926226772813
0,0.6520326162614913
1,0.28357418749436775
0,0.6737195256763692
0,0.18569447219768842
1,0.8309903408782318
1,0.7433896627023124
0,0.22084262497908924
0,0.11941726718365744
0,0.20853610585618398
0,0.33052188990014053
0,0.12357257712027395
0,0.2498704833741379
0,0.1442542021517264
0,0.17589729526442713
1,0.23142126509513253
0,0.6507500398087646
0,0.14731597690480167
0,0.6597432488284433
0,0.17652302093108113
1,0.7433896627023124
1,0.6528365764365422
1,0.28734788931058913
0,0.13697262606755067
0,0.12688095847339903
0,0.14590681077330123
0,0.15836235659048284
0,0.15304072931837193
0,0.6542500626971818
1,0.13858992753293853
0,0.13697262606755067
0,0.11523836390461258
0,0.1910444187658239
0,0.11066961402163997
0,0.2562494367452617
0,0.12664179794904207
1,0.6914188458885295
1,0.696541917227466
0,0.13670330299371927
0,0.22736815127504517
1,0.5654787212545411
0,0.13460027952184328
0,0.12649846818990734
0,0.12649846818990734
0,0.18726298417754733
0,0.18156930106572128
0,0.13204382136870355
0,0.2274755962308016
0,0.21511410494126523
0,0.2630373969257343
0,0.2844689804200879
0,0.1887293959007579
0,0.14280519316461324
0,0.11941726718365744
0,0.13240387618457805
0,0.14744243348765476
0,0.17917539520332781
0,0.1215887798127145
0,0.13240387618457805
1,0.6735138217444434
0,0.1362398487718322
0,0.14547694122461108
1,0.13183132748924564
0,0.6559123572318448
1,0.13658768008296396
1,0.5880348745791941
1,0.14744243348765476
0,0.11941726718365744
1,0.33052188990014053
0,0.15496876539350338
0,0.12119227108815918
1,0.15848979161970153
0,0.13460027952184328
0,0.12649846818990734
0,0.13715965277755102
0,0.1370612212406152
1,0.13021855523712397
0,0.13240387618457805
1,0.6059652847451796
0,0.19588742788864186
1,0.16516643294918082
0,0.8390074037251884
0,0.11610002837745045
0,0.12560320100937655
1,0.6914188458885295
0,0.12357257712027395
1,0.7925394892774862
0,0.18389815641391402
0,0.12119227108815918
1,0.708884508721994
0,0.1448864737038009
1,0.8282170163156257
1,0.7610485824480435
0,0.22736815127504517
0,0.14364408727408248
0,0.1515163041983248
0,0.14364408727408248
1,0.8974117934906763
0,0.24533033740701668
0,0.22736815127504517
0,0.14199566500482944
0,0.11523836390461258
0,0.3373570470109568
0,0.2498704833741379
0,0.33052188990014053
0,0.1565816587704325
0,0.11132359120423148
0,0.6117194086931966
1,0.1903201143123064
0,0.1347414326984298
1,0.12989109026531345
0,0.17975908730945755
0,0.19068069364029275
0,0.12278654280290999
0,0.13218210602767796
0,0.14029279310682227
1,0.843735105653495
0,0.18959295635182707
0,0.6739533323273148
0,0.15621544855191952
1,0.5969421802287225
0,0.15256075288388915
0,0.12649846818990734
1,0.6914188458885295
1,0.7059489351245953
0,0.13697262606755067
0,0.12664179794904207
0,0.35804519858486283
1,0.6820488364824411
0,0.1612966763146955
0,0.294313604962052
0,0.14092274831613494
0,0.3194914178156197
0,0.27160159159850916
1,0.5714392318166462
1,0.14172576008890742
0,0.21983838482403914
0,0.1612966763146955
1,0.6183333029522035
0,0.13422936732439805
0,0.14744243348765476
0,0.12989109026531345
0,0.13697262606755067
0,0.7059489351245953
0,0.1413960049363051
1,0.7925394892774862
0,0.1448864737038009
0,0.14744243348765476
0,0.12119227108815918
0,0.250284224102272
0,0.22594859252105617
1,0.6566513029465599
0,0.33717490872720124
0,0.11610002837745045
1,0.6737195256763692
0,0.1401318516514309
1,0.16348598079040258
0,0.5714392318166462
0,0.13573283620854035
1,0.22736815127504517
0,0.12649846818990734
0,0.12902210398115682
0,0.15490612477739638
1,0.5656209789037212
1,0.8174427431561998
0,0.17730862823956575
0,0.6664298357291283
0,0.12649846818990734
1,0.6369066399756332
0,0.7004132574343852
0,0.16086904432349575
0,0.13237503093016714
1,0.798971391858588
0,0.15330368703026817
0,0.3194914178156197
1,0.17926064574539605
0,0.14510927646001093
0,0.1737702416330566
0,0.14692582138675336
0,0.2015101182971801
0,0.1903201143123064
0,0.11949265045285655
0,0.33052188990014053
1,0.916480912685563
0,0.13697262606755067
0,0.11523836390461258
1,0.7066865584946678
0,0.6597432488284433
0,0.1664986791431173
0,0.13534480530224036
0,0.2793449057142952
0,0.12119227108815918
0,0.14019095955931268
1,0.22084262497908924
0,0.13218210602767796
1,0.13807264230276278
0,0.13795297394406172
0,0.1629250825851283
0,0.6618545547208473
1,0.2938055270463561
0,0.11610002837745045
0,0.166306550343315
0,0.1227352520067703
1,0.7091095555018743
0,0.25574505276631604
0,0.24076344344010014
0,0.11941726718365744
0,0.6638700898146542
0,0.2634910193682132
0,0.15584714945381262
0,0.12664179794904207
0,0.18358853972670489
0,0.1712273901567163
1,0.15352005315587725
0,0.25919772983304834
0,0.12822270077825346
0,0.14705687089464098
1,0.7395511799224675
0,0.11610002837745045
0,0.11523836390461258
1,0.6450915511460394
0,0.12574866104529125
1,0.7799996228868189
1,0.6914188458885295
1,0.7469562964339128
0,0.22084262497908924
1,0.1355691392398337
1,0.8390074037251884
1,0.7465067007030715
1,0.2640572066427278
0,0.13582012900112583
0,0.14744243348765476
0,0.798971391858588
1,0.6652274522461733
0,0.20507689330243403
0,0.521398272647605
1,0.11861900544064127
0,0.1756812681592739
0,0.11132359120423148
0,0.6247574174708914
0,0.2498704833741379
0,0.14744243348765476
0,0.136721483256118
0,0.11610002837745045
0,0.14512008301273982
0,0.1385569340317372
1,0.7352836375822136
0,0.12649846818990734
0,0.6797532963605881
1,0.15231906764207967
0,0.1227352520067703
0,0.6997323273940225
1,0.5765098516637553
1,0.654168486029186
0,0.14744243348765476
0,0.14108434550845983
0,0.15761164193135524
1,0.14003588690541088
0,0.22736815127504517
0,0.11610002837745045
1,0.6517037462235568
0,0.6776266721198321
1,0.5783588140158388
0,0.1315700295711415
0,0.6699066029273508
1,0.6652274522461733
1,0.6245227578171316
0,0.2246078263190582
1,0.5783588140158388
0,0.17917539520332781
1,0.7059489351245953
0,0.2260532565378024
0,0.2844689804200879
0,0.14786362660463856
1,0.2549202272279643
1,0.7685429555556831
0,0.1584145127209611
0,0.6652274522461733
0,0.22699492384506262
0,0.11523836390461258
0,0.11610002837745045
0,0.247313857379305
1,0.5783588140158388
0,0.12321273750007318
0,0.14216231307143223
0,0.6638700898146542
0,0.2189612332149833
1,0.2906951740818188
0,0.12649846818990734
0,0.12649846818990734
0,0.5864141990549768
1,0.6127808609387811
1,0.32126394567713623
0,0.1385848525937156
0,0.5998408198193494
0,0.14744243348765476
1,0.6450915511460394
0,0.18061242572407984
0,0.1270557391384067
1,0.7577916151001515
1,0.8637989338878953
0,0.24737184317013206
0,0.17589729526442713
1,0.16716970396214995
0,0.14744243348765476
1,0.6652274522461733
0,0.13697262606755067
0,0.14176867904702353
0,0.33052188990014053
0,0.3194914178156197
0,0.15584714945381262
0,0.1802652124441177
0,0.13858992753293853
0,0.6831894741042758
0,0.1422642581404183
0,0.24737184317013206
0,0.166306550343315
0,0.7004132574343852
0,0.13242750692571975
1,0.18577208182668647
0,0.12664179794904207
1,0.80908269710676
0,0.13237503093016714
0,0.13240387618457805
0,0.11573212484104142
1,0.33052188990014053
0,0.13697262606755067
0,0.14170021406199124
0,0.13204382136870355
0,0.11941726718365744
0,0.22736815127504517
0,0.14019095955931268
0,0.19588742788864186
0,0.22084262497908924
1,0.6571773709433212
0,0.5949359126482346
1,0.644032248518543
1,0.7486137790180387
1,0.8637989338878953
0,0.14744243348765476
0,0.23184381316212868
1,0.9192363411250055
0,0.1612325495229884
0,0.16118405338678987
0,0.1903201143123064
1,0.6688995514868921
1,0.5973897095911416
0,0.3104451845589515
0,0.2434639517778841
1,0.12311400777472055
0,0.11346284927616836
1,0.715552106064699
1,0.5949359126482346
0,0.17589729526442713
0,0.13240387618457805
0,0.15850455080546785
0,0.1188953988489324
0,0.13351845925419584
0,0.12288520116689287
0,0.6518191745804328
1,0.6150537577660798
0,0.14744243348765476
0,0.21272157448772927
1,0.164745023387746
0,0.1188953988489324
0,0.11728572514588742
0,0.13542924235799464
1,0.7148714696650741
1,0.25848252793167936
0,0.1273167229422327
0,0.16279215379208523
1,0.729750413673657
0,0.14793696747960883
0,0.17917539520332781
0,0.13697262606755067
0,0.12119227108815918
1,0.9027489524459813
0,0.11941726718365744
0,0.13268225864023384
0,0.2095952289547932
0,0.6914188458885295
1,0.6855654534730279
0,0.13473840505141993
1,0.23382963531222153
0,0.22736815127504517
1,0.2383627580160946
1,0.6618545547208473
0,0.13105272787025943
1,0.8315425052397712
0,0.13697262606755067
0,0.12321273750007318
1,0.23001039961230108
0,0.1373787529901684
1,0.33717490872720124
0,0.12688095847339903
0,0.12649846818990734
0,0.12649846818990734
0,0.14696232730776118
0,0.11010560533921429
1,0.12664179794904207
0,0.7475523267724543
0,0.5488951684980611
1,0.9027489524459813
0,0.22736815127504517
1,0.7925394892774862
0,0.2227988459142295
0,0.11015121066226725
0,0.13204382136870355
0,0.14744243348765476
0,0.2796430064209278
1,0.32700789767093014
0,0.1315700295711415
0,0.14744243348765476
0,0.12932501470327976
1,0.5783588140158388
0,0.1612966763146955
0,0.14199566500482944
0,0.12097702090239765
1,0.25919772983304834
0,0.3244190780818193
1,0.7059489351245953
1,0.17768000110282867
0,0.22049261493938474
0,0.14135160484655723
0,0.1130753797112875
1,0.17481915220264738
0,0.11941726718365744
0,0.11066961402163997
0,0.1616546884925015
0,0.20083815246720949
0,0.1331849826153669
0,0.14744243348765476
0,0.11610002837745045
0,0.16104915228223443
1,0.7505983391384586
0,0.16462456409696272
1,0.7925394892774862
0,0.2189612332149833
0,0.16484072119421653
0,0.15450722956139457
0,0.1407908596769092
0,0.12664179794904207
0,0.6263183217356482
0,0.35326054177226446
0,0.10558246077929465
1,0.7443318112389307
0,0.22736815127504517
0,0.15584714945381262
0,0.21478908800214186
0,0.20830872362408911
0,0.18389815641391402
1,0.21633565795399443
0,0.1486546984698014
1,0.5864052379532831
1,0.16689872767411193
0,0.13697262606755067
1,0.7799996228868189
0,0.13329986367496066
0,0.13697262606755067
0,0.6805722265730013
0,0.15085404793328389
1,0.6748338331821916
0,0.15053252369748515
0,0.11941726718365744
0,0.14199420567352597
1,0.14354516539304607
0,0.14744243348765476
0,0.16520830069012463
0,0.1426409370066651
0,0.22084262497908924
0,0.14496543937690265
0,0.13268225864023384
0,0.14698791200740688
0,0.13697262606755067
0,0.5592973997779295
0,0.1855861827749356
1,0.6688995514868921
1,0.2388921943210668
1,0.7059489351245953
0,0.12281047223180004
1,0.8805924185644194
1,0.14365010328454997
0,0.1275945976268769
1,0.7925394892774862
0,0.22736815127504517
1,0.6530371474658533
0,0.1275945976268769
1,0.2801304826129743
1,0.6737195256763692
1,0.7433896627023124
0,0.3964274421108676
0,0.1664986791431173
1,0.22084262497908924
0,0.14367544126814608
1,0.1802652124441177
0,0.6870872600427783
0,0.12336859088968802
0,0.13217675016174657
0,0.12649846818990734
1,0.6735138217444434
1,0.35326054177226446
1,0.8801296291436093
0,0.22002413613871352
0,0.6697314241332475
0,0.7328450785598776
0,0.13897641551007348
1,0.7985112710562656
0,0.13540933247169587
0,0.13697262606755067
0,0.21511410494126523
0,0.1740432513805622
0,0.1176923240879757
0,0.19198088194637006
0,0.14744243348765476
1,0.34733337574978107
0,0.259861213210338
1,0.2681370189456022
0,0.22594859252105617
1,0.13767860803656892
1,0.6914188458885295
0,0.11949265045285655
0,0.14199566500482944
0,0.22084262497908924
0,0.18389815641391402
0,0.6914188458885295
0,0.22084262497908924
1,0.6621268162427397
0,0.13240387618457805
0,0.20450697051925654
0,0.13938837301490878
0,0.17589729526442713
1,0.18561883427550352
0,0.12649846818990734
0,0.33052188990014053
0,0.12664179794904207
0,0.15204948055010653
1,0.1352901166183581
0,0.24752733862069654
1,0.6914188458885295
1,0.6638700898146542
0,0.12371815849574848
1,0.7066865584946678
0,0.11941726718365744
0,0.1508639917779607
0,0.12446548210873803
1,0.6431550472709707
1,0.6735138217444434
0,0.22049261493938474
0,0.15099396401564655
0,0.22594859252105617
1,0.6517037462235568
0,0.1426409370066651
0,0.11015121066226725
0,0.11941726718365744
0,0.1545419793698788
0,0.13268225864023384
1,0.6475439613345918
0,0.13847445342665796
0,0.11723836662064602
0,0.1802652124441177
0,0.14744243348765476
0,0.14744243348765476
0,0.11939392072750392
0,0.11523836390461258
0,0.7004132574343852
0,0.11941726718365744
0,0.12688095847339903
1,0.6475439613345918
0,0.11523836390461258
1,0.11941726718365744
0,0.1451294733572326
0,0.14744243348765476
1,0.18351580003222576
1,0.2314780770100595
0,0.11728572514588742
0,0.20434864927910412
0,0.12649846818990734
0,0.24057378624689
0,0.14744243348765476
0,0.14216231307143223
0,0.12664179794904207
0,0.21436026798855748
0,0.1420254542800311
0,0.1806042640638606
0,0.13795297394406172
1,0.6594539510462724
1,0.6524037058669447
1,0.24312433068718692
0,0.14744243348765476
0,0.14199566500482944
0,0.16975863929805068
1,0.6507500398087646
0,0.14361606620447526
0,0.12119227108815918
0,0.11610002837745045
0,0.19069534196625243
1,0.7091095555018743
1,0.6245227578171316
1,0.6776266721198321
0,0.14744243348765476
0,0.12979236053996082
0,0.22736815127504517
0,0.7030784877017331
0,0.14744243348765476
1,0.8637989338878953
0,0.11949265045285655
1,0.6579240409507274
1,0.5783588140158388
0,0.09087023254493508
0,0.12119227108815918
0,0.13218210602767796
0,0.26412035218232865
0,0.6652274522461733
0,0.6638700898146542
1,0.5020342480743079
0,0.5788742540596523
0,0.1425594833266234
1,0.7059489351245953
0,0.13188547282520532
1,0.5949359126482346
0,0.11523836390461258
0,0.13240387618457805
1,0.6688995514868921
0,0.13540933247169587
0,0.11215500010479008
1,0.7352836375822136
1,0.8637989338878953
1,0.645583446441447
0,0.11982011542466708
0,0.2844689804200879
0,0.1490594806208911
1,0.8390074037251884
1,0.8315425052397712
1,0.7328450785598776
1,0.6638700898146542
1,0.11066961402163997
0,0.13242750692571975
1,0.6245227578171316
0,0.13087646105810555
0,0.11523836390461258
0,0.12119227108815918
1,0.8390074037251884
0,0.5371302537326567
0,0.12511555803888505
1,0.18911619432200721
0,0.11939392072750392
0,0.257950243683389
0,0.11066961402163997
1,0.13994810184021506
1,0.14532903956525617
0,0.1435175362808126
1,0.6065286220818641
1,0.2388921943210668
0,0.2714395215465916
1,0.7249070093343746
0,0.1687166496095543
1,0.31509993189308144
1,0.7066865584946678
0,0.13697262606755067
0,0.11610002837745045
1,0.6415738419953485
0,0.11353134442728431
0,0.6735138217444434
1,0.8390074037251884
0,0.22736815127504517
0,0.11982011542466708
0,0.1179718293694859
0,0.1417156119929256
0,0.12649846818990734
0,0.12119227108815918
1,0.8805924185644194
1,0.7638493435030964
0,0.13240387618457805
0,0.15214840243114294
0,0.17605210874248417
0,0.6889453794390441
1,0.7638493435030964
0,0.11941726718365744
1,0.7433896627023124
1,0.7646082906350427
0,0.12989109026531345
0,0.14269486731920275
0,0.13240387618457805
0,0.14372367213194112
0,0.13658768008296396
0,0.13829621307129572
0,0.11523836390461258
0,0.1576654252221784
1,0.798971391858588
1,0.22084262497908924
0,0.15533582025017142
0,0.12902210398115682
0,0.17605210874248417
0,0.17589729526442713
0,0.14215282985460212
1,0.25807059406893323
1,0.8974117934906763
1,0.792238081057824
0,0.13697262606755067
0,0.11982011542466708
0,0.1364638136525874
0,0.16903148133757137
0,0.12897460053993545
0,0.16254462975962417
0,0.1490594806208911
0,0.15490612477739638
0,0.18575792789723
0,0.6117194086931966
0,0.5403256308061605
1,0.7891210430570649
1,0.23545436277515916
0,0.11523836390461258
0,0.1385475436872444
1,0.11886358207293242
1,0.13240387618457805
0,0.6699066029273508
1,0.6846290826464514
0,0.11982011542466708
0,0.12832284976423744
1,0.6776266721198321
1,0.15939125491948666
0,0.35495360797325687
0,0.14744243348765476
1,0.6737195256763692
1,0.22376864278281922
0,0.6618545547208473
1,0.17459191768661889
0,0.22084262497908924
1,0.20507689330243403
0,0.2378700586072336
0,0.22084262497908924
0,0.1270557391384067
0,0.14744243348765476
0,0.6638700898146542
0,0.17965751795215715
0,0.14308869151336343
1,0.34640857178165885
1,0.18959295635182707
0,0.7004132574343852
0,0.13268225864023384
1,0.11941726718365744
1,0.34993797788697995
1,0.5949359126482346
0,0.11523836390461258
0,0.27910246464818933
0,0.15723961042091605
0,0.12194480739946623
1,0.18959295635182707
1,0.6646989708054688
1,0.12321273750007318
1,0.5714392318166462
0,0.16894566098048075
0,0.5254764673877996
0,0.12119227108815918
1,0.4553531394389366
0,0.12664179794904207
0,0.14354516539304607
0,0.282837676253988
0,0.13697262606755067
0,0.13240387618457805
0,0.13455705619386135
1,0.6363281047201665
1,0.14967045522492967
0,0.14128472249504792
0,0.1738812274905305
0,0.11859671487028288
0,0.12119227108815918
1,0.7167897375643494
0,0.5591137504119962
0,0.16733601250634567
0,0.11728572514588742
0,0.12119227108815918
0,0.6139657650576764
0,0.14744243348765476
1,0.5949407375686879
0,0.11610002837745045
0,0.12724140233628636
1,0.33717490872720124
1,0.15214840243114294
0,0.33717490872720124
1,0.1737702416330566
1,0.30860531576548694
0,0.13240387618457805
0,0.13875014500097735
1,0.23451428948956876
0,0.3070144564642964
1,0.6475439613345918
0,0.17895815613632093
1,0.8390074037251884
1,0.7089724470293731
0,0.13662566563378561
0,0.12994261973800658
1,0.6475439613345918
1,0.7576636320206261
0,0.3345194170830522
0,0.12633035109410262
0,0.8152886652710865
1,0.18336098655416874
0,0.11941726718365744
0,0.16124917287347412
0,0.16180218408727381
1,0.3763112923085003
0,0.14744243348765476
0,0.19362977202438314
0,0.6688995514868921
0,0.21589201238621514
0,0.683131093087318
0,0.13858992753293853
0,0.13340585106229666
0,0.14748292320822937
0,0.12902210398115682
0,0.12902210398115682
1,0.6827068585858149
1,0.14744243348765476
0,0.12190982511114444
0,0.1188953988489324
0,0.18365783451952378
1,0.7564766417247034
1,0.7358337257407259
0,0.12009219234767264
0,0.21511410494126523
1,0.6450728374502886
0,0.15410609500824848
0,0.6694603161250906
0,0.11523836390461258
0,0.11610002837745045
1,0.11610002837745045
0,0.1595651771906626
0,0.1957678468826381
0,0.1432230511844649
1,0.11523836390461258
0,0.14744243348765476
0,0.12902210398115682
0,0.13054300056829696
1,0.6245227578171316
0,0.1766187026558938
1,0.6542500626971818
0,0.11610002837745045
0,0.13697262606755067
0,0.14744243348765476
0,0.23187763125686855
0,0.11982824893395456
0,0.5277953353848508
0,0.26556252602274294
0,0.17610242223115213
1,0.22646622055135648
0,0.15739013037242372
0,0.12119227108815918
0,0.6351530855249607
0,0.1643892945678471
1,0.6183333029522035
1,0.645583446441447
0,0.13240387618457805
1,0.8523316608931115
0,0.12649846818990734
1,0.22736815127504517
0,0.2677226509718902
0,0.13638447832334183
0,0.17917539520332781
0,0.13346039044489907
1,0.15099396401564655
0,0.14354516539304607
0,0.14744243348765476
1,0.6789558948935377
1,0.5891840267747431
0,0.13960338460792654
1,0.14391715837584942
0,0.19069534196625243
1,0.6699066029273508
0,0.1480008861878758
0,0.14744243348765476
0,0.14744243348765476
1,0.916480912685563
0,0.1719222050921221
0,0.3345194170830522
1,0.18911619432200721
1,0.6735138217444434
0,0.14397122610805965
1,0.6880366855717807
0,0.14744243348765476
0,0.1454669564368471
0,0.09087023254493508
1,0.2260532565378024
1,0.12989109026531345
0,0.12119227108815918
1,0.22960104556360503
0,0.13268225864023384
1,0.84671091633349
1,0.23619138352547314
1,0.2855089962444431
0,0.1389748767117246
0,0.6652274522461733
0,0.15844721990221702
1,0.13268225864023384
0,0.11865106323758749
0,0.15938074749254302
0,0.1475050741037618
0,0.2260532565378024
0,0.12672722330086372
0,0.1807487361436637
0,0.13697262606755067
0,0.15338851357843145
0,0.17847466118301217
0,0.15490612477739638
0,0.13944633642805254
0,0.13526665443528554
0,0.11941726718365744
0,0.11523836390461258
1,0.7646893249839486
0,0.2280004483944643
1,0.1711297519628046
0,0.17400232885344588
0,0.14744243348765476
0,0.17171170391358623
0,0.13900784609627026
0,0.2498704833741379
1,0.7692563414542556
1,0.7112565136557928
0,0.14512008301273982
0,0.6841653453648614
1,0.6914188458885295
0,0.2434639517778841
0,0.14744243348765476
1,0.6846290826464514
0,0.14744243348765476
1,0.16156779004782976
0,0.3194914178156197
0,0.14744243348765476
0,0.13697262606755067
0,0.12649846818990734
0,0.16382331397509325
0,0.18905182024728345
0,0.20774127135451018
0,0.2855089962444431
0,0.11941726718365744
0,0.11941726718365744
1,0.334950009414305
0,0.6289154556910822
0,0.1687166496095543
0,0.12119227108815918
1,0.8795096081326694
0,0.11728572514588742
0,0.6475439613345918
1,0.13537647066912198
0,0.12989109026531345
0,0.22736815127504517
0,0.22736815127504517
0,0.13697262606755067
0,0.7358337257407259
1,0.80908269710676
1,0.6776266721198321
1,0.14744243348765476
0,0.14029279310682227
0,0.11728572514588742
0,0.12979236053996082
0,0.12664179794904207
1,0.1613391649222172
1,0.5949359126482346
1,0.8805924185644194
0,0.18201643780517043
0,0.7192690101820673
1,0.6475439613345918
1,0.22960104556360503
1,0.17946887445185516
0,0.1448825456044293
0,0.1903201143123064
0,0.22646622055135648
1,0.46705914119627173
0,0.13529385836541533
0,0.13240387618457805
0,0.15453536587228156
0,0.257950243683389
0,0.12413166708298741
0,0.12191452390506359
0,0.11941726718365744
0,0.11941726718365744
0,0.14717070246668507
0,0.15490612477739638
0,0.259861213210338
0,0.11728572514588742
0,0.2678743888194278
0,0.13900784609627026
1,0.7576636320206261
1,0.5714392318166462
0,0.20689859015107437
0,0.09087023254493508
0,0.11523836390461258
0,0.14948183228903467
1,0.6201070653819504
0,0.12119227108815918
0,0.17589729526442713
0,0.09087023254493508
0,0.11941726718365744
1,0.6688995514868921
0,0.13767860803656892
0,0.1974849301822853
0,0.13697262606755067
0,0.1622949480083091
0,0.3345194170830522
0,0.13608799611212474
0,0.6817699608431259
0,0.6594539510462724
0,0.5783588140158388
0,0.13980283845873281
0,0.1490594806208911
0,0.12649846818990734
1,0.6263183217356482
1,0.8573041728432628
1,0.6263183217356482
0,0.798971391858588
0,0.16211656562662863
0,0.1227352520067703
0,0.26566739531949723
0,0.17405749430268436
1,0.11941726718365744
0,0.33052188990014053
0,0.1253020513364203
0,0.21592427796646882
1,0.12451346540054219
0,0.1389748767117246
1,0.7433896627023124
0,0.6652274522461733
1,0.22084262497908924
0,0.5949359126482346
0,0.13853891361190693
0,0.1275945976268769
1,0.685528543247895
0,0.12309307014332191
1,0.46828549319155105
0,0.2014223801013464
0,0.11966603117800217
0,0.12103431431689377
1,0.7066865584946678
0,0.11010560533921429
0,0.3104451845589515
0,0.13343188220824756
1,0.7167897375643494
0,0.17297909249104426
0,0.11684296252382947
0,0.12103431431689377
0,0.2135812084594945
1,0.6201070653819504
0,0.12649846818990734
1,0.6475439613345918
0,0.11237488090408733
1,0.6638700898146542
0,0.7004132574343852
0,0.1131471880094
1,0.727906824484021
1,0.6638700898146542
0,0.18355910479417115
1,0.24247358406563543
1,0.14744243348765476
0,0.31103216697903296
0,0.13268225864023384
0,0.5607434615755188
0,0.23609058035067074
1,0.8199727823794191
1,0.6547477567046002
1,0.6542500626971818
0,0.1131471880094
0,0.2434639517778841
0,0.6754360458050801
1,0.7358337257407259
0,0.1889725721365891
0,0.2498704833741379
0,0.14744243348765476
0,0.1315700295711415
0,0.11941726718365744
0,0.13931366818280067
0,0.1298638731917499
1,0.1652925594346902
0,0.2498704833741379
1,0.15099396401564655
1,0.7358337257407259
0,0.1342241068095786
1,0.6542500626971818
0,0.1323718328453104
0,0.22084262497908924
0,0.12842511392701322
0,0.1490594806208911
1,0.8446139927525967
0,0.6701502844414043
1,0.14365858365936773
0,0.16022726646758007
1,0.12664179794904207
1,0.6475439613345918
0,0.3194914178156197
0,0.15982931539612671
0,0.12649846818990734
0,0.14744243348765476
0,0.13767860803656892
0,0.29012582470702214
0,0.13240387618457805
0,0.1957748049607362
0,0.1664986791431173
0,0.14155970190501174
0,0.1227352520067703
1,0.708743469358038
0,0.7167897375643494
0,0.1265942945078207
0,0.8315425052397712
0,0.2378700586072336
0,0.14103992868419735
0,0.2383251643836606
0,0.12321273750007318
1,0.8974117934906763
0,0.11523836390461258
0,0.12649846818990734
0,0.22534991670393498
1,0.6759318866579618
0,0.11941726718365744
0,0.15634417619562654
0,0.14744243348765476
0,0.11941726718365744
0,0.12242380515183088
1,0.1571992363106105
1,0.6891878913081307
0,0.12190982511114444
0,0.22646622055135648
0,0.1612966763146955
0,0.18469838983680784
1,0.615761181255794
0,0.11939392072750392
0,0.1974849301822853
0,0.23187763125686855
1,0.13217675016174657
0,0.15536791241286896
0,0.12989109026531345
0,0.1761037272765763
1,0.6737195256763692
0,0.1741306490438963
0,0.7167897375643494
0,0.6594539510462724
0,0.7059464813429417
1,0.8390074037251884
0,0.2645332510082613
1,0.5949407375686879
1,0.5902802801020162
0,0.14744243348765476
0,0.12989109026531345
0,0.259861213210338
0,0.14744243348765476
1,0.6739727440393984
0,0.12902210398115682
0,0.1952599500884086
0,0.12119227108815918
1,0.8637989338878953
0,0.22084262497908924
0,0.22736815127504517
0,0.2280004483944643
0,0.14019095955931268
1,0.14744243348765476
1,0.33717490872720124
0,0.2498704833741379
1,0.8489683251793383
0,0.09087023254493508
0,0.5488951684980611
0,0.13845991004000238
0,0.2817936857547838
1,0.7228353209857257
0,0.1612966763146955
0,0.13767860803656892
0,0.7059464813429417
0,0.6646989708054688
0,0.6524037058669447
0,0.11015121066226725
0,0.12724140233628636
0,0.22736815127504517
0,0.11941726718365744
0,0.11610002837745045
0,0.22084262497908924
1,0.22736815127504517
1,0.34993797788697995
1,0.13455705619386135
0,0.3070144564642964
0,0.13865375388821488
0,0.14744243348765476
0,0.12278654280290999
0,0.6638700898146542
0,0.13479194567574215
1,0.7433896627023124
0,0.17467413004949373
0,0.2938055270463561
1,0.25151038965725253
1,0.577166225052207
0,0.12649846818990734
1,0.14744243348765476
0,0.13697262606755067
0,0.1521198178264091
0,0.12119227108815918
0,0.7024770855417654
0,0.37868337114218076
0,0.14744243348765476
0,0.17738061679451483
0,0.21453777524237339
0,0.13184380077746385
1,0.7469562964339128
0,0.23565710929363534
0,0.13865375388821488
1,0.24057378624689
0,0.14744243348765476
1,0.27919522489398646
0,0.11523836390461258
1,0.26803695735481015
0,0.12649846818990734
0,0.14256484982626658
0,0.2378700586072336
0,0.2645332510082613
0,0.12979236053996082
0,0.2378700586072336
1,0.18531007554331902
1,0.7638493435030964
1,0.2844689804200879
0,0.5949359126482346
1,0.12311400777472055
0,0.12672722330086372
1,0.6688995514868921
0,0.12989109026531345
1,0.14744243348765476
0,0.2714395215465916
1,0.6183333029522035
1,0.21204340150347728
0,0.14744243348765476
1,0.9027489524459813
0,0.11868214022210453
0,0.12989109026531345
1,0.21164943262792946
0,0.17273647268906409
0,0.22594859252105617
0,0.6880366855717807
0,0.12979236053996082
1,0.4080371339737423
0,0.11523836390461258
0,0.14521900489377623
0,0.12664179794904207
0,0.13865375388821488
1,0.5555385824577028
0,0.2855089962444431
1,0.6538941721216587
1,0.7925394892774862
1,0.11939392072750392
0,0.1266008774493297
1,0.6263183217356482
0,0.13697262606755067
0,0.12190982511114444
1,0.247276263746871
1,0.7680019655656362
0,0.6836550934467065
0,0.12688095847339903
1,0.6759318866579618
0,0.6475439613345918
0,0.33717490872720124
0,0.2383251643836606
0,0.19588742788864186
0,0.1227352520067703
0,0.25151038965725253
0,0.12989109026531345
1,0.6737195256763692
0,0.3790578028757122
1,0.7646893249839486
1,0.6797532963605881
0,0.16975863929805068
1,0.6914188458885295
0,0.11015121066226725
0,0.19193973629424313
1,0.6527100744682902
1,0.5682168261862242
1,0.14003318182602909
0,0.1565231719106327
0,0.13715965277755102
0,0.12649846818990734
1,0.12451346540054219
0,0.13697262606755067
0,0.16110956629063147
1,0.6204448953359735
1,0.25574505276631604
1,0.7925394892774862
1,0.8668937566182069
0,0.13952222037615844
0,0.13697262606755067
0,0.28819192408863614
0,0.12989109026531345
0,0.11015121066226725
0,0.11523836390461258
1,0.13240387618457805
1,0.5245984134669965
1,0.7328450785598776
0,0.11941726718365744
0,0.11941726718365744
0,0.14354516539304607
0,0.7925394892774862
1,0.6263183217356482
1,0.712248461186331
0,0.13188547282520532
0,0.11728572514588742
1,0.2844689804200879
0,0.1761037272765763
1,0.6914188458885295
0,0.12123325675166823
0,0.12664179794904207
1,0.282837676253988
0,0.2693596797510396
1,0.2714395215465916
0,0.22673850221796465
1,0.6916100004173401
0,0.2383251643836606
1,0.7167897375643494
0,0.1684092062827668
1,0.7389327458515546
0,0.1597111603960827
0,0.6894660221541441
1,0.16873158162464053
0,0.6594539510462724
1,0.5880348745791941
0,0.11684296252382947
0,0.11834919083782183
0,0.12664179794904207
1,0.14744243348765476
0,0.1448864737038009
0,0.2997048257272524
0,0.14744243348765476
1,0.12664179794904207
1,0.7358337257407259
0,0.14155520645732778
0,0.1227352520067703
0,0.11066961402163997
1,0.6547477567046002
0,0.1612325495229884
0,0.11610002837745045
1,0.6338961657106242
1,0.8120185719064629
1,0.18729077848932013
0,0.2673719278597732
1,0.6322161063206199
0,0.12119227108815918
1,0.6541426713946463
1,0.2383251643836606
1,0.19662438070206487
0,0.13658768008296396
1,0.6117194086931966
0,0.5714392318166462
0,0.15862707149099847
0,0.14547694122461108
0,0.11523836390461258
0,0.1362398487718322
0,0.7004132574343852
0,0.12119227108815918
0,0.11523836390461258
0,0.27785951963114514
0,0.12664179794904207
0,0.166306550343315
1,0.9271806705190976
0,0.3194914178156197
0,0.2383251643836606
1,0.6245227578171316
0,0.13913857368043125
0,0.2539840382476493
0,0.1253229594633163
0,0.14364408727408248
0,0.2260532565378024
0,0.11943434452414942
1,0.14802694243848682
0,0.12902210398115682
1,0.6770399837456355
0,0.11966603117800217
0,0.12649846818990734
1,0.6664298357291283
0,0.11469016892801112
1,0.1498305826639016
0,0.14744243348765476
1,0.5880348745791941
1,0.6571773709433212
0,0.20960105659208247
1,0.8309903408782318
0,0.11941726718365744
0,0.16156779004782976
1,0.5969421802287225
0,0.13900784609627026
0,0.6914188458885295
0,0.5921207506268682
0,0.12979235244605555
1,0.8309903408782318
0,0.1323129637175205
0,0.13697262606755067
0,0.13697262606755067
0,0.13697262606755067
1,0.7004132574343852
1,0.7278774620225831
0,0.22736815127504517
0,0.20627814402331682
1,0.7358337257407259
0,0.13240387618457805
0,0.19201852420634252
1,0.25919772983304834
0,0.1422642581404183
1,0.1802652124441177
1,0.259861213210338
0,0.14744243348765476
0,0.22084262497908924
0,0.7188982083933771
1,0.7194152135873888
1,0.15784987792690694
0,0.15763231426512328
0,0.1893492182106635
0,0.14744243348765476
1,0.6117194086931966
0,0.13240387618457805
0,0.13697262606755067
0,0.17403358471970004
0,0.13658768008296396
1,0.6846290826464514
0,0.14744243348765476
0,0.1265942945078207
1,0.7985112710562656
0,0.24737184317013206
0,0.14744243348765476
0,0.14045649007552893
1,0.16826881458912227
0,0.15831485314926144
1,0.6793810757601457
0,0.19172069645141956
0,0.12724140233628636
1,0.644032248518543
1,0.24737184317013206
0,0.11941726718365744
0,0.12724140233628636
0,0.15899017092088727
1,0.9027489524459813
1,0.6618545547208473
1,0.19229190709052107
1,0.2383251643836606
1,0.7358337257407259
1,0.17270302229175824
0,0.14199566500482944
1,0.7358337257407259
0,0.1390753373911099
1,0.12902210398115682
0,0.24737184317013206
1,0.7515524339331434
0,0.1545419793698788
0,0.13087646105810555
1,0.17645729300079038
1,0.7358337257407259
1,0.22646622055135648
0,0.6594539510462724
0,0.2498704833741379
1,0.8985816161618898
0,0.23216419924151155
0,0.12664179794904207
0,0.6121483645340605
0,0.13523268359598445
0,0.13697262606755067
0,0.13697262606755067
1,0.7891210430570649
0,0.1432230511844649
0,0.13021855523712397
1,0.2770736606874462
0,0.2434639517778841
0,0.1802652124441177
0,0.2434639517778841
0,0.22736815127504517
1,0.18100814659049672
0,0.7059489351245953
0,0.12649846818990734
0,0.12664179794904207
0,0.1188953988489324
0,0.12119227108815918
1,0.29733909357012933
0,0.13261085690951072
1,0.6263183217356482
1,0.1315700295711415
0,0.13845801215070075
0,0.11728572514588742
0,0.7475523267724543
0,0.12649846818990734
0,0.12202906711326285
1,0.6652274522461733
0,0.13563790526453584
0,0.12918769676613084
0,0.12321273750007318
1,0.8206754065403893
1,0.8410199301800638
1,0.8777473266573569
1,0.22594859252105617
0,0.1131471880094
0,0.24737184317013206
0,0.12446448007168183
0,0.3687162646478383
1,0.19662438070206487
0,0.12664179794904207
0,0.14943244495699856
0,0.14744243348765476
1,0.12282067735859195
0,0.11523836390461258
0,0.2262386673788204
1,0.4848704121497854
0,0.12119227108815918
0,0.14354516539304607
1,0.13540933247169587
0,0.5592973997779295
0,0.14744243348765476
1,0.22594859252105617
1,0.644032248518543
1,0.2288529954831232
0,0.12649846818990734
0,0.11523836390461258
0,0.13563790526453584
0,0.14744243348765476
1,0.6566513029465599
0,0.23322538605991844
0,0.11941726718365744
0,0.11818650314315694
0,0.17191151820075348
0,0.19998974006008874
0,0.27389785300596187
0,0.2794344372508389
0,0.24737184317013206
0,0.1304129830753608
0,0.12672722330086372
0,0.12649846818990734
0,0.14744243348765476
0,0.13697262606755067
1,0.4086011153987238
0,0.13845801215070075
1,0.1245905006886223
0,0.13268225864023384
0,0.14300735943337697
0,0.28553301724744157
1,0.6652274522461733
0,0.22736815127504517
1,0.6547477567046002
0,0.12664179794904207
1,0.8539639373401804
0,0.14364408727408248
0,0.30047169565281284
0,0.2498704833741379
0,0.12119227108815918
0,0.22673850221796465
0,0.6735138217444434
0,0.6880366855717807
0,0.22084262497908924
0,0.14369895997694865
1,0.2443964607686532
0,0.17986427370399818
0,0.11523836390461258
1,0.6621268162427397
1,0.6914188458885295
0,0.2383251643836606
0,0.14744243348765476
1,0.6983935008268213
0,0.12664179794904207
0,0.1951914549372927
0,0.5656209789037212
0,0.7059388709297875
0,0.14155970190501174
0,0.22736815127504517
0,0.5793244673682586
0,0.13464452473381325
0,0.2645332510082613
0,0.22594859252105617
0,0.2280004483944643
0,0.22002413613871352
0,0.24119804964251432
1,0.34047690832332617
0,0.13697262606755067
0,0.13240387618457805
0,0.11523836390461258
0,0.16689872767411193
0,0.13913857368043125
1,0.3956224140530219
1,0.7433896627023124
0,0.6940621596533747
0,0.14414353955742193
0,0.13845991004000238
1,0.8805924185644194
0,0.13849300430464198
0,0.5714392318166462
1,0.3159620117102987
0,0.11523836390461258
0,0.14744243348765476
0,0.22084262497908924
0,0.23396530313578776
1,0.6831295629027486
0,0.17171170391358623
1,0.7158795953360391
1,0.24152614346585616
0,0.32576433757732737
0,0.12664179794904207
0,0.16689872767411193
0,0.7114821590331519
0,0.25772195513840107
1,0.7577916151001515
0,0.13796901418515878
1,0.20395123657762523
0,0.1275417558648648
1,0.7167897375643494
0,0.2058255992589922
0,0.11523836390461258
1,0.8309903408782318
0,0.1473824982554822
0,0.12649846818990734
0,0.12649846818990734
0,0.20507689330243403
0,0.13697262606755067
0,0.12649846818990734
0,0.11523836390461258
0,0.12649846818990734
1,0.5531021493919366
0,0.14744243348765476
0,0.15018237240716817
0,0.13329565374224575
0,0.1735291088332116
1,0.8668937566182069
1,0.6369066399756332
0,0.17589729526442713
1,0.8539639373401804
1,0.5783588140158388
1,0.7167897375643494
1,0.22736815127504517
0,0.24830148582430928
1,0.14532903956525617
1,0.314997123448819
0,0.1944154290134691
0,0.14744243348765476
0,0.13697262606755067
0,0.22736815127504517
0,0.1612966763146955
1,0.7925394892774862
1,0.7472210927596971
0,0.10558246077929465
0,0.23157237950563914
0,0.13767860803656892
1,0.6827068585858149
0,0.26522654625671954
0,0.18959295635182707
0,0.1889725721365891
0,0.11941726718365744
0,0.13397879380427177
0,0.11523836390461258
0,0.11523836390461258
0,0.24752733862069654
0,0.31817173562711576
0,0.14744243348765476
0,0.14744243348765476
0,0.11523836390461258
1,0.5554338172385448
0,0.13268225864023384
0,0.14744243348765476
1,0.22084262497908924
0,0.13573283620854035
0,0.2468211579704439
0,0.1622949480083091
0,0.37859313144121026
1,0.2383251643836606
0,0.12649846818990734
0,0.6594539510462724
1,0.7433896627023124
1,0.7433896627023124
1,0.13697262606755067
1,0.6475439613345918
0,0.17589729526442713
0,0.2559551021244881
1,0.8078492890317167
0,0.11941726718365744
0,0.3194914178156197
0,0.22084262497908924
0,0.13118492660707404
1,0.6669871278154131
0,0.14744243348765476
0,0.1903201143123064
1,0.7091095555018743
0,0.20152388499432067
0,0.12664179794904207
1,0.702859377441763
0,0.6817643636201983
0,0.13069438949188628
1,0.24425224850953464
0,0.14155520645732778
0,0.11523836390461258
1,0.1903201143123064
0,0.12688095847339903
1,0.6914188458885295
1,0.6789558948935377
1,0.8390074037251884
0,0.14744243348765476
0,0.11941726718365744
0,0.11941726718365744
1,0.5949359126482346
0,0.12649846818990734
0,0.11941726718365744
1,0.6245227578171316
0,0.13148918618983593
0,0.12898131765538742
0,0.1265942945078207
0,0.17060970677803977
0,0.12664179794904207
0,0.12649846818990734
0,0.17171170391358623
0,0.14744243348765476
0,0.22736815127504517
0,0.22084262497908924
1,0.7059489351245953
0,0.1356306045848725
1,0.33717490872720124
0,0.12989109026531345
1,0.5020342480743079
0,0.11077448132062062
0,0.1413960049363051
1,0.14300735943337697
0,0.13268225864023384
1,0.5714392318166462
0,0.14748292320822937
1,0.6150537577660798
0,0.2727723663887998
1,0.6517037462235568
0,0.11523836390461258
0,0.14499916885337352
1,0.7358337257407259
1,0.14364408727408248
0,0.2372216649621088
1,0.7985112710562656
0,0.1264020329474906
1,0.1375787735814081
1,0.6183333029522035
0,0.17919401081154038
0,0.20320632580487014
0,0.3387394569861963
1,0.18358853972670489
0,0.1417156119929256
0,0.1545419793698788
1,0.3704067406510259
1,0.8417341425311243
0,0.14744243348765476
0,0.11941726718365744
0,0.13697262606755067
0,0.21394920546308696
0,0.12649846818990734
1,0.683131093087318
1,0.7059489351245953
1,0.8446139927525967
0,0.11523836390461258
1,0.15021662659957793
1,0.16156779004782976
0,0.13268225864023384
0,0.11610002837745045
0,0.14744243348765476
0,0.18389815641391402
1,0.6855654534730279
0,0.6290143051390911
0,0.22084262497908924
1,0.9052877175244798
0,0.7059489351245953
1,0.6245227578171316
1,0.2352741129446365
1,0.7891210430570649
0,0.11939392072750392
1,0.1487188063815168
0,0.14744243348765476
1,0.9183585504902996
0,0.12664179794904207
0,0.1390446405260747
0,0.12688095847339903
1,0.12902210398115682
0,0.15831485314926144
0,0.6594539510462724
0,0.19213395937769023
0,0.6914188458885295
0,0.7112565136557928
0,0.24737184317013206
0,0.11941726718365744
0,0.12664179794904207
1,0.24533033740701668
0,0.11941726718365744
0,0.16376438001014434
0,0.11015121066226725
0,0.24533033740701668
0,0.13542924235799464
1,0.24533033740701668
0,0.5020342480743079
1,0.11523836390461258
0,0.15030784239411482
0,0.12119227108815918
0,0.14744243348765476
1,0.743505125674255
0,0.1188953988489324
0,0.12664179794904207
1,0.2700911011881213
0,0.14744243348765476
0,0.1334160311938872
1,0.14748292320822937
0,0.17589729526442713
0,0.13582012900112583
1,0.6914188458885295
1,0.6688995514868921
0,0.11077448132062062
0,0.11941726718365744
0,0.7475523267724543
1,0.6517037462235568
0,0.14646905513511582
1,0.2208755487949987
0,0.21315690253285002
1,0.8309903408782318
0,0.24737184317013206
0,0.1188953988489324
0,0.15899017092088727
0,0.22672315797535758
0,0.11523836390461258
0,0.14748292320822937
1,0.13701939054632067
0,0.22378007092918498
1,0.17109230586029406
1,0.6278012294363955
1,0.6776266721198321
1,0.7059489351245953
0,0.2498704833741379
0,0.13218210602767796
0,0.12664179794904207
1,0.5880348745791941
1,0.6113240825675318
0,0.16125944648576032
1,0.1298638731917499
1,0.14744243348765476
1,0.6779365942341751
0,0.1282659734854693
0,0.14744243348765476
0,0.1351345884955778
0,0.11610002837745045
1,0.6542500626971818
1,0.6706601651729805
0,0.14364408727408248
0,0.7004132574343852
0,0.22736815127504517
0,0.11610002837745045
0,0.14744243348765476
1,0.6369066399756332
0,0.16086904432349575
0,0.13540933247169587
1,0.14361606620447526
0,0.28975964170831314
1,0.16222976368608516
0,0.1315700295711415
0,0.269897550964467
0,0.15836235659048284
0,0.1304129830753608
0,0.12357257712027395
0,0.14332526833410458
1,0.2383251643836606
1,0.7591450362060838
0,0.14744243348765476
1,0.7925394892774862
0,0.1545419793698788
0,0.12688095847339903
0,0.12902210398115682
0,0.1317798779549855
0,0.15598205055836806
0,0.1448864737038009
0,0.1168226718687991
0,0.165531339423759
1,0.798971391858588
0,0.22736815127504517
1,0.7167897375643494
0,0.2498704833741379
0,0.22594859252105617
0,0.2378700586072336
1,0.8668937566182069
1,0.6475439613345918
0,0.22132591806750018
0,0.12451346540054219
0,0.14354516539304607
1,0.6652274522461733
0,0.11523836390461258
0,0.12649846818990734
0,0.12664179794904207
0,0.22084262497908924
1,0.1265942945078207
0,0.13697262606755067
0,0.9454977215394619
0,0.13917727955634554
0,0.22594859252105617
0,0.14744243348765476
1,0.8801296291436093
0,0.2465652467753153
1,0.29654905169715823
1,0.7475523267724543
0,0.12649846818990734
0,0.27910246464818933
1,0.6934182310216671
1,0.18563680823535256
0,0.12664179794904207
0,0.13897641551007348
0,0.24533033740701668
0,0.22736815127504517
0,0.1545419793698788
1,0.8637989338878953
0,0.1389748767117246
0,0.1370612212406152
0,0.25574505276631604
1,0.6450728374502886
0,0.6406462716562222
0,0.12649846818990734
1,0.6914188458885295
0,0.13087646105810555
0,0.12664179794904207
1,0.7059489351245953
0,0.1422642581404183
1,0.6594539510462724
0,0.12979236053996082
0,0.11941726718365744
0,0.12902210398115682
1,0.5591137504119962
0,0.11941726718365744
0,0.20922873667473396
0,0.12357257712027395
0,0.22089590093206082
1,0.33052188990014053
0,0.11523836390461258
1,0.14744243348765476
0,0.1548484381879521
0,0.7378699773651461
0,0.1188953988489324
0,0.5571221028888498
0,0.5477891425961603
0,0.14693844592700478
0,0.13268225864023384
0,0.6410756485696718
1,0.8174427431561998
1,0.7358337257407259
0,0.14056548863616877
0,0.12649846818990734
0,0.12114491256291779
1,0.21126906845552343
1,0.8974117934906763
0,0.11610002837745045
0,0.5783588140158388
0,0.11066961402163997
1,0.24533033740701668
1,0.6916100004173401
0,0.1407291856048754
1,0.2203003662111768
0,0.14744243348765476
1,0.31086550586467926
0,0.22594859252105617
0,0.1390753373911099
0,0.1227352520067703
0,0.6831295629027486
1,0.12119227108815918
0,0.7103789849031931
1,0.23142126509513253
0,0.13658768008296396
0,0.22084262497908924
0,0.17171170391358623
1,0.3159620117102987
0,0.14170021406199124
0,0.6263183217356482
1,0.13242750692571975
0,0.1315700295711415
0,0.1319292261292855
1,0.8206754065403893
0,0.14744243348765476
0,0.17589729526442713
0,0.275509172085738
0,0.12119227108815918
0,0.33052188990014053
0,0.11610002837745045
0,0.12190982511114444
1,0.18336098655416874
1,0.1315700295711415
0,0.2721237103596947
1,0.8390074037251884
0,0.1663841843513483
0,0.14147680813253838
0,0.13397879380427177
0,0.22594859252105617
1,0.6737195256763692
0,0.1328347233684419
0,0.11941726718365744
0,0.14744243348765476
0,0.18909638567610623
1,0.7799996228868189
0,0.13240387618457805
0,0.17589729526442713
0,0.11941726718365744
0,0.14078739963364267
0,0.18583588938600906
0,0.6621268162427397
0,0.16086904432349575
1,0.6154296159208165
0,0.11610002837745045
0,0.11941726718365744
0,0.12649846818990734
0,0.14744243348765476
0,0.5973897095911416
0,0.16600149910862336
0,0.29913046543104715
0,0.14744243348765476
1,0.6652274522461733
0,0.11573212484104142
1,0.2383251643836606
1,0.14744243348765476
1,0.14364408727408248
0,0.22594859252105617
0,0.21804781812859944
0,0.12289721392978886
0,0.11941726718365744
0,0.23166295030825523
0,0.26662288591618233
1,0.6638700898146542
0,0.12152431962746554
1,0.1205630495710461
0,0.13268225864023384
0,0.11359286676910454
0,0.14364408727408248
0,0.13188547282520532
0,0.14354516539304607
1,0.6652274522461733
0,0.12664179794904207
0,0.1389748767117246
1,0.8309903408782318
1,0.5659428954464559
1,0.6831894741042758
0,0.1306114957194129
0,0.6475439613345918
1,0.7646893249839486
1,0.7167897375643494
0,0.2630373969257343
1,0.6699066029273508
0,0.14652431830252746
1,0.7433896627023124
0,0.14744243348765476
0,0.18358853972670489
0,0.6914188458885295
0,0.22736815127504517
1,0.11684296252382947
0,0.15490612477739638
0,0.2434639517778841
0,0.16900501173695107
1,0.6776266721198321
1,0.18959295635182707
1,0.5973897095911416
0,0.1545419793698788
1,0.2388921943210668
0,0.13204382136870355
1,0.14744243348765476
0,0.12994261973800658
0,0.13767860803656892
0,0.11859671487028288
0,0.1540505460800652
0,0.11941726718365744
0,0.14744243348765476
1,0.6032324434501477
0,0.2498704833741379
0,0.11610002837745045
0,0.1347414326984298
0,0.12664179794904207
1,0.8309903408782318
0,0.12357257712027395
0,0.12664179794904207
0,0.17605210874248417
0,0.19832250184317549
0,0.17459191768661889
0,0.14744243348765476
0,0.11610002837745045
0,0.7638493435030964
0,0.12649846818990734
1,0.8539639373401804
0,0.1889725721365891
0,0.14744243348765476
1,0.7328450785598776
1,0.6688995514868921
1,0.6059652847451796
1,0.3753596094299451
1,0.2623690699044799
0,0.17589729526442713
0,0.12664179794904207
0,0.11982011542466708
0,0.22736815127504517
1,0.1315700295711415
1,0.22736815127504517
0,0.12422057141721496
0,0.1273167229422327
0,0.12664179794904207
1,0.7091095555018743
0,0.12119227108815918
1,0.8390074037251884
1,0.158194960922674
0,0.18611194375732018
1,0.7366969438309795
0,0.11066961402163997
0,0.1400329297703945
1,0.6517037462235568
0,0.1298638731917499
0,0.5543883546293227
1,0.6369066399756332
0,0.12932501470327976
0,0.7475523267724543
0,0.21997580594933042
1,0.29913046543104715
0,0.3385091622432588
0,0.13445065899492434
0,0.19069534196625243
0,0.2498704833741379
0,0.8315425052397712
0,0.1457142927207426
1,0.5864141990549768
0,0.18674009167215905
0,0.1556329269839332
0,0.13697262606755067
0,0.14744243348765476
0,0.6263183217356482
0,0.25848252793167936
0,0.15277128156011532
0,0.1304129830753608
0,0.13021855523712397
1,0.44905500066812015
1,0.17283415130633636
0,0.11873356457999626
1,0.28260096236587734
0,0.13240387618457805
1,0.32126394567713623
0,0.12672722330086372
1,0.34993797788697995
1,0.22025669010113338
0,0.13547836711880815
0,0.14744243348765476
1,0.21415232937115763
1,0.33052188990014053
1,0.7059489351245953
0,0.27910246464818933
0,0.16894566098048075
0,0.12311400777472055
1,0.6776266721198321
0,0.13361117731253008
1,0.5973897095911416
0,0.13063402441169247
1,0.6776266721198321
1,0.11941726718365744
1,0.8575517187732439
0,0.16523792813058494
1,0.8309903408782318
1,0.14029279310682227
1,0.12989109026531345
0,0.1417501734056127
0,0.12989109026531345
1,0.16222976368608516
0,0.1422642581404183
0,0.6638700898146542
1,0.8622934963764728
1,0.17582352203536972
0,0.14999015175006541
0,0.13240387618457805
0,0.14744243348765476
1,0.6594539510462724
1,0.6517037462235568
1,0.6914188458885295
0,0.33052188990014053
0,0.13146856631453263
1,0.7059489351245953
0,0.1273167229422327
1,0.6664298357291283
0,0.17952189537860172
0,0.13240387618457805
0,0.12664179794904207
0,0.3194914178156197
0,0.14744243348765476
0,0.17697419212962595
0,0.13268225864023384
1,0.13268225864023384
0,0.12902210398115682
0,0.17589729526442713
0,0.12664179794904207
0,0.15845359606435808
0,0.14744243348765476
1,0.17924922556427167
0,0.26021635431992857
1,0.13823005189574056
0,0.11359286676910454
0,0.1951914549372927
0,0.13240387618457805
0,0.11015121066226725
1,0.14194382917079185
1,0.6831295629027486
0,0.13965467893515554
1,0.7925394892774862
1,0.8575517187732439
0,0.13237503093016714
1,0.6638700898146542
0,0.6579240409507274
0,0.3001689999191673
1,0.15338851357843145
0,0.09087023254493508
0,0.1253020513364203
0,0.6776266721198321
0,0.14744243348765476
0,0.1832467698297428
0,0.7167897375643494
0,0.7059489351245953
0,0.13610787914816103
0,0.22084262497908924
0,0.11469016892801112
1,0.11861900544064127
1,0.6817847103400231
0,0.12649846818990734
0,0.13242750692571975
0,0.665967405096236
0,0.15490612477739638
0,0.2434639517778841
0,0.33052188990014053
1,0.6652274522461733
1,0.15214840243114294
0,0.18670935834625055
0,0.12664179794904207
0,0.11861900544064127
0,0.1957678468826381
1,0.29710170567807254
0,0.1425425912842026
0,0.13900784609627026
1,0.12181090323010801
0,0.14744243348765476
0,0.14744243348765476
0,0.17191543535255396
0,0.28719174821046173
0,0.24152614346585616
0,0.17171170391358623
1,0.12119227108815918
1,0.7030784877017331
0,0.6688995514868921
1,0.27919522489398646
0,0.16343793539807175
0,0.280505246472175
0,0.18583588938600906
0,0.11684296252382947
1,0.2388921943210668
1,0.6737195256763692
0,0.15490612477739638
0,0.13519156777077898
1,0.11941726718365744
1,0.6914188458885295
0,0.11570255380461283
0,0.14744243348765476
1,0.7358337257407259
0,0.11949265045285655
0,0.21552332445559697
0,0.2524161125634958
0,0.23179320031466058
1,0.247276263746871
0,0.13240387618457805
0,0.13158084477541204
0,0.6618545547208473
0,0.12279096407894709
0,0.194265613141714
0,0.13697262606755067
1,0.13697262606755067
1,0.6621268162427397
0,0.11949265045285655
1,0.6789558948935377
0,0.13242750692571975
0,0.12989109026531345
0,0.11523836390461258
1,0.8539639373401804
0,0.13240387618457805
0,0.22594859252105617
0,0.13913857368043125
0,0.1315700295711415
0,0.15896087513469007
1,0.24312433068718692
0,0.14364408727408248
1,0.24312685743013027
0,0.5020342480743079
1,0.7059489351245953
1,0.6263183217356482
1,0.11523836390461258
0,0.12664179794904207
0,0.1295179396057689
0,0.1448864737038009
0,0.1660925895399663
0,0.11939392072750392
0,0.11132359120423148
0,0.13400745632692418
0,0.14943218704247982
1,0.11941726718365744
0,0.13397879380427177
0,0.24737184317013206
0,0.16156779004782976
0,0.22084262497908924
1,0.7059489351245953
1,0.7059489351245953
0,0.1315700295711415
0,0.14744243348765476
1,0.7283776321966976
0,0.1663841843513483
0,0.11015121066226725
0,0.12672239108337274
0,0.15046947558757073
0,0.13242750692571975
0,0.13697262606755067
0,0.7059489351245953
1,0.7008774316263
1,0.7515524339331434
0,0.18979979501894745
0,0.24737184317013206
1,0.6245227578171316
0,0.12202906711326285
0,0.13204382136870355
0,0.19045502007186219
0,0.13240387618457805
1,0.1737702416330566
0,0.13746084333565203
0,0.2645332510082613
0,0.3887871324457782
1,0.14226442528699798
0,0.13810641131442258
0,0.7059489351245953
1,0.6699066029273508
0,0.14350382156600588
0,0.12848236443663985
0,0.11939392072750392
0,0.15256075288388915
0,0.14180112034243775
0,0.1399829095707397
0,0.2498704833741379
0,0.2260532565378024
1,0.12112831457118642
0,0.2383251643836606
0,0.11941726718365744
0,0.7592532060038658
1,0.7799996228868189
0,0.11570255380461283
0,0.14018791716711407
1,0.13697262606755067
0,0.2844689804200879
1,0.4061917540633011
1,0.6790628512477306
0,0.14619874223461987
0,0.12989109026531345
1,0.6517037462235568
0,0.12664179794904207
0,0.11523836390461258
1,0.17847466118301217
1,0.13416018398710028
0,0.14744243348765476
0,0.19068069364029275
1,0.18100814659049672
1,0.17524135872257793
0,0.12664179794904207
0,0.2539840382476493
0,0.11939392072750392
0,0.12538308322846
0,0.13697262606755067
0,0.13894144601579553
0,0.18453734050187956
1,0.6245227578171316
0,0.11523836390461258
1,0.12989109026531345
0,0.4086011153987238
1,0.2706399161065269
0,0.6228913879889484
0,0.13697262606755067
0,0.18201643780517043
0,0.1323718328453104
1,0.2530001522420201
0,0.15338851357843145
0,0.6369066399756332
0,0.1318659854745411
0,0.1869517268695772
0,0.7004132574343852
0,0.24152614346585616
1,0.7167897375643494
0,0.11982011542466708
0,0.13259094702321197
0,0.14744243348765476
1,0.8390074037251884
1,0.1571992363106105
0,0.14414353955742193
1,0.5949359126482346
0,0.12664179794904207
1,0.5864141990549768
0,0.22084262497908924
0,0.11610002837745045
0,0.12688095847339903
0,0.12649846818990734
0,0.24737184317013206
1,0.8390074037251884
0,0.2498704833741379
0,0.10558246077929465
1,0.2700911011881213
1,0.7466769819621333
0,0.13204382136870355
0,0.13240387618457805
0,0.1298638731917499
1,0.7985112710562656
0,0.1413960049363051
1,0.5765098516637553
0,0.12724140233628636
1,0.12664179794904207
1,0.17605210874248417
0,0.11346284927616836
0,0.11941726718365744
1,0.5929588557461654
0,0.13599668449510288
0,0.12560320100937655
1,0.6735138217444434
0,0.18458241917063894
1,0.11813265987821478
0,0.11982011542466708
0,0.14647153738601187
0,0.14361606620447526
1,0.585581434726038
0,0.1298638731917499
0,0.11610002837745045
0,0.22002413613871352
0,0.1677437313449799
0,0.11523836390461258
0,0.15490612477739638
1,0.7592532060038658
0,0.3194914178156197
0,0.13697262606755067
1,0.7515524339331434
0,0.11523836390461258
0,0.12649846818990734
0,0.2463395547218854
0,0.18563680823535256
0,0.22736815127504517
0,0.18465381955238647
0,0.33052188990014053
0,0.13442412740081833
0,0.1227352520067703
0,0.1970566476415687
0,0.17589729526442713
0,0.1846098678941277
0,0.14556350841065016
1,0.6638700898146542
1,0.2623690699044799
0,0.24737184317013206
1,0.14547694122461108
0,0.13999498257554527
0,0.11684296252382947
1,0.5958709498897627
1,0.8017036375686204
0,0.20591052148583794
0,0.15256075288388915
0,0.12649846818990734
1,0.2317617281924525
0,0.22736815127504517
0,0.13268225864023384
0,0.16616108469108226
0,0.12979236053996082
0,0.1893492182106635
0,0.14744243348765476
0,0.1339222203579704
0,0.6831894741042758
1,0.6823266436085862
0,0.21511410494126523
1,0.6831894741042758
1,0.12902210398115682
0,0.12119227108815918
1,0.8637989338878953
1,0.7167897375643494
0,0.12902210398115682
1,0.14744243348765476
0,0.27876758702612947
1,0.17145610683872897
1,0.25574505276631604
0,0.15256075288388915
0,0.1363206519680655
1,0.7925394892774862
1,0.1548484381879521
1,0.7059489351245953
0,0.23177678787609296
0,0.12649846818990734
0,0.22736815127504517
0,0.1227352520067703
0,0.11941726718365744
0,0.13845801215070075
0,0.13628201739358764
1,0.8390074037251884
0,0.17349971660145713
0,0.14111423291493663
0,0.14728486695233425
0,0.16524418460252094
0,0.828678736725887
1,0.7577916151001515
0,0.13969606943795732
0,0.13240387618457805
0,0.12688095847339903
1,0.2700911011881213
0,0.1364638136525874
0,0.22084262497908924
0,0.12664179794904207
0,0.14744243348765476
1,0.259861213210338
0,0.2557369210461436
1,0.17765509147634867
0,0.1270557391384067
0,0.21145988883477082
0,0.1475050741037618
0,0.12023925540119275
0,0.13188547282520532
0,0.13268225864023384
1,0.8539639373401804
0,0.22736815127504517
0,0.11672374998776269
0,0.12119227108815918
0,0.1324754729169314
0,0.16410466519361208
0,0.33052188990014053
0,0.1281372754264318
1,0.5973897095911416
0,0.15628083993110578
1,0.2843360453395554
0,0.23728006816871577
0,0.1188953988489324
0,0.12649846818990734
0,0.12902210398115682
0,0.14743743190747535
0,0.12664179794904207
0,0.2942201385882172
1,0.3300552060010293
0,0.14744243348765476
1,0.5949359126482346
0,0.22594859252105617
0,0.1345852677346171
0,0.11672374998776269
0,0.22084262497908924
0,0.13568369837918867
0,0.23775188702296354
0,0.6263183217356482
0,0.3001689999191673
0,0.13188547282520532
1,0.169646564381467
0,0.12422057141721496
0,0.5488951684980611
0,0.11610002837745045
0,0.13526191152976696
0,0.11859671487028288
0,0.11610002837745045
1,0.6638700898146542
0,0.11015121066226725
0,0.6567726752118873
0,0.7583406530668827
0,0.11610002837745045
0,0.2855089962444431
1,0.6263183217356482
1,0.15368160825944593
1,0.15611553494053193
0,0.22396948838698685
0,0.12649846818990734
0,0.11941726718365744
0,0.1270557391384067
0,0.16986677263166078
0,0.13361393622346884
0,0.12649846818990734
0,0.13900784609627026
0,0.6263183217356482
0,0.12664179794904207
0,0.6127808609387811
0,0.11939392072750392
1,0.6530371474658533
0,0.11941726718365744
0,0.1310676449630106
0,0.11066961402163997
0,0.14547694122461108
0,0.24737184317013206
0,0.11941726718365744
0,0.6776266721198321
0,0.11941726718365744
0,0.17605210874248417
0,0.22736815127504517
1,0.13240387618457805
0,0.16022726646758007
0,0.6618545547208473
0,0.12902210398115682
0,0.11941726718365744
0,0.18959295635182707
1,0.7925394892774862
1,0.838742607399404
0,0.13697262606755067
0,0.14175983146427942
0,0.5714392318166462
0,0.12664179794904207
1,0.9183585504902996
0,0.15490612477739638
0,0.5625083545315741
0,0.13697262606755067
0,0.11523836390461258
0,0.12989109026531345
1,0.8199727823794191
0,0.2461593205283071
1,0.13217675016174657
0,0.15836235659048284
1,0.5949359126482346
0,0.12181090323010801
0,0.14839134140970625
0,0.11941726718365744
0,0.6618545547208473
1,0.6524037058669447
0,0.12089351769961038
0,0.5020342480743079
0,0.13342988116789684
0,0.31509993189308144
0,0.18389815641391402
1,0.6475439613345918
0,0.12649846818990734
1,0.14748292320822937
0,0.5864141990549768
1,0.6735138217444434
0,0.17908781364099666
0,0.5403256308061605
0,0.14744243348765476
0,0.12119227108815918
0,0.23609058035067074
0,0.13540933247169587
0,0.14744243348765476
0,0.12664179794904207
1,0.22084262497908924
0,0.14744243348765476
0,0.12932501470327976
0,0.1338707961699534
0,0.14147680813253838
0,0.12664179794904207
0,0.12649846818990734
0,0.5949359126482346
1,0.12119227108815918
0,0.15595337495929523
0,0.6940621596533747
0,0.6524037058669447
0,0.22017647779419033
0,0.14744243348765476
0,0.14572591177201724
0,0.2317663407667973
0,0.2348996918842666
0,0.13240387618457805
1,0.14397122610805965
0,0.254139134933173
0,0.24774043793878592
0,0.12932501470327976
0,0.14744243348765476
0,0.11610002837745045
0,0.16847364529380568
0,0.1406963238023015
0,0.12357257712027395
0,0.13400745632692418
0,0.15256963607084842
0,0.11939392072750392
0,0.1737702416330566
0,0.15598205055836806
1,0.7646893249839486
0,0.1430644629784835
0,0.12357257712027395
0,0.16156779004782976
1,0.34993797788697995
0,0.1273167229422327
1,0.6652274522461733
1,0.19971603521378042
0,0.1448825456044293
1,0.14216231307143223
0,0.22736815127504517
1,0.2742927523283218
0,0.11966603117800217
0,0.17073756360825876
1,0.12664179794904207
0,0.1397263894399564
0,0.12451346540054219
0,0.09087023254493508
0,0.14532903956525617
0,0.14744243348765476
0,0.11941726718365744
0,0.169646564381467
0,0.13268225864023384
0,0.14670068085285642
0,0.15568143063608922
0,0.12664179794904207
1,0.6524492597861803
0,0.17589729526442713
1,0.7007806007417602
0,0.12675143555431342
0,0.7059489351245953
0,0.15204948055010653
1,0.7646893249839486
0,0.8637989338878953
1,0.11523836390461258
0,0.14646905513511582
0,0.12265600939699794
0,0.13217675016174657
0,0.12649846818990734
0,0.15456898553138
0,0.14744243348765476
1,0.13455705619386135
0,0.14590681077330123
0,0.11828526801534346
0,0.25073932987869907
0,0.13936641132766267
0,0.5020342480743079
0,0.14744243348765476
0,0.14744243348765476
0,0.14744243348765476
0,0.13492196316867833
0,0.17332023434968155
1,0.2855089962444431
1,0.13450955275263998
